target: esp32s3
old_target: esp32s3
No need prepare.
Checking "python3" ...
Python 3.14.0
"python3" has been detected
WARNING: Failed to load shell autocompletion for bash version: 3.2.57(1)-release!

Done! You can now compile ESP-IDF projects.
Go to the project directory and run:

  idf.py build
Adding "set-target"'s dependency "fullclean" to list of commands with default set of options.
Executing action: fullclean
Build directory '/Users/xiongzhenhua/gitlab/embedded/TuyaOpen/platform/ESP32/tuya_open_sdk/build' not found. Nothing to clean.
Executing action: set-target
Set Target to: esp32s3, new sdkconfig will be created.
Running cmake in directory /Users/xiongzhenhua/gitlab/embedded/TuyaOpen/platform/ESP32/tuya_open_sdk/build
Executing "cmake -G Ninja -DPYTHON_DEPS_CHECKED=1 -DPYTHON=/Users/xiongzhenhua/gitlab/embedded/TuyaOpen/platform/ESP32/.espressif/python_env/idf5.4_py3.14_env/bin/python -DESP_PLATFORM=1 -DIDF_TARGET=esp32s3 -DCCACHE_ENABLE=0 /Users/xiongzhenhua/gitlab/embedded/TuyaOpen/platform/ESP32/tuya_open_sdk"...
-- Found Git: /usr/local/bin/git (found version "2.21.0")
-- The C compiler identification is GNU 14.2.0
-- The CXX compiler identification is GNU 14.2.0
-- The ASM compiler identification is GNU
-- Found assembler: /Users/xiongzhenhua/gitlab/embedded/TuyaOpen/platform/ESP32/.espressif/tools/xtensa-esp-elf/esp-14.2.0_20241119/xtensa-esp-elf/bin/xtensa-esp32s3-elf-gcc
-- Detecting C compiler ABI info
-- Detecting C compiler ABI info - done
-- Check for working C compiler: /Users/xiongzhenhua/gitlab/embedded/TuyaOpen/platform/ESP32/.espressif/tools/xtensa-esp-elf/esp-14.2.0_20241119/xtensa-esp-elf/bin/xtensa-esp32s3-elf-gcc - skipped
-- Detecting C compile features
-- Detecting C compile features - done
-- Detecting CXX compiler ABI info
-- Detecting CXX compiler ABI info - done
-- Check for working CXX compiler: /Users/xiongzhenhua/gitlab/embedded/TuyaOpen/platform/ESP32/.espressif/tools/xtensa-esp-elf/esp-14.2.0_20241119/xtensa-esp-elf/bin/xtensa-esp32s3-elf-g++ - skipped
-- Detecting CXX compile features
-- Detecting CXX compile features - done
-- Building ESP-IDF components for target esp32s3
NOTICE: Processing 14 dependencies:
NOTICE: [1/14] espressif/cjson (1.7.19~2)
NOTICE: [2/14] espressif/cmake_utilities (0.5.3)
NOTICE: [3/14] espressif/dl_fft (0.4.0)
NOTICE: [4/14] espressif/esp-dsp (1.8.0)
NOTICE: [5/14] espressif/esp-sr (2.4.4)
NOTICE: [6/14] espressif/esp_codec_dev (1.3.6)
NOTICE: [7/14] espressif/esp_io_expander (1.2.1)
NOTICE: [8/14] espressif/esp_io_expander_tca9554 (2.0.0)
NOTICE: [9/14] espressif/esp_lcd_panel_io_additions (1.0.1~1)
NOTICE: [10/14] espressif/esp_lcd_touch (1.2.1)
NOTICE: [11/14] espressif/esp_lcd_touch_ft5x06 (1.0.7)
NOTICE: [12/14] espressif/esp_lcd_touch_gt911 (1.2.0~2)
NOTICE: [13/14] waveshare/esp_lcd_sh8601 (1.0.2)
NOTICE: [14/14] idf (5.4.0)
-- CONFIG_ESP32P4_SELECTS_REV_LESS_V3 is 
-- IDF_VERSION_MAJOR is 5
-- IDF_VERSION_MINOR is 4
-- IDF_VERSION_PATCH is 0
-- TARGET_LIB_PATH is set to: esp32s3
-- Project sdkconfig file /Users/xiongzhenhua/gitlab/embedded/TuyaOpen/platform/ESP32/tuya_open_sdk/sdkconfig
Loading defaults file /Users/xiongzhenhua/gitlab/embedded/TuyaOpen/platform/ESP32/tuya_open_sdk/sdkconfig.defaults...
warning: unknown kconfig symbol 'LV_CONF_SKIP' assigned to 'n' in /Users/xiongzhenhua/gitlab/embedded/TuyaOpen/platform/ESP32/tuya_open_sdk/sdkconfig.defaults
warning: unknown kconfig symbol 'LV_CONF_MINIMAL' assigned to 'n' in /Users/xiongzhenhua/gitlab/embedded/TuyaOpen/platform/ESP32/tuya_open_sdk/sdkconfig.defaults
warning: unknown kconfig symbol 'LV_COLOR_DEPTH_32' assigned to 'n' in /Users/xiongzhenhua/gitlab/embedded/TuyaOpen/platform/ESP32/tuya_open_sdk/sdkconfig.defaults
warning: unknown kconfig symbol 'LV_COLOR_DEPTH_24' assigned to 'n' in /Users/xiongzhenhua/gitlab/embedded/TuyaOpen/platform/ESP32/tuya_open_sdk/sdkconfig.defaults
warning: unknown kconfig symbol 'LV_COLOR_DEPTH_16' assigned to 'y' in /Users/xiongzhenhua/gitlab/embedded/TuyaOpen/platform/ESP32/tuya_open_sdk/sdkconfig.defaults
warning: unknown kconfig symbol 'LV_COLOR_DEPTH_8' assigned to 'n' in /Users/xiongzhenhua/gitlab/embedded/TuyaOpen/platform/ESP32/tuya_open_sdk/sdkconfig.defaults
warning: unknown kconfig symbol 'LV_COLOR_DEPTH_1' assigned to 'n' in /Users/xiongzhenhua/gitlab/embedded/TuyaOpen/platform/ESP32/tuya_open_sdk/sdkconfig.defaults
warning: unknown kconfig symbol 'LV_COLOR_DEPTH' assigned to '16' in /Users/xiongzhenhua/gitlab/embedded/TuyaOpen/platform/ESP32/tuya_open_sdk/sdkconfig.defaults
warning: unknown kconfig symbol 'LV_USE_BUILTIN_MALLOC' assigned to 'n' in /Users/xiongzhenhua/gitlab/embedded/TuyaOpen/platform/ESP32/tuya_open_sdk/sdkconfig.defaults
warning: unknown kconfig symbol 'LV_USE_CLIB_MALLOC' assigned to 'y' in /Users/xiongzhenhua/gitlab/embedded/TuyaOpen/platform/ESP32/tuya_open_sdk/sdkconfig.defaults
warning: unknown kconfig symbol 'LV_USE_MICROPYTHON_MALLOC' assigned to 'n' in /Users/xiongzhenhua/gitlab/embedded/TuyaOpen/platform/ESP32/tuya_open_sdk/sdkconfig.defaults
warning: unknown kconfig symbol 'LV_USE_RTTHREAD_MALLOC' assigned to 'n' in /Users/xiongzhenhua/gitlab/embedded/TuyaOpen/platform/ESP32/tuya_open_sdk/sdkconfig.defaults
warning: unknown kconfig symbol 'LV_USE_CUSTOM_MALLOC' assigned to 'n' in /Users/xiongzhenhua/gitlab/embedded/TuyaOpen/platform/ESP32/tuya_open_sdk/sdkconfig.defaults
warning: unknown kconfig symbol 'LV_USE_BUILTIN_STRING' assigned to 'y' in /Users/xiongzhenhua/gitlab/embedded/TuyaOpen/platform/ESP32/tuya_open_sdk/sdkconfig.defaults
warning: unknown kconfig symbol 'LV_USE_CLIB_STRING' assigned to 'n' in /Users/xiongzhenhua/gitlab/embedded/TuyaOpen/platform/ESP32/tuya_open_sdk/sdkconfig.defaults
warning: unknown kconfig symbol 'LV_USE_CUSTOM_STRING' assigned to 'n' in /Users/xiongzhenhua/gitlab/embedded/TuyaOpen/platform/ESP32/tuya_open_sdk/sdkconfig.defaults
warning: unknown kconfig symbol 'LV_USE_BUILTIN_SPRINTF' assigned to 'y' in /Users/xiongzhenhua/gitlab/embedded/TuyaOpen/platform/ESP32/tuya_open_sdk/sdkconfig.defaults
warning: unknown kconfig symbol 'LV_USE_CLIB_SPRINTF' assigned to 'n' in /Users/xiongzhenhua/gitlab/embedded/TuyaOpen/platform/ESP32/tuya_open_sdk/sdkconfig.defaults
warning: unknown kconfig symbol 'LV_USE_CUSTOM_SPRINTF' assigned to 'n' in /Users/xiongzhenhua/gitlab/embedded/TuyaOpen/platform/ESP32/tuya_open_sdk/sdkconfig.defaults
warning: unknown kconfig symbol 'LV_DEF_REFR_PERIOD' assigned to '33' in /Users/xiongzhenhua/gitlab/embedded/TuyaOpen/platform/ESP32/tuya_open_sdk/sdkconfig.defaults
warning: unknown kconfig symbol 'LV_DPI_DEF' assigned to '130' in /Users/xiongzhenhua/gitlab/embedded/TuyaOpen/platform/ESP32/tuya_open_sdk/sdkconfig.defaults
warning: unknown kconfig symbol 'LV_OS_NONE' assigned to 'y' in /Users/xiongzhenhua/gitlab/embedded/TuyaOpen/platform/ESP32/tuya_open_sdk/sdkconfig.defaults
warning: unknown kconfig symbol 'LV_OS_PTHREAD' assigned to 'n' in /Users/xiongzhenhua/gitlab/embedded/TuyaOpen/platform/ESP32/tuya_open_sdk/sdkconfig.defaults
warning: unknown kconfig symbol 'LV_OS_FREERTOS' assigned to 'n' in /Users/xiongzhenhua/gitlab/embedded/TuyaOpen/platform/ESP32/tuya_open_sdk/sdkconfig.defaults
warning: unknown kconfig symbol 'LV_OS_CMSIS_RTOS2' assigned to 'n' in /Users/xiongzhenhua/gitlab/embedded/TuyaOpen/platform/ESP32/tuya_open_sdk/sdkconfig.defaults
warning: unknown kconfig symbol 'LV_OS_RTTHREAD' assigned to 'n' in /Users/xiongzhenhua/gitlab/embedded/TuyaOpen/platform/ESP32/tuya_open_sdk/sdkconfig.defaults
warning: unknown kconfig symbol 'LV_OS_WINDOWS' assigned to 'n' in /Users/xiongzhenhua/gitlab/embedded/TuyaOpen/platform/ESP32/tuya_open_sdk/sdkconfig.defaults
warning: unknown kconfig symbol 'LV_OS_MQX' assigned to 'n' in /Users/xiongzhenhua/gitlab/embedded/TuyaOpen/platform/ESP32/tuya_open_sdk/sdkconfig.defaults
warning: unknown kconfig symbol 'LV_OS_CUSTOM' assigned to 'n' in /Users/xiongzhenhua/gitlab/embedded/TuyaOpen/platform/ESP32/tuya_open_sdk/sdkconfig.defaults
warning: unknown kconfig symbol 'LV_USE_OS' assigned to '0' in /Users/xiongzhenhua/gitlab/embedded/TuyaOpen/platform/ESP32/tuya_open_sdk/sdkconfig.defaults
warning: unknown kconfig symbol 'LV_DRAW_BUF_STRIDE_ALIGN' assigned to '1' in /Users/xiongzhenhua/gitlab/embedded/TuyaOpen/platform/ESP32/tuya_open_sdk/sdkconfig.defaults
warning: unknown kconfig symbol 'LV_DRAW_BUF_ALIGN' assigned to '4' in /Users/xiongzhenhua/gitlab/embedded/TuyaOpen/platform/ESP32/tuya_open_sdk/sdkconfig.defaults
warning: unknown kconfig symbol 'LV_DRAW_LAYER_SIMPLE_BUF_SIZE' assigned to '8192' in /Users/xiongzhenhua/gitlab/embedded/TuyaOpen/platform/ESP32/tuya_open_sdk/sdkconfig.defaults
warning: unknown kconfig symbol 'LV_USE_DRAW_SW' assigned to 'y' in /Users/xiongzhenhua/gitlab/embedded/TuyaOpen/platform/ESP32/tuya_open_sdk/sdkconfig.defaults
warning: unknown kconfig symbol 'LV_DRAW_SW_SUPPORT_RGB565' assigned to 'y' in /Users/xiongzhenhua/gitlab/embedded/TuyaOpen/platform/ESP32/tuya_open_sdk/sdkconfig.defaults
warning: unknown kconfig symbol 'LV_DRAW_SW_SUPPORT_RGB565A8' assigned to 'y' in /Users/xiongzhenhua/gitlab/embedded/TuyaOpen/platform/ESP32/tuya_open_sdk/sdkconfig.defaults
warning: unknown kconfig symbol 'LV_DRAW_SW_SUPPORT_RGB888' assigned to 'y' in /Users/xiongzhenhua/gitlab/embedded/TuyaOpen/platform/ESP32/tuya_open_sdk/sdkconfig.defaults
warning: unknown kconfig symbol 'LV_DRAW_SW_SUPPORT_XRGB8888' assigned to 'y' in /Users/xiongzhenhua/gitlab/embedded/TuyaOpen/platform/ESP32/tuya_open_sdk/sdkconfig.defaults
warning: unknown kconfig symbol 'LV_DRAW_SW_SUPPORT_ARGB8888' assigned to 'y' in /Users/xiongzhenhua/gitlab/embedded/TuyaOpen/platform/ESP32/tuya_open_sdk/sdkconfig.defaults
warning: unknown kconfig symbol 'LV_DRAW_SW_SUPPORT_L8' assigned to 'y' in /Users/xiongzhenhua/gitlab/embedded/TuyaOpen/platform/ESP32/tuya_open_sdk/sdkconfig.defaults
warning: unknown kconfig symbol 'LV_DRAW_SW_SUPPORT_AL88' assigned to 'y' in /Users/xiongzhenhua/gitlab/embedded/TuyaOpen/platform/ESP32/tuya_open_sdk/sdkconfig.defaults
warning: unknown kconfig symbol 'LV_DRAW_SW_SUPPORT_A8' assigned to 'y' in /Users/xiongzhenhua/gitlab/embedded/TuyaOpen/platform/ESP32/tuya_open_sdk/sdkconfig.defaults
warning: unknown kconfig symbol 'LV_DRAW_SW_SUPPORT_I1' assigned to 'y' in /Users/xiongzhenhua/gitlab/embedded/TuyaOpen/platform/ESP32/tuya_open_sdk/sdkconfig.defaults
warning: unknown kconfig symbol 'LV_DRAW_SW_DRAW_UNIT_CNT' assigned to '1' in /Users/xiongzhenhua/gitlab/embedded/TuyaOpen/platform/ESP32/tuya_open_sdk/sdkconfig.defaults
warning: unknown kconfig symbol 'LV_USE_DRAW_ARM2D_SYNC' assigned to 'n' in /Users/xiongzhenhua/gitlab/embedded/TuyaOpen/platform/ESP32/tuya_open_sdk/sdkconfig.defaults
warning: unknown kconfig symbol 'LV_USE_NATIVE_HELIUM_ASM' assigned to 'n' in /Users/xiongzhenhua/gitlab/embedded/TuyaOpen/platform/ESP32/tuya_open_sdk/sdkconfig.defaults
warning: unknown kconfig symbol 'LV_DRAW_SW_COMPLEX' assigned to 'y' in /Users/xiongzhenhua/gitlab/embedded/TuyaOpen/platform/ESP32/tuya_open_sdk/sdkconfig.defaults
warning: unknown kconfig symbol 'LV_USE_DRAW_SW_COMPLEX_GRADIENTS' assigned to 'n' in /Users/xiongzhenhua/gitlab/embedded/TuyaOpen/platform/ESP32/tuya_open_sdk/sdkconfig.defaults
warning: unknown kconfig symbol 'LV_DRAW_SW_SHADOW_CACHE_SIZE' assigned to '0' in /Users/xiongzhenhua/gitlab/embedded/TuyaOpen/platform/ESP32/tuya_open_sdk/sdkconfig.defaults
warning: unknown kconfig symbol 'LV_DRAW_SW_CIRCLE_CACHE_SIZE' assigned to '4' in /Users/xiongzhenhua/gitlab/embedded/TuyaOpen/platform/ESP32/tuya_open_sdk/sdkconfig.defaults
warning: unknown kconfig symbol 'LV_DRAW_SW_ASM_NONE' assigned to 'y' in /Users/xiongzhenhua/gitlab/embedded/TuyaOpen/platform/ESP32/tuya_open_sdk/sdkconfig.defaults
warning: unknown kconfig symbol 'LV_DRAW_SW_ASM_NEON' assigned to 'n' in /Users/xiongzhenhua/gitlab/embedded/TuyaOpen/platform/ESP32/tuya_open_sdk/sdkconfig.defaults
warning: unknown kconfig symbol 'LV_DRAW_SW_ASM_HELIUM' assigned to 'n' in /Users/xiongzhenhua/gitlab/embedded/TuyaOpen/platform/ESP32/tuya_open_sdk/sdkconfig.defaults
warning: unknown kconfig symbol 'LV_DRAW_SW_ASM_CUSTOM' assigned to 'n' in /Users/xiongzhenhua/gitlab/embedded/TuyaOpen/platform/ESP32/tuya_open_sdk/sdkconfig.defaults
warning: unknown kconfig symbol 'LV_USE_DRAW_SW_ASM' assigned to '0' in /Users/xiongzhenhua/gitlab/embedded/TuyaOpen/platform/ESP32/tuya_open_sdk/sdkconfig.defaults
warning: unknown kconfig symbol 'LV_USE_DRAW_VGLITE' assigned to 'n' in /Users/xiongzhenhua/gitlab/embedded/TuyaOpen/platform/ESP32/tuya_open_sdk/sdkconfig.defaults
warning: unknown kconfig symbol 'LV_USE_DRAW_PXP' assigned to 'n' in /Users/xiongzhenhua/gitlab/embedded/TuyaOpen/platform/ESP32/tuya_open_sdk/sdkconfig.defaults
warning: unknown kconfig symbol 'LV_USE_DRAW_DAVE2D' assigned to 'n' in /Users/xiongzhenhua/gitlab/embedded/TuyaOpen/platform/ESP32/tuya_open_sdk/sdkconfig.defaults
warning: unknown kconfig symbol 'LV_USE_DRAW_SDL' assigned to 'n' in /Users/xiongzhenhua/gitlab/embedded/TuyaOpen/platform/ESP32/tuya_open_sdk/sdkconfig.defaults
warning: unknown kconfig symbol 'LV_USE_DRAW_VG_LITE' assigned to 'n' in /Users/xiongzhenhua/gitlab/embedded/TuyaOpen/platform/ESP32/tuya_open_sdk/sdkconfig.defaults
warning: unknown kconfig symbol 'LV_USE_VECTOR_GRAPHIC' assigned to 'n' in /Users/xiongzhenhua/gitlab/embedded/TuyaOpen/platform/ESP32/tuya_open_sdk/sdkconfig.defaults
warning: unknown kconfig symbol 'LV_USE_LOG' assigned to 'n' in /Users/xiongzhenhua/gitlab/embedded/TuyaOpen/platform/ESP32/tuya_open_sdk/sdkconfig.defaults
warning: unknown kconfig symbol 'LV_USE_ASSERT_NULL' assigned to 'y' in /Users/xiongzhenhua/gitlab/embedded/TuyaOpen/platform/ESP32/tuya_open_sdk/sdkconfig.defaults
warning: unknown kconfig symbol 'LV_USE_ASSERT_MALLOC' assigned to 'y' in /Users/xiongzhenhua/gitlab/embedded/TuyaOpen/platform/ESP32/tuya_open_sdk/sdkconfig.defaults
warning: unknown kconfig symbol 'LV_USE_ASSERT_STYLE' assigned to 'n' in /Users/xiongzhenhua/gitlab/embedded/TuyaOpen/platform/ESP32/tuya_open_sdk/sdkconfig.defaults
warning: unknown kconfig symbol 'LV_USE_ASSERT_MEM_INTEGRITY' assigned to 'n' in /Users/xiongzhenhua/gitlab/embedded/TuyaOpen/platform/ESP32/tuya_open_sdk/sdkconfig.defaults
warning: unknown kconfig symbol 'LV_USE_ASSERT_OBJ' assigned to 'n' in /Users/xiongzhenhua/gitlab/embedded/TuyaOpen/platform/ESP32/tuya_open_sdk/sdkconfig.defaults
warning: unknown kconfig symbol 'LV_ASSERT_HANDLER_INCLUDE' assigned to '"assert.h"' in /Users/xiongzhenhua/gitlab/embedded/TuyaOpen/platform/ESP32/tuya_open_sdk/sdkconfig.defaults
warning: unknown kconfig symbol 'LV_USE_REFR_DEBUG' assigned to 'n' in /Users/xiongzhenhua/gitlab/embedded/TuyaOpen/platform/ESP32/tuya_open_sdk/sdkconfig.defaults
warning: unknown kconfig symbol 'LV_USE_LAYER_DEBUG' assigned to 'n' in /Users/xiongzhenhua/gitlab/embedded/TuyaOpen/platform/ESP32/tuya_open_sdk/sdkconfig.defaults
warning: unknown kconfig symbol 'LV_USE_PARALLEL_DRAW_DEBUG' assigned to 'n' in /Users/xiongzhenhua/gitlab/embedded/TuyaOpen/platform/ESP32/tuya_open_sdk/sdkconfig.defaults
warning: unknown kconfig symbol 'LV_ENABLE_GLOBAL_CUSTOM' assigned to 'n' in /Users/xiongzhenhua/gitlab/embedded/TuyaOpen/platform/ESP32/tuya_open_sdk/sdkconfig.defaults
warning: unknown kconfig symbol 'LV_CACHE_DEF_SIZE' assigned to '0' in /Users/xiongzhenhua/gitlab/embedded/TuyaOpen/platform/ESP32/tuya_open_sdk/sdkconfig.defaults
warning: unknown kconfig symbol 'LV_IMAGE_HEADER_CACHE_DEF_CNT' assigned to '0' in /Users/xiongzhenhua/gitlab/embedded/TuyaOpen/platform/ESP32/tuya_open_sdk/sdkconfig.defaults
warning: unknown kconfig symbol 'LV_GRADIENT_MAX_STOPS' assigned to '2' in /Users/xiongzhenhua/gitlab/embedded/TuyaOpen/platform/ESP32/tuya_open_sdk/sdkconfig.defaults
warning: unknown kconfig symbol 'LV_COLOR_MIX_ROUND_OFS' assigned to '128' in /Users/xiongzhenhua/gitlab/embedded/TuyaOpen/platform/ESP32/tuya_open_sdk/sdkconfig.defaults
warning: unknown kconfig symbol 'LV_OBJ_STYLE_CACHE' assigned to 'n' in /Users/xiongzhenhua/gitlab/embedded/TuyaOpen/platform/ESP32/tuya_open_sdk/sdkconfig.defaults
warning: unknown kconfig symbol 'LV_USE_OBJ_ID' assigned to 'n' in /Users/xiongzhenhua/gitlab/embedded/TuyaOpen/platform/ESP32/tuya_open_sdk/sdkconfig.defaults
warning: unknown kconfig symbol 'LV_USE_OBJ_PROPERTY' assigned to 'n' in /Users/xiongzhenhua/gitlab/embedded/TuyaOpen/platform/ESP32/tuya_open_sdk/sdkconfig.defaults
warning: unknown kconfig symbol 'LV_BIG_ENDIAN_SYSTEM' assigned to 'n' in /Users/xiongzhenhua/gitlab/embedded/TuyaOpen/platform/ESP32/tuya_open_sdk/sdkconfig.defaults
warning: unknown kconfig symbol 'LV_ATTRIBUTE_MEM_ALIGN_SIZE' assigned to '1' in /Users/xiongzhenhua/gitlab/embedded/TuyaOpen/platform/ESP32/tuya_open_sdk/sdkconfig.defaults
warning: unknown kconfig symbol 'LV_ATTRIBUTE_FAST_MEM_USE_IRAM' assigned to 'n' in /Users/xiongzhenhua/gitlab/embedded/TuyaOpen/platform/ESP32/tuya_open_sdk/sdkconfig.defaults
warning: unknown kconfig symbol 'LV_USE_FLOAT' assigned to 'n' in /Users/xiongzhenhua/gitlab/embedded/TuyaOpen/platform/ESP32/tuya_open_sdk/sdkconfig.defaults
warning: unknown kconfig symbol 'LV_USE_MATRIX' assigned to 'n' in /Users/xiongzhenhua/gitlab/embedded/TuyaOpen/platform/ESP32/tuya_open_sdk/sdkconfig.defaults
warning: unknown kconfig symbol 'LV_USE_PRIVATE_API' assigned to 'n' in /Users/xiongzhenhua/gitlab/embedded/TuyaOpen/platform/ESP32/tuya_open_sdk/sdkconfig.defaults
warning: unknown kconfig symbol 'LV_FONT_MONTSERRAT_8' assigned to 'n' in /Users/xiongzhenhua/gitlab/embedded/TuyaOpen/platform/ESP32/tuya_open_sdk/sdkconfig.defaults
warning: unknown kconfig symbol 'LV_FONT_MONTSERRAT_10' assigned to 'n' in /Users/xiongzhenhua/gitlab/embedded/TuyaOpen/platform/ESP32/tuya_open_sdk/sdkconfig.defaults
warning: unknown kconfig symbol 'LV_FONT_MONTSERRAT_12' assigned to 'n' in /Users/xiongzhenhua/gitlab/embedded/TuyaOpen/platform/ESP32/tuya_open_sdk/sdkconfig.defaults
warning: unknown kconfig symbol 'LV_FONT_MONTSERRAT_14' assigned to 'y' in /Users/xiongzhenhua/gitlab/embedded/TuyaOpen/platform/ESP32/tuya_open_sdk/sdkconfig.defaults
warning: unknown kconfig symbol 'LV_FONT_MONTSERRAT_16' assigned to 'n' in /Users/xiongzhenhua/gitlab/embedded/TuyaOpen/platform/ESP32/tuya_open_sdk/sdkconfig.defaults
warning: unknown kconfig symbol 'LV_FONT_MONTSERRAT_18' assigned to 'n' in /Users/xiongzhenhua/gitlab/embedded/TuyaOpen/platform/ESP32/tuya_open_sdk/sdkconfig.defaults
warning: unknown kconfig symbol 'LV_FONT_MONTSERRAT_20' assigned to 'n' in /Users/xiongzhenhua/gitlab/embedded/TuyaOpen/platform/ESP32/tuya_open_sdk/sdkconfig.defaults
warning: unknown kconfig symbol 'LV_FONT_MONTSERRAT_22' assigned to 'n' in /Users/xiongzhenhua/gitlab/embedded/TuyaOpen/platform/ESP32/tuya_open_sdk/sdkconfig.defaults
warning: unknown kconfig symbol 'LV_FONT_MONTSERRAT_24' assigned to 'y' in /Users/xiongzhenhua/gitlab/embedded/TuyaOpen/platform/ESP32/tuya_open_sdk/sdkconfig.defaults
warning: unknown kconfig symbol 'LV_FONT_MONTSERRAT_26' assigned to 'n' in /Users/xiongzhenhua/gitlab/embedded/TuyaOpen/platform/ESP32/tuya_open_sdk/sdkconfig.defaults
warning: unknown kconfig symbol 'LV_FONT_MONTSERRAT_28' assigned to 'n' in /Users/xiongzhenhua/gitlab/embedded/TuyaOpen/platform/ESP32/tuya_open_sdk/sdkconfig.defaults
warning: unknown kconfig symbol 'LV_FONT_MONTSERRAT_30' assigned to 'n' in /Users/xiongzhenhua/gitlab/embedded/TuyaOpen/platform/ESP32/tuya_open_sdk/sdkconfig.defaults
warning: unknown kconfig symbol 'LV_FONT_MONTSERRAT_32' assigned to 'n' in /Users/xiongzhenhua/gitlab/embedded/TuyaOpen/platform/ESP32/tuya_open_sdk/sdkconfig.defaults
warning: unknown kconfig symbol 'LV_FONT_MONTSERRAT_34' assigned to 'n' in /Users/xiongzhenhua/gitlab/embedded/TuyaOpen/platform/ESP32/tuya_open_sdk/sdkconfig.defaults
warning: unknown kconfig symbol 'LV_FONT_MONTSERRAT_36' assigned to 'n' in /Users/xiongzhenhua/gitlab/embedded/TuyaOpen/platform/ESP32/tuya_open_sdk/sdkconfig.defaults
warning: unknown kconfig symbol 'LV_FONT_MONTSERRAT_38' assigned to 'n' in /Users/xiongzhenhua/gitlab/embedded/TuyaOpen/platform/ESP32/tuya_open_sdk/sdkconfig.defaults
warning: unknown kconfig symbol 'LV_FONT_MONTSERRAT_40' assigned to 'n' in /Users/xiongzhenhua/gitlab/embedded/TuyaOpen/platform/ESP32/tuya_open_sdk/sdkconfig.defaults
warning: unknown kconfig symbol 'LV_FONT_MONTSERRAT_42' assigned to 'n' in /Users/xiongzhenhua/gitlab/embedded/TuyaOpen/platform/ESP32/tuya_open_sdk/sdkconfig.defaults
warning: unknown kconfig symbol 'LV_FONT_MONTSERRAT_44' assigned to 'n' in /Users/xiongzhenhua/gitlab/embedded/TuyaOpen/platform/ESP32/tuya_open_sdk/sdkconfig.defaults
warning: unknown kconfig symbol 'LV_FONT_MONTSERRAT_46' assigned to 'n' in /Users/xiongzhenhua/gitlab/embedded/TuyaOpen/platform/ESP32/tuya_open_sdk/sdkconfig.defaults
warning: unknown kconfig symbol 'LV_FONT_MONTSERRAT_48' assigned to 'n' in /Users/xiongzhenhua/gitlab/embedded/TuyaOpen/platform/ESP32/tuya_open_sdk/sdkconfig.defaults
warning: unknown kconfig symbol 'LV_FONT_MONTSERRAT_28_COMPRESSED' assigned to 'n' in /Users/xiongzhenhua/gitlab/embedded/TuyaOpen/platform/ESP32/tuya_open_sdk/sdkconfig.defaults
warning: unknown kconfig symbol 'LV_FONT_DEJAVU_16_PERSIAN_HEBREW' assigned to 'n' in /Users/xiongzhenhua/gitlab/embedded/TuyaOpen/platform/ESP32/tuya_open_sdk/sdkconfig.defaults
warning: unknown kconfig symbol 'LV_FONT_SIMSUN_14_CJK' assigned to 'n' in /Users/xiongzhenhua/gitlab/embedded/TuyaOpen/platform/ESP32/tuya_open_sdk/sdkconfig.defaults
warning: unknown kconfig symbol 'LV_FONT_SIMSUN_16_CJK' assigned to 'n' in /Users/xiongzhenhua/gitlab/embedded/TuyaOpen/platform/ESP32/tuya_open_sdk/sdkconfig.defaults
warning: unknown kconfig symbol 'LV_FONT_UNSCII_8' assigned to 'n' in /Users/xiongzhenhua/gitlab/embedded/TuyaOpen/platform/ESP32/tuya_open_sdk/sdkconfig.defaults
warning: unknown kconfig symbol 'LV_FONT_UNSCII_16' assigned to 'n' in /Users/xiongzhenhua/gitlab/embedded/TuyaOpen/platform/ESP32/tuya_open_sdk/sdkconfig.defaults
warning: unknown kconfig symbol 'LV_FONT_DEFAULT_MONTSERRAT_8' assigned to 'n' in /Users/xiongzhenhua/gitlab/embedded/TuyaOpen/platform/ESP32/tuya_open_sdk/sdkconfig.defaults
warning: unknown kconfig symbol 'LV_FONT_DEFAULT_MONTSERRAT_10' assigned to 'n' in /Users/xiongzhenhua/gitlab/embedded/TuyaOpen/platform/ESP32/tuya_open_sdk/sdkconfig.defaults
warning: unknown kconfig symbol 'LV_FONT_DEFAULT_MONTSERRAT_12' assigned to 'n' in /Users/xiongzhenhua/gitlab/embedded/TuyaOpen/platform/ESP32/tuya_open_sdk/sdkconfig.defaults
warning: unknown kconfig symbol 'LV_FONT_DEFAULT_MONTSERRAT_14' assigned to 'y' in /Users/xiongzhenhua/gitlab/embedded/TuyaOpen/platform/ESP32/tuya_open_sdk/sdkconfig.defaults
warning: unknown kconfig symbol 'LV_FONT_DEFAULT_MONTSERRAT_16' assigned to 'n' in /Users/xiongzhenhua/gitlab/embedded/TuyaOpen/platform/ESP32/tuya_open_sdk/sdkconfig.defaults
warning: unknown kconfig symbol 'LV_FONT_DEFAULT_MONTSERRAT_18' assigned to 'n' in /Users/xiongzhenhua/gitlab/embedded/TuyaOpen/platform/ESP32/tuya_open_sdk/sdkconfig.defaults
warning: unknown kconfig symbol 'LV_FONT_DEFAULT_MONTSERRAT_20' assigned to 'n' in /Users/xiongzhenhua/gitlab/embedded/TuyaOpen/platform/ESP32/tuya_open_sdk/sdkconfig.defaults
warning: unknown kconfig symbol 'LV_FONT_DEFAULT_MONTSERRAT_22' assigned to 'n' in /Users/xiongzhenhua/gitlab/embedded/TuyaOpen/platform/ESP32/tuya_open_sdk/sdkconfig.defaults
warning: unknown kconfig symbol 'LV_FONT_DEFAULT_MONTSERRAT_24' assigned to 'n' in /Users/xiongzhenhua/gitlab/embedded/TuyaOpen/platform/ESP32/tuya_open_sdk/sdkconfig.defaults
warning: unknown kconfig symbol 'LV_FONT_DEFAULT_MONTSERRAT_26' assigned to 'n' in /Users/xiongzhenhua/gitlab/embedded/TuyaOpen/platform/ESP32/tuya_open_sdk/sdkconfig.defaults
warning: unknown kconfig symbol 'LV_FONT_DEFAULT_MONTSERRAT_28' assigned to 'n' in /Users/xiongzhenhua/gitlab/embedded/TuyaOpen/platform/ESP32/tuya_open_sdk/sdkconfig.defaults
warning: unknown kconfig symbol 'LV_FONT_DEFAULT_MONTSERRAT_30' assigned to 'n' in /Users/xiongzhenhua/gitlab/embedded/TuyaOpen/platform/ESP32/tuya_open_sdk/sdkconfig.defaults
warning: unknown kconfig symbol 'LV_FONT_DEFAULT_MONTSERRAT_32' assigned to 'n' in /Users/xiongzhenhua/gitlab/embedded/TuyaOpen/platform/ESP32/tuya_open_sdk/sdkconfig.defaults
warning: unknown kconfig symbol 'LV_FONT_DEFAULT_MONTSERRAT_34' assigned to 'n' in /Users/xiongzhenhua/gitlab/embedded/TuyaOpen/platform/ESP32/tuya_open_sdk/sdkconfig.defaults
warning: unknown kconfig symbol 'LV_FONT_DEFAULT_MONTSERRAT_36' assigned to 'n' in /Users/xiongzhenhua/gitlab/embedded/TuyaOpen/platform/ESP32/tuya_open_sdk/sdkconfig.defaults
warning: unknown kconfig symbol 'LV_FONT_DEFAULT_MONTSERRAT_38' assigned to 'n' in /Users/xiongzhenhua/gitlab/embedded/TuyaOpen/platform/ESP32/tuya_open_sdk/sdkconfig.defaults
warning: unknown kconfig symbol 'LV_FONT_DEFAULT_MONTSERRAT_40' assigned to 'n' in /Users/xiongzhenhua/gitlab/embedded/TuyaOpen/platform/ESP32/tuya_open_sdk/sdkconfig.defaults
warning: unknown kconfig symbol 'LV_FONT_DEFAULT_MONTSERRAT_42' assigned to 'n' in /Users/xiongzhenhua/gitlab/embedded/TuyaOpen/platform/ESP32/tuya_open_sdk/sdkconfig.defaults
warning: unknown kconfig symbol 'LV_FONT_DEFAULT_MONTSERRAT_44' assigned to 'n' in /Users/xiongzhenhua/gitlab/embedded/TuyaOpen/platform/ESP32/tuya_open_sdk/sdkconfig.defaults
warning: unknown kconfig symbol 'LV_FONT_DEFAULT_MONTSERRAT_46' assigned to 'n' in /Users/xiongzhenhua/gitlab/embedded/TuyaOpen/platform/ESP32/tuya_open_sdk/sdkconfig.defaults
warning: unknown kconfig symbol 'LV_FONT_DEFAULT_MONTSERRAT_48' assigned to 'n' in /Users/xiongzhenhua/gitlab/embedded/TuyaOpen/platform/ESP32/tuya_open_sdk/sdkconfig.defaults
warning: unknown kconfig symbol 'LV_FONT_DEFAULT_MONTSERRAT_28_COMPRESSED' assigned to 'n' in /Users/xiongzhenhua/gitlab/embedded/TuyaOpen/platform/ESP32/tuya_open_sdk/sdkconfig.defaults
warning: unknown kconfig symbol 'LV_FONT_DEFAULT_DEJAVU_16_PERSIAN_HEBREW' assigned to 'n' in /Users/xiongzhenhua/gitlab/embedded/TuyaOpen/platform/ESP32/tuya_open_sdk/sdkconfig.defaults
warning: unknown kconfig symbol 'LV_FONT_DEFAULT_SIMSUN_14_CJK' assigned to 'n' in /Users/xiongzhenhua/gitlab/embedded/TuyaOpen/platform/ESP32/tuya_open_sdk/sdkconfig.defaults
warning: unknown kconfig symbol 'LV_FONT_DEFAULT_SIMSUN_16_CJK' assigned to 'n' in /Users/xiongzhenhua/gitlab/embedded/TuyaOpen/platform/ESP32/tuya_open_sdk/sdkconfig.defaults
warning: unknown kconfig symbol 'LV_FONT_DEFAULT_UNSCII_8' assigned to 'n' in /Users/xiongzhenhua/gitlab/embedded/TuyaOpen/platform/ESP32/tuya_open_sdk/sdkconfig.defaults
warning: unknown kconfig symbol 'LV_FONT_DEFAULT_UNSCII_16' assigned to 'n' in /Users/xiongzhenhua/gitlab/embedded/TuyaOpen/platform/ESP32/tuya_open_sdk/sdkconfig.defaults
warning: unknown kconfig symbol 'LV_FONT_FMT_TXT_LARGE' assigned to 'y' in /Users/xiongzhenhua/gitlab/embedded/TuyaOpen/platform/ESP32/tuya_open_sdk/sdkconfig.defaults
warning: unknown kconfig symbol 'LV_USE_FONT_COMPRESSED' assigned to 'n' in /Users/xiongzhenhua/gitlab/embedded/TuyaOpen/platform/ESP32/tuya_open_sdk/sdkconfig.defaults
warning: unknown kconfig symbol 'LV_USE_FONT_PLACEHOLDER' assigned to 'y' in /Users/xiongzhenhua/gitlab/embedded/TuyaOpen/platform/ESP32/tuya_open_sdk/sdkconfig.defaults
warning: unknown kconfig symbol 'LV_TXT_ENC_UTF8' assigned to 'y' in /Users/xiongzhenhua/gitlab/embedded/TuyaOpen/platform/ESP32/tuya_open_sdk/sdkconfig.defaults
warning: unknown kconfig symbol 'LV_TXT_ENC_ASCII' assigned to 'n' in /Users/xiongzhenhua/gitlab/embedded/TuyaOpen/platform/ESP32/tuya_open_sdk/sdkconfig.defaults
warning: unknown kconfig symbol 'LV_TXT_BREAK_CHARS' assigned to '" ,.;:-_)}"' in /Users/xiongzhenhua/gitlab/embedded/TuyaOpen/platform/ESP32/tuya_open_sdk/sdkconfig.defaults
warning: unknown kconfig symbol 'LV_TXT_LINE_BREAK_LONG_LEN' assigned to '0' in /Users/xiongzhenhua/gitlab/embedded/TuyaOpen/platform/ESP32/tuya_open_sdk/sdkconfig.defaults
warning: unknown kconfig symbol 'LV_USE_BIDI' assigned to 'n' in /Users/xiongzhenhua/gitlab/embedded/TuyaOpen/platform/ESP32/tuya_open_sdk/sdkconfig.defaults
warning: unknown kconfig symbol 'LV_USE_ARABIC_PERSIAN_CHARS' assigned to 'n' in /Users/xiongzhenhua/gitlab/embedded/TuyaOpen/platform/ESP32/tuya_open_sdk/sdkconfig.defaults
warning: unknown kconfig symbol 'LV_WIDGETS_HAS_DEFAULT_VALUE' assigned to 'y' in /Users/xiongzhenhua/gitlab/embedded/TuyaOpen/platform/ESP32/tuya_open_sdk/sdkconfig.defaults
warning: unknown kconfig symbol 'LV_USE_ANIMIMG' assigned to 'y' in /Users/xiongzhenhua/gitlab/embedded/TuyaOpen/platform/ESP32/tuya_open_sdk/sdkconfig.defaults
warning: unknown kconfig symbol 'LV_USE_ARC' assigned to 'y' in /Users/xiongzhenhua/gitlab/embedded/TuyaOpen/platform/ESP32/tuya_open_sdk/sdkconfig.defaults
warning: unknown kconfig symbol 'LV_USE_BAR' assigned to 'y' in /Users/xiongzhenhua/gitlab/embedded/TuyaOpen/platform/ESP32/tuya_open_sdk/sdkconfig.defaults
warning: unknown kconfig symbol 'LV_USE_BUTTON' assigned to 'y' in /Users/xiongzhenhua/gitlab/embedded/TuyaOpen/platform/ESP32/tuya_open_sdk/sdkconfig.defaults
warning: unknown kconfig symbol 'LV_USE_BUTTONMATRIX' assigned to 'y' in /Users/xiongzhenhua/gitlab/embedded/TuyaOpen/platform/ESP32/tuya_open_sdk/sdkconfig.defaults
warning: unknown kconfig symbol 'LV_USE_CALENDAR' assigned to 'n' in /Users/xiongzhenhua/gitlab/embedded/TuyaOpen/platform/ESP32/tuya_open_sdk/sdkconfig.defaults
warning: unknown kconfig symbol 'LV_USE_CANVAS' assigned to 'y' in /Users/xiongzhenhua/gitlab/embedded/TuyaOpen/platform/ESP32/tuya_open_sdk/sdkconfig.defaults
warning: unknown kconfig symbol 'LV_USE_CHART' assigned to 'y' in /Users/xiongzhenhua/gitlab/embedded/TuyaOpen/platform/ESP32/tuya_open_sdk/sdkconfig.defaults
warning: unknown kconfig symbol 'LV_USE_CHECKBOX' assigned to 'y' in /Users/xiongzhenhua/gitlab/embedded/TuyaOpen/platform/ESP32/tuya_open_sdk/sdkconfig.defaults
warning: unknown kconfig symbol 'LV_USE_DROPDOWN' assigned to 'y' in /Users/xiongzhenhua/gitlab/embedded/TuyaOpen/platform/ESP32/tuya_open_sdk/sdkconfig.defaults
warning: unknown kconfig symbol 'LV_USE_IMAGE' assigned to 'y' in /Users/xiongzhenhua/gitlab/embedded/TuyaOpen/platform/ESP32/tuya_open_sdk/sdkconfig.defaults
warning: unknown kconfig symbol 'LV_USE_IMAGEBUTTON' assigned to 'n' in /Users/xiongzhenhua/gitlab/embedded/TuyaOpen/platform/ESP32/tuya_open_sdk/sdkconfig.defaults
warning: unknown kconfig symbol 'LV_USE_KEYBOARD' assigned to 'n' in /Users/xiongzhenhua/gitlab/embedded/TuyaOpen/platform/ESP32/tuya_open_sdk/sdkconfig.defaults
warning: unknown kconfig symbol 'LV_USE_LABEL' assigned to 'y' in /Users/xiongzhenhua/gitlab/embedded/TuyaOpen/platform/ESP32/tuya_open_sdk/sdkconfig.defaults
warning: unknown kconfig symbol 'LV_LABEL_TEXT_SELECTION' assigned to 'y' in /Users/xiongzhenhua/gitlab/embedded/TuyaOpen/platform/ESP32/tuya_open_sdk/sdkconfig.defaults
warning: unknown kconfig symbol 'LV_LABEL_LONG_TXT_HINT' assigned to 'y' in /Users/xiongzhenhua/gitlab/embedded/TuyaOpen/platform/ESP32/tuya_open_sdk/sdkconfig.defaults
warning: unknown kconfig symbol 'LV_LABEL_WAIT_CHAR_COUNT' assigned to '3' in /Users/xiongzhenhua/gitlab/embedded/TuyaOpen/platform/ESP32/tuya_open_sdk/sdkconfig.defaults
warning: unknown kconfig symbol 'LV_USE_LED' assigned to 'n' in /Users/xiongzhenhua/gitlab/embedded/TuyaOpen/platform/ESP32/tuya_open_sdk/sdkconfig.defaults
warning: unknown kconfig symbol 'LV_USE_LINE' assigned to 'y' in /Users/xiongzhenhua/gitlab/embedded/TuyaOpen/platform/ESP32/tuya_open_sdk/sdkconfig.defaults
warning: unknown kconfig symbol 'LV_USE_LIST' assigned to 'y' in /Users/xiongzhenhua/gitlab/embedded/TuyaOpen/platform/ESP32/tuya_open_sdk/sdkconfig.defaults
warning: unknown kconfig symbol 'LV_USE_MENU' assigned to 'y' in /Users/xiongzhenhua/gitlab/embedded/TuyaOpen/platform/ESP32/tuya_open_sdk/sdkconfig.defaults
warning: unknown kconfig symbol 'LV_USE_MSGBOX' assigned to 'y' in /Users/xiongzhenhua/gitlab/embedded/TuyaOpen/platform/ESP32/tuya_open_sdk/sdkconfig.defaults
warning: unknown kconfig symbol 'LV_USE_ROLLER' assigned to 'y' in /Users/xiongzhenhua/gitlab/embedded/TuyaOpen/platform/ESP32/tuya_open_sdk/sdkconfig.defaults
warning: unknown kconfig symbol 'LV_USE_SCALE' assigned to 'y' in /Users/xiongzhenhua/gitlab/embedded/TuyaOpen/platform/ESP32/tuya_open_sdk/sdkconfig.defaults
warning: unknown kconfig symbol 'LV_USE_SLIDER' assigned to 'y' in /Users/xiongzhenhua/gitlab/embedded/TuyaOpen/platform/ESP32/tuya_open_sdk/sdkconfig.defaults
warning: unknown kconfig symbol 'LV_USE_SPAN' assigned to 'y' in /Users/xiongzhenhua/gitlab/embedded/TuyaOpen/platform/ESP32/tuya_open_sdk/sdkconfig.defaults
warning: unknown kconfig symbol 'LV_SPAN_SNIPPET_STACK_SIZE' assigned to '64' in /Users/xiongzhenhua/gitlab/embedded/TuyaOpen/platform/ESP32/tuya_open_sdk/sdkconfig.defaults
warning: unknown kconfig symbol 'LV_USE_SPINBOX' assigned to 'y' in /Users/xiongzhenhua/gitlab/embedded/TuyaOpen/platform/ESP32/tuya_open_sdk/sdkconfig.defaults
warning: unknown kconfig symbol 'LV_USE_SPINNER' assigned to 'y' in /Users/xiongzhenhua/gitlab/embedded/TuyaOpen/platform/ESP32/tuya_open_sdk/sdkconfig.defaults
warning: unknown kconfig symbol 'LV_USE_SWITCH' assigned to 'y' in /Users/xiongzhenhua/gitlab/embedded/TuyaOpen/platform/ESP32/tuya_open_sdk/sdkconfig.defaults
warning: unknown kconfig symbol 'LV_USE_TEXTAREA' assigned to 'y' in /Users/xiongzhenhua/gitlab/embedded/TuyaOpen/platform/ESP32/tuya_open_sdk/sdkconfig.defaults
warning: unknown kconfig symbol 'LV_TEXTAREA_DEF_PWD_SHOW_TIME' assigned to '1500' in /Users/xiongzhenhua/gitlab/embedded/TuyaOpen/platform/ESP32/tuya_open_sdk/sdkconfig.defaults
warning: unknown kconfig symbol 'LV_USE_TABLE' assigned to 'y' in /Users/xiongzhenhua/gitlab/embedded/TuyaOpen/platform/ESP32/tuya_open_sdk/sdkconfig.defaults
warning: unknown kconfig symbol 'LV_USE_TABVIEW' assigned to 'y' in /Users/xiongzhenhua/gitlab/embedded/TuyaOpen/platform/ESP32/tuya_open_sdk/sdkconfig.defaults
warning: unknown kconfig symbol 'LV_USE_TILEVIEW' assigned to 'y' in /Users/xiongzhenhua/gitlab/embedded/TuyaOpen/platform/ESP32/tuya_open_sdk/sdkconfig.defaults
warning: unknown kconfig symbol 'LV_USE_WIN' assigned to 'y' in /Users/xiongzhenhua/gitlab/embedded/TuyaOpen/platform/ESP32/tuya_open_sdk/sdkconfig.defaults
warning: unknown kconfig symbol 'LV_USE_THEME_DEFAULT' assigned to 'y' in /Users/xiongzhenhua/gitlab/embedded/TuyaOpen/platform/ESP32/tuya_open_sdk/sdkconfig.defaults
warning: unknown kconfig symbol 'LV_THEME_DEFAULT_DARK' assigned to 'n' in /Users/xiongzhenhua/gitlab/embedded/TuyaOpen/platform/ESP32/tuya_open_sdk/sdkconfig.defaults
warning: unknown kconfig symbol 'LV_THEME_DEFAULT_GROW' assigned to 'y' in /Users/xiongzhenhua/gitlab/embedded/TuyaOpen/platform/ESP32/tuya_open_sdk/sdkconfig.defaults
warning: unknown kconfig symbol 'LV_THEME_DEFAULT_TRANSITION_TIME' assigned to '80' in /Users/xiongzhenhua/gitlab/embedded/TuyaOpen/platform/ESP32/tuya_open_sdk/sdkconfig.defaults
warning: unknown kconfig symbol 'LV_USE_THEME_SIMPLE' assigned to 'y' in /Users/xiongzhenhua/gitlab/embedded/TuyaOpen/platform/ESP32/tuya_open_sdk/sdkconfig.defaults
warning: unknown kconfig symbol 'LV_USE_THEME_MONO' assigned to 'n' in /Users/xiongzhenhua/gitlab/embedded/TuyaOpen/platform/ESP32/tuya_open_sdk/sdkconfig.defaults
warning: unknown kconfig symbol 'LV_USE_FLEX' assigned to 'y' in /Users/xiongzhenhua/gitlab/embedded/TuyaOpen/platform/ESP32/tuya_open_sdk/sdkconfig.defaults
warning: unknown kconfig symbol 'LV_USE_GRID' assigned to 'y' in /Users/xiongzhenhua/gitlab/embedded/TuyaOpen/platform/ESP32/tuya_open_sdk/sdkconfig.defaults
warning: unknown kconfig symbol 'LV_FS_DEFAULT_DRIVE_LETTER' assigned to '0' in /Users/xiongzhenhua/gitlab/embedded/TuyaOpen/platform/ESP32/tuya_open_sdk/sdkconfig.defaults
warning: unknown kconfig symbol 'LV_USE_FS_STDIO' assigned to 'n' in /Users/xiongzhenhua/gitlab/embedded/TuyaOpen/platform/ESP32/tuya_open_sdk/sdkconfig.defaults
warning: unknown kconfig symbol 'LV_USE_FS_POSIX' assigned to 'n' in /Users/xiongzhenhua/gitlab/embedded/TuyaOpen/platform/ESP32/tuya_open_sdk/sdkconfig.defaults
warning: unknown kconfig symbol 'LV_USE_FS_WIN32' assigned to 'n' in /Users/xiongzhenhua/gitlab/embedded/TuyaOpen/platform/ESP32/tuya_open_sdk/sdkconfig.defaults
warning: unknown kconfig symbol 'LV_USE_FS_FATFS' assigned to 'n' in /Users/xiongzhenhua/gitlab/embedded/TuyaOpen/platform/ESP32/tuya_open_sdk/sdkconfig.defaults
warning: unknown kconfig symbol 'LV_USE_FS_MEMFS' assigned to 'n' in /Users/xiongzhenhua/gitlab/embedded/TuyaOpen/platform/ESP32/tuya_open_sdk/sdkconfig.defaults
warning: unknown kconfig symbol 'LV_USE_FS_LITTLEFS' assigned to 'n' in /Users/xiongzhenhua/gitlab/embedded/TuyaOpen/platform/ESP32/tuya_open_sdk/sdkconfig.defaults
warning: unknown kconfig symbol 'LV_USE_FS_ARDUINO_ESP_LITTLEFS' assigned to 'n' in /Users/xiongzhenhua/gitlab/embedded/TuyaOpen/platform/ESP32/tuya_open_sdk/sdkconfig.defaults
warning: unknown kconfig symbol 'LV_USE_FS_ARDUINO_SD' assigned to 'n' in /Users/xiongzhenhua/gitlab/embedded/TuyaOpen/platform/ESP32/tuya_open_sdk/sdkconfig.defaults
warning: unknown kconfig symbol 'LV_USE_LODEPNG' assigned to 'n' in /Users/xiongzhenhua/gitlab/embedded/TuyaOpen/platform/ESP32/tuya_open_sdk/sdkconfig.defaults
warning: unknown kconfig symbol 'LV_USE_LIBPNG' assigned to 'n' in /Users/xiongzhenhua/gitlab/embedded/TuyaOpen/platform/ESP32/tuya_open_sdk/sdkconfig.defaults
warning: unknown kconfig symbol 'LV_USE_BMP' assigned to 'n' in /Users/xiongzhenhua/gitlab/embedded/TuyaOpen/platform/ESP32/tuya_open_sdk/sdkconfig.defaults
warning: unknown kconfig symbol 'LV_USE_TJPGD' assigned to 'n' in /Users/xiongzhenhua/gitlab/embedded/TuyaOpen/platform/ESP32/tuya_open_sdk/sdkconfig.defaults
warning: unknown kconfig symbol 'LV_USE_LIBJPEG_TURBO' assigned to 'n' in /Users/xiongzhenhua/gitlab/embedded/TuyaOpen/platform/ESP32/tuya_open_sdk/sdkconfig.defaults
warning: unknown kconfig symbol 'LV_USE_GIF' assigned to 'n' in /Users/xiongzhenhua/gitlab/embedded/TuyaOpen/platform/ESP32/tuya_open_sdk/sdkconfig.defaults
warning: unknown kconfig symbol 'LV_BIN_DECODER_RAM_LOAD' assigned to 'n' in /Users/xiongzhenhua/gitlab/embedded/TuyaOpen/platform/ESP32/tuya_open_sdk/sdkconfig.defaults
warning: unknown kconfig symbol 'LV_USE_RLE' assigned to 'n' in /Users/xiongzhenhua/gitlab/embedded/TuyaOpen/platform/ESP32/tuya_open_sdk/sdkconfig.defaults
warning: unknown kconfig symbol 'LV_USE_QRCODE' assigned to 'n' in /Users/xiongzhenhua/gitlab/embedded/TuyaOpen/platform/ESP32/tuya_open_sdk/sdkconfig.defaults
warning: unknown kconfig symbol 'LV_USE_BARCODE' assigned to 'n' in /Users/xiongzhenhua/gitlab/embedded/TuyaOpen/platform/ESP32/tuya_open_sdk/sdkconfig.defaults
warning: unknown kconfig symbol 'LV_USE_FREETYPE' assigned to 'n' in /Users/xiongzhenhua/gitlab/embedded/TuyaOpen/platform/ESP32/tuya_open_sdk/sdkconfig.defaults
warning: unknown kconfig symbol 'LV_USE_TINY_TTF' assigned to 'n' in /Users/xiongzhenhua/gitlab/embedded/TuyaOpen/platform/ESP32/tuya_open_sdk/sdkconfig.defaults
warning: unknown kconfig symbol 'LV_USE_RLOTTIE' assigned to 'n' in /Users/xiongzhenhua/gitlab/embedded/TuyaOpen/platform/ESP32/tuya_open_sdk/sdkconfig.defaults
warning: unknown kconfig symbol 'LV_USE_THORVG' assigned to 'n' in /Users/xiongzhenhua/gitlab/embedded/TuyaOpen/platform/ESP32/tuya_open_sdk/sdkconfig.defaults
warning: unknown kconfig symbol 'LV_USE_LZ4' assigned to 'n' in /Users/xiongzhenhua/gitlab/embedded/TuyaOpen/platform/ESP32/tuya_open_sdk/sdkconfig.defaults
warning: unknown kconfig symbol 'LV_USE_FFMPEG' assigned to 'n' in /Users/xiongzhenhua/gitlab/embedded/TuyaOpen/platform/ESP32/tuya_open_sdk/sdkconfig.defaults
warning: unknown kconfig symbol 'LV_USE_SNAPSHOT' assigned to 'n' in /Users/xiongzhenhua/gitlab/embedded/TuyaOpen/platform/ESP32/tuya_open_sdk/sdkconfig.defaults
warning: unknown kconfig symbol 'LV_USE_SYSMON' assigned to 'n' in /Users/xiongzhenhua/gitlab/embedded/TuyaOpen/platform/ESP32/tuya_open_sdk/sdkconfig.defaults
warning: unknown kconfig symbol 'LV_USE_PROFILER' assigned to 'n' in /Users/xiongzhenhua/gitlab/embedded/TuyaOpen/platform/ESP32/tuya_open_sdk/sdkconfig.defaults
warning: unknown kconfig symbol 'LV_USE_MONKEY' assigned to 'n' in /Users/xiongzhenhua/gitlab/embedded/TuyaOpen/platform/ESP32/tuya_open_sdk/sdkconfig.defaults
warning: unknown kconfig symbol 'LV_USE_GRIDNAV' assigned to 'n' in /Users/xiongzhenhua/gitlab/embedded/TuyaOpen/platform/ESP32/tuya_open_sdk/sdkconfig.defaults
warning: unknown kconfig symbol 'LV_USE_FRAGMENT' assigned to 'n' in /Users/xiongzhenhua/gitlab/embedded/TuyaOpen/platform/ESP32/tuya_open_sdk/sdkconfig.defaults
warning: unknown kconfig symbol 'LV_USE_IMGFONT' assigned to 'y' in /Users/xiongzhenhua/gitlab/embedded/TuyaOpen/platform/ESP32/tuya_open_sdk/sdkconfig.defaults
warning: unknown kconfig symbol 'LV_USE_OBSERVER' assigned to 'y' in /Users/xiongzhenhua/gitlab/embedded/TuyaOpen/platform/ESP32/tuya_open_sdk/sdkconfig.defaults
warning: unknown kconfig symbol 'LV_USE_IME_PINYIN' assigned to 'n' in /Users/xiongzhenhua/gitlab/embedded/TuyaOpen/platform/ESP32/tuya_open_sdk/sdkconfig.defaults
warning: unknown kconfig symbol 'LV_USE_FILE_EXPLORER' assigned to 'n' in /Users/xiongzhenhua/gitlab/embedded/TuyaOpen/platform/ESP32/tuya_open_sdk/sdkconfig.defaults
warning: unknown kconfig symbol 'LV_USE_SDL' assigned to 'n' in /Users/xiongzhenhua/gitlab/embedded/TuyaOpen/platform/ESP32/tuya_open_sdk/sdkconfig.defaults
warning: unknown kconfig symbol 'LV_USE_X11' assigned to 'n' in /Users/xiongzhenhua/gitlab/embedded/TuyaOpen/platform/ESP32/tuya_open_sdk/sdkconfig.defaults
warning: unknown kconfig symbol 'LV_USE_WAYLAND' assigned to 'n' in /Users/xiongzhenhua/gitlab/embedded/TuyaOpen/platform/ESP32/tuya_open_sdk/sdkconfig.defaults
warning: unknown kconfig symbol 'LV_USE_LINUX_FBDEV' assigned to 'n' in /Users/xiongzhenhua/gitlab/embedded/TuyaOpen/platform/ESP32/tuya_open_sdk/sdkconfig.defaults
warning: unknown kconfig symbol 'LV_USE_NUTTX' assigned to 'n' in /Users/xiongzhenhua/gitlab/embedded/TuyaOpen/platform/ESP32/tuya_open_sdk/sdkconfig.defaults
warning: unknown kconfig symbol 'LV_USE_LINUX_DRM' assigned to 'n' in /Users/xiongzhenhua/gitlab/embedded/TuyaOpen/platform/ESP32/tuya_open_sdk/sdkconfig.defaults
warning: unknown kconfig symbol 'LV_USE_TFT_ESPI' assigned to 'n' in /Users/xiongzhenhua/gitlab/embedded/TuyaOpen/platform/ESP32/tuya_open_sdk/sdkconfig.defaults
warning: unknown kconfig symbol 'LV_USE_EVDEV' assigned to 'n' in /Users/xiongzhenhua/gitlab/embedded/TuyaOpen/platform/ESP32/tuya_open_sdk/sdkconfig.defaults
warning: unknown kconfig symbol 'LV_USE_LIBINPUT' assigned to 'n' in /Users/xiongzhenhua/gitlab/embedded/TuyaOpen/platform/ESP32/tuya_open_sdk/sdkconfig.defaults
warning: unknown kconfig symbol 'LV_USE_ST7735' assigned to 'n' in /Users/xiongzhenhua/gitlab/embedded/TuyaOpen/platform/ESP32/tuya_open_sdk/sdkconfig.defaults
warning: unknown kconfig symbol 'LV_USE_ST7789' assigned to 'n' in /Users/xiongzhenhua/gitlab/embedded/TuyaOpen/platform/ESP32/tuya_open_sdk/sdkconfig.defaults
warning: unknown kconfig symbol 'LV_USE_ST7796' assigned to 'n' in /Users/xiongzhenhua/gitlab/embedded/TuyaOpen/platform/ESP32/tuya_open_sdk/sdkconfig.defaults
warning: unknown kconfig symbol 'LV_USE_ILI9341' assigned to 'n' in /Users/xiongzhenhua/gitlab/embedded/TuyaOpen/platform/ESP32/tuya_open_sdk/sdkconfig.defaults
warning: unknown kconfig symbol 'LV_USE_GENERIC_MIPI' assigned to 'n' in /Users/xiongzhenhua/gitlab/embedded/TuyaOpen/platform/ESP32/tuya_open_sdk/sdkconfig.defaults
warning: unknown kconfig symbol 'LV_USE_RENESAS_GLCDC' assigned to 'n' in /Users/xiongzhenhua/gitlab/embedded/TuyaOpen/platform/ESP32/tuya_open_sdk/sdkconfig.defaults
warning: unknown kconfig symbol 'LV_USE_OPENGLES' assigned to 'n' in /Users/xiongzhenhua/gitlab/embedded/TuyaOpen/platform/ESP32/tuya_open_sdk/sdkconfig.defaults
warning: unknown kconfig symbol 'LV_USE_QNX' assigned to 'n' in /Users/xiongzhenhua/gitlab/embedded/TuyaOpen/platform/ESP32/tuya_open_sdk/sdkconfig.defaults
warning: unknown kconfig symbol 'LV_BUILD_EXAMPLES' assigned to 'y' in /Users/xiongzhenhua/gitlab/embedded/TuyaOpen/platform/ESP32/tuya_open_sdk/sdkconfig.defaults
warning: unknown kconfig symbol 'LV_USE_DEMO_WIDGETS' assigned to 'y' in /Users/xiongzhenhua/gitlab/embedded/TuyaOpen/platform/ESP32/tuya_open_sdk/sdkconfig.defaults
warning: unknown kconfig symbol 'LV_USE_DEMO_KEYPAD_AND_ENCODER' assigned to 'n' in /Users/xiongzhenhua/gitlab/embedded/TuyaOpen/platform/ESP32/tuya_open_sdk/sdkconfig.defaults
warning: unknown kconfig symbol 'LV_USE_DEMO_BENCHMARK' assigned to 'y' in /Users/xiongzhenhua/gitlab/embedded/TuyaOpen/platform/ESP32/tuya_open_sdk/sdkconfig.defaults
warning: unknown kconfig symbol 'LV_USE_DEMO_RENDER' assigned to 'n' in /Users/xiongzhenhua/gitlab/embedded/TuyaOpen/platform/ESP32/tuya_open_sdk/sdkconfig.defaults
warning: unknown kconfig symbol 'LV_USE_DEMO_SCROLL' assigned to 'n' in /Users/xiongzhenhua/gitlab/embedded/TuyaOpen/platform/ESP32/tuya_open_sdk/sdkconfig.defaults
warning: unknown kconfig symbol 'LV_USE_DEMO_STRESS' assigned to 'y' in /Users/xiongzhenhua/gitlab/embedded/TuyaOpen/platform/ESP32/tuya_open_sdk/sdkconfig.defaults
warning: unknown kconfig symbol 'LV_USE_DEMO_MUSIC' assigned to 'n' in /Users/xiongzhenhua/gitlab/embedded/TuyaOpen/platform/ESP32/tuya_open_sdk/sdkconfig.defaults
warning: unknown kconfig symbol 'LV_USE_DEMO_FLEX_LAYOUT' assigned to 'n' in /Users/xiongzhenhua/gitlab/embedded/TuyaOpen/platform/ESP32/tuya_open_sdk/sdkconfig.defaults
warning: unknown kconfig symbol 'LV_USE_DEMO_MULTILANG' assigned to 'n' in /Users/xiongzhenhua/gitlab/embedded/TuyaOpen/platform/ESP32/tuya_open_sdk/sdkconfig.defaults
-- Compiler supported targets: xtensa-esp-elf
-- Found Python3: /Users/xiongzhenhua/gitlab/embedded/TuyaOpen/platform/ESP32/.espressif/python_env/idf5.4_py3.14_env/bin/python (found version "3.14.0") found components: Interpreter
-- Performing Test CMAKE_HAVE_LIBC_PTHREAD
-- Performing Test CMAKE_HAVE_LIBC_PTHREAD - Success
-- Found Threads: TRUE
-- Performing Test C_COMPILER_SUPPORTS_WFORMAT_SIGNEDNESS
-- Performing Test C_COMPILER_SUPPORTS_WFORMAT_SIGNEDNESS - Success
-- App "tuya_open_sdk" version: v1.1.0-115-g18eb1a1-dirty
-- Adding linker script /Users/xiongzhenhua/gitlab/embedded/TuyaOpen/platform/ESP32/tuya_open_sdk/build/esp-idf/esp_system/ld/memory.ld
-- Adding linker script /Users/xiongzhenhua/gitlab/embedded/TuyaOpen/platform/ESP32/tuya_open_sdk/build/esp-idf/esp_system/ld/sections.ld.in
-- Adding linker script /Users/xiongzhenhua/gitlab/embedded/TuyaOpen/platform/ESP32/esp-idf/components/esp_rom/esp32s3/ld/esp32s3.rom.ld
-- Adding linker script /Users/xiongzhenhua/gitlab/embedded/TuyaOpen/platform/ESP32/esp-idf/components/esp_rom/esp32s3/ld/esp32s3.rom.api.ld
-- Adding linker script /Users/xiongzhenhua/gitlab/embedded/TuyaOpen/platform/ESP32/esp-idf/components/esp_rom/esp32s3/ld/esp32s3.rom.bt_funcs.ld
-- Adding linker script /Users/xiongzhenhua/gitlab/embedded/TuyaOpen/platform/ESP32/esp-idf/components/esp_rom/esp32s3/ld/esp32s3.rom.libgcc.ld
-- Adding linker script /Users/xiongzhenhua/gitlab/embedded/TuyaOpen/platform/ESP32/esp-idf/components/esp_rom/esp32s3/ld/esp32s3.rom.wdt.ld
-- Adding linker script /Users/xiongzhenhua/gitlab/embedded/TuyaOpen/platform/ESP32/esp-idf/components/esp_rom/esp32s3/ld/esp32s3.rom.version.ld
-- Adding linker script /Users/xiongzhenhua/gitlab/embedded/TuyaOpen/platform/ESP32/esp-idf/components/esp_rom/esp32s3/ld/esp32s3.rom.newlib.ld
-- Adding linker script /Users/xiongzhenhua/gitlab/embedded/TuyaOpen/platform/ESP32/esp-idf/components/soc/esp32s3/ld/esp32s3.peripherals.ld
-- CONFIG_ESP32P4_SELECTS_REV_LESS_V3 is 
-- IDF_VERSION_MAJOR is 5
-- IDF_VERSION_MINOR is 4
-- IDF_VERSION_PATCH is 0
-- TARGET_LIB_PATH is set to: esp32s3
-- ESP_LCD_PANEL_IO_ADDITIONS: 1.0.1
-- ESP_LCD_SH8601: 1.0.2
-- Components: app_trace app_update bootloader bootloader_support bt cmock console cxx driver efuse esp-tls esp_adc esp_app_format esp_bootloader_format esp_coex esp_common esp_driver_ana_cmpr esp_driver_cam esp_driver_dac esp_driver_gpio esp_driver_gptimer esp_driver_i2c esp_driver_i2s esp_driver_isp esp_driver_jpeg esp_driver_ledc esp_driver_mcpwm esp_driver_parlio esp_driver_pcnt esp_driver_ppa esp_driver_rmt esp_driver_sdio esp_driver_sdm esp_driver_sdmmc esp_driver_sdspi esp_driver_spi esp_driver_touch_sens esp_driver_tsens esp_driver_uart esp_driver_usb_serial_jtag esp_eth esp_event esp_gdbstub esp_hid esp_http_client esp_http_server esp_https_ota esp_https_server esp_hw_support esp_lcd esp_local_ctrl esp_mm esp_netif esp_netif_stack esp_partition esp_phy esp_pm esp_psram esp_ringbuf esp_rom esp_security esp_system esp_timer esp_vfs_console esp_wifi espcoredump espressif__cjson espressif__cmake_utilities espressif__dl_fft espressif__esp-dsp espressif__esp-sr espressif__esp_codec_dev espressif__esp_io_expander espressif__esp_io_expander_tca9554 espressif__esp_lcd_panel_io_additions espressif__esp_lcd_touch espressif__esp_lcd_touch_ft5x06 espressif__esp_lcd_touch_gt911 esptool_py fatfs freertos hal heap http_parser idf_test ieee802154 json log lwip main mbedtls mqtt newlib nvs_flash nvs_sec_provider openthread partition_table perfmon protobuf-c protocomm pthread rt sdmmc soc spi_flash spiffs tcp_transport touch_element tuyaos_adapter ulp unity usb vfs waveshare__esp_lcd_sh8601 wear_levelling wifi_provisioning wpa_supplicant xtensa
-- Component paths: /Users/xiongzhenhua/gitlab/embedded/TuyaOpen/platform/ESP32/esp-idf/components/app_trace /Users/xiongzhenhua/gitlab/embedded/TuyaOpen/platform/ESP32/esp-idf/components/app_update /Users/xiongzhenhua/gitlab/embedded/TuyaOpen/platform/ESP32/esp-idf/components/bootloader /Users/xiongzhenhua/gitlab/embedded/TuyaOpen/platform/ESP32/esp-idf/components/bootloader_support /Users/xiongzhenhua/gitlab/embedded/TuyaOpen/platform/ESP32/esp-idf/components/bt /Users/xiongzhenhua/gitlab/embedded/TuyaOpen/platform/ESP32/esp-idf/components/cmock /Users/xiongzhenhua/gitlab/embedded/TuyaOpen/platform/ESP32/esp-idf/components/console /Users/xiongzhenhua/gitlab/embedded/TuyaOpen/platform/ESP32/esp-idf/components/cxx /Users/xiongzhenhua/gitlab/embedded/TuyaOpen/platform/ESP32/esp-idf/components/driver /Users/xiongzhenhua/gitlab/embedded/TuyaOpen/platform/ESP32/esp-idf/components/efuse /Users/xiongzhenhua/gitlab/embedded/TuyaOpen/platform/ESP32/esp-idf/components/esp-tls /Users/xiongzhenhua/gitlab/embedded/TuyaOpen/platform/ESP32/esp-idf/components/esp_adc /Users/xiongzhenhua/gitlab/embedded/TuyaOpen/platform/ESP32/esp-idf/components/esp_app_format /Users/xiongzhenhua/gitlab/embedded/TuyaOpen/platform/ESP32/esp-idf/components/esp_bootloader_format /Users/xiongzhenhua/gitlab/embedded/TuyaOpen/platform/ESP32/esp-idf/components/esp_coex /Users/xiongzhenhua/gitlab/embedded/TuyaOpen/platform/ESP32/esp-idf/components/esp_common /Users/xiongzhenhua/gitlab/embedded/TuyaOpen/platform/ESP32/esp-idf/components/esp_driver_ana_cmpr /Users/xiongzhenhua/gitlab/embedded/TuyaOpen/platform/ESP32/esp-idf/components/esp_driver_cam /Users/xiongzhenhua/gitlab/embedded/TuyaOpen/platform/ESP32/esp-idf/components/esp_driver_dac /Users/xiongzhenhua/gitlab/embedded/TuyaOpen/platform/ESP32/esp-idf/components/esp_driver_gpio /Users/xiongzhenhua/gitlab/embedded/TuyaOpen/platform/ESP32/esp-idf/components/esp_driver_gptimer /Users/xiongzhenhua/gitlab/embedded/TuyaOpen/platform/ESP32/esp-idf/components/esp_driver_i2c /Users/xiongzhenhua/gitlab/embedded/TuyaOpen/platform/ESP32/esp-idf/components/esp_driver_i2s /Users/xiongzhenhua/gitlab/embedded/TuyaOpen/platform/ESP32/esp-idf/components/esp_driver_isp /Users/xiongzhenhua/gitlab/embedded/TuyaOpen/platform/ESP32/esp-idf/components/esp_driver_jpeg /Users/xiongzhenhua/gitlab/embedded/TuyaOpen/platform/ESP32/esp-idf/components/esp_driver_ledc /Users/xiongzhenhua/gitlab/embedded/TuyaOpen/platform/ESP32/esp-idf/components/esp_driver_mcpwm /Users/xiongzhenhua/gitlab/embedded/TuyaOpen/platform/ESP32/esp-idf/components/esp_driver_parlio /Users/xiongzhenhua/gitlab/embedded/TuyaOpen/platform/ESP32/esp-idf/components/esp_driver_pcnt /Users/xiongzhenhua/gitlab/embedded/TuyaOpen/platform/ESP32/esp-idf/components/esp_driver_ppa /Users/xiongzhenhua/gitlab/embedded/TuyaOpen/platform/ESP32/esp-idf/components/esp_driver_rmt /Users/xiongzhenhua/gitlab/embedded/TuyaOpen/platform/ESP32/esp-idf/components/esp_driver_sdio /Users/xiongzhenhua/gitlab/embedded/TuyaOpen/platform/ESP32/esp-idf/components/esp_driver_sdm /Users/xiongzhenhua/gitlab/embedded/TuyaOpen/platform/ESP32/esp-idf/components/esp_driver_sdmmc /Users/xiongzhenhua/gitlab/embedded/TuyaOpen/platform/ESP32/esp-idf/components/esp_driver_sdspi /Users/xiongzhenhua/gitlab/embedded/TuyaOpen/platform/ESP32/esp-idf/components/esp_driver_spi /Users/xiongzhenhua/gitlab/embedded/TuyaOpen/platform/ESP32/esp-idf/components/esp_driver_touch_sens /Users/xiongzhenhua/gitlab/embedded/TuyaOpen/platform/ESP32/esp-idf/components/esp_driver_tsens /Users/xiongzhenhua/gitlab/embedded/TuyaOpen/platform/ESP32/esp-idf/components/esp_driver_uart /Users/xiongzhenhua/gitlab/embedded/TuyaOpen/platform/ESP32/esp-idf/components/esp_driver_usb_serial_jtag /Users/xiongzhenhua/gitlab/embedded/TuyaOpen/platform/ESP32/esp-idf/components/esp_eth /Users/xiongzhenhua/gitlab/embedded/TuyaOpen/platform/ESP32/esp-idf/components/esp_event /Users/xiongzhenhua/gitlab/embedded/TuyaOpen/platform/ESP32/esp-idf/components/esp_gdbstub /Users/xiongzhenhua/gitlab/embedded/TuyaOpen/platform/ESP32/esp-idf/components/esp_hid /Users/xiongzhenhua/gitlab/embedded/TuyaOpen/platform/ESP32/esp-idf/components/esp_http_client /Users/xiongzhenhua/gitlab/embedded/TuyaOpen/platform/ESP32/esp-idf/components/esp_http_server /Users/xiongzhenhua/gitlab/embedded/TuyaOpen/platform/ESP32/esp-idf/components/esp_https_ota /Users/xiongzhenhua/gitlab/embedded/TuyaOpen/platform/ESP32/esp-idf/components/esp_https_server /Users/xiongzhenhua/gitlab/embedded/TuyaOpen/platform/ESP32/esp-idf/components/esp_hw_support /Users/xiongzhenhua/gitlab/embedded/TuyaOpen/platform/ESP32/esp-idf/components/esp_lcd /Users/xiongzhenhua/gitlab/embedded/TuyaOpen/platform/ESP32/esp-idf/components/esp_local_ctrl /Users/xiongzhenhua/gitlab/embedded/TuyaOpen/platform/ESP32/esp-idf/components/esp_mm /Users/xiongzhenhua/gitlab/embedded/TuyaOpen/platform/ESP32/esp-idf/components/esp_netif /Users/xiongzhenhua/gitlab/embedded/TuyaOpen/platform/ESP32/esp-idf/components/esp_netif_stack /Users/xiongzhenhua/gitlab/embedded/TuyaOpen/platform/ESP32/esp-idf/components/esp_partition /Users/xiongzhenhua/gitlab/embedded/TuyaOpen/platform/ESP32/esp-idf/components/esp_phy /Users/xiongzhenhua/gitlab/embedded/TuyaOpen/platform/ESP32/esp-idf/components/esp_pm /Users/xiongzhenhua/gitlab/embedded/TuyaOpen/platform/ESP32/esp-idf/components/esp_psram /Users/xiongzhenhua/gitlab/embedded/TuyaOpen/platform/ESP32/esp-idf/components/esp_ringbuf /Users/xiongzhenhua/gitlab/embedded/TuyaOpen/platform/ESP32/esp-idf/components/esp_rom /Users/xiongzhenhua/gitlab/embedded/TuyaOpen/platform/ESP32/esp-idf/components/esp_security /Users/xiongzhenhua/gitlab/embedded/TuyaOpen/platform/ESP32/esp-idf/components/esp_system /Users/xiongzhenhua/gitlab/embedded/TuyaOpen/platform/ESP32/esp-idf/components/esp_timer /Users/xiongzhenhua/gitlab/embedded/TuyaOpen/platform/ESP32/esp-idf/components/esp_vfs_console /Users/xiongzhenhua/gitlab/embedded/TuyaOpen/platform/ESP32/esp-idf/components/esp_wifi /Users/xiongzhenhua/gitlab/embedded/TuyaOpen/platform/ESP32/esp-idf/components/espcoredump /Users/xiongzhenhua/gitlab/embedded/TuyaOpen/platform/ESP32/tuya_open_sdk/managed_components/espressif__cjson /Users/xiongzhenhua/gitlab/embedded/TuyaOpen/platform/ESP32/tuya_open_sdk/managed_components/espressif__cmake_utilities /Users/xiongzhenhua/gitlab/embedded/TuyaOpen/platform/ESP32/tuya_open_sdk/managed_components/espressif__dl_fft /Users/xiongzhenhua/gitlab/embedded/TuyaOpen/platform/ESP32/tuya_open_sdk/managed_components/espressif__esp-dsp /Users/xiongzhenhua/gitlab/embedded/TuyaOpen/platform/ESP32/tuya_open_sdk/managed_components/espressif__esp-sr /Users/xiongzhenhua/gitlab/embedded/TuyaOpen/platform/ESP32/tuya_open_sdk/managed_components/espressif__esp_codec_dev /Users/xiongzhenhua/gitlab/embedded/TuyaOpen/platform/ESP32/tuya_open_sdk/managed_components/espressif__esp_io_expander /Users/xiongzhenhua/gitlab/embedded/TuyaOpen/platform/ESP32/tuya_open_sdk/managed_components/espressif__esp_io_expander_tca9554 /Users/xiongzhenhua/gitlab/embedded/TuyaOpen/platform/ESP32/tuya_open_sdk/managed_components/espressif__esp_lcd_panel_io_additions /Users/xiongzhenhua/gitlab/embedded/TuyaOpen/platform/ESP32/tuya_open_sdk/managed_components/espressif__esp_lcd_touch /Users/xiongzhenhua/gitlab/embedded/TuyaOpen/platform/ESP32/tuya_open_sdk/managed_components/espressif__esp_lcd_touch_ft5x06 /Users/xiongzhenhua/gitlab/embedded/TuyaOpen/platform/ESP32/tuya_open_sdk/managed_components/espressif__esp_lcd_touch_gt911 /Users/xiongzhenhua/gitlab/embedded/TuyaOpen/platform/ESP32/esp-idf/components/esptool_py /Users/xiongzhenhua/gitlab/embedded/TuyaOpen/platform/ESP32/esp-idf/components/fatfs /Users/xiongzhenhua/gitlab/embedded/TuyaOpen/platform/ESP32/esp-idf/components/freertos /Users/xiongzhenhua/gitlab/embedded/TuyaOpen/platform/ESP32/esp-idf/components/hal /Users/xiongzhenhua/gitlab/embedded/TuyaOpen/platform/ESP32/esp-idf/components/heap /Users/xiongzhenhua/gitlab/embedded/TuyaOpen/platform/ESP32/esp-idf/components/http_parser /Users/xiongzhenhua/gitlab/embedded/TuyaOpen/platform/ESP32/esp-idf/components/idf_test /Users/xiongzhenhua/gitlab/embedded/TuyaOpen/platform/ESP32/esp-idf/components/ieee802154 /Users/xiongzhenhua/gitlab/embedded/TuyaOpen/platform/ESP32/esp-idf/components/json /Users/xiongzhenhua/gitlab/embedded/TuyaOpen/platform/ESP32/esp-idf/components/log /Users/xiongzhenhua/gitlab/embedded/TuyaOpen/platform/ESP32/esp-idf/components/lwip /Users/xiongzhenhua/gitlab/embedded/TuyaOpen/platform/ESP32/tuya_open_sdk/main /Users/xiongzhenhua/gitlab/embedded/TuyaOpen/platform/ESP32/esp-idf/components/mbedtls /Users/xiongzhenhua/gitlab/embedded/TuyaOpen/platform/ESP32/esp-idf/components/mqtt /Users/xiongzhenhua/gitlab/embedded/TuyaOpen/platform/ESP32/esp-idf/components/newlib /Users/xiongzhenhua/gitlab/embedded/TuyaOpen/platform/ESP32/esp-idf/components/nvs_flash /Users/xiongzhenhua/gitlab/embedded/TuyaOpen/platform/ESP32/esp-idf/components/nvs_sec_provider /Users/xiongzhenhua/gitlab/embedded/TuyaOpen/platform/ESP32/esp-idf/components/openthread /Users/xiongzhenhua/gitlab/embedded/TuyaOpen/platform/ESP32/esp-idf/components/partition_table /Users/xiongzhenhua/gitlab/embedded/TuyaOpen/platform/ESP32/esp-idf/components/perfmon /Users/xiongzhenhua/gitlab/embedded/TuyaOpen/platform/ESP32/esp-idf/components/protobuf-c /Users/xiongzhenhua/gitlab/embedded/TuyaOpen/platform/ESP32/esp-idf/components/protocomm /Users/xiongzhenhua/gitlab/embedded/TuyaOpen/platform/ESP32/esp-idf/components/pthread /Users/xiongzhenhua/gitlab/embedded/TuyaOpen/platform/ESP32/esp-idf/components/rt /Users/xiongzhenhua/gitlab/embedded/TuyaOpen/platform/ESP32/esp-idf/components/sdmmc /Users/xiongzhenhua/gitlab/embedded/TuyaOpen/platform/ESP32/esp-idf/components/soc /Users/xiongzhenhua/gitlab/embedded/TuyaOpen/platform/ESP32/esp-idf/components/spi_flash /Users/xiongzhenhua/gitlab/embedded/TuyaOpen/platform/ESP32/esp-idf/components/spiffs /Users/xiongzhenhua/gitlab/embedded/TuyaOpen/platform/ESP32/esp-idf/components/tcp_transport /Users/xiongzhenhua/gitlab/embedded/TuyaOpen/platform/ESP32/esp-idf/components/touch_element /Users/xiongzhenhua/gitlab/embedded/TuyaOpen/platform/ESP32/tuya_open_sdk/tuyaos_adapter /Users/xiongzhenhua/gitlab/embedded/TuyaOpen/platform/ESP32/esp-idf/components/ulp /Users/xiongzhenhua/gitlab/embedded/TuyaOpen/platform/ESP32/esp-idf/components/unity /Users/xiongzhenhua/gitlab/embedded/TuyaOpen/platform/ESP32/esp-idf/components/usb /Users/xiongzhenhua/gitlab/embedded/TuyaOpen/platform/ESP32/esp-idf/components/vfs /Users/xiongzhenhua/gitlab/embedded/TuyaOpen/platform/ESP32/tuya_open_sdk/managed_components/waveshare__esp_lcd_sh8601 /Users/xiongzhenhua/gitlab/embedded/TuyaOpen/platform/ESP32/esp-idf/components/wear_levelling /Users/xiongzhenhua/gitlab/embedded/TuyaOpen/platform/ESP32/esp-idf/components/wifi_provisioning /Users/xiongzhenhua/gitlab/embedded/TuyaOpen/platform/ESP32/esp-idf/components/wpa_supplicant /Users/xiongzhenhua/gitlab/embedded/TuyaOpen/platform/ESP32/esp-idf/components/xtensa
-- Configuring done (18.3s)
-- Generating done (0.5s)
-- Build files have been written to: /Users/xiongzhenhua/gitlab/embedded/TuyaOpen/platform/ESP32/tuya_open_sdk/build
project_name: $pai_xue_ji
platform: ESP32
framework: base
chip: esp32s3
old_target: esp32s3
No need prepare.
delete: .target
delete: .app
delete: sdkconfig
delete: sdkconfig.old
delete: sdkconfig.defaults
delete: build
do subprocess: . /Users/xiongzhenhua/gitlab/embedded/TuyaOpen/platform/ESP32/esp-idf/export.sh && cd /Users/xiongzhenhua/gitlab/embedded/TuyaOpen/platform/ESP32/tuya_open_sdk && idf.py set-target esp32s3
-- #################### TuyaOpen CMakeLists.txt Start ####################
-- Now is Apple systens.
-- [TOP] System processor: arm64
-- [TOP] Using framework [base].
-- [KCONFIG] Use dot-config to generate cmake-config.
-- [KCONFIG] Use dot-config to generate header-file.
-- [TOP] Using toolchain file [].
-- The C compiler identification is GNU 14.2.0
-- The CXX compiler identification is GNU 14.2.0
-- Detecting C compiler ABI info
-- Detecting C compiler ABI info - done
-- Check for working C compiler: /Users/xiongzhenhua/gitlab/embedded/TuyaOpen/platform/ESP32/.espressif/tools/xtensa-esp-elf/esp-14.2.0_20241119/xtensa-esp-elf/bin/xtensa-esp32-elf-gcc - skipped
-- Detecting C compile features
-- Detecting C compile features - done
-- Detecting CXX compiler ABI info
-- Detecting CXX compiler ABI info - done
-- Check for working CXX compiler: /Users/xiongzhenhua/gitlab/embedded/TuyaOpen/platform/ESP32/.espressif/tools/xtensa-esp-elf/esp-14.2.0_20241119/xtensa-esp-elf/bin/xtensa-esp32-elf-g++ - skipped
-- Detecting CXX compile features
-- Detecting CXX compile features - done
-- IDF_TOOLS_PATH: /Users/xiongzhenhua/gitlab/embedded/TuyaOpen/platform/ESP32/.espressif
-- Using mbedtls from platform
-- [TOP] Using example [pai_xue_ji].
-- [TOP] PLATFORM_NEED_LIBS: tuyaapp tuyaos
-- Selected language: Chinese (zh-CN)
-- [36m#################### TuyaOpen CMakeLists.txt End ####################[m
-- Configuring done (0.9s)
-- Generating done (0.1s)
-- Build files have been written to: /Users/xiongzhenhua/gitlab/embedded/TuyaOpen/apps/tuya.ai/pai_xue_ji/.build
[1/655] Building C object src/audio_player/CMakeFiles/audio_player.dir/src/consumer/consumer_speaker.c.o
[2/655] Building C object src/audio_player/CMakeFiles/audio_player.dir/src/mixer/mixer_fixed.c.o
[3/655] Building C object src/audio_player/CMakeFiles/audio_player.dir/src/decoder/decoder_oggopus.c.o
[4/655] Building C object src/audio_player/CMakeFiles/audio_player.dir/src/decoder/decoder_opus.c.o
[5/655] Building C object src/audio_player/CMakeFiles/audio_player.dir/src/datasink/ai_player_datasink.c.o
[6/655] Building C object src/audio_player/CMakeFiles/audio_player.dir/src/datasink/datasink_file.c.o
[7/655] Building C object src/audio_player/CMakeFiles/audio_player.dir/src/datasink/datasink_mem.c.o
[8/655] Building C object src/audio_player/CMakeFiles/audio_player.dir/src/decoder/ai_player_decoder.c.o
[9/655] Building C object src/audio_player/CMakeFiles/audio_player.dir/src/decoder/decoder_wav.c.o
[10/655] Building C object src/audio_player/CMakeFiles/audio_player.dir/src/resample/ai_player_resample.c.o
[11/655] Building C object src/audio_player/CMakeFiles/audio_player.dir/src/svc_ai_player.c.o
[12/655] Building C object src/audio_player/CMakeFiles/audio_player.dir/src/datasink/datasink_url.c.o
[13/655] Building C object src/audio_player/CMakeFiles/audio_player.dir/src/svc_ai_playlist.c.o
[14/655] Building C object src/common/CMakeFiles/common.dir/utilities/crc32i.c.o
[15/655] Building C object src/common/CMakeFiles/common.dir/backoffAlgorithm/source/backoff_algorithm.c.o
[16/655] Building C object src/common/CMakeFiles/common.dir/utilities/crc_16.c.o
[17/655] Building C object src/common/CMakeFiles/common.dir/utilities/uni_random.c.o
[18/655] Building C object src/audio_player/CMakeFiles/audio_player.dir/src/resample/resample_fixed.c.o
[19/655] Building C object src/common/CMakeFiles/common.dir/utilities/mix_method.c.o
[20/655] Building C object src/libhttp/CMakeFiles/libhttp.dir/src/http_client_wrapper.c.o
[21/655] Building C object src/libhttp/CMakeFiles/libhttp.dir/src/http_download.c.o
[22/655] Building C object src/libhttp/CMakeFiles/libhttp.dir/src/http_session.c.o
[23/655] Building C object src/liblvgl/v9/CMakeFiles/v9.dir/lvgl/src/core/lv_obj_class.c.o
[24/655] Building C object src/liblvgl/v9/CMakeFiles/v9.dir/lvgl/src/core/lv_obj_id_builtin.c.o
[25/655] Building C object src/liblvgl/v9/CMakeFiles/v9.dir/lvgl/src/core/lv_obj_draw.c.o
[26/655] Building C object src/liblvgl/v9/CMakeFiles/v9.dir/lvgl/src/core/lv_obj_event.c.o
[27/655] Building C object src/liblvgl/v9/CMakeFiles/v9.dir/lvgl/src/core/lv_group.c.o
[28/655] Building C object src/liblvgl/v9/CMakeFiles/v9.dir/lvgl/src/core/lv_obj_property.c.o
[29/655] Building C object src/libhttp/CMakeFiles/libhttp.dir/coreHTTP/source/core_http_client.c.o
[30/655] Building C object src/liblvgl/v9/CMakeFiles/v9.dir/lvgl/src/core/lv_obj_style_gen.c.o
[31/655] Building C object src/liblvgl/v9/CMakeFiles/v9.dir/lvgl/src/core/lv_obj.c.o
[32/655] Building C object src/libcjson/CMakeFiles/libcjson.dir/cJSON/cJSON.c.o
[33/655] Building C object src/liblvgl/v9/CMakeFiles/v9.dir/lvgl/src/core/lv_obj_tree.c.o
[34/655] Building C object src/liblvgl/v9/CMakeFiles/v9.dir/lvgl/src/core/lv_obj_scroll.c.o
[35/655] Building C object src/liblvgl/v9/CMakeFiles/v9.dir/lvgl/src/core/lv_refr.c.o
[36/655] Building C object src/liblvgl/v9/CMakeFiles/v9.dir/lvgl/src/draw/lv_draw_arc.c.o
[37/655] Building C object src/audio_player/CMakeFiles/audio_player.dir/src/decoder/decoder_mp3.c.o
[38/655] Building C object src/liblvgl/v9/CMakeFiles/v9.dir/lvgl/src/draw/lv_draw.c.o
[39/655] Building C object src/libhttp/CMakeFiles/libhttp.dir/coreHTTP/source/dependency/3rdparty/http_parser/http_parser.c.o
[40/655] Building C object src/liblvgl/v9/CMakeFiles/v9.dir/lvgl/src/core/lv_obj_pos.c.o
[41/655] Building C object src/liblvgl/v9/CMakeFiles/v9.dir/lvgl/src/draw/lv_draw_line.c.o
[42/655] Building C object src/liblvgl/v9/CMakeFiles/v9.dir/lvgl/src/core/lv_obj_style.c.o
[43/655] Building C object src/liblvgl/v9/CMakeFiles/v9.dir/lvgl/src/draw/lv_draw_image.c.o
[44/655] Building C object src/liblvgl/v9/CMakeFiles/v9.dir/lvgl/src/draw/lv_draw_mask.c.o
[45/655] Building C object src/liblvgl/v9/CMakeFiles/v9.dir/lvgl/src/display/lv_display.c.o
[46/655] Building C object src/liblvgl/v9/CMakeFiles/v9.dir/lvgl/src/draw/nxp/pxp/lv_draw_buf_pxp.c.o
[47/655] Building C object src/liblvgl/v9/CMakeFiles/v9.dir/lvgl/src/draw/lv_draw_vector.c.o
[48/655] Building C object src/liblvgl/v9/CMakeFiles/v9.dir/lvgl/src/draw/lv_draw_buf.c.o
[49/655] Building C object src/liblvgl/v9/CMakeFiles/v9.dir/lvgl/src/draw/lv_draw_label.c.o
[50/655] Building C object src/liblvgl/v9/CMakeFiles/v9.dir/lvgl/src/draw/lv_draw_triangle.c.o
[51/655] Building C object src/liblvgl/v9/CMakeFiles/v9.dir/lvgl/src/draw/lv_draw_rect.c.o
[52/655] Building C object src/liblvgl/v9/CMakeFiles/v9.dir/lvgl/src/draw/nxp/pxp/lv_draw_pxp.c.o
[53/655] Linking C static library lib/libcommon.a
[54/655] Linking C static library lib/liblibcjson.a
[55/655] Linking C static library lib/liblibhttp.a
[56/655] Linking C static library lib/libaudio_player.a
[57/655] Building C object src/liblvgl/v9/CMakeFiles/v9.dir/lvgl/src/draw/lv_image_decoder.c.o
[58/655] Building C object src/liblvgl/v9/CMakeFiles/v9.dir/lvgl/src/draw/nxp/pxp/lv_draw_pxp_img.c.o
[59/655] Building C object src/liblvgl/v9/CMakeFiles/v9.dir/lvgl/src/draw/nxp/pxp/lv_draw_pxp_fill.c.o
[60/655] Building C object src/liblvgl/v9/CMakeFiles/v9.dir/lvgl/src/draw/nxp/pxp/lv_pxp_cfg.c.o
[61/655] Building C object src/liblvgl/v9/CMakeFiles/v9.dir/lvgl/src/draw/nxp/pxp/lv_pxp_osa.c.o
[62/655] Building C object src/liblvgl/v9/CMakeFiles/v9.dir/lvgl/src/draw/nxp/pxp/lv_draw_pxp_layer.c.o
[63/655] Building C object src/liblvgl/v9/CMakeFiles/v9.dir/lvgl/src/draw/nxp/pxp/lv_pxp_utils.c.o
[64/655] Building C object src/liblvgl/v9/CMakeFiles/v9.dir/lvgl/src/draw/nxp/vglite/lv_draw_buf_vglite.c.o
[65/655] Building C object src/liblvgl/v9/CMakeFiles/v9.dir/lvgl/src/draw/nxp/vglite/lv_draw_vglite_arc.c.o
[66/655] Building C object src/liblvgl/v9/CMakeFiles/v9.dir/lvgl/src/draw/nxp/vglite/lv_draw_vglite.c.o
[67/655] Building C object src/liblvgl/v9/CMakeFiles/v9.dir/lvgl/src/draw/nxp/vglite/lv_draw_vglite_border.c.o
[68/655] Building C object src/liblvgl/v9/CMakeFiles/v9.dir/lvgl/src/draw/nxp/vglite/lv_draw_vglite_fill.c.o
[69/655] Building C object src/liblvgl/v9/CMakeFiles/v9.dir/lvgl/src/draw/nxp/vglite/lv_draw_vglite_label.c.o
[70/655] Building C object src/liblvgl/v9/CMakeFiles/v9.dir/lvgl/src/draw/nxp/vglite/lv_draw_vglite_img.c.o
[71/655] Building C object src/liblvgl/v9/CMakeFiles/v9.dir/lvgl/src/draw/nxp/vglite/lv_draw_vglite_layer.c.o
[72/655] Building C object src/liblvgl/v9/CMakeFiles/v9.dir/lvgl/src/draw/nxp/vglite/lv_draw_vglite_line.c.o
[73/655] Building C object src/liblvgl/v9/CMakeFiles/v9.dir/lvgl/src/draw/nxp/vglite/lv_vglite_buf.c.o
[74/655] Building C object src/liblvgl/v9/CMakeFiles/v9.dir/lvgl/src/draw/nxp/vglite/lv_draw_vglite_triangle.c.o
[75/655] Building C object src/liblvgl/v9/CMakeFiles/v9.dir/lvgl/src/draw/nxp/vglite/lv_vglite_matrix.c.o
[76/655] Building C object src/liblvgl/v9/CMakeFiles/v9.dir/lvgl/src/draw/nxp/vglite/lv_vglite_path.c.o
[77/655] Building C object src/liblvgl/v9/CMakeFiles/v9.dir/lvgl/src/draw/nxp/vglite/lv_vglite_utils.c.o
[78/655] Building C object src/liblvgl/v9/CMakeFiles/v9.dir/lvgl/src/draw/renesas/dave2d/lv_draw_dave2d_arc.c.o
[79/655] Building C object src/liblvgl/v9/CMakeFiles/v9.dir/lvgl/src/draw/renesas/dave2d/lv_draw_dave2d.c.o
[80/655] Building C object src/liblvgl/v9/CMakeFiles/v9.dir/lvgl/src/draw/renesas/dave2d/lv_draw_dave2d_border.c.o
[81/655] Building C object src/liblvgl/v9/CMakeFiles/v9.dir/lvgl/src/draw/renesas/dave2d/lv_draw_dave2d_fill.c.o
[82/655] Building C object src/liblvgl/v9/CMakeFiles/v9.dir/lvgl/src/draw/renesas/dave2d/lv_draw_dave2d_image.c.o
[83/655] Building C object src/liblvgl/v9/CMakeFiles/v9.dir/lvgl/src/draw/renesas/dave2d/lv_draw_dave2d_line.c.o
[84/655] Building C object src/liblvgl/v9/CMakeFiles/v9.dir/lvgl/src/draw/renesas/dave2d/lv_draw_dave2d_mask_rectangle.c.o
[85/655] Building C object src/liblvgl/v9/CMakeFiles/v9.dir/lvgl/src/draw/renesas/dave2d/lv_draw_dave2d_label.c.o
[86/655] Building C object src/liblvgl/v9/CMakeFiles/v9.dir/lvgl/src/draw/renesas/dave2d/lv_draw_dave2d_triangle.c.o
[87/655] Building C object src/liblvgl/v9/CMakeFiles/v9.dir/lvgl/src/draw/renesas/dave2d/lv_draw_dave2d_utils.c.o
[88/655] Building C object src/liblvgl/v9/CMakeFiles/v9.dir/lvgl/src/draw/sdl/lv_draw_sdl.c.o
[89/655] Building C object src/liblvgl/v9/CMakeFiles/v9.dir/lvgl/src/draw/sw/blend/lv_draw_sw_blend.c.o
[90/655] Building C object src/liblvgl/v9/CMakeFiles/v9.dir/lvgl/src/draw/sw/lv_draw_sw_gradient.c.o
[91/655] Building C object src/liblvgl/v9/CMakeFiles/v9.dir/lvgl/src/draw/sw/lv_draw_sw_letter.c.o
[92/655] Building C object src/liblvgl/v9/CMakeFiles/v9.dir/lvgl/src/draw/sw/lv_draw_sw_arc.c.o
[93/655] Building C object src/liblvgl/v9/CMakeFiles/v9.dir/lvgl/src/draw/sw/lv_draw_sw_border.c.o
[94/655] Building C object src/liblvgl/v9/CMakeFiles/v9.dir/lvgl/src/draw/sw/lv_draw_sw_fill.c.o
[95/655] Building C object src/liblvgl/v9/CMakeFiles/v9.dir/lvgl/src/draw/sw/lv_draw_sw.c.o
[96/655] Building C object src/liblvgl/v9/CMakeFiles/v9.dir/lvgl/src/draw/sw/lv_draw_sw_img.c.o
[97/655] Building C object src/liblvgl/v9/CMakeFiles/v9.dir/lvgl/src/draw/sw/lv_draw_sw_mask_rect.c.o
[98/655] Building C object src/liblvgl/v9/CMakeFiles/v9.dir/lvgl/src/draw/sw/lv_draw_sw_line.c.o
[99/655] Building C object src/liblvgl/v9/CMakeFiles/v9.dir/lvgl/src/draw/vg_lite/lv_draw_buf_vg_lite.c.o
[100/655] Building C object src/liblvgl/v9/CMakeFiles/v9.dir/lvgl/src/draw/sw/lv_draw_sw_box_shadow.c.o
[101/655] Building C object src/liblvgl/v9/CMakeFiles/v9.dir/lvgl/src/draw/vg_lite/lv_draw_vg_lite.c.o
[102/655] Building C object src/liblvgl/v9/CMakeFiles/v9.dir/lvgl/src/draw/sw/lv_draw_sw_vector.c.o
[103/655] Building C object src/liblvgl/v9/CMakeFiles/v9.dir/lvgl/src/draw/sw/lv_draw_sw_triangle.c.o
[104/655] Building C object src/liblvgl/v9/CMakeFiles/v9.dir/lvgl/src/draw/vg_lite/lv_draw_vg_lite_arc.c.o
[105/655] Building C object src/liblvgl/v9/CMakeFiles/v9.dir/lvgl/src/draw/vg_lite/lv_draw_vg_lite_border.c.o
[106/655] Building C object src/liblvgl/v9/CMakeFiles/v9.dir/lvgl/src/draw/vg_lite/lv_draw_vg_lite_fill.c.o
[107/655] Building C object src/liblvgl/v9/CMakeFiles/v9.dir/lvgl/src/draw/vg_lite/lv_draw_vg_lite_box_shadow.c.o
[108/655] Building C object src/liblvgl/v9/CMakeFiles/v9.dir/lvgl/src/draw/vg_lite/lv_draw_vg_lite_img.c.o
[109/655] Building C object src/liblvgl/v9/CMakeFiles/v9.dir/lvgl/src/draw/vg_lite/lv_draw_vg_lite_layer.c.o
[110/655] Building C object src/liblvgl/v9/CMakeFiles/v9.dir/lvgl/src/draw/vg_lite/lv_draw_vg_lite_line.c.o
[111/655] Building C object src/liblvgl/v9/CMakeFiles/v9.dir/lvgl/src/draw/vg_lite/lv_draw_vg_lite_mask_rect.c.o
[112/655] Building C object src/liblvgl/v9/CMakeFiles/v9.dir/lvgl/src/draw/vg_lite/lv_draw_vg_lite_triangle.c.o
[113/655] Building C object src/liblvgl/v9/CMakeFiles/v9.dir/lvgl/src/draw/vg_lite/lv_draw_vg_lite_vector.c.o
[114/655] Building C object src/liblvgl/v9/CMakeFiles/v9.dir/lvgl/src/draw/vg_lite/lv_vg_lite_decoder.c.o
[115/655] Building C object src/liblvgl/v9/CMakeFiles/v9.dir/lvgl/src/draw/sw/blend/lv_draw_sw_blend_to_rgb888.c.o
[116/655] Building C object src/liblvgl/v9/CMakeFiles/v9.dir/lvgl/src/draw/vg_lite/lv_draw_vg_lite_label.c.o
[117/655] Building C object src/liblvgl/v9/CMakeFiles/v9.dir/lvgl/src/draw/sw/blend/lv_draw_sw_blend_to_rgb565.c.o
[118/655] Building C object src/liblvgl/v9/CMakeFiles/v9.dir/lvgl/src/draw/vg_lite/lv_vg_lite_math.c.o
[119/655] Building C object src/liblvgl/v9/CMakeFiles/v9.dir/lvgl/src/drivers/display/drm/lv_linux_drm.c.o
[120/655] Building C object src/liblvgl/v9/CMakeFiles/v9.dir/lvgl/src/drivers/display/fb/lv_linux_fbdev.c.o
[121/655] Building C object src/liblvgl/v9/CMakeFiles/v9.dir/lvgl/src/drivers/display/ili9341/lv_ili9341.c.o
[122/655] Building C object src/liblvgl/v9/CMakeFiles/v9.dir/lvgl/src/drivers/display/lcd/lv_lcd_generic_mipi.c.o
[123/655] Building C object src/liblvgl/v9/CMakeFiles/v9.dir/lvgl/src/draw/vg_lite/lv_vg_lite_grad.c.o
[124/655] Building C object src/liblvgl/v9/CMakeFiles/v9.dir/lvgl/src/draw/vg_lite/lv_vg_lite_pending.c.o
[125/655] Building C object src/liblvgl/v9/CMakeFiles/v9.dir/lvgl/src/draw/vg_lite/lv_vg_lite_utils.c.o
[126/655] Building C object src/liblvgl/v9/CMakeFiles/v9.dir/lvgl/src/draw/vg_lite/lv_vg_lite_path.c.o
[127/655] Building C object src/liblvgl/v9/CMakeFiles/v9.dir/lvgl/src/drivers/libinput/lv_libinput.c.o
[128/655] Building C object src/liblvgl/v9/CMakeFiles/v9.dir/lvgl/src/drivers/evdev/lv_evdev.c.o
[129/655] Building C object src/liblvgl/v9/CMakeFiles/v9.dir/lvgl/src/draw/sw/lv_draw_sw_transform.c.o
[130/655] Building C object src/liblvgl/v9/CMakeFiles/v9.dir/lvgl/src/drivers/display/st7789/lv_st7789.c.o
[131/655] Building C object src/liblvgl/v9/CMakeFiles/v9.dir/lvgl/src/drivers/display/st7735/lv_st7735.c.o
[132/655] Building C object src/liblvgl/v9/CMakeFiles/v9.dir/lvgl/src/drivers/display/st7796/lv_st7796.c.o
[133/655] Building C object src/liblvgl/v9/CMakeFiles/v9.dir/lvgl/src/drivers/libinput/lv_xkb.c.o
[134/655] Building C object src/liblvgl/v9/CMakeFiles/v9.dir/lvgl/src/draw/sw/lv_draw_sw_mask.c.o
[135/655] Building C object src/liblvgl/v9/CMakeFiles/v9.dir/lvgl/src/drivers/nuttx/lv_nuttx_entry.c.o
[136/655] Building C object src/liblvgl/v9/CMakeFiles/v9.dir/lvgl/src/drivers/nuttx/lv_nuttx_fbdev.c.o
[137/655] Building C object src/liblvgl/v9/CMakeFiles/v9.dir/lvgl/src/drivers/nuttx/lv_nuttx_lcd.c.o
[138/655] Building C object src/liblvgl/v9/CMakeFiles/v9.dir/lvgl/src/drivers/nuttx/lv_nuttx_touchscreen.c.o
[139/655] Building C object src/liblvgl/v9/CMakeFiles/v9.dir/lvgl/src/drivers/sdl/lv_sdl_keyboard.c.o
[140/655] Building C object src/liblvgl/v9/CMakeFiles/v9.dir/lvgl/src/drivers/nuttx/lv_nuttx_cache.c.o
[141/655] Building C object src/liblvgl/v9/CMakeFiles/v9.dir/lvgl/src/drivers/sdl/lv_sdl_mouse.c.o
[142/655] Building C object src/liblvgl/v9/CMakeFiles/v9.dir/lvgl/src/drivers/sdl/lv_sdl_window.c.o
[143/655] Building C object src/liblvgl/v9/CMakeFiles/v9.dir/lvgl/src/drivers/nuttx/lv_nuttx_libuv.c.o
[144/655] Building C object src/liblvgl/v9/CMakeFiles/v9.dir/lvgl/src/drivers/nuttx/lv_nuttx_image_cache.c.o
[145/655] Building C object src/liblvgl/v9/CMakeFiles/v9.dir/lvgl/src/drivers/nuttx/lv_nuttx_profiler.c.o
[146/655] Building C object src/liblvgl/v9/CMakeFiles/v9.dir/lvgl/src/drivers/windows/lv_windows_context.c.o
[147/655] Building C object src/liblvgl/v9/CMakeFiles/v9.dir/lvgl/src/drivers/sdl/lv_sdl_mousewheel.c.o
[148/655] Building C object src/liblvgl/v9/CMakeFiles/v9.dir/lvgl/src/drivers/windows/lv_windows_display.c.o
[149/655] Building C object src/liblvgl/v9/CMakeFiles/v9.dir/lvgl/src/drivers/windows/lv_windows_input.c.o
[150/655] Building C object src/liblvgl/v9/CMakeFiles/v9.dir/lvgl/src/drivers/x11/lv_x11_display.c.o
[151/655] Building C object src/liblvgl/v9/CMakeFiles/v9.dir/lvgl/src/drivers/x11/lv_x11_input.c.o
[152/655] Building C object src/liblvgl/v9/CMakeFiles/v9.dir/lvgl/src/font/lv_font.c.o
[153/655] Building C object src/liblvgl/v9/CMakeFiles/v9.dir/lvgl/src/font/lv_font_montserrat_10.c.o
[154/655] Building C object src/liblvgl/v9/CMakeFiles/v9.dir/lvgl/src/font/lv_font_montserrat_14.c.o
[155/655] Building C object src/liblvgl/v9/CMakeFiles/v9.dir/lvgl/src/font/lv_font_dejavu_16_persian_hebrew.c.o
[156/655] Building C object src/liblvgl/v9/CMakeFiles/v9.dir/lvgl/src/font/lv_font_montserrat_18.c.o
[157/655] Building C object src/liblvgl/v9/CMakeFiles/v9.dir/lvgl/src/font/lv_font_montserrat_12.c.o
[158/655] Building C object src/liblvgl/v9/CMakeFiles/v9.dir/lvgl/src/font/lv_font_montserrat_16.c.o
[159/655] Building C object src/liblvgl/v9/CMakeFiles/v9.dir/lvgl/src/font/lv_font_montserrat_20.c.o
[160/655] Building C object src/liblvgl/v9/CMakeFiles/v9.dir/lvgl/src/draw/sw/blend/lv_draw_sw_blend_to_argb8888.c.o
[161/655] Building C object src/liblvgl/v9/CMakeFiles/v9.dir/lvgl/src/font/lv_font_montserrat_22.c.o
[162/655] Building C object src/liblvgl/v9/CMakeFiles/v9.dir/lvgl/src/font/lv_font_montserrat_24.c.o
[163/655] Building C object src/liblvgl/v9/CMakeFiles/v9.dir/lvgl/src/font/lv_font_montserrat_28.c.o
[164/655] Building C object src/liblvgl/v9/CMakeFiles/v9.dir/lvgl/src/font/lv_font_montserrat_28_compressed.c.o
[165/655] Building C object src/liblvgl/v9/CMakeFiles/v9.dir/lvgl/src/font/lv_font_montserrat_34.c.o
[166/655] Building C object src/liblvgl/v9/CMakeFiles/v9.dir/lvgl/src/font/lv_font_montserrat_26.c.o
[167/655] Building C object src/liblvgl/v9/CMakeFiles/v9.dir/lvgl/src/font/lv_font_montserrat_32.c.o
[168/655] Building C object src/liblvgl/v9/CMakeFiles/v9.dir/lvgl/src/font/lv_font_montserrat_30.c.o
[169/655] Building C object src/liblvgl/v9/CMakeFiles/v9.dir/lvgl/src/font/lv_font_montserrat_38.c.o
[170/655] Building C object src/liblvgl/v9/CMakeFiles/v9.dir/lvgl/src/font/lv_font_montserrat_40.c.o
[171/655] Building C object src/liblvgl/v9/CMakeFiles/v9.dir/lvgl/src/font/lv_font_montserrat_36.c.o
[172/655] Building C object src/liblvgl/v9/CMakeFiles/v9.dir/lvgl/src/font/lv_font_unscii_16.c.o
[173/655] Building C object src/liblvgl/v9/CMakeFiles/v9.dir/lvgl/src/font/lv_font_unscii_8.c.o
[174/655] Building C object src/liblvgl/v9/CMakeFiles/v9.dir/lvgl/src/font/lv_font_montserrat_46.c.o
[175/655] Building C object src/liblvgl/v9/CMakeFiles/v9.dir/lvgl/src/font/lv_font_montserrat_42.c.o
[176/655] Building C object src/liblvgl/v9/CMakeFiles/v9.dir/lvgl/src/font/lv_font_montserrat_44.c.o
[177/655] Building C object src/liblvgl/v9/CMakeFiles/v9.dir/lvgl/src/font/lv_font_montserrat_8.c.o
[178/655] Building C object src/liblvgl/v9/CMakeFiles/v9.dir/lvgl/src/font/lv_font_montserrat_48.c.o
[179/655] Building C object src/liblvgl/v9/CMakeFiles/v9.dir/lvgl/src/font/lv_font_simsun_16_cjk.c.o
[180/655] Building C object src/liblvgl/v9/CMakeFiles/v9.dir/lvgl/src/font/lv_binfont_loader.c.o
[181/655] Building C object src/liblvgl/v9/CMakeFiles/v9.dir/lvgl/src/font/lv_font_fmt_txt.c.o
[182/655] Building C object src/liblvgl/v9/CMakeFiles/v9.dir/lvgl/src/layouts/lv_layout.c.o
[183/655] Building C object src/liblvgl/v9/CMakeFiles/v9.dir/lvgl/src/libs/freetype/lv_freetype.c.o
[184/655] Building C object src/liblvgl/v9/CMakeFiles/v9.dir/lvgl/src/libs/ffmpeg/lv_ffmpeg.c.o
[185/655] Building C object src/liblvgl/v9/CMakeFiles/v9.dir/lvgl/src/indev/lv_indev_scroll.c.o
[186/655] Building C object src/liblvgl/v9/CMakeFiles/v9.dir/lvgl/src/libs/barcode/code128.c.o
[187/655] Building C object src/liblvgl/v9/CMakeFiles/v9.dir/lvgl/src/libs/barcode/lv_barcode.c.o
[188/655] Building C object src/liblvgl/v9/CMakeFiles/v9.dir/lvgl/src/libs/fsdrv/lv_fs_cbfs.c.o
[189/655] Building C object src/liblvgl/v9/CMakeFiles/v9.dir/lvgl/src/libs/bmp/lv_bmp.c.o
[190/655] Building C object src/liblvgl/v9/CMakeFiles/v9.dir/lvgl/src/libs/bin_decoder/lv_bin_decoder.c.o
[191/655] Building C object src/liblvgl/v9/CMakeFiles/v9.dir/lvgl/src/libs/freetype/lv_freetype_image.c.o
[192/655] Building C object src/liblvgl/v9/CMakeFiles/v9.dir/lvgl/src/libs/freetype/lv_ftsystem.c.o
[193/655] Building C object src/liblvgl/v9/CMakeFiles/v9.dir/lvgl/src/libs/freetype/lv_freetype_outline.c.o
[194/655] Building C object src/liblvgl/v9/CMakeFiles/v9.dir/lvgl/src/libs/fsdrv/lv_fs_littlefs.c.o
[195/655] Building C object src/liblvgl/v9/CMakeFiles/v9.dir/lvgl/src/libs/fsdrv/lv_fs_fatfs.c.o
[196/655] Building C object src/liblvgl/v9/CMakeFiles/v9.dir/lvgl/src/libs/freetype/lv_freetype_glyph.c.o
[197/655] Building C object src/liblvgl/v9/CMakeFiles/v9.dir/lvgl/src/libs/fsdrv/lv_fs_posix.c.o
[198/655] Building C object src/liblvgl/v9/CMakeFiles/v9.dir/lvgl/src/libs/fsdrv/lv_fs_memfs.c.o
[199/655] Building C object src/liblvgl/v9/CMakeFiles/v9.dir/lvgl/src/libs/fsdrv/lv_fs_stdio.c.o
[200/655] Building C object src/liblvgl/v9/CMakeFiles/v9.dir/lvgl/src/layouts/grid/lv_grid.c.o
[201/655] Building C object src/liblvgl/v9/CMakeFiles/v9.dir/lvgl/src/libs/lz4/lz4.c.o
[202/655] Building C object src/liblvgl/v9/CMakeFiles/v9.dir/lvgl/src/libs/fsdrv/lv_fs_win32.c.o
[203/655] Building C object src/liblvgl/v9/CMakeFiles/v9.dir/lvgl/src/libs/libjpeg_turbo/lv_libjpeg_turbo.c.o
[204/655] Building C object src/liblvgl/v9/CMakeFiles/v9.dir/lvgl/src/layouts/flex/lv_flex.c.o
[205/655] Building C object src/liblvgl/v9/CMakeFiles/v9.dir/lvgl/src/libs/libpng/lv_libpng.c.o
[206/655] Building C object src/liblvgl/v9/CMakeFiles/v9.dir/lvgl/src/libs/fsdrv/lv_fs_tuya.c.o
[207/655] Building C object src/liblvgl/v9/CMakeFiles/v9.dir/lvgl/src/libs/gif/lv_gif.c.o
[208/655] Building C object src/liblvgl/v9/CMakeFiles/v9.dir/lvgl/src/libs/qrcode/lv_qrcode.c.o
[209/655] Building C object src/liblvgl/v9/CMakeFiles/v9.dir/lvgl/src/libs/lodepng/lodepng.c.o
[210/655] Building C object src/liblvgl/v9/CMakeFiles/v9.dir/lvgl/src/libs/rle/lv_rle.c.o
[211/655] Building C object src/liblvgl/v9/CMakeFiles/v9.dir/lvgl/src/libs/lodepng/lv_lodepng.c.o
[212/655] Building C object src/liblvgl/v9/CMakeFiles/v9.dir/lvgl/src/libs/tiny_ttf/lv_tiny_ttf.c.o
[213/655] Building C object src/liblvgl/v9/CMakeFiles/v9.dir/lvgl/src/libs/rlottie/lv_rlottie.c.o
[214/655] Building C object src/liblvgl/v9/CMakeFiles/v9.dir/lvgl/src/libs/tjpgd/lv_tjpgd.c.o
[215/655] Building C object src/liblvgl/v9/CMakeFiles/v9.dir/lvgl/src/lv_init.c.o
[216/655] Building C object src/liblvgl/v9/CMakeFiles/v9.dir/lvgl/src/misc/cache/lv_cache_entry.c.o
[217/655] Building C object src/liblvgl/v9/CMakeFiles/v9.dir/lvgl/src/misc/cache/_lv_cache_lru_rb.c.o
[218/655] Building C object src/liblvgl/v9/CMakeFiles/v9.dir/lvgl/src/misc/cache/lv_image_cache.c.o
[219/655] Building C object src/liblvgl/v9/CMakeFiles/v9.dir/lvgl/src/misc/cache/lv_cache.c.o
[220/655] Building C object src/liblvgl/v9/CMakeFiles/v9.dir/lvgl/src/indev/lv_indev.c.o
[221/655] Building C object src/liblvgl/v9/CMakeFiles/v9.dir/lvgl/src/misc/lv_bidi.c.o
[222/655] Building C object src/liblvgl/v9/CMakeFiles/v9.dir/lvgl/src/misc/lv_anim_timeline.c.o
[223/655] Building C object src/liblvgl/v9/CMakeFiles/v9.dir/lvgl/src/libs/gif/gifdec.c.o
[224/655] Building C object src/liblvgl/v9/CMakeFiles/v9.dir/lvgl/src/misc/lv_async.c.o
[225/655] Building C object src/liblvgl/v9/CMakeFiles/v9.dir/lvgl/src/misc/lv_color_op.c.o
[226/655] Building C object src/liblvgl/v9/CMakeFiles/v9.dir/lvgl/src/misc/lv_array.c.o
[227/655] Building C object src/liblvgl/v9/CMakeFiles/v9.dir/lvgl/src/misc/lv_color.c.o
[228/655] Building C object src/liblvgl/v9/CMakeFiles/v9.dir/lvgl/src/misc/lv_anim.c.o
[229/655] Building C object src/liblvgl/v9/CMakeFiles/v9.dir/lvgl/src/misc/lv_log.c.o
[230/655] Building C object src/liblvgl/v9/CMakeFiles/v9.dir/lvgl/src/misc/lv_event.c.o
[231/655] Building C object src/liblvgl/v9/CMakeFiles/v9.dir/lvgl/src/libs/tjpgd/tjpgd.c.o
[232/655] Building C object src/liblvgl/v9/CMakeFiles/v9.dir/lvgl/src/misc/lv_palette.c.o
[233/655] Building C object src/liblvgl/v9/CMakeFiles/v9.dir/lvgl/src/misc/lv_area.c.o
[234/655] Building C object src/liblvgl/v9/CMakeFiles/v9.dir/lvgl/src/misc/lv_ll.c.o
[235/655] Building C object src/liblvgl/v9/CMakeFiles/v9.dir/lvgl/src/misc/lv_lru.c.o
[236/655] Building C object src/liblvgl/v9/CMakeFiles/v9.dir/lvgl/src/misc/lv_templ.c.o
[237/655] Building C object src/liblvgl/v9/CMakeFiles/v9.dir/lvgl/src/misc/lv_math.c.o
[238/655] Building C object src/liblvgl/v9/CMakeFiles/v9.dir/lvgl/src/misc/lv_fs.c.o
[239/655] Building C object src/liblvgl/v9/CMakeFiles/v9.dir/lvgl/src/misc/lv_text_ap.c.o
[240/655] Building C object src/liblvgl/v9/CMakeFiles/v9.dir/lvgl/src/misc/lv_utils.c.o
[241/655] Building C object src/liblvgl/v9/CMakeFiles/v9.dir/lvgl/src/osal/lv_cmsis_rtos2.c.o
[242/655] Building C object src/liblvgl/v9/CMakeFiles/v9.dir/lvgl/src/misc/lv_profiler_builtin.c.o
[243/655] Building C object src/liblvgl/v9/CMakeFiles/v9.dir/lvgl/src/misc/lv_rb.c.o
[244/655] Building C object src/liblvgl/v9/CMakeFiles/v9.dir/lvgl/src/misc/lv_style_gen.c.o
[245/655] Building C object src/liblvgl/v9/CMakeFiles/v9.dir/lvgl/src/misc/lv_style.c.o
[246/655] Building C object src/liblvgl/v9/CMakeFiles/v9.dir/lvgl/src/osal/lv_freertos.c.o
[247/655] Building C object src/liblvgl/v9/CMakeFiles/v9.dir/lvgl/src/osal/lv_pthread.c.o
[248/655] Building C object src/liblvgl/v9/CMakeFiles/v9.dir/lvgl/src/osal/lv_windows.c.o
[249/655] Building C object src/liblvgl/v9/CMakeFiles/v9.dir/lvgl/src/osal/lv_rtthread.c.o
[250/655] Building C object src/liblvgl/v9/CMakeFiles/v9.dir/lvgl/src/misc/lv_timer.c.o
[251/655] Building C object src/liblvgl/v9/CMakeFiles/v9.dir/lvgl/src/osal/lv_os_none.c.o
[252/655] Building C object src/liblvgl/v9/CMakeFiles/v9.dir/lvgl/src/misc/lv_text.c.o
[253/655] Building C object src/liblvgl/v9/CMakeFiles/v9.dir/lvgl/src/others/file_explorer/lv_file_explorer.c.o
[254/655] Building C object src/liblvgl/v9/CMakeFiles/v9.dir/lvgl/src/others/fragment/lv_fragment.c.o
[255/655] Building C object src/liblvgl/v9/CMakeFiles/v9.dir/lvgl/src/others/gridnav/lv_gridnav.c.o
[256/655] Building C object src/liblvgl/v9/CMakeFiles/v9.dir/lvgl/src/others/fragment/lv_fragment_manager.c.o
[257/655] Building C object src/liblvgl/v9/CMakeFiles/v9.dir/lvgl/src/others/monkey/lv_monkey.c.o
[258/655] Building C object src/liblvgl/v9/CMakeFiles/v9.dir/lvgl/src/stdlib/builtin/lv_mem_core_builtin.c.o
[259/655] Building C object src/liblvgl/v9/CMakeFiles/v9.dir/lvgl/src/others/sysmon/lv_sysmon.c.o
[260/655] Building C object src/liblvgl/v9/CMakeFiles/v9.dir/lvgl/src/others/vg_lite_tvg/vg_lite_matrix.c.o
[261/655] Building C object src/liblvgl/v9/CMakeFiles/v9.dir/lvgl/src/stdlib/builtin/lv_tlsf.c.o
[262/655] Building C object src/liblvgl/v9/CMakeFiles/v9.dir/lvgl/src/others/snapshot/lv_snapshot.c.o
[263/655] Building C object src/liblvgl/v9/CMakeFiles/v9.dir/lvgl/src/stdlib/clib/lv_mem_core_clib.c.o
[264/655] Building C object src/liblvgl/v9/CMakeFiles/v9.dir/lvgl/src/others/imgfont/lv_imgfont.c.o
[265/655] Building C object src/liblvgl/v9/CMakeFiles/v9.dir/lvgl/src/libs/qrcode/qrcodegen.c.o
[266/655] Building C object src/liblvgl/v9/CMakeFiles/v9.dir/lvgl/src/stdlib/clib/lv_string_clib.c.o
[267/655] Building C object src/liblvgl/v9/CMakeFiles/v9.dir/lvgl/src/stdlib/clib/lv_sprintf_clib.c.o
[268/655] Building C object src/liblvgl/v9/CMakeFiles/v9.dir/lvgl/src/stdlib/micropython/lv_mem_core_micropython.c.o
[269/655] Building C object src/liblvgl/v9/CMakeFiles/v9.dir/lvgl/src/stdlib/rtthread/lv_mem_core_rtthread.c.o
[270/655] Building C object src/liblvgl/v9/CMakeFiles/v9.dir/lvgl/src/stdlib/rtthread/lv_sprintf_rtthread.c.o
[271/655] Building C object src/liblvgl/v9/CMakeFiles/v9.dir/lvgl/src/stdlib/builtin/lv_string_builtin.c.o
[272/655] Building C object src/liblvgl/v9/CMakeFiles/v9.dir/lvgl/src/others/ime/lv_ime_pinyin.c.o
[273/655] Building C object src/liblvgl/v9/CMakeFiles/v9.dir/lvgl/src/stdlib/rtthread/lv_string_rtthread.c.o
[274/655] Building C object src/liblvgl/v9/CMakeFiles/v9.dir/lvgl/src/stdlib/lv_mem.c.o
[275/655] Building C object src/liblvgl/v9/CMakeFiles/v9.dir/lvgl/src/others/observer/lv_observer.c.o
[276/655] Building C object src/liblvgl/v9/CMakeFiles/v9.dir/lvgl/src/stdlib/builtin/lv_sprintf_builtin.c.o
[277/655] Building C object src/liblvgl/v9/CMakeFiles/v9.dir/lvgl/src/tick/lv_tick.c.o
[278/655] Building C object src/liblvgl/v9/CMakeFiles/v9.dir/lvgl/src/widgets/button/lv_button.c.o
[279/655] Building C object src/liblvgl/v9/CMakeFiles/v9.dir/lvgl/src/widgets/animimage/lv_animimage.c.o
[280/655] Building C object src/liblvgl/v9/CMakeFiles/v9.dir/lvgl/src/themes/lv_theme.c.o
[281/655] Building C object src/liblvgl/v9/CMakeFiles/v9.dir/lvgl/src/widgets/bar/lv_bar.c.o
[282/655] Building C object src/liblvgl/v9/CMakeFiles/v9.dir/lvgl/src/themes/mono/lv_theme_mono.c.o
[283/655] Building C object src/liblvgl/v9/CMakeFiles/v9.dir/lvgl/src/themes/simple/lv_theme_simple.c.o
[284/655] Building C object src/liblvgl/v9/CMakeFiles/v9.dir/lvgl/src/widgets/carousel/lv_carousel.c.o
[285/655] Building C object src/liblvgl/v9/CMakeFiles/v9.dir/lvgl/src/widgets/calendar/lv_calendar_header_arrow.c.o
[286/655] Building C object src/liblvgl/v9/CMakeFiles/v9.dir/lvgl/src/widgets/calendar/lv_calendar_header_dropdown.c.o
[287/655] Building C object src/liblvgl/v9/CMakeFiles/v9.dir/lvgl/src/widgets/canvas/lv_canvas.c.o
[288/655] Building C object src/liblvgl/v9/CMakeFiles/v9.dir/lvgl/src/widgets/arc/lv_arc.c.o
[289/655] Building C object src/liblvgl/v9/CMakeFiles/v9.dir/lvgl/src/widgets/calendar/lv_calendar.c.o
[290/655] Building C object src/liblvgl/v9/CMakeFiles/v9.dir/lvgl/src/widgets/checkbox/lv_checkbox.c.o
[291/655] Building C object src/liblvgl/v9/CMakeFiles/v9.dir/lvgl/src/widgets/line/lv_line.c.o
[292/655] Building C object src/liblvgl/v9/CMakeFiles/v9.dir/lvgl/src/widgets/imagebutton/lv_imagebutton.c.o
[293/655] Building C object src/liblvgl/v9/CMakeFiles/v9.dir/lvgl/src/widgets/keyboard/lv_keyboard.c.o
[294/655] Building C object src/liblvgl/v9/CMakeFiles/v9.dir/lvgl/src/widgets/list/lv_list.c.o
[295/655] Building C object src/liblvgl/v9/CMakeFiles/v9.dir/lvgl/src/widgets/led/lv_led.c.o
[296/655] Building C object src/liblvgl/v9/CMakeFiles/v9.dir/lvgl/src/widgets/buttonmatrix/lv_buttonmatrix.c.o
[297/655] Building C object src/liblvgl/v9/CMakeFiles/v9.dir/lvgl/src/widgets/image/lv_image.c.o
[298/655] Building C object src/liblvgl/v9/CMakeFiles/v9.dir/lvgl/src/widgets/menu/lv_menu.c.o
[299/655] Building C object src/liblvgl/v9/CMakeFiles/v9.dir/lvgl/src/widgets/msgbox/lv_msgbox.c.o
[300/655] Building C object src/liblvgl/v9/CMakeFiles/v9.dir/lvgl/src/widgets/objx_templ/lv_objx_templ.c.o
[301/655] Building C object src/liblvgl/v9/CMakeFiles/v9.dir/lvgl/src/widgets/slider/lv_slider.c.o
[302/655] Building C object src/liblvgl/v9/CMakeFiles/v9.dir/lvgl/src/themes/default/lv_theme_default.c.o
[303/655] Building C object src/liblvgl/v9/CMakeFiles/v9.dir/lvgl/src/widgets/label/lv_label.c.o
[304/655] Building C object src/liblvgl/v9/CMakeFiles/v9.dir/lvgl/src/widgets/switch/lv_switch.c.o
[305/655] Building C object src/liblvgl/v9/CMakeFiles/v9.dir/lvgl/src/widgets/roller/lv_roller.c.o
[306/655] Building C object src/liblvgl/v9/CMakeFiles/v9.dir/lvgl/src/widgets/spinner/lv_spinner.c.o
[307/655] Building C object src/liblvgl/v9/CMakeFiles/v9.dir/lvgl/src/widgets/dropdown/lv_dropdown.c.o
[308/655] Building C object src/liblvgl/v9/CMakeFiles/v9.dir/lvgl/src/widgets/spinbox/lv_spinbox.c.o
[309/655] Building C object src/liblvgl/v9/CMakeFiles/v9.dir/lvgl/src/widgets/chart/lv_chart.c.o
[310/655] Building C object src/liblvgl/v9/CMakeFiles/v9.dir/lvgl/src/widgets/tabview/lv_tabview.c.o
[311/655] Building C object src/liblvgl/v9/CMakeFiles/v9.dir/lvgl/src/widgets/tileview/lv_tileview.c.o
[312/655] Building C object src/liblvgl/v9/CMakeFiles/v9.dir/lvgl/src/widgets/scale/lv_scale.c.o
[313/655] Building C object src/liblvgl/v9/CMakeFiles/v9.dir/lvgl/src/widgets/win/lv_win.c.o
[314/655] Building C object src/liblvgl/v9/CMakeFiles/v9.dir/port/lv_port_log.c.o
[315/655] Building C object src/liblvgl/v9/CMakeFiles/v9.dir/port/lv_port_indev.c.o
[316/655] Building C object src/liblvgl/v9/CMakeFiles/v9.dir/port/lv_port_mem.c.o
[317/655] Building C object src/libmqtt/CMakeFiles/libmqtt.dir/coreMQTT/source/core_mqtt_state.c.o
[318/655] Building C object src/libmqtt/CMakeFiles/libmqtt.dir/src/mqtt_client_wrapper.c.o
[319/655] Building C object src/liblvgl/v9/CMakeFiles/v9.dir/lvgl/src/widgets/span/lv_span.c.o
[320/655] Building C object src/liblvgl/v9/CMakeFiles/v9.dir/port/lv_vendor.c.o
[321/655] Building C object src/libtls/CMakeFiles/libtls.dir/src/cipher_wrapper.c.o
[322/655] Building C object src/peripherals/audio_codecs/CMakeFiles/audio_codecs.dir/tdl_audio/src/tdl_audio_manage.c.o
[323/655] Building C object src/liblvgl/v9/CMakeFiles/v9.dir/lvgl/src/widgets/textarea/lv_textarea.c.o
[324/655] Building C object src/liblvgl/v9/CMakeFiles/v9.dir/lvgl/src/widgets/table/lv_table.c.o
[325/655] Building C object src/libmqtt/CMakeFiles/libmqtt.dir/coreMQTT/source/core_mqtt.c.o
[326/655] Building C object src/libmqtt/CMakeFiles/libmqtt.dir/coreMQTT/source/core_mqtt_serializer.c.o
[327/655] Building C object src/peripherals/display/CMakeFiles/display.dir/tdl_display/src/tdl_display_draw_rotate.c.o
[328/655] Building C object src/liblvgl/v9/CMakeFiles/v9.dir/port/lv_port_disp.c.o
[329/655] Building C object src/peripherals/display/CMakeFiles/display.dir/tdl_display/src/tdl_display_draw.c.o
[330/655] Building C object src/peripherals/display/CMakeFiles/display.dir/tdl_display/src/tdl_display_fb_manage.c.o
[331/655] Building C object src/peripherals/display/CMakeFiles/display.dir/tdl_display/src/tdl_display_manage.c.o
[332/655] Building C object src/peripherals/display/CMakeFiles/display.dir/tdl_display/src/tdl_display_format.c.o
[333/655] Building C object src/peripherals/display/CMakeFiles/display.dir/tdd_display/src/i2c/tdd_disp_ssd1306.c.o
[334/655] Building C object src/peripherals/tp/CMakeFiles/tp.dir/tdl_tp/src/tdl_tp_manage.c.o
[335/655] Building C object src/peripherals/tp/CMakeFiles/tp.dir/tdd_tp/src/i2c/tdd_tp_cst816x.c.o
[336/655] Building C object src/peripherals/tp/CMakeFiles/tp.dir/tdd_tp/src/i2c/tdd_tp_cst92xx.c.o
[337/655] Building C object src/peripherals/tp/CMakeFiles/tp.dir/tdd_tp/src/i2c/tdd_tp_gt1151.c.o
[338/655] Building C object src/peripherals/tp/CMakeFiles/tp.dir/tdd_tp/src/i2c/tdd_tp_ft6336.c.o
[339/655] Building C object src/peripherals/tp/CMakeFiles/tp.dir/tdd_tp/src/i2c/tdd_tp_i2c.c.o
[340/655] Building C object src/peripherals/tp/CMakeFiles/tp.dir/tdd_tp/src/i2c/tdd_tp_gt911.c.o
[341/655] Building C object src/tal_bluetooth/CMakeFiles/tal_bluetooth.dir/nimble/host/addr.c.o
[342/655] Building C object src/tal_bluetooth/CMakeFiles/tal_bluetooth.dir/nimble/host/ble_att.c.o
[343/655] Linking C static library lib/liblibmqtt.a
[344/655] Linking C static library lib/libtp.a
[345/655] Linking C static library lib/libdisplay.a
[346/655] Linking C static library lib/liblibtls.a
[347/655] Linking C static library lib/libaudio_codecs.a
[348/655] Building C object src/tal_bluetooth/CMakeFiles/tal_bluetooth.dir/src/tal_bluetooth.c.o
[349/655] Building C object src/tal_bluetooth/CMakeFiles/tal_bluetooth.dir/nimble/host/ble_att_clt.c.o
[350/655] Building C object src/tal_bluetooth/CMakeFiles/tal_bluetooth.dir/nimble/host/ble_att_cmd.c.o
[351/655] Building C object src/tal_bluetooth/CMakeFiles/tal_bluetooth.dir/nimble/host/ble_gatts_lcl.c.o
[352/655] Building C object src/tal_bluetooth/CMakeFiles/tal_bluetooth.dir/nimble/host/ble_hs_atomic.c.o
[353/655] Building C object src/tal_bluetooth/CMakeFiles/tal_bluetooth.dir/nimble/host/ble_hs_cfg.c.o
[354/655] Building C object src/tal_bluetooth/CMakeFiles/tal_bluetooth.dir/nimble/host/ble_hs_endian.c.o
[355/655] Building C object src/tal_bluetooth/CMakeFiles/tal_bluetooth.dir/nimble/host/ble_hs_flow.c.o
[356/655] Building C object src/tal_bluetooth/CMakeFiles/tal_bluetooth.dir/nimble/host/ble_hs.c.o
[357/655] Building C object src/tal_bluetooth/CMakeFiles/tal_bluetooth.dir/nimble/host/ble_hs_conn.c.o
[358/655] Building C object src/tal_bluetooth/CMakeFiles/tal_bluetooth.dir/nimble/host/ble_hs_hci_cmd.c.o
[359/655] Building C object src/tal_bluetooth/CMakeFiles/tal_bluetooth.dir/nimble/host/ble_hs_adv.c.o
[360/655] Building C object src/tal_bluetooth/CMakeFiles/tal_bluetooth.dir/nimble/host/ble_gattc.c.o
[361/655] Building C object src/tal_bluetooth/CMakeFiles/tal_bluetooth.dir/nimble/host/ble_hs_hci.c.o
[362/655] Building C object src/tal_bluetooth/CMakeFiles/tal_bluetooth.dir/nimble/host/ble_hs_id.c.o
[363/655] Building C object src/tal_bluetooth/CMakeFiles/tal_bluetooth.dir/nimble/host/ble_hs_hci_util.c.o
[364/655] Building C object src/tal_bluetooth/CMakeFiles/tal_bluetooth.dir/nimble/host/ble_hs_log.c.o
[365/655] Building C object src/tal_bluetooth/CMakeFiles/tal_bluetooth.dir/nimble/host/ble_hs_hci_evt.c.o
[366/655] Building C object src/tal_bluetooth/CMakeFiles/tal_bluetooth.dir/nimble/host/ble_hs_mbuf.c.o
[367/655] Building C object src/tal_bluetooth/CMakeFiles/tal_bluetooth.dir/nimble/host/ble_hs_periodic_sync.c.o
[368/655] Building C object src/tal_bluetooth/CMakeFiles/tal_bluetooth.dir/nimble/host/ble_hs_mqueue.c.o
[369/655] Building C object src/tal_bluetooth/CMakeFiles/tal_bluetooth.dir/nimble/host/ble_hs_misc.c.o
[370/655] Building C object src/tal_bluetooth/CMakeFiles/tal_bluetooth.dir/nimble/host/ble_hs_pvcy.c.o
[371/655] Building C object src/tal_bluetooth/CMakeFiles/tal_bluetooth.dir/nimble/host/ble_hs_shutdown.c.o
[372/655] Building C object src/tal_bluetooth/CMakeFiles/tal_bluetooth.dir/nimble/host/ble_hs_startup.c.o
[373/655] Building C object src/tal_bluetooth/CMakeFiles/tal_bluetooth.dir/nimble/host/ble_hs_stop.c.o
[374/655] Building C object src/tal_bluetooth/CMakeFiles/tal_bluetooth.dir/nimble/host/ble_l2cap_coc.c.o
[375/655] Building C object src/tal_bluetooth/CMakeFiles/tal_bluetooth.dir/nimble/host/ble_monitor.c.o
[376/655] Building C object src/tal_bluetooth/CMakeFiles/tal_bluetooth.dir/nimble/host/ble_gap.c.o
[377/655] Building C object src/tal_bluetooth/CMakeFiles/tal_bluetooth.dir/nimble/host/ble_l2cap_sig_cmd.c.o
[378/655] Building C object src/tal_bluetooth/CMakeFiles/tal_bluetooth.dir/nimble/host/ble_att_svr.c.o
[379/655] Building C object src/tal_bluetooth/CMakeFiles/tal_bluetooth.dir/nimble/host/ble_gatts.c.o
[380/655] Building C object src/tal_bluetooth/CMakeFiles/tal_bluetooth.dir/nimble/host/ble_l2cap.c.o
[381/655] Building C object src/tal_bluetooth/CMakeFiles/tal_bluetooth.dir/nimble/host/ble_l2cap_sig.c.o
[382/655] Building C object src/tal_bluetooth/CMakeFiles/tal_bluetooth.dir/nimble/host/ble_sm_alg.c.o
[383/655] Building C object src/tal_bluetooth/CMakeFiles/tal_bluetooth.dir/nimble/host/ble_sm.c.o
[384/655] Building C object src/tal_bluetooth/CMakeFiles/tal_bluetooth.dir/nimble/host/ble_sm_cmd.c.o
[385/655] Building C object src/tal_bluetooth/CMakeFiles/tal_bluetooth.dir/nimble/host/ble_sm_lgcy.c.o
[386/655] Building C object src/tal_bluetooth/CMakeFiles/tal_bluetooth.dir/nimble/host/ble_sm_sc.c.o
[387/655] Building C object src/tal_bluetooth/CMakeFiles/tal_bluetooth.dir/nimble/host/ble_svc_gap.c.o
[388/655] Building C object src/tal_bluetooth/CMakeFiles/tal_bluetooth.dir/nimble/host/ble_svc_gatt.c.o
[389/655] Linking C static library lib/libv9.a
[390/655] Building C object src/tal_bluetooth/CMakeFiles/tal_bluetooth.dir/nimble/host/ble_uuid.c.o
[391/655] Building C object src/tal_bluetooth/CMakeFiles/tal_bluetooth.dir/nimble/host/ble_store_util.c.o
[392/655] Building C object src/tal_bluetooth/CMakeFiles/tal_bluetooth.dir/nimble/host/tuya_ble_mempool.c.o
[393/655] Building C object src/tal_bluetooth/CMakeFiles/tal_bluetooth.dir/nimble/host/ble_store.c.o
[394/655] Building C object src/tal_bluetooth/CMakeFiles/tal_bluetooth.dir/nimble/host/tuya_ble_hs_mem.c.o
[395/655] Building C object src/tal_bluetooth/CMakeFiles/tal_bluetooth.dir/nimble/modules/ble_ibeacon.c.o
[396/655] Building C object src/tal_bluetooth/CMakeFiles/tal_bluetooth.dir/nimble/modules/tuya_ble_cli_svc.c.o
[397/655] Building C object src/tal_bluetooth/CMakeFiles/tal_bluetooth.dir/nimble/host/tuya_hs_port.c.o
[398/655] Building C object src/tal_bluetooth/CMakeFiles/tal_bluetooth.dir/nimble/modules/ble_eddystone.c.o
[399/655] Building C object src/tal_bluetooth/CMakeFiles/tal_bluetooth.dir/nimble/host/tuya_ble_peer.c.o
[400/655] Building C object src/tal_cellular/CMakeFiles/tal_cellular.dir/src/tal_cellular.c.o
[401/655] Linking C static library lib/libtal_cellular.a
[402/655] Building C object src/tal_bluetooth/CMakeFiles/tal_bluetooth.dir/nimble/host/tuya_ble_os_adapter.c.o
[403/655] Building C object src/tal_driver/CMakeFiles/tal_driver.dir/uart/tal_uart.c.o
[404/655] Building C object src/tal_image/CMakeFiles/tal_image.dir/src/tal_image_yuv422_to_rgb.c.o
[405/655] Building C object src/tal_image/CMakeFiles/tal_image.dir/src/tal_image_rotate.c.o
[406/655] Building C object src/tal_kv/CMakeFiles/tal_kv.dir/littlefs/lfs_util.c.o
[407/655] Linking C static library lib/libtal_driver.a
[408/655] Building C object src/tal_image/CMakeFiles/tal_image.dir/src/tal_image_scale.c.o
[409/655] Building C object src/tal_cli/CMakeFiles/tal_cli.dir/src/tal_cli.c.o
[410/655] Building C object src/tal_image/CMakeFiles/tal_image.dir/src/tal_image_jpeg_codec.c.o
[411/655] Building C object src/tal_kv/CMakeFiles/tal_kv.dir/src/tal_kv.c.o
[412/655] Building C object src/tal_bluetooth/CMakeFiles/tal_bluetooth.dir/nimble/host/tuya_ble_mbuf.c.o
[413/655] Building C object src/tal_kv/CMakeFiles/tal_kv.dir/src/kv_serialize.c.o
[414/655] Building C object src/tal_bluetooth/CMakeFiles/tal_bluetooth.dir/nimble/tkl_bluetooth.c.o
[415/655] Linking C static library lib/libtal_cli.a
[416/655] Building C object src/tal_network/CMakeFiles/tal_network.dir/src/tal_network_register.c.o
[417/655] Building C object src/tal_security/CMakeFiles/tal_security.dir/src/mbedtls/mbedtls_x509.c.o
[418/655] Building C object src/tal_security/CMakeFiles/tal_security.dir/src/mbedtls/mbedtls_asymmetrical.c.o
[419/655] Building C object src/tal_network/CMakeFiles/tal_network.dir/src/tal_posix.c.o
[420/655] Building C object src/tal_network/CMakeFiles/tal_network.dir/src/tal_platform.c.o
[421/655] Building C object src/tal_image/CMakeFiles/tal_image.dir/src/tjpgd/tjpgd.c.o
[422/655] Building C object src/tal_security/CMakeFiles/tal_security.dir/src/mbedtls/mbedtls_hash.c.o
[423/655] Building C object src/tal_image/CMakeFiles/tal_image.dir/src/tal_image_yuv422_to_binary.c.o
[424/655] Building C object src/tal_security/CMakeFiles/tal_security.dir/src/mbedtls/mbedtls_symmetry.c.o
[425/655] Building C object src/tal_security/CMakeFiles/tal_security.dir/src/tal_asymmetrical.c.o
[426/655] Linking C static library lib/libtal_bluetooth.a
[427/655] Building C object src/tal_system/CMakeFiles/tal_system.dir/src/tal_api.c.o
[428/655] Linking C static library lib/libtal_image.a
[429/655] Building C object src/tal_security/CMakeFiles/tal_security.dir/src/tal_hash.c.o
[430/655] Building C object src/tal_security/CMakeFiles/tal_security.dir/src/tal_x509.c.o
[431/655] Building C object src/tal_system/CMakeFiles/tal_system.dir/src/tal_sleep.c.o
[432/655] Building C object src/tal_system/CMakeFiles/tal_system.dir/src/tal_system.c.o
[433/655] Building C object src/tal_security/CMakeFiles/tal_security.dir/src/tal_symmetry.c.o
[434/655] Building C object src/tal_system/CMakeFiles/tal_system.dir/src/tal_fs.c.o
[435/655] Building C object src/tal_network/CMakeFiles/tal_network.dir/src/tal_network.c.o
[436/655] Building C object src/tal_system/CMakeFiles/tal_system.dir/src/tal_event.c.o
[437/655] Building C object src/tal_system/CMakeFiles/tal_system.dir/src/tal_sw_timer.c.o
[438/655] Building C object src/tal_system/CMakeFiles/tal_system.dir/src/tal_log.c.o
[439/655] Building C object src/tal_system/CMakeFiles/tal_system.dir/src/tal_workq_service.c.o
[440/655] Linking C static library lib/libtal_security.a
[441/655] Linking C static library lib/libtal_network.a
[442/655] Building C object src/tal_system/CMakeFiles/tal_system.dir/src/tal_thread.c.o
[443/655] Building C object src/tal_system/CMakeFiles/tal_system.dir/src/tal_workqueue.c.o
[444/655] Building C object src/tuya_ai_service/CMakeFiles/tuya_ai_service.dir/port/src/gw_intf.c.o
[445/655] Building C object src/tal_system/CMakeFiles/tal_system.dir/src/tal_time_serivce.c.o
[446/655] Building C object src/tuya_ai_service/CMakeFiles/tuya_ai_service.dir/port/src/http_inf.c.o
[447/655] Building C object src/tuya_ai_service/CMakeFiles/tuya_ai_service.dir/port/src/httpc.c.o
[448/655] Building C object src/tuya_ai_service/CMakeFiles/tuya_ai_service.dir/port/src/smart_frame.c.o
[449/655] Building C object src/tuya_ai_service/CMakeFiles/tuya_ai_service.dir/port/src/tuya_devos_utils.c.o
[450/655] Building C object src/tuya_ai_service/CMakeFiles/tuya_ai_service.dir/port/src/tuya_svc_netmgr.c.o
[451/655] Building C object src/tuya_ai_service/CMakeFiles/tuya_ai_service.dir/port/src/tuya_svc_netmgr_linkage.c.o
[452/655] Building C object src/tal_wifi/CMakeFiles/tal_wifi.dir/src/tal_wifi.c.o
[453/655] Linking C static library lib/libtal_system.a
[454/655] Building C object src/tuya_ai_service/CMakeFiles/tuya_ai_service.dir/port/src/tuya_svc_devos.c.o
[455/655] Building C object src/tuya_ai_service/CMakeFiles/tuya_ai_service.dir/port/src/mqc_app.c.o
[456/655] Building C object src/tuya_ai_service/CMakeFiles/tuya_ai_service.dir/port/src/http_manager.c.o
[457/655] Linking C static library lib/libtal_wifi.a
[458/655] Building C object src/tuya_ai_service/CMakeFiles/tuya_ai_service.dir/svc_ai_basic/src/tuya_ai_event.c.o
[459/655] Building C object src/tuya_ai_service/CMakeFiles/tuya_ai_service.dir/svc_ai_agent/src/tuya_ai_output.c.o
[460/655] Building C object src/tuya_ai_service/CMakeFiles/tuya_ai_service.dir/svc_ai_codec/src/tuya_ai_encoder.c.o
[461/655] Building C object src/tuya_cloud_service/CMakeFiles/tuya_cloud_service.dir/authorize/tuya_authorize.c.o
[462/655] Building C object src/tuya_ai_service/CMakeFiles/tuya_ai_service.dir/svc_ai_basic/src/tuya_ai_http.c.o
[463/655] Building C object src/tuya_ai_service/CMakeFiles/tuya_ai_service.dir/svc_ai_agent/src/tuya_ai_input.c.o
[464/655] Building C object src/tuya_ai_service/CMakeFiles/tuya_ai_service.dir/svc_ai_basic/src/tuya_ai_client.c.o
[465/655] Building C object src/tuya_ai_service/CMakeFiles/tuya_ai_service.dir/svc_ai_basic/src/tuya_ai_mqtt.c.o
[466/655] Building C object src/tuya_cloud_service/CMakeFiles/tuya_cloud_service.dir/cloud/atop_base.c.o
[467/655] Building C object src/tuya_cloud_service/CMakeFiles/tuya_cloud_service.dir/cloud/mqtt_bind.c.o
[468/655] Building C object src/tuya_cloud_service/CMakeFiles/tuya_cloud_service.dir/cloud/iotdns.c.o
[469/655] Building C object src/tuya_cloud_service/CMakeFiles/tuya_cloud_service.dir/cloud/atop_service.c.o
[470/655] Building C object src/tuya_cloud_service/CMakeFiles/tuya_cloud_service.dir/cloud/matop_service.c.o
[471/655] Building C object src/tuya_cloud_service/CMakeFiles/tuya_cloud_service.dir/cloud/tuya_device_meta.c.o
[472/655] Building C object src/tuya_ai_service/CMakeFiles/tuya_ai_service.dir/svc_ai_basic/src/tuya_ai_biz.c.o
[473/655] Building C object src/tuya_ai_service/CMakeFiles/tuya_ai_service.dir/svc_ai_monitor/src/tuya_ai_monitor.c.o
[474/655] Building C object src/tuya_cloud_service/CMakeFiles/tuya_cloud_service.dir/cloud/tuya_endpoint.c.o
[475/655] Building C object src/tuya_cloud_service/CMakeFiles/tuya_cloud_service.dir/cloud/mqtt_service.c.o
[476/655] Building C object src/tuya_cloud_service/CMakeFiles/tuya_cloud_service.dir/cloud/tuya_cert_manager.c.o
[477/655] Building C object src/tuya_cloud_service/CMakeFiles/tuya_cloud_service.dir/cloud/tuya_http.c.o
[478/655] Building C object src/tuya_ai_service/CMakeFiles/tuya_ai_service.dir/svc_ai_agent/src/tuya_ai_agent.c.o
[479/655] Building C object src/tuya_cloud_service/CMakeFiles/tuya_cloud_service.dir/cloud/tuya_health.c.o
[480/655] Building C object src/tuya_cloud_service/CMakeFiles/tuya_cloud_service.dir/cloud/tuya_mqtt_dispatch.c.o
[481/655] Building C object src/tuya_cloud_service/CMakeFiles/tuya_cloud_service.dir/cloud/tuya_ota.c.o
[482/655] Building C object src/tuya_cloud_service/CMakeFiles/tuya_cloud_service.dir/cloud/tuya_device_timer.c.o
[483/655] Building C object src/tuya_cloud_service/CMakeFiles/tuya_cloud_service.dir/cloud/tuya_register_center.c.o
[484/655] Building C object src/tuya_cloud_service/CMakeFiles/tuya_cloud_service.dir/file_storage/tuya_file_storage_com.c.o
[485/655] Building C object src/tuya_cloud_service/CMakeFiles/tuya_cloud_service.dir/cloud/tuya_iot.c.o
[486/655] Building C object src/tuya_cloud_service/CMakeFiles/tuya_cloud_service.dir/netmgr/netmgr.c.o
[487/655] Building C object src/tuya_cloud_service/CMakeFiles/tuya_cloud_service.dir/schema/tuya_iot_dp.c.o
[488/655] Building C object src/tuya_cloud_service/CMakeFiles/tuya_cloud_service.dir/lan/lan_sock.c.o
[489/655] Building C object src/tuya_ai_service/CMakeFiles/tuya_ai_service.dir/svc_ai_basic/src/tuya_ai_protocol.c.o
[490/655] Building C object src/tuya_cloud_service/CMakeFiles/tuya_cloud_service.dir/protocol/tuya_protocol.c.o
[491/655] Building C object src/tuya_cloud_service/CMakeFiles/tuya_cloud_service.dir/tls/tuya_tls.c.o
[492/655] Building C object src/tuya_cloud_service/CMakeFiles/tuya_cloud_service.dir/file_storage/tuya_file_storage_upd.c.o
[493/655] Building C object src/tuya_cloud_service/CMakeFiles/tuya_cloud_service.dir/file_storage/tuya_file_storage_dld.c.o
[494/655] Building C object src/tuya_cloud_service/CMakeFiles/tuya_cloud_service.dir/transport/tcp_transporter.c.o
[495/655] Building C object src/tuya_cloud_service/CMakeFiles/tuya_cloud_service.dir/transport/tls_transporter.c.o
[496/655] Building C object src/tuya_cloud_service/CMakeFiles/tuya_cloud_service.dir/transport/websocket_transporter.c.o
[497/655] Linking C static library lib/libtuya_ai_service.a
[498/655] Building C object src/tuya_cloud_service/CMakeFiles/tuya_cloud_service.dir/schema/dp_schema.c.o
[499/655] Building C object src/tuya_cloud_service/CMakeFiles/tuya_cloud_service.dir/netcfg/ap_pbkdf2.c.o
[500/655] Building C object src/tuya_cloud_service/CMakeFiles/tuya_cloud_service.dir/transport/tuya_transport.c.o
[501/655] Building C object src/tal_kv/CMakeFiles/tal_kv.dir/littlefs/lfs.c.o
[502/655] Building C object src/tuya_cloud_service/CMakeFiles/tuya_cloud_service.dir/lan/tuya_lan.c.o
[503/655] Linking C static library lib/libtal_kv.a
[504/655] Building C object src/tuya_cloud_service/CMakeFiles/tuya_cloud_service.dir/netcfg/netcfg.c.o
[505/655] Building C object src/tuya_cloud_service/CMakeFiles/tuya_cloud_service.dir/netmgr/netconn_wifi.c.o
[506/655] Building C object src/tuya_cloud_service/CMakeFiles/tuya_cloud_service.dir/ble/ble_netcfg.c.o
[507/655] Building C object src/tuya_cloud_service/CMakeFiles/tuya_cloud_service.dir/ble/ble_cryption.c.o
[508/655] Building C object boards/ESP32/WAVESHARE_ESP32S3_Touch_LCD_7/CMakeFiles/WAVESHARE_ESP32S3_Touch_LCD_7.dir/waveshare_esp32s3_touch_lcd_7.c.o
[509/655] Building C object src/tuya_cloud_service/CMakeFiles/tuya_cloud_service.dir/ble/ble_channel.c.o
[510/655] Building C object src/tuya_cloud_service/CMakeFiles/tuya_cloud_service.dir/weather/tuya_weather.c.o
[511/655] Building C object src/tuya_cloud_service/CMakeFiles/tuya_cloud_service.dir/ble/ble_trsmitr.c.o
[512/655] Building C object src/tuya_cloud_service/CMakeFiles/tuya_cloud_service.dir/netcfg/ap_netcfg.c.o
[513/655] Linking C static library lib/libWAVESHARE_ESP32S3_Touch_LCD_7.a
[514/655] Generating language config header from /Users/xiongzhenhua/gitlab/embedded/TuyaOpen/apps/tuya.ai/ai_components/assets/language/zh-CN/language.json
2026-05-18 09:47:00 - INFO - Reading input file: /Users/xiongzhenhua/gitlab/embedded/TuyaOpen/apps/tuya.ai/ai_components/assets/language/zh-CN/language.json
2026-05-18 09:47:00 - INFO - Language code: zh-CN
2026-05-18 09:47:00 - INFO - Writing output file: /Users/xiongzhenhua/gitlab/embedded/TuyaOpen/apps/tuya.ai/ai_components/assets/include/lang_config.h
2026-05-18 09:47:00 - INFO - Header file generated successfully
[515/655] Building C object src/tuya_cloud_service/CMakeFiles/tuya_cloud_service.dir/ble/ble_dp.c.o
[516/655] Building C object src/tuya_cloud_service/CMakeFiles/tuya_cloud_service.dir/ble/ble_mgr.c.o
[517/655] Building C object CMakeFiles/tuyaapp.dir/apps/tuya.ai/ai_components/assets/src/local_alert_src_en.c.o
[518/655] Building C object CMakeFiles/tuyaapp.dir/apps/tuya.ai/ai_components/assets/src/media_src.c.o
[519/655] Building C object CMakeFiles/tuyaapp.dir/apps/tuya.ai/pai_xue_ji/src/app_chat_bot.c.o
[520/655] Building C object CMakeFiles/tuyaapp.dir/apps/tuya.ai/pai_xue_ji/src/app_ui_action.c.o
[521/655] Building C object CMakeFiles/tuyaapp.dir/apps/tuya.ai/ai_components/ai_agent/src/ai_agent.c.o
[522/655] Building C object CMakeFiles/tuyaapp.dir/apps/tuya.ai/pai_xue_ji/src/reset_netcfg.c.o
[523/655] Building C object CMakeFiles/tuyaapp.dir/apps/tuya.ai/pai_xue_ji/src/tuya_main.c.o
[524/655] Building C object CMakeFiles/tuyaapp.dir/apps/tuya.ai/ai_components/ai_main/src/ai_chat_main.c.o
[525/655] Building C object CMakeFiles/tuyaapp.dir/apps/tuya.ai/ai_components/ai_main/src/ai_chat_ui.c.o
[526/655] Building C object CMakeFiles/tuyaapp.dir/apps/tuya.ai/ai_components/ai_audio/src/ai_audio_input.c.o
[527/655] Building C object CMakeFiles/tuyaapp.dir/apps/tuya.ai/ai_components/assets/src/local_alert_src_zh.c.o
[528/655] Building C object CMakeFiles/tuyaapp.dir/apps/tuya.ai/ai_components/ai_audio/src/ai_audio_player.c.o
[529/655] Building C object CMakeFiles/tuyaapp.dir/apps/tuya.ai/ai_components/ai_mode/src/ai_mode_hold.c.o
[530/655] Building C object CMakeFiles/tuyaapp.dir/apps/tuya.ai/ai_components/ai_mode/src/ai_mode_free.c.o
[531/655] Building C object CMakeFiles/tuyaapp.dir/apps/tuya.ai/ai_components/ai_mode/src/ai_mode_oneshot.c.o
[532/655] Building C object CMakeFiles/tuyaapp.dir/apps/tuya.ai/ai_components/ai_skills/src/ai_skill.c.o
[533/655] Building C object CMakeFiles/tuyaapp.dir/apps/tuya.ai/ai_components/ai_mcp/src/ai_mcp_tools.c.o
[534/655] Building C object CMakeFiles/tuyaapp.dir/apps/tuya.ai/ai_components/ai_mode/src/ai_manage_mode.c.o
[535/655] Building C object CMakeFiles/tuyaapp.dir/apps/tuya.ai/ai_components/ai_mode/src/ai_mode_wakeup.c.o
[536/655] Building C object CMakeFiles/tuyaapp.dir/apps/tuya.ai/ai_components/ai_skills/src/skill_emotion.c.o
[537/655] Building C object CMakeFiles/tuyaapp.dir/apps/tuya.ai/ai_components/ai_skills/src/skill_cloudevent.c.o
[538/655] Building C object CMakeFiles/tuyaapp.dir/apps/tuya.ai/ai_components/ai_ui/src/ai_ui_camera.c.o
[539/655] Building C object CMakeFiles/tuyaapp.dir/apps/tuya.ai/ai_components/ai_skills/src/skill_music_story.c.o
[540/655] Building C object CMakeFiles/tuyaapp.dir/apps/tuya.ai/ai_components/ai_ui/src/ai_ui_image_album.c.o
[541/655] Building C object CMakeFiles/tuyaapp.dir/apps/tuya.ai/ai_components/ai_mcp/src/ai_mcp_server.c.o
[542/655] Building C object CMakeFiles/tuyaapp.dir/apps/tuya.ai/ai_components/ai_ui/src/wechat/ai_ui_wechat_album.c.o
[543/655] Building C object CMakeFiles/tuyaapp.dir/apps/tuya.ai/ai_components/ai_ui/src/wechat/ai_ui_wechat_camera.c.o
[544/655] Building C object CMakeFiles/tuyaapp.dir/apps/tuya.ai/ai_components/ai_ui/src/ai_ui_page.c.o
[545/655] Building C object CMakeFiles/tuyaapp.dir/apps/tuya.ai/ai_components/ai_ui/src/ai_ui_stream_text.c.o
[546/655] Building C object CMakeFiles/tuyaapp.dir/apps/tuya.ai/ai_components/ai_ui/src/ai_ui_icon_font.c.o
[547/655] Building C object CMakeFiles/tuyaapp.dir/apps/tuya.ai/ai_components/ai_ui/src/wechat/ai_ui_chat_wechat.c.o
[548/655] Building C object CMakeFiles/tuyaapp.dir/apps/tuya.ai/ai_components/ai_ui/font/AlibabaPuHuiTi3_Regular16.c.o
[549/655] Building C object CMakeFiles/tuyaapp.dir/apps/tuya.ai/ai_components/ai_ui/font/AlibabaPuHuiTi3_Regular20.c.o
[550/655] Building C object CMakeFiles/tuyaapp.dir/apps/tuya.ai/ai_components/ai_ui/src/ai_ui_manage.c.o
[551/655] Building C object CMakeFiles/tuyaapp.dir/apps/tuya.ai/ai_components/ai_ui/font/AlibabaPuHuiTi3_Regular30.c.o
[552/655] Building C object CMakeFiles/tuyaapp.dir/apps/tuya.ai/ai_components/ai_ui/font/AlibabaPuHuiTi3_Regular40.c.o
[553/655] Building C object CMakeFiles/tuyaapp.dir/apps/tuya.ai/ai_components/ai_ui/font/font_awesome_14_1.c.o
[554/655] Building C object CMakeFiles/tuyaapp.dir/apps/tuya.ai/ai_components/ai_ui/font/AlibabaPuHuiTi3_Regular65.c.o
[555/655] Building C object CMakeFiles/tuyaapp.dir/apps/tuya.ai/ai_components/ai_ui/font/font_awesome_16_4.c.o
[556/655] Building C object CMakeFiles/tuyaapp.dir/apps/tuya.ai/ai_components/ai_ui/src/wechat/ai_ui_wechat_chat.c.o
[557/655] Building C object CMakeFiles/tuyaapp.dir/apps/tuya.ai/ai_components/ai_ui/font/AlibabaPuHuiTi3_Regular120.c.o
[558/655] Building C object CMakeFiles/tuyaapp.dir/apps/tuya.ai/ai_components/ai_ui/font/font_awesome_30_1.c.o
[559/655] Building C object CMakeFiles/tuyaapp.dir/apps/tuya.ai/ai_components/ai_ui/font/font_awesome_20_4.c.o
[560/655] Building C object CMakeFiles/tuyaapp.dir/apps/tuya.ai/ai_components/ai_ui/font/font_awesome_30_4.c.o
[561/655] Building C object CMakeFiles/tuyaapp.dir/apps/tuya.ai/ai_components/ai_ui/font/emoji/emoji_1f602_32.c.o
[562/655] Building C object CMakeFiles/tuyaapp.dir/apps/tuya.ai/ai_components/ai_ui/font/emoji/emoji_1f606_32.c.o
[563/655] Building C object CMakeFiles/tuyaapp.dir/apps/tuya.ai/ai_components/ai_ui/font/emoji/emoji_1f602_64.c.o
[564/655] Building C object CMakeFiles/tuyaapp.dir/apps/tuya.ai/ai_components/ai_ui/font/font_puhui_14_1.c.o
[565/655] Building C object CMakeFiles/tuyaapp.dir/apps/tuya.ai/ai_components/ai_ui/font/emoji/emoji_1f606_64.c.o
[566/655] Building C object CMakeFiles/tuyaapp.dir/apps/tuya.ai/ai_components/ai_ui/font/emoji/emoji_1f609_32.c.o
[567/655] Building C object CMakeFiles/tuyaapp.dir/apps/tuya.ai/ai_components/ai_ui/font/emoji/emoji_1f609_64.c.o
[568/655] Building C object CMakeFiles/tuyaapp.dir/apps/tuya.ai/ai_components/ai_ui/font/emoji/emoji_1f60c_32.c.o
[569/655] Building C object CMakeFiles/tuyaapp.dir/apps/tuya.ai/ai_components/ai_ui/font/AlibabaPuHuiTi3_Regular18_Static.c.o
[570/655] Building C object CMakeFiles/tuyaapp.dir/apps/tuya.ai/ai_components/ai_ui/font/emoji/emoji_1f60c_64.c.o
[571/655] Building C object CMakeFiles/tuyaapp.dir/apps/tuya.ai/ai_components/ai_ui/font/emoji/emoji_1f60d_32.c.o
[572/655] Building C object CMakeFiles/tuyaapp.dir/apps/tuya.ai/ai_components/ai_ui/font/emoji/emoji_1f60d_64.c.o
[573/655] Building C object CMakeFiles/tuyaapp.dir/apps/tuya.ai/ai_components/ai_ui/font/emoji/emoji_1f60f_32.c.o
[574/655] Building C object CMakeFiles/tuyaapp.dir/apps/tuya.ai/ai_components/ai_ui/font/emoji/emoji_1f60e_32.c.o
[575/655] Building C object CMakeFiles/tuyaapp.dir/apps/tuya.ai/ai_components/ai_ui/font/emoji/emoji_1f60f_64.c.o
[576/655] Building C object CMakeFiles/tuyaapp.dir/apps/tuya.ai/ai_components/ai_ui/font/emoji/emoji_1f60e_64.c.o
[577/655] Building C object CMakeFiles/tuyaapp.dir/apps/tuya.ai/ai_components/ai_ui/font/emoji/emoji_1f614_32.c.o
[578/655] Building C object CMakeFiles/tuyaapp.dir/apps/tuya.ai/ai_components/ai_ui/font/emoji/emoji_1f614_64.c.o
[579/655] Building C object CMakeFiles/tuyaapp.dir/apps/tuya.ai/ai_components/ai_ui/font/emoji/emoji_1f618_32.c.o
[580/655] Building C object CMakeFiles/tuyaapp.dir/apps/tuya.ai/ai_components/ai_ui/font/font_puhui_16_2.c.o
[581/655] Building C object CMakeFiles/tuyaapp.dir/apps/tuya.ai/ai_components/ai_ui/font/emoji/emoji_1f618_64.c.o
[582/655] Building C object CMakeFiles/tuyaapp.dir/apps/tuya.ai/ai_components/ai_ui/font/emoji/emoji_1f61c_32.c.o
[583/655] Building C object CMakeFiles/tuyaapp.dir/apps/tuya.ai/ai_components/ai_ui/font/emoji/emoji_1f61c_64.c.o
[584/655] Building C object CMakeFiles/tuyaapp.dir/apps/tuya.ai/ai_components/ai_ui/font/emoji/emoji_1f620_32.c.o
[585/655] Building C object CMakeFiles/tuyaapp.dir/apps/tuya.ai/ai_components/ai_ui/font/font_puhui_18_2.c.o
[586/655] Building C object CMakeFiles/tuyaapp.dir/apps/tuya.ai/ai_components/ai_ui/font/emoji/emoji_1f620_64.c.o
[587/655] Building C object CMakeFiles/tuyaapp.dir/apps/tuya.ai/ai_components/ai_ui/font/emoji/emoji_1f62d_32.c.o
[588/655] Building C object CMakeFiles/tuyaapp.dir/apps/tuya.ai/ai_components/ai_ui/font/emoji/emoji_1f62d_64.c.o
[589/655] Building C object CMakeFiles/tuyaapp.dir/apps/tuya.ai/ai_components/ai_ui/font/emoji/emoji_1f62f_32.c.o
[590/655] Building C object CMakeFiles/tuyaapp.dir/apps/tuya.ai/ai_components/ai_ui/font/emoji/emoji_1f62f_64.c.o
[591/655] Building C object CMakeFiles/tuyaapp.dir/apps/tuya.ai/ai_components/ai_ui/font/emoji/emoji_1f633_32.c.o
[592/655] Building C object CMakeFiles/tuyaapp.dir/apps/tuya.ai/ai_components/ai_ui/font/emoji/emoji_1f634_32.c.o
[593/655] Building C object CMakeFiles/tuyaapp.dir/apps/tuya.ai/ai_components/ai_ui/font/emoji/emoji_1f631_32.c.o
[594/655] Building C object CMakeFiles/tuyaapp.dir/apps/tuya.ai/ai_components/ai_ui/font/emoji/emoji_1f634_64.c.o
[595/655] Building C object CMakeFiles/tuyaapp.dir/apps/tuya.ai/ai_components/ai_ui/font/emoji/emoji_1f631_64.c.o
[596/655] Building C object CMakeFiles/tuyaapp.dir/apps/tuya.ai/ai_components/ai_ui/font/emoji/emoji_1f633_64.c.o
[597/655] Building C object CMakeFiles/tuyaapp.dir/apps/tuya.ai/ai_components/ai_ui/font/puhui_3bp_18.c.o
[598/655] Building C object CMakeFiles/tuyaapp.dir/apps/tuya.ai/ai_components/ai_ui/font/font_puhui_20_2.c.o
[599/655] Building C object CMakeFiles/tuyaapp.dir/apps/tuya.ai/ai_components/ai_ui/font/emoji/emoji_1f636_32.c.o
[600/655] Building C object CMakeFiles/tuyaapp.dir/apps/tuya.ai/ai_components/ai_ui/font/emoji/emoji_1f644_32.c.o
[601/655] Building C object CMakeFiles/tuyaapp.dir/apps/tuya.ai/ai_components/ai_ui/font/emoji/emoji_1f636_64.c.o
[602/655] Building C object CMakeFiles/tuyaapp.dir/apps/tuya.ai/ai_components/ai_ui/font/emoji/emoji_1f914_32.c.o
[603/655] Building C object CMakeFiles/tuyaapp.dir/apps/tuya.ai/ai_components/ai_ui/font/emoji/emoji_1f642_32.c.o
[604/655] Building C object CMakeFiles/tuyaapp.dir/apps/tuya.ai/ai_components/ai_ui/font/emoji/emoji_1f642_64.c.o
[605/655] Building C object CMakeFiles/tuyaapp.dir/apps/tuya.ai/ai_components/ai_ui/font/emoji/emoji_1f644_64.c.o
[606/655] Building C object CMakeFiles/tuyaapp.dir/apps/tuya.ai/ai_components/ai_ui/font/emoji/emoji_1f914_64.c.o
[607/655] Building C object CMakeFiles/tuyaapp.dir/apps/tuya.ai/ai_components/ai_ui/icon/v9/ai_camera_on.c.o
[608/655] Building C object CMakeFiles/tuyaapp.dir/apps/tuya.ai/ai_components/ai_ui/font/emoji/emoji_1f924_32.c.o
[609/655] Building C object CMakeFiles/tuyaapp.dir/apps/tuya.ai/ai_components/ai_ui/font/emoji/emoji_1f924_64.c.o
[610/655] Building C object CMakeFiles/tuyaapp.dir/apps/tuya.ai/ai_components/ai_ui/font/emoji/font_emoji_64.c.o
[611/655] Building C object CMakeFiles/tuyaapp.dir/apps/tuya.ai/ai_components/ai_ui/icon/v9/add_img.c.o
[612/655] Building C object CMakeFiles/tuyaapp.dir/apps/tuya.ai/ai_components/ai_ui/font/emoji/font_emoji_32.c.o
[613/655] Building C object CMakeFiles/tuyaapp.dir/apps/tuya.ai/ai_components/ai_ui/icon/v9/ai_camera_off.c.o
[614/655] Building C object CMakeFiles/tuyaapp.dir/apps/tuya.ai/ai_components/ai_ui/icon/v9/ai_icon.c.o
[615/655] Building C object CMakeFiles/tuyaapp.dir/apps/tuya.ai/ai_components/ai_ui/font/font_puhui_16_4.c.o
[616/655] Building C object CMakeFiles/tuyaapp.dir/apps/tuya.ai/ai_components/ai_ui/icon/v9/arrow_yellow.c.o
[617/655] Building C object CMakeFiles/tuyaapp.dir/apps/tuya.ai/ai_components/ai_ui/icon/v9/alarm_app.c.o
[618/655] Building C object CMakeFiles/tuyaapp.dir/apps/tuya.ai/ai_components/ai_ui/icon/v9/back_24_24.c.o
[619/655] Building C object CMakeFiles/tuyaapp.dir/apps/tuya.ai/ai_components/ai_ui/icon/v9/arrow_right.c.o
[620/655] Building C object CMakeFiles/tuyaapp.dir/apps/tuya.ai/ai_components/ai_ui/icon/v9/brightness.c.o
[621/655] Building C object CMakeFiles/tuyaapp.dir/apps/tuya.ai/ai_components/ai_ui/icon/v9/arrow_white.c.o
[622/655] Building C object CMakeFiles/tuyaapp.dir/apps/tuya.ai/ai_components/ai_ui/icon/v9/arrow_black.c.o
[623/655] Building C object CMakeFiles/tuyaapp.dir/apps/tuya.ai/ai_components/ai_ui/icon/v9/battery_icon.c.o
[624/655] Building C object CMakeFiles/tuyaapp.dir/apps/tuya.ai/ai_components/ai_ui/icon/v9/calendar.c.o
[625/655] Building C object CMakeFiles/tuyaapp.dir/apps/tuya.ai/ai_components/ai_ui/icon/v9/calendar_app.c.o
[626/655] Building C object CMakeFiles/tuyaapp.dir/apps/tuya.ai/ai_components/ai_ui/icon/v9/camera_app.c.o
[627/655] Building C object CMakeFiles/tuyaapp.dir/apps/tuya.ai/ai_components/ai_ui/icon/v9/choose.c.o
[628/655] Building C object CMakeFiles/tuyaapp.dir/apps/tuya.ai/ai_components/ai_ui/icon/v9/clock_vol.c.o
[629/655] Building C object CMakeFiles/tuyaapp.dir/apps/tuya.ai/ai_components/ai_ui/icon/v9/file_app.c.o
[630/655] Building C object CMakeFiles/tuyaapp.dir/apps/tuya.ai/ai_components/ai_ui/icon/v9/clock.c.o
[631/655] Building C object CMakeFiles/tuyaapp.dir/apps/tuya.ai/ai_components/ai_ui/icon/v9/icon_dog.c.o
[632/655] Building C object CMakeFiles/tuyaapp.dir/apps/tuya.ai/ai_components/ai_ui/icon/v9/clock_app.c.o
[633/655] Building C object CMakeFiles/tuyaapp.dir/apps/tuya.ai/ai_components/ai_ui/icon/v9/delete.c.o
[634/655] Building C object CMakeFiles/tuyaapp.dir/apps/tuya.ai/ai_components/ai_ui/icon/v9/network_30_30.c.o
[635/655] Building C object CMakeFiles/tuyaapp.dir/apps/tuya.ai/ai_components/ai_ui/icon/v9/photo_app.c.o
[636/655] Building C object CMakeFiles/tuyaapp.dir/apps/tuya.ai/ai_components/ai_ui/icon/v9/point_2.c.o
[637/655] Building C object CMakeFiles/tuyaapp.dir/apps/tuya.ai/ai_components/ai_ui/icon/v9/point_1.c.o
[638/655] Building C object CMakeFiles/tuyaapp.dir/apps/tuya.ai/ai_components/ai_ui/icon/v9/record_app.c.o
[639/655] Building C object CMakeFiles/tuyaapp.dir/apps/tuya.ai/ai_components/ai_ui/icon/v9/up.c.o
[640/655] Building C object CMakeFiles/tuyaapp.dir/apps/tuya.ai/ai_components/ai_ui/icon/v9/settings_app.c.o
[641/655] Building C object CMakeFiles/tuyaapp.dir/apps/tuya.ai/ai_components/ai_ui/icon/v9/printer_app.c.o
[642/655] Building C object CMakeFiles/tuyaapp.dir/apps/tuya.ai/ai_components/ai_ui/icon/v9/tuya_app_qr.c.o
[643/655] Building C object CMakeFiles/tuyaapp.dir/apps/tuya.ai/ai_components/ai_ui/icon/v9/weather.c.o
[644/655] Building C object CMakeFiles/tuyaapp.dir/apps/tuya.ai/ai_components/ai_ui/icon/v9/volume.c.o
[645/655] Building C object CMakeFiles/tuyaapp.dir/apps/tuya.ai/ai_components/ai_ui/icon/v9/weather_app.c.o
[646/655] Building C object CMakeFiles/tuyaapp.dir/apps/tuya.ai/ai_components/utility/src/stop_watch.c.o
[647/655] Building C object CMakeFiles/tuyaapp.dir/apps/tuya.ai/ai_components/utility/src/ai_user_event.c.o
[648/655] Building C object CMakeFiles/tuyaapp.dir/apps/tuya.ai/ai_components/ai_ui/icon/v9/wifi_24_24.c.o
[649/655] Linking C static library lib/libtuya_cloud_service.a
[650/655] Building C object CMakeFiles/tuyaapp.dir/apps/tuya.ai/ai_components/ai_ui/icon/v9/wifi_30_30.c.o
[651/655] Building C object CMakeFiles/tuyaapp.dir/apps/tuya.ai/ai_components/ai_ui/font/font_puhui_20_4.c.o
[652/655] Linking C static library lib/libtuyaos.a
[653/655] Building C object CMakeFiles/tuyaapp.dir/apps/tuya.ai/ai_components/ai_ui/font/font_puhui_30_4.c.o
[654/655] Linking C static library lib/libtuyaapp.a
[654/655] [EXAMPLE] Generate execute file [pai_xue_ji]:
delete: .target
delete: .app
delete: sdkconfig
delete: sdkconfig.old
delete: sdkconfig.defaults
delete: build
use_usb: True
do subprocess: . /Users/xiongzhenhua/gitlab/embedded/TuyaOpen/platform/ESP32/esp-idf/export.sh && cd /Users/xiongzhenhua/gitlab/embedded/TuyaOpen/platform/ESP32/tuya_open_sdk && idf.py set-target esp32s3
Checking "python3" ...
Python 3.14.0
"python3" has been detected
WARNING: Failed to load shell autocompletion for bash version: 3.2.57(1)-release!

Done! You can now compile ESP-IDF projects.
Go to the project directory and run:

  idf.py build
Adding "set-target"'s dependency "fullclean" to list of commands with default set of options.
Executing action: fullclean
Build directory '/Users/xiongzhenhua/gitlab/embedded/TuyaOpen/platform/ESP32/tuya_open_sdk/build' not found. Nothing to clean.
Executing action: set-target
Set Target to: esp32s3, new sdkconfig will be created.
Running cmake in directory /Users/xiongzhenhua/gitlab/embedded/TuyaOpen/platform/ESP32/tuya_open_sdk/build
Executing "cmake -G Ninja -DPYTHON_DEPS_CHECKED=1 -DPYTHON=/Users/xiongzhenhua/gitlab/embedded/TuyaOpen/platform/ESP32/.espressif/python_env/idf5.4_py3.14_env/bin/python -DESP_PLATFORM=1 -DIDF_TARGET=esp32s3 -DCCACHE_ENABLE=0 /Users/xiongzhenhua/gitlab/embedded/TuyaOpen/platform/ESP32/tuya_open_sdk"...
-- Found Git: /usr/local/bin/git (found version "2.21.0")
-- The C compiler identification is GNU 14.2.0
-- The CXX compiler identification is GNU 14.2.0
-- The ASM compiler identification is GNU
-- Found assembler: /Users/xiongzhenhua/gitlab/embedded/TuyaOpen/platform/ESP32/.espressif/tools/xtensa-esp-elf/esp-14.2.0_20241119/xtensa-esp-elf/bin/xtensa-esp32s3-elf-gcc
-- Detecting C compiler ABI info
-- Detecting C compiler ABI info - done
-- Check for working C compiler: /Users/xiongzhenhua/gitlab/embedded/TuyaOpen/platform/ESP32/.espressif/tools/xtensa-esp-elf/esp-14.2.0_20241119/xtensa-esp-elf/bin/xtensa-esp32s3-elf-gcc - skipped
-- Detecting C compile features
-- Detecting C compile features - done
-- Detecting CXX compiler ABI info
-- Detecting CXX compiler ABI info - done
-- Check for working CXX compiler: /Users/xiongzhenhua/gitlab/embedded/TuyaOpen/platform/ESP32/.espressif/tools/xtensa-esp-elf/esp-14.2.0_20241119/xtensa-esp-elf/bin/xtensa-esp32s3-elf-g++ - skipped
-- Detecting CXX compile features
-- Detecting CXX compile features - done
-- Building ESP-IDF components for target esp32s3
NOTICE: Processing 14 dependencies:
NOTICE: [1/14] espressif/cjson (1.7.19~2)
NOTICE: [2/14] espressif/cmake_utilities (0.5.3)
NOTICE: [3/14] espressif/dl_fft (0.4.0)
NOTICE: [4/14] espressif/esp-dsp (1.8.0)
NOTICE: [5/14] espressif/esp-sr (2.4.4)
NOTICE: [6/14] espressif/esp_codec_dev (1.3.6)
NOTICE: [7/14] espressif/esp_io_expander (1.2.1)
NOTICE: [8/14] espressif/esp_io_expander_tca9554 (2.0.0)
NOTICE: [9/14] espressif/esp_lcd_panel_io_additions (1.0.1~1)
NOTICE: [10/14] espressif/esp_lcd_touch (1.2.1)
NOTICE: [11/14] espressif/esp_lcd_touch_ft5x06 (1.0.7)
NOTICE: [12/14] espressif/esp_lcd_touch_gt911 (1.2.0~2)
NOTICE: [13/14] waveshare/esp_lcd_sh8601 (1.0.2)
NOTICE: [14/14] idf (5.4.0)
-- CONFIG_ESP32P4_SELECTS_REV_LESS_V3 is 
-- IDF_VERSION_MAJOR is 5
-- IDF_VERSION_MINOR is 4
-- IDF_VERSION_PATCH is 0
-- TARGET_LIB_PATH is set to: esp32s3
-- Project sdkconfig file /Users/xiongzhenhua/gitlab/embedded/TuyaOpen/platform/ESP32/tuya_open_sdk/sdkconfig
Loading defaults file /Users/xiongzhenhua/gitlab/embedded/TuyaOpen/platform/ESP32/tuya_open_sdk/sdkconfig.defaults...
warning: unknown kconfig symbol 'LV_CONF_SKIP' assigned to 'n' in /Users/xiongzhenhua/gitlab/embedded/TuyaOpen/platform/ESP32/tuya_open_sdk/sdkconfig.defaults
warning: unknown kconfig symbol 'LV_CONF_MINIMAL' assigned to 'n' in /Users/xiongzhenhua/gitlab/embedded/TuyaOpen/platform/ESP32/tuya_open_sdk/sdkconfig.defaults
warning: unknown kconfig symbol 'LV_COLOR_DEPTH_32' assigned to 'n' in /Users/xiongzhenhua/gitlab/embedded/TuyaOpen/platform/ESP32/tuya_open_sdk/sdkconfig.defaults
warning: unknown kconfig symbol 'LV_COLOR_DEPTH_24' assigned to 'n' in /Users/xiongzhenhua/gitlab/embedded/TuyaOpen/platform/ESP32/tuya_open_sdk/sdkconfig.defaults
warning: unknown kconfig symbol 'LV_COLOR_DEPTH_16' assigned to 'y' in /Users/xiongzhenhua/gitlab/embedded/TuyaOpen/platform/ESP32/tuya_open_sdk/sdkconfig.defaults
warning: unknown kconfig symbol 'LV_COLOR_DEPTH_8' assigned to 'n' in /Users/xiongzhenhua/gitlab/embedded/TuyaOpen/platform/ESP32/tuya_open_sdk/sdkconfig.defaults
warning: unknown kconfig symbol 'LV_COLOR_DEPTH_1' assigned to 'n' in /Users/xiongzhenhua/gitlab/embedded/TuyaOpen/platform/ESP32/tuya_open_sdk/sdkconfig.defaults
warning: unknown kconfig symbol 'LV_COLOR_DEPTH' assigned to '16' in /Users/xiongzhenhua/gitlab/embedded/TuyaOpen/platform/ESP32/tuya_open_sdk/sdkconfig.defaults
warning: unknown kconfig symbol 'LV_USE_BUILTIN_MALLOC' assigned to 'n' in /Users/xiongzhenhua/gitlab/embedded/TuyaOpen/platform/ESP32/tuya_open_sdk/sdkconfig.defaults
warning: unknown kconfig symbol 'LV_USE_CLIB_MALLOC' assigned to 'y' in /Users/xiongzhenhua/gitlab/embedded/TuyaOpen/platform/ESP32/tuya_open_sdk/sdkconfig.defaults
warning: unknown kconfig symbol 'LV_USE_MICROPYTHON_MALLOC' assigned to 'n' in /Users/xiongzhenhua/gitlab/embedded/TuyaOpen/platform/ESP32/tuya_open_sdk/sdkconfig.defaults
warning: unknown kconfig symbol 'LV_USE_RTTHREAD_MALLOC' assigned to 'n' in /Users/xiongzhenhua/gitlab/embedded/TuyaOpen/platform/ESP32/tuya_open_sdk/sdkconfig.defaults
warning: unknown kconfig symbol 'LV_USE_CUSTOM_MALLOC' assigned to 'n' in /Users/xiongzhenhua/gitlab/embedded/TuyaOpen/platform/ESP32/tuya_open_sdk/sdkconfig.defaults
warning: unknown kconfig symbol 'LV_USE_BUILTIN_STRING' assigned to 'y' in /Users/xiongzhenhua/gitlab/embedded/TuyaOpen/platform/ESP32/tuya_open_sdk/sdkconfig.defaults
warning: unknown kconfig symbol 'LV_USE_CLIB_STRING' assigned to 'n' in /Users/xiongzhenhua/gitlab/embedded/TuyaOpen/platform/ESP32/tuya_open_sdk/sdkconfig.defaults
warning: unknown kconfig symbol 'LV_USE_CUSTOM_STRING' assigned to 'n' in /Users/xiongzhenhua/gitlab/embedded/TuyaOpen/platform/ESP32/tuya_open_sdk/sdkconfig.defaults
warning: unknown kconfig symbol 'LV_USE_BUILTIN_SPRINTF' assigned to 'y' in /Users/xiongzhenhua/gitlab/embedded/TuyaOpen/platform/ESP32/tuya_open_sdk/sdkconfig.defaults
warning: unknown kconfig symbol 'LV_USE_CLIB_SPRINTF' assigned to 'n' in /Users/xiongzhenhua/gitlab/embedded/TuyaOpen/platform/ESP32/tuya_open_sdk/sdkconfig.defaults
warning: unknown kconfig symbol 'LV_USE_CUSTOM_SPRINTF' assigned to 'n' in /Users/xiongzhenhua/gitlab/embedded/TuyaOpen/platform/ESP32/tuya_open_sdk/sdkconfig.defaults
warning: unknown kconfig symbol 'LV_DEF_REFR_PERIOD' assigned to '33' in /Users/xiongzhenhua/gitlab/embedded/TuyaOpen/platform/ESP32/tuya_open_sdk/sdkconfig.defaults
warning: unknown kconfig symbol 'LV_DPI_DEF' assigned to '130' in /Users/xiongzhenhua/gitlab/embedded/TuyaOpen/platform/ESP32/tuya_open_sdk/sdkconfig.defaults
warning: unknown kconfig symbol 'LV_OS_NONE' assigned to 'y' in /Users/xiongzhenhua/gitlab/embedded/TuyaOpen/platform/ESP32/tuya_open_sdk/sdkconfig.defaults
warning: unknown kconfig symbol 'LV_OS_PTHREAD' assigned to 'n' in /Users/xiongzhenhua/gitlab/embedded/TuyaOpen/platform/ESP32/tuya_open_sdk/sdkconfig.defaults
warning: unknown kconfig symbol 'LV_OS_FREERTOS' assigned to 'n' in /Users/xiongzhenhua/gitlab/embedded/TuyaOpen/platform/ESP32/tuya_open_sdk/sdkconfig.defaults
warning: unknown kconfig symbol 'LV_OS_CMSIS_RTOS2' assigned to 'n' in /Users/xiongzhenhua/gitlab/embedded/TuyaOpen/platform/ESP32/tuya_open_sdk/sdkconfig.defaults
warning: unknown kconfig symbol 'LV_OS_RTTHREAD' assigned to 'n' in /Users/xiongzhenhua/gitlab/embedded/TuyaOpen/platform/ESP32/tuya_open_sdk/sdkconfig.defaults
warning: unknown kconfig symbol 'LV_OS_WINDOWS' assigned to 'n' in /Users/xiongzhenhua/gitlab/embedded/TuyaOpen/platform/ESP32/tuya_open_sdk/sdkconfig.defaults
warning: unknown kconfig symbol 'LV_OS_MQX' assigned to 'n' in /Users/xiongzhenhua/gitlab/embedded/TuyaOpen/platform/ESP32/tuya_open_sdk/sdkconfig.defaults
warning: unknown kconfig symbol 'LV_OS_CUSTOM' assigned to 'n' in /Users/xiongzhenhua/gitlab/embedded/TuyaOpen/platform/ESP32/tuya_open_sdk/sdkconfig.defaults
warning: unknown kconfig symbol 'LV_USE_OS' assigned to '0' in /Users/xiongzhenhua/gitlab/embedded/TuyaOpen/platform/ESP32/tuya_open_sdk/sdkconfig.defaults
warning: unknown kconfig symbol 'LV_DRAW_BUF_STRIDE_ALIGN' assigned to '1' in /Users/xiongzhenhua/gitlab/embedded/TuyaOpen/platform/ESP32/tuya_open_sdk/sdkconfig.defaults
warning: unknown kconfig symbol 'LV_DRAW_BUF_ALIGN' assigned to '4' in /Users/xiongzhenhua/gitlab/embedded/TuyaOpen/platform/ESP32/tuya_open_sdk/sdkconfig.defaults
warning: unknown kconfig symbol 'LV_DRAW_LAYER_SIMPLE_BUF_SIZE' assigned to '8192' in /Users/xiongzhenhua/gitlab/embedded/TuyaOpen/platform/ESP32/tuya_open_sdk/sdkconfig.defaults
warning: unknown kconfig symbol 'LV_USE_DRAW_SW' assigned to 'y' in /Users/xiongzhenhua/gitlab/embedded/TuyaOpen/platform/ESP32/tuya_open_sdk/sdkconfig.defaults
warning: unknown kconfig symbol 'LV_DRAW_SW_SUPPORT_RGB565' assigned to 'y' in /Users/xiongzhenhua/gitlab/embedded/TuyaOpen/platform/ESP32/tuya_open_sdk/sdkconfig.defaults
warning: unknown kconfig symbol 'LV_DRAW_SW_SUPPORT_RGB565A8' assigned to 'y' in /Users/xiongzhenhua/gitlab/embedded/TuyaOpen/platform/ESP32/tuya_open_sdk/sdkconfig.defaults
warning: unknown kconfig symbol 'LV_DRAW_SW_SUPPORT_RGB888' assigned to 'y' in /Users/xiongzhenhua/gitlab/embedded/TuyaOpen/platform/ESP32/tuya_open_sdk/sdkconfig.defaults
warning: unknown kconfig symbol 'LV_DRAW_SW_SUPPORT_XRGB8888' assigned to 'y' in /Users/xiongzhenhua/gitlab/embedded/TuyaOpen/platform/ESP32/tuya_open_sdk/sdkconfig.defaults
warning: unknown kconfig symbol 'LV_DRAW_SW_SUPPORT_ARGB8888' assigned to 'y' in /Users/xiongzhenhua/gitlab/embedded/TuyaOpen/platform/ESP32/tuya_open_sdk/sdkconfig.defaults
warning: unknown kconfig symbol 'LV_DRAW_SW_SUPPORT_L8' assigned to 'y' in /Users/xiongzhenhua/gitlab/embedded/TuyaOpen/platform/ESP32/tuya_open_sdk/sdkconfig.defaults
warning: unknown kconfig symbol 'LV_DRAW_SW_SUPPORT_AL88' assigned to 'y' in /Users/xiongzhenhua/gitlab/embedded/TuyaOpen/platform/ESP32/tuya_open_sdk/sdkconfig.defaults
warning: unknown kconfig symbol 'LV_DRAW_SW_SUPPORT_A8' assigned to 'y' in /Users/xiongzhenhua/gitlab/embedded/TuyaOpen/platform/ESP32/tuya_open_sdk/sdkconfig.defaults
warning: unknown kconfig symbol 'LV_DRAW_SW_SUPPORT_I1' assigned to 'y' in /Users/xiongzhenhua/gitlab/embedded/TuyaOpen/platform/ESP32/tuya_open_sdk/sdkconfig.defaults
warning: unknown kconfig symbol 'LV_DRAW_SW_DRAW_UNIT_CNT' assigned to '1' in /Users/xiongzhenhua/gitlab/embedded/TuyaOpen/platform/ESP32/tuya_open_sdk/sdkconfig.defaults
warning: unknown kconfig symbol 'LV_USE_DRAW_ARM2D_SYNC' assigned to 'n' in /Users/xiongzhenhua/gitlab/embedded/TuyaOpen/platform/ESP32/tuya_open_sdk/sdkconfig.defaults
warning: unknown kconfig symbol 'LV_USE_NATIVE_HELIUM_ASM' assigned to 'n' in /Users/xiongzhenhua/gitlab/embedded/TuyaOpen/platform/ESP32/tuya_open_sdk/sdkconfig.defaults
warning: unknown kconfig symbol 'LV_DRAW_SW_COMPLEX' assigned to 'y' in /Users/xiongzhenhua/gitlab/embedded/TuyaOpen/platform/ESP32/tuya_open_sdk/sdkconfig.defaults
warning: unknown kconfig symbol 'LV_USE_DRAW_SW_COMPLEX_GRADIENTS' assigned to 'n' in /Users/xiongzhenhua/gitlab/embedded/TuyaOpen/platform/ESP32/tuya_open_sdk/sdkconfig.defaults
warning: unknown kconfig symbol 'LV_DRAW_SW_SHADOW_CACHE_SIZE' assigned to '0' in /Users/xiongzhenhua/gitlab/embedded/TuyaOpen/platform/ESP32/tuya_open_sdk/sdkconfig.defaults
warning: unknown kconfig symbol 'LV_DRAW_SW_CIRCLE_CACHE_SIZE' assigned to '4' in /Users/xiongzhenhua/gitlab/embedded/TuyaOpen/platform/ESP32/tuya_open_sdk/sdkconfig.defaults
warning: unknown kconfig symbol 'LV_DRAW_SW_ASM_NONE' assigned to 'y' in /Users/xiongzhenhua/gitlab/embedded/TuyaOpen/platform/ESP32/tuya_open_sdk/sdkconfig.defaults
warning: unknown kconfig symbol 'LV_DRAW_SW_ASM_NEON' assigned to 'n' in /Users/xiongzhenhua/gitlab/embedded/TuyaOpen/platform/ESP32/tuya_open_sdk/sdkconfig.defaults
warning: unknown kconfig symbol 'LV_DRAW_SW_ASM_HELIUM' assigned to 'n' in /Users/xiongzhenhua/gitlab/embedded/TuyaOpen/platform/ESP32/tuya_open_sdk/sdkconfig.defaults
warning: unknown kconfig symbol 'LV_DRAW_SW_ASM_CUSTOM' assigned to 'n' in /Users/xiongzhenhua/gitlab/embedded/TuyaOpen/platform/ESP32/tuya_open_sdk/sdkconfig.defaults
warning: unknown kconfig symbol 'LV_USE_DRAW_SW_ASM' assigned to '0' in /Users/xiongzhenhua/gitlab/embedded/TuyaOpen/platform/ESP32/tuya_open_sdk/sdkconfig.defaults
warning: unknown kconfig symbol 'LV_USE_DRAW_VGLITE' assigned to 'n' in /Users/xiongzhenhua/gitlab/embedded/TuyaOpen/platform/ESP32/tuya_open_sdk/sdkconfig.defaults
warning: unknown kconfig symbol 'LV_USE_DRAW_PXP' assigned to 'n' in /Users/xiongzhenhua/gitlab/embedded/TuyaOpen/platform/ESP32/tuya_open_sdk/sdkconfig.defaults
warning: unknown kconfig symbol 'LV_USE_DRAW_DAVE2D' assigned to 'n' in /Users/xiongzhenhua/gitlab/embedded/TuyaOpen/platform/ESP32/tuya_open_sdk/sdkconfig.defaults
warning: unknown kconfig symbol 'LV_USE_DRAW_SDL' assigned to 'n' in /Users/xiongzhenhua/gitlab/embedded/TuyaOpen/platform/ESP32/tuya_open_sdk/sdkconfig.defaults
warning: unknown kconfig symbol 'LV_USE_DRAW_VG_LITE' assigned to 'n' in /Users/xiongzhenhua/gitlab/embedded/TuyaOpen/platform/ESP32/tuya_open_sdk/sdkconfig.defaults
warning: unknown kconfig symbol 'LV_USE_VECTOR_GRAPHIC' assigned to 'n' in /Users/xiongzhenhua/gitlab/embedded/TuyaOpen/platform/ESP32/tuya_open_sdk/sdkconfig.defaults
warning: unknown kconfig symbol 'LV_USE_LOG' assigned to 'n' in /Users/xiongzhenhua/gitlab/embedded/TuyaOpen/platform/ESP32/tuya_open_sdk/sdkconfig.defaults
warning: unknown kconfig symbol 'LV_USE_ASSERT_NULL' assigned to 'y' in /Users/xiongzhenhua/gitlab/embedded/TuyaOpen/platform/ESP32/tuya_open_sdk/sdkconfig.defaults
warning: unknown kconfig symbol 'LV_USE_ASSERT_MALLOC' assigned to 'y' in /Users/xiongzhenhua/gitlab/embedded/TuyaOpen/platform/ESP32/tuya_open_sdk/sdkconfig.defaults
warning: unknown kconfig symbol 'LV_USE_ASSERT_STYLE' assigned to 'n' in /Users/xiongzhenhua/gitlab/embedded/TuyaOpen/platform/ESP32/tuya_open_sdk/sdkconfig.defaults
warning: unknown kconfig symbol 'LV_USE_ASSERT_MEM_INTEGRITY' assigned to 'n' in /Users/xiongzhenhua/gitlab/embedded/TuyaOpen/platform/ESP32/tuya_open_sdk/sdkconfig.defaults
warning: unknown kconfig symbol 'LV_USE_ASSERT_OBJ' assigned to 'n' in /Users/xiongzhenhua/gitlab/embedded/TuyaOpen/platform/ESP32/tuya_open_sdk/sdkconfig.defaults
warning: unknown kconfig symbol 'LV_ASSERT_HANDLER_INCLUDE' assigned to '"assert.h"' in /Users/xiongzhenhua/gitlab/embedded/TuyaOpen/platform/ESP32/tuya_open_sdk/sdkconfig.defaults
warning: unknown kconfig symbol 'LV_USE_REFR_DEBUG' assigned to 'n' in /Users/xiongzhenhua/gitlab/embedded/TuyaOpen/platform/ESP32/tuya_open_sdk/sdkconfig.defaults
warning: unknown kconfig symbol 'LV_USE_LAYER_DEBUG' assigned to 'n' in /Users/xiongzhenhua/gitlab/embedded/TuyaOpen/platform/ESP32/tuya_open_sdk/sdkconfig.defaults
warning: unknown kconfig symbol 'LV_USE_PARALLEL_DRAW_DEBUG' assigned to 'n' in /Users/xiongzhenhua/gitlab/embedded/TuyaOpen/platform/ESP32/tuya_open_sdk/sdkconfig.defaults
warning: unknown kconfig symbol 'LV_ENABLE_GLOBAL_CUSTOM' assigned to 'n' in /Users/xiongzhenhua/gitlab/embedded/TuyaOpen/platform/ESP32/tuya_open_sdk/sdkconfig.defaults
warning: unknown kconfig symbol 'LV_CACHE_DEF_SIZE' assigned to '0' in /Users/xiongzhenhua/gitlab/embedded/TuyaOpen/platform/ESP32/tuya_open_sdk/sdkconfig.defaults
warning: unknown kconfig symbol 'LV_IMAGE_HEADER_CACHE_DEF_CNT' assigned to '0' in /Users/xiongzhenhua/gitlab/embedded/TuyaOpen/platform/ESP32/tuya_open_sdk/sdkconfig.defaults
warning: unknown kconfig symbol 'LV_GRADIENT_MAX_STOPS' assigned to '2' in /Users/xiongzhenhua/gitlab/embedded/TuyaOpen/platform/ESP32/tuya_open_sdk/sdkconfig.defaults
warning: unknown kconfig symbol 'LV_COLOR_MIX_ROUND_OFS' assigned to '128' in /Users/xiongzhenhua/gitlab/embedded/TuyaOpen/platform/ESP32/tuya_open_sdk/sdkconfig.defaults
warning: unknown kconfig symbol 'LV_OBJ_STYLE_CACHE' assigned to 'n' in /Users/xiongzhenhua/gitlab/embedded/TuyaOpen/platform/ESP32/tuya_open_sdk/sdkconfig.defaults
warning: unknown kconfig symbol 'LV_USE_OBJ_ID' assigned to 'n' in /Users/xiongzhenhua/gitlab/embedded/TuyaOpen/platform/ESP32/tuya_open_sdk/sdkconfig.defaults
warning: unknown kconfig symbol 'LV_USE_OBJ_PROPERTY' assigned to 'n' in /Users/xiongzhenhua/gitlab/embedded/TuyaOpen/platform/ESP32/tuya_open_sdk/sdkconfig.defaults
warning: unknown kconfig symbol 'LV_BIG_ENDIAN_SYSTEM' assigned to 'n' in /Users/xiongzhenhua/gitlab/embedded/TuyaOpen/platform/ESP32/tuya_open_sdk/sdkconfig.defaults
warning: unknown kconfig symbol 'LV_ATTRIBUTE_MEM_ALIGN_SIZE' assigned to '1' in /Users/xiongzhenhua/gitlab/embedded/TuyaOpen/platform/ESP32/tuya_open_sdk/sdkconfig.defaults
warning: unknown kconfig symbol 'LV_ATTRIBUTE_FAST_MEM_USE_IRAM' assigned to 'n' in /Users/xiongzhenhua/gitlab/embedded/TuyaOpen/platform/ESP32/tuya_open_sdk/sdkconfig.defaults
warning: unknown kconfig symbol 'LV_USE_FLOAT' assigned to 'n' in /Users/xiongzhenhua/gitlab/embedded/TuyaOpen/platform/ESP32/tuya_open_sdk/sdkconfig.defaults
warning: unknown kconfig symbol 'LV_USE_MATRIX' assigned to 'n' in /Users/xiongzhenhua/gitlab/embedded/TuyaOpen/platform/ESP32/tuya_open_sdk/sdkconfig.defaults
warning: unknown kconfig symbol 'LV_USE_PRIVATE_API' assigned to 'n' in /Users/xiongzhenhua/gitlab/embedded/TuyaOpen/platform/ESP32/tuya_open_sdk/sdkconfig.defaults
warning: unknown kconfig symbol 'LV_FONT_MONTSERRAT_8' assigned to 'n' in /Users/xiongzhenhua/gitlab/embedded/TuyaOpen/platform/ESP32/tuya_open_sdk/sdkconfig.defaults
warning: unknown kconfig symbol 'LV_FONT_MONTSERRAT_10' assigned to 'n' in /Users/xiongzhenhua/gitlab/embedded/TuyaOpen/platform/ESP32/tuya_open_sdk/sdkconfig.defaults
warning: unknown kconfig symbol 'LV_FONT_MONTSERRAT_12' assigned to 'n' in /Users/xiongzhenhua/gitlab/embedded/TuyaOpen/platform/ESP32/tuya_open_sdk/sdkconfig.defaults
warning: unknown kconfig symbol 'LV_FONT_MONTSERRAT_14' assigned to 'y' in /Users/xiongzhenhua/gitlab/embedded/TuyaOpen/platform/ESP32/tuya_open_sdk/sdkconfig.defaults
warning: unknown kconfig symbol 'LV_FONT_MONTSERRAT_16' assigned to 'n' in /Users/xiongzhenhua/gitlab/embedded/TuyaOpen/platform/ESP32/tuya_open_sdk/sdkconfig.defaults
warning: unknown kconfig symbol 'LV_FONT_MONTSERRAT_18' assigned to 'n' in /Users/xiongzhenhua/gitlab/embedded/TuyaOpen/platform/ESP32/tuya_open_sdk/sdkconfig.defaults
warning: unknown kconfig symbol 'LV_FONT_MONTSERRAT_20' assigned to 'n' in /Users/xiongzhenhua/gitlab/embedded/TuyaOpen/platform/ESP32/tuya_open_sdk/sdkconfig.defaults
warning: unknown kconfig symbol 'LV_FONT_MONTSERRAT_22' assigned to 'n' in /Users/xiongzhenhua/gitlab/embedded/TuyaOpen/platform/ESP32/tuya_open_sdk/sdkconfig.defaults
warning: unknown kconfig symbol 'LV_FONT_MONTSERRAT_24' assigned to 'n' in /Users/xiongzhenhua/gitlab/embedded/TuyaOpen/platform/ESP32/tuya_open_sdk/sdkconfig.defaults
warning: unknown kconfig symbol 'LV_FONT_MONTSERRAT_26' assigned to 'n' in /Users/xiongzhenhua/gitlab/embedded/TuyaOpen/platform/ESP32/tuya_open_sdk/sdkconfig.defaults
warning: unknown kconfig symbol 'LV_FONT_MONTSERRAT_28' assigned to 'n' in /Users/xiongzhenhua/gitlab/embedded/TuyaOpen/platform/ESP32/tuya_open_sdk/sdkconfig.defaults
warning: unknown kconfig symbol 'LV_FONT_MONTSERRAT_30' assigned to 'n' in /Users/xiongzhenhua/gitlab/embedded/TuyaOpen/platform/ESP32/tuya_open_sdk/sdkconfig.defaults
warning: unknown kconfig symbol 'LV_FONT_MONTSERRAT_32' assigned to 'n' in /Users/xiongzhenhua/gitlab/embedded/TuyaOpen/platform/ESP32/tuya_open_sdk/sdkconfig.defaults
warning: unknown kconfig symbol 'LV_FONT_MONTSERRAT_34' assigned to 'n' in /Users/xiongzhenhua/gitlab/embedded/TuyaOpen/platform/ESP32/tuya_open_sdk/sdkconfig.defaults
warning: unknown kconfig symbol 'LV_FONT_MONTSERRAT_36' assigned to 'n' in /Users/xiongzhenhua/gitlab/embedded/TuyaOpen/platform/ESP32/tuya_open_sdk/sdkconfig.defaults
warning: unknown kconfig symbol 'LV_FONT_MONTSERRAT_38' assigned to 'n' in /Users/xiongzhenhua/gitlab/embedded/TuyaOpen/platform/ESP32/tuya_open_sdk/sdkconfig.defaults
warning: unknown kconfig symbol 'LV_FONT_MONTSERRAT_40' assigned to 'n' in /Users/xiongzhenhua/gitlab/embedded/TuyaOpen/platform/ESP32/tuya_open_sdk/sdkconfig.defaults
warning: unknown kconfig symbol 'LV_FONT_MONTSERRAT_42' assigned to 'n' in /Users/xiongzhenhua/gitlab/embedded/TuyaOpen/platform/ESP32/tuya_open_sdk/sdkconfig.defaults
warning: unknown kconfig symbol 'LV_FONT_MONTSERRAT_44' assigned to 'n' in /Users/xiongzhenhua/gitlab/embedded/TuyaOpen/platform/ESP32/tuya_open_sdk/sdkconfig.defaults
warning: unknown kconfig symbol 'LV_FONT_MONTSERRAT_46' assigned to 'n' in /Users/xiongzhenhua/gitlab/embedded/TuyaOpen/platform/ESP32/tuya_open_sdk/sdkconfig.defaults
warning: unknown kconfig symbol 'LV_FONT_MONTSERRAT_48' assigned to 'n' in /Users/xiongzhenhua/gitlab/embedded/TuyaOpen/platform/ESP32/tuya_open_sdk/sdkconfig.defaults
warning: unknown kconfig symbol 'LV_FONT_MONTSERRAT_28_COMPRESSED' assigned to 'n' in /Users/xiongzhenhua/gitlab/embedded/TuyaOpen/platform/ESP32/tuya_open_sdk/sdkconfig.defaults
warning: unknown kconfig symbol 'LV_FONT_DEJAVU_16_PERSIAN_HEBREW' assigned to 'n' in /Users/xiongzhenhua/gitlab/embedded/TuyaOpen/platform/ESP32/tuya_open_sdk/sdkconfig.defaults
warning: unknown kconfig symbol 'LV_FONT_SIMSUN_14_CJK' assigned to 'n' in /Users/xiongzhenhua/gitlab/embedded/TuyaOpen/platform/ESP32/tuya_open_sdk/sdkconfig.defaults
warning: unknown kconfig symbol 'LV_FONT_SIMSUN_16_CJK' assigned to 'n' in /Users/xiongzhenhua/gitlab/embedded/TuyaOpen/platform/ESP32/tuya_open_sdk/sdkconfig.defaults
warning: unknown kconfig symbol 'LV_FONT_UNSCII_8' assigned to 'n' in /Users/xiongzhenhua/gitlab/embedded/TuyaOpen/platform/ESP32/tuya_open_sdk/sdkconfig.defaults
warning: unknown kconfig symbol 'LV_FONT_UNSCII_16' assigned to 'n' in /Users/xiongzhenhua/gitlab/embedded/TuyaOpen/platform/ESP32/tuya_open_sdk/sdkconfig.defaults
warning: unknown kconfig symbol 'LV_FONT_DEFAULT_MONTSERRAT_8' assigned to 'n' in /Users/xiongzhenhua/gitlab/embedded/TuyaOpen/platform/ESP32/tuya_open_sdk/sdkconfig.defaults
warning: unknown kconfig symbol 'LV_FONT_DEFAULT_MONTSERRAT_10' assigned to 'n' in /Users/xiongzhenhua/gitlab/embedded/TuyaOpen/platform/ESP32/tuya_open_sdk/sdkconfig.defaults
warning: unknown kconfig symbol 'LV_FONT_DEFAULT_MONTSERRAT_12' assigned to 'n' in /Users/xiongzhenhua/gitlab/embedded/TuyaOpen/platform/ESP32/tuya_open_sdk/sdkconfig.defaults
warning: unknown kconfig symbol 'LV_FONT_DEFAULT_MONTSERRAT_14' assigned to 'y' in /Users/xiongzhenhua/gitlab/embedded/TuyaOpen/platform/ESP32/tuya_open_sdk/sdkconfig.defaults
warning: unknown kconfig symbol 'LV_FONT_DEFAULT_MONTSERRAT_16' assigned to 'n' in /Users/xiongzhenhua/gitlab/embedded/TuyaOpen/platform/ESP32/tuya_open_sdk/sdkconfig.defaults
warning: unknown kconfig symbol 'LV_FONT_DEFAULT_MONTSERRAT_18' assigned to 'n' in /Users/xiongzhenhua/gitlab/embedded/TuyaOpen/platform/ESP32/tuya_open_sdk/sdkconfig.defaults
warning: unknown kconfig symbol 'LV_FONT_DEFAULT_MONTSERRAT_20' assigned to 'n' in /Users/xiongzhenhua/gitlab/embedded/TuyaOpen/platform/ESP32/tuya_open_sdk/sdkconfig.defaults
warning: unknown kconfig symbol 'LV_FONT_DEFAULT_MONTSERRAT_22' assigned to 'n' in /Users/xiongzhenhua/gitlab/embedded/TuyaOpen/platform/ESP32/tuya_open_sdk/sdkconfig.defaults
warning: unknown kconfig symbol 'LV_FONT_MONTSERRAT_24' assigned to 'y' in /Users/xiongzhenhua/gitlab/embedded/TuyaOpen/platform/ESP32/tuya_open_sdk/sdkconfig.defaults
warning: unknown kconfig symbol 'LV_FONT_DEFAULT_MONTSERRAT_26' assigned to 'n' in /Users/xiongzhenhua/gitlab/embedded/TuyaOpen/platform/ESP32/tuya_open_sdk/sdkconfig.defaults
warning: unknown kconfig symbol 'LV_FONT_DEFAULT_MONTSERRAT_28' assigned to 'n' in /Users/xiongzhenhua/gitlab/embedded/TuyaOpen/platform/ESP32/tuya_open_sdk/sdkconfig.defaults
warning: unknown kconfig symbol 'LV_FONT_DEFAULT_MONTSERRAT_30' assigned to 'n' in /Users/xiongzhenhua/gitlab/embedded/TuyaOpen/platform/ESP32/tuya_open_sdk/sdkconfig.defaults
warning: unknown kconfig symbol 'LV_FONT_DEFAULT_MONTSERRAT_32' assigned to 'n' in /Users/xiongzhenhua/gitlab/embedded/TuyaOpen/platform/ESP32/tuya_open_sdk/sdkconfig.defaults
warning: unknown kconfig symbol 'LV_FONT_DEFAULT_MONTSERRAT_34' assigned to 'n' in /Users/xiongzhenhua/gitlab/embedded/TuyaOpen/platform/ESP32/tuya_open_sdk/sdkconfig.defaults
warning: unknown kconfig symbol 'LV_FONT_DEFAULT_MONTSERRAT_36' assigned to 'n' in /Users/xiongzhenhua/gitlab/embedded/TuyaOpen/platform/ESP32/tuya_open_sdk/sdkconfig.defaults
warning: unknown kconfig symbol 'LV_FONT_DEFAULT_MONTSERRAT_38' assigned to 'n' in /Users/xiongzhenhua/gitlab/embedded/TuyaOpen/platform/ESP32/tuya_open_sdk/sdkconfig.defaults
warning: unknown kconfig symbol 'LV_FONT_DEFAULT_MONTSERRAT_40' assigned to 'n' in /Users/xiongzhenhua/gitlab/embedded/TuyaOpen/platform/ESP32/tuya_open_sdk/sdkconfig.defaults
warning: unknown kconfig symbol 'LV_FONT_DEFAULT_MONTSERRAT_42' assigned to 'n' in /Users/xiongzhenhua/gitlab/embedded/TuyaOpen/platform/ESP32/tuya_open_sdk/sdkconfig.defaults
warning: unknown kconfig symbol 'LV_FONT_DEFAULT_MONTSERRAT_44' assigned to 'n' in /Users/xiongzhenhua/gitlab/embedded/TuyaOpen/platform/ESP32/tuya_open_sdk/sdkconfig.defaults
warning: unknown kconfig symbol 'LV_FONT_DEFAULT_MONTSERRAT_46' assigned to 'n' in /Users/xiongzhenhua/gitlab/embedded/TuyaOpen/platform/ESP32/tuya_open_sdk/sdkconfig.defaults
warning: unknown kconfig symbol 'LV_FONT_DEFAULT_MONTSERRAT_48' assigned to 'n' in /Users/xiongzhenhua/gitlab/embedded/TuyaOpen/platform/ESP32/tuya_open_sdk/sdkconfig.defaults
warning: unknown kconfig symbol 'LV_FONT_DEFAULT_MONTSERRAT_28_COMPRESSED' assigned to 'n' in /Users/xiongzhenhua/gitlab/embedded/TuyaOpen/platform/ESP32/tuya_open_sdk/sdkconfig.defaults
warning: unknown kconfig symbol 'LV_FONT_DEFAULT_DEJAVU_16_PERSIAN_HEBREW' assigned to 'n' in /Users/xiongzhenhua/gitlab/embedded/TuyaOpen/platform/ESP32/tuya_open_sdk/sdkconfig.defaults
warning: unknown kconfig symbol 'LV_FONT_DEFAULT_SIMSUN_14_CJK' assigned to 'n' in /Users/xiongzhenhua/gitlab/embedded/TuyaOpen/platform/ESP32/tuya_open_sdk/sdkconfig.defaults
warning: unknown kconfig symbol 'LV_FONT_DEFAULT_SIMSUN_16_CJK' assigned to 'n' in /Users/xiongzhenhua/gitlab/embedded/TuyaOpen/platform/ESP32/tuya_open_sdk/sdkconfig.defaults
warning: unknown kconfig symbol 'LV_FONT_DEFAULT_UNSCII_8' assigned to 'n' in /Users/xiongzhenhua/gitlab/embedded/TuyaOpen/platform/ESP32/tuya_open_sdk/sdkconfig.defaults
warning: unknown kconfig symbol 'LV_FONT_DEFAULT_UNSCII_16' assigned to 'n' in /Users/xiongzhenhua/gitlab/embedded/TuyaOpen/platform/ESP32/tuya_open_sdk/sdkconfig.defaults
warning: unknown kconfig symbol 'LV_FONT_FMT_TXT_LARGE' assigned to 'y' in /Users/xiongzhenhua/gitlab/embedded/TuyaOpen/platform/ESP32/tuya_open_sdk/sdkconfig.defaults
warning: unknown kconfig symbol 'LV_USE_FONT_COMPRESSED' assigned to 'n' in /Users/xiongzhenhua/gitlab/embedded/TuyaOpen/platform/ESP32/tuya_open_sdk/sdkconfig.defaults
warning: unknown kconfig symbol 'LV_USE_FONT_PLACEHOLDER' assigned to 'y' in /Users/xiongzhenhua/gitlab/embedded/TuyaOpen/platform/ESP32/tuya_open_sdk/sdkconfig.defaults
warning: unknown kconfig symbol 'LV_TXT_ENC_UTF8' assigned to 'y' in /Users/xiongzhenhua/gitlab/embedded/TuyaOpen/platform/ESP32/tuya_open_sdk/sdkconfig.defaults
warning: unknown kconfig symbol 'LV_TXT_ENC_ASCII' assigned to 'n' in /Users/xiongzhenhua/gitlab/embedded/TuyaOpen/platform/ESP32/tuya_open_sdk/sdkconfig.defaults
warning: unknown kconfig symbol 'LV_TXT_BREAK_CHARS' assigned to '" ,.;:-_)}"' in /Users/xiongzhenhua/gitlab/embedded/TuyaOpen/platform/ESP32/tuya_open_sdk/sdkconfig.defaults
warning: unknown kconfig symbol 'LV_TXT_LINE_BREAK_LONG_LEN' assigned to '0' in /Users/xiongzhenhua/gitlab/embedded/TuyaOpen/platform/ESP32/tuya_open_sdk/sdkconfig.defaults
warning: unknown kconfig symbol 'LV_USE_BIDI' assigned to 'n' in /Users/xiongzhenhua/gitlab/embedded/TuyaOpen/platform/ESP32/tuya_open_sdk/sdkconfig.defaults
warning: unknown kconfig symbol 'LV_USE_ARABIC_PERSIAN_CHARS' assigned to 'n' in /Users/xiongzhenhua/gitlab/embedded/TuyaOpen/platform/ESP32/tuya_open_sdk/sdkconfig.defaults
warning: unknown kconfig symbol 'LV_WIDGETS_HAS_DEFAULT_VALUE' assigned to 'y' in /Users/xiongzhenhua/gitlab/embedded/TuyaOpen/platform/ESP32/tuya_open_sdk/sdkconfig.defaults
warning: unknown kconfig symbol 'LV_USE_ANIMIMG' assigned to 'y' in /Users/xiongzhenhua/gitlab/embedded/TuyaOpen/platform/ESP32/tuya_open_sdk/sdkconfig.defaults
warning: unknown kconfig symbol 'LV_USE_ARC' assigned to 'y' in /Users/xiongzhenhua/gitlab/embedded/TuyaOpen/platform/ESP32/tuya_open_sdk/sdkconfig.defaults
warning: unknown kconfig symbol 'LV_USE_BAR' assigned to 'y' in /Users/xiongzhenhua/gitlab/embedded/TuyaOpen/platform/ESP32/tuya_open_sdk/sdkconfig.defaults
warning: unknown kconfig symbol 'LV_USE_BUTTON' assigned to 'y' in /Users/xiongzhenhua/gitlab/embedded/TuyaOpen/platform/ESP32/tuya_open_sdk/sdkconfig.defaults
warning: unknown kconfig symbol 'LV_USE_BUTTONMATRIX' assigned to 'y' in /Users/xiongzhenhua/gitlab/embedded/TuyaOpen/platform/ESP32/tuya_open_sdk/sdkconfig.defaults
warning: unknown kconfig symbol 'LV_USE_CALENDAR' assigned to 'n' in /Users/xiongzhenhua/gitlab/embedded/TuyaOpen/platform/ESP32/tuya_open_sdk/sdkconfig.defaults
warning: unknown kconfig symbol 'LV_USE_CANVAS' assigned to 'y' in /Users/xiongzhenhua/gitlab/embedded/TuyaOpen/platform/ESP32/tuya_open_sdk/sdkconfig.defaults
warning: unknown kconfig symbol 'LV_USE_CHART' assigned to 'y' in /Users/xiongzhenhua/gitlab/embedded/TuyaOpen/platform/ESP32/tuya_open_sdk/sdkconfig.defaults
warning: unknown kconfig symbol 'LV_USE_CHECKBOX' assigned to 'y' in /Users/xiongzhenhua/gitlab/embedded/TuyaOpen/platform/ESP32/tuya_open_sdk/sdkconfig.defaults
warning: unknown kconfig symbol 'LV_USE_DROPDOWN' assigned to 'y' in /Users/xiongzhenhua/gitlab/embedded/TuyaOpen/platform/ESP32/tuya_open_sdk/sdkconfig.defaults
warning: unknown kconfig symbol 'LV_USE_IMAGE' assigned to 'y' in /Users/xiongzhenhua/gitlab/embedded/TuyaOpen/platform/ESP32/tuya_open_sdk/sdkconfig.defaults
warning: unknown kconfig symbol 'LV_USE_IMAGEBUTTON' assigned to 'n' in /Users/xiongzhenhua/gitlab/embedded/TuyaOpen/platform/ESP32/tuya_open_sdk/sdkconfig.defaults
warning: unknown kconfig symbol 'LV_USE_KEYBOARD' assigned to 'n' in /Users/xiongzhenhua/gitlab/embedded/TuyaOpen/platform/ESP32/tuya_open_sdk/sdkconfig.defaults
warning: unknown kconfig symbol 'LV_USE_LABEL' assigned to 'y' in /Users/xiongzhenhua/gitlab/embedded/TuyaOpen/platform/ESP32/tuya_open_sdk/sdkconfig.defaults
warning: unknown kconfig symbol 'LV_LABEL_TEXT_SELECTION' assigned to 'y' in /Users/xiongzhenhua/gitlab/embedded/TuyaOpen/platform/ESP32/tuya_open_sdk/sdkconfig.defaults
warning: unknown kconfig symbol 'LV_LABEL_LONG_TXT_HINT' assigned to 'y' in /Users/xiongzhenhua/gitlab/embedded/TuyaOpen/platform/ESP32/tuya_open_sdk/sdkconfig.defaults
warning: unknown kconfig symbol 'LV_LABEL_WAIT_CHAR_COUNT' assigned to '3' in /Users/xiongzhenhua/gitlab/embedded/TuyaOpen/platform/ESP32/tuya_open_sdk/sdkconfig.defaults
warning: unknown kconfig symbol 'LV_USE_LED' assigned to 'n' in /Users/xiongzhenhua/gitlab/embedded/TuyaOpen/platform/ESP32/tuya_open_sdk/sdkconfig.defaults
warning: unknown kconfig symbol 'LV_USE_LINE' assigned to 'y' in /Users/xiongzhenhua/gitlab/embedded/TuyaOpen/platform/ESP32/tuya_open_sdk/sdkconfig.defaults
warning: unknown kconfig symbol 'LV_USE_LIST' assigned to 'y' in /Users/xiongzhenhua/gitlab/embedded/TuyaOpen/platform/ESP32/tuya_open_sdk/sdkconfig.defaults
warning: unknown kconfig symbol 'LV_USE_MENU' assigned to 'y' in /Users/xiongzhenhua/gitlab/embedded/TuyaOpen/platform/ESP32/tuya_open_sdk/sdkconfig.defaults
warning: unknown kconfig symbol 'LV_USE_MSGBOX' assigned to 'y' in /Users/xiongzhenhua/gitlab/embedded/TuyaOpen/platform/ESP32/tuya_open_sdk/sdkconfig.defaults
warning: unknown kconfig symbol 'LV_USE_ROLLER' assigned to 'y' in /Users/xiongzhenhua/gitlab/embedded/TuyaOpen/platform/ESP32/tuya_open_sdk/sdkconfig.defaults
warning: unknown kconfig symbol 'LV_USE_SCALE' assigned to 'y' in /Users/xiongzhenhua/gitlab/embedded/TuyaOpen/platform/ESP32/tuya_open_sdk/sdkconfig.defaults
warning: unknown kconfig symbol 'LV_USE_SLIDER' assigned to 'y' in /Users/xiongzhenhua/gitlab/embedded/TuyaOpen/platform/ESP32/tuya_open_sdk/sdkconfig.defaults
warning: unknown kconfig symbol 'LV_USE_SPAN' assigned to 'y' in /Users/xiongzhenhua/gitlab/embedded/TuyaOpen/platform/ESP32/tuya_open_sdk/sdkconfig.defaults
warning: unknown kconfig symbol 'LV_SPAN_SNIPPET_STACK_SIZE' assigned to '64' in /Users/xiongzhenhua/gitlab/embedded/TuyaOpen/platform/ESP32/tuya_open_sdk/sdkconfig.defaults
warning: unknown kconfig symbol 'LV_USE_SPINBOX' assigned to 'y' in /Users/xiongzhenhua/gitlab/embedded/TuyaOpen/platform/ESP32/tuya_open_sdk/sdkconfig.defaults
warning: unknown kconfig symbol 'LV_USE_SPINNER' assigned to 'y' in /Users/xiongzhenhua/gitlab/embedded/TuyaOpen/platform/ESP32/tuya_open_sdk/sdkconfig.defaults
warning: unknown kconfig symbol 'LV_USE_SWITCH' assigned to 'y' in /Users/xiongzhenhua/gitlab/embedded/TuyaOpen/platform/ESP32/tuya_open_sdk/sdkconfig.defaults
warning: unknown kconfig symbol 'LV_USE_TEXTAREA' assigned to 'y' in /Users/xiongzhenhua/gitlab/embedded/TuyaOpen/platform/ESP32/tuya_open_sdk/sdkconfig.defaults
warning: unknown kconfig symbol 'LV_TEXTAREA_DEF_PWD_SHOW_TIME' assigned to '1500' in /Users/xiongzhenhua/gitlab/embedded/TuyaOpen/platform/ESP32/tuya_open_sdk/sdkconfig.defaults
warning: unknown kconfig symbol 'LV_USE_TABLE' assigned to 'y' in /Users/xiongzhenhua/gitlab/embedded/TuyaOpen/platform/ESP32/tuya_open_sdk/sdkconfig.defaults
warning: unknown kconfig symbol 'LV_USE_TABVIEW' assigned to 'y' in /Users/xiongzhenhua/gitlab/embedded/TuyaOpen/platform/ESP32/tuya_open_sdk/sdkconfig.defaults
warning: unknown kconfig symbol 'LV_USE_TILEVIEW' assigned to 'y' in /Users/xiongzhenhua/gitlab/embedded/TuyaOpen/platform/ESP32/tuya_open_sdk/sdkconfig.defaults
warning: unknown kconfig symbol 'LV_USE_WIN' assigned to 'y' in /Users/xiongzhenhua/gitlab/embedded/TuyaOpen/platform/ESP32/tuya_open_sdk/sdkconfig.defaults
warning: unknown kconfig symbol 'LV_USE_THEME_DEFAULT' assigned to 'y' in /Users/xiongzhenhua/gitlab/embedded/TuyaOpen/platform/ESP32/tuya_open_sdk/sdkconfig.defaults
warning: unknown kconfig symbol 'LV_THEME_DEFAULT_DARK' assigned to 'n' in /Users/xiongzhenhua/gitlab/embedded/TuyaOpen/platform/ESP32/tuya_open_sdk/sdkconfig.defaults
warning: unknown kconfig symbol 'LV_THEME_DEFAULT_GROW' assigned to 'y' in /Users/xiongzhenhua/gitlab/embedded/TuyaOpen/platform/ESP32/tuya_open_sdk/sdkconfig.defaults
warning: unknown kconfig symbol 'LV_THEME_DEFAULT_TRANSITION_TIME' assigned to '80' in /Users/xiongzhenhua/gitlab/embedded/TuyaOpen/platform/ESP32/tuya_open_sdk/sdkconfig.defaults
warning: unknown kconfig symbol 'LV_USE_THEME_SIMPLE' assigned to 'y' in /Users/xiongzhenhua/gitlab/embedded/TuyaOpen/platform/ESP32/tuya_open_sdk/sdkconfig.defaults
warning: unknown kconfig symbol 'LV_USE_THEME_MONO' assigned to 'n' in /Users/xiongzhenhua/gitlab/embedded/TuyaOpen/platform/ESP32/tuya_open_sdk/sdkconfig.defaults
warning: unknown kconfig symbol 'LV_USE_FLEX' assigned to 'y' in /Users/xiongzhenhua/gitlab/embedded/TuyaOpen/platform/ESP32/tuya_open_sdk/sdkconfig.defaults
warning: unknown kconfig symbol 'LV_USE_GRID' assigned to 'y' in /Users/xiongzhenhua/gitlab/embedded/TuyaOpen/platform/ESP32/tuya_open_sdk/sdkconfig.defaults
warning: unknown kconfig symbol 'LV_FS_DEFAULT_DRIVE_LETTER' assigned to '0' in /Users/xiongzhenhua/gitlab/embedded/TuyaOpen/platform/ESP32/tuya_open_sdk/sdkconfig.defaults
warning: unknown kconfig symbol 'LV_USE_FS_STDIO' assigned to 'n' in /Users/xiongzhenhua/gitlab/embedded/TuyaOpen/platform/ESP32/tuya_open_sdk/sdkconfig.defaults
warning: unknown kconfig symbol 'LV_USE_FS_POSIX' assigned to 'n' in /Users/xiongzhenhua/gitlab/embedded/TuyaOpen/platform/ESP32/tuya_open_sdk/sdkconfig.defaults
warning: unknown kconfig symbol 'LV_USE_FS_WIN32' assigned to 'n' in /Users/xiongzhenhua/gitlab/embedded/TuyaOpen/platform/ESP32/tuya_open_sdk/sdkconfig.defaults
warning: unknown kconfig symbol 'LV_USE_FS_FATFS' assigned to 'n' in /Users/xiongzhenhua/gitlab/embedded/TuyaOpen/platform/ESP32/tuya_open_sdk/sdkconfig.defaults
warning: unknown kconfig symbol 'LV_USE_FS_MEMFS' assigned to 'n' in /Users/xiongzhenhua/gitlab/embedded/TuyaOpen/platform/ESP32/tuya_open_sdk/sdkconfig.defaults
warning: unknown kconfig symbol 'LV_USE_FS_LITTLEFS' assigned to 'n' in /Users/xiongzhenhua/gitlab/embedded/TuyaOpen/platform/ESP32/tuya_open_sdk/sdkconfig.defaults
warning: unknown kconfig symbol 'LV_USE_FS_ARDUINO_ESP_LITTLEFS' assigned to 'n' in /Users/xiongzhenhua/gitlab/embedded/TuyaOpen/platform/ESP32/tuya_open_sdk/sdkconfig.defaults
warning: unknown kconfig symbol 'LV_USE_FS_ARDUINO_SD' assigned to 'n' in /Users/xiongzhenhua/gitlab/embedded/TuyaOpen/platform/ESP32/tuya_open_sdk/sdkconfig.defaults
warning: unknown kconfig symbol 'LV_USE_LODEPNG' assigned to 'n' in /Users/xiongzhenhua/gitlab/embedded/TuyaOpen/platform/ESP32/tuya_open_sdk/sdkconfig.defaults
warning: unknown kconfig symbol 'LV_USE_LIBPNG' assigned to 'n' in /Users/xiongzhenhua/gitlab/embedded/TuyaOpen/platform/ESP32/tuya_open_sdk/sdkconfig.defaults
warning: unknown kconfig symbol 'LV_USE_BMP' assigned to 'n' in /Users/xiongzhenhua/gitlab/embedded/TuyaOpen/platform/ESP32/tuya_open_sdk/sdkconfig.defaults
warning: unknown kconfig symbol 'LV_USE_TJPGD' assigned to 'n' in /Users/xiongzhenhua/gitlab/embedded/TuyaOpen/platform/ESP32/tuya_open_sdk/sdkconfig.defaults
warning: unknown kconfig symbol 'LV_USE_LIBJPEG_TURBO' assigned to 'n' in /Users/xiongzhenhua/gitlab/embedded/TuyaOpen/platform/ESP32/tuya_open_sdk/sdkconfig.defaults
warning: unknown kconfig symbol 'LV_USE_GIF' assigned to 'n' in /Users/xiongzhenhua/gitlab/embedded/TuyaOpen/platform/ESP32/tuya_open_sdk/sdkconfig.defaults
warning: unknown kconfig symbol 'LV_BIN_DECODER_RAM_LOAD' assigned to 'n' in /Users/xiongzhenhua/gitlab/embedded/TuyaOpen/platform/ESP32/tuya_open_sdk/sdkconfig.defaults
warning: unknown kconfig symbol 'LV_USE_RLE' assigned to 'n' in /Users/xiongzhenhua/gitlab/embedded/TuyaOpen/platform/ESP32/tuya_open_sdk/sdkconfig.defaults
warning: unknown kconfig symbol 'LV_USE_QRCODE' assigned to 'n' in /Users/xiongzhenhua/gitlab/embedded/TuyaOpen/platform/ESP32/tuya_open_sdk/sdkconfig.defaults
warning: unknown kconfig symbol 'LV_USE_BARCODE' assigned to 'n' in /Users/xiongzhenhua/gitlab/embedded/TuyaOpen/platform/ESP32/tuya_open_sdk/sdkconfig.defaults
warning: unknown kconfig symbol 'LV_USE_FREETYPE' assigned to 'n' in /Users/xiongzhenhua/gitlab/embedded/TuyaOpen/platform/ESP32/tuya_open_sdk/sdkconfig.defaults
warning: unknown kconfig symbol 'LV_USE_TINY_TTF' assigned to 'n' in /Users/xiongzhenhua/gitlab/embedded/TuyaOpen/platform/ESP32/tuya_open_sdk/sdkconfig.defaults
warning: unknown kconfig symbol 'LV_USE_RLOTTIE' assigned to 'n' in /Users/xiongzhenhua/gitlab/embedded/TuyaOpen/platform/ESP32/tuya_open_sdk/sdkconfig.defaults
warning: unknown kconfig symbol 'LV_USE_THORVG' assigned to 'n' in /Users/xiongzhenhua/gitlab/embedded/TuyaOpen/platform/ESP32/tuya_open_sdk/sdkconfig.defaults
warning: unknown kconfig symbol 'LV_USE_LZ4' assigned to 'n' in /Users/xiongzhenhua/gitlab/embedded/TuyaOpen/platform/ESP32/tuya_open_sdk/sdkconfig.defaults
warning: unknown kconfig symbol 'LV_USE_FFMPEG' assigned to 'n' in /Users/xiongzhenhua/gitlab/embedded/TuyaOpen/platform/ESP32/tuya_open_sdk/sdkconfig.defaults
warning: unknown kconfig symbol 'LV_USE_SNAPSHOT' assigned to 'n' in /Users/xiongzhenhua/gitlab/embedded/TuyaOpen/platform/ESP32/tuya_open_sdk/sdkconfig.defaults
warning: unknown kconfig symbol 'LV_USE_SYSMON' assigned to 'n' in /Users/xiongzhenhua/gitlab/embedded/TuyaOpen/platform/ESP32/tuya_open_sdk/sdkconfig.defaults
warning: unknown kconfig symbol 'LV_USE_PROFILER' assigned to 'n' in /Users/xiongzhenhua/gitlab/embedded/TuyaOpen/platform/ESP32/tuya_open_sdk/sdkconfig.defaults
warning: unknown kconfig symbol 'LV_USE_MONKEY' assigned to 'n' in /Users/xiongzhenhua/gitlab/embedded/TuyaOpen/platform/ESP32/tuya_open_sdk/sdkconfig.defaults
warning: unknown kconfig symbol 'LV_USE_GRIDNAV' assigned to 'n' in /Users/xiongzhenhua/gitlab/embedded/TuyaOpen/platform/ESP32/tuya_open_sdk/sdkconfig.defaults
warning: unknown kconfig symbol 'LV_USE_FRAGMENT' assigned to 'n' in /Users/xiongzhenhua/gitlab/embedded/TuyaOpen/platform/ESP32/tuya_open_sdk/sdkconfig.defaults
warning: unknown kconfig symbol 'LV_USE_IMGFONT' assigned to 'y' in /Users/xiongzhenhua/gitlab/embedded/TuyaOpen/platform/ESP32/tuya_open_sdk/sdkconfig.defaults
warning: unknown kconfig symbol 'LV_USE_OBSERVER' assigned to 'y' in /Users/xiongzhenhua/gitlab/embedded/TuyaOpen/platform/ESP32/tuya_open_sdk/sdkconfig.defaults
warning: unknown kconfig symbol 'LV_USE_IME_PINYIN' assigned to 'n' in /Users/xiongzhenhua/gitlab/embedded/TuyaOpen/platform/ESP32/tuya_open_sdk/sdkconfig.defaults
warning: unknown kconfig symbol 'LV_USE_FILE_EXPLORER' assigned to 'n' in /Users/xiongzhenhua/gitlab/embedded/TuyaOpen/platform/ESP32/tuya_open_sdk/sdkconfig.defaults
warning: unknown kconfig symbol 'LV_USE_SDL' assigned to 'n' in /Users/xiongzhenhua/gitlab/embedded/TuyaOpen/platform/ESP32/tuya_open_sdk/sdkconfig.defaults
warning: unknown kconfig symbol 'LV_USE_X11' assigned to 'n' in /Users/xiongzhenhua/gitlab/embedded/TuyaOpen/platform/ESP32/tuya_open_sdk/sdkconfig.defaults
warning: unknown kconfig symbol 'LV_USE_WAYLAND' assigned to 'n' in /Users/xiongzhenhua/gitlab/embedded/TuyaOpen/platform/ESP32/tuya_open_sdk/sdkconfig.defaults
warning: unknown kconfig symbol 'LV_USE_LINUX_FBDEV' assigned to 'n' in /Users/xiongzhenhua/gitlab/embedded/TuyaOpen/platform/ESP32/tuya_open_sdk/sdkconfig.defaults
warning: unknown kconfig symbol 'LV_USE_NUTTX' assigned to 'n' in /Users/xiongzhenhua/gitlab/embedded/TuyaOpen/platform/ESP32/tuya_open_sdk/sdkconfig.defaults
warning: unknown kconfig symbol 'LV_USE_LINUX_DRM' assigned to 'n' in /Users/xiongzhenhua/gitlab/embedded/TuyaOpen/platform/ESP32/tuya_open_sdk/sdkconfig.defaults
warning: unknown kconfig symbol 'LV_USE_TFT_ESPI' assigned to 'n' in /Users/xiongzhenhua/gitlab/embedded/TuyaOpen/platform/ESP32/tuya_open_sdk/sdkconfig.defaults
warning: unknown kconfig symbol 'LV_USE_EVDEV' assigned to 'n' in /Users/xiongzhenhua/gitlab/embedded/TuyaOpen/platform/ESP32/tuya_open_sdk/sdkconfig.defaults
warning: unknown kconfig symbol 'LV_USE_LIBINPUT' assigned to 'n' in /Users/xiongzhenhua/gitlab/embedded/TuyaOpen/platform/ESP32/tuya_open_sdk/sdkconfig.defaults
warning: unknown kconfig symbol 'LV_USE_ST7735' assigned to 'n' in /Users/xiongzhenhua/gitlab/embedded/TuyaOpen/platform/ESP32/tuya_open_sdk/sdkconfig.defaults
warning: unknown kconfig symbol 'LV_USE_ST7789' assigned to 'n' in /Users/xiongzhenhua/gitlab/embedded/TuyaOpen/platform/ESP32/tuya_open_sdk/sdkconfig.defaults
warning: unknown kconfig symbol 'LV_USE_ST7796' assigned to 'n' in /Users/xiongzhenhua/gitlab/embedded/TuyaOpen/platform/ESP32/tuya_open_sdk/sdkconfig.defaults
warning: unknown kconfig symbol 'LV_USE_ILI9341' assigned to 'n' in /Users/xiongzhenhua/gitlab/embedded/TuyaOpen/platform/ESP32/tuya_open_sdk/sdkconfig.defaults
warning: unknown kconfig symbol 'LV_USE_GENERIC_MIPI' assigned to 'n' in /Users/xiongzhenhua/gitlab/embedded/TuyaOpen/platform/ESP32/tuya_open_sdk/sdkconfig.defaults
warning: unknown kconfig symbol 'LV_USE_RENESAS_GLCDC' assigned to 'n' in /Users/xiongzhenhua/gitlab/embedded/TuyaOpen/platform/ESP32/tuya_open_sdk/sdkconfig.defaults
warning: unknown kconfig symbol 'LV_USE_OPENGLES' assigned to 'n' in /Users/xiongzhenhua/gitlab/embedded/TuyaOpen/platform/ESP32/tuya_open_sdk/sdkconfig.defaults
warning: unknown kconfig symbol 'LV_USE_QNX' assigned to 'n' in /Users/xiongzhenhua/gitlab/embedded/TuyaOpen/platform/ESP32/tuya_open_sdk/sdkconfig.defaults
warning: unknown kconfig symbol 'LV_BUILD_EXAMPLES' assigned to 'y' in /Users/xiongzhenhua/gitlab/embedded/TuyaOpen/platform/ESP32/tuya_open_sdk/sdkconfig.defaults
warning: unknown kconfig symbol 'LV_USE_DEMO_WIDGETS' assigned to 'y' in /Users/xiongzhenhua/gitlab/embedded/TuyaOpen/platform/ESP32/tuya_open_sdk/sdkconfig.defaults
warning: unknown kconfig symbol 'LV_USE_DEMO_KEYPAD_AND_ENCODER' assigned to 'n' in /Users/xiongzhenhua/gitlab/embedded/TuyaOpen/platform/ESP32/tuya_open_sdk/sdkconfig.defaults
warning: unknown kconfig symbol 'LV_USE_DEMO_BENCHMARK' assigned to 'y' in /Users/xiongzhenhua/gitlab/embedded/TuyaOpen/platform/ESP32/tuya_open_sdk/sdkconfig.defaults
warning: unknown kconfig symbol 'LV_USE_DEMO_RENDER' assigned to 'n' in /Users/xiongzhenhua/gitlab/embedded/TuyaOpen/platform/ESP32/tuya_open_sdk/sdkconfig.defaults
warning: unknown kconfig symbol 'LV_USE_DEMO_SCROLL' assigned to 'n' in /Users/xiongzhenhua/gitlab/embedded/TuyaOpen/platform/ESP32/tuya_open_sdk/sdkconfig.defaults
warning: unknown kconfig symbol 'LV_USE_DEMO_STRESS' assigned to 'n' in /Users/xiongzhenhua/gitlab/embedded/TuyaOpen/platform/ESP32/tuya_open_sdk/sdkconfig.defaults
warning: unknown kconfig symbol 'LV_USE_DEMO_MUSIC' assigned to 'n' in /Users/xiongzhenhua/gitlab/embedded/TuyaOpen/platform/ESP32/tuya_open_sdk/sdkconfig.defaults
warning: unknown kconfig symbol 'LV_USE_DEMO_FLEX_LAYOUT' assigned to 'n' in /Users/xiongzhenhua/gitlab/embedded/TuyaOpen/platform/ESP32/tuya_open_sdk/sdkconfig.defaults
warning: unknown kconfig symbol 'LV_USE_DEMO_MULTILANG' assigned to 'n' in /Users/xiongzhenhua/gitlab/embedded/TuyaOpen/platform/ESP32/tuya_open_sdk/sdkconfig.defaults
-- Compiler supported targets: xtensa-esp-elf
-- Found Python3: /Users/xiongzhenhua/gitlab/embedded/TuyaOpen/platform/ESP32/.espressif/python_env/idf5.4_py3.14_env/bin/python (found version "3.14.0") found components: Interpreter
-- Performing Test CMAKE_HAVE_LIBC_PTHREAD
-- Performing Test CMAKE_HAVE_LIBC_PTHREAD - Success
-- Found Threads: TRUE
-- Performing Test C_COMPILER_SUPPORTS_WFORMAT_SIGNEDNESS
-- Performing Test C_COMPILER_SUPPORTS_WFORMAT_SIGNEDNESS - Success
-- App "tuya_open_sdk" version: v1.1.0-115-g18eb1a1-dirty
-- Adding linker script /Users/xiongzhenhua/gitlab/embedded/TuyaOpen/platform/ESP32/tuya_open_sdk/build/esp-idf/esp_system/ld/memory.ld
-- Adding linker script /Users/xiongzhenhua/gitlab/embedded/TuyaOpen/platform/ESP32/tuya_open_sdk/build/esp-idf/esp_system/ld/sections.ld.in
-- Adding linker script /Users/xiongzhenhua/gitlab/embedded/TuyaOpen/platform/ESP32/esp-idf/components/esp_rom/esp32s3/ld/esp32s3.rom.ld
-- Adding linker script /Users/xiongzhenhua/gitlab/embedded/TuyaOpen/platform/ESP32/esp-idf/components/esp_rom/esp32s3/ld/esp32s3.rom.api.ld
-- Adding linker script /Users/xiongzhenhua/gitlab/embedded/TuyaOpen/platform/ESP32/esp-idf/components/esp_rom/esp32s3/ld/esp32s3.rom.bt_funcs.ld
-- Adding linker script /Users/xiongzhenhua/gitlab/embedded/TuyaOpen/platform/ESP32/esp-idf/components/esp_rom/esp32s3/ld/esp32s3.rom.libgcc.ld
-- Adding linker script /Users/xiongzhenhua/gitlab/embedded/TuyaOpen/platform/ESP32/esp-idf/components/esp_rom/esp32s3/ld/esp32s3.rom.wdt.ld
-- Adding linker script /Users/xiongzhenhua/gitlab/embedded/TuyaOpen/platform/ESP32/esp-idf/components/esp_rom/esp32s3/ld/esp32s3.rom.version.ld
-- Adding linker script /Users/xiongzhenhua/gitlab/embedded/TuyaOpen/platform/ESP32/esp-idf/components/esp_rom/esp32s3/ld/esp32s3.rom.newlib.ld
-- Adding linker script /Users/xiongzhenhua/gitlab/embedded/TuyaOpen/platform/ESP32/esp-idf/components/soc/esp32s3/ld/esp32s3.peripherals.ld
-- CONFIG_ESP32P4_SELECTS_REV_LESS_V3 is 
-- IDF_VERSION_MAJOR is 5
-- IDF_VERSION_MINOR is 4
-- IDF_VERSION_PATCH is 0
-- TARGET_LIB_PATH is set to: esp32s3
-- ESP_LCD_PANEL_IO_ADDITIONS: 1.0.1
-- ESP_LCD_SH8601: 1.0.2
-- Components: app_trace app_update bootloader bootloader_support bt cmock console cxx driver efuse esp-tls esp_adc esp_app_format esp_bootloader_format esp_coex esp_common esp_driver_ana_cmpr esp_driver_cam esp_driver_dac esp_driver_gpio esp_driver_gptimer esp_driver_i2c esp_driver_i2s esp_driver_isp esp_driver_jpeg esp_driver_ledc esp_driver_mcpwm esp_driver_parlio esp_driver_pcnt esp_driver_ppa esp_driver_rmt esp_driver_sdio esp_driver_sdm esp_driver_sdmmc esp_driver_sdspi esp_driver_spi esp_driver_touch_sens esp_driver_tsens esp_driver_uart esp_driver_usb_serial_jtag esp_eth esp_event esp_gdbstub esp_hid esp_http_client esp_http_server esp_https_ota esp_https_server esp_hw_support esp_lcd esp_local_ctrl esp_mm esp_netif esp_netif_stack esp_partition esp_phy esp_pm esp_psram esp_ringbuf esp_rom esp_security esp_system esp_timer esp_vfs_console esp_wifi espcoredump espressif__cjson espressif__cmake_utilities espressif__dl_fft espressif__esp-dsp espressif__esp-sr espressif__esp_codec_dev espressif__esp_io_expander espressif__esp_io_expander_tca9554 espressif__esp_lcd_panel_io_additions espressif__esp_lcd_touch espressif__esp_lcd_touch_ft5x06 espressif__esp_lcd_touch_gt911 esptool_py fatfs freertos hal heap http_parser idf_test ieee802154 json log lwip main mbedtls mqtt newlib nvs_flash nvs_sec_provider openthread partition_table perfmon protobuf-c protocomm pthread rt sdmmc soc spi_flash spiffs tcp_transport touch_element tuyaos_adapter ulp unity usb vfs waveshare__esp_lcd_sh8601 wear_levelling wifi_provisioning wpa_supplicant xtensa
-- Component paths: /Users/xiongzhenhua/gitlab/embedded/TuyaOpen/platform/ESP32/esp-idf/components/app_trace /Users/xiongzhenhua/gitlab/embedded/TuyaOpen/platform/ESP32/esp-idf/components/app_update /Users/xiongzhenhua/gitlab/embedded/TuyaOpen/platform/ESP32/esp-idf/components/bootloader /Users/xiongzhenhua/gitlab/embedded/TuyaOpen/platform/ESP32/esp-idf/components/bootloader_support /Users/xiongzhenhua/gitlab/embedded/TuyaOpen/platform/ESP32/esp-idf/components/bt /Users/xiongzhenhua/gitlab/embedded/TuyaOpen/platform/ESP32/esp-idf/components/cmock /Users/xiongzhenhua/gitlab/embedded/TuyaOpen/platform/ESP32/esp-idf/components/console /Users/xiongzhenhua/gitlab/embedded/TuyaOpen/platform/ESP32/esp-idf/components/cxx /Users/xiongzhenhua/gitlab/embedded/TuyaOpen/platform/ESP32/esp-idf/components/driver /Users/xiongzhenhua/gitlab/embedded/TuyaOpen/platform/ESP32/esp-idf/components/efuse /Users/xiongzhenhua/gitlab/embedded/TuyaOpen/platform/ESP32/esp-idf/components/esp-tls /Users/xiongzhenhua/gitlab/embedded/TuyaOpen/platform/ESP32/esp-idf/components/esp_adc /Users/xiongzhenhua/gitlab/embedded/TuyaOpen/platform/ESP32/esp-idf/components/esp_app_format /Users/xiongzhenhua/gitlab/embedded/TuyaOpen/platform/ESP32/esp-idf/components/esp_bootloader_format /Users/xiongzhenhua/gitlab/embedded/TuyaOpen/platform/ESP32/esp-idf/components/esp_coex /Users/xiongzhenhua/gitlab/embedded/TuyaOpen/platform/ESP32/esp-idf/components/esp_common /Users/xiongzhenhua/gitlab/embedded/TuyaOpen/platform/ESP32/esp-idf/components/esp_driver_ana_cmpr /Users/xiongzhenhua/gitlab/embedded/TuyaOpen/platform/ESP32/esp-idf/components/esp_driver_cam /Users/xiongzhenhua/gitlab/embedded/TuyaOpen/platform/ESP32/esp-idf/components/esp_driver_dac /Users/xiongzhenhua/gitlab/embedded/TuyaOpen/platform/ESP32/esp-idf/components/esp_driver_gpio /Users/xiongzhenhua/gitlab/embedded/TuyaOpen/platform/ESP32/esp-idf/components/esp_driver_gptimer /Users/xiongzhenhua/gitlab/embedded/TuyaOpen/platform/ESP32/esp-idf/components/esp_driver_i2c /Users/xiongzhenhua/gitlab/embedded/TuyaOpen/platform/ESP32/esp-idf/components/esp_driver_i2s /Users/xiongzhenhua/gitlab/embedded/TuyaOpen/platform/ESP32/esp-idf/components/esp_driver_isp /Users/xiongzhenhua/gitlab/embedded/TuyaOpen/platform/ESP32/esp-idf/components/esp_driver_jpeg /Users/xiongzhenhua/gitlab/embedded/TuyaOpen/platform/ESP32/esp-idf/components/esp_driver_ledc /Users/xiongzhenhua/gitlab/embedded/TuyaOpen/platform/ESP32/esp-idf/components/esp_driver_mcpwm /Users/xiongzhenhua/gitlab/embedded/TuyaOpen/platform/ESP32/esp-idf/components/esp_driver_parlio /Users/xiongzhenhua/gitlab/embedded/TuyaOpen/platform/ESP32/esp-idf/components/esp_driver_pcnt /Users/xiongzhenhua/gitlab/embedded/TuyaOpen/platform/ESP32/esp-idf/components/esp_driver_ppa /Users/xiongzhenhua/gitlab/embedded/TuyaOpen/platform/ESP32/esp-idf/components/esp_driver_rmt /Users/xiongzhenhua/gitlab/embedded/TuyaOpen/platform/ESP32/esp-idf/components/esp_driver_sdio /Users/xiongzhenhua/gitlab/embedded/TuyaOpen/platform/ESP32/esp-idf/components/esp_driver_sdm /Users/xiongzhenhua/gitlab/embedded/TuyaOpen/platform/ESP32/esp-idf/components/esp_driver_sdmmc /Users/xiongzhenhua/gitlab/embedded/TuyaOpen/platform/ESP32/esp-idf/components/esp_driver_sdspi /Users/xiongzhenhua/gitlab/embedded/TuyaOpen/platform/ESP32/esp-idf/components/esp_driver_spi /Users/xiongzhenhua/gitlab/embedded/TuyaOpen/platform/ESP32/esp-idf/components/esp_driver_touch_sens /Users/xiongzhenhua/gitlab/embedded/TuyaOpen/platform/ESP32/esp-idf/components/esp_driver_tsens /Users/xiongzhenhua/gitlab/embedded/TuyaOpen/platform/ESP32/esp-idf/components/esp_driver_uart /Users/xiongzhenhua/gitlab/embedded/TuyaOpen/platform/ESP32/esp-idf/components/esp_driver_usb_serial_jtag /Users/xiongzhenhua/gitlab/embedded/TuyaOpen/platform/ESP32/esp-idf/components/esp_eth /Users/xiongzhenhua/gitlab/embedded/TuyaOpen/platform/ESP32/esp-idf/components/esp_event /Users/xiongzhenhua/gitlab/embedded/TuyaOpen/platform/ESP32/esp-idf/components/esp_gdbstub /Users/xiongzhenhua/gitlab/embedded/TuyaOpen/platform/ESP32/esp-idf/components/esp_hid /Users/xiongzhenhua/gitlab/embedded/TuyaOpen/platform/ESP32/esp-idf/components/esp_http_client /Users/xiongzhenhua/gitlab/embedded/TuyaOpen/platform/ESP32/esp-idf/components/esp_http_server /Users/xiongzhenhua/gitlab/embedded/TuyaOpen/platform/ESP32/esp-idf/components/esp_https_ota /Users/xiongzhenhua/gitlab/embedded/TuyaOpen/platform/ESP32/esp-idf/components/esp_https_server /Users/xiongzhenhua/gitlab/embedded/TuyaOpen/platform/ESP32/esp-idf/components/esp_hw_support /Users/xiongzhenhua/gitlab/embedded/TuyaOpen/platform/ESP32/esp-idf/components/esp_lcd /Users/xiongzhenhua/gitlab/embedded/TuyaOpen/platform/ESP32/esp-idf/components/esp_local_ctrl /Users/xiongzhenhua/gitlab/embedded/TuyaOpen/platform/ESP32/esp-idf/components/esp_mm /Users/xiongzhenhua/gitlab/embedded/TuyaOpen/platform/ESP32/esp-idf/components/esp_netif /Users/xiongzhenhua/gitlab/embedded/TuyaOpen/platform/ESP32/esp-idf/components/esp_netif_stack /Users/xiongzhenhua/gitlab/embedded/TuyaOpen/platform/ESP32/esp-idf/components/esp_partition /Users/xiongzhenhua/gitlab/embedded/TuyaOpen/platform/ESP32/esp-idf/components/esp_phy /Users/xiongzhenhua/gitlab/embedded/TuyaOpen/platform/ESP32/esp-idf/components/esp_pm /Users/xiongzhenhua/gitlab/embedded/TuyaOpen/platform/ESP32/esp-idf/components/esp_psram /Users/xiongzhenhua/gitlab/embedded/TuyaOpen/platform/ESP32/esp-idf/components/esp_ringbuf /Users/xiongzhenhua/gitlab/embedded/TuyaOpen/platform/ESP32/esp-idf/components/esp_rom /Users/xiongzhenhua/gitlab/embedded/TuyaOpen/platform/ESP32/esp-idf/components/esp_security /Users/xiongzhenhua/gitlab/embedded/TuyaOpen/platform/ESP32/esp-idf/components/esp_system /Users/xiongzhenhua/gitlab/embedded/TuyaOpen/platform/ESP32/esp-idf/components/esp_timer /Users/xiongzhenhua/gitlab/embedded/TuyaOpen/platform/ESP32/esp-idf/components/esp_vfs_console /Users/xiongzhenhua/gitlab/embedded/TuyaOpen/platform/ESP32/esp-idf/components/esp_wifi /Users/xiongzhenhua/gitlab/embedded/TuyaOpen/platform/ESP32/esp-idf/components/espcoredump /Users/xiongzhenhua/gitlab/embedded/TuyaOpen/platform/ESP32/tuya_open_sdk/managed_components/espressif__cjson /Users/xiongzhenhua/gitlab/embedded/TuyaOpen/platform/ESP32/tuya_open_sdk/managed_components/espressif__cmake_utilities /Users/xiongzhenhua/gitlab/embedded/TuyaOpen/platform/ESP32/tuya_open_sdk/managed_components/espressif__dl_fft /Users/xiongzhenhua/gitlab/embedded/TuyaOpen/platform/ESP32/tuya_open_sdk/managed_components/espressif__esp-dsp /Users/xiongzhenhua/gitlab/embedded/TuyaOpen/platform/ESP32/tuya_open_sdk/managed_components/espressif__esp-sr /Users/xiongzhenhua/gitlab/embedded/TuyaOpen/platform/ESP32/tuya_open_sdk/managed_components/espressif__esp_codec_dev /Users/xiongzhenhua/gitlab/embedded/TuyaOpen/platform/ESP32/tuya_open_sdk/managed_components/espressif__esp_io_expander /Users/xiongzhenhua/gitlab/embedded/TuyaOpen/platform/ESP32/tuya_open_sdk/managed_components/espressif__esp_io_expander_tca9554 /Users/xiongzhenhua/gitlab/embedded/TuyaOpen/platform/ESP32/tuya_open_sdk/managed_components/espressif__esp_lcd_panel_io_additions /Users/xiongzhenhua/gitlab/embedded/TuyaOpen/platform/ESP32/tuya_open_sdk/managed_components/espressif__esp_lcd_touch /Users/xiongzhenhua/gitlab/embedded/TuyaOpen/platform/ESP32/tuya_open_sdk/managed_components/espressif__esp_lcd_touch_ft5x06 /Users/xiongzhenhua/gitlab/embedded/TuyaOpen/platform/ESP32/tuya_open_sdk/managed_components/espressif__esp_lcd_touch_gt911 /Users/xiongzhenhua/gitlab/embedded/TuyaOpen/platform/ESP32/esp-idf/components/esptool_py /Users/xiongzhenhua/gitlab/embedded/TuyaOpen/platform/ESP32/esp-idf/components/fatfs /Users/xiongzhenhua/gitlab/embedded/TuyaOpen/platform/ESP32/esp-idf/components/freertos /Users/xiongzhenhua/gitlab/embedded/TuyaOpen/platform/ESP32/esp-idf/components/hal /Users/xiongzhenhua/gitlab/embedded/TuyaOpen/platform/ESP32/esp-idf/components/heap /Users/xiongzhenhua/gitlab/embedded/TuyaOpen/platform/ESP32/esp-idf/components/http_parser /Users/xiongzhenhua/gitlab/embedded/TuyaOpen/platform/ESP32/esp-idf/components/idf_test /Users/xiongzhenhua/gitlab/embedded/TuyaOpen/platform/ESP32/esp-idf/components/ieee802154 /Users/xiongzhenhua/gitlab/embedded/TuyaOpen/platform/ESP32/esp-idf/components/json /Users/xiongzhenhua/gitlab/embedded/TuyaOpen/platform/ESP32/esp-idf/components/log /Users/xiongzhenhua/gitlab/embedded/TuyaOpen/platform/ESP32/esp-idf/components/lwip /Users/xiongzhenhua/gitlab/embedded/TuyaOpen/platform/ESP32/tuya_open_sdk/main /Users/xiongzhenhua/gitlab/embedded/TuyaOpen/platform/ESP32/esp-idf/components/mbedtls /Users/xiongzhenhua/gitlab/embedded/TuyaOpen/platform/ESP32/esp-idf/components/mqtt /Users/xiongzhenhua/gitlab/embedded/TuyaOpen/platform/ESP32/esp-idf/components/newlib /Users/xiongzhenhua/gitlab/embedded/TuyaOpen/platform/ESP32/esp-idf/components/nvs_flash /Users/xiongzhenhua/gitlab/embedded/TuyaOpen/platform/ESP32/esp-idf/components/nvs_sec_provider /Users/xiongzhenhua/gitlab/embedded/TuyaOpen/platform/ESP32/esp-idf/components/openthread /Users/xiongzhenhua/gitlab/embedded/TuyaOpen/platform/ESP32/esp-idf/components/partition_table /Users/xiongzhenhua/gitlab/embedded/TuyaOpen/platform/ESP32/esp-idf/components/perfmon /Users/xiongzhenhua/gitlab/embedded/TuyaOpen/platform/ESP32/esp-idf/components/protobuf-c /Users/xiongzhenhua/gitlab/embedded/TuyaOpen/platform/ESP32/esp-idf/components/protocomm /Users/xiongzhenhua/gitlab/embedded/TuyaOpen/platform/ESP32/esp-idf/components/pthread /Users/xiongzhenhua/gitlab/embedded/TuyaOpen/platform/ESP32/esp-idf/components/rt /Users/xiongzhenhua/gitlab/embedded/TuyaOpen/platform/ESP32/esp-idf/components/sdmmc /Users/xiongzhenhua/gitlab/embedded/TuyaOpen/platform/ESP32/esp-idf/components/soc /Users/xiongzhenhua/gitlab/embedded/TuyaOpen/platform/ESP32/esp-idf/components/spi_flash /Users/xiongzhenhua/gitlab/embedded/TuyaOpen/platform/ESP32/esp-idf/components/spiffs /Users/xiongzhenhua/gitlab/embedded/TuyaOpen/platform/ESP32/esp-idf/components/tcp_transport /Users/xiongzhenhua/gitlab/embedded/TuyaOpen/platform/ESP32/esp-idf/components/touch_element /Users/xiongzhenhua/gitlab/embedded/TuyaOpen/platform/ESP32/tuya_open_sdk/tuyaos_adapter /Users/xiongzhenhua/gitlab/embedded/TuyaOpen/platform/ESP32/esp-idf/components/ulp /Users/xiongzhenhua/gitlab/embedded/TuyaOpen/platform/ESP32/esp-idf/components/unity /Users/xiongzhenhua/gitlab/embedded/TuyaOpen/platform/ESP32/esp-idf/components/usb /Users/xiongzhenhua/gitlab/embedded/TuyaOpen/platform/ESP32/esp-idf/components/vfs /Users/xiongzhenhua/gitlab/embedded/TuyaOpen/platform/ESP32/tuya_open_sdk/managed_components/waveshare__esp_lcd_sh8601 /Users/xiongzhenhua/gitlab/embedded/TuyaOpen/platform/ESP32/esp-idf/components/wear_levelling /Users/xiongzhenhua/gitlab/embedded/TuyaOpen/platform/ESP32/esp-idf/components/wifi_provisioning /Users/xiongzhenhua/gitlab/embedded/TuyaOpen/platform/ESP32/esp-idf/components/wpa_supplicant /Users/xiongzhenhua/gitlab/embedded/TuyaOpen/platform/ESP32/esp-idf/components/xtensa
-- Configuring done (11.1s)
-- Generating done (0.6s)
-- Build files have been written to: /Users/xiongzhenhua/gitlab/embedded/TuyaOpen/platform/ESP32/tuya_open_sdk/build
Set flash size 16M
do subprocess: . /Users/xiongzhenhua/gitlab/embedded/TuyaOpen/platform/ESP32/esp-idf/export.sh && cd /Users/xiongzhenhua/gitlab/embedded/TuyaOpen/platform/ESP32/tuya_open_sdk && idf.py build
Checking "python3" ...
Python 3.14.0
"python3" has been detected
WARNING: Failed to load shell autocompletion for bash version: 3.2.57(1)-release!

Done! You can now compile ESP-IDF projects.
Go to the project directory and run:

  idf.py build
Executing action: all (aliases: build)
Running ninja in directory /Users/xiongzhenhua/gitlab/embedded/TuyaOpen/platform/ESP32/tuya_open_sdk/build
Executing "ninja all"...
[0/1] Re-running CMake...
-- Building ESP-IDF components for target esp32s3
NOTICE: Processing 14 dependencies:
NOTICE: [1/14] espressif/cjson (1.7.19~2)
NOTICE: [2/14] espressif/cmake_utilities (0.5.3)
NOTICE: [3/14] espressif/dl_fft (0.4.0)
NOTICE: [4/14] espressif/esp-dsp (1.8.0)
NOTICE: [5/14] espressif/esp-sr (2.4.4)
NOTICE: [6/14] espressif/esp_codec_dev (1.3.6)
NOTICE: [7/14] espressif/esp_io_expander (1.2.1)
NOTICE: [8/14] espressif/esp_io_expander_tca9554 (2.0.0)
NOTICE: [9/14] espressif/esp_lcd_panel_io_additions (1.0.1~1)
NOTICE: [10/14] espressif/esp_lcd_touch (1.2.1)
NOTICE: [11/14] espressif/esp_lcd_touch_ft5x06 (1.0.7)
NOTICE: [12/14] espressif/esp_lcd_touch_gt911 (1.2.0~2)
NOTICE: [13/14] waveshare/esp_lcd_sh8601 (1.0.2)
NOTICE: [14/14] idf (5.4.0)
-- CONFIG_ESP32P4_SELECTS_REV_LESS_V3 is 
-- IDF_VERSION_MAJOR is 5
-- IDF_VERSION_MINOR is 4
-- IDF_VERSION_PATCH is 0
-- TARGET_LIB_PATH is set to: esp32s3
-- Project sdkconfig file /Users/xiongzhenhua/gitlab/embedded/TuyaOpen/platform/ESP32/tuya_open_sdk/sdkconfig
Loading defaults file /Users/xiongzhenhua/gitlab/embedded/TuyaOpen/platform/ESP32/tuya_open_sdk/sdkconfig.defaults...
warning: unknown kconfig symbol 'LV_CONF_SKIP' assigned to 'n' in /Users/xiongzhenhua/gitlab/embedded/TuyaOpen/platform/ESP32/tuya_open_sdk/sdkconfig.defaults
warning: unknown kconfig symbol 'LV_CONF_MINIMAL' assigned to 'n' in /Users/xiongzhenhua/gitlab/embedded/TuyaOpen/platform/ESP32/tuya_open_sdk/sdkconfig.defaults
warning: unknown kconfig symbol 'LV_COLOR_DEPTH_32' assigned to 'n' in /Users/xiongzhenhua/gitlab/embedded/TuyaOpen/platform/ESP32/tuya_open_sdk/sdkconfig.defaults
warning: unknown kconfig symbol 'LV_COLOR_DEPTH_24' assigned to 'n' in /Users/xiongzhenhua/gitlab/embedded/TuyaOpen/platform/ESP32/tuya_open_sdk/sdkconfig.defaults
warning: unknown kconfig symbol 'LV_COLOR_DEPTH_16' assigned to 'y' in /Users/xiongzhenhua/gitlab/embedded/TuyaOpen/platform/ESP32/tuya_open_sdk/sdkconfig.defaults
warning: unknown kconfig symbol 'LV_COLOR_DEPTH_8' assigned to 'n' in /Users/xiongzhenhua/gitlab/embedded/TuyaOpen/platform/ESP32/tuya_open_sdk/sdkconfig.defaults
warning: unknown kconfig symbol 'LV_COLOR_DEPTH_1' assigned to 'n' in /Users/xiongzhenhua/gitlab/embedded/TuyaOpen/platform/ESP32/tuya_open_sdk/sdkconfig.defaults
warning: unknown kconfig symbol 'LV_COLOR_DEPTH' assigned to '16' in /Users/xiongzhenhua/gitlab/embedded/TuyaOpen/platform/ESP32/tuya_open_sdk/sdkconfig.defaults
warning: unknown kconfig symbol 'LV_USE_BUILTIN_MALLOC' assigned to 'n' in /Users/xiongzhenhua/gitlab/embedded/TuyaOpen/platform/ESP32/tuya_open_sdk/sdkconfig.defaults
warning: unknown kconfig symbol 'LV_USE_CLIB_MALLOC' assigned to 'y' in /Users/xiongzhenhua/gitlab/embedded/TuyaOpen/platform/ESP32/tuya_open_sdk/sdkconfig.defaults
warning: unknown kconfig symbol 'LV_USE_MICROPYTHON_MALLOC' assigned to 'n' in /Users/xiongzhenhua/gitlab/embedded/TuyaOpen/platform/ESP32/tuya_open_sdk/sdkconfig.defaults
warning: unknown kconfig symbol 'LV_USE_RTTHREAD_MALLOC' assigned to 'n' in /Users/xiongzhenhua/gitlab/embedded/TuyaOpen/platform/ESP32/tuya_open_sdk/sdkconfig.defaults
warning: unknown kconfig symbol 'LV_USE_CUSTOM_MALLOC' assigned to 'n' in /Users/xiongzhenhua/gitlab/embedded/TuyaOpen/platform/ESP32/tuya_open_sdk/sdkconfig.defaults
warning: unknown kconfig symbol 'LV_USE_BUILTIN_STRING' assigned to 'y' in /Users/xiongzhenhua/gitlab/embedded/TuyaOpen/platform/ESP32/tuya_open_sdk/sdkconfig.defaults
warning: unknown kconfig symbol 'LV_USE_CLIB_STRING' assigned to 'n' in /Users/xiongzhenhua/gitlab/embedded/TuyaOpen/platform/ESP32/tuya_open_sdk/sdkconfig.defaults
warning: unknown kconfig symbol 'LV_USE_CUSTOM_STRING' assigned to 'n' in /Users/xiongzhenhua/gitlab/embedded/TuyaOpen/platform/ESP32/tuya_open_sdk/sdkconfig.defaults
warning: unknown kconfig symbol 'LV_USE_BUILTIN_SPRINTF' assigned to 'y' in /Users/xiongzhenhua/gitlab/embedded/TuyaOpen/platform/ESP32/tuya_open_sdk/sdkconfig.defaults
warning: unknown kconfig symbol 'LV_USE_CLIB_SPRINTF' assigned to 'n' in /Users/xiongzhenhua/gitlab/embedded/TuyaOpen/platform/ESP32/tuya_open_sdk/sdkconfig.defaults
warning: unknown kconfig symbol 'LV_USE_CUSTOM_SPRINTF' assigned to 'n' in /Users/xiongzhenhua/gitlab/embedded/TuyaOpen/platform/ESP32/tuya_open_sdk/sdkconfig.defaults
warning: unknown kconfig symbol 'LV_DEF_REFR_PERIOD' assigned to '33' in /Users/xiongzhenhua/gitlab/embedded/TuyaOpen/platform/ESP32/tuya_open_sdk/sdkconfig.defaults
warning: unknown kconfig symbol 'LV_DPI_DEF' assigned to '130' in /Users/xiongzhenhua/gitlab/embedded/TuyaOpen/platform/ESP32/tuya_open_sdk/sdkconfig.defaults
warning: unknown kconfig symbol 'LV_OS_NONE' assigned to 'y' in /Users/xiongzhenhua/gitlab/embedded/TuyaOpen/platform/ESP32/tuya_open_sdk/sdkconfig.defaults
warning: unknown kconfig symbol 'LV_OS_PTHREAD' assigned to 'n' in /Users/xiongzhenhua/gitlab/embedded/TuyaOpen/platform/ESP32/tuya_open_sdk/sdkconfig.defaults
warning: unknown kconfig symbol 'LV_OS_FREERTOS' assigned to 'n' in /Users/xiongzhenhua/gitlab/embedded/TuyaOpen/platform/ESP32/tuya_open_sdk/sdkconfig.defaults
warning: unknown kconfig symbol 'LV_OS_CMSIS_RTOS2' assigned to 'n' in /Users/xiongzhenhua/gitlab/embedded/TuyaOpen/platform/ESP32/tuya_open_sdk/sdkconfig.defaults
warning: unknown kconfig symbol 'LV_OS_RTTHREAD' assigned to 'n' in /Users/xiongzhenhua/gitlab/embedded/TuyaOpen/platform/ESP32/tuya_open_sdk/sdkconfig.defaults
warning: unknown kconfig symbol 'LV_OS_WINDOWS' assigned to 'n' in /Users/xiongzhenhua/gitlab/embedded/TuyaOpen/platform/ESP32/tuya_open_sdk/sdkconfig.defaults
warning: unknown kconfig symbol 'LV_OS_MQX' assigned to 'n' in /Users/xiongzhenhua/gitlab/embedded/TuyaOpen/platform/ESP32/tuya_open_sdk/sdkconfig.defaults
warning: unknown kconfig symbol 'LV_OS_CUSTOM' assigned to 'n' in /Users/xiongzhenhua/gitlab/embedded/TuyaOpen/platform/ESP32/tuya_open_sdk/sdkconfig.defaults
warning: unknown kconfig symbol 'LV_USE_OS' assigned to '0' in /Users/xiongzhenhua/gitlab/embedded/TuyaOpen/platform/ESP32/tuya_open_sdk/sdkconfig.defaults
warning: unknown kconfig symbol 'LV_DRAW_BUF_STRIDE_ALIGN' assigned to '1' in /Users/xiongzhenhua/gitlab/embedded/TuyaOpen/platform/ESP32/tuya_open_sdk/sdkconfig.defaults
warning: unknown kconfig symbol 'LV_DRAW_BUF_ALIGN' assigned to '4' in /Users/xiongzhenhua/gitlab/embedded/TuyaOpen/platform/ESP32/tuya_open_sdk/sdkconfig.defaults
warning: unknown kconfig symbol 'LV_DRAW_LAYER_SIMPLE_BUF_SIZE' assigned to '8192' in /Users/xiongzhenhua/gitlab/embedded/TuyaOpen/platform/ESP32/tuya_open_sdk/sdkconfig.defaults
warning: unknown kconfig symbol 'LV_USE_DRAW_SW' assigned to 'y' in /Users/xiongzhenhua/gitlab/embedded/TuyaOpen/platform/ESP32/tuya_open_sdk/sdkconfig.defaults
warning: unknown kconfig symbol 'LV_DRAW_SW_SUPPORT_RGB565' assigned to 'y' in /Users/xiongzhenhua/gitlab/embedded/TuyaOpen/platform/ESP32/tuya_open_sdk/sdkconfig.defaults
warning: unknown kconfig symbol 'LV_DRAW_SW_SUPPORT_RGB565A8' assigned to 'y' in /Users/xiongzhenhua/gitlab/embedded/TuyaOpen/platform/ESP32/tuya_open_sdk/sdkconfig.defaults
warning: unknown kconfig symbol 'LV_DRAW_SW_SUPPORT_RGB888' assigned to 'y' in /Users/xiongzhenhua/gitlab/embedded/TuyaOpen/platform/ESP32/tuya_open_sdk/sdkconfig.defaults
warning: unknown kconfig symbol 'LV_DRAW_SW_SUPPORT_XRGB8888' assigned to 'y' in /Users/xiongzhenhua/gitlab/embedded/TuyaOpen/platform/ESP32/tuya_open_sdk/sdkconfig.defaults
warning: unknown kconfig symbol 'LV_DRAW_SW_SUPPORT_ARGB8888' assigned to 'y' in /Users/xiongzhenhua/gitlab/embedded/TuyaOpen/platform/ESP32/tuya_open_sdk/sdkconfig.defaults
warning: unknown kconfig symbol 'LV_DRAW_SW_SUPPORT_L8' assigned to 'y' in /Users/xiongzhenhua/gitlab/embedded/TuyaOpen/platform/ESP32/tuya_open_sdk/sdkconfig.defaults
warning: unknown kconfig symbol 'LV_DRAW_SW_SUPPORT_AL88' assigned to 'y' in /Users/xiongzhenhua/gitlab/embedded/TuyaOpen/platform/ESP32/tuya_open_sdk/sdkconfig.defaults
warning: unknown kconfig symbol 'LV_DRAW_SW_SUPPORT_A8' assigned to 'y' in /Users/xiongzhenhua/gitlab/embedded/TuyaOpen/platform/ESP32/tuya_open_sdk/sdkconfig.defaults
warning: unknown kconfig symbol 'LV_DRAW_SW_SUPPORT_I1' assigned to 'y' in /Users/xiongzhenhua/gitlab/embedded/TuyaOpen/platform/ESP32/tuya_open_sdk/sdkconfig.defaults
warning: unknown kconfig symbol 'LV_DRAW_SW_DRAW_UNIT_CNT' assigned to '1' in /Users/xiongzhenhua/gitlab/embedded/TuyaOpen/platform/ESP32/tuya_open_sdk/sdkconfig.defaults
warning: unknown kconfig symbol 'LV_USE_DRAW_ARM2D_SYNC' assigned to 'n' in /Users/xiongzhenhua/gitlab/embedded/TuyaOpen/platform/ESP32/tuya_open_sdk/sdkconfig.defaults
warning: unknown kconfig symbol 'LV_USE_NATIVE_HELIUM_ASM' assigned to 'n' in /Users/xiongzhenhua/gitlab/embedded/TuyaOpen/platform/ESP32/tuya_open_sdk/sdkconfig.defaults
warning: unknown kconfig symbol 'LV_DRAW_SW_COMPLEX' assigned to 'y' in /Users/xiongzhenhua/gitlab/embedded/TuyaOpen/platform/ESP32/tuya_open_sdk/sdkconfig.defaults
warning: unknown kconfig symbol 'LV_USE_DRAW_SW_COMPLEX_GRADIENTS' assigned to 'n' in /Users/xiongzhenhua/gitlab/embedded/TuyaOpen/platform/ESP32/tuya_open_sdk/sdkconfig.defaults
warning: unknown kconfig symbol 'LV_DRAW_SW_SHADOW_CACHE_SIZE' assigned to '0' in /Users/xiongzhenhua/gitlab/embedded/TuyaOpen/platform/ESP32/tuya_open_sdk/sdkconfig.defaults
warning: unknown kconfig symbol 'LV_DRAW_SW_CIRCLE_CACHE_SIZE' assigned to '4' in /Users/xiongzhenhua/gitlab/embedded/TuyaOpen/platform/ESP32/tuya_open_sdk/sdkconfig.defaults
warning: unknown kconfig symbol 'LV_DRAW_SW_ASM_NONE' assigned to 'y' in /Users/xiongzhenhua/gitlab/embedded/TuyaOpen/platform/ESP32/tuya_open_sdk/sdkconfig.defaults
warning: unknown kconfig symbol 'LV_DRAW_SW_ASM_NEON' assigned to 'n' in /Users/xiongzhenhua/gitlab/embedded/TuyaOpen/platform/ESP32/tuya_open_sdk/sdkconfig.defaults
warning: unknown kconfig symbol 'LV_DRAW_SW_ASM_HELIUM' assigned to 'n' in /Users/xiongzhenhua/gitlab/embedded/TuyaOpen/platform/ESP32/tuya_open_sdk/sdkconfig.defaults
warning: unknown kconfig symbol 'LV_DRAW_SW_ASM_CUSTOM' assigned to 'n' in /Users/xiongzhenhua/gitlab/embedded/TuyaOpen/platform/ESP32/tuya_open_sdk/sdkconfig.defaults
warning: unknown kconfig symbol 'LV_USE_DRAW_SW_ASM' assigned to '0' in /Users/xiongzhenhua/gitlab/embedded/TuyaOpen/platform/ESP32/tuya_open_sdk/sdkconfig.defaults
warning: unknown kconfig symbol 'LV_USE_DRAW_VGLITE' assigned to 'n' in /Users/xiongzhenhua/gitlab/embedded/TuyaOpen/platform/ESP32/tuya_open_sdk/sdkconfig.defaults
warning: unknown kconfig symbol 'LV_USE_DRAW_PXP' assigned to 'n' in /Users/xiongzhenhua/gitlab/embedded/TuyaOpen/platform/ESP32/tuya_open_sdk/sdkconfig.defaults
warning: unknown kconfig symbol 'LV_USE_DRAW_DAVE2D' assigned to 'n' in /Users/xiongzhenhua/gitlab/embedded/TuyaOpen/platform/ESP32/tuya_open_sdk/sdkconfig.defaults
warning: unknown kconfig symbol 'LV_USE_DRAW_SDL' assigned to 'n' in /Users/xiongzhenhua/gitlab/embedded/TuyaOpen/platform/ESP32/tuya_open_sdk/sdkconfig.defaults
warning: unknown kconfig symbol 'LV_USE_DRAW_VG_LITE' assigned to 'n' in /Users/xiongzhenhua/gitlab/embedded/TuyaOpen/platform/ESP32/tuya_open_sdk/sdkconfig.defaults
warning: unknown kconfig symbol 'LV_USE_VECTOR_GRAPHIC' assigned to 'n' in /Users/xiongzhenhua/gitlab/embedded/TuyaOpen/platform/ESP32/tuya_open_sdk/sdkconfig.defaults
warning: unknown kconfig symbol 'LV_USE_LOG' assigned to 'n' in /Users/xiongzhenhua/gitlab/embedded/TuyaOpen/platform/ESP32/tuya_open_sdk/sdkconfig.defaults
warning: unknown kconfig symbol 'LV_USE_ASSERT_NULL' assigned to 'y' in /Users/xiongzhenhua/gitlab/embedded/TuyaOpen/platform/ESP32/tuya_open_sdk/sdkconfig.defaults
warning: unknown kconfig symbol 'LV_USE_ASSERT_MALLOC' assigned to 'y' in /Users/xiongzhenhua/gitlab/embedded/TuyaOpen/platform/ESP32/tuya_open_sdk/sdkconfig.defaults
warning: unknown kconfig symbol 'LV_USE_ASSERT_STYLE' assigned to 'n' in /Users/xiongzhenhua/gitlab/embedded/TuyaOpen/platform/ESP32/tuya_open_sdk/sdkconfig.defaults
warning: unknown kconfig symbol 'LV_USE_ASSERT_MEM_INTEGRITY' assigned to 'n' in /Users/xiongzhenhua/gitlab/embedded/TuyaOpen/platform/ESP32/tuya_open_sdk/sdkconfig.defaults
warning: unknown kconfig symbol 'LV_USE_ASSERT_OBJ' assigned to 'n' in /Users/xiongzhenhua/gitlab/embedded/TuyaOpen/platform/ESP32/tuya_open_sdk/sdkconfig.defaults
warning: unknown kconfig symbol 'LV_ASSERT_HANDLER_INCLUDE' assigned to '"assert.h"' in /Users/xiongzhenhua/gitlab/embedded/TuyaOpen/platform/ESP32/tuya_open_sdk/sdkconfig.defaults
warning: unknown kconfig symbol 'LV_USE_REFR_DEBUG' assigned to 'n' in /Users/xiongzhenhua/gitlab/embedded/TuyaOpen/platform/ESP32/tuya_open_sdk/sdkconfig.defaults
warning: unknown kconfig symbol 'LV_USE_LAYER_DEBUG' assigned to 'n' in /Users/xiongzhenhua/gitlab/embedded/TuyaOpen/platform/ESP32/tuya_open_sdk/sdkconfig.defaults
warning: unknown kconfig symbol 'LV_USE_PARALLEL_DRAW_DEBUG' assigned to 'n' in /Users/xiongzhenhua/gitlab/embedded/TuyaOpen/platform/ESP32/tuya_open_sdk/sdkconfig.defaults
warning: unknown kconfig symbol 'LV_ENABLE_GLOBAL_CUSTOM' assigned to 'n' in /Users/xiongzhenhua/gitlab/embedded/TuyaOpen/platform/ESP32/tuya_open_sdk/sdkconfig.defaults
warning: unknown kconfig symbol 'LV_CACHE_DEF_SIZE' assigned to '0' in /Users/xiongzhenhua/gitlab/embedded/TuyaOpen/platform/ESP32/tuya_open_sdk/sdkconfig.defaults
warning: unknown kconfig symbol 'LV_IMAGE_HEADER_CACHE_DEF_CNT' assigned to '0' in /Users/xiongzhenhua/gitlab/embedded/TuyaOpen/platform/ESP32/tuya_open_sdk/sdkconfig.defaults
warning: unknown kconfig symbol 'LV_GRADIENT_MAX_STOPS' assigned to '2' in /Users/xiongzhenhua/gitlab/embedded/TuyaOpen/platform/ESP32/tuya_open_sdk/sdkconfig.defaults
warning: unknown kconfig symbol 'LV_COLOR_MIX_ROUND_OFS' assigned to '128' in /Users/xiongzhenhua/gitlab/embedded/TuyaOpen/platform/ESP32/tuya_open_sdk/sdkconfig.defaults
warning: unknown kconfig symbol 'LV_OBJ_STYLE_CACHE' assigned to 'n' in /Users/xiongzhenhua/gitlab/embedded/TuyaOpen/platform/ESP32/tuya_open_sdk/sdkconfig.defaults
warning: unknown kconfig symbol 'LV_USE_OBJ_ID' assigned to 'n' in /Users/xiongzhenhua/gitlab/embedded/TuyaOpen/platform/ESP32/tuya_open_sdk/sdkconfig.defaults
warning: unknown kconfig symbol 'LV_USE_OBJ_PROPERTY' assigned to 'n' in /Users/xiongzhenhua/gitlab/embedded/TuyaOpen/platform/ESP32/tuya_open_sdk/sdkconfig.defaults
warning: unknown kconfig symbol 'LV_BIG_ENDIAN_SYSTEM' assigned to 'n' in /Users/xiongzhenhua/gitlab/embedded/TuyaOpen/platform/ESP32/tuya_open_sdk/sdkconfig.defaults
warning: unknown kconfig symbol 'LV_ATTRIBUTE_MEM_ALIGN_SIZE' assigned to '1' in /Users/xiongzhenhua/gitlab/embedded/TuyaOpen/platform/ESP32/tuya_open_sdk/sdkconfig.defaults
warning: unknown kconfig symbol 'LV_ATTRIBUTE_FAST_MEM_USE_IRAM' assigned to 'n' in /Users/xiongzhenhua/gitlab/embedded/TuyaOpen/platform/ESP32/tuya_open_sdk/sdkconfig.defaults
warning: unknown kconfig symbol 'LV_USE_FLOAT' assigned to 'n' in /Users/xiongzhenhua/gitlab/embedded/TuyaOpen/platform/ESP32/tuya_open_sdk/sdkconfig.defaults
warning: unknown kconfig symbol 'LV_USE_MATRIX' assigned to 'n' in /Users/xiongzhenhua/gitlab/embedded/TuyaOpen/platform/ESP32/tuya_open_sdk/sdkconfig.defaults
warning: unknown kconfig symbol 'LV_USE_PRIVATE_API' assigned to 'n' in /Users/xiongzhenhua/gitlab/embedded/TuyaOpen/platform/ESP32/tuya_open_sdk/sdkconfig.defaults
warning: unknown kconfig symbol 'LV_FONT_MONTSERRAT_8' assigned to 'n' in /Users/xiongzhenhua/gitlab/embedded/TuyaOpen/platform/ESP32/tuya_open_sdk/sdkconfig.defaults
warning: unknown kconfig symbol 'LV_FONT_MONTSERRAT_10' assigned to 'n' in /Users/xiongzhenhua/gitlab/embedded/TuyaOpen/platform/ESP32/tuya_open_sdk/sdkconfig.defaults
warning: unknown kconfig symbol 'LV_FONT_MONTSERRAT_12' assigned to 'n' in /Users/xiongzhenhua/gitlab/embedded/TuyaOpen/platform/ESP32/tuya_open_sdk/sdkconfig.defaults
warning: unknown kconfig symbol 'LV_FONT_MONTSERRAT_14' assigned to 'y' in /Users/xiongzhenhua/gitlab/embedded/TuyaOpen/platform/ESP32/tuya_open_sdk/sdkconfig.defaults
warning: unknown kconfig symbol 'LV_FONT_MONTSERRAT_16' assigned to 'n' in /Users/xiongzhenhua/gitlab/embedded/TuyaOpen/platform/ESP32/tuya_open_sdk/sdkconfig.defaults
warning: unknown kconfig symbol 'LV_FONT_MONTSERRAT_18' assigned to 'n' in /Users/xiongzhenhua/gitlab/embedded/TuyaOpen/platform/ESP32/tuya_open_sdk/sdkconfig.defaults
warning: unknown kconfig symbol 'LV_FONT_MONTSERRAT_20' assigned to 'n' in /Users/xiongzhenhua/gitlab/embedded/TuyaOpen/platform/ESP32/tuya_open_sdk/sdkconfig.defaults
warning: unknown kconfig symbol 'LV_FONT_MONTSERRAT_22' assigned to 'n' in /Users/xiongzhenhua/gitlab/embedded/TuyaOpen/platform/ESP32/tuya_open_sdk/sdkconfig.defaults
warning: unknown kconfig symbol 'LV_FONT_MONTSERRAT_24' assigned to 'n' in /Users/xiongzhenhua/gitlab/embedded/TuyaOpen/platform/ESP32/tuya_open_sdk/sdkconfig.defaults
warning: unknown kconfig symbol 'LV_FONT_MONTSERRAT_26' assigned to 'n' in /Users/xiongzhenhua/gitlab/embedded/TuyaOpen/platform/ESP32/tuya_open_sdk/sdkconfig.defaults
warning: unknown kconfig symbol 'LV_FONT_MONTSERRAT_28' assigned to 'n' in /Users/xiongzhenhua/gitlab/embedded/TuyaOpen/platform/ESP32/tuya_open_sdk/sdkconfig.defaults
warning: unknown kconfig symbol 'LV_FONT_MONTSERRAT_30' assigned to 'n' in /Users/xiongzhenhua/gitlab/embedded/TuyaOpen/platform/ESP32/tuya_open_sdk/sdkconfig.defaults
warning: unknown kconfig symbol 'LV_FONT_MONTSERRAT_32' assigned to 'n' in /Users/xiongzhenhua/gitlab/embedded/TuyaOpen/platform/ESP32/tuya_open_sdk/sdkconfig.defaults
warning: unknown kconfig symbol 'LV_FONT_MONTSERRAT_34' assigned to 'n' in /Users/xiongzhenhua/gitlab/embedded/TuyaOpen/platform/ESP32/tuya_open_sdk/sdkconfig.defaults
warning: unknown kconfig symbol 'LV_FONT_MONTSERRAT_36' assigned to 'n' in /Users/xiongzhenhua/gitlab/embedded/TuyaOpen/platform/ESP32/tuya_open_sdk/sdkconfig.defaults
warning: unknown kconfig symbol 'LV_FONT_MONTSERRAT_38' assigned to 'n' in /Users/xiongzhenhua/gitlab/embedded/TuyaOpen/platform/ESP32/tuya_open_sdk/sdkconfig.defaults
warning: unknown kconfig symbol 'LV_FONT_MONTSERRAT_40' assigned to 'n' in /Users/xiongzhenhua/gitlab/embedded/TuyaOpen/platform/ESP32/tuya_open_sdk/sdkconfig.defaults
warning: unknown kconfig symbol 'LV_FONT_MONTSERRAT_42' assigned to 'n' in /Users/xiongzhenhua/gitlab/embedded/TuyaOpen/platform/ESP32/tuya_open_sdk/sdkconfig.defaults
warning: unknown kconfig symbol 'LV_FONT_MONTSERRAT_44' assigned to 'n' in /Users/xiongzhenhua/gitlab/embedded/TuyaOpen/platform/ESP32/tuya_open_sdk/sdkconfig.defaults
warning: unknown kconfig symbol 'LV_FONT_MONTSERRAT_46' assigned to 'n' in /Users/xiongzhenhua/gitlab/embedded/TuyaOpen/platform/ESP32/tuya_open_sdk/sdkconfig.defaults
warning: unknown kconfig symbol 'LV_FONT_MONTSERRAT_48' assigned to 'n' in /Users/xiongzhenhua/gitlab/embedded/TuyaOpen/platform/ESP32/tuya_open_sdk/sdkconfig.defaults
warning: unknown kconfig symbol 'LV_FONT_MONTSERRAT_28_COMPRESSED' assigned to 'n' in /Users/xiongzhenhua/gitlab/embedded/TuyaOpen/platform/ESP32/tuya_open_sdk/sdkconfig.defaults
warning: unknown kconfig symbol 'LV_FONT_DEJAVU_16_PERSIAN_HEBREW' assigned to 'n' in /Users/xiongzhenhua/gitlab/embedded/TuyaOpen/platform/ESP32/tuya_open_sdk/sdkconfig.defaults
warning: unknown kconfig symbol 'LV_FONT_SIMSUN_14_CJK' assigned to 'n' in /Users/xiongzhenhua/gitlab/embedded/TuyaOpen/platform/ESP32/tuya_open_sdk/sdkconfig.defaults
warning: unknown kconfig symbol 'LV_FONT_SIMSUN_16_CJK' assigned to 'n' in /Users/xiongzhenhua/gitlab/embedded/TuyaOpen/platform/ESP32/tuya_open_sdk/sdkconfig.defaults
warning: unknown kconfig symbol 'LV_FONT_UNSCII_8' assigned to 'n' in /Users/xiongzhenhua/gitlab/embedded/TuyaOpen/platform/ESP32/tuya_open_sdk/sdkconfig.defaults
warning: unknown kconfig symbol 'LV_FONT_UNSCII_16' assigned to 'n' in /Users/xiongzhenhua/gitlab/embedded/TuyaOpen/platform/ESP32/tuya_open_sdk/sdkconfig.defaults
warning: unknown kconfig symbol 'LV_FONT_DEFAULT_MONTSERRAT_8' assigned to 'n' in /Users/xiongzhenhua/gitlab/embedded/TuyaOpen/platform/ESP32/tuya_open_sdk/sdkconfig.defaults
warning: unknown kconfig symbol 'LV_FONT_DEFAULT_MONTSERRAT_10' assigned to 'n' in /Users/xiongzhenhua/gitlab/embedded/TuyaOpen/platform/ESP32/tuya_open_sdk/sdkconfig.defaults
warning: unknown kconfig symbol 'LV_FONT_DEFAULT_MONTSERRAT_12' assigned to 'n' in /Users/xiongzhenhua/gitlab/embedded/TuyaOpen/platform/ESP32/tuya_open_sdk/sdkconfig.defaults
warning: unknown kconfig symbol 'LV_FONT_DEFAULT_MONTSERRAT_14' assigned to 'y' in /Users/xiongzhenhua/gitlab/embedded/TuyaOpen/platform/ESP32/tuya_open_sdk/sdkconfig.defaults
warning: unknown kconfig symbol 'LV_FONT_DEFAULT_MONTSERRAT_16' assigned to 'n' in /Users/xiongzhenhua/gitlab/embedded/TuyaOpen/platform/ESP32/tuya_open_sdk/sdkconfig.defaults
warning: unknown kconfig symbol 'LV_FONT_DEFAULT_MONTSERRAT_18' assigned to 'n' in /Users/xiongzhenhua/gitlab/embedded/TuyaOpen/platform/ESP32/tuya_open_sdk/sdkconfig.defaults
warning: unknown kconfig symbol 'LV_FONT_DEFAULT_MONTSERRAT_20' assigned to 'n' in /Users/xiongzhenhua/gitlab/embedded/TuyaOpen/platform/ESP32/tuya_open_sdk/sdkconfig.defaults
warning: unknown kconfig symbol 'LV_FONT_DEFAULT_MONTSERRAT_22' assigned to 'n' in /Users/xiongzhenhua/gitlab/embedded/TuyaOpen/platform/ESP32/tuya_open_sdk/sdkconfig.defaults
warning: unknown kconfig symbol 'LV_FONT_MONTSERRAT_24' assigned to 'y' in /Users/xiongzhenhua/gitlab/embedded/TuyaOpen/platform/ESP32/tuya_open_sdk/sdkconfig.defaults
warning: unknown kconfig symbol 'LV_FONT_DEFAULT_MONTSERRAT_26' assigned to 'n' in /Users/xiongzhenhua/gitlab/embedded/TuyaOpen/platform/ESP32/tuya_open_sdk/sdkconfig.defaults
warning: unknown kconfig symbol 'LV_FONT_DEFAULT_MONTSERRAT_28' assigned to 'n' in /Users/xiongzhenhua/gitlab/embedded/TuyaOpen/platform/ESP32/tuya_open_sdk/sdkconfig.defaults
warning: unknown kconfig symbol 'LV_FONT_DEFAULT_MONTSERRAT_30' assigned to 'n' in /Users/xiongzhenhua/gitlab/embedded/TuyaOpen/platform/ESP32/tuya_open_sdk/sdkconfig.defaults
warning: unknown kconfig symbol 'LV_FONT_DEFAULT_MONTSERRAT_32' assigned to 'n' in /Users/xiongzhenhua/gitlab/embedded/TuyaOpen/platform/ESP32/tuya_open_sdk/sdkconfig.defaults
warning: unknown kconfig symbol 'LV_FONT_DEFAULT_MONTSERRAT_34' assigned to 'n' in /Users/xiongzhenhua/gitlab/embedded/TuyaOpen/platform/ESP32/tuya_open_sdk/sdkconfig.defaults
warning: unknown kconfig symbol 'LV_FONT_DEFAULT_MONTSERRAT_36' assigned to 'n' in /Users/xiongzhenhua/gitlab/embedded/TuyaOpen/platform/ESP32/tuya_open_sdk/sdkconfig.defaults
warning: unknown kconfig symbol 'LV_FONT_DEFAULT_MONTSERRAT_38' assigned to 'n' in /Users/xiongzhenhua/gitlab/embedded/TuyaOpen/platform/ESP32/tuya_open_sdk/sdkconfig.defaults
warning: unknown kconfig symbol 'LV_FONT_DEFAULT_MONTSERRAT_40' assigned to 'n' in /Users/xiongzhenhua/gitlab/embedded/TuyaOpen/platform/ESP32/tuya_open_sdk/sdkconfig.defaults
warning: unknown kconfig symbol 'LV_FONT_DEFAULT_MONTSERRAT_42' assigned to 'n' in /Users/xiongzhenhua/gitlab/embedded/TuyaOpen/platform/ESP32/tuya_open_sdk/sdkconfig.defaults
warning: unknown kconfig symbol 'LV_FONT_DEFAULT_MONTSERRAT_44' assigned to 'n' in /Users/xiongzhenhua/gitlab/embedded/TuyaOpen/platform/ESP32/tuya_open_sdk/sdkconfig.defaults
warning: unknown kconfig symbol 'LV_FONT_DEFAULT_MONTSERRAT_46' assigned to 'n' in /Users/xiongzhenhua/gitlab/embedded/TuyaOpen/platform/ESP32/tuya_open_sdk/sdkconfig.defaults
warning: unknown kconfig symbol 'LV_FONT_DEFAULT_MONTSERRAT_48' assigned to 'n' in /Users/xiongzhenhua/gitlab/embedded/TuyaOpen/platform/ESP32/tuya_open_sdk/sdkconfig.defaults
warning: unknown kconfig symbol 'LV_FONT_DEFAULT_MONTSERRAT_28_COMPRESSED' assigned to 'n' in /Users/xiongzhenhua/gitlab/embedded/TuyaOpen/platform/ESP32/tuya_open_sdk/sdkconfig.defaults
warning: unknown kconfig symbol 'LV_FONT_DEFAULT_DEJAVU_16_PERSIAN_HEBREW' assigned to 'n' in /Users/xiongzhenhua/gitlab/embedded/TuyaOpen/platform/ESP32/tuya_open_sdk/sdkconfig.defaults
warning: unknown kconfig symbol 'LV_FONT_DEFAULT_SIMSUN_14_CJK' assigned to 'n' in /Users/xiongzhenhua/gitlab/embedded/TuyaOpen/platform/ESP32/tuya_open_sdk/sdkconfig.defaults
warning: unknown kconfig symbol 'LV_FONT_DEFAULT_SIMSUN_16_CJK' assigned to 'n' in /Users/xiongzhenhua/gitlab/embedded/TuyaOpen/platform/ESP32/tuya_open_sdk/sdkconfig.defaults
warning: unknown kconfig symbol 'LV_FONT_DEFAULT_UNSCII_8' assigned to 'n' in /Users/xiongzhenhua/gitlab/embedded/TuyaOpen/platform/ESP32/tuya_open_sdk/sdkconfig.defaults
warning: unknown kconfig symbol 'LV_FONT_DEFAULT_UNSCII_16' assigned to 'n' in /Users/xiongzhenhua/gitlab/embedded/TuyaOpen/platform/ESP32/tuya_open_sdk/sdkconfig.defaults
warning: unknown kconfig symbol 'LV_FONT_FMT_TXT_LARGE' assigned to 'y' in /Users/xiongzhenhua/gitlab/embedded/TuyaOpen/platform/ESP32/tuya_open_sdk/sdkconfig.defaults
warning: unknown kconfig symbol 'LV_USE_FONT_COMPRESSED' assigned to 'n' in /Users/xiongzhenhua/gitlab/embedded/TuyaOpen/platform/ESP32/tuya_open_sdk/sdkconfig.defaults
warning: unknown kconfig symbol 'LV_USE_FONT_PLACEHOLDER' assigned to 'y' in /Users/xiongzhenhua/gitlab/embedded/TuyaOpen/platform/ESP32/tuya_open_sdk/sdkconfig.defaults
warning: unknown kconfig symbol 'LV_TXT_ENC_UTF8' assigned to 'y' in /Users/xiongzhenhua/gitlab/embedded/TuyaOpen/platform/ESP32/tuya_open_sdk/sdkconfig.defaults
warning: unknown kconfig symbol 'LV_TXT_ENC_ASCII' assigned to 'n' in /Users/xiongzhenhua/gitlab/embedded/TuyaOpen/platform/ESP32/tuya_open_sdk/sdkconfig.defaults
warning: unknown kconfig symbol 'LV_TXT_BREAK_CHARS' assigned to '" ,.;:-_)}"' in /Users/xiongzhenhua/gitlab/embedded/TuyaOpen/platform/ESP32/tuya_open_sdk/sdkconfig.defaults
warning: unknown kconfig symbol 'LV_TXT_LINE_BREAK_LONG_LEN' assigned to '0' in /Users/xiongzhenhua/gitlab/embedded/TuyaOpen/platform/ESP32/tuya_open_sdk/sdkconfig.defaults
warning: unknown kconfig symbol 'LV_USE_BIDI' assigned to 'n' in /Users/xiongzhenhua/gitlab/embedded/TuyaOpen/platform/ESP32/tuya_open_sdk/sdkconfig.defaults
warning: unknown kconfig symbol 'LV_USE_ARABIC_PERSIAN_CHARS' assigned to 'n' in /Users/xiongzhenhua/gitlab/embedded/TuyaOpen/platform/ESP32/tuya_open_sdk/sdkconfig.defaults
warning: unknown kconfig symbol 'LV_WIDGETS_HAS_DEFAULT_VALUE' assigned to 'y' in /Users/xiongzhenhua/gitlab/embedded/TuyaOpen/platform/ESP32/tuya_open_sdk/sdkconfig.defaults
warning: unknown kconfig symbol 'LV_USE_ANIMIMG' assigned to 'y' in /Users/xiongzhenhua/gitlab/embedded/TuyaOpen/platform/ESP32/tuya_open_sdk/sdkconfig.defaults
warning: unknown kconfig symbol 'LV_USE_ARC' assigned to 'y' in /Users/xiongzhenhua/gitlab/embedded/TuyaOpen/platform/ESP32/tuya_open_sdk/sdkconfig.defaults
warning: unknown kconfig symbol 'LV_USE_BAR' assigned to 'y' in /Users/xiongzhenhua/gitlab/embedded/TuyaOpen/platform/ESP32/tuya_open_sdk/sdkconfig.defaults
warning: unknown kconfig symbol 'LV_USE_BUTTON' assigned to 'y' in /Users/xiongzhenhua/gitlab/embedded/TuyaOpen/platform/ESP32/tuya_open_sdk/sdkconfig.defaults
warning: unknown kconfig symbol 'LV_USE_BUTTONMATRIX' assigned to 'y' in /Users/xiongzhenhua/gitlab/embedded/TuyaOpen/platform/ESP32/tuya_open_sdk/sdkconfig.defaults
warning: unknown kconfig symbol 'LV_USE_CALENDAR' assigned to 'n' in /Users/xiongzhenhua/gitlab/embedded/TuyaOpen/platform/ESP32/tuya_open_sdk/sdkconfig.defaults
warning: unknown kconfig symbol 'LV_USE_CANVAS' assigned to 'y' in /Users/xiongzhenhua/gitlab/embedded/TuyaOpen/platform/ESP32/tuya_open_sdk/sdkconfig.defaults
warning: unknown kconfig symbol 'LV_USE_CHART' assigned to 'y' in /Users/xiongzhenhua/gitlab/embedded/TuyaOpen/platform/ESP32/tuya_open_sdk/sdkconfig.defaults
warning: unknown kconfig symbol 'LV_USE_CHECKBOX' assigned to 'y' in /Users/xiongzhenhua/gitlab/embedded/TuyaOpen/platform/ESP32/tuya_open_sdk/sdkconfig.defaults
warning: unknown kconfig symbol 'LV_USE_DROPDOWN' assigned to 'y' in /Users/xiongzhenhua/gitlab/embedded/TuyaOpen/platform/ESP32/tuya_open_sdk/sdkconfig.defaults
warning: unknown kconfig symbol 'LV_USE_IMAGE' assigned to 'y' in /Users/xiongzhenhua/gitlab/embedded/TuyaOpen/platform/ESP32/tuya_open_sdk/sdkconfig.defaults
warning: unknown kconfig symbol 'LV_USE_IMAGEBUTTON' assigned to 'n' in /Users/xiongzhenhua/gitlab/embedded/TuyaOpen/platform/ESP32/tuya_open_sdk/sdkconfig.defaults
warning: unknown kconfig symbol 'LV_USE_KEYBOARD' assigned to 'n' in /Users/xiongzhenhua/gitlab/embedded/TuyaOpen/platform/ESP32/tuya_open_sdk/sdkconfig.defaults
warning: unknown kconfig symbol 'LV_USE_LABEL' assigned to 'y' in /Users/xiongzhenhua/gitlab/embedded/TuyaOpen/platform/ESP32/tuya_open_sdk/sdkconfig.defaults
warning: unknown kconfig symbol 'LV_LABEL_TEXT_SELECTION' assigned to 'y' in /Users/xiongzhenhua/gitlab/embedded/TuyaOpen/platform/ESP32/tuya_open_sdk/sdkconfig.defaults
warning: unknown kconfig symbol 'LV_LABEL_LONG_TXT_HINT' assigned to 'y' in /Users/xiongzhenhua/gitlab/embedded/TuyaOpen/platform/ESP32/tuya_open_sdk/sdkconfig.defaults
warning: unknown kconfig symbol 'LV_LABEL_WAIT_CHAR_COUNT' assigned to '3' in /Users/xiongzhenhua/gitlab/embedded/TuyaOpen/platform/ESP32/tuya_open_sdk/sdkconfig.defaults
warning: unknown kconfig symbol 'LV_USE_LED' assigned to 'n' in /Users/xiongzhenhua/gitlab/embedded/TuyaOpen/platform/ESP32/tuya_open_sdk/sdkconfig.defaults
warning: unknown kconfig symbol 'LV_USE_LINE' assigned to 'y' in /Users/xiongzhenhua/gitlab/embedded/TuyaOpen/platform/ESP32/tuya_open_sdk/sdkconfig.defaults
warning: unknown kconfig symbol 'LV_USE_LIST' assigned to 'y' in /Users/xiongzhenhua/gitlab/embedded/TuyaOpen/platform/ESP32/tuya_open_sdk/sdkconfig.defaults
warning: unknown kconfig symbol 'LV_USE_MENU' assigned to 'y' in /Users/xiongzhenhua/gitlab/embedded/TuyaOpen/platform/ESP32/tuya_open_sdk/sdkconfig.defaults
warning: unknown kconfig symbol 'LV_USE_MSGBOX' assigned to 'y' in /Users/xiongzhenhua/gitlab/embedded/TuyaOpen/platform/ESP32/tuya_open_sdk/sdkconfig.defaults
warning: unknown kconfig symbol 'LV_USE_ROLLER' assigned to 'y' in /Users/xiongzhenhua/gitlab/embedded/TuyaOpen/platform/ESP32/tuya_open_sdk/sdkconfig.defaults
warning: unknown kconfig symbol 'LV_USE_SCALE' assigned to 'y' in /Users/xiongzhenhua/gitlab/embedded/TuyaOpen/platform/ESP32/tuya_open_sdk/sdkconfig.defaults
warning: unknown kconfig symbol 'LV_USE_SLIDER' assigned to 'y' in /Users/xiongzhenhua/gitlab/embedded/TuyaOpen/platform/ESP32/tuya_open_sdk/sdkconfig.defaults
warning: unknown kconfig symbol 'LV_USE_SPAN' assigned to 'y' in /Users/xiongzhenhua/gitlab/embedded/TuyaOpen/platform/ESP32/tuya_open_sdk/sdkconfig.defaults
warning: unknown kconfig symbol 'LV_SPAN_SNIPPET_STACK_SIZE' assigned to '64' in /Users/xiongzhenhua/gitlab/embedded/TuyaOpen/platform/ESP32/tuya_open_sdk/sdkconfig.defaults
warning: unknown kconfig symbol 'LV_USE_SPINBOX' assigned to 'y' in /Users/xiongzhenhua/gitlab/embedded/TuyaOpen/platform/ESP32/tuya_open_sdk/sdkconfig.defaults
warning: unknown kconfig symbol 'LV_USE_SPINNER' assigned to 'y' in /Users/xiongzhenhua/gitlab/embedded/TuyaOpen/platform/ESP32/tuya_open_sdk/sdkconfig.defaults
warning: unknown kconfig symbol 'LV_USE_SWITCH' assigned to 'y' in /Users/xiongzhenhua/gitlab/embedded/TuyaOpen/platform/ESP32/tuya_open_sdk/sdkconfig.defaults
warning: unknown kconfig symbol 'LV_USE_TEXTAREA' assigned to 'y' in /Users/xiongzhenhua/gitlab/embedded/TuyaOpen/platform/ESP32/tuya_open_sdk/sdkconfig.defaults
warning: unknown kconfig symbol 'LV_TEXTAREA_DEF_PWD_SHOW_TIME' assigned to '1500' in /Users/xiongzhenhua/gitlab/embedded/TuyaOpen/platform/ESP32/tuya_open_sdk/sdkconfig.defaults
warning: unknown kconfig symbol 'LV_USE_TABLE' assigned to 'y' in /Users/xiongzhenhua/gitlab/embedded/TuyaOpen/platform/ESP32/tuya_open_sdk/sdkconfig.defaults
warning: unknown kconfig symbol 'LV_USE_TABVIEW' assigned to 'y' in /Users/xiongzhenhua/gitlab/embedded/TuyaOpen/platform/ESP32/tuya_open_sdk/sdkconfig.defaults
warning: unknown kconfig symbol 'LV_USE_TILEVIEW' assigned to 'y' in /Users/xiongzhenhua/gitlab/embedded/TuyaOpen/platform/ESP32/tuya_open_sdk/sdkconfig.defaults
warning: unknown kconfig symbol 'LV_USE_WIN' assigned to 'y' in /Users/xiongzhenhua/gitlab/embedded/TuyaOpen/platform/ESP32/tuya_open_sdk/sdkconfig.defaults
warning: unknown kconfig symbol 'LV_USE_THEME_DEFAULT' assigned to 'y' in /Users/xiongzhenhua/gitlab/embedded/TuyaOpen/platform/ESP32/tuya_open_sdk/sdkconfig.defaults
warning: unknown kconfig symbol 'LV_THEME_DEFAULT_DARK' assigned to 'n' in /Users/xiongzhenhua/gitlab/embedded/TuyaOpen/platform/ESP32/tuya_open_sdk/sdkconfig.defaults
warning: unknown kconfig symbol 'LV_THEME_DEFAULT_GROW' assigned to 'y' in /Users/xiongzhenhua/gitlab/embedded/TuyaOpen/platform/ESP32/tuya_open_sdk/sdkconfig.defaults
warning: unknown kconfig symbol 'LV_THEME_DEFAULT_TRANSITION_TIME' assigned to '80' in /Users/xiongzhenhua/gitlab/embedded/TuyaOpen/platform/ESP32/tuya_open_sdk/sdkconfig.defaults
warning: unknown kconfig symbol 'LV_USE_THEME_SIMPLE' assigned to 'y' in /Users/xiongzhenhua/gitlab/embedded/TuyaOpen/platform/ESP32/tuya_open_sdk/sdkconfig.defaults
warning: unknown kconfig symbol 'LV_USE_THEME_MONO' assigned to 'n' in /Users/xiongzhenhua/gitlab/embedded/TuyaOpen/platform/ESP32/tuya_open_sdk/sdkconfig.defaults
warning: unknown kconfig symbol 'LV_USE_FLEX' assigned to 'y' in /Users/xiongzhenhua/gitlab/embedded/TuyaOpen/platform/ESP32/tuya_open_sdk/sdkconfig.defaults
warning: unknown kconfig symbol 'LV_USE_GRID' assigned to 'y' in /Users/xiongzhenhua/gitlab/embedded/TuyaOpen/platform/ESP32/tuya_open_sdk/sdkconfig.defaults
warning: unknown kconfig symbol 'LV_FS_DEFAULT_DRIVE_LETTER' assigned to '0' in /Users/xiongzhenhua/gitlab/embedded/TuyaOpen/platform/ESP32/tuya_open_sdk/sdkconfig.defaults
warning: unknown kconfig symbol 'LV_USE_FS_STDIO' assigned to 'n' in /Users/xiongzhenhua/gitlab/embedded/TuyaOpen/platform/ESP32/tuya_open_sdk/sdkconfig.defaults
warning: unknown kconfig symbol 'LV_USE_FS_POSIX' assigned to 'n' in /Users/xiongzhenhua/gitlab/embedded/TuyaOpen/platform/ESP32/tuya_open_sdk/sdkconfig.defaults
warning: unknown kconfig symbol 'LV_USE_FS_WIN32' assigned to 'n' in /Users/xiongzhenhua/gitlab/embedded/TuyaOpen/platform/ESP32/tuya_open_sdk/sdkconfig.defaults
warning: unknown kconfig symbol 'LV_USE_FS_FATFS' assigned to 'n' in /Users/xiongzhenhua/gitlab/embedded/TuyaOpen/platform/ESP32/tuya_open_sdk/sdkconfig.defaults
warning: unknown kconfig symbol 'LV_USE_FS_MEMFS' assigned to 'n' in /Users/xiongzhenhua/gitlab/embedded/TuyaOpen/platform/ESP32/tuya_open_sdk/sdkconfig.defaults
warning: unknown kconfig symbol 'LV_USE_FS_LITTLEFS' assigned to 'n' in /Users/xiongzhenhua/gitlab/embedded/TuyaOpen/platform/ESP32/tuya_open_sdk/sdkconfig.defaults
warning: unknown kconfig symbol 'LV_USE_FS_ARDUINO_ESP_LITTLEFS' assigned to 'n' in /Users/xiongzhenhua/gitlab/embedded/TuyaOpen/platform/ESP32/tuya_open_sdk/sdkconfig.defaults
warning: unknown kconfig symbol 'LV_USE_FS_ARDUINO_SD' assigned to 'n' in /Users/xiongzhenhua/gitlab/embedded/TuyaOpen/platform/ESP32/tuya_open_sdk/sdkconfig.defaults
warning: unknown kconfig symbol 'LV_USE_LODEPNG' assigned to 'n' in /Users/xiongzhenhua/gitlab/embedded/TuyaOpen/platform/ESP32/tuya_open_sdk/sdkconfig.defaults
warning: unknown kconfig symbol 'LV_USE_LIBPNG' assigned to 'n' in /Users/xiongzhenhua/gitlab/embedded/TuyaOpen/platform/ESP32/tuya_open_sdk/sdkconfig.defaults
warning: unknown kconfig symbol 'LV_USE_BMP' assigned to 'n' in /Users/xiongzhenhua/gitlab/embedded/TuyaOpen/platform/ESP32/tuya_open_sdk/sdkconfig.defaults
warning: unknown kconfig symbol 'LV_USE_TJPGD' assigned to 'n' in /Users/xiongzhenhua/gitlab/embedded/TuyaOpen/platform/ESP32/tuya_open_sdk/sdkconfig.defaults
warning: unknown kconfig symbol 'LV_USE_LIBJPEG_TURBO' assigned to 'n' in /Users/xiongzhenhua/gitlab/embedded/TuyaOpen/platform/ESP32/tuya_open_sdk/sdkconfig.defaults
warning: unknown kconfig symbol 'LV_USE_GIF' assigned to 'n' in /Users/xiongzhenhua/gitlab/embedded/TuyaOpen/platform/ESP32/tuya_open_sdk/sdkconfig.defaults
warning: unknown kconfig symbol 'LV_BIN_DECODER_RAM_LOAD' assigned to 'n' in /Users/xiongzhenhua/gitlab/embedded/TuyaOpen/platform/ESP32/tuya_open_sdk/sdkconfig.defaults
warning: unknown kconfig symbol 'LV_USE_RLE' assigned to 'n' in /Users/xiongzhenhua/gitlab/embedded/TuyaOpen/platform/ESP32/tuya_open_sdk/sdkconfig.defaults
warning: unknown kconfig symbol 'LV_USE_QRCODE' assigned to 'n' in /Users/xiongzhenhua/gitlab/embedded/TuyaOpen/platform/ESP32/tuya_open_sdk/sdkconfig.defaults
warning: unknown kconfig symbol 'LV_USE_BARCODE' assigned to 'n' in /Users/xiongzhenhua/gitlab/embedded/TuyaOpen/platform/ESP32/tuya_open_sdk/sdkconfig.defaults
warning: unknown kconfig symbol 'LV_USE_FREETYPE' assigned to 'n' in /Users/xiongzhenhua/gitlab/embedded/TuyaOpen/platform/ESP32/tuya_open_sdk/sdkconfig.defaults
warning: unknown kconfig symbol 'LV_USE_TINY_TTF' assigned to 'n' in /Users/xiongzhenhua/gitlab/embedded/TuyaOpen/platform/ESP32/tuya_open_sdk/sdkconfig.defaults
warning: unknown kconfig symbol 'LV_USE_RLOTTIE' assigned to 'n' in /Users/xiongzhenhua/gitlab/embedded/TuyaOpen/platform/ESP32/tuya_open_sdk/sdkconfig.defaults
warning: unknown kconfig symbol 'LV_USE_THORVG' assigned to 'n' in /Users/xiongzhenhua/gitlab/embedded/TuyaOpen/platform/ESP32/tuya_open_sdk/sdkconfig.defaults
warning: unknown kconfig symbol 'LV_USE_LZ4' assigned to 'n' in /Users/xiongzhenhua/gitlab/embedded/TuyaOpen/platform/ESP32/tuya_open_sdk/sdkconfig.defaults
warning: unknown kconfig symbol 'LV_USE_FFMPEG' assigned to 'n' in /Users/xiongzhenhua/gitlab/embedded/TuyaOpen/platform/ESP32/tuya_open_sdk/sdkconfig.defaults
warning: unknown kconfig symbol 'LV_USE_SNAPSHOT' assigned to 'n' in /Users/xiongzhenhua/gitlab/embedded/TuyaOpen/platform/ESP32/tuya_open_sdk/sdkconfig.defaults
warning: unknown kconfig symbol 'LV_USE_SYSMON' assigned to 'n' in /Users/xiongzhenhua/gitlab/embedded/TuyaOpen/platform/ESP32/tuya_open_sdk/sdkconfig.defaults
warning: unknown kconfig symbol 'LV_USE_PROFILER' assigned to 'n' in /Users/xiongzhenhua/gitlab/embedded/TuyaOpen/platform/ESP32/tuya_open_sdk/sdkconfig.defaults
warning: unknown kconfig symbol 'LV_USE_MONKEY' assigned to 'n' in /Users/xiongzhenhua/gitlab/embedded/TuyaOpen/platform/ESP32/tuya_open_sdk/sdkconfig.defaults
warning: unknown kconfig symbol 'LV_USE_GRIDNAV' assigned to 'n' in /Users/xiongzhenhua/gitlab/embedded/TuyaOpen/platform/ESP32/tuya_open_sdk/sdkconfig.defaults
warning: unknown kconfig symbol 'LV_USE_FRAGMENT' assigned to 'n' in /Users/xiongzhenhua/gitlab/embedded/TuyaOpen/platform/ESP32/tuya_open_sdk/sdkconfig.defaults
warning: unknown kconfig symbol 'LV_USE_IMGFONT' assigned to 'y' in /Users/xiongzhenhua/gitlab/embedded/TuyaOpen/platform/ESP32/tuya_open_sdk/sdkconfig.defaults
warning: unknown kconfig symbol 'LV_USE_OBSERVER' assigned to 'y' in /Users/xiongzhenhua/gitlab/embedded/TuyaOpen/platform/ESP32/tuya_open_sdk/sdkconfig.defaults
warning: unknown kconfig symbol 'LV_USE_IME_PINYIN' assigned to 'n' in /Users/xiongzhenhua/gitlab/embedded/TuyaOpen/platform/ESP32/tuya_open_sdk/sdkconfig.defaults
warning: unknown kconfig symbol 'LV_USE_FILE_EXPLORER' assigned to 'n' in /Users/xiongzhenhua/gitlab/embedded/TuyaOpen/platform/ESP32/tuya_open_sdk/sdkconfig.defaults
warning: unknown kconfig symbol 'LV_USE_SDL' assigned to 'n' in /Users/xiongzhenhua/gitlab/embedded/TuyaOpen/platform/ESP32/tuya_open_sdk/sdkconfig.defaults
warning: unknown kconfig symbol 'LV_USE_X11' assigned to 'n' in /Users/xiongzhenhua/gitlab/embedded/TuyaOpen/platform/ESP32/tuya_open_sdk/sdkconfig.defaults
warning: unknown kconfig symbol 'LV_USE_WAYLAND' assigned to 'n' in /Users/xiongzhenhua/gitlab/embedded/TuyaOpen/platform/ESP32/tuya_open_sdk/sdkconfig.defaults
warning: unknown kconfig symbol 'LV_USE_LINUX_FBDEV' assigned to 'n' in /Users/xiongzhenhua/gitlab/embedded/TuyaOpen/platform/ESP32/tuya_open_sdk/sdkconfig.defaults
warning: unknown kconfig symbol 'LV_USE_NUTTX' assigned to 'n' in /Users/xiongzhenhua/gitlab/embedded/TuyaOpen/platform/ESP32/tuya_open_sdk/sdkconfig.defaults
warning: unknown kconfig symbol 'LV_USE_LINUX_DRM' assigned to 'n' in /Users/xiongzhenhua/gitlab/embedded/TuyaOpen/platform/ESP32/tuya_open_sdk/sdkconfig.defaults
warning: unknown kconfig symbol 'LV_USE_TFT_ESPI' assigned to 'n' in /Users/xiongzhenhua/gitlab/embedded/TuyaOpen/platform/ESP32/tuya_open_sdk/sdkconfig.defaults
warning: unknown kconfig symbol 'LV_USE_EVDEV' assigned to 'n' in /Users/xiongzhenhua/gitlab/embedded/TuyaOpen/platform/ESP32/tuya_open_sdk/sdkconfig.defaults
warning: unknown kconfig symbol 'LV_USE_LIBINPUT' assigned to 'n' in /Users/xiongzhenhua/gitlab/embedded/TuyaOpen/platform/ESP32/tuya_open_sdk/sdkconfig.defaults
warning: unknown kconfig symbol 'LV_USE_ST7735' assigned to 'n' in /Users/xiongzhenhua/gitlab/embedded/TuyaOpen/platform/ESP32/tuya_open_sdk/sdkconfig.defaults
warning: unknown kconfig symbol 'LV_USE_ST7789' assigned to 'n' in /Users/xiongzhenhua/gitlab/embedded/TuyaOpen/platform/ESP32/tuya_open_sdk/sdkconfig.defaults
warning: unknown kconfig symbol 'LV_USE_ST7796' assigned to 'n' in /Users/xiongzhenhua/gitlab/embedded/TuyaOpen/platform/ESP32/tuya_open_sdk/sdkconfig.defaults
warning: unknown kconfig symbol 'LV_USE_ILI9341' assigned to 'n' in /Users/xiongzhenhua/gitlab/embedded/TuyaOpen/platform/ESP32/tuya_open_sdk/sdkconfig.defaults
warning: unknown kconfig symbol 'LV_USE_GENERIC_MIPI' assigned to 'n' in /Users/xiongzhenhua/gitlab/embedded/TuyaOpen/platform/ESP32/tuya_open_sdk/sdkconfig.defaults
warning: unknown kconfig symbol 'LV_USE_RENESAS_GLCDC' assigned to 'n' in /Users/xiongzhenhua/gitlab/embedded/TuyaOpen/platform/ESP32/tuya_open_sdk/sdkconfig.defaults
warning: unknown kconfig symbol 'LV_USE_OPENGLES' assigned to 'n' in /Users/xiongzhenhua/gitlab/embedded/TuyaOpen/platform/ESP32/tuya_open_sdk/sdkconfig.defaults
warning: unknown kconfig symbol 'LV_USE_QNX' assigned to 'n' in /Users/xiongzhenhua/gitlab/embedded/TuyaOpen/platform/ESP32/tuya_open_sdk/sdkconfig.defaults
warning: unknown kconfig symbol 'LV_BUILD_EXAMPLES' assigned to 'y' in /Users/xiongzhenhua/gitlab/embedded/TuyaOpen/platform/ESP32/tuya_open_sdk/sdkconfig.defaults
warning: unknown kconfig symbol 'LV_USE_DEMO_WIDGETS' assigned to 'y' in /Users/xiongzhenhua/gitlab/embedded/TuyaOpen/platform/ESP32/tuya_open_sdk/sdkconfig.defaults
warning: unknown kconfig symbol 'LV_USE_DEMO_KEYPAD_AND_ENCODER' assigned to 'n' in /Users/xiongzhenhua/gitlab/embedded/TuyaOpen/platform/ESP32/tuya_open_sdk/sdkconfig.defaults
warning: unknown kconfig symbol 'LV_USE_DEMO_BENCHMARK' assigned to 'y' in /Users/xiongzhenhua/gitlab/embedded/TuyaOpen/platform/ESP32/tuya_open_sdk/sdkconfig.defaults
warning: unknown kconfig symbol 'LV_USE_DEMO_RENDER' assigned to 'n' in /Users/xiongzhenhua/gitlab/embedded/TuyaOpen/platform/ESP32/tuya_open_sdk/sdkconfig.defaults
warning: unknown kconfig symbol 'LV_USE_DEMO_SCROLL' assigned to 'n' in /Users/xiongzhenhua/gitlab/embedded/TuyaOpen/platform/ESP32/tuya_open_sdk/sdkconfig.defaults
warning: unknown kconfig symbol 'LV_USE_DEMO_STRESS' assigned to 'n' in /Users/xiongzhenhua/gitlab/embedded/TuyaOpen/platform/ESP32/tuya_open_sdk/sdkconfig.defaults
warning: unknown kconfig symbol 'LV_USE_DEMO_MUSIC' assigned to 'n' in /Users/xiongzhenhua/gitlab/embedded/TuyaOpen/platform/ESP32/tuya_open_sdk/sdkconfig.defaults
warning: unknown kconfig symbol 'LV_USE_DEMO_FLEX_LAYOUT' assigned to 'n' in /Users/xiongzhenhua/gitlab/embedded/TuyaOpen/platform/ESP32/tuya_open_sdk/sdkconfig.defaults
warning: unknown kconfig symbol 'LV_USE_DEMO_MULTILANG' assigned to 'n' in /Users/xiongzhenhua/gitlab/embedded/TuyaOpen/platform/ESP32/tuya_open_sdk/sdkconfig.defaults
-- Compiler supported targets: xtensa-esp-elf
-- App "tuya_open_sdk" version: v1.1.0-115-g18eb1a1-dirty
-- Adding linker script /Users/xiongzhenhua/gitlab/embedded/TuyaOpen/platform/ESP32/tuya_open_sdk/build/esp-idf/esp_system/ld/memory.ld
-- Adding linker script /Users/xiongzhenhua/gitlab/embedded/TuyaOpen/platform/ESP32/tuya_open_sdk/build/esp-idf/esp_system/ld/sections.ld.in
-- Adding linker script /Users/xiongzhenhua/gitlab/embedded/TuyaOpen/platform/ESP32/esp-idf/components/esp_rom/esp32s3/ld/esp32s3.rom.ld
-- Adding linker script /Users/xiongzhenhua/gitlab/embedded/TuyaOpen/platform/ESP32/esp-idf/components/esp_rom/esp32s3/ld/esp32s3.rom.api.ld
-- Adding linker script /Users/xiongzhenhua/gitlab/embedded/TuyaOpen/platform/ESP32/esp-idf/components/esp_rom/esp32s3/ld/esp32s3.rom.bt_funcs.ld
-- Adding linker script /Users/xiongzhenhua/gitlab/embedded/TuyaOpen/platform/ESP32/esp-idf/components/esp_rom/esp32s3/ld/esp32s3.rom.libgcc.ld
-- Adding linker script /Users/xiongzhenhua/gitlab/embedded/TuyaOpen/platform/ESP32/esp-idf/components/esp_rom/esp32s3/ld/esp32s3.rom.wdt.ld
-- Adding linker script /Users/xiongzhenhua/gitlab/embedded/TuyaOpen/platform/ESP32/esp-idf/components/esp_rom/esp32s3/ld/esp32s3.rom.version.ld
-- Adding linker script /Users/xiongzhenhua/gitlab/embedded/TuyaOpen/platform/ESP32/esp-idf/components/esp_rom/esp32s3/ld/esp32s3.rom.newlib.ld
-- Adding linker script /Users/xiongzhenhua/gitlab/embedded/TuyaOpen/platform/ESP32/esp-idf/components/soc/esp32s3/ld/esp32s3.peripherals.ld
-- CONFIG_ESP32P4_SELECTS_REV_LESS_V3 is 
-- IDF_VERSION_MAJOR is 5
-- IDF_VERSION_MINOR is 4
-- IDF_VERSION_PATCH is 0
-- TARGET_LIB_PATH is set to: esp32s3
-- ESP_LCD_PANEL_IO_ADDITIONS: 1.0.1
-- ESP_LCD_SH8601: 1.0.2
-- Components: app_trace app_update bootloader bootloader_support bt cmock console cxx driver efuse esp-tls esp_adc esp_app_format esp_bootloader_format esp_coex esp_common esp_driver_ana_cmpr esp_driver_cam esp_driver_dac esp_driver_gpio esp_driver_gptimer esp_driver_i2c esp_driver_i2s esp_driver_isp esp_driver_jpeg esp_driver_ledc esp_driver_mcpwm esp_driver_parlio esp_driver_pcnt esp_driver_ppa esp_driver_rmt esp_driver_sdio esp_driver_sdm esp_driver_sdmmc esp_driver_sdspi esp_driver_spi esp_driver_touch_sens esp_driver_tsens esp_driver_uart esp_driver_usb_serial_jtag esp_eth esp_event esp_gdbstub esp_hid esp_http_client esp_http_server esp_https_ota esp_https_server esp_hw_support esp_lcd esp_local_ctrl esp_mm esp_netif esp_netif_stack esp_partition esp_phy esp_pm esp_psram esp_ringbuf esp_rom esp_security esp_system esp_timer esp_vfs_console esp_wifi espcoredump espressif__cjson espressif__cmake_utilities espressif__dl_fft espressif__esp-dsp espressif__esp-sr espressif__esp_codec_dev espressif__esp_io_expander espressif__esp_io_expander_tca9554 espressif__esp_lcd_panel_io_additions espressif__esp_lcd_touch espressif__esp_lcd_touch_ft5x06 espressif__esp_lcd_touch_gt911 esptool_py fatfs freertos hal heap http_parser idf_test ieee802154 json log lwip main mbedtls mqtt newlib nvs_flash nvs_sec_provider openthread partition_table perfmon protobuf-c protocomm pthread rt sdmmc soc spi_flash spiffs tcp_transport touch_element tuyaos_adapter ulp unity usb vfs waveshare__esp_lcd_sh8601 wear_levelling wifi_provisioning wpa_supplicant xtensa
-- Component paths: /Users/xiongzhenhua/gitlab/embedded/TuyaOpen/platform/ESP32/esp-idf/components/app_trace /Users/xiongzhenhua/gitlab/embedded/TuyaOpen/platform/ESP32/esp-idf/components/app_update /Users/xiongzhenhua/gitlab/embedded/TuyaOpen/platform/ESP32/esp-idf/components/bootloader /Users/xiongzhenhua/gitlab/embedded/TuyaOpen/platform/ESP32/esp-idf/components/bootloader_support /Users/xiongzhenhua/gitlab/embedded/TuyaOpen/platform/ESP32/esp-idf/components/bt /Users/xiongzhenhua/gitlab/embedded/TuyaOpen/platform/ESP32/esp-idf/components/cmock /Users/xiongzhenhua/gitlab/embedded/TuyaOpen/platform/ESP32/esp-idf/components/console /Users/xiongzhenhua/gitlab/embedded/TuyaOpen/platform/ESP32/esp-idf/components/cxx /Users/xiongzhenhua/gitlab/embedded/TuyaOpen/platform/ESP32/esp-idf/components/driver /Users/xiongzhenhua/gitlab/embedded/TuyaOpen/platform/ESP32/esp-idf/components/efuse /Users/xiongzhenhua/gitlab/embedded/TuyaOpen/platform/ESP32/esp-idf/components/esp-tls /Users/xiongzhenhua/gitlab/embedded/TuyaOpen/platform/ESP32/esp-idf/components/esp_adc /Users/xiongzhenhua/gitlab/embedded/TuyaOpen/platform/ESP32/esp-idf/components/esp_app_format /Users/xiongzhenhua/gitlab/embedded/TuyaOpen/platform/ESP32/esp-idf/components/esp_bootloader_format /Users/xiongzhenhua/gitlab/embedded/TuyaOpen/platform/ESP32/esp-idf/components/esp_coex /Users/xiongzhenhua/gitlab/embedded/TuyaOpen/platform/ESP32/esp-idf/components/esp_common /Users/xiongzhenhua/gitlab/embedded/TuyaOpen/platform/ESP32/esp-idf/components/esp_driver_ana_cmpr /Users/xiongzhenhua/gitlab/embedded/TuyaOpen/platform/ESP32/esp-idf/components/esp_driver_cam /Users/xiongzhenhua/gitlab/embedded/TuyaOpen/platform/ESP32/esp-idf/components/esp_driver_dac /Users/xiongzhenhua/gitlab/embedded/TuyaOpen/platform/ESP32/esp-idf/components/esp_driver_gpio /Users/xiongzhenhua/gitlab/embedded/TuyaOpen/platform/ESP32/esp-idf/components/esp_driver_gptimer /Users/xiongzhenhua/gitlab/embedded/TuyaOpen/platform/ESP32/esp-idf/components/esp_driver_i2c /Users/xiongzhenhua/gitlab/embedded/TuyaOpen/platform/ESP32/esp-idf/components/esp_driver_i2s /Users/xiongzhenhua/gitlab/embedded/TuyaOpen/platform/ESP32/esp-idf/components/esp_driver_isp /Users/xiongzhenhua/gitlab/embedded/TuyaOpen/platform/ESP32/esp-idf/components/esp_driver_jpeg /Users/xiongzhenhua/gitlab/embedded/TuyaOpen/platform/ESP32/esp-idf/components/esp_driver_ledc /Users/xiongzhenhua/gitlab/embedded/TuyaOpen/platform/ESP32/esp-idf/components/esp_driver_mcpwm /Users/xiongzhenhua/gitlab/embedded/TuyaOpen/platform/ESP32/esp-idf/components/esp_driver_parlio /Users/xiongzhenhua/gitlab/embedded/TuyaOpen/platform/ESP32/esp-idf/components/esp_driver_pcnt /Users/xiongzhenhua/gitlab/embedded/TuyaOpen/platform/ESP32/esp-idf/components/esp_driver_ppa /Users/xiongzhenhua/gitlab/embedded/TuyaOpen/platform/ESP32/esp-idf/components/esp_driver_rmt /Users/xiongzhenhua/gitlab/embedded/TuyaOpen/platform/ESP32/esp-idf/components/esp_driver_sdio /Users/xiongzhenhua/gitlab/embedded/TuyaOpen/platform/ESP32/esp-idf/components/esp_driver_sdm /Users/xiongzhenhua/gitlab/embedded/TuyaOpen/platform/ESP32/esp-idf/components/esp_driver_sdmmc /Users/xiongzhenhua/gitlab/embedded/TuyaOpen/platform/ESP32/esp-idf/components/esp_driver_sdspi /Users/xiongzhenhua/gitlab/embedded/TuyaOpen/platform/ESP32/esp-idf/components/esp_driver_spi /Users/xiongzhenhua/gitlab/embedded/TuyaOpen/platform/ESP32/esp-idf/components/esp_driver_touch_sens /Users/xiongzhenhua/gitlab/embedded/TuyaOpen/platform/ESP32/esp-idf/components/esp_driver_tsens /Users/xiongzhenhua/gitlab/embedded/TuyaOpen/platform/ESP32/esp-idf/components/esp_driver_uart /Users/xiongzhenhua/gitlab/embedded/TuyaOpen/platform/ESP32/esp-idf/components/esp_driver_usb_serial_jtag /Users/xiongzhenhua/gitlab/embedded/TuyaOpen/platform/ESP32/esp-idf/components/esp_eth /Users/xiongzhenhua/gitlab/embedded/TuyaOpen/platform/ESP32/esp-idf/components/esp_event /Users/xiongzhenhua/gitlab/embedded/TuyaOpen/platform/ESP32/esp-idf/components/esp_gdbstub /Users/xiongzhenhua/gitlab/embedded/TuyaOpen/platform/ESP32/esp-idf/components/esp_hid /Users/xiongzhenhua/gitlab/embedded/TuyaOpen/platform/ESP32/esp-idf/components/esp_http_client /Users/xiongzhenhua/gitlab/embedded/TuyaOpen/platform/ESP32/esp-idf/components/esp_http_server /Users/xiongzhenhua/gitlab/embedded/TuyaOpen/platform/ESP32/esp-idf/components/esp_https_ota /Users/xiongzhenhua/gitlab/embedded/TuyaOpen/platform/ESP32/esp-idf/components/esp_https_server /Users/xiongzhenhua/gitlab/embedded/TuyaOpen/platform/ESP32/esp-idf/components/esp_hw_support /Users/xiongzhenhua/gitlab/embedded/TuyaOpen/platform/ESP32/esp-idf/components/esp_lcd /Users/xiongzhenhua/gitlab/embedded/TuyaOpen/platform/ESP32/esp-idf/components/esp_local_ctrl /Users/xiongzhenhua/gitlab/embedded/TuyaOpen/platform/ESP32/esp-idf/components/esp_mm /Users/xiongzhenhua/gitlab/embedded/TuyaOpen/platform/ESP32/esp-idf/components/esp_netif /Users/xiongzhenhua/gitlab/embedded/TuyaOpen/platform/ESP32/esp-idf/components/esp_netif_stack /Users/xiongzhenhua/gitlab/embedded/TuyaOpen/platform/ESP32/esp-idf/components/esp_partition /Users/xiongzhenhua/gitlab/embedded/TuyaOpen/platform/ESP32/esp-idf/components/esp_phy /Users/xiongzhenhua/gitlab/embedded/TuyaOpen/platform/ESP32/esp-idf/components/esp_pm /Users/xiongzhenhua/gitlab/embedded/TuyaOpen/platform/ESP32/esp-idf/components/esp_psram /Users/xiongzhenhua/gitlab/embedded/TuyaOpen/platform/ESP32/esp-idf/components/esp_ringbuf /Users/xiongzhenhua/gitlab/embedded/TuyaOpen/platform/ESP32/esp-idf/components/esp_rom /Users/xiongzhenhua/gitlab/embedded/TuyaOpen/platform/ESP32/esp-idf/components/esp_security /Users/xiongzhenhua/gitlab/embedded/TuyaOpen/platform/ESP32/esp-idf/components/esp_system /Users/xiongzhenhua/gitlab/embedded/TuyaOpen/platform/ESP32/esp-idf/components/esp_timer /Users/xiongzhenhua/gitlab/embedded/TuyaOpen/platform/ESP32/esp-idf/components/esp_vfs_console /Users/xiongzhenhua/gitlab/embedded/TuyaOpen/platform/ESP32/esp-idf/components/esp_wifi /Users/xiongzhenhua/gitlab/embedded/TuyaOpen/platform/ESP32/esp-idf/components/espcoredump /Users/xiongzhenhua/gitlab/embedded/TuyaOpen/platform/ESP32/tuya_open_sdk/managed_components/espressif__cjson /Users/xiongzhenhua/gitlab/embedded/TuyaOpen/platform/ESP32/tuya_open_sdk/managed_components/espressif__cmake_utilities /Users/xiongzhenhua/gitlab/embedded/TuyaOpen/platform/ESP32/tuya_open_sdk/managed_components/espressif__dl_fft /Users/xiongzhenhua/gitlab/embedded/TuyaOpen/platform/ESP32/tuya_open_sdk/managed_components/espressif__esp-dsp /Users/xiongzhenhua/gitlab/embedded/TuyaOpen/platform/ESP32/tuya_open_sdk/managed_components/espressif__esp-sr /Users/xiongzhenhua/gitlab/embedded/TuyaOpen/platform/ESP32/tuya_open_sdk/managed_components/espressif__esp_codec_dev /Users/xiongzhenhua/gitlab/embedded/TuyaOpen/platform/ESP32/tuya_open_sdk/managed_components/espressif__esp_io_expander /Users/xiongzhenhua/gitlab/embedded/TuyaOpen/platform/ESP32/tuya_open_sdk/managed_components/espressif__esp_io_expander_tca9554 /Users/xiongzhenhua/gitlab/embedded/TuyaOpen/platform/ESP32/tuya_open_sdk/managed_components/espressif__esp_lcd_panel_io_additions /Users/xiongzhenhua/gitlab/embedded/TuyaOpen/platform/ESP32/tuya_open_sdk/managed_components/espressif__esp_lcd_touch /Users/xiongzhenhua/gitlab/embedded/TuyaOpen/platform/ESP32/tuya_open_sdk/managed_components/espressif__esp_lcd_touch_ft5x06 /Users/xiongzhenhua/gitlab/embedded/TuyaOpen/platform/ESP32/tuya_open_sdk/managed_components/espressif__esp_lcd_touch_gt911 /Users/xiongzhenhua/gitlab/embedded/TuyaOpen/platform/ESP32/esp-idf/components/esptool_py /Users/xiongzhenhua/gitlab/embedded/TuyaOpen/platform/ESP32/esp-idf/components/fatfs /Users/xiongzhenhua/gitlab/embedded/TuyaOpen/platform/ESP32/esp-idf/components/freertos /Users/xiongzhenhua/gitlab/embedded/TuyaOpen/platform/ESP32/esp-idf/components/hal /Users/xiongzhenhua/gitlab/embedded/TuyaOpen/platform/ESP32/esp-idf/components/heap /Users/xiongzhenhua/gitlab/embedded/TuyaOpen/platform/ESP32/esp-idf/components/http_parser /Users/xiongzhenhua/gitlab/embedded/TuyaOpen/platform/ESP32/esp-idf/components/idf_test /Users/xiongzhenhua/gitlab/embedded/TuyaOpen/platform/ESP32/esp-idf/components/ieee802154 /Users/xiongzhenhua/gitlab/embedded/TuyaOpen/platform/ESP32/esp-idf/components/json /Users/xiongzhenhua/gitlab/embedded/TuyaOpen/platform/ESP32/esp-idf/components/log /Users/xiongzhenhua/gitlab/embedded/TuyaOpen/platform/ESP32/esp-idf/components/lwip /Users/xiongzhenhua/gitlab/embedded/TuyaOpen/platform/ESP32/tuya_open_sdk/main /Users/xiongzhenhua/gitlab/embedded/TuyaOpen/platform/ESP32/esp-idf/components/mbedtls /Users/xiongzhenhua/gitlab/embedded/TuyaOpen/platform/ESP32/esp-idf/components/mqtt /Users/xiongzhenhua/gitlab/embedded/TuyaOpen/platform/ESP32/esp-idf/components/newlib /Users/xiongzhenhua/gitlab/embedded/TuyaOpen/platform/ESP32/esp-idf/components/nvs_flash /Users/xiongzhenhua/gitlab/embedded/TuyaOpen/platform/ESP32/esp-idf/components/nvs_sec_provider /Users/xiongzhenhua/gitlab/embedded/TuyaOpen/platform/ESP32/esp-idf/components/openthread /Users/xiongzhenhua/gitlab/embedded/TuyaOpen/platform/ESP32/esp-idf/components/partition_table /Users/xiongzhenhua/gitlab/embedded/TuyaOpen/platform/ESP32/esp-idf/components/perfmon /Users/xiongzhenhua/gitlab/embedded/TuyaOpen/platform/ESP32/esp-idf/components/protobuf-c /Users/xiongzhenhua/gitlab/embedded/TuyaOpen/platform/ESP32/esp-idf/components/protocomm /Users/xiongzhenhua/gitlab/embedded/TuyaOpen/platform/ESP32/esp-idf/components/pthread /Users/xiongzhenhua/gitlab/embedded/TuyaOpen/platform/ESP32/esp-idf/components/rt /Users/xiongzhenhua/gitlab/embedded/TuyaOpen/platform/ESP32/esp-idf/components/sdmmc /Users/xiongzhenhua/gitlab/embedded/TuyaOpen/platform/ESP32/esp-idf/components/soc /Users/xiongzhenhua/gitlab/embedded/TuyaOpen/platform/ESP32/esp-idf/components/spi_flash /Users/xiongzhenhua/gitlab/embedded/TuyaOpen/platform/ESP32/esp-idf/components/spiffs /Users/xiongzhenhua/gitlab/embedded/TuyaOpen/platform/ESP32/esp-idf/components/tcp_transport /Users/xiongzhenhua/gitlab/embedded/TuyaOpen/platform/ESP32/esp-idf/components/touch_element /Users/xiongzhenhua/gitlab/embedded/TuyaOpen/platform/ESP32/tuya_open_sdk/tuyaos_adapter /Users/xiongzhenhua/gitlab/embedded/TuyaOpen/platform/ESP32/esp-idf/components/ulp /Users/xiongzhenhua/gitlab/embedded/TuyaOpen/platform/ESP32/esp-idf/components/unity /Users/xiongzhenhua/gitlab/embedded/TuyaOpen/platform/ESP32/esp-idf/components/usb /Users/xiongzhenhua/gitlab/embedded/TuyaOpen/platform/ESP32/esp-idf/components/vfs /Users/xiongzhenhua/gitlab/embedded/TuyaOpen/platform/ESP32/tuya_open_sdk/managed_components/waveshare__esp_lcd_sh8601 /Users/xiongzhenhua/gitlab/embedded/TuyaOpen/platform/ESP32/esp-idf/components/wear_levelling /Users/xiongzhenhua/gitlab/embedded/TuyaOpen/platform/ESP32/esp-idf/components/wifi_provisioning /Users/xiongzhenhua/gitlab/embedded/TuyaOpen/platform/ESP32/esp-idf/components/wpa_supplicant /Users/xiongzhenhua/gitlab/embedded/TuyaOpen/platform/ESP32/esp-idf/components/xtensa
-- Configuring done (10.8s)
-- Generating done (0.5s)
-- Build files have been written to: /Users/xiongzhenhua/gitlab/embedded/TuyaOpen/platform/ESP32/tuya_open_sdk/build
[1/1368] Generating ../../ota_data_initial.bin
[2/1368] Move and Pack models...

ESP-SR Models Report
────────────────────────────────────────
  Models loaded from esp-sr:
    - wn9_nihaoxiaozhi_tts (284.06 KB)

  Recommended Partition Size: 286K
────────────────────────────────────────

[3/1368] Generating project_elf_src_esp32s3.c
[4/1368] Generating /Users/xiongzhenhua/gitlab/embedded/TuyaOpen/platform/ESP32/tuya_open_sdk/build/esp-idf/esp_system/ld/memory.ld linker script...
[5/1368] Generating /Users/xiongzhenhua/gitlab/embedded/TuyaOpen/platform/ESP32/tuya_open_sdk/build/esp-idf/esp_system/ld/sections.ld.in linker script...
[6/1368] Generating ../../partition_table/partition-table.bin
Partition table binary generated. Contents:
*******************************************************************************
# ESP-IDF Partition Table
# Name, Type, SubType, Offset, Size, Flags
nvs,data,nvs,0x9000,16K,
otadata,data,ota,0xd000,8K,
phy_init,data,phy,0xf000,4K,
ota_0,app,ota_0,0x10000,7552K,
ota_1,app,ota_1,0x770000,7552K,
model,data,spiffs,0xed0000,960K,
tuya,data,170,0xfc0000,240K,
factory_nvs,data,nvs,0xffc000,16K,
*******************************************************************************
[7/1368] Building C object esp-idf/mbedtls/mbedtls/3rdparty/everest/CMakeFiles/everest.dir/library/x25519.c.obj
[8/1368] Building C object esp-idf/mbedtls/mbedtls/3rdparty/everest/CMakeFiles/everest.dir/library/Hacl_Curve25519_joined.c.obj
[9/1368] Building C object esp-idf/mbedtls/mbedtls/library/CMakeFiles/mbedcrypto.dir/aesni.c.obj
[10/1368] Building C object esp-idf/mbedtls/mbedtls/library/CMakeFiles/mbedcrypto.dir/aesce.c.obj
[11/1368] Building C object esp-idf/mbedtls/mbedtls/3rdparty/everest/CMakeFiles/everest.dir/library/everest.c.obj
[12/1368] Building C object esp-idf/mbedtls/mbedtls/3rdparty/p256-m/CMakeFiles/p256m.dir/p256-m/p256-m.c.obj
[13/1368] Building C object esp-idf/mbedtls/mbedtls/3rdparty/p256-m/CMakeFiles/p256m.dir/p256-m_driver_entrypoints.c.obj
[14/1368] Building C object esp-idf/mbedtls/mbedtls/library/CMakeFiles/mbedcrypto.dir/bignum_mod.c.obj
[15/1368] Building C object esp-idf/mbedtls/mbedtls/library/CMakeFiles/mbedcrypto.dir/base64.c.obj
[16/1368] Building C object esp-idf/mbedtls/mbedtls/library/CMakeFiles/mbedcrypto.dir/bignum_mod_raw.c.obj
[17/1368] Building C object esp-idf/mbedtls/mbedtls/library/CMakeFiles/mbedcrypto.dir/block_cipher.c.obj
[18/1368] Building C object esp-idf/mbedtls/mbedtls/library/CMakeFiles/mbedcrypto.dir/asn1write.c.obj
[19/1368] Building C object esp-idf/mbedtls/mbedtls/library/CMakeFiles/mbedcrypto.dir/camellia.c.obj
[20/1368] Building C object esp-idf/mbedtls/mbedtls/library/CMakeFiles/mbedcrypto.dir/asn1parse.c.obj
[21/1368] Building C object esp-idf/mbedtls/mbedtls/library/CMakeFiles/mbedcrypto.dir/chachapoly.c.obj
[22/1368] Building C object esp-idf/mbedtls/mbedtls/library/CMakeFiles/mbedcrypto.dir/chacha20.c.obj
[23/1368] Building C object esp-idf/mbedtls/mbedtls/library/CMakeFiles/mbedcrypto.dir/constant_time.c.obj
[24/1368] Building C object esp-idf/mbedtls/mbedtls/library/CMakeFiles/mbedcrypto.dir/des.c.obj
[25/1368] Building C object esp-idf/mbedtls/mbedtls/library/CMakeFiles/mbedcrypto.dir/aria.c.obj
[26/1368] Building C object esp-idf/mbedtls/mbedtls/library/CMakeFiles/mbedcrypto.dir/dhm.c.obj
[27/1368] Building C object esp-idf/mbedtls/mbedtls/library/CMakeFiles/mbedcrypto.dir/cipher_wrap.c.obj
[28/1368] Building C object esp-idf/mbedtls/mbedtls/library/CMakeFiles/mbedcrypto.dir/ccm.c.obj
[29/1368] Building C object esp-idf/mbedtls/mbedtls/library/CMakeFiles/mbedcrypto.dir/ecdh.c.obj
[30/1368] Building C object esp-idf/mbedtls/mbedtls/library/CMakeFiles/mbedcrypto.dir/cmac.c.obj
[31/1368] Building C object esp-idf/mbedtls/mbedtls/library/CMakeFiles/mbedcrypto.dir/ctr_drbg.c.obj
[32/1368] Building C object esp-idf/mbedtls/mbedtls/library/CMakeFiles/mbedcrypto.dir/ecjpake.c.obj
[33/1368] Building C object esp-idf/mbedtls/mbedtls/library/CMakeFiles/mbedcrypto.dir/ecp_curves_new.c.obj
[34/1368] Building C object esp-idf/mbedtls/mbedtls/library/CMakeFiles/mbedcrypto.dir/bignum_core.c.obj
[35/1368] Building C object esp-idf/mbedtls/mbedtls/library/CMakeFiles/mbedcrypto.dir/cipher.c.obj
[36/1368] Building C object esp-idf/mbedtls/mbedtls/library/CMakeFiles/mbedcrypto.dir/aes.c.obj
[37/1368] Building C object esp-idf/mbedtls/mbedtls/library/CMakeFiles/mbedcrypto.dir/hkdf.c.obj
[38/1368] Building C object esp-idf/mbedtls/mbedtls/library/CMakeFiles/mbedcrypto.dir/ecdsa.c.obj
[39/1368] Building C object esp-idf/mbedtls/mbedtls/library/CMakeFiles/mbedcrypto.dir/entropy_poll.c.obj
[40/1368] Building C object esp-idf/mbedtls/mbedtls/library/CMakeFiles/mbedcrypto.dir/lmots.c.obj
[41/1368] Building C object esp-idf/mbedtls/mbedtls/library/CMakeFiles/mbedcrypto.dir/lms.c.obj
[42/1368] Building C object esp-idf/mbedtls/mbedtls/library/CMakeFiles/mbedcrypto.dir/hmac_drbg.c.obj
[43/1368] Building C object esp-idf/mbedtls/mbedtls/library/CMakeFiles/mbedcrypto.dir/error.c.obj
[44/1368] Building C object esp-idf/mbedtls/mbedtls/library/CMakeFiles/mbedcrypto.dir/entropy.c.obj
[45/1368] Building C object esp-idf/mbedtls/mbedtls/library/CMakeFiles/mbedcrypto.dir/memory_buffer_alloc.c.obj
[46/1368] Building C object esp-idf/mbedtls/mbedtls/library/CMakeFiles/mbedcrypto.dir/nist_kw.c.obj
[47/1368] Building C object esp-idf/mbedtls/mbedtls/library/CMakeFiles/mbedcrypto.dir/padlock.c.obj
[48/1368] Building C object esp-idf/mbedtls/mbedtls/library/CMakeFiles/mbedcrypto.dir/ecp_curves.c.obj
[49/1368] Building C object esp-idf/mbedtls/mbedtls/library/CMakeFiles/mbedcrypto.dir/gcm.c.obj
[50/1368] Building C object esp-idf/mbedtls/mbedtls/library/CMakeFiles/mbedcrypto.dir/md.c.obj
[51/1368] Building C object esp-idf/mbedtls/mbedtls/library/CMakeFiles/mbedcrypto.dir/md5.c.obj
[52/1368] Building C object esp-idf/mbedtls/mbedtls/library/CMakeFiles/mbedcrypto.dir/bignum.c.obj
[53/1368] Building C object esp-idf/mbedtls/mbedtls/library/CMakeFiles/mbedcrypto.dir/pk_ecc.c.obj
[54/1368] Building C object esp-idf/mbedtls/mbedtls/library/CMakeFiles/mbedcrypto.dir/platform.c.obj
[55/1368] Building C object esp-idf/mbedtls/mbedtls/library/CMakeFiles/mbedcrypto.dir/pkcs12.c.obj
[56/1368] Building C object esp-idf/mbedtls/mbedtls/library/CMakeFiles/mbedcrypto.dir/pem.c.obj
[57/1368] Building C object esp-idf/mbedtls/mbedtls/library/CMakeFiles/mbedcrypto.dir/oid.c.obj
[58/1368] Building C object esp-idf/mbedtls/mbedtls/library/CMakeFiles/mbedcrypto.dir/pk_wrap.c.obj
[59/1368] Building C object esp-idf/mbedtls/mbedtls/library/CMakeFiles/mbedcrypto.dir/ecp.c.obj
[60/1368] Building C object esp-idf/mbedtls/mbedtls/library/CMakeFiles/mbedcrypto.dir/poly1305.c.obj
[61/1368] Building C object esp-idf/mbedtls/mbedtls/library/CMakeFiles/mbedcrypto.dir/pkcs5.c.obj
[62/1368] Building C object esp-idf/mbedtls/mbedtls/library/CMakeFiles/mbedcrypto.dir/platform_util.c.obj
[63/1368] Building C object esp-idf/mbedtls/mbedtls/library/CMakeFiles/mbedcrypto.dir/psa_crypto_client.c.obj
[64/1368] Building C object esp-idf/mbedtls/mbedtls/library/CMakeFiles/mbedcrypto.dir/pkwrite.c.obj
[65/1368] Building C object esp-idf/mbedtls/mbedtls/library/CMakeFiles/mbedcrypto.dir/psa_crypto_driver_wrappers_no_static.c.obj
[66/1368] Building C object esp-idf/mbedtls/mbedtls/library/CMakeFiles/mbedcrypto.dir/psa_crypto_ffdh.c.obj
[67/1368] Building C object esp-idf/mbedtls/mbedtls/library/CMakeFiles/mbedcrypto.dir/psa_crypto_hash.c.obj
[68/1368] Building C object esp-idf/mbedtls/mbedtls/library/CMakeFiles/mbedcrypto.dir/psa_crypto_cipher.c.obj
[69/1368] Building C object esp-idf/mbedtls/mbedtls/library/CMakeFiles/mbedcrypto.dir/psa_crypto_aead.c.obj
[70/1368] Building C object esp-idf/mbedtls/mbedtls/library/CMakeFiles/mbedcrypto.dir/pk.c.obj
[71/1368] Building C object esp-idf/mbedtls/mbedtls/library/CMakeFiles/mbedcrypto.dir/pkparse.c.obj
[72/1368] Building C object esp-idf/mbedtls/mbedtls/library/CMakeFiles/mbedcrypto.dir/psa_crypto_se.c.obj
[73/1368] Building C object esp-idf/mbedtls/mbedtls/library/CMakeFiles/mbedcrypto.dir/psa_crypto_storage.c.obj
[74/1368] Building C object esp-idf/mbedtls/mbedtls/library/CMakeFiles/mbedcrypto.dir/psa_its_file.c.obj
[75/1368] Building C object esp-idf/mbedtls/mbedtls/library/CMakeFiles/mbedcrypto.dir/psa_crypto_pake.c.obj
[76/1368] Building C object esp-idf/mbedtls/mbedtls/library/CMakeFiles/mbedcrypto.dir/ripemd160.c.obj
[77/1368] Building C object esp-idf/mbedtls/mbedtls/library/CMakeFiles/mbedcrypto.dir/psa_crypto_ecp.c.obj
[78/1368] Building C object esp-idf/mbedtls/mbedtls/library/CMakeFiles/mbedcrypto.dir/sha3.c.obj
[79/1368] Building C object esp-idf/mbedtls/mbedtls/library/CMakeFiles/mbedcrypto.dir/psa_crypto_mac.c.obj
[80/1368] Building C object esp-idf/mbedtls/mbedtls/library/CMakeFiles/mbedcrypto.dir/threading.c.obj
[81/1368] Building C object esp-idf/mbedtls/mbedtls/library/CMakeFiles/mbedcrypto.dir/psa_util.c.obj
[82/1368] Building C object esp-idf/mbedtls/mbedtls/library/CMakeFiles/mbedcrypto.dir/rsa_alt_helpers.c.obj
[83/1368] Building C object esp-idf/mbedtls/mbedtls/library/CMakeFiles/mbedcrypto.dir/psa_crypto_rsa.c.obj
[84/1368] Building C object esp-idf/mbedtls/mbedtls/library/CMakeFiles/mbedcrypto.dir/timing.c.obj
[85/1368] Building C object esp-idf/mbedtls/mbedtls/library/CMakeFiles/mbedcrypto.dir/version.c.obj
[86/1368] Building C object esp-idf/mbedtls/mbedtls/library/CMakeFiles/mbedcrypto.dir/psa_crypto_slot_management.c.obj
[87/1368] Building C object esp-idf/mbedtls/mbedtls/library/CMakeFiles/mbedcrypto.dir/version_features.c.obj
[88/1368] Building C object esp-idf/mbedtls/mbedtls/library/CMakeFiles/mbedcrypto.dir/sha512.c.obj
[89/1368] Building C object esp-idf/mbedtls/mbedtls/library/CMakeFiles/mbedcrypto.dir/Users/xiongzhenhua/gitlab/embedded/TuyaOpen/platform/ESP32/esp-idf/components/mbedtls/port/sha/dma/esp_sha_gdma_impl.c.obj
[90/1368] Building C object esp-idf/mbedtls/mbedtls/library/CMakeFiles/mbedcrypto.dir/sha1.c.obj
[91/1368] Building C object esp-idf/mbedtls/mbedtls/library/CMakeFiles/mbedcrypto.dir/sha256.c.obj
[92/1368] Building C object esp-idf/mbedtls/mbedtls/library/CMakeFiles/mbedcrypto.dir/Users/xiongzhenhua/gitlab/embedded/TuyaOpen/platform/ESP32/esp-idf/components/mbedtls/port/esp_mem.c.obj
[93/1368] Building C object esp-idf/mbedtls/mbedtls/library/CMakeFiles/mbedcrypto.dir/Users/xiongzhenhua/gitlab/embedded/TuyaOpen/platform/ESP32/esp-idf/components/mbedtls/port/aes/dma/esp_aes_gdma_impl.c.obj
[94/1368] Building C object esp-idf/mbedtls/mbedtls/library/CMakeFiles/mbedcrypto.dir/Users/xiongzhenhua/gitlab/embedded/TuyaOpen/platform/ESP32/esp-idf/components/mbedtls/port/esp_hardware.c.obj
[95/1368] Building C object esp-idf/mbedtls/mbedtls/library/CMakeFiles/mbedcrypto.dir/Users/xiongzhenhua/gitlab/embedded/TuyaOpen/platform/ESP32/esp-idf/components/mbedtls/port/crypto_shared_gdma/esp_crypto_shared_gdma.c.obj
[96/1368] Building C object esp-idf/mbedtls/mbedtls/library/CMakeFiles/mbedcrypto.dir/Users/xiongzhenhua/gitlab/embedded/TuyaOpen/platform/ESP32/esp-idf/components/mbedtls/port/esp_timing.c.obj
[97/1368] Building C object esp-idf/mbedtls/mbedtls/library/CMakeFiles/mbedcrypto.dir/Users/xiongzhenhua/gitlab/embedded/TuyaOpen/platform/ESP32/esp-idf/components/mbedtls/port/aes/esp_aes_common.c.obj
[98/1368] Building C object esp-idf/mbedtls/mbedtls/library/CMakeFiles/mbedcrypto.dir/Users/xiongzhenhua/gitlab/embedded/TuyaOpen/platform/ESP32/esp-idf/components/mbedtls/port/aes/dma/esp_aes_dma_core.c.obj
[99/1368] Building C object esp-idf/mbedtls/mbedtls/library/CMakeFiles/mbedcrypto.dir/Users/xiongzhenhua/gitlab/embedded/TuyaOpen/platform/ESP32/esp-idf/components/mbedtls/port/sha/esp_sha.c.obj
[100/1368] Building C object esp-idf/mbedtls/mbedtls/library/CMakeFiles/mbedcrypto.dir/Users/xiongzhenhua/gitlab/embedded/TuyaOpen/platform/ESP32/esp-idf/components/mbedtls/port/aes/esp_aes_xts.c.obj
[101/1368] Building C object esp-idf/mbedtls/mbedtls/library/CMakeFiles/mbedcrypto.dir/Users/xiongzhenhua/gitlab/embedded/TuyaOpen/platform/ESP32/esp-idf/components/mbedtls/port/aes/dma/esp_aes.c.obj
[102/1368] Building C object esp-idf/mbedtls/mbedtls/library/CMakeFiles/mbedcrypto.dir/Users/xiongzhenhua/gitlab/embedded/TuyaOpen/platform/ESP32/esp-idf/components/mbedtls/port/sha/dma/sha.c.obj
[103/1368] Building C object esp-idf/mbedtls/mbedtls/library/CMakeFiles/mbedcrypto.dir/Users/xiongzhenhua/gitlab/embedded/TuyaOpen/platform/ESP32/esp-idf/components/mbedtls/port/esp_ds/esp_rsa_sign_alt.c.obj
[104/1368] Building C object esp-idf/mbedtls/mbedtls/library/CMakeFiles/mbedcrypto.dir/rsa.c.obj
[105/1368] Building C object esp-idf/mbedtls/mbedtls/library/CMakeFiles/mbedx509.dir/pkcs7.c.obj
[106/1368] Building C object esp-idf/mbedtls/mbedtls/library/CMakeFiles/mbedx509.dir/x509_crl.c.obj
[107/1368] Building C object esp-idf/mbedtls/mbedtls/library/CMakeFiles/mbedx509.dir/x509_create.c.obj
[108/1368] Building C object esp-idf/mbedtls/mbedtls/library/CMakeFiles/mbedx509.dir/x509write.c.obj
[109/1368] Building C object esp-idf/mbedtls/mbedtls/library/CMakeFiles/mbedtls.dir/debug.c.obj
[110/1368] Building C object esp-idf/mbedtls/mbedtls/library/CMakeFiles/mbedx509.dir/x509_csr.c.obj
[111/1368] Building C object esp-idf/mbedtls/mbedtls/library/CMakeFiles/mbedtls.dir/mps_reader.c.obj
[112/1368] Building C object esp-idf/mbedtls/mbedtls/library/CMakeFiles/mbedtls.dir/mps_trace.c.obj
[113/1368] Building C object esp-idf/mbedtls/mbedtls/library/CMakeFiles/mbedx509.dir/x509write_crt.c.obj
[114/1368] Building C object esp-idf/mbedtls/mbedtls/library/CMakeFiles/mbedx509.dir/x509write_csr.c.obj
[115/1368] Building C object esp-idf/mbedtls/mbedtls/library/CMakeFiles/mbedx509.dir/x509.c.obj
[116/1368] Building C object esp-idf/mbedtls/mbedtls/library/CMakeFiles/mbedtls.dir/ssl_debug_helpers_generated.c.obj
[117/1368] Building C object esp-idf/mbedtls/mbedtls/library/CMakeFiles/mbedtls.dir/ssl_cache.c.obj
[118/1368] Building C object esp-idf/mbedtls/mbedtls/library/CMakeFiles/mbedtls.dir/ssl_ciphersuites.c.obj
[119/1368] Building C object esp-idf/mbedtls/mbedtls/library/CMakeFiles/mbedtls.dir/ssl_cookie.c.obj
[120/1368] Building C object esp-idf/mbedtls/mbedtls/library/CMakeFiles/mbedtls.dir/ssl_tls13_keys.c.obj
[121/1368] Building C object esp-idf/mbedtls/mbedtls/library/CMakeFiles/mbedtls.dir/ssl_client.c.obj
[122/1368] Building C object esp-idf/mbedtls/mbedtls/library/CMakeFiles/mbedtls.dir/ssl_tls13_server.c.obj
[123/1368] Building C object esp-idf/mbedtls/mbedtls/library/CMakeFiles/mbedtls.dir/ssl_tls13_client.c.obj
[124/1368] Building C object esp-idf/mbedtls/mbedtls/library/CMakeFiles/mbedx509.dir/x509_crt.c.obj
[125/1368] Building C object esp-idf/mbedtls/mbedtls/library/CMakeFiles/mbedtls.dir/ssl_ticket.c.obj
[126/1368] Building C object esp-idf/mbedtls/mbedtls/library/CMakeFiles/mbedtls.dir/ssl_tls13_generic.c.obj
[127/1368] Creating directories for 'bootloader'
[128/1368] No download step for 'bootloader'
[129/1368] Building C object esp-idf/mbedtls/mbedtls/library/CMakeFiles/mbedtls.dir/Users/xiongzhenhua/gitlab/embedded/TuyaOpen/platform/ESP32/esp-idf/components/mbedtls/port/mbedtls_debug.c.obj
[130/1368] Building C object esp-idf/mbedtls/mbedtls/library/CMakeFiles/mbedtls.dir/Users/xiongzhenhua/gitlab/embedded/TuyaOpen/platform/ESP32/esp-idf/components/mbedtls/port/esp_platform_time.c.obj
[131/1368] Building C object esp-idf/esp_bootloader_format/CMakeFiles/__idf_esp_bootloader_format.dir/esp_bootloader_desc.c.obj
[132/1368] No update step for 'bootloader'
[133/1368] Building C object esp-idf/mbedtls/mbedtls/library/CMakeFiles/mbedtls.dir/ssl_tls12_client.c.obj
[134/1368] No patch step for 'bootloader'
[135/1368] Building C object esp-idf/esp_app_format/CMakeFiles/__idf_esp_app_format.dir/esp_app_desc.c.obj
[136/1368] Building C object esp-idf/mbedtls/mbedtls/library/CMakeFiles/mbedtls.dir/ssl_msg.c.obj
[137/1368] Building C object esp-idf/app_update/CMakeFiles/__idf_app_update.dir/esp_ota_app_desc.c.obj
[138/1368] Building C object esp-idf/mbedtls/mbedtls/library/CMakeFiles/mbedtls.dir/Users/xiongzhenhua/gitlab/embedded/TuyaOpen/platform/ESP32/esp-idf/components/mbedtls/port/net_sockets.c.obj
[139/1368] Building C object esp-idf/efuse/CMakeFiles/__idf_efuse.dir/esp32s3/esp_efuse_table.c.obj
[140/1368] Building C object esp-idf/mbedtls/mbedtls/library/CMakeFiles/mbedcrypto.dir/psa_crypto.c.obj
[141/1368] Building C object esp-idf/mbedtls/mbedtls/library/CMakeFiles/mbedtls.dir/ssl_tls12_server.c.obj
[142/1368] Building C object esp-idf/esp_partition/CMakeFiles/__idf_esp_partition.dir/partition_target.c.obj
[143/1368] Building C object esp-idf/efuse/CMakeFiles/__idf_efuse.dir/esp32s3/esp_efuse_fields.c.obj
[144/1368] Building C object esp-idf/app_update/CMakeFiles/__idf_app_update.dir/esp_ota_ops.c.obj
[145/1368] Building C object esp-idf/esp_partition/CMakeFiles/__idf_esp_partition.dir/partition.c.obj
[146/1368] Building C object esp-idf/efuse/CMakeFiles/__idf_efuse.dir/esp32s3/esp_efuse_rtc_calib.c.obj
[147/1368] Building C object esp-idf/efuse/CMakeFiles/__idf_efuse.dir/src/esp_efuse_fields.c.obj
[148/1368] Building C object esp-idf/efuse/CMakeFiles/__idf_efuse.dir/esp32s3/esp_efuse_utility.c.obj
[149/1368] Building C object esp-idf/efuse/CMakeFiles/__idf_efuse.dir/src/esp_efuse_startup.c.obj
[150/1368] Building C object esp-idf/efuse/CMakeFiles/__idf_efuse.dir/src/esp_efuse_api.c.obj
[151/1368] Building C object esp-idf/bootloader_support/CMakeFiles/__idf_bootloader_support.dir/src/bootloader_clock_init.c.obj
[152/1368] Building C object esp-idf/bootloader_support/CMakeFiles/__idf_bootloader_support.dir/src/bootloader_mem.c.obj
[153/1368] Building C object esp-idf/efuse/CMakeFiles/__idf_efuse.dir/src/efuse_controller/keys/with_key_purposes/esp_efuse_api_key.c.obj
[154/1368] Building C object esp-idf/bootloader_support/CMakeFiles/__idf_bootloader_support.dir/src/bootloader_common.c.obj
[155/1368] Building C object esp-idf/efuse/CMakeFiles/__idf_efuse.dir/src/esp_efuse_utility.c.obj
[156/1368] Building C object esp-idf/bootloader_support/CMakeFiles/__idf_bootloader_support.dir/src/bootloader_common_loader.c.obj
[157/1368] Building C object esp-idf/bootloader_support/CMakeFiles/__idf_bootloader_support.dir/src/bootloader_random.c.obj
[158/1368] Building C object esp-idf/mbedtls/mbedtls/library/CMakeFiles/mbedtls.dir/ssl_tls.c.obj
[159/1368] Building C object esp-idf/bootloader_support/CMakeFiles/__idf_bootloader_support.dir/src/bootloader_random_esp32s3.c.obj
[160/1368] Building C object esp-idf/bootloader_support/CMakeFiles/__idf_bootloader_support.dir/src/bootloader_efuse.c.obj
[161/1368] Building C object esp-idf/bootloader_support/CMakeFiles/__idf_bootloader_support.dir/src/flash_encrypt.c.obj
[162/1368] Building C object esp-idf/bootloader_support/CMakeFiles/__idf_bootloader_support.dir/src/secure_boot.c.obj
[163/1368] Building C object esp-idf/bootloader_support/CMakeFiles/__idf_bootloader_support.dir/src/flash_partitions.c.obj
[164/1368] Building C object esp-idf/bootloader_support/CMakeFiles/__idf_bootloader_support.dir/bootloader_flash/src/flash_qio_mode.c.obj
[165/1368] Building C object esp-idf/bootloader_support/CMakeFiles/__idf_bootloader_support.dir/bootloader_flash/src/bootloader_flash_config_esp32s3.c.obj
[166/1368] Building C object esp-idf/bootloader_support/CMakeFiles/__idf_bootloader_support.dir/src/idf/bootloader_sha.c.obj
[167/1368] Building C object esp-idf/bootloader_support/CMakeFiles/__idf_bootloader_support.dir/src/esp32s3/secure_boot_secure_features.c.obj
[168/1368] Building C object esp-idf/esp_mm/CMakeFiles/__idf_esp_mm.dir/port/esp32s3/ext_mem_layout.c.obj
[169/1368] Building C object esp-idf/bootloader_support/CMakeFiles/__idf_bootloader_support.dir/bootloader_flash/src/bootloader_flash.c.obj
[170/1368] Building C object esp-idf/spi_flash/CMakeFiles/__idf_spi_flash.dir/flash_brownout_hook.c.obj
[171/1368] Building C object esp-idf/bootloader_support/CMakeFiles/__idf_bootloader_support.dir/src/bootloader_utility.c.obj
[172/1368] Building C object esp-idf/esp_mm/CMakeFiles/__idf_esp_mm.dir/heap_align_hw.c.obj
[173/1368] Building C object esp-idf/spi_flash/CMakeFiles/__idf_spi_flash.dir/spi_flash_chip_drivers.c.obj
[174/1368] Building C object esp-idf/spi_flash/CMakeFiles/__idf_spi_flash.dir/spi_flash_hpm_enable.c.obj
[175/1368] Building C object esp-idf/spi_flash/CMakeFiles/__idf_spi_flash.dir/esp32s3/spi_flash_oct_flash_init.c.obj
[176/1368] Building C object esp-idf/esp_mm/CMakeFiles/__idf_esp_mm.dir/esp_cache.c.obj
[177/1368] Building C object esp-idf/spi_flash/CMakeFiles/__idf_spi_flash.dir/spi_flash_chip_issi.c.obj
[178/1368] Building C object esp-idf/spi_flash/CMakeFiles/__idf_spi_flash.dir/spi_flash_chip_th.c.obj
[179/1368] Building C object esp-idf/spi_flash/CMakeFiles/__idf_spi_flash.dir/spi_flash_chip_boya.c.obj
[180/1368] Building C object esp-idf/bootloader_support/CMakeFiles/__idf_bootloader_support.dir/src/esp_image_format.c.obj
[181/1368] Building C object esp-idf/spi_flash/CMakeFiles/__idf_spi_flash.dir/spi_flash_chip_gd.c.obj
[182/1368] Building C object esp-idf/spi_flash/CMakeFiles/__idf_spi_flash.dir/spi_flash_chip_mxic.c.obj
[183/1368] Building C object esp-idf/spi_flash/CMakeFiles/__idf_spi_flash.dir/spi_flash_chip_winbond.c.obj
[184/1368] Building C object esp-idf/spi_flash/CMakeFiles/__idf_spi_flash.dir/spi_flash_chip_mxic_opi.c.obj
[185/1368] Building C object esp-idf/spi_flash/CMakeFiles/__idf_spi_flash.dir/memspi_host_driver.c.obj
[186/1368] Building C object esp-idf/esp_mm/CMakeFiles/__idf_esp_mm.dir/esp_mmu_map.c.obj
[187/1368] Building C object esp-idf/spi_flash/CMakeFiles/__idf_spi_flash.dir/spi_flash_chip_generic.c.obj
[188/1368] Building C object esp-idf/spi_flash/CMakeFiles/__idf_spi_flash.dir/flash_ops.c.obj
[189/1368] Building C object esp-idf/spi_flash/CMakeFiles/__idf_spi_flash.dir/spi_flash_wrap.c.obj
[190/1368] Building C object esp-idf/spi_flash/CMakeFiles/__idf_spi_flash.dir/spi_flash_os_func_noos.c.obj
[191/1368] Building C object esp-idf/spi_flash/CMakeFiles/__idf_spi_flash.dir/cache_utils.c.obj
[192/1368] Building C object esp-idf/spi_flash/CMakeFiles/__idf_spi_flash.dir/flash_mmap.c.obj
[193/1368] Building C object esp-idf/spi_flash/CMakeFiles/__idf_spi_flash.dir/esp_flash_spi_init.c.obj
[194/1368] Building C object esp-idf/esp_system/CMakeFiles/__idf_esp_system.dir/crosscore_int.c.obj
[195/1368] Building C object esp-idf/esp_system/CMakeFiles/__idf_esp_system.dir/freertos_hooks.c.obj
[196/1368] Building C object esp-idf/spi_flash/CMakeFiles/__idf_spi_flash.dir/spi_flash_os_func_app.c.obj
[197/1368] Building C object esp-idf/esp_system/CMakeFiles/__idf_esp_system.dir/esp_err.c.obj
[198/1368] Building C object esp-idf/esp_system/CMakeFiles/__idf_esp_system.dir/esp_ipc.c.obj
[199/1368] Building C object esp-idf/esp_system/CMakeFiles/__idf_esp_system.dir/esp_system.c.obj
[200/1368] Building C object esp-idf/esp_system/CMakeFiles/__idf_esp_system.dir/startup.c.obj
[201/1368] Building C object esp-idf/esp_system/CMakeFiles/__idf_esp_system.dir/int_wdt.c.obj
[202/1368] Building C object esp-idf/esp_system/CMakeFiles/__idf_esp_system.dir/stack_check.c.obj
[203/1368] Building C object esp-idf/esp_system/CMakeFiles/__idf_esp_system.dir/panic.c.obj
[204/1368] Building C object esp-idf/esp_system/CMakeFiles/__idf_esp_system.dir/system_time.c.obj
[205/1368] Building C object esp-idf/spi_flash/CMakeFiles/__idf_spi_flash.dir/esp_flash_api.c.obj
[206/1368] Building C object esp-idf/esp_system/CMakeFiles/__idf_esp_system.dir/ubsan.c.obj
[207/1368] Building C object esp-idf/esp_system/CMakeFiles/__idf_esp_system.dir/xt_wdt.c.obj
[208/1368] Building C object esp-idf/esp_system/CMakeFiles/__idf_esp_system.dir/startup_funcs.c.obj
[209/1368] Building C object esp-idf/esp_system/CMakeFiles/__idf_esp_system.dir/port/esp_system_chip.c.obj
[210/1368] Building ASM object esp-idf/esp_system/CMakeFiles/__idf_esp_system.dir/port/arch/xtensa/esp_ipc_isr_handler.S.obj
[211/1368] Building C object esp-idf/esp_system/CMakeFiles/__idf_esp_system.dir/task_wdt/task_wdt_impl_timergroup.c.obj
[212/1368] Building ASM object esp-idf/esp_system/CMakeFiles/__idf_esp_system.dir/port/arch/xtensa/esp_ipc_isr_routines.S.obj
[213/1368] Building C object esp-idf/esp_system/CMakeFiles/__idf_esp_system.dir/port/panic_handler.c.obj
[214/1368] Building C object esp-idf/esp_system/CMakeFiles/__idf_esp_system.dir/port/brownout.c.obj
[215/1368] Building C object esp-idf/esp_system/CMakeFiles/__idf_esp_system.dir/port/arch/xtensa/esp_ipc_isr_port.c.obj
[216/1368] Building ASM object esp-idf/esp_system/CMakeFiles/__idf_esp_system.dir/port/arch/xtensa/panic_handler_asm.S.obj
[217/1368] Building C object esp-idf/esp_system/CMakeFiles/__idf_esp_system.dir/port/image_process.c.obj
[218/1368] Building C object esp-idf/esp_system/CMakeFiles/__idf_esp_system.dir/port/esp_ipc_isr.c.obj
[219/1368] Building ASM object esp-idf/esp_system/CMakeFiles/__idf_esp_system.dir/port/arch/xtensa/expression_with_stack_asm.S.obj
[220/1368] Building ASM object esp-idf/esp_system/CMakeFiles/__idf_esp_system.dir/port/arch/xtensa/debug_helpers_asm.S.obj
[221/1368] Building C object esp-idf/esp_system/CMakeFiles/__idf_esp_system.dir/task_wdt/task_wdt.c.obj
[222/1368] Building ASM object esp-idf/esp_system/CMakeFiles/__idf_esp_system.dir/port/soc/esp32s3/highint_hdl.S.obj
[223/1368] Building C object esp-idf/esp_system/CMakeFiles/__idf_esp_system.dir/port/arch/xtensa/expression_with_stack.c.obj
[224/1368] Building C object esp-idf/esp_system/CMakeFiles/__idf_esp_system.dir/port/arch/xtensa/debug_stubs.c.obj
[225/1368] Building C object esp-idf/esp_system/CMakeFiles/__idf_esp_system.dir/port/cpu_start.c.obj
[226/1368] Building C object esp-idf/esp_system/CMakeFiles/__idf_esp_system.dir/port/arch/xtensa/trax.c.obj
[227/1368] Building C object esp-idf/esp_system/CMakeFiles/__idf_esp_system.dir/port/soc/esp32s3/reset_reason.c.obj
[228/1368] Building C object esp-idf/esp_system/CMakeFiles/__idf_esp_system.dir/port/arch/xtensa/panic_arch.c.obj
[229/1368] Building C object esp-idf/esp_system/CMakeFiles/__idf_esp_system.dir/port/soc/esp32s3/cache_err_int.c.obj
[230/1368] Building C object esp-idf/esp_rom/CMakeFiles/__idf_esp_rom.dir/patches/esp_rom_crc.c.obj
[231/1368] Building C object esp-idf/esp_rom/CMakeFiles/__idf_esp_rom.dir/patches/esp_rom_sys.c.obj
[232/1368] Building C object esp-idf/esp_system/CMakeFiles/__idf_esp_system.dir/port/soc/esp32s3/system_internal.c.obj
[233/1368] Building C object esp-idf/esp_system/CMakeFiles/__idf_esp_system.dir/port/soc/esp32s3/apb_backup_dma.c.obj
[234/1368] Building C object esp-idf/esp_system/CMakeFiles/__idf_esp_system.dir/port/arch/xtensa/debug_helpers.c.obj
[235/1368] Building ASM object esp-idf/esp_rom/CMakeFiles/__idf_esp_rom.dir/patches/esp_rom_longjmp.S.obj
[236/1368] Building C object esp-idf/esp_system/CMakeFiles/__idf_esp_system.dir/port/soc/esp32s3/clk.c.obj
[237/1368] Building C object esp-idf/esp_rom/CMakeFiles/__idf_esp_rom.dir/patches/esp_rom_uart.c.obj
[238/1368] Building C object esp-idf/esp_rom/CMakeFiles/__idf_esp_rom.dir/patches/esp_rom_spiflash.c.obj
[239/1368] Building C object esp-idf/esp_rom/CMakeFiles/__idf_esp_rom.dir/patches/esp_rom_efuse.c.obj
[240/1368] Building C object esp-idf/esp_rom/CMakeFiles/__idf_esp_rom.dir/patches/esp_rom_systimer.c.obj
[241/1368] Building C object esp-idf/esp_rom/CMakeFiles/__idf_esp_rom.dir/patches/esp_rom_gpio.c.obj
[242/1368] Building ASM object esp-idf/esp_rom/CMakeFiles/__idf_esp_rom.dir/patches/esp_rom_cache_writeback_esp32s3.S.obj
[243/1368] Building C object esp-idf/esp_rom/CMakeFiles/__idf_esp_rom.dir/patches/esp_rom_wdt.c.obj
[244/1368] Building C object esp-idf/esp_rom/CMakeFiles/__idf_esp_rom.dir/patches/esp_rom_cache_esp32s2_esp32s3.c.obj
[245/1368] Building C object esp-idf/hal/CMakeFiles/__idf_hal.dir/mpu_hal.c.obj
[246/1368] Building C object esp-idf/hal/CMakeFiles/__idf_hal.dir/hal_utils.c.obj
[247/1368] Building C object esp-idf/hal/CMakeFiles/__idf_hal.dir/efuse_hal.c.obj
[248/1368] Building C object esp-idf/hal/CMakeFiles/__idf_hal.dir/color_hal.c.obj
[249/1368] Building C object esp-idf/esp_rom/CMakeFiles/__idf_esp_rom.dir/patches/esp_rom_print.c.obj
[250/1368] Building C object esp-idf/hal/CMakeFiles/__idf_hal.dir/esp32s3/efuse_hal.c.obj
[251/1368] Building C object esp-idf/hal/CMakeFiles/__idf_hal.dir/mmu_hal.c.obj
[252/1368] Building C object esp-idf/hal/CMakeFiles/__idf_hal.dir/cache_hal.c.obj
[253/1368] Building C object esp-idf/esp_common/CMakeFiles/__idf_esp_common.dir/src/esp_err_to_name.c.obj
[254/1368] Building C object esp-idf/hal/CMakeFiles/__idf_hal.dir/spi_flash_hal.c.obj
[255/1368] Building C object esp-idf/hal/CMakeFiles/__idf_hal.dir/spi_flash_encrypt_hal_iram.c.obj
[256/1368] Building C object esp-idf/hal/CMakeFiles/__idf_hal.dir/systimer_hal.c.obj
[257/1368] Building C object esp-idf/hal/CMakeFiles/__idf_hal.dir/esp32s3/clk_tree_hal.c.obj
[258/1368] Building C object esp-idf/hal/CMakeFiles/__idf_hal.dir/uart_hal.c.obj
[259/1368] Building C object esp-idf/hal/CMakeFiles/__idf_hal.dir/gpio_hal.c.obj
[260/1368] Building C object esp-idf/hal/CMakeFiles/__idf_hal.dir/uart_hal_iram.c.obj
[261/1368] Building C object esp-idf/hal/CMakeFiles/__idf_hal.dir/timer_hal.c.obj
[262/1368] Building C object esp-idf/hal/CMakeFiles/__idf_hal.dir/spi_flash_hal_iram.c.obj
[263/1368] Building C object esp-idf/hal/CMakeFiles/__idf_hal.dir/ledc_hal.c.obj
[264/1368] Building C object esp-idf/hal/CMakeFiles/__idf_hal.dir/rtc_io_hal.c.obj
[265/1368] Building C object esp-idf/hal/CMakeFiles/__idf_hal.dir/i2c_hal_iram.c.obj
[266/1368] Building C object esp-idf/hal/CMakeFiles/__idf_hal.dir/ledc_hal_iram.c.obj
[267/1368] Building C object esp-idf/hal/CMakeFiles/__idf_hal.dir/rmt_hal.c.obj
[268/1368] Building C object esp-idf/hal/CMakeFiles/__idf_hal.dir/pcnt_hal.c.obj
[269/1368] Building C object esp-idf/hal/CMakeFiles/__idf_hal.dir/gdma_hal_top.c.obj
[270/1368] Building C object esp-idf/hal/CMakeFiles/__idf_hal.dir/i2c_hal.c.obj
[271/1368] Building C object esp-idf/hal/CMakeFiles/__idf_hal.dir/mcpwm_hal.c.obj
[272/1368] Building C object esp-idf/hal/CMakeFiles/__idf_hal.dir/twai_hal_iram.c.obj
[273/1368] Building C object esp-idf/hal/CMakeFiles/__idf_hal.dir/twai_hal.c.obj
[274/1368] Building C object esp-idf/hal/CMakeFiles/__idf_hal.dir/sdm_hal.c.obj
[275/1368] Building C object esp-idf/hal/CMakeFiles/__idf_hal.dir/sdmmc_hal.c.obj
[276/1368] Building C object esp-idf/hal/CMakeFiles/__idf_hal.dir/brownout_hal.c.obj
[277/1368] Building C object esp-idf/hal/CMakeFiles/__idf_hal.dir/lcd_hal.c.obj
[278/1368] Building C object esp-idf/hal/CMakeFiles/__idf_hal.dir/aes_hal.c.obj
[279/1368] Building C object esp-idf/hal/CMakeFiles/__idf_hal.dir/sha_hal.c.obj
[280/1368] Building C object esp-idf/hal/CMakeFiles/__idf_hal.dir/gdma_hal_ahb_v1.c.obj
[281/1368] Building C object esp-idf/hal/CMakeFiles/__idf_hal.dir/adc_oneshot_hal.c.obj
[282/1368] Building C object esp-idf/hal/CMakeFiles/__idf_hal.dir/mpi_hal.c.obj
[283/1368] Building C object esp-idf/hal/CMakeFiles/__idf_hal.dir/adc_hal_common.c.obj
[284/1368] Building C object esp-idf/hal/CMakeFiles/__idf_hal.dir/i2s_hal.c.obj
[285/1368] Building C object esp-idf/hal/CMakeFiles/__idf_hal.dir/adc_hal.c.obj
[286/1368] Building C object esp-idf/hal/CMakeFiles/__idf_hal.dir/spi_slave_hal_iram.c.obj
[287/1368] Building C object esp-idf/hal/CMakeFiles/__idf_hal.dir/spi_slave_hal.c.obj
[288/1368] Building C object esp-idf/hal/CMakeFiles/__idf_hal.dir/hmac_hal.c.obj
[289/1368] Building C object esp-idf/hal/CMakeFiles/__idf_hal.dir/spi_hal.c.obj
[290/1368] Building C object esp-idf/hal/CMakeFiles/__idf_hal.dir/ds_hal.c.obj
[291/1368] Building C object esp-idf/hal/CMakeFiles/__idf_hal.dir/usb_serial_jtag_hal.c.obj
[292/1368] Building C object esp-idf/hal/CMakeFiles/__idf_hal.dir/spi_flash_hal_gpspi.c.obj
[293/1368] Building C object esp-idf/hal/CMakeFiles/__idf_hal.dir/spi_hal_iram.c.obj
[294/1368] Building C object esp-idf/hal/CMakeFiles/__idf_hal.dir/usb_wrap_hal.c.obj
[295/1368] Building C object esp-idf/hal/CMakeFiles/__idf_hal.dir/spi_slave_hd_hal.c.obj
[296/1368] Building C object esp-idf/hal/CMakeFiles/__idf_hal.dir/xt_wdt_hal.c.obj
[297/1368] Building C object esp-idf/hal/CMakeFiles/__idf_hal.dir/touch_sensor_hal.c.obj
[298/1368] Building C object esp-idf/hal/CMakeFiles/__idf_hal.dir/esp32s3/rtc_cntl_hal.c.obj
[299/1368] Building C object esp-idf/log/CMakeFiles/__idf_log.dir/src/os/log_timestamp.c.obj
[300/1368] Building C object esp-idf/hal/CMakeFiles/__idf_hal.dir/esp32s3/touch_sensor_hal.c.obj
[301/1368] Building C object esp-idf/log/CMakeFiles/__idf_log.dir/src/os/log_write.c.obj
[302/1368] Building C object esp-idf/log/CMakeFiles/__idf_log.dir/src/util.c.obj
[303/1368] Building C object esp-idf/log/CMakeFiles/__idf_log.dir/src/log_level/log_level.c.obj
[304/1368] Building C object esp-idf/log/CMakeFiles/__idf_log.dir/src/os/log_lock.c.obj
[305/1368] Building C object esp-idf/log/CMakeFiles/__idf_log.dir/src/buffer/log_buffers.c.obj
[306/1368] Building C object esp-idf/hal/CMakeFiles/__idf_hal.dir/usb_dwc_hal.c.obj
[307/1368] Building C object esp-idf/log/CMakeFiles/__idf_log.dir/src/log_level/tag_log_level/linked_list/log_linked_list.c.obj
[308/1368] Building C object esp-idf/log/CMakeFiles/__idf_log.dir/src/log_level/tag_log_level/tag_log_level.c.obj
[309/1368] Building C object esp-idf/log/CMakeFiles/__idf_log.dir/src/log_timestamp_common.c.obj
[310/1368] Building C object esp-idf/log/CMakeFiles/__idf_log.dir/src/log_level/tag_log_level/cache/log_binary_heap.c.obj
[311/1368] Building C object esp-idf/soc/CMakeFiles/__idf_soc.dir/lldesc.c.obj
[312/1368] Building C object esp-idf/heap/CMakeFiles/__idf_heap.dir/port/esp32s3/memory_layout.c.obj
[313/1368] Building C object esp-idf/soc/CMakeFiles/__idf_soc.dir/dport_access_common.c.obj
[314/1368] Building C object esp-idf/heap/CMakeFiles/__idf_heap.dir/port/memory_layout_utils.c.obj
[315/1368] Building C object esp-idf/soc/CMakeFiles/__idf_soc.dir/esp32s3/interrupts.c.obj
[316/1368] Building C object esp-idf/heap/CMakeFiles/__idf_heap.dir/heap_caps_base.c.obj
[317/1368] Building C object esp-idf/heap/CMakeFiles/__idf_heap.dir/heap_caps_init.c.obj
[318/1368] Building C object esp-idf/soc/CMakeFiles/__idf_soc.dir/esp32s3/gdma_periph.c.obj
[319/1368] Building C object esp-idf/soc/CMakeFiles/__idf_soc.dir/esp32s3/gpio_periph.c.obj
[320/1368] Building C object esp-idf/heap/CMakeFiles/__idf_heap.dir/multi_heap.c.obj
[321/1368] Building C object esp-idf/soc/CMakeFiles/__idf_soc.dir/esp32s3/uart_periph.c.obj
[322/1368] Building C object esp-idf/soc/CMakeFiles/__idf_soc.dir/esp32s3/adc_periph.c.obj
[323/1368] Building C object esp-idf/soc/CMakeFiles/__idf_soc.dir/esp32s3/dedic_gpio_periph.c.obj
[324/1368] Building C object esp-idf/soc/CMakeFiles/__idf_soc.dir/esp32s3/spi_periph.c.obj
[325/1368] Building C object esp-idf/soc/CMakeFiles/__idf_soc.dir/esp32s3/sdm_periph.c.obj
[326/1368] Building C object esp-idf/soc/CMakeFiles/__idf_soc.dir/esp32s3/ledc_periph.c.obj
[327/1368] Building C object esp-idf/soc/CMakeFiles/__idf_soc.dir/esp32s3/pcnt_periph.c.obj
[328/1368] Building C object esp-idf/soc/CMakeFiles/__idf_soc.dir/esp32s3/rmt_periph.c.obj
[329/1368] Building C object esp-idf/heap/CMakeFiles/__idf_heap.dir/heap_caps.c.obj
[330/1368] Building C object esp-idf/soc/CMakeFiles/__idf_soc.dir/esp32s3/i2s_periph.c.obj
[331/1368] Building C object esp-idf/soc/CMakeFiles/__idf_soc.dir/esp32s3/lcd_periph.c.obj
[332/1368] Building C object esp-idf/soc/CMakeFiles/__idf_soc.dir/esp32s3/i2c_periph.c.obj
[333/1368] Building C object esp-idf/soc/CMakeFiles/__idf_soc.dir/esp32s3/timer_periph.c.obj
[334/1368] Building C object esp-idf/soc/CMakeFiles/__idf_soc.dir/esp32s3/temperature_sensor_periph.c.obj
[335/1368] Building C object esp-idf/soc/CMakeFiles/__idf_soc.dir/esp32s3/mcpwm_periph.c.obj
[336/1368] Building C object esp-idf/soc/CMakeFiles/__idf_soc.dir/esp32s3/touch_sensor_periph.c.obj
[337/1368] Building C object esp-idf/soc/CMakeFiles/__idf_soc.dir/esp32s3/mpi_periph.c.obj
[338/1368] Building C object esp-idf/soc/CMakeFiles/__idf_soc.dir/esp32s3/twai_periph.c.obj
[339/1368] Building C object esp-idf/soc/CMakeFiles/__idf_soc.dir/esp32s3/usb_dwc_periph.c.obj
[340/1368] Building C object esp-idf/soc/CMakeFiles/__idf_soc.dir/esp32s3/wdt_periph.c.obj
[341/1368] Building C object esp-idf/soc/CMakeFiles/__idf_soc.dir/esp32s3/sdmmc_periph.c.obj
[342/1368] Building C object esp-idf/esp_security/CMakeFiles/__idf_esp_security.dir/src/esp_crypto_lock.c.obj
[343/1368] Building C object esp-idf/soc/CMakeFiles/__idf_soc.dir/esp32s3/rtc_io_periph.c.obj
[344/1368] Building C object esp-idf/esp_security/CMakeFiles/__idf_esp_security.dir/src/init.c.obj
[345/1368] Building C object esp-idf/esp_hw_support/CMakeFiles/__idf_esp_hw_support.dir/port/esp32s3/esp_cpu_intr.c.obj
[346/1368] Building C object esp-idf/esp_hw_support/CMakeFiles/__idf_esp_hw_support.dir/esp_memory_utils.c.obj
[347/1368] Building C object esp-idf/esp_hw_support/CMakeFiles/__idf_esp_hw_support.dir/cpu.c.obj
[348/1368] Building C object esp-idf/esp_hw_support/CMakeFiles/__idf_esp_hw_support.dir/port/esp32s3/cpu_region_protect.c.obj
[349/1368] Building C object esp-idf/esp_hw_support/CMakeFiles/__idf_esp_hw_support.dir/hw_random.c.obj
[350/1368] Building C object esp-idf/esp_security/CMakeFiles/__idf_esp_security.dir/src/esp_hmac.c.obj
[351/1368] Building C object esp-idf/esp_hw_support/CMakeFiles/__idf_esp_hw_support.dir/clk_ctrl_os.c.obj
[352/1368] Building C object esp-idf/esp_hw_support/CMakeFiles/__idf_esp_hw_support.dir/esp_clk.c.obj
[353/1368] Building C object esp-idf/esp_security/CMakeFiles/__idf_esp_security.dir/src/esp_ds.c.obj
[354/1368] Building C object esp-idf/esp_hw_support/CMakeFiles/__idf_esp_hw_support.dir/revision.c.obj
[355/1368] Building C object esp-idf/esp_hw_support/CMakeFiles/__idf_esp_hw_support.dir/mac_addr.c.obj
[356/1368] Building C object esp-idf/esp_hw_support/CMakeFiles/__idf_esp_hw_support.dir/sleep_modem.c.obj
[357/1368] Building C object esp-idf/esp_hw_support/CMakeFiles/__idf_esp_hw_support.dir/periph_ctrl.c.obj
[358/1368] Building C object esp-idf/esp_hw_support/CMakeFiles/__idf_esp_hw_support.dir/rtc_module.c.obj
[359/1368] Building C object esp-idf/esp_hw_support/CMakeFiles/__idf_esp_hw_support.dir/sleep_console.c.obj
[360/1368] Building C object esp-idf/esp_hw_support/CMakeFiles/__idf_esp_hw_support.dir/sleep_event.c.obj
[361/1368] Building C object esp-idf/esp_hw_support/CMakeFiles/__idf_esp_hw_support.dir/esp_gpio_reserve.c.obj
[362/1368] Building C object esp-idf/heap/CMakeFiles/__idf_heap.dir/tlsf/tlsf.c.obj
[363/1368] Building C object esp-idf/esp_hw_support/CMakeFiles/__idf_esp_hw_support.dir/regi2c_ctrl.c.obj
[364/1368] Building C object esp-idf/esp_hw_support/CMakeFiles/__idf_esp_hw_support.dir/intr_alloc.c.obj
[365/1368] Building C object esp-idf/esp_hw_support/CMakeFiles/__idf_esp_hw_support.dir/port/esp32s3/io_mux.c.obj
[366/1368] Building C object esp-idf/esp_hw_support/CMakeFiles/__idf_esp_hw_support.dir/port/esp32s3/esp_clk_tree.c.obj
[367/1368] Building C object esp-idf/esp_hw_support/CMakeFiles/__idf_esp_hw_support.dir/sleep_gpio.c.obj
[368/1368] Building C object esp-idf/esp_hw_support/CMakeFiles/__idf_esp_hw_support.dir/port/esp_clk_tree_common.c.obj
[369/1368] Building C object esp-idf/esp_hw_support/CMakeFiles/__idf_esp_hw_support.dir/sar_periph_ctrl_common.c.obj
[370/1368] Building C object esp-idf/esp_hw_support/CMakeFiles/__idf_esp_hw_support.dir/dma/esp_async_memcpy.c.obj
[371/1368] Building C object esp-idf/esp_hw_support/CMakeFiles/__idf_esp_hw_support.dir/port/esp32s3/systimer.c.obj
[372/1368] Building C object esp-idf/esp_hw_support/CMakeFiles/__idf_esp_hw_support.dir/spi_share_hw_ctrl.c.obj
[373/1368] Building C object esp-idf/esp_hw_support/CMakeFiles/__idf_esp_hw_support.dir/dma/esp_dma_utils.c.obj
[374/1368] Building C object esp-idf/esp_hw_support/CMakeFiles/__idf_esp_hw_support.dir/adc_share_hw_ctrl.c.obj
[375/1368] Building C object esp-idf/esp_hw_support/CMakeFiles/__idf_esp_hw_support.dir/dma/gdma_link.c.obj
[376/1368] Building C object esp-idf/esp_hw_support/CMakeFiles/__idf_esp_hw_support.dir/deprecated/gdma_legacy.c.obj
[377/1368] Building C object esp-idf/esp_hw_support/CMakeFiles/__idf_esp_hw_support.dir/spi_bus_lock.c.obj
[378/1368] Building C object esp-idf/esp_hw_support/CMakeFiles/__idf_esp_hw_support.dir/mspi_timing_tuning.c.obj
[379/1368] Building C object esp-idf/esp_hw_support/CMakeFiles/__idf_esp_hw_support.dir/sleep_modes.c.obj
[380/1368] Building C object esp-idf/esp_hw_support/CMakeFiles/__idf_esp_hw_support.dir/sleep_wake_stub.c.obj
[381/1368] Building C object esp-idf/esp_hw_support/CMakeFiles/__idf_esp_hw_support.dir/dma/async_memcpy_gdma.c.obj
[382/1368] Building C object esp-idf/esp_hw_support/CMakeFiles/__idf_esp_hw_support.dir/port/esp32s3/rtc_clk_init.c.obj
[383/1368] Building C object esp-idf/esp_hw_support/CMakeFiles/__idf_esp_hw_support.dir/esp_clock_output.c.obj
[384/1368] Building C object esp-idf/esp_hw_support/CMakeFiles/__idf_esp_hw_support.dir/mspi_timing_by_mspi_delay.c.obj
[385/1368] Building C object esp-idf/esp_hw_support/CMakeFiles/__idf_esp_hw_support.dir/port/esp32s3/rtc_sleep.c.obj
[386/1368] Building C object esp-idf/esp_hw_support/CMakeFiles/__idf_esp_hw_support.dir/port/esp32s3/chip_info.c.obj
[387/1368] Building C object esp-idf/esp_hw_support/CMakeFiles/__idf_esp_hw_support.dir/port/esp32s3/rtc_init.c.obj
[388/1368] Building C object esp-idf/esp_hw_support/CMakeFiles/__idf_esp_hw_support.dir/port/esp32s3/rtc_clk.c.obj
[389/1368] Building C object esp-idf/esp_hw_support/CMakeFiles/__idf_esp_hw_support.dir/port/esp32s3/rtc_time.c.obj
[390/1368] Building C object esp-idf/esp_hw_support/CMakeFiles/__idf_esp_hw_support.dir/port/esp_memprot_conv.c.obj
[391/1368] Building C object esp-idf/esp_hw_support/CMakeFiles/__idf_esp_hw_support.dir/port/esp32s3/mspi_timing_config.c.obj
[392/1368] Building C object esp-idf/esp_hw_support/CMakeFiles/__idf_esp_hw_support.dir/dma/gdma.c.obj
[393/1368] Building C object esp-idf/esp_hw_support/CMakeFiles/__idf_esp_hw_support.dir/port/esp32s3/sar_periph_ctrl.c.obj
[394/1368] Building C object esp-idf/freertos/CMakeFiles/__idf_freertos.dir/heap_idf.c.obj
[395/1368] Building C object esp-idf/freertos/CMakeFiles/__idf_freertos.dir/app_startup.c.obj
[396/1368] Building C object esp-idf/freertos/CMakeFiles/__idf_freertos.dir/port_common.c.obj
[397/1368] Building C object esp-idf/esp_hw_support/CMakeFiles/__idf_esp_hw_support.dir/lowpower/port/esp32s3/sleep_cpu.c.obj
[398/1368] Building C object esp-idf/freertos/CMakeFiles/__idf_freertos.dir/port_systick.c.obj
[399/1368] Building C object esp-idf/freertos/CMakeFiles/__idf_freertos.dir/FreeRTOS-Kernel/list.c.obj
[400/1368] Building ASM object esp-idf/freertos/CMakeFiles/__idf_freertos.dir/FreeRTOS-Kernel/portable/xtensa/portasm.S.obj
[401/1368] Building C object esp-idf/freertos/CMakeFiles/__idf_freertos.dir/FreeRTOS-Kernel/portable/xtensa/xtensa_init.c.obj
[402/1368] Building C object esp-idf/freertos/CMakeFiles/__idf_freertos.dir/FreeRTOS-Kernel/event_groups.c.obj
[403/1368] Building C object esp-idf/freertos/CMakeFiles/__idf_freertos.dir/FreeRTOS-Kernel/portable/xtensa/xtensa_overlay_os_hook.c.obj
[404/1368] Building C object esp-idf/freertos/CMakeFiles/__idf_freertos.dir/FreeRTOS-Kernel/timers.c.obj
[405/1368] Building C object esp-idf/freertos/CMakeFiles/__idf_freertos.dir/esp_additions/freertos_compatibility.c.obj
[406/1368] Building C object esp-idf/freertos/CMakeFiles/__idf_freertos.dir/FreeRTOS-Kernel/portable/xtensa/port.c.obj
[407/1368] Building C object esp-idf/freertos/CMakeFiles/__idf_freertos.dir/esp_additions/idf_additions_event_groups.c.obj
[408/1368] Building C object esp-idf/freertos/CMakeFiles/__idf_freertos.dir/FreeRTOS-Kernel/queue.c.obj
[409/1368] Building C object esp-idf/freertos/CMakeFiles/__idf_freertos.dir/FreeRTOS-Kernel/stream_buffer.c.obj
[410/1368] Building C object esp-idf/newlib/CMakeFiles/__idf_newlib.dir/heap.c.obj
[411/1368] Building C object esp-idf/newlib/CMakeFiles/__idf_newlib.dir/flockfile.c.obj
[412/1368] Building C object esp-idf/newlib/CMakeFiles/__idf_newlib.dir/abort.c.obj
[413/1368] Building C object esp-idf/newlib/CMakeFiles/__idf_newlib.dir/assert.c.obj
[414/1368] Building C object esp-idf/freertos/CMakeFiles/__idf_freertos.dir/esp_additions/idf_additions.c.obj
[415/1368] Building C object esp-idf/esp_hw_support/CMakeFiles/__idf_esp_hw_support.dir/port/esp32s3/esp_memprot.c.obj
[416/1368] Building C object esp-idf/newlib/CMakeFiles/__idf_newlib.dir/poll.c.obj
[417/1368] Building C object esp-idf/newlib/CMakeFiles/__idf_newlib.dir/getentropy.c.obj
[418/1368] Building C object esp-idf/newlib/CMakeFiles/__idf_newlib.dir/pthread.c.obj
[419/1368] Building C object esp-idf/newlib/CMakeFiles/__idf_newlib.dir/random.c.obj
[420/1368] Building C object esp-idf/newlib/CMakeFiles/__idf_newlib.dir/termios.c.obj
[421/1368] Building C object esp-idf/newlib/CMakeFiles/__idf_newlib.dir/locks.c.obj
[422/1368] Building C object esp-idf/newlib/CMakeFiles/__idf_newlib.dir/reent_init.c.obj
[423/1368] Building C object esp-idf/newlib/CMakeFiles/__idf_newlib.dir/newlib_init.c.obj
[424/1368] Building C object esp-idf/newlib/CMakeFiles/__idf_newlib.dir/syscalls.c.obj
[425/1368] Building C object esp-idf/newlib/CMakeFiles/__idf_newlib.dir/sysconf.c.obj
[426/1368] Building C object esp-idf/newlib/CMakeFiles/__idf_newlib.dir/scandir.c.obj
[427/1368] Building C object esp-idf/newlib/CMakeFiles/__idf_newlib.dir/port/esp_time_impl.c.obj
[428/1368] Building C object esp-idf/newlib/CMakeFiles/__idf_newlib.dir/realpath.c.obj
[429/1368] Building C object esp-idf/newlib/CMakeFiles/__idf_newlib.dir/time.c.obj
[430/1368] Building C object esp-idf/freertos/CMakeFiles/__idf_freertos.dir/FreeRTOS-Kernel/tasks.c.obj
[431/1368] Building C object esp-idf/newlib/CMakeFiles/__idf_newlib.dir/port/xtensa/stdatomic_s32c1i.c.obj
[432/1368] Building C object esp-idf/pthread/CMakeFiles/__idf_pthread.dir/pthread_cond_var.c.obj
[433/1368] Building C object esp-idf/pthread/CMakeFiles/__idf_pthread.dir/pthread_local_storage.c.obj
[434/1368] Building C object esp-idf/esp_timer/CMakeFiles/__idf_esp_timer.dir/src/esp_timer_init.c.obj
[435/1368] Building C object esp-idf/pthread/CMakeFiles/__idf_pthread.dir/pthread_semaphore.c.obj
[436/1368] Building C object esp-idf/pthread/CMakeFiles/__idf_pthread.dir/pthread_rwlock.c.obj
[437/1368] Building C object esp-idf/esp_timer/CMakeFiles/__idf_esp_timer.dir/src/system_time.c.obj
[438/1368] Building C object esp-idf/pthread/CMakeFiles/__idf_pthread.dir/pthread.c.obj
[439/1368] Building C object esp-idf/esp_timer/CMakeFiles/__idf_esp_timer.dir/src/ets_timer_legacy.c.obj
[440/1368] Building CXX object esp-idf/cxx/CMakeFiles/__idf_cxx.dir/cxx_init.cpp.obj
[441/1368] Building C object esp-idf/esp_timer/CMakeFiles/__idf_esp_timer.dir/src/esp_timer_impl_common.c.obj
[442/1368] Building CXX object esp-idf/cxx/CMakeFiles/__idf_cxx.dir/cxx_exception_stubs.cpp.obj
[443/1368] Building C object esp-idf/newlib/CMakeFiles/__idf_newlib.dir/stdatomic.c.obj
[444/1368] Building C object esp-idf/esp_timer/CMakeFiles/__idf_esp_timer.dir/src/esp_timer.c.obj
[445/1368] Building C object esp-idf/esp_timer/CMakeFiles/__idf_esp_timer.dir/src/esp_timer_impl_systimer.c.obj
[446/1368] Building C object esp-idf/esp_event/CMakeFiles/__idf_esp_event.dir/default_event_loop.c.obj
[447/1368] Building C object esp-idf/esp_driver_gptimer/CMakeFiles/__idf_esp_driver_gptimer.dir/src/gptimer_common.c.obj
[448/1368] Building C object esp-idf/esp_event/CMakeFiles/__idf_esp_event.dir/esp_event_private.c.obj
[449/1368] Building C object esp-idf/esp_driver_gptimer/CMakeFiles/__idf_esp_driver_gptimer.dir/src/gptimer.c.obj
[450/1368] Building CXX object esp-idf/cxx/CMakeFiles/__idf_cxx.dir/cxx_guards.cpp.obj
[451/1368] Building C object esp-idf/esp_event/CMakeFiles/__idf_esp_event.dir/esp_event.c.obj
[452/1368] Building C object esp-idf/esp_ringbuf/CMakeFiles/__idf_esp_ringbuf.dir/ringbuf.c.obj
[453/1368] Building CXX object esp-idf/nvs_flash/CMakeFiles/__idf_nvs_flash.dir/src/nvs_partition_lookup.cpp.obj
[454/1368] Building CXX object esp-idf/nvs_flash/CMakeFiles/__idf_nvs_flash.dir/src/nvs_partition.cpp.obj
[455/1368] Building C object esp-idf/esp_driver_uart/CMakeFiles/__idf_esp_driver_uart.dir/src/uart.c.obj
[456/1368] Building CXX object esp-idf/nvs_flash/CMakeFiles/__idf_nvs_flash.dir/src/nvs_platform.cpp.obj
[457/1368] Building C object esp-idf/nvs_flash/CMakeFiles/__idf_nvs_flash.dir/src/nvs_bootloader.c.obj
[458/1368] Building CXX object esp-idf/nvs_flash/CMakeFiles/__idf_nvs_flash.dir/src/nvs_cxx_api.cpp.obj
[459/1368] Building CXX object esp-idf/nvs_flash/CMakeFiles/__idf_nvs_flash.dir/src/nvs_handle_simple.cpp.obj
[460/1368] Building CXX object esp-idf/nvs_flash/CMakeFiles/__idf_nvs_flash.dir/src/nvs_item_hash_list.cpp.obj
[461/1368] Building CXX object esp-idf/nvs_flash/CMakeFiles/__idf_nvs_flash.dir/src/nvs_pagemanager.cpp.obj
[462/1368] Building CXX object esp-idf/nvs_flash/CMakeFiles/__idf_nvs_flash.dir/src/nvs_handle_locked.cpp.obj
[463/1368] Building C object esp-idf/esp_driver_spi/CMakeFiles/__idf_esp_driver_spi.dir/src/gpspi/spi_dma.c.obj
[464/1368] Building CXX object esp-idf/nvs_flash/CMakeFiles/__idf_nvs_flash.dir/src/nvs_types.cpp.obj
[465/1368] Building CXX object esp-idf/nvs_flash/CMakeFiles/__idf_nvs_flash.dir/src/nvs_api.cpp.obj
[466/1368] Building CXX object esp-idf/nvs_flash/CMakeFiles/__idf_nvs_flash.dir/src/nvs_storage.cpp.obj
[467/1368] Building C object esp-idf/esp_driver_spi/CMakeFiles/__idf_esp_driver_spi.dir/src/gpspi/spi_slave.c.obj
[468/1368] Building C object esp-idf/esp_driver_spi/CMakeFiles/__idf_esp_driver_spi.dir/src/gpspi/spi_common.c.obj
[469/1368] Building C object esp-idf/esp_driver_pcnt/CMakeFiles/__idf_esp_driver_pcnt.dir/src/pulse_cnt.c.obj
[470/1368] Building CXX object esp-idf/nvs_flash/CMakeFiles/__idf_nvs_flash.dir/src/nvs_page.cpp.obj
[471/1368] Building CXX object esp-idf/nvs_flash/CMakeFiles/__idf_nvs_flash.dir/src/nvs_partition_manager.cpp.obj
[472/1368] Building C object esp-idf/esp_driver_spi/CMakeFiles/__idf_esp_driver_spi.dir/src/gpspi/spi_master.c.obj
[473/1368] Building C object esp-idf/esp_driver_mcpwm/CMakeFiles/__idf_esp_driver_mcpwm.dir/src/mcpwm_cmpr.c.obj
[474/1368] Building C object esp-idf/esp_driver_mcpwm/CMakeFiles/__idf_esp_driver_mcpwm.dir/src/mcpwm_com.c.obj
[475/1368] Building C object esp-idf/esp_driver_spi/CMakeFiles/__idf_esp_driver_spi.dir/src/gpspi/spi_slave_hd.c.obj
[476/1368] Building C object esp-idf/esp_driver_mcpwm/CMakeFiles/__idf_esp_driver_mcpwm.dir/src/mcpwm_fault.c.obj
[477/1368] Building C object esp-idf/esp_driver_mcpwm/CMakeFiles/__idf_esp_driver_mcpwm.dir/src/mcpwm_cap.c.obj
[478/1368] Building C object esp-idf/esp_driver_mcpwm/CMakeFiles/__idf_esp_driver_mcpwm.dir/src/mcpwm_sync.c.obj
[479/1368] Building C object esp-idf/esp_driver_mcpwm/CMakeFiles/__idf_esp_driver_mcpwm.dir/src/mcpwm_timer.c.obj
[480/1368] Building C object esp-idf/esp_driver_mcpwm/CMakeFiles/__idf_esp_driver_mcpwm.dir/src/mcpwm_oper.c.obj
[481/1368] Building C object esp-idf/esp_driver_mcpwm/CMakeFiles/__idf_esp_driver_mcpwm.dir/src/mcpwm_gen.c.obj
[482/1368] Building CXX object esp-idf/nvs_flash/CMakeFiles/__idf_nvs_flash.dir/src/nvs_encrypted_partition.cpp.obj
[483/1368] Building C object esp-idf/esp_driver_i2s/CMakeFiles/__idf_esp_driver_i2s.dir/i2s_std.c.obj
[484/1368] Building C object esp-idf/esp_driver_i2s/CMakeFiles/__idf_esp_driver_i2s.dir/i2s_platform.c.obj
[485/1368] Building C object esp-idf/sdmmc/CMakeFiles/__idf_sdmmc.dir/sdmmc_init.c.obj
[486/1368] Building C object esp-idf/esp_driver_i2s/CMakeFiles/__idf_esp_driver_i2s.dir/i2s_tdm.c.obj
[487/1368] Building C object esp-idf/esp_driver_i2s/CMakeFiles/__idf_esp_driver_i2s.dir/i2s_pdm.c.obj
[488/1368] Building C object esp-idf/sdmmc/CMakeFiles/__idf_sdmmc.dir/sdmmc_common.c.obj
[489/1368] Building C object esp-idf/sdmmc/CMakeFiles/__idf_sdmmc.dir/sd_pwr_ctrl/sd_pwr_ctrl.c.obj
[490/1368] Building C object esp-idf/sdmmc/CMakeFiles/__idf_sdmmc.dir/sdmmc_cmd.c.obj
[491/1368] Building C object esp-idf/esp_driver_sdspi/CMakeFiles/__idf_esp_driver_sdspi.dir/src/sdspi_crc.c.obj
[492/1368] Building C object esp-idf/esp_driver_i2s/CMakeFiles/__idf_esp_driver_i2s.dir/i2s_common.c.obj
[493/1368] Building C object esp-idf/sdmmc/CMakeFiles/__idf_sdmmc.dir/sdmmc_io.c.obj
[494/1368] Building C object esp-idf/sdmmc/CMakeFiles/__idf_sdmmc.dir/sdmmc_mmc.c.obj
[495/1368] Building C object esp-idf/esp_driver_sdspi/CMakeFiles/__idf_esp_driver_sdspi.dir/src/sdspi_transaction.c.obj
[496/1368] Building C object esp-idf/sdmmc/CMakeFiles/__idf_sdmmc.dir/sdmmc_sd.c.obj
[497/1368] Building C object esp-idf/esp_driver_rmt/CMakeFiles/__idf_esp_driver_rmt.dir/src/rmt_common.c.obj
[498/1368] Building C object esp-idf/esp_driver_sdmmc/CMakeFiles/__idf_esp_driver_sdmmc.dir/src/sdmmc_transaction.c.obj
[499/1368] Building C object esp-idf/esp_driver_tsens/CMakeFiles/__idf_esp_driver_tsens.dir/src/temperature_sensor.c.obj
[500/1368] Building C object esp-idf/esp_driver_rmt/CMakeFiles/__idf_esp_driver_rmt.dir/src/rmt_encoder.c.obj
[501/1368] Building C object esp-idf/esp_driver_sdm/CMakeFiles/__idf_esp_driver_sdm.dir/src/sdm.c.obj
[502/1368] Building C object esp-idf/esp_driver_sdspi/CMakeFiles/__idf_esp_driver_sdspi.dir/src/sdspi_host.c.obj
[503/1368] Building C object esp-idf/esp_driver_usb_serial_jtag/CMakeFiles/__idf_esp_driver_usb_serial_jtag.dir/src/usb_serial_jtag_connection_monitor.c.obj
[504/1368] Building C object esp-idf/esp_driver_usb_serial_jtag/CMakeFiles/__idf_esp_driver_usb_serial_jtag.dir/src/usb_serial_jtag.c.obj
[505/1368] Building C object esp-idf/esp_driver_i2c/CMakeFiles/__idf_esp_driver_i2c.dir/i2c_common.c.obj
[506/1368] Building C object esp-idf/esp_driver_rmt/CMakeFiles/__idf_esp_driver_rmt.dir/src/rmt_rx.c.obj
[507/1368] Building C object esp-idf/esp_driver_sdmmc/CMakeFiles/__idf_esp_driver_sdmmc.dir/src/sdmmc_host.c.obj
[508/1368] Building C object esp-idf/driver/CMakeFiles/__idf_driver.dir/deprecated/adc_legacy.c.obj
[509/1368] Building C object esp-idf/esp_driver_i2c/CMakeFiles/__idf_esp_driver_i2c.dir/i2c_slave.c.obj
[510/1368] Building C object esp-idf/driver/CMakeFiles/__idf_driver.dir/deprecated/adc_dma_legacy.c.obj
[511/1368] Building C object esp-idf/esp_driver_rmt/CMakeFiles/__idf_esp_driver_rmt.dir/src/rmt_tx.c.obj
[512/1368] Building C object esp-idf/driver/CMakeFiles/__idf_driver.dir/deprecated/sigma_delta_legacy.c.obj
[513/1368] Building C object esp-idf/driver/CMakeFiles/__idf_driver.dir/deprecated/timer_legacy.c.obj
[514/1368] Building C object esp-idf/esp_driver_i2c/CMakeFiles/__idf_esp_driver_i2c.dir/i2c_master.c.obj
[515/1368] Building C object esp-idf/driver/CMakeFiles/__idf_driver.dir/deprecated/rtc_temperature_legacy.c.obj
[516/1368] Building C object esp-idf/driver/CMakeFiles/__idf_driver.dir/deprecated/pcnt_legacy.c.obj
[517/1368] Building C object esp-idf/esp_phy/CMakeFiles/__idf_esp_phy.dir/src/lib_printf.c.obj
[518/1368] Building C object esp-idf/esp_driver_ledc/CMakeFiles/__idf_esp_driver_ledc.dir/src/ledc.c.obj
[519/1368] Building C object esp-idf/driver/CMakeFiles/__idf_driver.dir/touch_sensor/touch_sensor_common.c.obj
[520/1368] Building C object esp-idf/esp_phy/CMakeFiles/__idf_esp_phy.dir/src/phy_override.c.obj
[521/1368] Building C object esp-idf/driver/CMakeFiles/__idf_driver.dir/deprecated/i2s_legacy.c.obj
[522/1368] Building C object esp-idf/driver/CMakeFiles/__idf_driver.dir/i2c/i2c.c.obj
[523/1368] Building C object esp-idf/esp_phy/CMakeFiles/__idf_esp_phy.dir/esp32s3/phy_init_data.c.obj
[524/1368] Building C object esp-idf/esp_phy/CMakeFiles/__idf_esp_phy.dir/src/phy_common.c.obj
[525/1368] Building C object esp-idf/esp_phy/CMakeFiles/__idf_esp_phy.dir/src/btbb_init.c.obj
[526/1368] Building C object esp-idf/esp_vfs_console/CMakeFiles/__idf_esp_vfs_console.dir/vfs_console.c.obj
[527/1368] Building C object esp-idf/driver/CMakeFiles/__idf_driver.dir/touch_sensor/esp32s3/touch_sensor.c.obj
[528/1368] Building C object esp-idf/driver/CMakeFiles/__idf_driver.dir/twai/twai.c.obj
[529/1368] Building C object esp-idf/vfs/CMakeFiles/__idf_vfs.dir/vfs_eventfd.c.obj
[530/1368] Building C object esp-idf/esp_phy/CMakeFiles/__idf_esp_phy.dir/src/phy_init.c.obj
[531/1368] Building C object esp-idf/driver/CMakeFiles/__idf_driver.dir/deprecated/mcpwm_legacy.c.obj
[532/1368] Building C object esp-idf/lwip/CMakeFiles/__idf_lwip.dir/apps/sntp/sntp.c.obj
[533/1368] Building C object esp-idf/vfs/CMakeFiles/__idf_vfs.dir/nullfs.c.obj
[534/1368] Building C object esp-idf/lwip/CMakeFiles/__idf_lwip.dir/lwip/src/api/if_api.c.obj
[535/1368] Building C object esp-idf/lwip/CMakeFiles/__idf_lwip.dir/lwip/src/api/netbuf.c.obj
[536/1368] Building C object esp-idf/vfs/CMakeFiles/__idf_vfs.dir/vfs_semihost.c.obj
[537/1368] Building C object esp-idf/lwip/CMakeFiles/__idf_lwip.dir/lwip/src/api/err.c.obj
[538/1368] Building C object esp-idf/driver/CMakeFiles/__idf_driver.dir/deprecated/rmt_legacy.c.obj
[539/1368] Building C object esp-idf/vfs/CMakeFiles/__idf_vfs.dir/vfs.c.obj
[540/1368] Building C object esp-idf/lwip/CMakeFiles/__idf_lwip.dir/lwip/src/api/api_lib.c.obj
[541/1368] Building C object esp-idf/lwip/CMakeFiles/__idf_lwip.dir/lwip/src/api/netifapi.c.obj
[542/1368] Building C object esp-idf/lwip/CMakeFiles/__idf_lwip.dir/lwip/src/api/netdb.c.obj
[543/1368] Building C object esp-idf/lwip/CMakeFiles/__idf_lwip.dir/lwip/src/api/tcpip.c.obj
[544/1368] Building C object esp-idf/lwip/CMakeFiles/__idf_lwip.dir/lwip/src/apps/netbiosns/netbiosns.c.obj
[545/1368] Building C object esp-idf/lwip/CMakeFiles/__idf_lwip.dir/lwip/src/core/def.c.obj
[546/1368] Building C object esp-idf/lwip/CMakeFiles/__idf_lwip.dir/lwip/src/api/api_msg.c.obj
[547/1368] Building C object esp-idf/lwip/CMakeFiles/__idf_lwip.dir/lwip/src/apps/sntp/sntp.c.obj
[548/1368] Building C object esp-idf/lwip/CMakeFiles/__idf_lwip.dir/lwip/src/core/init.c.obj
[549/1368] Building C object esp-idf/lwip/CMakeFiles/__idf_lwip.dir/lwip/src/core/mem.c.obj
[550/1368] Building C object esp-idf/lwip/CMakeFiles/__idf_lwip.dir/lwip/src/core/inet_chksum.c.obj
[551/1368] Building C object esp-idf/lwip/CMakeFiles/__idf_lwip.dir/lwip/src/core/ip.c.obj
[552/1368] Building C object esp-idf/lwip/CMakeFiles/__idf_lwip.dir/lwip/src/core/stats.c.obj
[553/1368] Building C object esp-idf/lwip/CMakeFiles/__idf_lwip.dir/lwip/src/core/memp.c.obj
[554/1368] Building C object esp-idf/lwip/CMakeFiles/__idf_lwip.dir/lwip/src/core/dns.c.obj
[555/1368] Building C object esp-idf/lwip/CMakeFiles/__idf_lwip.dir/lwip/src/core/raw.c.obj
[556/1368] Building C object esp-idf/lwip/CMakeFiles/__idf_lwip.dir/lwip/src/core/sys.c.obj
[557/1368] Building C object esp-idf/lwip/CMakeFiles/__idf_lwip.dir/lwip/src/core/netif.c.obj
[558/1368] Building C object esp-idf/lwip/CMakeFiles/__idf_lwip.dir/lwip/src/core/pbuf.c.obj
[559/1368] Building C object esp-idf/lwip/CMakeFiles/__idf_lwip.dir/lwip/src/core/timeouts.c.obj
[560/1368] Building C object esp-idf/lwip/CMakeFiles/__idf_lwip.dir/lwip/src/core/ipv4/autoip.c.obj
[561/1368] Building C object esp-idf/lwip/CMakeFiles/__idf_lwip.dir/lwip/src/api/sockets.c.obj
[562/1368] Building C object esp-idf/lwip/CMakeFiles/__idf_lwip.dir/lwip/src/core/ipv4/icmp.c.obj
[563/1368] Building C object esp-idf/lwip/CMakeFiles/__idf_lwip.dir/lwip/src/core/ipv4/igmp.c.obj
[564/1368] Building C object esp-idf/lwip/CMakeFiles/__idf_lwip.dir/lwip/src/core/ipv4/ip4.c.obj
[565/1368] Building C object esp-idf/lwip/CMakeFiles/__idf_lwip.dir/lwip/src/core/udp.c.obj
[566/1368] Building C object esp-idf/lwip/CMakeFiles/__idf_lwip.dir/lwip/src/core/ipv4/ip4_napt.c.obj
[567/1368] Building C object esp-idf/lwip/CMakeFiles/__idf_lwip.dir/lwip/src/core/tcp_out.c.obj
[568/1368] Building C object esp-idf/lwip/CMakeFiles/__idf_lwip.dir/lwip/src/core/ipv4/etharp.c.obj
[569/1368] Building C object esp-idf/lwip/CMakeFiles/__idf_lwip.dir/lwip/src/core/ipv4/ip4_addr.c.obj
[570/1368] Building C object esp-idf/lwip/CMakeFiles/__idf_lwip.dir/lwip/src/core/ipv4/ip4_frag.c.obj
[571/1368] Building C object esp-idf/lwip/CMakeFiles/__idf_lwip.dir/lwip/src/core/tcp.c.obj
[572/1368] Building C object esp-idf/lwip/CMakeFiles/__idf_lwip.dir/lwip/src/core/tcp_in.c.obj
[573/1368] Building C object esp-idf/lwip/CMakeFiles/__idf_lwip.dir/lwip/src/core/ipv6/dhcp6.c.obj
[574/1368] Building C object esp-idf/lwip/CMakeFiles/__idf_lwip.dir/lwip/src/core/ipv6/ethip6.c.obj
[575/1368] Building C object esp-idf/lwip/CMakeFiles/__idf_lwip.dir/lwip/src/core/ipv6/inet6.c.obj
[576/1368] Building C object esp-idf/lwip/CMakeFiles/__idf_lwip.dir/lwip/src/core/ipv4/dhcp.c.obj
[577/1368] Building C object esp-idf/lwip/CMakeFiles/__idf_lwip.dir/lwip/src/core/ipv6/icmp6.c.obj
[578/1368] Building C object esp-idf/lwip/CMakeFiles/__idf_lwip.dir/lwip/src/core/ipv6/ip6_frag.c.obj
[579/1368] Building C object esp-idf/lwip/CMakeFiles/__idf_lwip.dir/lwip/src/netif/ethernet.c.obj
[580/1368] Building C object esp-idf/lwip/CMakeFiles/__idf_lwip.dir/lwip/src/netif/bridgeif.c.obj
[581/1368] Building C object esp-idf/lwip/CMakeFiles/__idf_lwip.dir/lwip/src/core/ipv6/ip6_addr.c.obj
[582/1368] Building C object esp-idf/lwip/CMakeFiles/__idf_lwip.dir/lwip/src/netif/ppp/ccp.c.obj
[583/1368] Building C object esp-idf/lwip/CMakeFiles/__idf_lwip.dir/lwip/src/netif/ppp/auth.c.obj
[584/1368] Building C object esp-idf/lwip/CMakeFiles/__idf_lwip.dir/lwip/src/core/ipv6/mld6.c.obj
[585/1368] Building C object esp-idf/lwip/CMakeFiles/__idf_lwip.dir/lwip/src/netif/bridgeif_fdb.c.obj
[586/1368] Building C object esp-idf/lwip/CMakeFiles/__idf_lwip.dir/lwip/src/netif/slipif.c.obj
[587/1368] Building C object esp-idf/lwip/CMakeFiles/__idf_lwip.dir/lwip/src/netif/ppp/chap-md5.c.obj
[588/1368] Building C object esp-idf/lwip/CMakeFiles/__idf_lwip.dir/lwip/src/netif/ppp/chap-new.c.obj
[589/1368] Building C object esp-idf/lwip/CMakeFiles/__idf_lwip.dir/lwip/src/netif/ppp/chap_ms.c.obj
[590/1368] Building C object esp-idf/lwip/CMakeFiles/__idf_lwip.dir/lwip/src/netif/ppp/ecp.c.obj
[591/1368] Building C object esp-idf/lwip/CMakeFiles/__idf_lwip.dir/lwip/src/core/ipv6/ip6.c.obj
[592/1368] Building C object esp-idf/lwip/CMakeFiles/__idf_lwip.dir/lwip/src/netif/ppp/demand.c.obj
[593/1368] Building C object esp-idf/lwip/CMakeFiles/__idf_lwip.dir/lwip/src/netif/ppp/eap.c.obj
[594/1368] Building C object esp-idf/lwip/CMakeFiles/__idf_lwip.dir/lwip/src/netif/ppp/eui64.c.obj
[595/1368] Building C object esp-idf/lwip/CMakeFiles/__idf_lwip.dir/lwip/src/netif/ppp/fsm.c.obj
[596/1368] Building C object esp-idf/lwip/CMakeFiles/__idf_lwip.dir/lwip/src/netif/ppp/ipcp.c.obj
[597/1368] Building C object esp-idf/lwip/CMakeFiles/__idf_lwip.dir/lwip/src/netif/ppp/ipv6cp.c.obj
[598/1368] Building C object esp-idf/lwip/CMakeFiles/__idf_lwip.dir/lwip/src/netif/ppp/mppe.c.obj
[599/1368] Building C object esp-idf/lwip/CMakeFiles/__idf_lwip.dir/lwip/src/netif/ppp/magic.c.obj
[600/1368] Building C object esp-idf/lwip/CMakeFiles/__idf_lwip.dir/lwip/src/netif/ppp/ppp.c.obj
[601/1368] Building C object esp-idf/lwip/CMakeFiles/__idf_lwip.dir/lwip/src/netif/ppp/multilink.c.obj
[602/1368] Building C object esp-idf/lwip/CMakeFiles/__idf_lwip.dir/lwip/src/netif/ppp/pppcrypt.c.obj
[603/1368] Building C object esp-idf/lwip/CMakeFiles/__idf_lwip.dir/lwip/src/netif/ppp/lcp.c.obj
[604/1368] Building C object esp-idf/lwip/CMakeFiles/__idf_lwip.dir/lwip/src/netif/ppp/pppapi.c.obj
[605/1368] Building C object esp-idf/lwip/CMakeFiles/__idf_lwip.dir/lwip/src/netif/ppp/pppoe.c.obj
[606/1368] Building C object esp-idf/lwip/CMakeFiles/__idf_lwip.dir/lwip/src/netif/ppp/pppos.c.obj
[607/1368] Building C object esp-idf/lwip/CMakeFiles/__idf_lwip.dir/lwip/src/netif/ppp/pppol2tp.c.obj
[608/1368] Building C object esp-idf/lwip/CMakeFiles/__idf_lwip.dir/lwip/src/netif/ppp/upap.c.obj
[609/1368] Building C object esp-idf/lwip/CMakeFiles/__idf_lwip.dir/lwip/src/netif/ppp/vj.c.obj
[610/1368] Building C object esp-idf/lwip/CMakeFiles/__idf_lwip.dir/lwip/src/netif/ppp/utils.c.obj
[611/1368] Building C object esp-idf/lwip/CMakeFiles/__idf_lwip.dir/port/hooks/tcp_isn_default.c.obj
[612/1368] Building C object esp-idf/lwip/CMakeFiles/__idf_lwip.dir/port/hooks/lwip_default_hooks.c.obj
[613/1368] Building C object esp-idf/lwip/CMakeFiles/__idf_lwip.dir/port/sockets_ext.c.obj
[614/1368] Building C object esp-idf/lwip/CMakeFiles/__idf_lwip.dir/port/debug/lwip_debug.c.obj
[615/1368] Building C object esp-idf/lwip/CMakeFiles/__idf_lwip.dir/port/freertos/sys_arch.c.obj
[616/1368] Building C object esp-idf/lwip/CMakeFiles/__idf_lwip.dir/port/esp32xx/no_vfs_syscalls.c.obj
[617/1368] Building C object esp-idf/lwip/CMakeFiles/__idf_lwip.dir/lwip/src/core/ipv6/nd6.c.obj
[618/1368] Building C object esp-idf/lwip/CMakeFiles/__idf_lwip.dir/port/acd_dhcp_check.c.obj
[619/1368] Building C object esp-idf/lwip/CMakeFiles/__idf_lwip.dir/apps/ping/esp_ping.c.obj
[620/1368] Building C object esp-idf/lwip/CMakeFiles/__idf_lwip.dir/apps/ping/ping.c.obj
[621/1368] Building C object esp-idf/lwip/CMakeFiles/__idf_lwip.dir/lwip/src/netif/ppp/polarssl/arc4.c.obj
[622/1368] Building C object esp-idf/lwip/CMakeFiles/__idf_lwip.dir/lwip/src/netif/ppp/polarssl/md4.c.obj
[623/1368] Building C object esp-idf/lwip/CMakeFiles/__idf_lwip.dir/lwip/src/netif/ppp/polarssl/md5.c.obj
[624/1368] Building C object esp-idf/lwip/CMakeFiles/__idf_lwip.dir/lwip/src/netif/ppp/polarssl/des.c.obj
[625/1368] Building C object esp-idf/esp_netif/CMakeFiles/__idf_esp_netif.dir/esp_netif_defaults.c.obj
[626/1368] Building C object esp-idf/esp_netif/CMakeFiles/__idf_esp_netif.dir/esp_netif_objects.c.obj
[627/1368] Building C object esp-idf/lwip/CMakeFiles/__idf_lwip.dir/lwip/src/netif/ppp/polarssl/sha1.c.obj
[628/1368] Building C object esp-idf/esp_netif/CMakeFiles/__idf_esp_netif.dir/esp_netif_handlers.c.obj
[629/1368] Building C object esp-idf/lwip/CMakeFiles/__idf_lwip.dir/apps/ping/ping_sock.c.obj
[630/1368] Building C object esp-idf/esp_netif/CMakeFiles/__idf_esp_netif.dir/lwip/netif/ethernetif.c.obj
[631/1368] Building C object esp-idf/esp_netif/CMakeFiles/__idf_esp_netif.dir/lwip/esp_netif_sntp.c.obj
[632/1368] Building C object esp-idf/esp_netif/CMakeFiles/__idf_esp_netif.dir/lwip/esp_netif_lwip_defaults.c.obj
[633/1368] Building C object esp-idf/esp_netif/CMakeFiles/__idf_esp_netif.dir/lwip/netif/esp_pbuf_ref.c.obj
[634/1368] Building C object esp-idf/esp_netif/CMakeFiles/__idf_esp_netif.dir/lwip/netif/wlanif.c.obj
[635/1368] Building C object esp-idf/wpa_supplicant/CMakeFiles/__idf_wpa_supplicant.dir/port/os_xtensa.c.obj
[636/1368] Building C object esp-idf/lwip/CMakeFiles/__idf_lwip.dir/apps/dhcpserver/dhcpserver.c.obj
[637/1368] Building C object esp-idf/wpa_supplicant/CMakeFiles/__idf_wpa_supplicant.dir/src/ap/ap_config.c.obj
[638/1368] Building C object esp-idf/wpa_supplicant/CMakeFiles/__idf_wpa_supplicant.dir/port/eloop.c.obj
[639/1368] Building C object esp-idf/wpa_supplicant/CMakeFiles/__idf_wpa_supplicant.dir/src/ap/ieee802_1x.c.obj
[640/1368] Building C object esp-idf/wpa_supplicant/CMakeFiles/__idf_wpa_supplicant.dir/src/ap/sta_info.c.obj
[641/1368] Building C object esp-idf/wpa_supplicant/CMakeFiles/__idf_wpa_supplicant.dir/src/ap/comeback_token.c.obj
[642/1368] Building C object esp-idf/wpa_supplicant/CMakeFiles/__idf_wpa_supplicant.dir/src/ap/pmksa_cache_auth.c.obj
[643/1368] Building C object esp-idf/wpa_supplicant/CMakeFiles/__idf_wpa_supplicant.dir/src/ap/wpa_auth_ie.c.obj
[644/1368] Building C object esp-idf/wpa_supplicant/CMakeFiles/__idf_wpa_supplicant.dir/src/ap/ieee802_11.c.obj
[645/1368] Building C object esp-idf/wpa_supplicant/CMakeFiles/__idf_wpa_supplicant.dir/src/common/dragonfly.c.obj
[646/1368] Building C object esp-idf/wpa_supplicant/CMakeFiles/__idf_wpa_supplicant.dir/src/crypto/sha256-kdf.c.obj
[647/1368] Building C object esp-idf/wpa_supplicant/CMakeFiles/__idf_wpa_supplicant.dir/src/utils/bitfield.c.obj
[648/1368] Building C object esp-idf/wpa_supplicant/CMakeFiles/__idf_wpa_supplicant.dir/src/crypto/crypto_ops.c.obj
[649/1368] Building C object esp-idf/wpa_supplicant/CMakeFiles/__idf_wpa_supplicant.dir/src/crypto/aes-siv.c.obj
[650/1368] Building C object esp-idf/esp_netif/CMakeFiles/__idf_esp_netif.dir/lwip/esp_netif_lwip.c.obj
[651/1368] Building C object esp-idf/wpa_supplicant/CMakeFiles/__idf_wpa_supplicant.dir/src/crypto/ccmp.c.obj
[652/1368] Building C object esp-idf/wpa_supplicant/CMakeFiles/__idf_wpa_supplicant.dir/src/crypto/aes-gcm.c.obj
[653/1368] Building C object esp-idf/wpa_supplicant/CMakeFiles/__idf_wpa_supplicant.dir/src/crypto/dh_group5.c.obj
[654/1368] Building C object esp-idf/wpa_supplicant/CMakeFiles/__idf_wpa_supplicant.dir/src/crypto/dh_groups.c.obj
[655/1368] Building C object esp-idf/wpa_supplicant/CMakeFiles/__idf_wpa_supplicant.dir/src/crypto/ms_funcs.c.obj
[656/1368] Building C object esp-idf/wpa_supplicant/CMakeFiles/__idf_wpa_supplicant.dir/src/crypto/sha256-tlsprf.c.obj
[657/1368] Building C object esp-idf/wpa_supplicant/CMakeFiles/__idf_wpa_supplicant.dir/src/crypto/sha1-tlsprf.c.obj
[658/1368] Building C object esp-idf/wpa_supplicant/CMakeFiles/__idf_wpa_supplicant.dir/src/crypto/sha384-tlsprf.c.obj
[659/1368] Building C object esp-idf/wpa_supplicant/CMakeFiles/__idf_wpa_supplicant.dir/src/crypto/sha256-prf.c.obj
[660/1368] Building C object esp-idf/wpa_supplicant/CMakeFiles/__idf_wpa_supplicant.dir/src/crypto/sha1-prf.c.obj
[661/1368] Building C object esp-idf/wpa_supplicant/CMakeFiles/__idf_wpa_supplicant.dir/src/crypto/sha384-prf.c.obj
[662/1368] Building C object esp-idf/wpa_supplicant/CMakeFiles/__idf_wpa_supplicant.dir/src/common/wpa_common.c.obj
[663/1368] Building C object esp-idf/wpa_supplicant/CMakeFiles/__idf_wpa_supplicant.dir/src/ap/wpa_auth.c.obj
[664/1368] Building C object esp-idf/wpa_supplicant/CMakeFiles/__idf_wpa_supplicant.dir/src/eap_common/eap_wsc_common.c.obj
[665/1368] Building C object esp-idf/wpa_supplicant/CMakeFiles/__idf_wpa_supplicant.dir/src/crypto/sha1-tprf.c.obj
[666/1368] Building C object esp-idf/wpa_supplicant/CMakeFiles/__idf_wpa_supplicant.dir/src/eap_peer/chap.c.obj
[667/1368] Building C object esp-idf/wpa_supplicant/CMakeFiles/__idf_wpa_supplicant.dir/src/crypto/md4-internal.c.obj
[668/1368] Building C object esp-idf/wpa_supplicant/CMakeFiles/__idf_wpa_supplicant.dir/src/eap_peer/eap_common.c.obj
[669/1368] Building C object esp-idf/wpa_supplicant/CMakeFiles/__idf_wpa_supplicant.dir/src/eap_peer/eap_peap_common.c.obj
[670/1368] Building C object esp-idf/wpa_supplicant/CMakeFiles/__idf_wpa_supplicant.dir/src/common/ieee802_11_common.c.obj
[671/1368] Building C object esp-idf/wpa_supplicant/CMakeFiles/__idf_wpa_supplicant.dir/src/eap_peer/eap_mschapv2.c.obj
[672/1368] Building C object esp-idf/wpa_supplicant/CMakeFiles/__idf_wpa_supplicant.dir/src/common/sae.c.obj
[673/1368] Building C object esp-idf/wpa_supplicant/CMakeFiles/__idf_wpa_supplicant.dir/src/eap_peer/eap_tls.c.obj
[674/1368] Building C object esp-idf/wpa_supplicant/CMakeFiles/__idf_wpa_supplicant.dir/src/eap_peer/mschapv2.c.obj
[675/1368] Building C object esp-idf/wpa_supplicant/CMakeFiles/__idf_wpa_supplicant.dir/src/eap_peer/eap.c.obj
[676/1368] Building C object esp-idf/wpa_supplicant/CMakeFiles/__idf_wpa_supplicant.dir/src/eap_peer/eap_peap.c.obj
[677/1368] Building C object esp-idf/wpa_supplicant/CMakeFiles/__idf_wpa_supplicant.dir/src/eap_peer/eap_fast_common.c.obj
[678/1368] Building C object esp-idf/wpa_supplicant/CMakeFiles/__idf_wpa_supplicant.dir/src/eap_peer/eap_tls_common.c.obj
[679/1368] Building C object esp-idf/wpa_supplicant/CMakeFiles/__idf_wpa_supplicant.dir/src/rsn_supp/pmksa_cache.c.obj
[680/1368] Building C object esp-idf/wpa_supplicant/CMakeFiles/__idf_wpa_supplicant.dir/src/eap_peer/eap_ttls.c.obj
[681/1368] Building C object esp-idf/wpa_supplicant/CMakeFiles/__idf_wpa_supplicant.dir/src/eap_peer/eap_fast_pac.c.obj
[682/1368] Building C object esp-idf/wpa_supplicant/CMakeFiles/__idf_wpa_supplicant.dir/src/utils/base64.c.obj
[683/1368] Building C object esp-idf/wpa_supplicant/CMakeFiles/__idf_wpa_supplicant.dir/src/rsn_supp/wpa_ie.c.obj
[684/1368] Building C object esp-idf/wpa_supplicant/CMakeFiles/__idf_wpa_supplicant.dir/src/utils/ext_password.c.obj
[685/1368] Building C object esp-idf/wpa_supplicant/CMakeFiles/__idf_wpa_supplicant.dir/src/utils/uuid.c.obj
[686/1368] Building C object esp-idf/wpa_supplicant/CMakeFiles/__idf_wpa_supplicant.dir/src/utils/wpabuf.c.obj
[687/1368] Building C object esp-idf/wpa_supplicant/CMakeFiles/__idf_wpa_supplicant.dir/src/utils/common.c.obj
[688/1368] Building C object esp-idf/wpa_supplicant/CMakeFiles/__idf_wpa_supplicant.dir/src/utils/wpa_debug.c.obj
[689/1368] Building C object esp-idf/wpa_supplicant/CMakeFiles/__idf_wpa_supplicant.dir/src/eap_peer/eap_fast.c.obj
[690/1368] Building C object esp-idf/wpa_supplicant/CMakeFiles/__idf_wpa_supplicant.dir/src/wps/wps_attr_process.c.obj
[691/1368] Building C object esp-idf/wpa_supplicant/CMakeFiles/__idf_wpa_supplicant.dir/src/wps/wps_attr_build.c.obj
[692/1368] Building C object esp-idf/wpa_supplicant/CMakeFiles/__idf_wpa_supplicant.dir/src/wps/wps_dev_attr.c.obj
[693/1368] Building C object esp-idf/wpa_supplicant/CMakeFiles/__idf_wpa_supplicant.dir/src/wps/wps.c.obj
[694/1368] Building C object esp-idf/wpa_supplicant/CMakeFiles/__idf_wpa_supplicant.dir/src/wps/wps_common.c.obj
[695/1368] Building C object esp-idf/wpa_supplicant/CMakeFiles/__idf_wpa_supplicant.dir/src/utils/json.c.obj
[696/1368] Building C object esp-idf/wpa_supplicant/CMakeFiles/__idf_wpa_supplicant.dir/src/wps/wps_attr_parse.c.obj
[697/1368] Building C object esp-idf/wpa_supplicant/CMakeFiles/__idf_wpa_supplicant.dir/esp_supplicant/src/esp_wpa2_api_port.c.obj
[698/1368] Building C object esp-idf/wpa_supplicant/CMakeFiles/__idf_wpa_supplicant.dir/src/common/sae_pk.c.obj
[699/1368] Building C object esp-idf/wpa_supplicant/CMakeFiles/__idf_wpa_supplicant.dir/src/wps/wps_enrollee.c.obj
[700/1368] Building C object esp-idf/wpa_supplicant/CMakeFiles/__idf_wpa_supplicant.dir/src/rsn_supp/wpa.c.obj
[701/1368] Building C object esp-idf/wpa_supplicant/CMakeFiles/__idf_wpa_supplicant.dir/esp_supplicant/src/esp_owe.c.obj
[702/1368] Building C object esp-idf/wpa_supplicant/CMakeFiles/__idf_wpa_supplicant.dir/esp_supplicant/src/esp_wpa_main.c.obj
[703/1368] Building C object esp-idf/wpa_supplicant/CMakeFiles/__idf_wpa_supplicant.dir/esp_supplicant/src/esp_common.c.obj
[704/1368] Building C object esp-idf/wpa_supplicant/CMakeFiles/__idf_wpa_supplicant.dir/esp_supplicant/src/esp_wpas_glue.c.obj
[705/1368] Building C object esp-idf/wpa_supplicant/CMakeFiles/__idf_wpa_supplicant.dir/esp_supplicant/src/esp_hostap.c.obj
[706/1368] Building C object esp-idf/wpa_supplicant/CMakeFiles/__idf_wpa_supplicant.dir/src/tls/pkcs1.c.obj
[707/1368] Building C object esp-idf/wpa_supplicant/CMakeFiles/__idf_wpa_supplicant.dir/esp_supplicant/src/esp_wpa3.c.obj
[708/1368] Building C object esp-idf/wpa_supplicant/CMakeFiles/__idf_wpa_supplicant.dir/src/tls/pkcs8.c.obj
[709/1368] Building C object esp-idf/wpa_supplicant/CMakeFiles/__idf_wpa_supplicant.dir/src/tls/asn1.c.obj
[710/1368] Building C object esp-idf/wpa_supplicant/CMakeFiles/__idf_wpa_supplicant.dir/esp_supplicant/src/esp_eap_client.c.obj
[711/1368] Building C object esp-idf/wpa_supplicant/CMakeFiles/__idf_wpa_supplicant.dir/src/tls/rsa.c.obj
[712/1368] Building C object esp-idf/wpa_supplicant/CMakeFiles/__idf_wpa_supplicant.dir/src/crypto/tls_internal.c.obj
[713/1368] Building C object esp-idf/wpa_supplicant/CMakeFiles/__idf_wpa_supplicant.dir/src/tls/pkcs5.c.obj
[714/1368] Building C object esp-idf/wpa_supplicant/CMakeFiles/__idf_wpa_supplicant.dir/src/tls/tlsv1_cred.c.obj
[715/1368] Building C object esp-idf/wpa_supplicant/CMakeFiles/__idf_wpa_supplicant.dir/src/tls/tlsv1_client.c.obj
[716/1368] Building C object esp-idf/wpa_supplicant/CMakeFiles/__idf_wpa_supplicant.dir/src/tls/tlsv1_common.c.obj
[717/1368] Building C object esp-idf/wpa_supplicant/CMakeFiles/__idf_wpa_supplicant.dir/esp_supplicant/src/esp_wps.c.obj
[718/1368] Building C object esp-idf/wpa_supplicant/CMakeFiles/__idf_wpa_supplicant.dir/src/tls/tlsv1_client_read.c.obj
[719/1368] Building C object esp-idf/wpa_supplicant/CMakeFiles/__idf_wpa_supplicant.dir/src/tls/bignum.c.obj
[720/1368] Building C object esp-idf/wpa_supplicant/CMakeFiles/__idf_wpa_supplicant.dir/src/tls/tlsv1_client_write.c.obj
[721/1368] Building C object esp-idf/wpa_supplicant/CMakeFiles/__idf_wpa_supplicant.dir/src/tls/tlsv1_record.c.obj
[722/1368] Building C object esp-idf/wpa_supplicant/CMakeFiles/__idf_wpa_supplicant.dir/src/tls/tlsv1_client_ocsp.c.obj
[723/1368] Building C object esp-idf/wpa_supplicant/CMakeFiles/__idf_wpa_supplicant.dir/esp_supplicant/src/crypto/fastpbkdf2.c.obj
[724/1368] Building C object esp-idf/wpa_supplicant/CMakeFiles/__idf_wpa_supplicant.dir/esp_supplicant/src/crypto/crypto_mbedtls-bignum.c.obj
[725/1368] Building C object esp-idf/wpa_supplicant/CMakeFiles/__idf_wpa_supplicant.dir/src/crypto/rc4.c.obj
[726/1368] Building C object esp-idf/esp_coex/CMakeFiles/__idf_esp_coex.dir/src/coexist.c.obj
[727/1368] Building C object esp-idf/wpa_supplicant/CMakeFiles/__idf_wpa_supplicant.dir/esp_supplicant/src/crypto/crypto_mbedtls-rsa.c.obj
[728/1368] Building C object esp-idf/wpa_supplicant/CMakeFiles/__idf_wpa_supplicant.dir/esp_supplicant/src/crypto/crypto_mbedtls.c.obj
[729/1368] Building C object esp-idf/wpa_supplicant/CMakeFiles/__idf_wpa_supplicant.dir/src/crypto/aes-wrap.c.obj
[730/1368] Building C object esp-idf/esp_coex/CMakeFiles/__idf_esp_coex.dir/src/coexist_debug_diagram.c.obj
[731/1368] Building C object esp-idf/esp_coex/CMakeFiles/__idf_esp_coex.dir/src/lib_printf.c.obj
[732/1368] Building C object esp-idf/wpa_supplicant/CMakeFiles/__idf_wpa_supplicant.dir/src/crypto/aes-unwrap.c.obj
[733/1368] Building C object esp-idf/wpa_supplicant/CMakeFiles/__idf_wpa_supplicant.dir/src/crypto/des-internal.c.obj
[734/1368] Building C object esp-idf/esp_coex/CMakeFiles/__idf_esp_coex.dir/src/coexist_debug.c.obj
[735/1368] Building C object esp-idf/esp_wifi/CMakeFiles/__idf_esp_wifi.dir/src/lib_printf.c.obj
[736/1368] Building C object esp-idf/wpa_supplicant/CMakeFiles/__idf_wpa_supplicant.dir/src/crypto/aes-ccm.c.obj
[737/1368] Building C object esp-idf/esp_coex/CMakeFiles/__idf_esp_coex.dir/esp32s3/esp_coex_adapter.c.obj
[738/1368] Building C object esp-idf/wpa_supplicant/CMakeFiles/__idf_wpa_supplicant.dir/src/tls/x509v3.c.obj
[739/1368] Building C object esp-idf/esp_wifi/CMakeFiles/__idf_esp_wifi.dir/src/mesh_event.c.obj
[740/1368] Building C object esp-idf/esp_wifi/CMakeFiles/__idf_esp_wifi.dir/src/smartconfig.c.obj
[741/1368] Building C object esp-idf/esp_wifi/CMakeFiles/__idf_esp_wifi.dir/src/wifi_init.c.obj
[742/1368] Building C object esp-idf/esp_wifi/CMakeFiles/__idf_esp_wifi.dir/src/wifi_netif.c.obj
[743/1368] Building C object esp-idf/esp_wifi/CMakeFiles/__idf_esp_wifi.dir/src/wifi_default_ap.c.obj
[744/1368] Building C object esp-idf/esp-tls/CMakeFiles/__idf_esp-tls.dir/esp-tls-crypto/esp_tls_crypto.c.obj
[745/1368] Building C object esp-idf/wpa_supplicant/CMakeFiles/__idf_wpa_supplicant.dir/esp_supplicant/src/crypto/crypto_mbedtls-ec.c.obj
[746/1368] Building C object esp-idf/esp-tls/CMakeFiles/__idf_esp-tls.dir/esp_tls_platform_port.c.obj
[747/1368] Building C object esp-idf/esp_wifi/CMakeFiles/__idf_esp_wifi.dir/src/smartconfig_ack.c.obj
[748/1368] Building C object esp-idf/esp_wifi/CMakeFiles/__idf_esp_wifi.dir/src/wifi_default.c.obj
[749/1368] Building C object esp-idf/esp-tls/CMakeFiles/__idf_esp-tls.dir/esp_tls_error_capture.c.obj
[750/1368] Building C object esp-idf/esp_adc/CMakeFiles/__idf_esp_adc.dir/adc_cali.c.obj
[751/1368] Building C object esp-idf/esp_wifi/CMakeFiles/__idf_esp_wifi.dir/esp32s3/esp_adapter.c.obj
[752/1368] Building C object esp-idf/esp_adc/CMakeFiles/__idf_esp_adc.dir/adc_cali_curve_fitting.c.obj
[753/1368] Building C object esp-idf/esp_adc/CMakeFiles/__idf_esp_adc.dir/adc_common.c.obj
[754/1368] Building C object esp-idf/esp_adc/CMakeFiles/__idf_esp_adc.dir/deprecated/esp_adc_cal_common_legacy.c.obj
[755/1368] Building C object esp-idf/esp_adc/CMakeFiles/__idf_esp_adc.dir/adc_oneshot.c.obj
[756/1368] Building C object esp-idf/esp_adc/CMakeFiles/__idf_esp_adc.dir/gdma/adc_dma.c.obj
[757/1368] Building C object esp-idf/esp_adc/CMakeFiles/__idf_esp_adc.dir/esp32s3/curve_fitting_coefficients.c.obj
[758/1368] Building C object esp-idf/esp_adc/CMakeFiles/__idf_esp_adc.dir/adc_filter.c.obj
[759/1368] Building C object esp-idf/esp_adc/CMakeFiles/__idf_esp_adc.dir/deprecated/esp32s3/esp_adc_cal_legacy.c.obj
[760/1368] Building C object esp-idf/esp_adc/CMakeFiles/__idf_esp_adc.dir/adc_monitor.c.obj
[761/1368] Building C object esp-idf/esp_gdbstub/CMakeFiles/__idf_esp_gdbstub.dir/src/gdbstub_transport.c.obj
[762/1368] Building C object esp-idf/esp_adc/CMakeFiles/__idf_esp_adc.dir/adc_continuous.c.obj
[763/1368] Building ASM object esp-idf/esp_gdbstub/CMakeFiles/__idf_esp_gdbstub.dir/src/port/xtensa/gdbstub-entry.S.obj
[764/1368] Building ASM object esp-idf/esp_gdbstub/CMakeFiles/__idf_esp_gdbstub.dir/src/port/xtensa/xt_debugexception.S.obj
[765/1368] Building C object esp-idf/esp-tls/CMakeFiles/__idf_esp-tls.dir/esp_tls_mbedtls.c.obj
[766/1368] Building C object esp-idf/esp-tls/CMakeFiles/__idf_esp-tls.dir/esp_tls.c.obj
[767/1368] Building C object esp-idf/esp_gdbstub/CMakeFiles/__idf_esp_gdbstub.dir/src/packet.c.obj
[768/1368] Building C object esp-idf/esp_gdbstub/CMakeFiles/__idf_esp_gdbstub.dir/src/port/xtensa/gdbstub_xtensa.c.obj
[769/1368] Building C object esp-idf/esp_gdbstub/CMakeFiles/__idf_esp_gdbstub.dir/src/gdbstub.c.obj
[770/1368] Building C object esp-idf/tcp_transport/CMakeFiles/__idf_tcp_transport.dir/transport_socks_proxy.c.obj
[771/1368] Building C object esp-idf/esp_http_client/CMakeFiles/__idf_esp_http_client.dir/lib/http_header.c.obj
[772/1368] Building C object esp-idf/tcp_transport/CMakeFiles/__idf_tcp_transport.dir/transport_internal.c.obj
[773/1368] Building C object esp-idf/tcp_transport/CMakeFiles/__idf_tcp_transport.dir/transport.c.obj
[774/1368] Building C object esp-idf/esp_http_client/CMakeFiles/__idf_esp_http_client.dir/lib/http_utils.c.obj
[775/1368] Building C object esp-idf/esp_http_client/CMakeFiles/__idf_esp_http_client.dir/lib/http_auth.c.obj
[776/1368] Building C object esp-idf/tcp_transport/CMakeFiles/__idf_tcp_transport.dir/transport_ssl.c.obj
[777/1368] Building C object esp-idf/http_parser/CMakeFiles/__idf_http_parser.dir/http_parser.c.obj
[778/1368] Building C object esp-idf/esp_http_server/CMakeFiles/__idf_esp_http_server.dir/src/httpd_main.c.obj
[779/1368] Building C object esp-idf/tcp_transport/CMakeFiles/__idf_tcp_transport.dir/transport_ws.c.obj
[780/1368] Building C object esp-idf/esp_http_server/CMakeFiles/__idf_esp_http_server.dir/src/httpd_sess.c.obj
[781/1368] Building C object esp-idf/esp_http_server/CMakeFiles/__idf_esp_http_server.dir/src/util/ctrl_sock.c.obj
[782/1368] Building C object esp-idf/esp_http_server/CMakeFiles/__idf_esp_http_server.dir/src/httpd_txrx.c.obj
[783/1368] Building C object esp-idf/esp_http_server/CMakeFiles/__idf_esp_http_server.dir/src/httpd_uri.c.obj
[784/1368] Building C object esp-idf/esp_http_server/CMakeFiles/__idf_esp_http_server.dir/src/httpd_ws.c.obj
[785/1368] Building C object esp-idf/esp_http_server/CMakeFiles/__idf_esp_http_server.dir/src/httpd_parse.c.obj
[786/1368] Building C object esp-idf/esp_psram/CMakeFiles/__idf_esp_psram.dir/mmu_psram_flash.c.obj
[787/1368] Building C object esp-idf/esp_psram/CMakeFiles/__idf_esp_psram.dir/esp32s3/esp_psram_impl_octal.c.obj
[788/1368] Building C object esp-idf/esp_http_client/CMakeFiles/__idf_esp_http_client.dir/esp_http_client.c.obj
[789/1368] Building C object esp-idf/esp_https_ota/CMakeFiles/__idf_esp_https_ota.dir/src/esp_https_ota.c.obj
[790/1368] Building C object esp-idf/esp_psram/CMakeFiles/__idf_esp_psram.dir/esp_psram.c.obj
[791/1368] Linking C static library esp-idf/esp_psram/libesp_psram.a
[792/1368] Linking C static library esp-idf/esp_https_ota/libesp_https_ota.a
[793/1368] Linking C static library esp-idf/esp_http_server/libesp_http_server.a
[794/1368] Linking C static library esp-idf/esp_http_client/libesp_http_client.a
[795/1368] Linking C static library esp-idf/tcp_transport/libtcp_transport.a
[796/1368] Linking C static library esp-idf/esp_gdbstub/libesp_gdbstub.a
[797/1368] Linking C static library esp-idf/esp_adc/libesp_adc.a
[798/1368] Linking C static library esp-idf/esp-tls/libesp-tls.a
[799/1368] Linking C static library esp-idf/http_parser/libhttp_parser.a
[800/1368] Linking C static library esp-idf/esp_wifi/libesp_wifi.a
[801/1368] Linking C static library esp-idf/esp_coex/libesp_coex.a
[802/1368] Linking C static library esp-idf/wpa_supplicant/libwpa_supplicant.a
[803/1368] Linking C static library esp-idf/esp_netif/libesp_netif.a
[804/1368] Linking C static library esp-idf/lwip/liblwip.a
[805/1368] Linking C static library esp-idf/vfs/libvfs.a
[806/1368] Linking C static library esp-idf/esp_vfs_console/libesp_vfs_console.a
[807/1368] Linking C static library esp-idf/esp_phy/libesp_phy.a
[808/1368] Linking C static library esp-idf/driver/libdriver.a
[809/1368] Linking C static library esp-idf/esp_driver_usb_serial_jtag/libesp_driver_usb_serial_jtag.a
[810/1368] Linking C static library esp-idf/esp_driver_ledc/libesp_driver_ledc.a
[811/1368] Linking C static library esp-idf/esp_driver_i2c/libesp_driver_i2c.a
[812/1368] Linking C static library esp-idf/esp_driver_sdm/libesp_driver_sdm.a
[813/1368] Linking C static library esp-idf/esp_driver_tsens/libesp_driver_tsens.a
[814/1368] Linking C static library esp-idf/esp_driver_rmt/libesp_driver_rmt.a
[815/1368] Linking C static library esp-idf/esp_driver_sdspi/libesp_driver_sdspi.a
[816/1368] Linking C static library esp-idf/esp_driver_sdmmc/libesp_driver_sdmmc.a
[817/1368] Linking C static library esp-idf/sdmmc/libsdmmc.a
[818/1368] Linking C static library esp-idf/esp_driver_i2s/libesp_driver_i2s.a
[819/1368] Linking C static library esp-idf/esp_driver_mcpwm/libesp_driver_mcpwm.a
[820/1368] Linking C static library esp-idf/esp_driver_spi/libesp_driver_spi.a
[821/1368] Linking C static library esp-idf/esp_driver_pcnt/libesp_driver_pcnt.a
[822/1368] Linking C static library esp-idf/nvs_flash/libnvs_flash.a
[823/1368] Linking C static library esp-idf/esp_event/libesp_event.a
[824/1368] Linking C static library esp-idf/esp_driver_uart/libesp_driver_uart.a
[825/1368] Linking C static library esp-idf/esp_ringbuf/libesp_ringbuf.a
[826/1368] Linking C static library esp-idf/esp_driver_gptimer/libesp_driver_gptimer.a
[827/1368] Linking C static library esp-idf/esp_timer/libesp_timer.a
[828/1368] Linking C static library esp-idf/cxx/libcxx.a
[829/1368] Linking C static library esp-idf/pthread/libpthread.a
[830/1368] Linking C static library esp-idf/newlib/libnewlib.a
[831/1368] Performing configure step for 'bootloader'
-- Found Git: /usr/local/bin/git (found version "2.21.0")
-- The C compiler identification is GNU 14.2.0
-- The CXX compiler identification is GNU 14.2.0
-- The ASM compiler identification is GNU
-- Found assembler: /Users/xiongzhenhua/gitlab/embedded/TuyaOpen/platform/ESP32/.espressif/tools/xtensa-esp-elf/esp-14.2.0_20241119/xtensa-esp-elf/bin/xtensa-esp32s3-elf-gcc
-- Detecting C compiler ABI info
-- Detecting C compiler ABI info - done
-- Check for working C compiler: /Users/xiongzhenhua/gitlab/embedded/TuyaOpen/platform/ESP32/.espressif/tools/xtensa-esp-elf/esp-14.2.0_20241119/xtensa-esp-elf/bin/xtensa-esp32s3-elf-gcc - skipped
-- Detecting C compile features
-- Detecting C compile features - done
-- Detecting CXX compiler ABI info
-- Detecting CXX compiler ABI info - done
-- Check for working CXX compiler: /Users/xiongzhenhua/gitlab/embedded/TuyaOpen/platform/ESP32/.espressif/tools/xtensa-esp-elf/esp-14.2.0_20241119/xtensa-esp-elf/bin/xtensa-esp32s3-elf-g++ - skipped
-- Detecting CXX compile features
-- Detecting CXX compile features - done
-- Building ESP-IDF components for target esp32s3
-- Project sdkconfig file /Users/xiongzhenhua/gitlab/embedded/TuyaOpen/platform/ESP32/tuya_open_sdk/sdkconfig
-- Compiler supported targets: xtensa-esp-elf
-- Adding linker script /Users/xiongzhenhua/gitlab/embedded/TuyaOpen/platform/ESP32/esp-idf/components/soc/esp32s3/ld/esp32s3.peripherals.ld
-- Bootloader project name: "bootloader" version: 1
-- Adding linker script /Users/xiongzhenhua/gitlab/embedded/TuyaOpen/platform/ESP32/esp-idf/components/esp_rom/esp32s3/ld/esp32s3.rom.ld
-- Adding linker script /Users/xiongzhenhua/gitlab/embedded/TuyaOpen/platform/ESP32/esp-idf/components/esp_rom/esp32s3/ld/esp32s3.rom.api.ld
-- Adding linker script /Users/xiongzhenhua/gitlab/embedded/TuyaOpen/platform/ESP32/esp-idf/components/esp_rom/esp32s3/ld/esp32s3.rom.bt_funcs.ld
-- Adding linker script /Users/xiongzhenhua/gitlab/embedded/TuyaOpen/platform/ESP32/esp-idf/components/esp_rom/esp32s3/ld/esp32s3.rom.libgcc.ld
-- Adding linker script /Users/xiongzhenhua/gitlab/embedded/TuyaOpen/platform/ESP32/esp-idf/components/esp_rom/esp32s3/ld/esp32s3.rom.wdt.ld
-- Adding linker script /Users/xiongzhenhua/gitlab/embedded/TuyaOpen/platform/ESP32/esp-idf/components/esp_rom/esp32s3/ld/esp32s3.rom.version.ld
-- Adding linker script /Users/xiongzhenhua/gitlab/embedded/TuyaOpen/platform/ESP32/esp-idf/components/esp_rom/esp32s3/ld/esp32s3.rom.newlib.ld
-- Adding linker script /Users/xiongzhenhua/gitlab/embedded/TuyaOpen/platform/ESP32/esp-idf/components/bootloader/subproject/main/ld/esp32s3/bootloader.ld
-- Adding linker script /Users/xiongzhenhua/gitlab/embedded/TuyaOpen/platform/ESP32/esp-idf/components/bootloader/subproject/main/ld/esp32s3/bootloader.rom.ld
-- Components: bootloader bootloader_support efuse esp_app_format esp_bootloader_format esp_common esp_hw_support esp_rom esp_security esp_system esptool_py freertos hal log main micro-ecc newlib partition_table soc spi_flash xtensa
-- Component paths: /Users/xiongzhenhua/gitlab/embedded/TuyaOpen/platform/ESP32/esp-idf/components/bootloader /Users/xiongzhenhua/gitlab/embedded/TuyaOpen/platform/ESP32/esp-idf/components/bootloader_support /Users/xiongzhenhua/gitlab/embedded/TuyaOpen/platform/ESP32/esp-idf/components/efuse /Users/xiongzhenhua/gitlab/embedded/TuyaOpen/platform/ESP32/esp-idf/components/esp_app_format /Users/xiongzhenhua/gitlab/embedded/TuyaOpen/platform/ESP32/esp-idf/components/esp_bootloader_format /Users/xiongzhenhua/gitlab/embedded/TuyaOpen/platform/ESP32/esp-idf/components/esp_common /Users/xiongzhenhua/gitlab/embedded/TuyaOpen/platform/ESP32/esp-idf/components/esp_hw_support /Users/xiongzhenhua/gitlab/embedded/TuyaOpen/platform/ESP32/esp-idf/components/esp_rom /Users/xiongzhenhua/gitlab/embedded/TuyaOpen/platform/ESP32/esp-idf/components/esp_security /Users/xiongzhenhua/gitlab/embedded/TuyaOpen/platform/ESP32/esp-idf/components/esp_system /Users/xiongzhenhua/gitlab/embedded/TuyaOpen/platform/ESP32/esp-idf/components/esptool_py /Users/xiongzhenhua/gitlab/embedded/TuyaOpen/platform/ESP32/esp-idf/components/freertos /Users/xiongzhenhua/gitlab/embedded/TuyaOpen/platform/ESP32/esp-idf/components/hal /Users/xiongzhenhua/gitlab/embedded/TuyaOpen/platform/ESP32/esp-idf/components/log /Users/xiongzhenhua/gitlab/embedded/TuyaOpen/platform/ESP32/esp-idf/components/bootloader/subproject/main /Users/xiongzhenhua/gitlab/embedded/TuyaOpen/platform/ESP32/esp-idf/components/bootloader/subproject/components/micro-ecc /Users/xiongzhenhua/gitlab/embedded/TuyaOpen/platform/ESP32/esp-idf/components/newlib /Users/xiongzhenhua/gitlab/embedded/TuyaOpen/platform/ESP32/esp-idf/components/partition_table /Users/xiongzhenhua/gitlab/embedded/TuyaOpen/platform/ESP32/esp-idf/components/soc /Users/xiongzhenhua/gitlab/embedded/TuyaOpen/platform/ESP32/esp-idf/components/spi_flash /Users/xiongzhenhua/gitlab/embedded/TuyaOpen/platform/ESP32/esp-idf/components/xtensa
-- Configuring done (13.3s)
-- Generating done (0.0s)
-- Build files have been written to: /Users/xiongzhenhua/gitlab/embedded/TuyaOpen/platform/ESP32/tuya_open_sdk/build/bootloader
[832/1368] Linking C static library esp-idf/freertos/libfreertos.a
[833/1368] Linking C static library esp-idf/esp_hw_support/libesp_hw_support.a
[834/1368] Linking C static library esp-idf/esp_security/libesp_security.a
[835/1368] Linking C static library esp-idf/soc/libsoc.a
[836/1368] Linking C static library esp-idf/heap/libheap.a
[837/1368] Linking C static library esp-idf/log/liblog.a
[838/1368] Linking C static library esp-idf/hal/libhal.a
[839/1368] Linking C static library esp-idf/esp_rom/libesp_rom.a
[840/1368] Linking C static library esp-idf/esp_common/libesp_common.a
[841/1368] Linking C static library esp-idf/esp_system/libesp_system.a
[842/1368] Linking C static library esp-idf/spi_flash/libspi_flash.a
[843/1368] Linking C static library esp-idf/esp_mm/libesp_mm.a
[844/1368] Linking C static library esp-idf/bootloader_support/libbootloader_support.a
[845/1368] Linking C static library esp-idf/efuse/libefuse.a
[846/1368] Linking C static library esp-idf/esp_partition/libesp_partition.a
[847/1368] Linking C static library esp-idf/app_update/libapp_update.a
[848/1368] Linking C static library esp-idf/esp_bootloader_format/libesp_bootloader_format.a
[849/1368] Linking C static library esp-idf/esp_app_format/libesp_app_format.a
[850/1368] Linking CXX static library esp-idf/mbedtls/mbedtls/library/libmbedtls.a
[851/1368] Linking CXX static library esp-idf/mbedtls/mbedtls/library/libmbedx509.a
[852/1368] Linking CXX static library esp-idf/mbedtls/mbedtls/library/libmbedcrypto.a
[853/1368] Linking CXX static library esp-idf/mbedtls/mbedtls/3rdparty/p256-m/libp256m.a
[854/1368] Linking CXX static library esp-idf/mbedtls/mbedtls/3rdparty/everest/libeverest.a
[855/1368] Performing build step for 'bootloader'
[1/115] Generating project_elf_src_esp32s3.c
[2/115] Building C object esp-idf/soc/CMakeFiles/__idf_soc.dir/esp32s3/interrupts.c.obj
[3/115] Building C object esp-idf/xtensa/CMakeFiles/__idf_xtensa.dir/eri.c.obj
[4/115] Building C object esp-idf/soc/CMakeFiles/__idf_soc.dir/dport_access_common.c.obj
[5/115] Building C object esp-idf/soc/CMakeFiles/__idf_soc.dir/esp32s3/gdma_periph.c.obj
[6/115] Building C object CMakeFiles/bootloader.elf.dir/project_elf_src_esp32s3.c.obj
[7/115] Building C object esp-idf/soc/CMakeFiles/__idf_soc.dir/lldesc.c.obj
[8/115] Building C object esp-idf/soc/CMakeFiles/__idf_soc.dir/esp32s3/gpio_periph.c.obj
[9/115] Building C object esp-idf/soc/CMakeFiles/__idf_soc.dir/esp32s3/uart_periph.c.obj
[10/115] Building C object esp-idf/soc/CMakeFiles/__idf_soc.dir/esp32s3/adc_periph.c.obj
[11/115] Building C object esp-idf/soc/CMakeFiles/__idf_soc.dir/esp32s3/dedic_gpio_periph.c.obj
[12/115] Building C object esp-idf/xtensa/CMakeFiles/__idf_xtensa.dir/xt_trax.c.obj
[13/115] Building C object esp-idf/soc/CMakeFiles/__idf_soc.dir/esp32s3/spi_periph.c.obj
[14/115] Building C object esp-idf/soc/CMakeFiles/__idf_soc.dir/esp32s3/sdm_periph.c.obj
[15/115] Building C object esp-idf/soc/CMakeFiles/__idf_soc.dir/esp32s3/lcd_periph.c.obj
[16/115] Building C object esp-idf/soc/CMakeFiles/__idf_soc.dir/esp32s3/ledc_periph.c.obj
[17/115] Building C object esp-idf/soc/CMakeFiles/__idf_soc.dir/esp32s3/rmt_periph.c.obj
[18/115] Building C object esp-idf/soc/CMakeFiles/__idf_soc.dir/esp32s3/i2c_periph.c.obj
[19/115] Building C object esp-idf/soc/CMakeFiles/__idf_soc.dir/esp32s3/pcnt_periph.c.obj
[20/115] Building C object esp-idf/soc/CMakeFiles/__idf_soc.dir/esp32s3/i2s_periph.c.obj
[21/115] Building C object esp-idf/soc/CMakeFiles/__idf_soc.dir/esp32s3/timer_periph.c.obj
[22/115] Building C object esp-idf/soc/CMakeFiles/__idf_soc.dir/esp32s3/mpi_periph.c.obj
[23/115] Building C object esp-idf/soc/CMakeFiles/__idf_soc.dir/esp32s3/temperature_sensor_periph.c.obj
[24/115] Building C object esp-idf/soc/CMakeFiles/__idf_soc.dir/esp32s3/mcpwm_periph.c.obj
[25/115] Building C object esp-idf/soc/CMakeFiles/__idf_soc.dir/esp32s3/sdmmc_periph.c.obj
[26/115] Building C object esp-idf/soc/CMakeFiles/__idf_soc.dir/esp32s3/touch_sensor_periph.c.obj
[27/115] Building C object esp-idf/soc/CMakeFiles/__idf_soc.dir/esp32s3/twai_periph.c.obj
[28/115] Building C object esp-idf/soc/CMakeFiles/__idf_soc.dir/esp32s3/usb_dwc_periph.c.obj
[29/115] Building C object esp-idf/soc/CMakeFiles/__idf_soc.dir/esp32s3/wdt_periph.c.obj
[30/115] Building C object esp-idf/soc/CMakeFiles/__idf_soc.dir/esp32s3/rtc_io_periph.c.obj
[31/115] Building C object esp-idf/hal/CMakeFiles/__idf_hal.dir/mpu_hal.c.obj
[32/115] Building C object esp-idf/hal/CMakeFiles/__idf_hal.dir/hal_utils.c.obj
[33/115] Building C object esp-idf/hal/CMakeFiles/__idf_hal.dir/efuse_hal.c.obj
[34/115] Building C object esp-idf/hal/CMakeFiles/__idf_hal.dir/esp32s3/efuse_hal.c.obj
[35/115] Building C object esp-idf/esp_bootloader_format/CMakeFiles/__idf_esp_bootloader_format.dir/esp_bootloader_desc.c.obj
[36/115] Building C object esp-idf/spi_flash/CMakeFiles/__idf_spi_flash.dir/spi_flash_wrap.c.obj
[37/115] Building C object esp-idf/hal/CMakeFiles/__idf_hal.dir/mmu_hal.c.obj
[38/115] Building C object esp-idf/hal/CMakeFiles/__idf_hal.dir/cache_hal.c.obj
[39/115] Building C object esp-idf/bootloader_support/CMakeFiles/__idf_bootloader_support.dir/src/bootloader_mem.c.obj
[40/115] Building C object esp-idf/bootloader_support/CMakeFiles/__idf_bootloader_support.dir/src/bootloader_clock_init.c.obj
[41/115] Building C object esp-idf/bootloader_support/CMakeFiles/__idf_bootloader_support.dir/src/bootloader_efuse.c.obj
[42/115] Building C object esp-idf/bootloader_support/CMakeFiles/__idf_bootloader_support.dir/src/secure_boot.c.obj
[43/115] Building C object esp-idf/bootloader_support/CMakeFiles/__idf_bootloader_support.dir/src/bootloader_random.c.obj
[44/115] Building C object esp-idf/bootloader_support/CMakeFiles/__idf_bootloader_support.dir/src/bootloader_common.c.obj
[45/115] Building C object esp-idf/bootloader_support/CMakeFiles/__idf_bootloader_support.dir/src/bootloader_random_esp32s3.c.obj
[46/115] Building C object esp-idf/bootloader_support/CMakeFiles/__idf_bootloader_support.dir/src/bootloader_common_loader.c.obj
[47/115] Building C object esp-idf/bootloader_support/CMakeFiles/__idf_bootloader_support.dir/bootloader_flash/src/flash_qio_mode.c.obj
[48/115] Building C object esp-idf/bootloader_support/CMakeFiles/__idf_bootloader_support.dir/src/flash_encrypt.c.obj
[49/115] Building C object esp-idf/bootloader_support/CMakeFiles/__idf_bootloader_support.dir/src/flash_partitions.c.obj
[50/115] Building C object esp-idf/bootloader_support/CMakeFiles/__idf_bootloader_support.dir/src/bootloader_clock_loader.c.obj
[51/115] Building C object esp-idf/bootloader_support/CMakeFiles/__idf_bootloader_support.dir/bootloader_flash/src/bootloader_flash_config_esp32s3.c.obj
[52/115] Building C object esp-idf/bootloader_support/CMakeFiles/__idf_bootloader_support.dir/src/bootloader_init.c.obj
[53/115] Building C object esp-idf/bootloader_support/CMakeFiles/__idf_bootloader_support.dir/src/bootloader_console_loader.c.obj
[54/115] Building C object esp-idf/bootloader_support/CMakeFiles/__idf_bootloader_support.dir/src/bootloader_console.c.obj
[55/115] Building C object esp-idf/bootloader_support/CMakeFiles/__idf_bootloader_support.dir/src/esp32s3/bootloader_sha.c.obj
[56/115] Building C object esp-idf/bootloader_support/CMakeFiles/__idf_bootloader_support.dir/bootloader_flash/src/bootloader_flash.c.obj
[57/115] Building C object esp-idf/bootloader_support/CMakeFiles/__idf_bootloader_support.dir/src/esp32s3/bootloader_soc.c.obj
[58/115] Building C object esp-idf/bootloader_support/CMakeFiles/__idf_bootloader_support.dir/src/bootloader_panic.c.obj
[59/115] Building C object esp-idf/efuse/CMakeFiles/__idf_efuse.dir/esp32s3/esp_efuse_table.c.obj
[60/115] Building C object esp-idf/efuse/CMakeFiles/__idf_efuse.dir/esp32s3/esp_efuse_fields.c.obj
[61/115] Building C object esp-idf/efuse/CMakeFiles/__idf_efuse.dir/esp32s3/esp_efuse_rtc_calib.c.obj
[62/115] Building C object esp-idf/bootloader_support/CMakeFiles/__idf_bootloader_support.dir/src/esp32s3/bootloader_esp32s3.c.obj
[63/115] Building C object esp-idf/efuse/CMakeFiles/__idf_efuse.dir/src/esp_efuse_fields.c.obj
[64/115] Building C object esp-idf/efuse/CMakeFiles/__idf_efuse.dir/esp32s3/esp_efuse_utility.c.obj
[65/115] Building C object esp-idf/esp_system/CMakeFiles/__idf_esp_system.dir/esp_err.c.obj
[66/115] Building C object esp-idf/esp_hw_support/CMakeFiles/__idf_esp_hw_support.dir/port/esp32s3/esp_cpu_intr.c.obj
[67/115] Building C object esp-idf/bootloader_support/CMakeFiles/__idf_bootloader_support.dir/src/bootloader_utility.c.obj
[68/115] Building C object esp-idf/esp_hw_support/CMakeFiles/__idf_esp_hw_support.dir/cpu.c.obj
[69/115] Building C object esp-idf/efuse/CMakeFiles/__idf_efuse.dir/src/esp_efuse_api.c.obj
[70/115] Building C object esp-idf/efuse/CMakeFiles/__idf_efuse.dir/src/esp_efuse_utility.c.obj
[71/115] Building C object esp-idf/esp_hw_support/CMakeFiles/__idf_esp_hw_support.dir/port/esp32s3/cpu_region_protect.c.obj
[72/115] Building C object esp-idf/esp_hw_support/CMakeFiles/__idf_esp_hw_support.dir/esp_memory_utils.c.obj
[73/115] Building C object esp-idf/efuse/CMakeFiles/__idf_efuse.dir/src/efuse_controller/keys/with_key_purposes/esp_efuse_api_key.c.obj
[74/115] Building C object esp-idf/esp_hw_support/CMakeFiles/__idf_esp_hw_support.dir/port/esp32s3/rtc_clk_init.c.obj
[75/115] Building C object esp-idf/esp_hw_support/CMakeFiles/__idf_esp_hw_support.dir/port/esp32s3/chip_info.c.obj
[76/115] Building C object esp-idf/bootloader_support/CMakeFiles/__idf_bootloader_support.dir/src/esp_image_format.c.obj
[77/115] Building C object esp-idf/esp_rom/CMakeFiles/__idf_esp_rom.dir/patches/esp_rom_crc.c.obj
[78/115] Building C object esp-idf/esp_rom/CMakeFiles/__idf_esp_rom.dir/patches/esp_rom_sys.c.obj
[79/115] Building C object esp-idf/esp_hw_support/CMakeFiles/__idf_esp_hw_support.dir/port/esp32s3/rtc_sleep.c.obj
[80/115] Building C object esp-idf/esp_common/CMakeFiles/__idf_esp_common.dir/src/esp_err_to_name.c.obj
[81/115] Building C object esp-idf/esp_hw_support/CMakeFiles/__idf_esp_hw_support.dir/port/esp32s3/rtc_time.c.obj
[82/115] Building C object esp-idf/esp_hw_support/CMakeFiles/__idf_esp_hw_support.dir/port/esp32s3/rtc_init.c.obj
[83/115] Building C object esp-idf/esp_rom/CMakeFiles/__idf_esp_rom.dir/patches/esp_rom_uart.c.obj
[84/115] Building C object esp-idf/esp_hw_support/CMakeFiles/__idf_esp_hw_support.dir/port/esp32s3/rtc_clk.c.obj
[85/115] Building C object esp-idf/esp_rom/CMakeFiles/__idf_esp_rom.dir/patches/esp_rom_efuse.c.obj
[86/115] Building C object esp-idf/esp_rom/CMakeFiles/__idf_esp_rom.dir/patches/esp_rom_print.c.obj
[87/115] Building ASM object esp-idf/esp_rom/CMakeFiles/__idf_esp_rom.dir/patches/esp_rom_longjmp.S.obj
[88/115] Building C object esp-idf/esp_rom/CMakeFiles/__idf_esp_rom.dir/patches/esp_rom_spiflash.c.obj
[89/115] Building C object esp-idf/esp_rom/CMakeFiles/__idf_esp_rom.dir/patches/esp_rom_gpio.c.obj
[90/115] Building C object esp-idf/micro-ecc/CMakeFiles/__idf_micro-ecc.dir/uECC_verify_antifault.c.obj
[91/115] Building ASM object esp-idf/esp_rom/CMakeFiles/__idf_esp_rom.dir/patches/esp_rom_cache_writeback_esp32s3.S.obj
[92/115] Building C object esp-idf/esp_rom/CMakeFiles/__idf_esp_rom.dir/patches/esp_rom_systimer.c.obj
[93/115] Building C object esp-idf/esp_rom/CMakeFiles/__idf_esp_rom.dir/patches/esp_rom_cache_esp32s2_esp32s3.c.obj
[94/115] Building C object esp-idf/esp_rom/CMakeFiles/__idf_esp_rom.dir/patches/esp_rom_wdt.c.obj
[95/115] Building C object esp-idf/log/CMakeFiles/__idf_log.dir/src/noos/log_timestamp.c.obj
[96/115] Building C object esp-idf/log/CMakeFiles/__idf_log.dir/src/noos/log_lock.c.obj
[97/115] Building C object esp-idf/log/CMakeFiles/__idf_log.dir/src/log_timestamp_common.c.obj
[98/115] Building C object esp-idf/main/CMakeFiles/__idf_main.dir/bootloader_start.c.obj
[99/115] Linking C static library esp-idf/log/liblog.a
[100/115] Linking C static library esp-idf/esp_rom/libesp_rom.a
[101/115] Linking C static library esp-idf/esp_common/libesp_common.a
[102/115] Linking C static library esp-idf/esp_hw_support/libesp_hw_support.a
[103/115] Linking C static library esp-idf/esp_system/libesp_system.a
[104/115] Linking C static library esp-idf/efuse/libefuse.a
[105/115] Linking C static library esp-idf/bootloader_support/libbootloader_support.a
[106/115] Linking C static library esp-idf/esp_bootloader_format/libesp_bootloader_format.a
[107/115] Linking C static library esp-idf/spi_flash/libspi_flash.a
[108/115] Linking C static library esp-idf/hal/libhal.a
[109/115] Linking C static library esp-idf/micro-ecc/libmicro-ecc.a
[110/115] Linking C static library esp-idf/soc/libsoc.a
[111/115] Linking C static library esp-idf/xtensa/libxtensa.a
[112/115] Linking C static library esp-idf/main/libmain.a
[113/115] Linking C executable bootloader.elf
[114/115] Generating binary image from built executable
esptool.py v4.11.0
Creating esp32s3 image...
Merged 2 ELF sections
Successfully created esp32s3 image.
Generated /Users/xiongzhenhua/gitlab/embedded/TuyaOpen/platform/ESP32/tuya_open_sdk/build/bootloader/bootloader.bin
[115/115] cd /Users/xiongzhenhua/gitlab/embedded/TuyaOpen/platform/ESP32/tuya_open_sdk/build/bootloader/esp-idf/esptool_py && /Users/xiongzhenhua/gitlab/embedded/TuyaOpen/platform/ESP32/.espressif/python_env/idf5.4_py3.14_env/bin/python /Users/xiongzhenhua/gitlab/embedded/TuyaOpen/platform/ESP32/esp-idf/components/partition_table/check_sizes.py --offset 0x8000 bootloader 0x0 /Users/xiongzhenhua/gitlab/embedded/TuyaOpen/platform/ESP32/tuya_open_sdk/build/bootloader/bootloader.bin
Bootloader binary size 0x5170 bytes. 0x2e90 bytes (36%) free.
[856/1368] No install step for 'bootloader'
[857/1368] Completed 'bootloader'
[858/1368] Generating x509_crt_bundle
[859/1368] Generating ../../x509_crt_bundle.S
[860/1368] Building ASM object esp-idf/xtensa/CMakeFiles/__idf_xtensa.dir/xtensa_context.S.obj
[861/1368] Building ASM object esp-idf/xtensa/CMakeFiles/__idf_xtensa.dir/xtensa_intr_asm.S.obj
[862/1368] Building C object esp-idf/xtensa/CMakeFiles/__idf_xtensa.dir/eri.c.obj
[863/1368] Building ASM object esp-idf/xtensa/CMakeFiles/__idf_xtensa.dir/xtensa_vectors.S.obj
[864/1368] Building C object esp-idf/xtensa/CMakeFiles/__idf_xtensa.dir/xt_trax.c.obj
[865/1368] Building C object esp-idf/esp_driver_gpio/CMakeFiles/__idf_esp_driver_gpio.dir/src/gpio_glitch_filter_ops.c.obj
[866/1368] Building C object esp-idf/esp_pm/CMakeFiles/__idf_esp_pm.dir/pm_trace.c.obj
[867/1368] Building C object esp-idf/xtensa/CMakeFiles/__idf_xtensa.dir/xtensa_intr.c.obj
[868/1368] Building C object esp-idf/esp_pm/CMakeFiles/__idf_esp_pm.dir/pm_locks.c.obj
[869/1368] Building ASM object esp-idf/mbedtls/CMakeFiles/__idf_mbedtls.dir/__/__/x509_crt_bundle.S.obj
[870/1368] Building C object esp-idf/esp_driver_gpio/CMakeFiles/__idf_esp_driver_gpio.dir/src/gpio_pin_glitch_filter.c.obj
[871/1368] Building C object esp-idf/app_trace/CMakeFiles/__idf_app_trace.dir/host_file_io.c.obj
[872/1368] Building C object esp-idf/esp_pm/CMakeFiles/__idf_esp_pm.dir/pm_impl.c.obj
[873/1368] Building C object esp-idf/app_trace/CMakeFiles/__idf_app_trace.dir/app_trace_util.c.obj
[874/1368] Building C object esp-idf/bt/CMakeFiles/__idf_bt.dir/common/btc/core/btc_alarm.c.obj
[875/1368] Building C object esp-idf/app_trace/CMakeFiles/__idf_app_trace.dir/port/port_uart.c.obj
[876/1368] Building C object esp-idf/mbedtls/CMakeFiles/__idf_mbedtls.dir/esp_crt_bundle/esp_crt_bundle.c.obj
[877/1368] Building C object esp-idf/esp_driver_gpio/CMakeFiles/__idf_esp_driver_gpio.dir/src/dedic_gpio.c.obj
[878/1368] Building C object esp-idf/app_trace/CMakeFiles/__idf_app_trace.dir/app_trace.c.obj
[879/1368] Building C object esp-idf/bt/CMakeFiles/__idf_bt.dir/common/hci_log/bt_hci_log.c.obj
[880/1368] Building C object esp-idf/bt/CMakeFiles/__idf_bt.dir/common/api/esp_blufi_api.c.obj
[881/1368] Building C object esp-idf/esp_driver_gpio/CMakeFiles/__idf_esp_driver_gpio.dir/src/rtc_io.c.obj
[882/1368] Linking C static library esp-idf/mbedtls/libmbedtls.a
[883/1368] Building C object esp-idf/bt/CMakeFiles/__idf_bt.dir/common/btc/profile/esp/blufi/blufi_prf.c.obj
[884/1368] Building C object esp-idf/bt/CMakeFiles/__idf_bt.dir/common/btc/core/btc_manage.c.obj
[885/1368] Building C object esp-idf/bt/CMakeFiles/__idf_bt.dir/common/osi/allocator.c.obj
[886/1368] Building C object esp-idf/bt/CMakeFiles/__idf_bt.dir/common/btc/core/btc_task.c.obj
[887/1368] Building C object esp-idf/bt/CMakeFiles/__idf_bt.dir/common/btc/profile/esp/blufi/blufi_protocol.c.obj
[888/1368] Building C object esp-idf/bt/CMakeFiles/__idf_bt.dir/common/osi/buffer.c.obj
[889/1368] Linking C static library esp-idf/esp_pm/libesp_pm.a
[890/1368] Building C object esp-idf/bt/CMakeFiles/__idf_bt.dir/common/osi/hash_functions.c.obj
[891/1368] Building C object esp-idf/bt/CMakeFiles/__idf_bt.dir/common/osi/fixed_queue.c.obj
[892/1368] Building C object esp-idf/bt/CMakeFiles/__idf_bt.dir/common/osi/future.c.obj
[893/1368] Building C object esp-idf/bt/CMakeFiles/__idf_bt.dir/common/osi/alarm.c.obj
[894/1368] Building C object esp-idf/bt/CMakeFiles/__idf_bt.dir/common/osi/mutex.c.obj
[895/1368] Building C object esp-idf/bt/CMakeFiles/__idf_bt.dir/common/osi/fixed_pkt_queue.c.obj
[896/1368] Building C object esp-idf/bt/CMakeFiles/__idf_bt.dir/common/osi/hash_map.c.obj
[897/1368] Building C object esp-idf/bt/CMakeFiles/__idf_bt.dir/common/osi/pkt_queue.c.obj
[898/1368] Building C object esp-idf/bt/CMakeFiles/__idf_bt.dir/common/osi/list.c.obj
[899/1368] Building C object esp-idf/bt/CMakeFiles/__idf_bt.dir/porting/ext/tinycrypt/src/utils.c.obj
[900/1368] Building C object esp-idf/bt/CMakeFiles/__idf_bt.dir/controller/esp32c3/bt.c.obj
[901/1368] Building C object esp-idf/bt/CMakeFiles/__idf_bt.dir/porting/ext/tinycrypt/src/sha256.c.obj
[902/1368] Building C object esp-idf/bt/CMakeFiles/__idf_bt.dir/common/osi/config.c.obj
[903/1368] Building C object esp-idf/bt/CMakeFiles/__idf_bt.dir/common/osi/osi.c.obj
[904/1368] Building C object esp-idf/bt/CMakeFiles/__idf_bt.dir/porting/mem/bt_osi_mem.c.obj
[905/1368] Building C object esp-idf/bt/CMakeFiles/__idf_bt.dir/common/osi/semaphore.c.obj
[906/1368] Building C object esp-idf/bt/CMakeFiles/__idf_bt.dir/porting/ext/tinycrypt/src/ctr_mode.c.obj
[907/1368] Building C object esp-idf/bt/CMakeFiles/__idf_bt.dir/porting/ext/tinycrypt/src/hmac_prng.c.obj
[908/1368] Building C object esp-idf/bt/CMakeFiles/__idf_bt.dir/porting/ext/tinycrypt/src/aes_encrypt.c.obj
[909/1368] Building C object esp-idf/bt/CMakeFiles/__idf_bt.dir/porting/ext/tinycrypt/src/ecc_platform_specific.c.obj
[910/1368] Building C object esp-idf/bt/CMakeFiles/__idf_bt.dir/porting/ext/tinycrypt/src/ctr_prng.c.obj
[911/1368] Building C object esp-idf/bt/CMakeFiles/__idf_bt.dir/porting/ext/tinycrypt/src/aes_decrypt.c.obj
[912/1368] Building C object esp-idf/bt/CMakeFiles/__idf_bt.dir/common/osi/thread.c.obj
[913/1368] Building C object esp-idf/bt/CMakeFiles/__idf_bt.dir/porting/ext/tinycrypt/src/cmac_mode.c.obj
[914/1368] Building C object esp-idf/bt/CMakeFiles/__idf_bt.dir/porting/ext/tinycrypt/src/ecc_dh.c.obj
[915/1368] Building C object esp-idf/bt/CMakeFiles/__idf_bt.dir/porting/ext/tinycrypt/src/ecc_dsa.c.obj
[916/1368] Building C object esp-idf/esp_driver_gpio/CMakeFiles/__idf_esp_driver_gpio.dir/src/gpio.c.obj
[917/1368] Building C object esp-idf/bt/CMakeFiles/__idf_bt.dir/porting/ext/tinycrypt/src/ccm_mode.c.obj
[918/1368] Building C object esp-idf/bt/CMakeFiles/__idf_bt.dir/porting/ext/tinycrypt/src/hmac.c.obj
[919/1368] Building C object esp-idf/bt/CMakeFiles/__idf_bt.dir/porting/ext/tinycrypt/src/cbc_mode.c.obj
[920/1368] Building C object esp-idf/unity/CMakeFiles/__idf_unity.dir/unity_compat.c.obj
[921/1368] Linking C static library esp-idf/esp_driver_gpio/libesp_driver_gpio.a
[922/1368] Building C object esp-idf/unity/CMakeFiles/__idf_unity.dir/unity_utils_memory.c.obj
[923/1368] Building C object esp-idf/unity/CMakeFiles/__idf_unity.dir/unity_utils_cache.c.obj
[924/1368] Building C object esp-idf/unity/CMakeFiles/__idf_unity.dir/unity_utils_freertos.c.obj
[925/1368] Building C object esp-idf/unity/CMakeFiles/__idf_unity.dir/port/esp/unity_utils_memory_esp.c.obj
[926/1368] Building C object esp-idf/cmock/CMakeFiles/__idf_cmock.dir/CMock/src/cmock.c.obj
[927/1368] Building C object esp-idf/unity/CMakeFiles/__idf_unity.dir/unity_port_esp32.c.obj
[928/1368] Linking C static library esp-idf/xtensa/libxtensa.a
[929/1368] Building C object esp-idf/console/CMakeFiles/__idf_console.dir/split_argv.c.obj
[930/1368] Linking C static library esp-idf/app_trace/libapp_trace.a
[931/1368] Building C object esp-idf/unity/CMakeFiles/__idf_unity.dir/unity_runner.c.obj
[932/1368] Building C object esp-idf/console/CMakeFiles/__idf_console.dir/argtable3/arg_dbl.c.obj
[933/1368] Building C object esp-idf/console/CMakeFiles/__idf_console.dir/commands.c.obj
[934/1368] Building C object esp-idf/console/CMakeFiles/__idf_console.dir/esp_console_common.c.obj
[935/1368] Building C object esp-idf/console/CMakeFiles/__idf_console.dir/argtable3/arg_cmd.c.obj
[936/1368] Building C object esp-idf/console/CMakeFiles/__idf_console.dir/esp_console_repl_chip.c.obj
[937/1368] Building C object esp-idf/bt/CMakeFiles/__idf_bt.dir/porting/ext/tinycrypt/src/ecc.c.obj
[938/1368] Building C object esp-idf/console/CMakeFiles/__idf_console.dir/argtable3/arg_end.c.obj
[939/1368] Building C object esp-idf/console/CMakeFiles/__idf_console.dir/argtable3/arg_date.c.obj
[940/1368] Building C object esp-idf/console/CMakeFiles/__idf_console.dir/argtable3/arg_dstr.c.obj
[941/1368] Building C object esp-idf/console/CMakeFiles/__idf_console.dir/argtable3/arg_file.c.obj
[942/1368] Building C object esp-idf/console/CMakeFiles/__idf_console.dir/argtable3/arg_rem.c.obj
[943/1368] Building C object esp-idf/console/CMakeFiles/__idf_console.dir/argtable3/arg_hashtable.c.obj
[944/1368] Building C object esp-idf/console/CMakeFiles/__idf_console.dir/argtable3/arg_lit.c.obj
[945/1368] Building C object esp-idf/console/CMakeFiles/__idf_console.dir/argtable3/arg_int.c.obj
[946/1368] Building C object esp-idf/console/CMakeFiles/__idf_console.dir/linenoise/linenoise.c.obj
[947/1368] Building C object esp-idf/console/CMakeFiles/__idf_console.dir/argtable3/arg_str.c.obj
[948/1368] Building C object esp-idf/console/CMakeFiles/__idf_console.dir/argtable3/arg_utils.c.obj
[949/1368] Building C object esp-idf/esp_driver_cam/CMakeFiles/__idf_esp_driver_cam.dir/esp_cam_ctlr.c.obj
[950/1368] Building C object esp-idf/esp_driver_cam/CMakeFiles/__idf_esp_driver_cam.dir/dvp_share_ctrl.c.obj
[951/1368] Linking C static library esp-idf/bt/libbt.a
[952/1368] Building C object esp-idf/esp_hid/CMakeFiles/__idf_esp_hid.dir/src/esp_hidd.c.obj
[953/1368] Linking C static library esp-idf/esp_driver_cam/libesp_driver_cam.a
[954/1368] Building C object esp-idf/console/CMakeFiles/__idf_console.dir/argtable3/arg_rex.c.obj
[955/1368] Building C object esp-idf/esp_lcd/CMakeFiles/__idf_esp_lcd.dir/src/esp_lcd_common.c.obj
[956/1368] Building C object esp-idf/esp_lcd/CMakeFiles/__idf_esp_lcd.dir/src/esp_lcd_panel_io.c.obj
[957/1368] Building C object esp-idf/unity/CMakeFiles/__idf_unity.dir/unity/src/unity.c.obj
[958/1368] Building C object esp-idf/console/CMakeFiles/__idf_console.dir/argtable3/argtable3.c.obj
[959/1368] Building C object esp-idf/esp_hid/CMakeFiles/__idf_esp_hid.dir/src/esp_hid_common.c.obj
[960/1368] Building C object esp-idf/esp_hid/CMakeFiles/__idf_esp_hid.dir/src/esp_hidh.c.obj
[961/1368] Building C object esp-idf/esp_https_server/CMakeFiles/__idf_esp_https_server.dir/src/https_server.c.obj
[962/1368] Building C object esp-idf/esp_lcd/CMakeFiles/__idf_esp_lcd.dir/src/esp_lcd_panel_nt35510.c.obj
[963/1368] Building C object esp-idf/esp_lcd/CMakeFiles/__idf_esp_lcd.dir/src/esp_lcd_panel_ssd1306.c.obj
[964/1368] Building C object esp-idf/esp_lcd/CMakeFiles/__idf_esp_lcd.dir/src/esp_lcd_panel_st7789.c.obj
[965/1368] Building C object esp-idf/esp_lcd/CMakeFiles/__idf_esp_lcd.dir/src/esp_lcd_panel_ops.c.obj
[966/1368] Linking C static library esp-idf/unity/libunity.a
[967/1368] Linking C static library esp-idf/esp_hid/libesp_hid.a
[968/1368] Linking C static library esp-idf/esp_https_server/libesp_https_server.a
[969/1368] Linking C static library esp-idf/console/libconsole.a
[970/1368] Building C object esp-idf/esp_lcd/CMakeFiles/__idf_esp_lcd.dir/i2c/esp_lcd_panel_io_i2c_v1.c.obj
[971/1368] Building C object esp-idf/esp_lcd/CMakeFiles/__idf_esp_lcd.dir/i2c/esp_lcd_panel_io_i2c_v2.c.obj
[972/1368] Linking C static library esp-idf/cmock/libcmock.a
[973/1368] Building C object esp-idf/protocomm/CMakeFiles/__idf_protocomm.dir/proto-c/constants.pb-c.c.obj
[974/1368] Building C object esp-idf/esp_lcd/CMakeFiles/__idf_esp_lcd.dir/spi/esp_lcd_panel_io_spi.c.obj
[975/1368] Building C object esp-idf/protocomm/CMakeFiles/__idf_protocomm.dir/proto-c/sec0.pb-c.c.obj
[976/1368] Building C object esp-idf/protocomm/CMakeFiles/__idf_protocomm.dir/proto-c/session.pb-c.c.obj
[977/1368] Building C object esp-idf/protocomm/CMakeFiles/__idf_protocomm.dir/proto-c/sec2.pb-c.c.obj
[978/1368] Building C object esp-idf/protocomm/CMakeFiles/__idf_protocomm.dir/proto-c/sec1.pb-c.c.obj
[979/1368] Building C object esp-idf/protocomm/CMakeFiles/__idf_protocomm.dir/src/common/protocomm.c.obj
[980/1368] Building C object esp-idf/protocomm/CMakeFiles/__idf_protocomm.dir/src/transports/protocomm_console.c.obj
[981/1368] Building C object esp-idf/protocomm/CMakeFiles/__idf_protocomm.dir/src/security/security0.c.obj
[982/1368] Building C object esp-idf/protocomm/CMakeFiles/__idf_protocomm.dir/src/transports/protocomm_httpd.c.obj
[983/1368] Building C object esp-idf/esp_lcd/CMakeFiles/__idf_esp_lcd.dir/i80/esp_lcd_panel_io_i80.c.obj
[984/1368] Building C object esp-idf/protocomm/CMakeFiles/__idf_protocomm.dir/src/crypto/srp6a/esp_srp_mpi.c.obj
[985/1368] Building C object esp-idf/espcoredump/CMakeFiles/__idf_espcoredump.dir/src/core_dump_init.c.obj
[986/1368] Building C object esp-idf/protocomm/CMakeFiles/__idf_protocomm.dir/src/crypto/srp6a/esp_srp.c.obj
[987/1368] Building C object esp-idf/esp_local_ctrl/CMakeFiles/__idf_esp_local_ctrl.dir/src/esp_local_ctrl.c.obj
[988/1368] Building C object esp-idf/protocomm/CMakeFiles/__idf_protocomm.dir/src/security/security2.c.obj
[989/1368] Building C object esp-idf/protocomm/CMakeFiles/__idf_protocomm.dir/src/security/security1.c.obj
[990/1368] Building C object esp-idf/esp_local_ctrl/CMakeFiles/__idf_esp_local_ctrl.dir/proto-c/esp_local_ctrl.pb-c.c.obj
[991/1368] Building C object esp-idf/esp_local_ctrl/CMakeFiles/__idf_esp_local_ctrl.dir/src/esp_local_ctrl_transport_httpd.c.obj
[992/1368] Building C object esp-idf/espcoredump/CMakeFiles/__idf_espcoredump.dir/src/core_dump_sha.c.obj
[993/1368] Building C object esp-idf/espcoredump/CMakeFiles/__idf_espcoredump.dir/src/core_dump_common.c.obj
[994/1368] Building C object esp-idf/esp_local_ctrl/CMakeFiles/__idf_esp_local_ctrl.dir/src/esp_local_ctrl_handler.c.obj
[995/1368] Building C object esp-idf/espcoredump/CMakeFiles/__idf_espcoredump.dir/src/core_dump_crc.c.obj
[996/1368] Building C object esp-idf/espcoredump/CMakeFiles/__idf_espcoredump.dir/src/core_dump_flash.c.obj
[997/1368] Building C object esp-idf/espcoredump/CMakeFiles/__idf_espcoredump.dir/src/core_dump_elf.c.obj
[998/1368] Building C object esp-idf/espcoredump/CMakeFiles/__idf_espcoredump.dir/src/core_dump_uart.c.obj
[999/1368] Building C object esp-idf/espcoredump/CMakeFiles/__idf_espcoredump.dir/src/core_dump_binary.c.obj
[1000/1368] Building C object esp-idf/espcoredump/CMakeFiles/__idf_espcoredump.dir/src/port/xtensa/core_dump_port.c.obj
[1001/1368] Building CXX object esp-idf/wear_levelling/CMakeFiles/__idf_wear_levelling.dir/crc32.cpp.obj
[1002/1368] Building CXX object esp-idf/wear_levelling/CMakeFiles/__idf_wear_levelling.dir/Partition.cpp.obj
[1003/1368] Building CXX object esp-idf/wear_levelling/CMakeFiles/__idf_wear_levelling.dir/SPI_Flash.cpp.obj
[1004/1368] Building C object esp-idf/esp_lcd/CMakeFiles/__idf_esp_lcd.dir/rgb/esp_lcd_panel_rgb.c.obj
[1005/1368] Building CXX object esp-idf/wear_levelling/CMakeFiles/__idf_wear_levelling.dir/WL_Ext_Perf.cpp.obj
[1006/1368] Building CXX object esp-idf/wear_levelling/CMakeFiles/__idf_wear_levelling.dir/WL_Ext_Safe.cpp.obj
[1007/1368] Building C object esp-idf/fatfs/CMakeFiles/__idf_fatfs.dir/diskio/diskio.c.obj
[1008/1368] Linking C static library esp-idf/espcoredump/libespcoredump.a
[1009/1368] Building C object esp-idf/protobuf-c/CMakeFiles/__idf_protobuf-c.dir/protobuf-c/protobuf-c/protobuf-c.c.obj
[1010/1368] Building C object esp-idf/fatfs/CMakeFiles/__idf_fatfs.dir/diskio/diskio_rawflash.c.obj
[1011/1368] Building C object esp-idf/fatfs/CMakeFiles/__idf_fatfs.dir/diskio/diskio_wl.c.obj
[1012/1368] Building CXX object esp-idf/wear_levelling/CMakeFiles/__idf_wear_levelling.dir/wear_levelling.cpp.obj
[1013/1368] Linking C static library esp-idf/esp_lcd/libesp_lcd.a
[1014/1368] Building C object esp-idf/fatfs/CMakeFiles/__idf_fatfs.dir/src/ffunicode.c.obj
[1015/1368] Linking C static library esp-idf/protobuf-c/libprotobuf-c.a
[1016/1368] Building C object esp-idf/fatfs/CMakeFiles/__idf_fatfs.dir/port/freertos/ffsystem.c.obj
[1017/1368] Building C object esp-idf/fatfs/CMakeFiles/__idf_fatfs.dir/diskio/diskio_sdmmc.c.obj
[1018/1368] Building CXX object esp-idf/wear_levelling/CMakeFiles/__idf_wear_levelling.dir/WL_Flash.cpp.obj
[1019/1368] Linking C static library esp-idf/protocomm/libprotocomm.a
[1020/1368] Building C object esp-idf/fatfs/CMakeFiles/__idf_fatfs.dir/vfs/vfs_fat_sdmmc.c.obj
[1021/1368] Building C object esp-idf/mqtt/CMakeFiles/__idf_mqtt.dir/esp-mqtt/lib/platform_esp32_idf.c.obj
[1022/1368] Linking C static library esp-idf/esp_local_ctrl/libesp_local_ctrl.a
[1023/1368] Building C object esp-idf/fatfs/CMakeFiles/__idf_fatfs.dir/vfs/vfs_fat.c.obj
[1024/1368] Building C object esp-idf/fatfs/CMakeFiles/__idf_fatfs.dir/vfs/vfs_fat_spiflash.c.obj
[1025/1368] Linking C static library esp-idf/wear_levelling/libwear_levelling.a
[1026/1368] Building C object esp-idf/mqtt/CMakeFiles/__idf_mqtt.dir/esp-mqtt/lib/mqtt_outbox.c.obj
[1027/1368] Building C object esp-idf/mqtt/CMakeFiles/__idf_mqtt.dir/esp-mqtt/lib/mqtt_msg.c.obj
[1028/1368] Building C object esp-idf/perfmon/CMakeFiles/__idf_perfmon.dir/xtensa_perfmon_apis.c.obj
[1029/1368] Building C object esp-idf/perfmon/CMakeFiles/__idf_perfmon.dir/xtensa_perfmon_masks.c.obj
[1030/1368] Building C object esp-idf/json/CMakeFiles/__idf_json.dir/cJSON/cJSON_Utils.c.obj
[1031/1368] Building C object esp-idf/nvs_sec_provider/CMakeFiles/__idf_nvs_sec_provider.dir/nvs_sec_provider.c.obj
[1032/1368] Building C object esp-idf/perfmon/CMakeFiles/__idf_perfmon.dir/xtensa_perfmon_access.c.obj
[1033/1368] Linking C static library esp-idf/nvs_sec_provider/libnvs_sec_provider.a
[1034/1368] Linking C static library esp-idf/perfmon/libperfmon.a
[1035/1368] Building C object esp-idf/spiffs/CMakeFiles/__idf_spiffs.dir/spiffs_api.c.obj
[1036/1368] Building C object esp-idf/rt/CMakeFiles/__idf_rt.dir/FreeRTOS_POSIX_utils.c.obj
[1037/1368] Building C object esp-idf/rt/CMakeFiles/__idf_rt.dir/FreeRTOS_POSIX_mqueue.c.obj
[1038/1368] Building C object esp-idf/spiffs/CMakeFiles/__idf_spiffs.dir/spiffs/src/spiffs_cache.c.obj
[1039/1368] Linking C static library esp-idf/rt/librt.a
[1040/1368] Building C object esp-idf/spiffs/CMakeFiles/__idf_spiffs.dir/spiffs/src/spiffs_gc.c.obj
[1041/1368] Building C object esp-idf/touch_element/CMakeFiles/__idf_touch_element.dir/touch_button.c.obj
[1042/1368] Building C object esp-idf/spiffs/CMakeFiles/__idf_spiffs.dir/esp_spiffs.c.obj
[1043/1368] Building C object esp-idf/touch_element/CMakeFiles/__idf_touch_element.dir/touch_slider.c.obj
[1044/1368] Building C object esp-idf/spiffs/CMakeFiles/__idf_spiffs.dir/spiffs/src/spiffs_check.c.obj
[1045/1368] Building C object esp-idf/json/CMakeFiles/__idf_json.dir/cJSON/cJSON.c.obj
[1046/1368] Building C object esp-idf/touch_element/CMakeFiles/__idf_touch_element.dir/touch_element.c.obj
[1047/1368] Building C object esp-idf/usb/CMakeFiles/__idf_usb.dir/hub.c.obj
[1048/1368] Building C object esp-idf/usb/CMakeFiles/__idf_usb.dir/usb_helpers.c.obj
[1049/1368] Building C object esp-idf/spiffs/CMakeFiles/__idf_spiffs.dir/spiffs/src/spiffs_hydrogen.c.obj
[1050/1368] Building C object esp-idf/usb/CMakeFiles/__idf_usb.dir/enum.c.obj
[1051/1368] Building C object esp-idf/fatfs/CMakeFiles/__idf_fatfs.dir/src/ff.c.obj
[1052/1368] Building C object esp-idf/touch_element/CMakeFiles/__idf_touch_element.dir/touch_matrix.c.obj
[1053/1368] Linking C static library esp-idf/json/libjson.a
[1054/1368] Building C object esp-idf/usb/CMakeFiles/__idf_usb.dir/usb_private.c.obj
[1055/1368] Building C object esp-idf/mqtt/CMakeFiles/__idf_mqtt.dir/esp-mqtt/mqtt_client.c.obj
[1056/1368] Building C object esp-idf/wifi_provisioning/CMakeFiles/__idf_wifi_provisioning.dir/src/wifi_config.c.obj
[1057/1368] Building C object esp-idf/wifi_provisioning/CMakeFiles/__idf_wifi_provisioning.dir/src/wifi_ctrl.c.obj
[1058/1368] Linking C static library esp-idf/fatfs/libfatfs.a
[1059/1368] Linking C static library esp-idf/touch_element/libtouch_element.a
[1060/1368] Linking C static library esp-idf/mqtt/libmqtt.a
[1061/1368] Building C object esp-idf/wifi_provisioning/CMakeFiles/__idf_wifi_provisioning.dir/src/wifi_scan.c.obj
[1062/1368] Building C object esp-idf/usb/CMakeFiles/__idf_usb.dir/usb_phy.c.obj
[1063/1368] Building C object esp-idf/usb/CMakeFiles/__idf_usb.dir/hcd_dwc.c.obj
[1064/1368] Building C object esp-idf/spiffs/CMakeFiles/__idf_spiffs.dir/spiffs/src/spiffs_nucleus.c.obj
[1065/1368] Building C object esp-idf/wifi_provisioning/CMakeFiles/__idf_wifi_provisioning.dir/src/scheme_console.c.obj
[1066/1368] Building C object esp-idf/wifi_provisioning/CMakeFiles/__idf_wifi_provisioning.dir/proto-c/wifi_ctrl.pb-c.c.obj
[1067/1368] Building C object esp-idf/wifi_provisioning/CMakeFiles/__idf_wifi_provisioning.dir/src/handlers.c.obj
[1068/1368] Building C object esp-idf/usb/CMakeFiles/__idf_usb.dir/usb_host.c.obj
[1069/1368] Building C object esp-idf/wifi_provisioning/CMakeFiles/__idf_wifi_provisioning.dir/proto-c/wifi_constants.pb-c.c.obj
[1070/1368] Building C object esp-idf/wifi_provisioning/CMakeFiles/__idf_wifi_provisioning.dir/proto-c/wifi_config.pb-c.c.obj
[1071/1368] Building C object esp-idf/wifi_provisioning/CMakeFiles/__idf_wifi_provisioning.dir/proto-c/wifi_scan.pb-c.c.obj
[1072/1368] Linking C static library esp-idf/spiffs/libspiffs.a
[1073/1368] Building C object esp-idf/usb/CMakeFiles/__idf_usb.dir/usbh.c.obj
[1074/1368] Building C object esp-idf/wifi_provisioning/CMakeFiles/__idf_wifi_provisioning.dir/src/scheme_softap.c.obj
[1075/1368] Building C object esp-idf/espressif__dl_fft/CMakeFiles/__idf_espressif__dl_fft.dir/dl_fft_f32.c.obj
[1076/1368] Building C object esp-idf/espressif__dl_fft/CMakeFiles/__idf_espressif__dl_fft.dir/dl_rfft_f32.c.obj
[1077/1368] Building C object esp-idf/espressif__dl_fft/CMakeFiles/__idf_espressif__dl_fft.dir/dl_fft_s16.c.obj
[1078/1368] Building C object esp-idf/espressif__dl_fft/CMakeFiles/__idf_espressif__dl_fft.dir/dl_rfft_s16.c.obj
[1079/1368] Linking C static library esp-idf/usb/libusb.a
[1080/1368] Building ASM object esp-idf/espressif__dl_fft/CMakeFiles/__idf_espressif__dl_fft.dir/base/isa/esp32s3/dl_fft2r_fc32_aes3.S.obj
[1081/1368] Building ASM object esp-idf/espressif__dl_fft/CMakeFiles/__idf_espressif__dl_fft.dir/base/isa/esp32s3/dl_fft2r_sc16_aes3.S.obj
[1082/1368] Building C object esp-idf/espressif__dl_fft/CMakeFiles/__idf_espressif__dl_fft.dir/base/dl_fft2r_fc32_ansi.c.obj
[1083/1368] Building ASM object esp-idf/espressif__dl_fft/CMakeFiles/__idf_espressif__dl_fft.dir/base/isa/esp32s3/dl_fft4r_fc32_aes3.S.obj
[1084/1368] Building ASM object esp-idf/espressif__esp-dsp/CMakeFiles/__idf_espressif__esp-dsp.dir/modules/dotprod/float/dsps_dotprod_f32_ae32.S.obj
[1085/1368] Building C object esp-idf/wifi_provisioning/CMakeFiles/__idf_wifi_provisioning.dir/src/manager.c.obj
[1086/1368] Building C object esp-idf/espressif__dl_fft/CMakeFiles/__idf_espressif__dl_fft.dir/base/dl_fft4r_fc32_ansi.c.obj
[1087/1368] Building ASM object esp-idf/espressif__esp-dsp/CMakeFiles/__idf_espressif__esp-dsp.dir/modules/dotprod/float/dsps_dotprod_f32_m_ae32.S.obj
[1088/1368] Building C object esp-idf/espressif__cjson/CMakeFiles/__idf_espressif__cjson.dir/cJSON/cJSON_Utils.c.obj
[1089/1368] Building ASM object esp-idf/espressif__esp-dsp/CMakeFiles/__idf_espressif__esp-dsp.dir/modules/dotprod/float/dsps_dotprode_f32_ae32.S.obj
[1090/1368] Building C object esp-idf/espressif__dl_fft/CMakeFiles/__idf_espressif__dl_fft.dir/base/dl_fft2r_sc16_dif_ansi.c.obj
[1091/1368] Building C object esp-idf/espressif__dl_fft/CMakeFiles/__idf_espressif__dl_fft.dir/base/dl_fft_base.c.obj
[1092/1368] Building C object esp-idf/espressif__dl_fft/CMakeFiles/__idf_espressif__dl_fft.dir/base/dl_fft2r_sc16_ansi.c.obj
[1093/1368] Building C object esp-idf/espressif__esp-dsp/CMakeFiles/__idf_espressif__esp-dsp.dir/modules/common/misc/aes3_tie_log.c.obj
[1094/1368] Building CXX object esp-idf/espressif__esp-dsp/CMakeFiles/__idf_espressif__esp-dsp.dir/modules/common/misc/dsps_pwroftwo.cpp.obj
[1095/1368] Building ASM object esp-idf/espressif__esp-dsp/CMakeFiles/__idf_espressif__esp-dsp.dir/modules/dotprod/float/dsps_dotprode_f32_m_ae32.S.obj
[1096/1368] Building ASM object esp-idf/espressif__esp-dsp/CMakeFiles/__idf_espressif__esp-dsp.dir/modules/dotprod/float/dsps_dotprod_f32_aes3.S.obj
[1097/1368] Building ASM object esp-idf/espressif__esp-dsp/CMakeFiles/__idf_espressif__esp-dsp.dir/modules/dotprod/float/dsps_dotprod_f32_arp4.S.obj
[1098/1368] Building ASM object esp-idf/espressif__esp-dsp/CMakeFiles/__idf_espressif__esp-dsp.dir/modules/dotprod/float/dsps_dotprode_f32_arp4.S.obj
[1099/1368] Building ASM object esp-idf/espressif__esp-dsp/CMakeFiles/__idf_espressif__esp-dsp.dir/modules/dotprod/fixed/dsps_dotprod_s16_ae32.S.obj
[1100/1368] Building ASM object esp-idf/espressif__esp-dsp/CMakeFiles/__idf_espressif__esp-dsp.dir/modules/dotprod/fixed/dsps_dotprod_s16_m_ae32.S.obj
[1101/1368] Linking C static library esp-idf/wifi_provisioning/libwifi_provisioning.a
[1102/1368] Building C object esp-idf/espressif__esp-dsp/CMakeFiles/__idf_espressif__esp-dsp.dir/modules/dotprod/float/dsps_dotprod_f32_ansi.c.obj
[1103/1368] Building C object esp-idf/espressif__esp-dsp/CMakeFiles/__idf_espressif__esp-dsp.dir/modules/dotprod/float/dsps_dotprode_f32_ansi.c.obj
[1104/1368] Building ASM object esp-idf/espressif__esp-dsp/CMakeFiles/__idf_espressif__esp-dsp.dir/modules/dotprod/fixed/dsps_dotprod_s16_arp4.S.obj
[1105/1368] Linking C static library esp-idf/espressif__dl_fft/libespressif__dl_fft.a
[1106/1368] Building C object esp-idf/espressif__esp-dsp/CMakeFiles/__idf_espressif__esp-dsp.dir/modules/dotprod/fixed/dsps_dotprod_s16_ansi.c.obj
[1107/1368] Building C object esp-idf/espressif__esp-dsp/CMakeFiles/__idf_espressif__esp-dsp.dir/modules/dotprod/float/dspi_dotprod_f32_ansi.c.obj
[1108/1368] Building C object esp-idf/espressif__esp-dsp/CMakeFiles/__idf_espressif__esp-dsp.dir/modules/dotprod/float/dspi_dotprod_off_f32_ansi.c.obj
[1109/1368] Building C object esp-idf/espressif__esp-dsp/CMakeFiles/__idf_espressif__esp-dsp.dir/modules/dotprod/fixed/dspi_dotprod_s8_ansi.c.obj
[1110/1368] Building C object esp-idf/espressif__esp-dsp/CMakeFiles/__idf_espressif__esp-dsp.dir/modules/dotprod/fixed/dspi_dotprod_s16_ansi.c.obj
[1111/1368] Building C object esp-idf/espressif__cjson/CMakeFiles/__idf_espressif__cjson.dir/cJSON/cJSON.c.obj
[1112/1368] Building C object esp-idf/espressif__esp-dsp/CMakeFiles/__idf_espressif__esp-dsp.dir/modules/dotprod/fixed/dspi_dotprod_u16_ansi.c.obj
[1113/1368] Building C object esp-idf/espressif__esp-dsp/CMakeFiles/__idf_espressif__esp-dsp.dir/modules/dotprod/fixed/dspi_dotprod_u8_ansi.c.obj
[1114/1368] Building C object esp-idf/espressif__esp-dsp/CMakeFiles/__idf_espressif__esp-dsp.dir/modules/dotprod/fixed/dspi_dotprod_off_u8_ansi.c.obj
[1115/1368] Building C object esp-idf/espressif__esp-dsp/CMakeFiles/__idf_espressif__esp-dsp.dir/modules/dotprod/fixed/dspi_dotprod_off_s16_ansi.c.obj
[1116/1368] Building C object esp-idf/espressif__esp-dsp/CMakeFiles/__idf_espressif__esp-dsp.dir/modules/dotprod/fixed/dspi_dotprod_off_s8_ansi.c.obj
[1117/1368] Building ASM object esp-idf/espressif__esp-dsp/CMakeFiles/__idf_espressif__esp-dsp.dir/modules/dotprod/fixed/dspi_dotprod_s16_aes3.S.obj
[1118/1368] Building ASM object esp-idf/espressif__esp-dsp/CMakeFiles/__idf_espressif__esp-dsp.dir/modules/dotprod/fixed/dspi_dotprod_u16_aes3.S.obj
[1119/1368] Building ASM object esp-idf/espressif__esp-dsp/CMakeFiles/__idf_espressif__esp-dsp.dir/modules/dotprod/fixed/dspi_dotprod_off_s16_aes3.S.obj
[1120/1368] Building C object esp-idf/espressif__esp-dsp/CMakeFiles/__idf_espressif__esp-dsp.dir/modules/dotprod/fixed/dspi_dotprod_off_u16_ansi.c.obj
[1121/1368] Building ASM object esp-idf/espressif__esp-dsp/CMakeFiles/__idf_espressif__esp-dsp.dir/modules/dotprod/fixed/dspi_dotprod_off_u16_aes3.S.obj
[1122/1368] Building ASM object esp-idf/espressif__esp-dsp/CMakeFiles/__idf_espressif__esp-dsp.dir/modules/dotprod/fixed/dspi_dotprod_s8_aes3.S.obj
[1123/1368] Building ASM object esp-idf/espressif__esp-dsp/CMakeFiles/__idf_espressif__esp-dsp.dir/modules/dotprod/fixed/dspi_dotprod_u8_aes3.S.obj
[1124/1368] Linking C static library esp-idf/espressif__cjson/libespressif__cjson.a
[1125/1368] Building ASM object esp-idf/espressif__esp-dsp/CMakeFiles/__idf_espressif__esp-dsp.dir/modules/dotprod/fixed/dspi_dotprod_off_u8_aes3.S.obj
[1126/1368] Building ASM object esp-idf/espressif__esp-dsp/CMakeFiles/__idf_espressif__esp-dsp.dir/modules/dotprod/fixed/dspi_dotprod_off_s8_aes3.S.obj
[1127/1368] Building ASM object esp-idf/espressif__esp-dsp/CMakeFiles/__idf_espressif__esp-dsp.dir/modules/dotprod/fixed/dspi_dotprod_s16_arp4.S.obj
[1128/1368] Building ASM object esp-idf/espressif__esp-dsp/CMakeFiles/__idf_espressif__esp-dsp.dir/modules/dotprod/fixed/dspi_dotprod_s8_arp4.S.obj
[1129/1368] Building ASM object esp-idf/espressif__esp-dsp/CMakeFiles/__idf_espressif__esp-dsp.dir/modules/dotprod/fixed/dspi_dotprod_u8_arp4.S.obj
[1130/1368] Building ASM object esp-idf/espressif__esp-dsp/CMakeFiles/__idf_espressif__esp-dsp.dir/modules/dotprod/fixed/dspi_dotprod_off_u16_arp4.S.obj
[1131/1368] Building ASM object esp-idf/espressif__esp-dsp/CMakeFiles/__idf_espressif__esp-dsp.dir/modules/dotprod/fixed/dspi_dotprod_u16_arp4.S.obj
[1132/1368] Building ASM object esp-idf/espressif__esp-dsp/CMakeFiles/__idf_espressif__esp-dsp.dir/modules/dotprod/fixed/dspi_dotprod_off_s16_arp4.S.obj
[1133/1368] Building ASM object esp-idf/espressif__esp-dsp/CMakeFiles/__idf_espressif__esp-dsp.dir/modules/dotprod/fixed/dspi_dotprod_off_s8_arp4.S.obj
[1134/1368] Building ASM object esp-idf/espressif__esp-dsp/CMakeFiles/__idf_espressif__esp-dsp.dir/modules/dotprod/fixed/dspi_dotprod_off_u8_arp4.S.obj
[1135/1368] Building ASM object esp-idf/espressif__esp-dsp/CMakeFiles/__idf_espressif__esp-dsp.dir/modules/matrix/mul/float/dspm_mult_3x3x1_f32_ae32.S.obj
[1136/1368] Building ASM object esp-idf/espressif__esp-dsp/CMakeFiles/__idf_espressif__esp-dsp.dir/modules/matrix/mul/float/dspm_mult_3x3x3_f32_ae32.S.obj
[1137/1368] Building ASM object esp-idf/espressif__esp-dsp/CMakeFiles/__idf_espressif__esp-dsp.dir/modules/matrix/mul/float/dspm_mult_4x4x1_f32_ae32.S.obj
[1138/1368] Building ASM object esp-idf/espressif__esp-dsp/CMakeFiles/__idf_espressif__esp-dsp.dir/modules/matrix/mul/float/dspm_mult_f32_ae32.S.obj
[1139/1368] Building ASM object esp-idf/espressif__esp-dsp/CMakeFiles/__idf_espressif__esp-dsp.dir/modules/matrix/mul/float/dspm_mult_f32_aes3.S.obj
[1140/1368] Building ASM object esp-idf/espressif__esp-dsp/CMakeFiles/__idf_espressif__esp-dsp.dir/modules/matrix/mul/float/dspm_mult_4x4x4_f32_ae32.S.obj
[1141/1368] Building ASM object esp-idf/espressif__esp-dsp/CMakeFiles/__idf_espressif__esp-dsp.dir/modules/matrix/mul/float/dspm_mult_f32_arp4.S.obj
[1142/1368] Building ASM object esp-idf/espressif__esp-dsp/CMakeFiles/__idf_espressif__esp-dsp.dir/modules/matrix/mul/float/dspm_mult_ex_f32_ae32.S.obj
[1143/1368] Building ASM object esp-idf/espressif__esp-dsp/CMakeFiles/__idf_espressif__esp-dsp.dir/modules/matrix/mul/float/dspm_mult_ex_f32_arp4.S.obj
[1144/1368] Building ASM object esp-idf/espressif__esp-dsp/CMakeFiles/__idf_espressif__esp-dsp.dir/modules/matrix/mul/float/dspm_mult_ex_f32_aes3.S.obj
[1145/1368] Building ASM object esp-idf/espressif__esp-dsp/CMakeFiles/__idf_espressif__esp-dsp.dir/modules/matrix/mul/fixed/dspm_mult_s16_ae32.S.obj
[1146/1368] Building ASM object esp-idf/espressif__esp-dsp/CMakeFiles/__idf_espressif__esp-dsp.dir/modules/matrix/mul/fixed/dspm_mult_s16_m_ae32_vector.S.obj
[1147/1368] Building ASM object esp-idf/espressif__esp-dsp/CMakeFiles/__idf_espressif__esp-dsp.dir/modules/matrix/mul/fixed/dspm_mult_s16_m_ae32.S.obj
[1148/1368] Building ASM object esp-idf/espressif__esp-dsp/CMakeFiles/__idf_espressif__esp-dsp.dir/modules/matrix/mul/fixed/dspm_mult_s16_aes3.S.obj
[1149/1368] Building ASM object esp-idf/espressif__esp-dsp/CMakeFiles/__idf_espressif__esp-dsp.dir/modules/matrix/mul/fixed/dspm_mult_s16_arp4.S.obj
[1150/1368] Building C object esp-idf/espressif__esp-dsp/CMakeFiles/__idf_espressif__esp-dsp.dir/modules/matrix/mul/float/dspm_mult_ex_f32_ansi.c.obj
[1151/1368] Building ASM object esp-idf/espressif__esp-dsp/CMakeFiles/__idf_espressif__esp-dsp.dir/modules/matrix/addc/float/dspm_addc_f32_ae32.S.obj
[1152/1368] Building ASM object esp-idf/espressif__esp-dsp/CMakeFiles/__idf_espressif__esp-dsp.dir/modules/matrix/add/float/dspm_add_f32_ae32.S.obj
[1153/1368] Building ASM object esp-idf/espressif__esp-dsp/CMakeFiles/__idf_espressif__esp-dsp.dir/modules/matrix/mulc/float/dspm_mulc_f32_ae32.S.obj
[1154/1368] Building C object esp-idf/espressif__esp-dsp/CMakeFiles/__idf_espressif__esp-dsp.dir/modules/matrix/mul/float/dspm_mult_f32_ansi.c.obj
[1155/1368] Building ASM object esp-idf/espressif__esp-dsp/CMakeFiles/__idf_espressif__esp-dsp.dir/modules/matrix/sub/float/dspm_sub_f32_ae32.S.obj
[1156/1368] Building C object esp-idf/espressif__esp-dsp/CMakeFiles/__idf_espressif__esp-dsp.dir/modules/matrix/mul/fixed/dspm_mult_s16_ansi.c.obj
[1157/1368] Building C object esp-idf/espressif__esp-dsp/CMakeFiles/__idf_espressif__esp-dsp.dir/modules/matrix/addc/float/dspm_addc_f32_ansi.c.obj
[1158/1368] Building C object esp-idf/espressif__esp-dsp/CMakeFiles/__idf_espressif__esp-dsp.dir/modules/matrix/add/float/dspm_add_f32_ansi.c.obj
[1159/1368] Building C object esp-idf/espressif__esp-dsp/CMakeFiles/__idf_espressif__esp-dsp.dir/modules/matrix/mulc/float/dspm_mulc_f32_ansi.c.obj
[1160/1368] Building ASM object esp-idf/espressif__esp-dsp/CMakeFiles/__idf_espressif__esp-dsp.dir/modules/math/mulc/fixed/dsps_mulc_s16_ae32.S.obj
[1161/1368] Building C object esp-idf/espressif__esp-dsp/CMakeFiles/__idf_espressif__esp-dsp.dir/modules/matrix/sub/float/dspm_sub_f32_ansi.c.obj
[1162/1368] Building C object esp-idf/espressif__esp-dsp/CMakeFiles/__idf_espressif__esp-dsp.dir/modules/math/mulc/fixed/dsps_mulc_s16_ansi.c.obj
[1163/1368] Building ASM object esp-idf/espressif__esp-dsp/CMakeFiles/__idf_espressif__esp-dsp.dir/modules/math/add/fixed/dsps_add_s16_ae32.S.obj
[1164/1368] Building C object esp-idf/espressif__esp-dsp/CMakeFiles/__idf_espressif__esp-dsp.dir/modules/math/addc/float/dsps_addc_f32_ansi.c.obj
[1165/1368] Building ASM object esp-idf/espressif__esp-dsp/CMakeFiles/__idf_espressif__esp-dsp.dir/modules/math/add/fixed/dsps_add_s16_aes3.S.obj
[1166/1368] Building C object esp-idf/espressif__esp-dsp/CMakeFiles/__idf_espressif__esp-dsp.dir/modules/math/mulc/float/dsps_mulc_f32_ansi.c.obj
[1167/1368] Building ASM object esp-idf/espressif__esp-dsp/CMakeFiles/__idf_espressif__esp-dsp.dir/modules/math/add/fixed/dsps_add_s8_aes3.S.obj
[1168/1368] Building C object esp-idf/espressif__esp-dsp/CMakeFiles/__idf_espressif__esp-dsp.dir/modules/math/add/float/dsps_add_f32_ansi.c.obj
[1169/1368] Building ASM object esp-idf/espressif__esp-dsp/CMakeFiles/__idf_espressif__esp-dsp.dir/modules/math/sub/fixed/dsps_sub_s16_ae32.S.obj
[1170/1368] Building C object esp-idf/espressif__esp-dsp/CMakeFiles/__idf_espressif__esp-dsp.dir/modules/math/add/fixed/dsps_add_s16_ansi.c.obj
[1171/1368] Building C object esp-idf/espressif__esp-dsp/CMakeFiles/__idf_espressif__esp-dsp.dir/modules/math/add/fixed/dsps_add_s8_ansi.c.obj
[1172/1368] Building ASM object esp-idf/espressif__esp-dsp/CMakeFiles/__idf_espressif__esp-dsp.dir/modules/math/sub/fixed/dsps_sub_s16_aes3.S.obj
[1173/1368] Building ASM object esp-idf/espressif__esp-dsp/CMakeFiles/__idf_espressif__esp-dsp.dir/modules/math/sub/fixed/dsps_sub_s8_aes3.S.obj
[1174/1368] Building C object esp-idf/espressif__esp-dsp/CMakeFiles/__idf_espressif__esp-dsp.dir/modules/math/sub/float/dsps_sub_f32_ansi.c.obj
[1175/1368] Building C object esp-idf/espressif__esp-dsp/CMakeFiles/__idf_espressif__esp-dsp.dir/modules/math/sub/fixed/dsps_sub_s16_ansi.c.obj
[1176/1368] Building ASM object esp-idf/espressif__esp-dsp/CMakeFiles/__idf_espressif__esp-dsp.dir/modules/math/mul/fixed/dsps_mul_s16_ae32.S.obj
[1177/1368] Building ASM object esp-idf/espressif__esp-dsp/CMakeFiles/__idf_espressif__esp-dsp.dir/modules/math/mul/fixed/dsps_mul_s16_aes3.S.obj
[1178/1368] Building C object esp-idf/espressif__esp-dsp/CMakeFiles/__idf_espressif__esp-dsp.dir/modules/math/mul/float/dsps_mul_f32_ansi.c.obj
[1179/1368] Building C object esp-idf/espressif__esp-dsp/CMakeFiles/__idf_espressif__esp-dsp.dir/modules/math/sub/fixed/dsps_sub_s8_ansi.c.obj
[1180/1368] Building C object esp-idf/espressif__esp-dsp/CMakeFiles/__idf_espressif__esp-dsp.dir/modules/math/mul/fixed/dsps_mul_s16_ansi.c.obj
[1181/1368] Building ASM object esp-idf/espressif__esp-dsp/CMakeFiles/__idf_espressif__esp-dsp.dir/modules/math/mulc/float/dsps_mulc_f32_ae32.S.obj
[1182/1368] Building ASM object esp-idf/espressif__esp-dsp/CMakeFiles/__idf_espressif__esp-dsp.dir/modules/math/mul/fixed/dsps_mul_s8_aes3.S.obj
[1183/1368] Building ASM object esp-idf/espressif__esp-dsp/CMakeFiles/__idf_espressif__esp-dsp.dir/modules/math/addc/float/dsps_addc_f32_ae32.S.obj
[1184/1368] Building C object esp-idf/espressif__esp-dsp/CMakeFiles/__idf_espressif__esp-dsp.dir/modules/math/mul/fixed/dsps_mul_s8_ansi.c.obj
[1185/1368] Building ASM object esp-idf/espressif__esp-dsp/CMakeFiles/__idf_espressif__esp-dsp.dir/modules/math/add/float/dsps_add_f32_ae32.S.obj
[1186/1368] Building ASM object esp-idf/espressif__esp-dsp/CMakeFiles/__idf_espressif__esp-dsp.dir/modules/math/sub/float/dsps_sub_f32_ae32.S.obj
[1187/1368] Building ASM object esp-idf/espressif__esp-dsp/CMakeFiles/__idf_espressif__esp-dsp.dir/modules/math/mul/float/dsps_mul_f32_ae32.S.obj
[1188/1368] Building ASM object esp-idf/espressif__esp-dsp/CMakeFiles/__idf_espressif__esp-dsp.dir/modules/fft/float/dsps_fft2r_fc32_ae32_.S.obj
[1189/1368] Building ASM object esp-idf/espressif__esp-dsp/CMakeFiles/__idf_espressif__esp-dsp.dir/modules/fft/float/dsps_fft2r_fc32_aes3_.S.obj
[1190/1368] Building ASM object esp-idf/espressif__esp-dsp/CMakeFiles/__idf_espressif__esp-dsp.dir/modules/fft/float/dsps_fft2r_fc32_arp4.S.obj
[1191/1368] Building ASM object esp-idf/espressif__esp-dsp/CMakeFiles/__idf_espressif__esp-dsp.dir/modules/fft/float/dsps_bit_rev_lookup_fc32_aes3.S.obj
[1192/1368] Building C object esp-idf/espressif__esp-dsp/CMakeFiles/__idf_espressif__esp-dsp.dir/modules/math/sqrt/float/dsps_sqrt_f32_ansi.c.obj
[1193/1368] Building ASM object esp-idf/espressif__esp-dsp/CMakeFiles/__idf_espressif__esp-dsp.dir/modules/fft/float/dsps_fft4r_fc32_ae32_.S.obj
[1194/1368] Building ASM object esp-idf/espressif__esp-dsp/CMakeFiles/__idf_espressif__esp-dsp.dir/modules/fft/float/dsps_fft4r_fc32_arp4.S.obj
[1195/1368] Building ASM object esp-idf/espressif__esp-dsp/CMakeFiles/__idf_espressif__esp-dsp.dir/modules/fft/float/dsps_fft4r_fc32_aes3_.S.obj
[1196/1368] Building C object esp-idf/espressif__esp-dsp/CMakeFiles/__idf_espressif__esp-dsp.dir/modules/fft/float/dsps_fft4r_bitrev_tables_fc32.c.obj
[1197/1368] Building ASM object esp-idf/espressif__esp-dsp/CMakeFiles/__idf_espressif__esp-dsp.dir/modules/fft/fixed/dsps_fft2r_sc16_ae32.S.obj
[1198/1368] Building C object esp-idf/espressif__esp-dsp/CMakeFiles/__idf_espressif__esp-dsp.dir/modules/fft/float/dsps_fft2r_fc32_ae32.c.obj
[1199/1368] Building C object esp-idf/espressif__esp-dsp/CMakeFiles/__idf_espressif__esp-dsp.dir/modules/fft/float/dsps_fft2r_bitrev_tables_fc32.c.obj
[1200/1368] Building C object esp-idf/espressif__esp-dsp/CMakeFiles/__idf_espressif__esp-dsp.dir/modules/fft/float/dsps_fft4r_fc32_ae32.c.obj
[1201/1368] Building ASM object esp-idf/espressif__esp-dsp/CMakeFiles/__idf_espressif__esp-dsp.dir/modules/fft/fixed/dsps_fft2r_sc16_arp4.S.obj
[1202/1368] Building ASM object esp-idf/espressif__esp-dsp/CMakeFiles/__idf_espressif__esp-dsp.dir/modules/fft/fixed/dsps_fft2r_sc16_aes3.S.obj
[1203/1368] Building C object esp-idf/espressif__esp-dsp/CMakeFiles/__idf_espressif__esp-dsp.dir/modules/fft/float/dsps_fft4r_fc32_ansi.c.obj
[1204/1368] Building C object esp-idf/espressif__esp-dsp/CMakeFiles/__idf_espressif__esp-dsp.dir/modules/fft/float/dsps_fft2r_fc32_ansi.c.obj
[1205/1368] Building C object esp-idf/espressif__esp-dsp/CMakeFiles/__idf_espressif__esp-dsp.dir/modules/support/misc/dsps_d_gen.c.obj
[1206/1368] Building C object esp-idf/espressif__esp-dsp/CMakeFiles/__idf_espressif__esp-dsp.dir/modules/support/misc/dsps_h_gen.c.obj
[1207/1368] Building C object esp-idf/espressif__esp-dsp/CMakeFiles/__idf_espressif__esp-dsp.dir/modules/dct/float/dsps_dct_f32.c.obj
[1208/1368] Building C object esp-idf/espressif__esp-dsp/CMakeFiles/__idf_espressif__esp-dsp.dir/modules/support/misc/dsps_tone_gen.c.obj
[1209/1368] Building C object esp-idf/espressif__esp-dsp/CMakeFiles/__idf_espressif__esp-dsp.dir/modules/fft/fixed/dsps_fft2r_sc16_ansi.c.obj
[1210/1368] Building C object esp-idf/espressif__esp-dsp/CMakeFiles/__idf_espressif__esp-dsp.dir/modules/dct/float/dsps_dstiv_f32.c.obj
[1211/1368] Building ASM object esp-idf/espressif__esp-dsp/CMakeFiles/__idf_espressif__esp-dsp.dir/modules/support/cplx_gen/dsps_cplx_gen.S.obj
[1212/1368] Building C object esp-idf/espressif__esp-dsp/CMakeFiles/__idf_espressif__esp-dsp.dir/modules/support/cplx_gen/dsps_cplx_gen.c.obj
[1213/1368] Building C object esp-idf/espressif__esp-dsp/CMakeFiles/__idf_espressif__esp-dsp.dir/modules/dct/float/dsps_dctiv_f32.c.obj
[1214/1368] Building ASM object esp-idf/espressif__esp-dsp/CMakeFiles/__idf_espressif__esp-dsp.dir/modules/support/mem/esp32s3/dsps_memset_aes3.S.obj
[1215/1368] Building ASM object esp-idf/espressif__esp-dsp/CMakeFiles/__idf_espressif__esp-dsp.dir/modules/support/mem/esp32s3/dsps_memcpy_aes3.S.obj
[1216/1368] Building C object esp-idf/espressif__esp-dsp/CMakeFiles/__idf_espressif__esp-dsp.dir/modules/windows/hann/float/dsps_wind_hann_f32.c.obj
[1217/1368] Building C object esp-idf/espressif__esp-dsp/CMakeFiles/__idf_espressif__esp-dsp.dir/modules/windows/blackman/float/dsps_wind_blackman_f32.c.obj
[1218/1368] Building C object esp-idf/espressif__esp-dsp/CMakeFiles/__idf_espressif__esp-dsp.dir/modules/windows/blackman_harris/float/dsps_wind_blackman_harris_f32.c.obj
[1219/1368] Building C object esp-idf/espressif__esp-dsp/CMakeFiles/__idf_espressif__esp-dsp.dir/modules/windows/blackman_nuttall/float/dsps_wind_blackman_nuttall_f32.c.obj
[1220/1368] Building C object esp-idf/espressif__esp-dsp/CMakeFiles/__idf_espressif__esp-dsp.dir/modules/windows/nuttall/float/dsps_wind_nuttall_f32.c.obj
[1221/1368] Building C object esp-idf/espressif__esp-dsp/CMakeFiles/__idf_espressif__esp-dsp.dir/modules/support/cplx_gen/dsps_cplx_gen_init.c.obj
[1222/1368] Building C object esp-idf/espressif__esp-dsp/CMakeFiles/__idf_espressif__esp-dsp.dir/modules/windows/flat_top/float/dsps_wind_flat_top_f32.c.obj
[1223/1368] Building C object esp-idf/espressif__esp-dsp/CMakeFiles/__idf_espressif__esp-dsp.dir/modules/conv/float/dsps_conv_f32_ansi.c.obj
[1224/1368] Building ASM object esp-idf/espressif__esp-dsp/CMakeFiles/__idf_espressif__esp-dsp.dir/modules/conv/float/dsps_conv_f32_ae32.S.obj
[1225/1368] Building ASM object esp-idf/espressif__esp-dsp/CMakeFiles/__idf_espressif__esp-dsp.dir/modules/conv/float/dsps_corr_f32_ae32.S.obj
[1226/1368] Building ASM object esp-idf/espressif__esp-dsp/CMakeFiles/__idf_espressif__esp-dsp.dir/modules/conv/float/dsps_ccorr_f32_ae32.S.obj
[1227/1368] Building ASM object esp-idf/espressif__esp-dsp/CMakeFiles/__idf_espressif__esp-dsp.dir/modules/iir/biquad/dsps_biquad_f32_ae32.S.obj
[1228/1368] Building C object esp-idf/espressif__esp-dsp/CMakeFiles/__idf_espressif__esp-dsp.dir/modules/conv/float/dsps_corr_f32_ansi.c.obj
[1229/1368] Building ASM object esp-idf/espressif__esp-dsp/CMakeFiles/__idf_espressif__esp-dsp.dir/modules/iir/biquad/dsps_biquad_sf32_ae32.S.obj
[1230/1368] Building ASM object esp-idf/espressif__esp-dsp/CMakeFiles/__idf_espressif__esp-dsp.dir/modules/iir/biquad/dsps_biquad_f32_aes3.S.obj
[1231/1368] Building C object esp-idf/espressif__esp-dsp/CMakeFiles/__idf_espressif__esp-dsp.dir/modules/conv/float/dsps_ccorr_f32_ansi.c.obj
[1232/1368] Building ASM object esp-idf/espressif__esp-dsp/CMakeFiles/__idf_espressif__esp-dsp.dir/modules/iir/biquad/dsps_biquad_f32_arp4.S.obj
[1233/1368] Building ASM object esp-idf/espressif__esp-dsp/CMakeFiles/__idf_espressif__esp-dsp.dir/modules/iir/biquad/dsps_biquad_sf32_arp4.S.obj
[1234/1368] Building C object esp-idf/espressif__esp-dsp/CMakeFiles/__idf_espressif__esp-dsp.dir/modules/conv/float/dspi_conv_f32_ansi.c.obj
[1235/1368] Building CXX object esp-idf/espressif__esp-dsp/CMakeFiles/__idf_espressif__esp-dsp.dir/modules/support/sfdr/float/dsps_sfdr_f32.cpp.obj
[1236/1368] Building ASM object esp-idf/espressif__esp-dsp/CMakeFiles/__idf_espressif__esp-dsp.dir/modules/fir/float/dsps_fir_f32_ae32.S.obj
[1237/1368] Building ASM object esp-idf/espressif__esp-dsp/CMakeFiles/__idf_espressif__esp-dsp.dir/modules/fir/float/dsps_fir_f32_aes3.S.obj
[1238/1368] Building CXX object esp-idf/espressif__esp-dsp/CMakeFiles/__idf_espressif__esp-dsp.dir/modules/support/snr/float/dsps_snr_f32.cpp.obj
[1239/1368] Building C object esp-idf/espressif__esp-dsp/CMakeFiles/__idf_espressif__esp-dsp.dir/modules/iir/biquad/dsps_biquad_sf32_ansi.c.obj
[1240/1368] Building ASM object esp-idf/espressif__esp-dsp/CMakeFiles/__idf_espressif__esp-dsp.dir/modules/fir/float/dsps_fird_f32_ae32.S.obj
[1241/1368] Building C object esp-idf/espressif__esp-dsp/CMakeFiles/__idf_espressif__esp-dsp.dir/modules/iir/biquad/dsps_biquad_f32_ansi.c.obj
[1242/1368] Building ASM object esp-idf/espressif__esp-dsp/CMakeFiles/__idf_espressif__esp-dsp.dir/modules/fir/float/dsps_fird_f32_arp4.S.obj
[1243/1368] Building ASM object esp-idf/espressif__esp-dsp/CMakeFiles/__idf_espressif__esp-dsp.dir/modules/fir/float/dsps_fird_f32_aes3.S.obj
[1244/1368] Building CXX object esp-idf/espressif__esp-dsp/CMakeFiles/__idf_espressif__esp-dsp.dir/modules/support/view/dsps_view.cpp.obj
[1245/1368] Building C object esp-idf/espressif__esp-dsp/CMakeFiles/__idf_espressif__esp-dsp.dir/modules/iir/biquad/dsps_biquad_gen_f32.c.obj
[1246/1368] Building ASM object esp-idf/espressif__esp-dsp/CMakeFiles/__idf_espressif__esp-dsp.dir/modules/fir/fixed/dsps_fird_s16_ae32.S.obj
[1247/1368] Building ASM object esp-idf/espressif__esp-dsp/CMakeFiles/__idf_espressif__esp-dsp.dir/modules/fir/fixed/dsps_fir_s16_m_ae32.S.obj
[1248/1368] Building ASM object esp-idf/espressif__esp-dsp/CMakeFiles/__idf_espressif__esp-dsp.dir/modules/fir/fixed/dsps_fird_s16_aes3.S.obj
[1249/1368] Building C object esp-idf/espressif__esp-dsp/CMakeFiles/__idf_espressif__esp-dsp.dir/modules/fir/float/dsps_fir_f32_ansi.c.obj
[1250/1368] Building C object esp-idf/espressif__esp-dsp/CMakeFiles/__idf_espressif__esp-dsp.dir/modules/fir/float/dsps_fird_f32_ansi.c.obj
[1251/1368] Building C object esp-idf/espressif__esp-dsp/CMakeFiles/__idf_espressif__esp-dsp.dir/modules/fir/float/dsps_fird_init_f32.c.obj
[1252/1368] Building ASM object esp-idf/espressif__esp-dsp/CMakeFiles/__idf_espressif__esp-dsp.dir/modules/fir/fixed/dsps_fird_s16_arp4.S.obj
[1253/1368] Building C object esp-idf/espressif__esp-dsp/CMakeFiles/__idf_espressif__esp-dsp.dir/modules/fir/float/dsps_fir_init_f32.c.obj
[1254/1368] Building C object esp-idf/espressif__esp-dsp/CMakeFiles/__idf_espressif__esp-dsp.dir/modules/fir/fixed/dsps_fird_s16_ansi.c.obj
[1255/1368] Building C object esp-idf/espressif__esp-dsp/CMakeFiles/__idf_espressif__esp-dsp.dir/modules/fir/fixed/dsps_fird_init_s16.c.obj
[1256/1368] Building C object esp-idf/espressif__esp-sr/CMakeFiles/__idf_espressif__esp-sr.dir/src/esp_sr_debug.c.obj
[1257/1368] Building C object esp-idf/espressif__esp-dsp/CMakeFiles/__idf_espressif__esp-dsp.dir/modules/fir/float/dsps_firmr_init_f32.c.obj
[1258/1368] Building C object esp-idf/espressif__esp-dsp/CMakeFiles/__idf_espressif__esp-dsp.dir/modules/fir/float/dsps_firmr_f32_ansi.c.obj
[1259/1368] Building C object esp-idf/espressif__esp-dsp/CMakeFiles/__idf_espressif__esp-dsp.dir/modules/fir/resampler/dsps_resampler_mr.c.obj
[1260/1368] Building C object esp-idf/espressif__esp-dsp/CMakeFiles/__idf_espressif__esp-dsp.dir/modules/fir/fixed/dsps_firmr_init_s16.c.obj
[1261/1368] Building C object esp-idf/espressif__esp-dsp/CMakeFiles/__idf_espressif__esp-dsp.dir/modules/fir/fixed/dsps_firmr_s16_ansi.c.obj
[1262/1368] Building C object esp-idf/espressif__esp-dsp/CMakeFiles/__idf_espressif__esp-dsp.dir/modules/fir/resampler/dsps_resampler_ph.c.obj
[1263/1368] Building C object esp-idf/espressif__esp_codec_dev/CMakeFiles/__idf_espressif__esp_codec_dev.dir/esp_codec_dev_vol.c.obj
[1264/1368] Building C object esp-idf/espressif__esp-sr/CMakeFiles/__idf_espressif__esp-sr.dir/src/esp_process_sdkconfig.c.obj
[1265/1368] Building C object esp-idf/espressif__esp_codec_dev/CMakeFiles/__idf_espressif__esp_codec_dev.dir/esp_codec_dev_if.c.obj
[1266/1368] Building C object esp-idf/espressif__esp_codec_dev/CMakeFiles/__idf_espressif__esp_codec_dev.dir/platform/audio_codec_gpio.c.obj
[1267/1368] Building C object esp-idf/espressif__esp_codec_dev/CMakeFiles/__idf_espressif__esp_codec_dev.dir/audio_codec_sw_vol.c.obj
[1268/1368] Building C object esp-idf/espressif__esp_codec_dev/CMakeFiles/__idf_espressif__esp_codec_dev.dir/platform/audio_codec_ctrl_i2c.c.obj
[1269/1368] Building C object esp-idf/espressif__esp-sr/CMakeFiles/__idf_espressif__esp-sr.dir/src/esp_mn_speech_commands.c.obj
[1270/1368] Building C object esp-idf/espressif__esp-sr/CMakeFiles/__idf_espressif__esp-sr.dir/src/model_path.c.obj
[1271/1368] Building C object esp-idf/espressif__esp_codec_dev/CMakeFiles/__idf_espressif__esp_codec_dev.dir/esp_codec_dev.c.obj
[1272/1368] Building C object esp-idf/espressif__esp_codec_dev/CMakeFiles/__idf_espressif__esp_codec_dev.dir/platform/esp_codec_dev_os.c.obj
[1273/1368] Building C object esp-idf/espressif__esp_codec_dev/CMakeFiles/__idf_espressif__esp_codec_dev.dir/platform/audio_codec_ctrl_spi.c.obj
[1274/1368] Building C object esp-idf/espressif__esp_codec_dev/CMakeFiles/__idf_espressif__esp_codec_dev.dir/device/es8156/es8156.c.obj
[1275/1368] Building C object esp-idf/espressif__esp_codec_dev/CMakeFiles/__idf_espressif__esp_codec_dev.dir/device/es7243e/es7243e.c.obj
[1276/1368] Building C object esp-idf/espressif__esp_codec_dev/CMakeFiles/__idf_espressif__esp_codec_dev.dir/device/es7243/es7243.c.obj
[1277/1368] Building C object esp-idf/espressif__esp_codec_dev/CMakeFiles/__idf_espressif__esp_codec_dev.dir/device/es8311/es8311.c.obj
[1278/1368] Building C object esp-idf/espressif__esp_codec_dev/CMakeFiles/__idf_espressif__esp_codec_dev.dir/platform/audio_codec_data_i2s.c.obj
[1279/1368] Building C object esp-idf/espressif__esp_codec_dev/CMakeFiles/__idf_espressif__esp_codec_dev.dir/device/es7210/es7210.c.obj
[1280/1368] Building C object esp-idf/espressif__esp_codec_dev/CMakeFiles/__idf_espressif__esp_codec_dev.dir/device/es8388/es8388.c.obj
[1281/1368] Building C object esp-idf/espressif__esp_codec_dev/CMakeFiles/__idf_espressif__esp_codec_dev.dir/device/tas5805m/tas5805m.c.obj
[1282/1368] Building C object esp-idf/espressif__esp_codec_dev/CMakeFiles/__idf_espressif__esp_codec_dev.dir/device/aw88298/aw88298.c.obj
[1283/1368] Building C object esp-idf/espressif__esp_io_expander/CMakeFiles/__idf_espressif__esp_io_expander.dir/esp_io_expander_gpio_wrapper.c.obj
[1284/1368] Building C object esp-idf/espressif__esp_codec_dev/CMakeFiles/__idf_espressif__esp_codec_dev.dir/device/es8374/es8374.c.obj
[1285/1368] Building C object esp-idf/espressif__esp_io_expander/CMakeFiles/__idf_espressif__esp_io_expander.dir/esp_io_expander_gpio_wrapper_weak.c.obj
[1286/1368] Building C object esp-idf/espressif__esp_codec_dev/CMakeFiles/__idf_espressif__esp_codec_dev.dir/device/es8389/es8389.c.obj
[1287/1368] Building C object esp-idf/espressif__esp_io_expander_tca9554/CMakeFiles/__idf_espressif__esp_io_expander_tca9554.dir/esp_io_expander_tca9554.c.obj
[1288/1368] Building C object esp-idf/espressif__esp_io_expander/CMakeFiles/__idf_espressif__esp_io_expander.dir/esp_io_expander.c.obj
[1289/1368] Building C object esp-idf/espressif__esp_lcd_touch_ft5x06/CMakeFiles/__idf_espressif__esp_lcd_touch_ft5x06.dir/esp_lcd_touch_ft5x06.c.obj
[1290/1368] Building C object esp-idf/espressif__esp_lcd_panel_io_additions/CMakeFiles/__idf_espressif__esp_lcd_panel_io_additions.dir/esp_lcd_panel_io_3wire_spi.c.obj
[1291/1368] Building C object esp-idf/espressif__esp_lcd_touch/CMakeFiles/__idf_espressif__esp_lcd_touch.dir/esp_lcd_touch.c.obj
[1292/1368] Building C object esp-idf/tuyaos_adapter/CMakeFiles/__idf_tuyaos_adapter.dir/include/init/src/tkl_init_common.c.obj
[1293/1368] Building C object esp-idf/main/CMakeFiles/__idf_main.dir/main.c.obj
[1294/1368] Building C object esp-idf/tuyaos_adapter/CMakeFiles/__idf_tuyaos_adapter.dir/include/init/src/tkl_init_system.c.obj
[1295/1368] Building C object esp-idf/waveshare__esp_lcd_sh8601/CMakeFiles/__idf_waveshare__esp_lcd_sh8601.dir/esp_lcd_sh8601.c.obj
[1296/1368] Building C object esp-idf/tuyaos_adapter/CMakeFiles/__idf_tuyaos_adapter.dir/include/init/src/tkl_init_wifi.c.obj
[1297/1368] Building C object esp-idf/espressif__esp_lcd_touch_gt911/CMakeFiles/__idf_espressif__esp_lcd_touch_gt911.dir/esp_lcd_touch_gt911.c.obj
[1298/1368] Building C object esp-idf/tuyaos_adapter/CMakeFiles/__idf_tuyaos_adapter.dir/include/utilities/src/tuya_list.c.obj
[1299/1368] Building C object esp-idf/tuyaos_adapter/CMakeFiles/__idf_tuyaos_adapter.dir/include/utilities/src/tuya_hashmap.c.obj
[1300/1368] Building C object esp-idf/tuyaos_adapter/CMakeFiles/__idf_tuyaos_adapter.dir/include/utilities/src/tuya_ringbuf.c.obj
[1301/1368] Building C object esp-idf/tuyaos_adapter/CMakeFiles/__idf_tuyaos_adapter.dir/include/utilities/src/tuya_queue.c.obj
[1302/1368] Building C object esp-idf/tuyaos_adapter/CMakeFiles/__idf_tuyaos_adapter.dir/include/utilities/src/tuya_smartpointer.c.obj
[1303/1368] Building CXX object esp-idf/espressif__esp-dsp/CMakeFiles/__idf_espressif__esp-dsp.dir/modules/matrix/mat/mat.cpp.obj
[1304/1368] Building C object esp-idf/tuyaos_adapter/CMakeFiles/__idf_tuyaos_adapter.dir/include/utilities/src/tuya_mem_heap.c.obj
[1305/1368] Building C object esp-idf/tuyaos_adapter/CMakeFiles/__idf_tuyaos_adapter.dir/src/system/tkl_memory.c.obj
[1306/1368] Building C object esp-idf/tuyaos_adapter/CMakeFiles/__idf_tuyaos_adapter.dir/include/utilities/src/tuya_tools.c.obj
[1307/1368] Building C object esp-idf/tuyaos_adapter/CMakeFiles/__idf_tuyaos_adapter.dir/src/system/tkl_output.c.obj
[1308/1368] Building C object esp-idf/tuyaos_adapter/CMakeFiles/__idf_tuyaos_adapter.dir/src/system/tkl_mutex.c.obj
[1309/1368] Linking C static library esp-idf/espressif__esp_lcd_touch/libespressif__esp_lcd_touch.a
[1310/1368] Linking C static library esp-idf/waveshare__esp_lcd_sh8601/libwaveshare__esp_lcd_sh8601.a
[1311/1368] Linking C static library esp-idf/espressif__esp_io_expander/libespressif__esp_io_expander.a
[1312/1368] Linking C static library esp-idf/espressif__esp_codec_dev/libespressif__esp_codec_dev.a
[1313/1368] Building C object esp-idf/tuyaos_adapter/CMakeFiles/__idf_tuyaos_adapter.dir/src/system/tkl_semaphore.c.obj
[1314/1368] Building C object esp-idf/tuyaos_adapter/CMakeFiles/__idf_tuyaos_adapter.dir/src/system/tkl_queue.c.obj
[1315/1368] Linking C static library esp-idf/espressif__esp_lcd_touch_ft5x06/libespressif__esp_lcd_touch_ft5x06.a
[1316/1368] Linking C static library esp-idf/espressif__esp_lcd_touch_gt911/libespressif__esp_lcd_touch_gt911.a
[1317/1368] Linking C static library esp-idf/espressif__esp_io_expander_tca9554/libespressif__esp_io_expander_tca9554.a
[1318/1368] Linking C static library esp-idf/espressif__esp_lcd_panel_io_additions/libespressif__esp_lcd_panel_io_additions.a
[1319/1368] Building C object esp-idf/tuyaos_adapter/CMakeFiles/__idf_tuyaos_adapter.dir/src/system/tkl_system.c.obj
[1320/1368] Building C object esp-idf/tuyaos_adapter/CMakeFiles/__idf_tuyaos_adapter.dir/src/system/tkl_sleep.c.obj
[1321/1368] Building C object esp-idf/tuyaos_adapter/CMakeFiles/__idf_tuyaos_adapter.dir/src/system/tkl_thread.c.obj
[1322/1368] Building C object esp-idf/tuyaos_adapter/CMakeFiles/__idf_tuyaos_adapter.dir/src/audio/audio_afe.c.obj
[1323/1368] Building C object esp-idf/tuyaos_adapter/CMakeFiles/__idf_tuyaos_adapter.dir/src/audio/tkl_kws.c.obj
[1324/1368] Building C object esp-idf/tuyaos_adapter/CMakeFiles/__idf_tuyaos_adapter.dir/src/audio/tkl_vad.c.obj
[1325/1368] Building C object esp-idf/tuyaos_adapter/CMakeFiles/__idf_tuyaos_adapter.dir/src/drivers/tkl_flash.c.obj
[1326/1368] Building C object esp-idf/tuyaos_adapter/CMakeFiles/__idf_tuyaos_adapter.dir/src/drivers/tkl_i2s.c.obj
[1327/1368] Building C object esp-idf/tuyaos_adapter/CMakeFiles/__idf_tuyaos_adapter.dir/src/drivers/tkl_i2c.c.obj
[1328/1368] Building C object esp-idf/tuyaos_adapter/CMakeFiles/__idf_tuyaos_adapter.dir/src/drivers/tkl_adc.c.obj
[1329/1368] Building CXX object esp-idf/espressif__esp-dsp/CMakeFiles/__idf_espressif__esp-dsp.dir/modules/kalman/ekf_imu13states/ekf_imu13states.cpp.obj
[1330/1368] Building C object esp-idf/tuyaos_adapter/CMakeFiles/__idf_tuyaos_adapter.dir/src/drivers/tkl_ota.c.obj
[1331/1368] Building C object esp-idf/tuyaos_adapter/CMakeFiles/__idf_tuyaos_adapter.dir/src/drivers/tkl_pinmux.c.obj
[1332/1368] Building C object esp-idf/tuyaos_adapter/CMakeFiles/__idf_tuyaos_adapter.dir/src/drivers/tkl_pin.c.obj
[1333/1368] Building CXX object esp-idf/espressif__esp-dsp/CMakeFiles/__idf_espressif__esp-dsp.dir/modules/kalman/ekf/common/ekf.cpp.obj
[1334/1368] Building C object esp-idf/tuyaos_adapter/CMakeFiles/__idf_tuyaos_adapter.dir/src/drivers/tkl_network.c.obj
[1335/1368] Building C object esp-idf/tuyaos_adapter/CMakeFiles/__idf_tuyaos_adapter.dir/src/drivers/tkl_pwm.c.obj
[1336/1368] Building C object esp-idf/tuyaos_adapter/CMakeFiles/__idf_tuyaos_adapter.dir/src/drivers/tkl_rtc.c.obj
[1337/1368] Building C object esp-idf/tuyaos_adapter/CMakeFiles/__idf_tuyaos_adapter.dir/src/drivers/tkl_timer.c.obj
[1338/1368] Building C object esp-idf/tuyaos_adapter/CMakeFiles/__idf_tuyaos_adapter.dir/src/drivers/tkl_watchdog.c.obj
[1339/1368] Building C object esp-idf/tuyaos_adapter/CMakeFiles/__idf_tuyaos_adapter.dir/Users/xiongzhenhua/gitlab/embedded/TuyaOpen/boards/ESP32/common/lcd/tdd_disp_esp_rgb_panel.c.obj
[1340/1368] Building C object esp-idf/tuyaos_adapter/CMakeFiles/__idf_tuyaos_adapter.dir/src/drivers/tkl_uart.c.obj
[1341/1368] Building C object esp-idf/tuyaos_adapter/CMakeFiles/__idf_tuyaos_adapter.dir/Users/xiongzhenhua/gitlab/embedded/TuyaOpen/boards/ESP32/common/lcd/tdd_disp_esp_lcd.c.obj
[1342/1368] Building C object esp-idf/tuyaos_adapter/CMakeFiles/__idf_tuyaos_adapter.dir/src/drivers/tkl_bt.c.obj
[1343/1368] Building C object esp-idf/tuyaos_adapter/CMakeFiles/__idf_tuyaos_adapter.dir/src/drivers/tkl_wifi.c.obj
[1344/1368] Building C object esp-idf/tuyaos_adapter/CMakeFiles/__idf_tuyaos_adapter.dir/Users/xiongzhenhua/gitlab/embedded/TuyaOpen/boards/ESP32/common/lcd/tdd_disp_esp_sh8601.c.obj
[1345/1368] Building C object esp-idf/tuyaos_adapter/CMakeFiles/__idf_tuyaos_adapter.dir/Users/xiongzhenhua/gitlab/embedded/TuyaOpen/boards/ESP32/common/lcd/tdd_disp_esp_ssd1306.c.obj
[1346/1368] Building C object esp-idf/tuyaos_adapter/CMakeFiles/__idf_tuyaos_adapter.dir/Users/xiongzhenhua/gitlab/embedded/TuyaOpen/boards/ESP32/common/io_expander/ch422g.c.obj
[1347/1368] Building C object esp-idf/tuyaos_adapter/CMakeFiles/__idf_tuyaos_adapter.dir/Users/xiongzhenhua/gitlab/embedded/TuyaOpen/boards/ESP32/common/io_expander/tca9554.c.obj
[1348/1368] Building C object esp-idf/tuyaos_adapter/CMakeFiles/__idf_tuyaos_adapter.dir/Users/xiongzhenhua/gitlab/embedded/TuyaOpen/boards/ESP32/common/lcd/tdd_disp_esp_st7789_spi.c.obj
[1349/1368] Building C object esp-idf/tuyaos_adapter/CMakeFiles/__idf_tuyaos_adapter.dir/Users/xiongzhenhua/gitlab/embedded/TuyaOpen/boards/ESP32/common/lcd/tdd_disp_esp_st7789_80.c.obj
[1350/1368] Building C object esp-idf/tuyaos_adapter/CMakeFiles/__idf_tuyaos_adapter.dir/Users/xiongzhenhua/gitlab/embedded/TuyaOpen/boards/ESP32/common/tp/tdd_tp_esp.c.obj
/Users/xiongzhenhua/gitlab/embedded/TuyaOpen/boards/ESP32/common/tp/tdd_tp_esp.c: In function '__esp_tp_read':
/Users/xiongzhenhua/gitlab/embedded/TuyaOpen/boards/ESP32/common/tp/tdd_tp_esp.c:78:5: warning: 'esp_lcd_touch_get_coordinates' is deprecated: This API will be removed in version 2.0.0. Use esp_lcd_touch_get_data instead! [-Wdeprecated-declarations]
   78 |     if (false == esp_lcd_touch_get_coordinates(dev->esp_tp_hdl, x_buf, y_buf, NULL, &read_num, cap_num)) {
      |     ^~
In file included from /Users/xiongzhenhua/gitlab/embedded/TuyaOpen/boards/ESP32/common/tp/tdd_tp_esp.c:12:
/Users/xiongzhenhua/gitlab/embedded/TuyaOpen/platform/ESP32/tuya_open_sdk/managed_components/espressif__esp_lcd_touch/include/esp_lcd_touch.h:317:6: note: declared here
  317 | bool esp_lcd_touch_get_coordinates(esp_lcd_touch_handle_t tp, uint16_t *x, uint16_t *y, uint16_t *strength, uint8_t *point_num, uint8_t max_point_num);
      |      ^~~~~~~~~~~~~~~~~~~~~~~~~~~~~
[1351/1368] Building C object esp-idf/tuyaos_adapter/CMakeFiles/__idf_tuyaos_adapter.dir/Users/xiongzhenhua/gitlab/embedded/TuyaOpen/boards/ESP32/common/io_expander/xl9555.c.obj
[1352/1368] Building C object esp-idf/tuyaos_adapter/CMakeFiles/__idf_tuyaos_adapter.dir/Users/xiongzhenhua/gitlab/embedded/TuyaOpen/boards/ESP32/common/tp/tdd_tp_esp_ft5x06.c.obj
[1353/1368] Building C object esp-idf/tuyaos_adapter/CMakeFiles/__idf_tuyaos_adapter.dir/Users/xiongzhenhua/gitlab/embedded/TuyaOpen/boards/ESP32/common/tp/tdd_tp_esp_gt911.c.obj
[1354/1368] Building C object esp-idf/tuyaos_adapter/CMakeFiles/__idf_tuyaos_adapter.dir/Users/xiongzhenhua/gitlab/embedded/TuyaOpen/boards/ESP32/common/audio/tdd_audio_codec_bus.c.obj
[1355/1368] Building C object esp-idf/tuyaos_adapter/CMakeFiles/__idf_tuyaos_adapter.dir/Users/xiongzhenhua/gitlab/embedded/TuyaOpen/boards/ESP32/common/audio/tdd_audio_no_codec.c.obj
[1356/1368] Linking C static library esp-idf/espressif__esp-dsp/libespressif__esp-dsp.a
[1357/1368] Building C object esp-idf/tuyaos_adapter/CMakeFiles/__idf_tuyaos_adapter.dir/Users/xiongzhenhua/gitlab/embedded/TuyaOpen/boards/ESP32/common/audio/tdd_audio_es8388_codec.c.obj
[1358/1368] Building C object esp-idf/tuyaos_adapter/CMakeFiles/__idf_tuyaos_adapter.dir/Users/xiongzhenhua/gitlab/embedded/TuyaOpen/boards/ESP32/common/audio/tdd_audio_es8389_codec.c.obj
[1359/1368] Building C object esp-idf/tuyaos_adapter/CMakeFiles/__idf_tuyaos_adapter.dir/Users/xiongzhenhua/gitlab/embedded/TuyaOpen/boards/ESP32/common/audio/tdd_audio_8311_codec.c.obj
[1360/1368] Building C object esp-idf/tuyaos_adapter/CMakeFiles/__idf_tuyaos_adapter.dir/Users/xiongzhenhua/gitlab/embedded/TuyaOpen/boards/ESP32/common/audio/tdd_audio_atk_no_codec.c.obj
[1361/1368] Linking C static library esp-idf/espressif__esp-sr/libespressif__esp-sr.a
[1362/1368] Linking C static library esp-idf/tuyaos_adapter/libtuyaos_adapter.a
[1363/1368] Linking C static library esp-idf/main/libmain.a
[1364/1368] Generating ld/sections.ld
[1365/1368] Building C object CMakeFiles/tuya_open_sdk.elf.dir/project_elf_src_esp32s3.c.obj
[1366/1368] Linking CXX executable tuya_open_sdk.elf
/Users/xiongzhenhua/gitlab/embedded/TuyaOpen/platform/ESP32/.espressif/tools/xtensa-esp-elf/esp-14.2.0_20241119/xtensa-esp-elf/bin/../lib/gcc/xtensa-esp-elf/14.2.0/../../../../xtensa-esp-elf/bin/ld: esp-idf/espressif__esp-sr/libespressif__esp-sr.a(model_path.c.obj):(.literal.read_models_form_spiffs+0x24): warning: closedir is not implemented and will always fail
/Users/xiongzhenhua/gitlab/embedded/TuyaOpen/platform/ESP32/.espressif/tools/xtensa-esp-elf/esp-14.2.0_20241119/xtensa-esp-elf/bin/../lib/gcc/xtensa-esp-elf/14.2.0/../../../../xtensa-esp-elf/bin/ld: esp-idf/espressif__esp-sr/libespressif__esp-sr.a(model_path.c.obj): note: the message above does not take linker garbage collection into account
/Users/xiongzhenhua/gitlab/embedded/TuyaOpen/platform/ESP32/.espressif/tools/xtensa-esp-elf/esp-14.2.0_20241119/xtensa-esp-elf/bin/../lib/gcc/xtensa-esp-elf/14.2.0/../../../../xtensa-esp-elf/bin/ld: esp-idf/espressif__esp-sr/libespressif__esp-sr.a(model_path.c.obj):(.literal.read_models_form_spiffs+0xc): warning: opendir is not implemented and will always fail
/Users/xiongzhenhua/gitlab/embedded/TuyaOpen/platform/ESP32/.espressif/tools/xtensa-esp-elf/esp-14.2.0_20241119/xtensa-esp-elf/bin/../lib/gcc/xtensa-esp-elf/14.2.0/../../../../xtensa-esp-elf/bin/ld: esp-idf/espressif__esp-sr/libespressif__esp-sr.a(model_path.c.obj): note: the message above does not take linker garbage collection into account
/Users/xiongzhenhua/gitlab/embedded/TuyaOpen/platform/ESP32/.espressif/tools/xtensa-esp-elf/esp-14.2.0_20241119/xtensa-esp-elf/bin/../lib/gcc/xtensa-esp-elf/14.2.0/../../../../xtensa-esp-elf/bin/ld: esp-idf/espressif__esp-sr/libespressif__esp-sr.a(model_path.c.obj):(.literal.read_models_form_spiffs+0x18): warning: readdir is not implemented and will always fail
/Users/xiongzhenhua/gitlab/embedded/TuyaOpen/platform/ESP32/.espressif/tools/xtensa-esp-elf/esp-14.2.0_20241119/xtensa-esp-elf/bin/../lib/gcc/xtensa-esp-elf/14.2.0/../../../../xtensa-esp-elf/bin/ld: esp-idf/espressif__esp-sr/libespressif__esp-sr.a(model_path.c.obj): note: the message above does not take linker garbage collection into account
[1367/1368] Generating binary image from built executable
esptool.py v4.11.0
Creating esp32s3 image...
Merged 2 ELF sections
Successfully created esp32s3 image.
Generated /Users/xiongzhenhua/gitlab/embedded/TuyaOpen/platform/ESP32/tuya_open_sdk/build/tuya_open_sdk.bin
[1368/1368] cd /Users/xiongzhenhua/gitlab/embedded/TuyaOpen/platform/ESP32/tuya_open_sdk/build/esp-idf/esptool_py && /Users/xiongzhenhua/gitlab/embedded/TuyaOpen/platform/ESP32/.espressif/python_env/idf5.4_py3.14_env/bin/python /Users/xiongzhenhua/gitlab/embedded/TuyaOpen/platform/ESP32/esp-idf/components/partition_table/check_sizes.py --offset 0x8000 partition --type app /Users/xiongzhenhua/gitlab/embedded/TuyaOpen/platform/ESP32/tuya_open_sdk/build/partition_table/partition-table.bin /Users/xiongzhenhua/gitlab/embedded/TuyaOpen/platform/ESP32/tuya_open_sdk/build/tuya_open_sdk.bin
tuya_open_sdk.bin binary size 0x27c520 bytes. Smallest app partition is 0x760000 bytes. 0x4e3ae0 bytes (66%) free.

Project build complete. To flash, run:
 idf.py flash
or
 idf.py -p PORT flash
or
 python -m esptool --chip esp32s3 -b 460800 --before default_reset --after hard_reset write_flash --flash_mode dio --flash_size 16MB --flash_freq 80m 0x0 build/bootloader/bootloader.bin 0x8000 build/partition_table/partition-table.bin 0xd000 build/ota_data_initial.bin 0x10000 build/tuya_open_sdk.bin 0xed0000 build/srmodels/srmodels.bin
or from the "/Users/xiongzhenhua/gitlab/embedded/TuyaOpen/platform/ESP32/tuya_open_sdk/build" directory
 python -m esptool --chip esp32s3 -b 460800 --before default_reset --after hard_reset write_flash "@flash_args"
Start generate pai_xue_ji_QIO_1.0.0.bin
Merging bin ...
do subprocess: . /Users/xiongzhenhua/gitlab/embedded/TuyaOpen/platform/ESP32/esp-idf/export.sh && cd /Users/xiongzhenhua/gitlab/embedded/TuyaOpen/platform/ESP32/tuya_open_sdk/build && python -m esptool --chip esp32s3 merge_bin -o /Users/xiongzhenhua/gitlab/embedded/TuyaOpen/platform/ESP32/tuya_open_sdk/build/pai_xue_ji_QIO_1.0.0.bin 0x0 /Users/xiongzhenhua/gitlab/embedded/TuyaOpen/platform/ESP32/tuya_open_sdk/build/bootloader/bootloader.bin 0x10000 /Users/xiongzhenhua/gitlab/embedded/TuyaOpen/platform/ESP32/tuya_open_sdk/build/tuya_open_sdk.bin 0x8000 /Users/xiongzhenhua/gitlab/embedded/TuyaOpen/platform/ESP32/tuya_open_sdk/build/partition_table/partition-table.bin 0xd000 /Users/xiongzhenhua/gitlab/embedded/TuyaOpen/platform/ESP32/tuya_open_sdk/build/ota_data_initial.bin 0xed0000 /Users/xiongzhenhua/gitlab/embedded/TuyaOpen/platform/ESP32/tuya_open_sdk/build/srmodels/srmodels.bin
Checking "python3" ...
Python 3.14.0
"python3" has been detected
WARNING: Failed to load shell autocompletion for bash version: 3.2.57(1)-release!

Done! You can now compile ESP-IDF projects.
Go to the project directory and run:

  idf.py build
esptool.py v4.11.0
Wrote 0xf170e2 bytes to file /Users/xiongzhenhua/gitlab/embedded/TuyaOpen/platform/ESP32/tuya_open_sdk/build/pai_xue_ji_QIO_1.0.0.bin, ready to flash to offset 0x0
