#ifdef __has_include
    #if __has_include("lvgl.h")
        #ifndef LV_LVGL_H_INCLUDE_SIMPLE
            #define LV_LVGL_H_INCLUDE_SIMPLE
        #endif
    #endif
#endif

#if defined(LV_LVGL_H_INCLUDE_SIMPLE)
    #include "lvgl.h"
#else
    #include "lvgl/lvgl.h"
#endif

#ifndef LV_ATTRIBUTE_MEM_ALIGN
#define LV_ATTRIBUTE_MEM_ALIGN
#endif

#ifndef LV_ATTRIBUTE_IMG_ICON_CAT_KISSY
#define LV_ATTRIBUTE_IMG_ICON_CAT_KISSY
#endif

const LV_ATTRIBUTE_MEM_ALIGN LV_ATTRIBUTE_LARGE_CONST LV_ATTRIBUTE_IMG_ICON_CAT_KISSY uint8_t icon_cat_kissy_map[] = {
    0xff, 0xff, 0xff, 0xff, 0xff, 0xff, 0xff, 0xff, 0xff, 0xff, 0xff, 0xff, 0xff, 0xff, 0xff, 0xff, 0xff, 0xff, 0xff, 0xff, 0xff, 0xff, 0xff, 0xff, 0xff, 0xff, 0xff, 0xff, 0xdf, 0xff, 0xff, 0xff, 0xff, 0xff, 0xff, 0xff, 0xff, 0xff, 0xff, 0xff,
    0xff, 0xff, 0xff, 0xff, 0xff, 0xff, 0xff, 0xff, 0xff, 0xff, 0xff, 0xff, 0xff, 0xff, 0xff, 0xff, 0xff, 0xff, 0xff, 0xff, 0xff, 0xff, 0xff, 0xff, 0xff, 0xff, 0xff, 0xff, 0xff, 0xff, 0xff, 0xff, 0xff, 0xff, 0xff, 0xff, 0xff, 0xff, 0xff, 0xff,
    0xff, 0xff, 0xff, 0xff, 0xff, 0xff, 0xff, 0xff, 0xff, 0xff, 0xff, 0xff, 0xff, 0xff, 0xff, 0xff, 0xff, 0xff, 0xff, 0xff, 0xff, 0xff, 0xff, 0xff, 0xff, 0xff, 0xff, 0xff, 0xff, 0xff, 0xff, 0xff, 0xff, 0xff, 0xff, 0xff, 0xff, 0xff, 0xff, 0xff,
    0xff, 0xff, 0xff, 0xff, 0xff, 0xff, 0xff, 0xff, 0xff, 0xff, 0xff, 0xff, 0xff, 0xff, 0xff, 0xff, 0xff, 0xff, 0xff, 0xff, 0xff, 0xff, 0xff, 0xff, 0xff, 0xff, 0xff, 0xff, 0xff, 0xff, 0xff, 0xff, 0xff, 0xff, 0xff, 0xff, 0xff, 0xff, 0xff, 0xff,
    0xff, 0xff, 0xff, 0xff, 0xff, 0xff, 0xff, 0xff, 0xff, 0xff, 0xff, 0xff, 0xff, 0xff, 0xff, 0xff, 0xff, 0xff, 0xff, 0xff, 0xff, 0xff, 0xff, 0xff, 0xff, 0xff, 0xff, 0xff, 0xff, 0xff, 0xff, 0xff, 0xff, 0xff, 0xff, 0xff, 0xff, 0xff, 0xff, 0xff,
    0xff, 0xff, 0xff, 0xff, 0xff, 0xff, 0xff, 0xff, 0xff, 0xff, 0xff, 0xff, 0xff, 0xff, 0xff, 0xff, 0xff, 0xff, 0xff, 0xff, 0xff, 0xff, 0xff, 0xff, 0xff, 0xff, 0xff, 0xff, 0xff, 0xff, 0xff, 0xff, 0xff, 0xff, 0xff, 0xff, 0xff, 0xff, 0xdf, 0xff,
    0xff, 0xff, 0xff, 0xff, 0xff, 0xff, 0xff, 0xff, 0xff, 0xff, 0xff, 0xff, 0xff, 0xff, 0xff, 0xff, 0xff, 0xff, 0xff, 0xff, 0xff, 0xff, 0xff, 0xff, 0xff, 0xff, 0xff, 0xff, 0xff, 0xff, 0xff, 0xff, 0xff, 0xff, 0xff, 0xff, 0xff, 0xff, 0xff, 0xff,
    0xff, 0xff, 0xff, 0xff, 0xff, 0xff, 0xff, 0xff, 0xff, 0xff, 0xff, 0xff, 0xff, 0xff, 0xff, 0xff, 0xff, 0xff, 0xff, 0xff, 0xff, 0xff, 0xff, 0xff, 0xff, 0xff, 0xff, 0xff, 0xff, 0xff, 0xff, 0xff, 0xff, 0xff, 0xff, 0xff, 0xff, 0xff, 0xff, 0xff,
    0xff, 0xff, 0xff, 0xff, 0xff, 0xff, 0xff, 0xff, 0xff, 0xff, 0xff, 0xff, 0xff, 0xff, 0xff, 0xff, 0xff, 0xff, 0xff, 0xff, 0xff, 0xff, 0xff, 0xff, 0xff, 0xff, 0xff, 0xff, 0xff, 0xff, 0xff, 0xff, 0xff, 0xff, 0xff, 0xff, 0xff, 0xff, 0xff, 0xff,
    0xff, 0xff, 0xff, 0xff, 0xff, 0xff, 0xff, 0xff, 0xff, 0xff, 0xff, 0xff, 0xff, 0xff, 0xff, 0xff, 0xff, 0xff, 0xff, 0xff, 0xff, 0xff, 0xff, 0xff, 0xff, 0xff, 0xff, 0xff, 0xff, 0xff, 0xff, 0xff, 0xff, 0xff, 0xff, 0xff, 0xff, 0xff, 0xff, 0xff,
    0xff, 0xff, 0xff, 0xff, 0xff, 0xff, 0xff, 0xff, 0xff, 0xff, 0xff, 0xff, 0xff, 0xff, 0xff, 0xff, 0xff, 0xff, 0xff, 0xff, 0xff, 0xff, 0xff, 0xff, 0xff, 0xff, 0xff, 0xff, 0xff, 0xff, 0xff, 0xff, 0xff, 0xff, 0xff, 0xff, 0xff, 0xff, 0xff, 0xff,
    0xff, 0xff, 0xff, 0xff, 0xff, 0xff, 0xff, 0xff, 0xff, 0xff, 0xff, 0xff, 0xff, 0xff, 0xff, 0xff, 0xff, 0xff, 0xff, 0xff, 0xff, 0xff, 0xff, 0xff, 0xff, 0xff, 0xff, 0xff, 0xff, 0xff, 0xff, 0xff, 0xff, 0xff, 0xff, 0xff, 0xff, 0xff, 0xdf, 0xff,
    0xff, 0xff, 0xff, 0xff, 0xff, 0xff, 0xff, 0xff, 0xff, 0xff, 0xff, 0xff, 0xff, 0xff, 0xff, 0xff, 0xff, 0xff, 0xff, 0xff, 0xff, 0xff, 0xff, 0xff, 0xff, 0xff, 0xff, 0xff, 0xff, 0xff, 0xff, 0xff, 0xff, 0xff, 0xff, 0xff, 0xff, 0xff, 0xff, 0xff,
    0xff, 0xff, 0xff, 0xff, 0xff, 0xff, 0xff, 0xff, 0xff, 0xff, 0xff, 0xff, 0xff, 0xff, 0xff, 0xff, 0xff, 0xff, 0xff, 0xff, 0xff, 0xff, 0xff, 0xff, 0xff, 0xff, 0xff, 0xff, 0xff, 0xff, 0xff, 0xff, 0xff, 0xff, 0xff, 0xff, 0xff, 0xff, 0xff, 0xff,
    0xff, 0xff, 0xff, 0xff, 0xff, 0xff, 0xff, 0xff, 0xff, 0xff, 0xff, 0xff, 0xff, 0xff, 0xff, 0xff, 0xff, 0xff, 0xff, 0xff, 0xff, 0xff, 0xff, 0xff, 0xff, 0xff, 0xff, 0xff, 0xff, 0xff, 0xff, 0xff, 0xff, 0xff, 0xff, 0xff, 0xff, 0xff, 0xff, 0xff,
    0xff, 0xff, 0xff, 0xff, 0xff, 0xff, 0xff, 0xff, 0xff, 0xff, 0xff, 0xff, 0xff, 0xff, 0xff, 0xff, 0xff, 0xff, 0xff, 0xff, 0xff, 0xff, 0xff, 0xff, 0xff, 0xff, 0xff, 0xff, 0xff, 0xff, 0xff, 0xff, 0xff, 0xff, 0xff, 0xff, 0xff, 0xff, 0xff, 0xff,
    0xff, 0xff, 0xff, 0xff, 0xff, 0xff, 0xff, 0xff, 0xff, 0xff, 0xff, 0xff, 0xff, 0xff, 0xff, 0xff, 0xff, 0xff, 0xff, 0xff, 0xff, 0xff, 0xff, 0xff, 0xff, 0xff, 0xff, 0xff, 0xff, 0xff, 0xff, 0xff, 0xff, 0xff, 0xff, 0xff, 0xff, 0xff, 0xff, 0xff,
    0xff, 0xff, 0xff, 0xff, 0xff, 0xff, 0xff, 0xff, 0xff, 0xff, 0xff, 0xff, 0xff, 0xff, 0xff, 0xff, 0xff, 0xff, 0xff, 0xff, 0xff, 0xff, 0xff, 0xff, 0xff, 0xff, 0xff, 0xff, 0xff, 0xff, 0xff, 0xff, 0xff, 0xff, 0xff, 0xff, 0xff, 0xff, 0xdf, 0xff,
    0xff, 0xff, 0xff, 0xff, 0xff, 0xff, 0xff, 0xff, 0xff, 0xff, 0xff, 0xff, 0xff, 0xff, 0xff, 0xff, 0xff, 0xff, 0xff, 0xff, 0xff, 0xff, 0xff, 0xff, 0xfe, 0xff, 0xff, 0xff, 0xff, 0xff, 0xff, 0xff, 0xff, 0xff, 0xff, 0xff, 0xff, 0xff, 0xff, 0xff,
    0xff, 0xff, 0xff, 0xff, 0xff, 0xff, 0xff, 0xff, 0xff, 0xff, 0xff, 0xff, 0xff, 0xff, 0xff, 0xff, 0xff, 0xff, 0xff, 0xff, 0xff, 0xff, 0xff, 0xff, 0xff, 0xff, 0xff, 0xff, 0xff, 0xff, 0xff, 0xff, 0xff, 0xff, 0xff, 0xff, 0xff, 0xff, 0xff, 0xff,
    0xff, 0xff, 0xff, 0xff, 0xff, 0xff, 0xff, 0xff, 0xff, 0xff, 0xff, 0xff, 0xff, 0xff, 0xff, 0xff, 0xff, 0xff, 0xff, 0xff, 0xff, 0xff, 0xff, 0xff, 0xff, 0xff, 0xff, 0xff, 0xff, 0xff, 0xff, 0xff, 0xff, 0xff, 0xff, 0xff, 0xff, 0xff, 0xff, 0xff,
    0xff, 0xff, 0xff, 0xff, 0xff, 0xff, 0xff, 0xff, 0xff, 0xff, 0xff, 0xff, 0xff, 0xff, 0xff, 0xff, 0xff, 0xff, 0xff, 0xff, 0xff, 0xff, 0xff, 0xff, 0xff, 0xff, 0xff, 0xff, 0xff, 0xff, 0xff, 0xff, 0xff, 0xff, 0xff, 0xff, 0xff, 0xff, 0xff, 0xff,
    0xff, 0xff, 0xff, 0xff, 0xff, 0xff, 0xff, 0xff, 0xff, 0xff, 0xff, 0xff, 0xff, 0xff, 0xff, 0xff, 0xff, 0xff, 0xff, 0xff, 0xff, 0xff, 0xff, 0xff, 0xff, 0xff, 0xff, 0xff, 0xfe, 0xff, 0xff, 0xff, 0xff, 0xff, 0xff, 0xff, 0xff, 0xff, 0xff, 0xff,
    0xff, 0xff, 0xff, 0xff, 0xff, 0xff, 0xff, 0xff, 0xff, 0xff, 0xff, 0xff, 0xff, 0xff, 0xff, 0xff, 0xff, 0xff, 0xff, 0xff, 0xff, 0xff, 0xff, 0xff, 0xff, 0xff, 0xff, 0xff, 0xff, 0xff, 0xff, 0xff, 0xff, 0xff, 0xff, 0xff, 0xff, 0xff, 0xdf, 0xff,
    0xff, 0xff, 0xff, 0xff, 0xff, 0xff, 0xff, 0xff, 0xff, 0xff, 0xff, 0xff, 0xff, 0xff, 0xff, 0xff, 0xff, 0xff, 0xff, 0xff, 0xff, 0xff, 0xff, 0xff, 0xff, 0xff, 0xff, 0xff, 0xff, 0xff, 0xff, 0xff, 0xff, 0xff, 0xff, 0xff, 0xff, 0xff, 0xff, 0xff,
    0xff, 0xff, 0xff, 0xff, 0xff, 0xff, 0xff, 0xff, 0xff, 0xff, 0xff, 0xff, 0xff, 0xff, 0xff, 0xff, 0xff, 0xff, 0xff, 0xff, 0xff, 0xff, 0xff, 0xff, 0xff, 0xff, 0xff, 0xff, 0xff, 0xff, 0xff, 0xff, 0xff, 0xff, 0xff, 0xff, 0xff, 0xff, 0xff, 0xff,
    0xff, 0xff, 0xff, 0xff, 0xff, 0xff, 0xff, 0xff, 0xff, 0xff, 0xff, 0xff, 0xff, 0xff, 0xff, 0xff, 0xff, 0xff, 0xff, 0xff, 0xff, 0xff, 0xff, 0xff, 0xff, 0xff, 0xff, 0xff, 0xff, 0xff, 0xff, 0xff, 0xff, 0xff, 0xff, 0xff, 0xff, 0xff, 0xff, 0xff,
    0xff, 0xff, 0xff, 0xff, 0xff, 0xff, 0xff, 0xff, 0xff, 0xff, 0xff, 0xff, 0xff, 0xff, 0xff, 0xff, 0xff, 0xff, 0xff, 0xff, 0xff, 0xff, 0xff, 0xff, 0xff, 0xff, 0xff, 0xff, 0xff, 0xff, 0xff, 0xff, 0xff, 0xff, 0xff, 0xff, 0xff, 0xff, 0xff, 0xff,
    0xff, 0xff, 0xff, 0xff, 0xff, 0xff, 0xff, 0xff, 0xff, 0xff, 0xff, 0xff, 0xff, 0xff, 0xff, 0xff, 0xff, 0xff, 0xff, 0xff, 0xff, 0xff, 0xff, 0xff, 0xff, 0xff, 0xff, 0xff, 0xff, 0xff, 0xff, 0xff, 0xfe, 0xff, 0xfe, 0xff, 0xfe, 0xff, 0xff, 0xff,
    0xff, 0xff, 0xff, 0xff, 0xff, 0xff, 0xff, 0xff, 0xff, 0xff, 0xff, 0xff, 0xff, 0xff, 0xff, 0xff, 0xff, 0xff, 0xff, 0xff, 0xff, 0xff, 0xff, 0xff, 0xff, 0xff, 0xff, 0xff, 0xff, 0xff, 0xff, 0xff, 0xff, 0xff, 0xff, 0xff, 0xff, 0xff, 0xde, 0xff,
    0xff, 0xff, 0xff, 0xff, 0xff, 0xff, 0xff, 0xff, 0xff, 0xff, 0xff, 0xff, 0xff, 0xff, 0xff, 0xff, 0xff, 0xff, 0xff, 0xff, 0xff, 0xff, 0xff, 0xff, 0xff, 0xff, 0xff, 0xff, 0xff, 0xff, 0xff, 0xff, 0xff, 0xff, 0xff, 0xff, 0xff, 0xff, 0xff, 0xff,
    0xff, 0xff, 0xff, 0xff, 0xff, 0xff, 0xff, 0xff, 0xff, 0xff, 0xff, 0xff, 0xff, 0xff, 0xff, 0xff, 0xff, 0xff, 0xff, 0xff, 0xff, 0xff, 0xff, 0xff, 0xff, 0xff, 0xff, 0xff, 0xff, 0xff, 0xff, 0xff, 0xff, 0xff, 0xff, 0xff, 0xff, 0xff, 0xff, 0xff,
    0xff, 0xff, 0xff, 0xff, 0xff, 0xff, 0xff, 0xff, 0xff, 0xff, 0xff, 0xff, 0xff, 0xff, 0xff, 0xff, 0xff, 0xff, 0xff, 0xff, 0xff, 0xff, 0xff, 0xff, 0xff, 0xff, 0xff, 0xff, 0xff, 0xff, 0xff, 0xff, 0xff, 0xff, 0xff, 0xff, 0xff, 0xff, 0xff, 0xff,
    0xff, 0xff, 0xff, 0xff, 0xff, 0xff, 0xff, 0xff, 0xff, 0xff, 0xff, 0xff, 0xff, 0xff, 0xff, 0xff, 0xff, 0xff, 0xff, 0xff, 0xff, 0xff, 0xff, 0xff, 0xff, 0xff, 0xff, 0xff, 0xff, 0xff, 0xff, 0xff, 0xff, 0xff, 0xff, 0xff, 0xff, 0xff, 0xff, 0xff,
    0xff, 0xff, 0xff, 0xff, 0xff, 0xff, 0xff, 0xff, 0xff, 0xff, 0xff, 0xff, 0xff, 0xff, 0xff, 0xff, 0xff, 0xff, 0xff, 0xff, 0xff, 0xff, 0xff, 0xff, 0xff, 0xff, 0xff, 0xff, 0xff, 0xff, 0xff, 0xff, 0xff, 0xff, 0xff, 0xff, 0xff, 0xff, 0xff, 0xff,
    0xff, 0xff, 0xff, 0xff, 0xff, 0xff, 0xff, 0xff, 0xff, 0xff, 0xff, 0xff, 0xff, 0xff, 0xff, 0xff, 0xff, 0xff, 0xff, 0xff, 0xff, 0xff, 0xff, 0xff, 0xff, 0xff, 0xff, 0xff, 0xfe, 0xff, 0xfe, 0xff, 0xff, 0xff, 0xff, 0xff, 0xff, 0xff, 0xdf, 0xff,
    0xff, 0xff, 0xff, 0xff, 0xff, 0xff, 0xff, 0xff, 0xff, 0xff, 0xff, 0xff, 0xff, 0xff, 0xff, 0xff, 0xff, 0xff, 0xff, 0xff, 0xff, 0xff, 0xff, 0xff, 0xff, 0xff, 0xff, 0xff, 0xff, 0xff, 0xff, 0xff, 0xff, 0xff, 0xff, 0xff, 0xff, 0xff, 0xff, 0xff,
    0xff, 0xff, 0xff, 0xff, 0xff, 0xff, 0xff, 0xff, 0xff, 0xff, 0xff, 0xff, 0xff, 0xff, 0xff, 0xff, 0xff, 0xff, 0xff, 0xff, 0xff, 0xff, 0xff, 0xff, 0xff, 0xff, 0xff, 0xff, 0xff, 0xff, 0xff, 0xff, 0xff, 0xff, 0xff, 0xff, 0xff, 0xff, 0xff, 0xff,
    0xff, 0xff, 0xff, 0xff, 0xff, 0xff, 0xff, 0xff, 0xff, 0xff, 0xff, 0xff, 0xff, 0xff, 0xff, 0xff, 0xff, 0xff, 0xff, 0xff, 0xff, 0xff, 0xff, 0xff, 0xff, 0xff, 0xff, 0xff, 0xff, 0xff, 0xff, 0xff, 0xff, 0xff, 0xff, 0xff, 0xff, 0xff, 0xff, 0xff,
    0xff, 0xff, 0xff, 0xff, 0xff, 0xff, 0xff, 0xff, 0xff, 0xff, 0xff, 0xff, 0xff, 0xff, 0xff, 0xff, 0xff, 0xff, 0xff, 0xff, 0xff, 0xff, 0xff, 0xff, 0xff, 0xff, 0xff, 0xff, 0xde, 0xff, 0xde, 0xff, 0xff, 0xff, 0xff, 0xff, 0xfe, 0xff, 0xde, 0xff,
    0xff, 0xff, 0xff, 0xff, 0xff, 0xff, 0xff, 0xff, 0xff, 0xff, 0xff, 0xff, 0xff, 0xff, 0xff, 0xff, 0xfe, 0xff, 0xff, 0xff, 0xff, 0xff, 0xff, 0xff, 0xff, 0xff, 0xff, 0xff, 0xff, 0xff, 0xff, 0xff, 0xff, 0xff, 0xff, 0xff, 0xff, 0xff, 0xff, 0xff,
    0xff, 0xff, 0xff, 0xff, 0xff, 0xff, 0xff, 0xff, 0xff, 0xff, 0xff, 0xff, 0xff, 0xff, 0xff, 0xff, 0xff, 0xff, 0xff, 0xff, 0xff, 0xff, 0xff, 0xff, 0xff, 0xff, 0xff, 0xff, 0xff, 0xff, 0xff, 0xff, 0xfe, 0xff, 0xff, 0xff, 0xff, 0xff, 0xdf, 0xff,
    0xff, 0xff, 0xff, 0xff, 0xfe, 0xff, 0xff, 0xff, 0xff, 0xff, 0xff, 0xff, 0xff, 0xff, 0xff, 0xff, 0xff, 0xff, 0xff, 0xff, 0xff, 0xff, 0xff, 0xff, 0xff, 0xff, 0xff, 0xff, 0xff, 0xff, 0xff, 0xff, 0xff, 0xff, 0xff, 0xff, 0xff, 0xff, 0xff, 0xff,
    0xff, 0xff, 0xff, 0xff, 0xff, 0xff, 0xff, 0xff, 0xff, 0xff, 0xff, 0xff, 0xff, 0xff, 0xff, 0xff, 0xff, 0xff, 0xff, 0xff, 0xff, 0xff, 0xff, 0xff, 0xff, 0xff, 0xff, 0xff, 0xff, 0xff, 0xff, 0xff, 0xff, 0xff, 0xff, 0xff, 0xff, 0xff, 0xff, 0xff,
    0xff, 0xff, 0xff, 0xff, 0xff, 0xff, 0xff, 0xff, 0xff, 0xff, 0xff, 0xff, 0xff, 0xff, 0xff, 0xff, 0xff, 0xff, 0xff, 0xff, 0xff, 0xff, 0xff, 0xff, 0xff, 0xff, 0xff, 0xff, 0xff, 0xff, 0xff, 0xff, 0xff, 0xff, 0xff, 0xff, 0xff, 0xff, 0xfe, 0xff,
    0xff, 0xff, 0xff, 0xff, 0xff, 0xff, 0xff, 0xff, 0xff, 0xff, 0xff, 0xff, 0xff, 0xff, 0xff, 0xff, 0xff, 0xff, 0xff, 0xff, 0xff, 0xff, 0xff, 0xff, 0xde, 0xff, 0xff, 0xff, 0xff, 0xff, 0xff, 0xff, 0xde, 0xff, 0xde, 0xff, 0xff, 0xff, 0xff, 0xff,
    0xfe, 0xff, 0xff, 0xff, 0xff, 0xff, 0xff, 0xff, 0xff, 0xff, 0xff, 0xff, 0xff, 0xff, 0xff, 0xff, 0xff, 0xff, 0xff, 0xff, 0xff, 0xff, 0xff, 0xff, 0xff, 0xff, 0xff, 0xff, 0xff, 0xff, 0xff, 0xff, 0xff, 0xff, 0xff, 0xff, 0xff, 0xff, 0xff, 0xff,
    0xff, 0xff, 0xff, 0xff, 0xff, 0xff, 0xff, 0xff, 0xff, 0xff, 0xff, 0xff, 0xff, 0xff, 0xff, 0xff, 0xff, 0xff, 0xff, 0xff, 0xff, 0xff, 0xff, 0xff, 0xff, 0xff, 0xff, 0xff, 0xff, 0xff, 0xff, 0xff, 0xff, 0xff, 0xfe, 0xff, 0xdf, 0xff, 0xde, 0xff,
    0xff, 0xff, 0xff, 0xff, 0xff, 0xff, 0xfe, 0xff, 0xff, 0xff, 0xff, 0xff, 0xff, 0xff, 0xff, 0xff, 0xff, 0xff, 0xff, 0xff, 0xff, 0xff, 0xff, 0xff, 0xff, 0xff, 0xff, 0xff, 0xff, 0xff, 0xff, 0xff, 0xff, 0xff, 0xff, 0xff, 0xff, 0xff, 0xff, 0xff,
    0xff, 0xff, 0xff, 0xff, 0xff, 0xff, 0xff, 0xff, 0xff, 0xff, 0xff, 0xff, 0xff, 0xff, 0xff, 0xff, 0xff, 0xff, 0xff, 0xff, 0xff, 0xff, 0xff, 0xff, 0xff, 0xff, 0xff, 0xff, 0xff, 0xff, 0xff, 0xff, 0xff, 0xff, 0xff, 0xff, 0xff, 0xff, 0xff, 0xff,
    0xff, 0xff, 0xff, 0xff, 0xff, 0xff, 0xff, 0xff, 0xfe, 0xff, 0xff, 0xff, 0xff, 0xff, 0xff, 0xff, 0xff, 0xff, 0xff, 0xff, 0xff, 0xff, 0xff, 0xff, 0xff, 0xff, 0xff, 0xff, 0xff, 0xff, 0xff, 0xff, 0xff, 0xff, 0xff, 0xff, 0xff, 0xff, 0xff, 0xff,
    0xff, 0xff, 0xfe, 0xff, 0xff, 0xff, 0xff, 0xff, 0xff, 0xff, 0xff, 0xff, 0xff, 0xff, 0xff, 0xff, 0xff, 0xff, 0xff, 0xff, 0xfe, 0xff, 0xff, 0xff, 0xff, 0xff, 0x5d, 0xef, 0xd3, 0x9c, 0x69, 0x52, 0x24, 0x21, 0x24, 0x21, 0xaa, 0x5a, 0xb6, 0xb5,
    0xff, 0xff, 0xff, 0xff, 0xff, 0xff, 0xff, 0xff, 0xff, 0xff, 0xff, 0xff, 0xff, 0xff, 0xff, 0xff, 0xff, 0xff, 0xff, 0xff, 0xff, 0xff, 0xff, 0xff, 0xff, 0xff, 0xff, 0xff, 0xff, 0xff, 0xff, 0xff, 0xff, 0xff, 0xff, 0xff, 0xff, 0xff, 0xff, 0xff,
    0xff, 0xff, 0xff, 0xff, 0xff, 0xff, 0xff, 0xff, 0xff, 0xff, 0xff, 0xff, 0xff, 0xff, 0xff, 0xff, 0xff, 0xff, 0xff, 0xff, 0xff, 0xff, 0xff, 0xff, 0xff, 0xff, 0xff, 0xff, 0xff, 0xff, 0xfe, 0xff, 0xff, 0xff, 0xff, 0xff, 0xff, 0xff, 0xde, 0xff,
    0xff, 0xff, 0xff, 0xff, 0xff, 0xff, 0xff, 0xff, 0xfe, 0xff, 0xfe, 0xff, 0xfe, 0xff, 0xff, 0xff, 0xff, 0xff, 0xff, 0xff, 0xff, 0xff, 0xff, 0xff, 0xff, 0xff, 0xff, 0xff, 0xff, 0xff, 0xff, 0xff, 0xff, 0xff, 0xff, 0xff, 0xff, 0xff, 0xff, 0xff,
    0xff, 0xff, 0xff, 0xff, 0xff, 0xff, 0xff, 0xff, 0xff, 0xff, 0xff, 0xff, 0xff, 0xff, 0xff, 0xff, 0xff, 0xff, 0xff, 0xff, 0xff, 0xff, 0xff, 0xff, 0xff, 0xff, 0xff, 0xff, 0xff, 0xff, 0xff, 0xff, 0xff, 0xff, 0xff, 0xff, 0xff, 0xff, 0xff, 0xff,
    0xff, 0xff, 0xff, 0xff, 0xfe, 0xff, 0xff, 0xff, 0xff, 0xff, 0xff, 0xff, 0xff, 0xff, 0xff, 0xff, 0xff, 0xff, 0xff, 0xff, 0xff, 0xff, 0xff, 0xff, 0xff, 0xff, 0xff, 0xff, 0xff, 0xff, 0xff, 0xff, 0xff, 0xff, 0xff, 0xff, 0xff, 0xff, 0x58, 0xce,
    0xfb, 0xe6, 0xff, 0xff, 0xff, 0xff, 0xff, 0xff, 0xff, 0xff, 0xff, 0xff, 0xff, 0xff, 0xff, 0xff, 0xff, 0xff, 0xde, 0xff, 0xff, 0xff, 0xff, 0xff, 0x71, 0x8c, 0xe3, 0x18, 0x00, 0x00, 0x00, 0x00, 0x41, 0x00, 0x00, 0x00, 0x00, 0x00, 0x00, 0x00,
    0xeb, 0x5a, 0xbe, 0xf7, 0xff, 0xff, 0xff, 0xff, 0xff, 0xff, 0xff, 0xff, 0xff, 0xff, 0xff, 0xff, 0xff, 0xff, 0xff, 0xff, 0xff, 0xff, 0xff, 0xff, 0xff, 0xff, 0xff, 0xff, 0xff, 0xff, 0xff, 0xff, 0xff, 0xff, 0xff, 0xff, 0xff, 0xff, 0xff, 0xff,
    0xff, 0xff, 0xff, 0xff, 0xff, 0xff, 0xff, 0xff, 0xff, 0xff, 0xff, 0xff, 0xff, 0xff, 0xff, 0xff, 0xff, 0xff, 0xfe, 0xff, 0xff, 0xff, 0xff, 0xff, 0xff, 0xff, 0xff, 0xff, 0xff, 0xff, 0xff, 0xff, 0xff, 0xff, 0xff, 0xff, 0xff, 0xff, 0xde, 0xff,
    0xff, 0xff, 0xff, 0xff, 0xff, 0xff, 0xff, 0xff, 0xff, 0xff, 0xff, 0xff, 0xff, 0xff, 0xff, 0xff, 0xff, 0xff, 0xff, 0xff, 0xff, 0xff, 0xfe, 0xff, 0xff, 0xff, 0xff, 0xff, 0xff, 0xff, 0xff, 0xff, 0xff, 0xff, 0xff, 0xff, 0xff, 0xff, 0xff, 0xff,
    0xff, 0xff, 0xff, 0xff, 0xff, 0xff, 0xff, 0xff, 0xff, 0xff, 0xff, 0xff, 0xff, 0xff, 0xff, 0xff, 0xff, 0xff, 0xff, 0xff, 0xff, 0xff, 0xff, 0xff, 0xff, 0xff, 0xff, 0xff, 0xff, 0xff, 0xff, 0xff, 0xff, 0xff, 0xff, 0xff, 0xff, 0xff, 0xff, 0xff,
    0xff, 0xff, 0xff, 0xff, 0xff, 0xff, 0xff, 0xff, 0xff, 0xff, 0xff, 0xff, 0xff, 0xff, 0xff, 0xff, 0xff, 0xff, 0xff, 0xff, 0xff, 0xff, 0xff, 0xff, 0xff, 0xff, 0xff, 0xff, 0xff, 0xff, 0xff, 0xff, 0xff, 0xff, 0xfe, 0xff, 0xff, 0xff, 0xe7, 0x39,
    0x95, 0xb5, 0xff, 0xff, 0xde, 0xff, 0xff, 0xff, 0xff, 0xff, 0xff, 0xff, 0xff, 0xff, 0xff, 0xff, 0xde, 0xff, 0xff, 0xff, 0xdb, 0xde, 0xe7, 0x41, 0x00, 0x00, 0x00, 0x00, 0xe2, 0x20, 0x4a, 0x94, 0xad, 0xdd, 0x6b, 0xdd, 0x48, 0x83, 0x41, 0x00,
    0x00, 0x00, 0xaa, 0x52, 0xff, 0xff, 0xde, 0xff, 0xff, 0xff, 0xff, 0xff, 0xff, 0xff, 0xff, 0xff, 0xff, 0xff, 0xff, 0xff, 0xff, 0xff, 0xff, 0xff, 0xff, 0xff, 0xff, 0xff, 0xff, 0xff, 0xff, 0xff, 0xff, 0xff, 0xff, 0xff, 0xff, 0xff, 0xff, 0xff,
    0xff, 0xff, 0xff, 0xff, 0xff, 0xff, 0xff, 0xff, 0xff, 0xff, 0xff, 0xff, 0xff, 0xff, 0xff, 0xff, 0xff, 0xff, 0xff, 0xff, 0xff, 0xff, 0xff, 0xff, 0xff, 0xff, 0xff, 0xff, 0xff, 0xff, 0xff, 0xff, 0xff, 0xff, 0xff, 0xff, 0xff, 0xff, 0xdf, 0xff,
    0xff, 0xff, 0xff, 0xff, 0xff, 0xff, 0xff, 0xff, 0xff, 0xff, 0xff, 0xff, 0xff, 0xff, 0xff, 0xff, 0xff, 0xff, 0xff, 0xff, 0xff, 0xff, 0xfe, 0xff, 0xff, 0xff, 0xff, 0xff, 0xff, 0xff, 0xff, 0xff, 0xff, 0xff, 0xff, 0xff, 0xff, 0xff, 0xff, 0xff,
    0xff, 0xff, 0xff, 0xff, 0xff, 0xff, 0xff, 0xff, 0xff, 0xff, 0xff, 0xff, 0xff, 0xff, 0xff, 0xff, 0xff, 0xff, 0xff, 0xff, 0xff, 0xff, 0xff, 0xff, 0xff, 0xff, 0xff, 0xff, 0xff, 0xff, 0xff, 0xff, 0xff, 0xff, 0xff, 0xff, 0xff, 0xff, 0xff, 0xff,
    0xff, 0xff, 0xff, 0xff, 0xff, 0xff, 0xff, 0xff, 0xff, 0xff, 0xff, 0xff, 0xff, 0xff, 0xff, 0xff, 0xff, 0xff, 0xff, 0xff, 0xff, 0xff, 0xff, 0xff, 0xff, 0xff, 0xff, 0xff, 0xff, 0xff, 0xff, 0xff, 0xff, 0xff, 0xff, 0xff, 0x5d, 0xef, 0x65, 0x29,
    0x5c, 0xef, 0xff, 0xff, 0xff, 0xff, 0xff, 0xff, 0xff, 0xff, 0xff, 0xff, 0xff, 0xff, 0xde, 0xff, 0xff, 0xff, 0xb6, 0xb5, 0xa2, 0x10, 0x00, 0x00, 0x00, 0x00, 0x66, 0x52, 0xaf, 0xe6, 0x8c, 0xfe, 0xc8, 0xfd, 0xc8, 0xfd, 0x4b, 0xfe, 0xe9, 0xa3,
    0x20, 0x00, 0x00, 0x00, 0x30, 0x84, 0xff, 0xff, 0xde, 0xff, 0xff, 0xff, 0xff, 0xff, 0xff, 0xff, 0xff, 0xff, 0xff, 0xff, 0xff, 0xff, 0xff, 0xff, 0xff, 0xff, 0xff, 0xff, 0xff, 0xff, 0xff, 0xff, 0xff, 0xff, 0xff, 0xff, 0xff, 0xff, 0xff, 0xff,
    0xff, 0xff, 0xff, 0xff, 0xff, 0xff, 0xff, 0xff, 0xff, 0xff, 0xff, 0xff, 0xff, 0xff, 0xff, 0xff, 0xff, 0xff, 0xff, 0xff, 0xff, 0xff, 0xff, 0xff, 0xff, 0xff, 0xff, 0xff, 0xff, 0xff, 0xff, 0xff, 0xff, 0xff, 0xff, 0xff, 0xff, 0xff, 0xdf, 0xff,
    0xff, 0xff, 0xff, 0xff, 0xff, 0xff, 0xff, 0xff, 0xff, 0xff, 0xff, 0xff, 0xff, 0xff, 0xff, 0xff, 0xff, 0xff, 0xff, 0xff, 0xfe, 0xff, 0xfe, 0xff, 0xff, 0xff, 0xff, 0xff, 0xff, 0xff, 0xff, 0xff, 0xff, 0xff, 0xff, 0xff, 0xff, 0xff, 0xff, 0xff,
    0xff, 0xff, 0xff, 0xff, 0xff, 0xff, 0xff, 0xff, 0xff, 0xff, 0xff, 0xff, 0xff, 0xff, 0xff, 0xff, 0xff, 0xff, 0xff, 0xff, 0xff, 0xff, 0xff, 0xff, 0xff, 0xff, 0xff, 0xff, 0xff, 0xff, 0xff, 0xff, 0xff, 0xff, 0xff, 0xff, 0xff, 0xff, 0xff, 0xff,
    0xff, 0xff, 0xfe, 0xff, 0xff, 0xff, 0xff, 0xff, 0xff, 0xff, 0xff, 0xff, 0xff, 0xff, 0xff, 0xff, 0xff, 0xff, 0xff, 0xff, 0xff, 0xff, 0xff, 0xff, 0xff, 0xff, 0xff, 0xff, 0xff, 0xff, 0xff, 0xff, 0xde, 0xff, 0xff, 0xff, 0x95, 0xb5, 0x48, 0x4a,
    0xff, 0xff, 0xde, 0xff, 0xff, 0xff, 0xff, 0xff, 0xff, 0xff, 0xfe, 0xff, 0xde, 0xff, 0xff, 0xff, 0xf3, 0x9c, 0x20, 0x00, 0x00, 0x00, 0x00, 0x00, 0xe9, 0x8b, 0x90, 0xff, 0x0a, 0xfe, 0x47, 0xfd, 0x88, 0xfd, 0x88, 0xfd, 0x68, 0xfd, 0x0c, 0xfe,
    0xa7, 0x72, 0x00, 0x00, 0x20, 0x08, 0x79, 0xce, 0xff, 0xff, 0xde, 0xff, 0xff, 0xff, 0xff, 0xff, 0xff, 0xff, 0xff, 0xff, 0xff, 0xff, 0xff, 0xff, 0xff, 0xff, 0xff, 0xff, 0xff, 0xff, 0xff, 0xff, 0xff, 0xff, 0xff, 0xff, 0xff, 0xff, 0xff, 0xff,
    0xff, 0xff, 0xff, 0xff, 0xff, 0xff, 0xff, 0xff, 0xff, 0xff, 0xff, 0xff, 0xff, 0xff, 0xfe, 0xff, 0xff, 0xff, 0xff, 0xff, 0xff, 0xff, 0xff, 0xff, 0xff, 0xff, 0xff, 0xff, 0xff, 0xff, 0xff, 0xff, 0xff, 0xff, 0xff, 0xff, 0xff, 0xff, 0xdf, 0xff,
    0xff, 0xff, 0xff, 0xff, 0xff, 0xff, 0xff, 0xff, 0xff, 0xff, 0xff, 0xff, 0xff, 0xff, 0xfe, 0xff, 0xff, 0xff, 0xff, 0xff, 0xff, 0xff, 0xff, 0xff, 0xff, 0xff, 0xff, 0xff, 0xff, 0xff, 0xff, 0xff, 0xff, 0xff, 0xff, 0xff, 0xff, 0xff, 0xff, 0xff,
    0xff, 0xff, 0xff, 0xff, 0xff, 0xff, 0xff, 0xff, 0xff, 0xff, 0xff, 0xff, 0xff, 0xff, 0xff, 0xff, 0xff, 0xff, 0xff, 0xff, 0xff, 0xff, 0xff, 0xff, 0xff, 0xff, 0xff, 0xff, 0xff, 0xff, 0xff, 0xff, 0xff, 0xff, 0xff, 0xff, 0xff, 0xff, 0xff, 0xff,
    0xff, 0xff, 0xff, 0xff, 0xff, 0xff, 0xff, 0xff, 0xff, 0xff, 0xff, 0xff, 0xff, 0xff, 0xff, 0xff, 0xff, 0xff, 0xff, 0xff, 0xff, 0xff, 0xff, 0xff, 0xff, 0xff, 0xff, 0xff, 0xff, 0xff, 0xff, 0xff, 0xde, 0xff, 0xff, 0xff, 0x18, 0xc6, 0xd6, 0xbd,
    0xff, 0xff, 0xfe, 0xff, 0xff, 0xff, 0xff, 0xff, 0xff, 0xff, 0xde, 0xff, 0xff, 0xff, 0x91, 0x94, 0x00, 0x00, 0x00, 0x00, 0x40, 0x08, 0xeb, 0xac, 0xb0, 0xff, 0xc9, 0xfd, 0x67, 0xfd, 0x88, 0xfd, 0xa9, 0xfd, 0x6b, 0xfd, 0x2e, 0xfd, 0x4e, 0xfd,
    0x4f, 0xf5, 0xe3, 0x28, 0x00, 0x00, 0xe7, 0x39, 0xdf, 0xff, 0xfe, 0xff, 0xff, 0xff, 0xff, 0xff, 0xff, 0xff, 0xff, 0xff, 0xff, 0xff, 0xff, 0xff, 0xff, 0xff, 0xff, 0xff, 0xff, 0xff, 0xff, 0xff, 0xff, 0xff, 0xff, 0xff, 0xff, 0xff, 0xff, 0xff,
    0xff, 0xff, 0xff, 0xff, 0xff, 0xff, 0xff, 0xff, 0xff, 0xff, 0xff, 0xff, 0xff, 0xff, 0xff, 0xff, 0xff, 0xff, 0xff, 0xff, 0xff, 0xff, 0xff, 0xff, 0xff, 0xff, 0xff, 0xff, 0xff, 0xff, 0xff, 0xff, 0xff, 0xff, 0xff, 0xff, 0xff, 0xff, 0xff, 0xff,
    0xff, 0xff, 0xff, 0xff, 0xff, 0xff, 0xff, 0xff, 0xff, 0xff, 0xff, 0xff, 0xff, 0xff, 0xff, 0xff, 0xff, 0xff, 0xfe, 0xff, 0xfe, 0xff, 0xfe, 0xff, 0xff, 0xff, 0xff, 0xff, 0xff, 0xff, 0xfe, 0xff, 0xff, 0xff, 0xff, 0xff, 0xff, 0xff, 0xff, 0xff,
    0xff, 0xff, 0xff, 0xff, 0xff, 0xff, 0xff, 0xff, 0xff, 0xff, 0xff, 0xff, 0xff, 0xff, 0xff, 0xff, 0xff, 0xff, 0xff, 0xff, 0xff, 0xff, 0xff, 0xff, 0xff, 0xff, 0xff, 0xff, 0xff, 0xff, 0xff, 0xff, 0xff, 0xff, 0xff, 0xff, 0xff, 0xff, 0xff, 0xff,
    0xff, 0xff, 0xff, 0xff, 0xff, 0xff, 0xff, 0xff, 0xff, 0xff, 0xff, 0xff, 0xff, 0xff, 0xff, 0xff, 0xff, 0xff, 0xff, 0xff, 0xff, 0xff, 0xff, 0xff, 0xff, 0xff, 0xff, 0xff, 0xff, 0xff, 0xff, 0xff, 0xff, 0xff, 0xff, 0xff, 0xff, 0xff, 0xff, 0xff,
    0xff, 0xff, 0xff, 0xff, 0xff, 0xff, 0xff, 0xff, 0xde, 0xff, 0xff, 0xff, 0x92, 0x94, 0x00, 0x00, 0x20, 0x00, 0x20, 0x08, 0x2b, 0xb5, 0xb0, 0xff, 0xea, 0xf5, 0x47, 0xfd, 0x68, 0xfd, 0xc9, 0xfd, 0xab, 0xd4, 0x8e, 0xdc, 0x2f, 0xfd, 0x0e, 0xf5,
    0x90, 0xfd, 0xcc, 0xab, 0x00, 0x00, 0x00, 0x00, 0x34, 0xad, 0xff, 0xff, 0xde, 0xff, 0xff, 0xff, 0xff, 0xff, 0xff, 0xff, 0xff, 0xff, 0xff, 0xff, 0xff, 0xff, 0xff, 0xff, 0xff, 0xff, 0xff, 0xff, 0xff, 0xff, 0xff, 0xff, 0xff, 0xff, 0xff, 0xff,
    0xff, 0xff, 0xff, 0xff, 0xff, 0xff, 0xff, 0xff, 0xff, 0xff, 0xff, 0xff, 0xfe, 0xff, 0xff, 0xff, 0xff, 0xff, 0xff, 0xff, 0xff, 0xff, 0xff, 0xff, 0xff, 0xff, 0xff, 0xff, 0xff, 0xff, 0xff, 0xff, 0xfe, 0xff, 0xff, 0xff, 0xff, 0xff, 0xdf, 0xff,
    0xff, 0xff, 0xff, 0xff, 0xff, 0xff, 0xff, 0xff, 0xff, 0xff, 0xff, 0xff, 0xff, 0xff, 0xfe, 0xff, 0xff, 0xff, 0xff, 0xff, 0xff, 0xff, 0xfe, 0xff, 0xff, 0xff, 0xff, 0xff, 0xff, 0xff, 0xff, 0xff, 0xff, 0xff, 0xff, 0xff, 0xff, 0xff, 0xff, 0xff,
    0xff, 0xff, 0xff, 0xff, 0xff, 0xff, 0xff, 0xff, 0xff, 0xff, 0xff, 0xff, 0xff, 0xff, 0xff, 0xff, 0xff, 0xff, 0xff, 0xff, 0xba, 0xd6, 0xff, 0xff, 0xff, 0xff, 0xdf, 0xff, 0xff, 0xff, 0xff, 0xff, 0xff, 0xff, 0xff, 0xff, 0xff, 0xff, 0xff, 0xff,
    0xff, 0xff, 0xff, 0xff, 0xff, 0xff, 0xff, 0xff, 0xff, 0xff, 0xff, 0xff, 0xff, 0xff, 0xff, 0xff, 0xff, 0xff, 0xff, 0xff, 0xff, 0xff, 0xff, 0xff, 0xff, 0xff, 0xff, 0xff, 0xff, 0xff, 0xff, 0xff, 0xff, 0xff, 0xff, 0xff, 0xff, 0xff, 0xfe, 0xff,
    0xff, 0xff, 0xff, 0xff, 0xff, 0xff, 0xde, 0xff, 0xff, 0xff, 0x34, 0xa5, 0x00, 0x00, 0x20, 0x00, 0x20, 0x00, 0x0c, 0xb5, 0xb0, 0xff, 0x4b, 0xf6, 0x68, 0xfd, 0x68, 0xfd, 0xa8, 0xfd, 0x88, 0xcc, 0xc5, 0x51, 0x0f, 0xf5, 0x0e, 0xfd, 0x2e, 0xfd,
    0x2e, 0xf5, 0x90, 0xfd, 0x64, 0x39, 0x00, 0x00, 0x85, 0x31, 0xde, 0xff, 0xff, 0xff, 0xff, 0xff, 0xff, 0xff, 0xff, 0xff, 0xff, 0xff, 0xff, 0xff, 0xff, 0xff, 0xff, 0xff, 0xff, 0xff, 0xff, 0xff, 0xff, 0xff, 0xfe, 0xff, 0xff, 0xff, 0xde, 0xff,
    0xfe, 0xff, 0xff, 0xff, 0xde, 0xff, 0xde, 0xff, 0xff, 0xff, 0xfe, 0xff, 0xff, 0xff, 0xff, 0xff, 0xff, 0xff, 0xff, 0xff, 0xff, 0xff, 0xff, 0xff, 0xff, 0xff, 0xff, 0xff, 0xff, 0xff, 0xff, 0xff, 0xff, 0xff, 0xff, 0xff, 0xff, 0xff, 0xdf, 0xff,
    0xff, 0xff, 0xff, 0xff, 0xff, 0xff, 0xff, 0xff, 0xff, 0xff, 0xff, 0xff, 0xff, 0xff, 0xff, 0xff, 0xff, 0xff, 0xff, 0xff, 0xff, 0xff, 0xff, 0xff, 0xff, 0xff, 0xff, 0xff, 0xff, 0xff, 0xff, 0xff, 0xff, 0xff, 0xff, 0xff, 0xff, 0xff, 0xfe, 0xff,
    0xfe, 0xff, 0xff, 0xff, 0xff, 0xff, 0xff, 0xff, 0xff, 0xff, 0xff, 0xff, 0xff, 0xff, 0xff, 0xff, 0xde, 0xff, 0xff, 0xff, 0x0f, 0x84, 0x86, 0x31, 0x7d, 0xef, 0xff, 0xff, 0xde, 0xff, 0xff, 0xff, 0xff, 0xff, 0xff, 0xff, 0xff, 0xff, 0xff, 0xff,
    0xff, 0xff, 0xff, 0xff, 0xff, 0xff, 0xff, 0xff, 0xff, 0xff, 0xff, 0xff, 0xff, 0xff, 0xff, 0xff, 0xff, 0xff, 0xff, 0xff, 0xff, 0xff, 0xff, 0xff, 0xff, 0xff, 0xff, 0xff, 0xff, 0xff, 0xff, 0xff, 0xff, 0xff, 0xde, 0xff, 0xff, 0xff, 0xff, 0xff,
    0xff, 0xff, 0xff, 0xff, 0xde, 0xff, 0xff, 0xff, 0x17, 0xc6, 0x20, 0x00, 0x20, 0x00, 0x00, 0x00, 0xcb, 0xac, 0xaf, 0xff, 0xcd, 0xf6, 0x88, 0xfd, 0x68, 0xfd, 0x67, 0xfd, 0xa9, 0xfd, 0x22, 0x31, 0x29, 0x9b, 0x6f, 0xfd, 0x0e, 0xf5, 0x2e, 0xfd,
    0x0e, 0xf5, 0x90, 0xfd, 0xcc, 0xab, 0x00, 0x00, 0x00, 0x00, 0x75, 0xad, 0xff, 0xff, 0xde, 0xff, 0xff, 0xff, 0xff, 0xff, 0xff, 0xff, 0xff, 0xff, 0xff, 0xff, 0xff, 0xff, 0xff, 0xff, 0xff, 0xff, 0xff, 0xff, 0xfe, 0xff, 0xff, 0xff, 0xff, 0xff,
    0xff, 0xff, 0xdf, 0xff, 0xff, 0xff, 0xff, 0xff, 0xde, 0xff, 0xff, 0xff, 0xfe, 0xff, 0xde, 0xff, 0xde, 0xff, 0xde, 0xff, 0xde, 0xff, 0xff, 0xff, 0xff, 0xff, 0xff, 0xff, 0xfe, 0xff, 0xff, 0xff, 0xff, 0xff, 0xff, 0xff, 0xff, 0xff, 0xde, 0xff,
    0xff, 0xff, 0xff, 0xff, 0xff, 0xff, 0xff, 0xff, 0xff, 0xff, 0xff, 0xff, 0xff, 0xff, 0xff, 0xff, 0xff, 0xff, 0xff, 0xff, 0xff, 0xff, 0xff, 0xff, 0xfe, 0xff, 0xff, 0xff, 0xff, 0xff, 0xff, 0xff, 0xff, 0xff, 0xff, 0xff, 0xff, 0xff, 0xff, 0xff,
    0xff, 0xff, 0xff, 0xff, 0xff, 0xff, 0xff, 0xff, 0xff, 0xff, 0xff, 0xff, 0xff, 0xff, 0xff, 0xff, 0xff, 0xff, 0xff, 0xff, 0xff, 0xff, 0x2c, 0x63, 0xe3, 0x18, 0x1c, 0xe7, 0xff, 0xff, 0xde, 0xff, 0xff, 0xff, 0xff, 0xff, 0xff, 0xff, 0xff, 0xff,
    0xff, 0xff, 0xff, 0xff, 0xff, 0xff, 0xde, 0xff, 0xff, 0xff, 0xff, 0xff, 0xff, 0xff, 0xff, 0xff, 0xff, 0xff, 0xff, 0xff, 0xff, 0xff, 0x9d, 0xf7, 0xff, 0xff, 0xff, 0xff, 0xff, 0xff, 0xff, 0xff, 0xfe, 0xff, 0xff, 0xff, 0xff, 0xff, 0xff, 0xff,
    0xff, 0xff, 0xfe, 0xff, 0xff, 0xff, 0x1c, 0xe7, 0xa2, 0x10, 0x00, 0x00, 0x00, 0x00, 0x2a, 0x94, 0xaf, 0xff, 0x0d, 0xff, 0x0a, 0xfe, 0x47, 0xfd, 0x67, 0xf5, 0xc9, 0xfd, 0xa7, 0xa3, 0x82, 0x18, 0x2f, 0xf5, 0x0e, 0xfd, 0x0e, 0xfd, 0x2e, 0xfd,
    0x2e, 0xfd, 0x2e, 0xfd, 0x50, 0xf5, 0x03, 0x29, 0x00, 0x00, 0x07, 0x42, 0xff, 0xff, 0xff, 0xff, 0xff, 0xff, 0xff, 0xff, 0xff, 0xff, 0xff, 0xff, 0xff, 0xff, 0xff, 0xff, 0xff, 0xff, 0xfe, 0xff, 0xfe, 0xff, 0xff, 0xff, 0xff, 0xff, 0xf3, 0x94,
    0x69, 0x52, 0x49, 0x52, 0xca, 0x5a, 0x18, 0xc6, 0xff, 0xff, 0xde, 0xff, 0xde, 0xff, 0xff, 0xff, 0xff, 0xff, 0xff, 0xff, 0xff, 0xff, 0xff, 0xff, 0xff, 0xff, 0xff, 0xff, 0xff, 0xff, 0xff, 0xff, 0xff, 0xff, 0xff, 0xff, 0xff, 0xff, 0xdf, 0xff,
    0xff, 0xff, 0xff, 0xff, 0xff, 0xff, 0xff, 0xff, 0xff, 0xff, 0xff, 0xff, 0xff, 0xff, 0xff, 0xff, 0xff, 0xff, 0xff, 0xff, 0xff, 0xff, 0xff, 0xff, 0xfe, 0xff, 0xfe, 0xff, 0xff, 0xff, 0xff, 0xff, 0xff, 0xff, 0xff, 0xff, 0xfe, 0xff, 0xff, 0xff,
    0xff, 0xff, 0xff, 0xff, 0xff, 0xff, 0xff, 0xff, 0xff, 0xff, 0xff, 0xff, 0xff, 0xff, 0xff, 0xff, 0xff, 0xff, 0xff, 0xff, 0xff, 0xff, 0xff, 0xff, 0xef, 0x7b, 0x03, 0x21, 0x3c, 0xe7, 0xff, 0xff, 0xfe, 0xff, 0xff, 0xff, 0xff, 0xff, 0xff, 0xff,
    0xff, 0xff, 0xff, 0xff, 0xff, 0xff, 0xff, 0xff, 0xff, 0xff, 0xfe, 0xff, 0xff, 0xff, 0xff, 0xff, 0xde, 0xff, 0xff, 0xff, 0xb6, 0xb5, 0x0c, 0x63, 0xff, 0xff, 0xde, 0xff, 0xff, 0xff, 0xff, 0xff, 0xff, 0xff, 0xf7, 0xbd, 0x5c, 0xef, 0xff, 0xff,
    0xde, 0xff, 0xde, 0xff, 0xdf, 0xff, 0xc7, 0x39, 0x00, 0x00, 0x00, 0x00, 0xe7, 0x6a, 0x8e, 0xff, 0x2d, 0xff, 0xcc, 0xfe, 0x68, 0xfd, 0x68, 0xfd, 0x68, 0xfd, 0xca, 0xfd, 0x02, 0x29, 0x67, 0x72, 0x70, 0xfd, 0xee, 0xf4, 0x0e, 0xfd, 0x2e, 0xfd,
    0x2e, 0xfd, 0x2e, 0xf5, 0xb0, 0xfd, 0x0a, 0x8b, 0x00, 0x00, 0x20, 0x00, 0x99, 0xd6, 0xff, 0xff, 0xfe, 0xff, 0xff, 0xff, 0xff, 0xff, 0xff, 0xff, 0xff, 0xff, 0xff, 0xff, 0xff, 0xff, 0xfe, 0xff, 0xff, 0xff, 0xff, 0xff, 0x4d, 0x63, 0x45, 0x51,
    0x8e, 0xd3, 0xf0, 0xe3, 0x0d, 0xb3, 0xe3, 0x38, 0x55, 0xad, 0xff, 0xff, 0xff, 0xff, 0xdb, 0xde, 0x51, 0x84, 0xae, 0x73, 0xb2, 0x94, 0x7d, 0xef, 0xff, 0xff, 0xfe, 0xff, 0xff, 0xff, 0xff, 0xff, 0xff, 0xff, 0xff, 0xff, 0xff, 0xff, 0xdf, 0xff,
    0xff, 0xff, 0xff, 0xff, 0xff, 0xff, 0xff, 0xff, 0xff, 0xff, 0xff, 0xff, 0xff, 0xff, 0xff, 0xff, 0xff, 0xff, 0xff, 0xff, 0xfe, 0xff, 0xfe, 0xff, 0xff, 0xff, 0xfe, 0xff, 0xff, 0xff, 0xff, 0xff, 0xff, 0xff, 0xff, 0xff, 0xff, 0xff, 0xff, 0xff,
    0xff, 0xff, 0xff, 0xff, 0xff, 0xff, 0xff, 0xff, 0xff, 0xff, 0xff, 0xff, 0xff, 0xff, 0xff, 0xff, 0xff, 0xff, 0xff, 0xff, 0xff, 0xff, 0xfe, 0xff, 0xff, 0xff, 0x75, 0xad, 0xba, 0xd6, 0xff, 0xff, 0xff, 0xff, 0xff, 0xff, 0xff, 0xff, 0xff, 0xff,
    0xde, 0xff, 0xff, 0xff, 0xb2, 0x94, 0x4d, 0x6b, 0xff, 0xff, 0xff, 0xff, 0xde, 0xff, 0xff, 0xff, 0xff, 0xff, 0xdf, 0xff, 0x45, 0x29, 0x75, 0xad, 0xff, 0xff, 0xbe, 0xf7, 0xde, 0xff, 0xff, 0xff, 0xef, 0x7b, 0xaa, 0x52, 0xdf, 0xff, 0xff, 0xff,
    0xff, 0xff, 0xff, 0xff, 0xce, 0x7b, 0x00, 0x00, 0x00, 0x00, 0x83, 0x39, 0x2e, 0xff, 0x2d, 0xff, 0x0d, 0xff, 0x0a, 0xfe, 0xa8, 0xfd, 0x88, 0xf5, 0xc9, 0xfd, 0x88, 0xcc, 0x00, 0x00, 0x4d, 0xd4, 0x0f, 0xfd, 0xee, 0xf4, 0x0f, 0xfd, 0x2f, 0xfd,
    0x2e, 0xfd, 0x2e, 0xf5, 0x4f, 0xfd, 0xae, 0xdc, 0x61, 0x10, 0x00, 0x00, 0xae, 0x73, 0xff, 0xff, 0xde, 0xff, 0xff, 0xff, 0xff, 0xff, 0xff, 0xff, 0xff, 0xff, 0xff, 0xff, 0xff, 0xff, 0xde, 0xff, 0xff, 0xff, 0xb6, 0xb5, 0x04, 0x41, 0xb3, 0xfc,
    0x72, 0xfc, 0x31, 0xfc, 0x73, 0xfc, 0xb0, 0xe3, 0x24, 0x31, 0x5d, 0xef, 0x71, 0x8c, 0x24, 0x39, 0x29, 0x8a, 0xcb, 0xb2, 0x08, 0x82, 0x86, 0x41, 0x9a, 0xd6, 0xff, 0xff, 0xde, 0xff, 0xff, 0xff, 0xff, 0xff, 0xff, 0xff, 0xff, 0xff, 0xdf, 0xff,
    0xff, 0xff, 0xff, 0xff, 0xff, 0xff, 0xff, 0xff, 0xff, 0xff, 0xff, 0xff, 0xff, 0xff, 0xff, 0xff, 0xff, 0xff, 0xff, 0xff, 0xfe, 0xff, 0xde, 0xff, 0xde, 0xff, 0xde, 0xff, 0xde, 0xff, 0xde, 0xff, 0xde, 0xff, 0xde, 0xff, 0xde, 0xff, 0xde, 0xff,
    0xdf, 0xff, 0xff, 0xff, 0xff, 0xff, 0xff, 0xff, 0xff, 0xff, 0xff, 0xff, 0xff, 0xff, 0xff, 0xff, 0xff, 0xff, 0xff, 0xff, 0xff, 0xff, 0xff, 0xff, 0xde, 0xff, 0xff, 0xff, 0xff, 0xff, 0xff, 0xff, 0xff, 0xff, 0xfe, 0xff, 0xde, 0xff, 0xff, 0xff,
    0xfe, 0xff, 0xff, 0xff, 0x5c, 0xef, 0x28, 0x42, 0x85, 0x31, 0x5d, 0xef, 0xff, 0xff, 0xbe, 0xf7, 0xff, 0xff, 0xd3, 0x9c, 0x44, 0x29, 0xff, 0xff, 0xff, 0xff, 0xff, 0xff, 0xff, 0xff, 0x10, 0x84, 0x65, 0x31, 0x9d, 0xf7, 0x5c, 0xef, 0xba, 0xde,
    0xba, 0xde, 0x54, 0xad, 0x00, 0x00, 0x20, 0x00, 0x61, 0x08, 0x2d, 0xde, 0x4d, 0xff, 0xcd, 0xfe, 0x6b, 0xfe, 0xa8, 0xfd, 0xa8, 0xfd, 0x67, 0xf5, 0x09, 0xfe, 0xa5, 0x72, 0xc3, 0x28, 0x4f, 0xfd, 0x2f, 0xfd, 0x90, 0xfd, 0x2f, 0xfd, 0x2f, 0xfd,
    0x2e, 0xfd, 0x2e, 0xfd, 0x0e, 0xf5, 0x70, 0xfd, 0xa5, 0x49, 0x00, 0x00, 0x45, 0x29, 0xff, 0xff, 0xff, 0xff, 0xff, 0xff, 0xff, 0xff, 0xff, 0xff, 0xff, 0xff, 0xff, 0xff, 0xff, 0xff, 0xde, 0xff, 0xff, 0xff, 0x2c, 0x63, 0xab, 0xa2, 0x73, 0xfc,
    0x31, 0xf4, 0x10, 0xfc, 0xd0, 0xf3, 0x52, 0xfc, 0x8a, 0x92, 0x44, 0x21, 0xa7, 0x61, 0x11, 0xf4, 0x72, 0xfc, 0x32, 0xfc, 0x93, 0xfc, 0xed, 0xc2, 0x28, 0x4a, 0xdf, 0xff, 0xff, 0xff, 0xff, 0xff, 0xff, 0xff, 0xff, 0xff, 0xff, 0xff, 0xdf, 0xff,
    0xff, 0xff, 0xff, 0xff, 0xff, 0xff, 0xff, 0xff, 0xff, 0xff, 0xff, 0xff, 0xff, 0xff, 0xff, 0xff, 0xff, 0xff, 0xde, 0xff, 0xfe, 0xff, 0xff, 0xff, 0xff, 0xff, 0xff, 0xff, 0xff, 0xff, 0xff, 0xff, 0xff, 0xff, 0xff, 0xff, 0xff, 0xff, 0xff, 0xff,
    0xff, 0xff, 0xff, 0xff, 0xff, 0xff, 0xde, 0xff, 0xde, 0xff, 0xfe, 0xff, 0xff, 0xff, 0xff, 0xff, 0xff, 0xff, 0xff, 0xff, 0xff, 0xff, 0xff, 0xff, 0xff, 0xff, 0xde, 0xff, 0xfe, 0xff, 0xff, 0xff, 0xff, 0xff, 0xff, 0xff, 0xff, 0xff, 0xff, 0xff,
    0xde, 0xff, 0xfe, 0xff, 0xff, 0xff, 0xff, 0xff, 0x2c, 0x63, 0xa2, 0x18, 0x1c, 0xe7, 0xff, 0xff, 0xff, 0xff, 0x65, 0x29, 0x71, 0x94, 0x3c, 0xe7, 0xb6, 0xb5, 0x91, 0x94, 0x2c, 0x63, 0x00, 0x00, 0x44, 0x29, 0x04, 0x21, 0x61, 0x08, 0x00, 0x00,
    0x00, 0x00, 0x00, 0x00, 0x00, 0x00, 0x00, 0x00, 0x87, 0x93, 0xab, 0xfe, 0xc9, 0xfd, 0xc9, 0xfd, 0xa8, 0xfd, 0x87, 0xfd, 0x87, 0xfd, 0x67, 0xfd, 0xc9, 0xfd, 0x02, 0x31, 0x26, 0x62, 0xd1, 0xfd, 0xae, 0xdc, 0xc8, 0x7a, 0xef, 0xec, 0x0f, 0xf5,
    0x0e, 0xf5, 0x0e, 0xf5, 0x0e, 0xf5, 0x70, 0xfd, 0x4a, 0x9b, 0x00, 0x00, 0x20, 0x00, 0x79, 0xd6, 0xff, 0xff, 0xde, 0xff, 0xff, 0xff, 0xff, 0xff, 0xff, 0xff, 0xff, 0xff, 0xff, 0xff, 0xfe, 0xff, 0xff, 0xff, 0x89, 0x52, 0x2d, 0xc3, 0x52, 0xfc,
    0xf0, 0xfb, 0xf0, 0xfb, 0xf0, 0xfb, 0x11, 0xfc, 0xaf, 0xdb, 0xc7, 0x71, 0x52, 0xfc, 0x11, 0xfc, 0xf0, 0xf3, 0xf0, 0xfb, 0xf0, 0xf3, 0x73, 0xfc, 0x86, 0x59, 0x79, 0xc6, 0xff, 0xff, 0xde, 0xff, 0xff, 0xff, 0xff, 0xff, 0xdf, 0xff, 0xdf, 0xff,
    0xff, 0xff, 0xff, 0xff, 0xff, 0xff, 0xff, 0xff, 0xff, 0xff, 0xff, 0xff, 0xff, 0xff, 0xff, 0xff, 0xfe, 0xff, 0xff, 0xff, 0xff, 0xff, 0x99, 0xd6, 0x14, 0xa5, 0x30, 0x84, 0xae, 0x73, 0x6d, 0x6b, 0xae, 0x73, 0x50, 0x8c, 0xb2, 0x94, 0x55, 0xad,
    0x58, 0xce, 0x1c, 0xe7, 0xff, 0xff, 0xff, 0xff, 0xff, 0xff, 0xff, 0xff, 0xff, 0xff, 0xff, 0xff, 0xde, 0xff, 0xff, 0xff, 0xff, 0xff, 0xff, 0xff, 0xff, 0xff, 0xff, 0xff, 0xff, 0xff, 0xfe, 0xff, 0xff, 0xff, 0xba, 0xd6, 0xba, 0xd6, 0xff, 0xff,
    0xff, 0xff, 0xff, 0xff, 0xfe, 0xff, 0xff, 0xff, 0xff, 0xff, 0xef, 0x7b, 0x65, 0x29, 0x17, 0xc6, 0x10, 0x84, 0x20, 0x00, 0x24, 0x21, 0x20, 0x00, 0x00, 0x00, 0x00, 0x00, 0x00, 0x00, 0x00, 0x00, 0x00, 0x00, 0x00, 0x08, 0x40, 0x18, 0xa1, 0x28,
    0xc1, 0x38, 0xe1, 0x38, 0xc1, 0x30, 0xa3, 0x59, 0xaa, 0xfd, 0xa8, 0xfd, 0x88, 0xfd, 0x88, 0xfd, 0xa8, 0xfd, 0xa8, 0xfd, 0x88, 0xfd, 0xa8, 0xfd, 0x29, 0xe5, 0x00, 0x00, 0xeb, 0xb3, 0xce, 0xd4, 0x61, 0x10, 0xc8, 0x7a, 0xb1, 0xfd, 0xb1, 0xfd,
    0x4f, 0xfd, 0x0e, 0xfd, 0x2f, 0xfd, 0x4f, 0xfd, 0x8e, 0xd4, 0x41, 0x08, 0x00, 0x00, 0x50, 0x8c, 0xff, 0xff, 0xde, 0xff, 0xff, 0xff, 0xff, 0xff, 0xff, 0xff, 0xff, 0xff, 0xff, 0xff, 0xde, 0xff, 0xff, 0xff, 0xaa, 0x52, 0xec, 0xba, 0x52, 0xfc,
    0xf0, 0xfb, 0xf0, 0xfb, 0xf0, 0xfb, 0xf0, 0xfb, 0xf0, 0xfb, 0x52, 0xfc, 0xf0, 0xfb, 0xf0, 0xfb, 0xf0, 0xfb, 0x11, 0xfc, 0x11, 0xf4, 0x72, 0xfc, 0xc7, 0x69, 0xb6, 0xb5, 0xff, 0xff, 0xdf, 0xff, 0xff, 0xff, 0xff, 0xff, 0xff, 0xff, 0xdf, 0xff,
    0xff, 0xff, 0xff, 0xff, 0xff, 0xff, 0xff, 0xff, 0xff, 0xff, 0xff, 0xff, 0xff, 0xff, 0xfe, 0xff, 0xff, 0xff, 0x38, 0xc6, 0x28, 0x42, 0x20, 0x00, 0x00, 0x00, 0x00, 0x00, 0x00, 0x00, 0x00, 0x00, 0x00, 0x00, 0x00, 0x00, 0x00, 0x00, 0x00, 0x00,
    0x00, 0x00, 0xa2, 0x10, 0x65, 0x31, 0xaa, 0x5a, 0x50, 0x8c, 0x17, 0xc6, 0x7d, 0xef, 0xff, 0xff, 0xff, 0xff, 0xff, 0xff, 0xff, 0xff, 0xde, 0xff, 0xff, 0xff, 0xff, 0xff, 0xff, 0xff, 0xde, 0xff, 0xff, 0xff, 0x34, 0xad, 0x86, 0x31, 0xa6, 0x31,
    0x30, 0x84, 0x5c, 0xef, 0xff, 0xff, 0xba, 0xd6, 0xb2, 0x94, 0xeb, 0x5a, 0x00, 0x00, 0x00, 0x00, 0x00, 0x00, 0x00, 0x00, 0x40, 0x18, 0xe1, 0x40, 0xc3, 0x79, 0x43, 0x49, 0x83, 0x59, 0x27, 0xbc, 0x08, 0xd5, 0x69, 0xe5, 0x67, 0xec, 0x44, 0xfb,
    0x64, 0xfb, 0x44, 0xfb, 0x44, 0xf3, 0x65, 0xfb, 0xc5, 0xf3, 0x48, 0xfd, 0xc9, 0xfd, 0x88, 0xfd, 0xa8, 0xfd, 0xa9, 0xfd, 0xa8, 0xfd, 0xa8, 0xfd, 0x08, 0xdd, 0x63, 0x39, 0x0c, 0xe5, 0xa5, 0x49, 0x49, 0x8b, 0xd0, 0xfd, 0xab, 0xb3, 0x88, 0x72,
    0x0c, 0xbc, 0x4f, 0xfd, 0x0e, 0xf5, 0x2e, 0xfd, 0x50, 0xfd, 0x44, 0x39, 0x00, 0x00, 0x28, 0x4a, 0xff, 0xff, 0xde, 0xff, 0xfe, 0xff, 0xff, 0xff, 0xff, 0xff, 0xff, 0xff, 0xff, 0xff, 0xde, 0xff, 0xff, 0xff, 0xef, 0x7b, 0x29, 0x8a, 0x72, 0xfc,
    0xd0, 0xf3, 0xf0, 0xfb, 0xf0, 0xfb, 0xf0, 0xfb, 0xf0, 0xfb, 0xf0, 0xf3, 0xf0, 0xfb, 0xf0, 0xfb, 0x10, 0xfc, 0x11, 0xfc, 0x11, 0xf4, 0x52, 0xfc, 0x65, 0x51, 0x99, 0xce, 0xff, 0xff, 0xff, 0xff, 0xff, 0xff, 0xff, 0xff, 0xff, 0xff, 0xdf, 0xff,
    0xff, 0xff, 0xff, 0xff, 0xff, 0xff, 0xff, 0xff, 0xff, 0xff, 0xff, 0xff, 0xfe, 0xff, 0xff, 0xff, 0x34, 0xa5, 0x20, 0x00, 0x00, 0x00, 0x00, 0x00, 0x84, 0x31, 0x86, 0x5a, 0xe7, 0x6a, 0xe7, 0x6a, 0xc7, 0x62, 0x26, 0x4a, 0x64, 0x31, 0xa2, 0x10,
    0x00, 0x00, 0x00, 0x00, 0x00, 0x00, 0x00, 0x00, 0x00, 0x00, 0x00, 0x00, 0xc3, 0x18, 0x69, 0x4a, 0xb2, 0x94, 0xda, 0xde, 0xff, 0xff, 0xff, 0xff, 0xff, 0xff, 0xde, 0xff, 0xff, 0xff, 0xff, 0xff, 0xde, 0xff, 0xff, 0xff, 0xff, 0xff, 0xf7, 0xbd,
    0x85, 0x31, 0xe3, 0x18, 0xe7, 0x41, 0x41, 0x08, 0x00, 0x00, 0x00, 0x00, 0x81, 0x18, 0x22, 0x51, 0x03, 0x8a, 0xc4, 0xc2, 0x45, 0xeb, 0x85, 0xfb, 0x85, 0xfb, 0x04, 0xdb, 0x44, 0xeb, 0xe5, 0xfb, 0x48, 0xfd, 0x09, 0xfe, 0xc9, 0xfd, 0x66, 0xf4,
    0x03, 0xf3, 0x23, 0xf3, 0x23, 0xf3, 0x03, 0xf3, 0x03, 0xf3, 0x64, 0xeb, 0x08, 0xf5, 0xa8, 0xfd, 0x87, 0xfd, 0x88, 0xfd, 0x88, 0xfd, 0x88, 0xfd, 0xa8, 0xfd, 0xc9, 0xfd, 0x89, 0xfd, 0x09, 0xe5, 0x0c, 0xfe, 0xe9, 0xb3, 0xa4, 0x41, 0x47, 0x62,
    0x2d, 0xc4, 0x4f, 0xfd, 0x0e, 0xf5, 0x0e, 0xf5, 0x90, 0xfd, 0x47, 0x6a, 0x00, 0x00, 0xe3, 0x18, 0x9d, 0xf7, 0xff, 0xff, 0xff, 0xff, 0xff, 0xff, 0xff, 0xff, 0xff, 0xff, 0xff, 0xff, 0xdf, 0xff, 0xff, 0xff, 0x79, 0xce, 0x45, 0x41, 0x32, 0xfc,
    0xd0, 0xfb, 0xf0, 0xfb, 0xf0, 0xfb, 0xf1, 0xfb, 0xf0, 0xfb, 0xf0, 0xfb, 0xf0, 0xfb, 0x10, 0xfc, 0x11, 0xfc, 0xf1, 0xf3, 0x52, 0xfc, 0x4e, 0xcb, 0xc7, 0x41, 0xff, 0xff, 0xff, 0xff, 0xff, 0xff, 0xff, 0xff, 0xff, 0xff, 0xff, 0xff, 0xdf, 0xff,
    0xff, 0xff, 0xff, 0xff, 0xff, 0xff, 0xff, 0xff, 0xff, 0xff, 0xff, 0xff, 0xff, 0xff, 0xda, 0xde, 0x41, 0x08, 0x00, 0x00, 0xa4, 0x39, 0x09, 0xcd, 0xea, 0xfd, 0x2a, 0xfe, 0x4a, 0xfe, 0x4a, 0xfe, 0x4b, 0xfe, 0x6c, 0xfe, 0x4d, 0xfe, 0x0d, 0xee,
    0x6d, 0xcd, 0x6b, 0x9c, 0x08, 0x63, 0x84, 0x31, 0x41, 0x08, 0x00, 0x00, 0x00, 0x00, 0x00, 0x00, 0x00, 0x00, 0x61, 0x08, 0x28, 0x42, 0xd2, 0x9c, 0x3c, 0xef, 0xff, 0xff, 0xff, 0xff, 0xff, 0xff, 0xff, 0xff, 0xbe, 0xf7, 0x55, 0xad, 0xca, 0x5a,
    0xc2, 0x18, 0x00, 0x00, 0x00, 0x00, 0x00, 0x00, 0xe2, 0x20, 0x48, 0xac, 0x89, 0xed, 0x08, 0xfd, 0x85, 0xfb, 0x44, 0xfb, 0x44, 0xfb, 0x24, 0xf3, 0x24, 0xf3, 0x44, 0xfb, 0x44, 0xf3, 0x24, 0xf3, 0x44, 0xf3, 0x07, 0xf5, 0xc9, 0xfd, 0xe9, 0xfd,
    0x86, 0xf4, 0x03, 0xf3, 0x23, 0xf3, 0x23, 0xf3, 0x44, 0xf3, 0x23, 0xf3, 0x64, 0xeb, 0x48, 0xf5, 0x88, 0xfd, 0x67, 0xfd, 0x88, 0xfd, 0x88, 0xfd, 0x88, 0xfd, 0x88, 0xfd, 0xa8, 0xfd, 0xc8, 0xfd, 0x88, 0xfd, 0xa9, 0xfd, 0xea, 0xfd, 0xec, 0xfd,
    0x8d, 0xfd, 0x4e, 0xf5, 0x2f, 0xf5, 0x0e, 0xf5, 0x90, 0xfd, 0x6a, 0xa3, 0x00, 0x00, 0x00, 0x00, 0x38, 0xce, 0xff, 0xff, 0xde, 0xff, 0xff, 0xff, 0xff, 0xff, 0xff, 0xff, 0xff, 0xff, 0xff, 0xff, 0xff, 0xff, 0xff, 0xff, 0x49, 0x4a, 0xcc, 0xb2,
    0x52, 0xfc, 0xd0, 0xf3, 0x11, 0xfc, 0x11, 0xfc, 0x11, 0xfc, 0x11, 0xfc, 0x11, 0xfc, 0x11, 0xfc, 0x11, 0xfc, 0x11, 0xfc, 0x93, 0xfc, 0x04, 0x41, 0x75, 0xad, 0xff, 0xff, 0xde, 0xff, 0xff, 0xff, 0xff, 0xff, 0xff, 0xff, 0xff, 0xff, 0xdf, 0xff,
    0xff, 0xff, 0xff, 0xff, 0xff, 0xff, 0xff, 0xff, 0xff, 0xff, 0xde, 0xff, 0xff, 0xff, 0x4c, 0x6b, 0x00, 0x00, 0xe2, 0x20, 0xaa, 0xed, 0x09, 0xfe, 0x88, 0xfd, 0x68, 0xfd, 0x68, 0xf5, 0x68, 0xf5, 0x67, 0xf5, 0x67, 0xfd, 0x87, 0xfd, 0xa8, 0xfd,
    0xe9, 0xfd, 0x6b, 0xfe, 0xce, 0xfe, 0xcf, 0xfe, 0x0e, 0xde, 0x6b, 0x9c, 0xa6, 0x5a, 0xe2, 0x18, 0x00, 0x00, 0x00, 0x00, 0x00, 0x00, 0x00, 0x00, 0xa2, 0x18, 0x8d, 0x73, 0xda, 0xde, 0xbe, 0xf7, 0x92, 0x94, 0x44, 0x29, 0x00, 0x00, 0x00, 0x00,
    0x00, 0x00, 0x42, 0x49, 0xa4, 0xaa, 0x86, 0xcb, 0x26, 0x83, 0x49, 0xe5, 0x09, 0xfe, 0xe9, 0xfd, 0x68, 0xf5, 0xc5, 0xeb, 0x24, 0xf3, 0x44, 0xf3, 0x23, 0xf3, 0x23, 0xf3, 0x24, 0xf3, 0x44, 0xf3, 0x44, 0xf3, 0x84, 0xf3, 0x68, 0xfd, 0xc9, 0xfd,
    0xe9, 0xfd, 0x66, 0xf4, 0x03, 0xf3, 0x24, 0xf3, 0x23, 0xf3, 0x23, 0xf3, 0x03, 0xf3, 0xe5, 0xf3, 0x88, 0xfd, 0x88, 0xfd, 0x88, 0xfd, 0x88, 0xfd, 0xa8, 0xfd, 0xa9, 0xfd, 0xa8, 0xfd, 0xa8, 0xfd, 0xa8, 0xfd, 0x88, 0xfd, 0x67, 0xfd, 0x67, 0xfd,
    0x67, 0xfd, 0x68, 0xfd, 0x6a, 0xfd, 0x2c, 0xf5, 0x70, 0xfd, 0x8e, 0xd4, 0x20, 0x08, 0x00, 0x00, 0x55, 0xad, 0xff, 0xff, 0xbe, 0xf7, 0xff, 0xff, 0xff, 0xff, 0xff, 0xff, 0xff, 0xff, 0xff, 0xff, 0xdf, 0xff, 0xff, 0xff, 0x58, 0xc6, 0x04, 0x41,
    0x32, 0xfc, 0xf0, 0xfb, 0xf0, 0xfb, 0xf0, 0xfb, 0x11, 0xfc, 0x11, 0xfc, 0x11, 0xfc, 0x11, 0xf4, 0x11, 0xfc, 0x94, 0xfc, 0x66, 0x59, 0x6d, 0x6b, 0xff, 0xff, 0xde, 0xff, 0xff, 0xff, 0xff, 0xff, 0xff, 0xff, 0xff, 0xff, 0xff, 0xff, 0xdf, 0xff,
    0xff, 0xff, 0xff, 0xff, 0xff, 0xff, 0xff, 0xff, 0xff, 0xff, 0xff, 0xff, 0xbe, 0xf7, 0x03, 0x21, 0x00, 0x00, 0x25, 0x83, 0x29, 0xfe, 0x67, 0xf5, 0xa8, 0xfd, 0x88, 0xfd, 0xa8, 0xfd, 0xc9, 0xfd, 0xa8, 0xfd, 0x68, 0xfd, 0x68, 0xfd, 0x68, 0xfd,
    0x68, 0xfd, 0x48, 0xf5, 0x47, 0xf5, 0x67, 0xfd, 0xe9, 0xfd, 0x6c, 0xfe, 0xad, 0xfe, 0x0d, 0xee, 0x8b, 0xac, 0x25, 0x52, 0x81, 0x10, 0x00, 0x00, 0x00, 0x00, 0x00, 0x00, 0x81, 0x10, 0x44, 0x29, 0x00, 0x00, 0x00, 0x00, 0x61, 0x18, 0xc3, 0x71,
    0x05, 0xd3, 0xa5, 0xfb, 0x84, 0xfb, 0x84, 0xfb, 0x66, 0xfc, 0x68, 0xfd, 0xe9, 0xfd, 0xa8, 0xfd, 0xe9, 0xfd, 0xc9, 0xfd, 0x26, 0xf4, 0x03, 0xf3, 0x44, 0xf3, 0x24, 0xf3, 0x44, 0xf3, 0x44, 0xf3, 0x44, 0xf3, 0x24, 0xf3, 0xe5, 0xf3, 0xa9, 0xfd,
    0xc9, 0xfd, 0xe9, 0xfd, 0x05, 0xf4, 0x23, 0xf3, 0x44, 0xf3, 0x44, 0xf3, 0x23, 0xf3, 0x24, 0xf3, 0x07, 0xf5, 0xa8, 0xfd, 0x88, 0xfd, 0x88, 0xfd, 0xa9, 0xfd, 0xa9, 0xfd, 0xa9, 0xfd, 0xa9, 0xfd, 0xa9, 0xfd, 0xa8, 0xfd, 0x88, 0xfd, 0x87, 0xfd,
    0x88, 0xfd, 0x88, 0xfd, 0x87, 0xfd, 0x87, 0xfd, 0x29, 0xed, 0x87, 0x72, 0x00, 0x00, 0x00, 0x00, 0x0c, 0x63, 0x7d, 0xef, 0xff, 0xff, 0xff, 0xff, 0xde, 0xff, 0xff, 0xff, 0xff, 0xff, 0xff, 0xff, 0xff, 0xff, 0xde, 0xff, 0xff, 0xff, 0xae, 0x73,
    0x08, 0x8a, 0x73, 0xfc, 0xf0, 0xf3, 0xf0, 0xfb, 0xf0, 0xfb, 0xf1, 0xfb, 0xf1, 0xf3, 0x73, 0xfc, 0x32, 0xf4, 0x45, 0x51, 0x4d, 0x6b, 0xff, 0xff, 0xde, 0xff, 0xfe, 0xff, 0xff, 0xff, 0xff, 0xff, 0xff, 0xff, 0xff, 0xff, 0xff, 0xff, 0xdf, 0xff,
    0xff, 0xff, 0xff, 0xff, 0xff, 0xff, 0xff, 0xff, 0xff, 0xff, 0xff, 0xff, 0x79, 0xd6, 0x00, 0x00, 0x00, 0x00, 0x47, 0xbc, 0xc9, 0xfd, 0x4b, 0xf5, 0x6d, 0xfd, 0x6d, 0xfd, 0x6c, 0xf5, 0x89, 0xcc, 0x0a, 0xe5, 0xca, 0xfd, 0xc9, 0xfd, 0x88, 0xfd,
    0x47, 0xfd, 0x68, 0xfd, 0x68, 0xfd, 0x67, 0xfd, 0x47, 0xf5, 0x27, 0xf5, 0x47, 0xf5, 0x87, 0xfd, 0xe9, 0xfd, 0xea, 0xfd, 0x0a, 0xdd, 0x27, 0x8b, 0x02, 0x29, 0x00, 0x00, 0x00, 0x00, 0x00, 0x00, 0x81, 0x18, 0xe3, 0x81, 0x25, 0xe3, 0x84, 0xfb,
    0x64, 0xfb, 0x24, 0xf3, 0x23, 0xf3, 0x23, 0xf3, 0x03, 0xf3, 0x64, 0xf3, 0xe7, 0xf4, 0xe9, 0xfd, 0xa8, 0xfd, 0xc8, 0xfd, 0xe9, 0xfd, 0x66, 0xf4, 0x24, 0xf3, 0x44, 0xf3, 0x44, 0xf3, 0x44, 0xf3, 0x44, 0xf3, 0x44, 0xf3, 0x24, 0xf3, 0x87, 0xf4,
    0xe9, 0xfd, 0xc9, 0xfd, 0x88, 0xfd, 0x84, 0xf3, 0x24, 0xf3, 0x44, 0xf3, 0x24, 0xf3, 0x23, 0xf3, 0x66, 0xf4, 0xa8, 0xfd, 0x88, 0xfd, 0xa8, 0xfd, 0xa9, 0xfd, 0xa8, 0xfd, 0xa9, 0xfd, 0xc9, 0xfd, 0xc9, 0xfd, 0xc9, 0xfd, 0xa8, 0xfd, 0x88, 0xfd,
    0x88, 0xfd, 0x88, 0xfd, 0x88, 0xfd, 0x88, 0xfd, 0xa8, 0xfd, 0xa8, 0xcc, 0x25, 0x5a, 0x00, 0x00, 0x00, 0x00, 0xe3, 0x20, 0x50, 0x8c, 0x9d, 0xf7, 0xff, 0xff, 0xff, 0xff, 0xff, 0xff, 0xff, 0xff, 0xff, 0xff, 0xfe, 0xff, 0xff, 0xff, 0xbe, 0xf7,
    0xa6, 0x39, 0x6e, 0xd3, 0x52, 0xfc, 0xf0, 0xf3, 0xf0, 0xf3, 0x32, 0xfc, 0x73, 0xfc, 0xed, 0xba, 0x24, 0x41, 0x91, 0x8c, 0xff, 0xff, 0xde, 0xff, 0xfe, 0xff, 0xff, 0xff, 0xfe, 0xff, 0xff, 0xff, 0xff, 0xff, 0xff, 0xff, 0xff, 0xff, 0xdf, 0xff,
    0xff, 0xff, 0xff, 0xff, 0xff, 0xff, 0xff, 0xff, 0xde, 0xff, 0xff, 0xff, 0x96, 0xb5, 0x00, 0x00, 0x40, 0x08, 0xaa, 0xdc, 0x4e, 0xfd, 0x0f, 0xf5, 0x0f, 0xf5, 0x0f, 0xfd, 0xef, 0xec, 0x0a, 0x8b, 0x24, 0x31, 0x43, 0x39, 0x67, 0x9b, 0x6a, 0xf5,
    0xe9, 0xfd, 0x88, 0xfd, 0x47, 0xf5, 0x47, 0xfd, 0x47, 0xfd, 0x67, 0xfd, 0x67, 0xfd, 0x47, 0xfd, 0x47, 0xf5, 0x27, 0xf5, 0x67, 0xfd, 0xa8, 0xfd, 0x49, 0xf5, 0xc7, 0xab, 0x83, 0x39, 0xc5, 0x7a, 0x69, 0xe5, 0xa7, 0xfc, 0x24, 0xf3, 0x24, 0xeb,
    0x44, 0xf3, 0x24, 0xf3, 0x23, 0xf3, 0x24, 0xf3, 0x44, 0xf3, 0x24, 0xf3, 0x23, 0xf3, 0xa7, 0xf4, 0xe9, 0xfd, 0xa8, 0xfd, 0xc8, 0xfd, 0xe9, 0xfd, 0xa7, 0xf4, 0x84, 0xf3, 0x44, 0xf3, 0x44, 0xf3, 0x44, 0xf3, 0x44, 0xf3, 0x44, 0xf3, 0x64, 0xf3,
    0x48, 0xfd, 0xc9, 0xfd, 0xc9, 0xfd, 0xe7, 0xf4, 0x23, 0xf3, 0x23, 0xf3, 0x24, 0xf3, 0x23, 0xf3, 0xc5, 0xeb, 0x68, 0xfd, 0x88, 0xfd, 0xa8, 0xfd, 0xc9, 0xfd, 0xa8, 0xfd, 0xa9, 0xfd, 0xc9, 0xfd, 0xc9, 0xfd, 0xc9, 0xfd, 0xc9, 0xfd, 0xa8, 0xfd,
    0xa8, 0xfd, 0x88, 0xfd, 0x88, 0xfd, 0x88, 0xfd, 0xa8, 0xfd, 0x09, 0xfe, 0x2a, 0xfe, 0xc9, 0xc4, 0xe5, 0x49, 0x00, 0x00, 0x00, 0x00, 0x24, 0x21, 0x14, 0xa5, 0xff, 0xff, 0xff, 0xff, 0xde, 0xff, 0xff, 0xff, 0xff, 0xff, 0xde, 0xff, 0xff, 0xff,
    0x79, 0xc6, 0x45, 0x41, 0x32, 0xf4, 0x52, 0xfc, 0x53, 0xfc, 0x4f, 0xd3, 0x87, 0x61, 0x69, 0x52, 0x99, 0xce, 0xff, 0xff, 0xde, 0xff, 0xff, 0xff, 0xff, 0xff, 0xff, 0xff, 0xff, 0xff, 0xff, 0xff, 0xff, 0xff, 0xff, 0xff, 0xff, 0xff, 0xdf, 0xff,
    0xff, 0xff, 0xff, 0xff, 0xff, 0xff, 0xff, 0xff, 0xde, 0xff, 0xff, 0xff, 0xf3, 0xa4, 0x00, 0x00, 0xa1, 0x18, 0xee, 0xec, 0x2e, 0xfd, 0x2f, 0xfd, 0x2f, 0xfd, 0xee, 0xf4, 0xee, 0xfc, 0x2f, 0xfd, 0xce, 0xe4, 0x88, 0x7a, 0x41, 0x08, 0x61, 0x08,
    0xc6, 0x7a, 0x49, 0xed, 0xc8, 0xfd, 0x47, 0xfd, 0x47, 0xfd, 0x67, 0xfd, 0x67, 0xfd, 0x67, 0xfd, 0x47, 0xfd, 0x47, 0xfd, 0x47, 0xf5, 0x27, 0xf5, 0x48, 0xfd, 0xe9, 0xfd, 0xe9, 0xfd, 0x09, 0xfe, 0xc8, 0xfd, 0xc8, 0xfd, 0xe7, 0xf4, 0x64, 0xeb,
    0x03, 0xf3, 0x24, 0xf3, 0x23, 0xf3, 0x24, 0xf3, 0x24, 0xf3, 0x44, 0xf3, 0x44, 0xf3, 0x24, 0xf3, 0x67, 0xf4, 0xc9, 0xfd, 0xa8, 0xfd, 0xc9, 0xfd, 0x0a, 0xfe, 0xe8, 0xf4, 0x44, 0xf3, 0x44, 0xf3, 0x44, 0xf3, 0x44, 0xf3, 0x44, 0xf3, 0x44, 0xf3,
    0x46, 0xf4, 0xc9, 0xfd, 0xa8, 0xfd, 0xe9, 0xfd, 0x25, 0xf4, 0x03, 0xf3, 0x44, 0xf3, 0x44, 0xf3, 0x44, 0xeb, 0x08, 0xf5, 0xa9, 0xfd, 0xa8, 0xfd, 0xa9, 0xfd, 0xa9, 0xfd, 0xc9, 0xfd, 0xc9, 0xfd, 0xc9, 0xfd, 0xc9, 0xfd, 0xc9, 0xfd, 0xa9, 0xfd,
    0xa9, 0xfd, 0xa9, 0xfd, 0xa8, 0xfd, 0x88, 0xfd, 0xa8, 0xfd, 0xc9, 0xfd, 0xc9, 0xfd, 0x0a, 0xfe, 0x0b, 0xfe, 0x28, 0xac, 0x02, 0x29, 0x00, 0x00, 0x00, 0x00, 0x48, 0x4a, 0xba, 0xd6, 0xff, 0xff, 0xde, 0xff, 0xff, 0xff, 0xff, 0xff, 0xde, 0xff,
    0xff, 0xff, 0x13, 0x9d, 0x66, 0x59, 0x2e, 0xbb, 0xa7, 0x69, 0x28, 0x4a, 0x54, 0xa5, 0xff, 0xff, 0xff, 0xff, 0xde, 0xff, 0xff, 0xff, 0xff, 0xff, 0xff, 0xff, 0xff, 0xff, 0xff, 0xff, 0xff, 0xff, 0xff, 0xff, 0xff, 0xff, 0xff, 0xff, 0xdf, 0xff,
    0xff, 0xff, 0xff, 0xff, 0xff, 0xff, 0xff, 0xff, 0xde, 0xff, 0xff, 0xff, 0xf3, 0x9c, 0x00, 0x00, 0xc2, 0x20, 0xee, 0xec, 0x2e, 0xfd, 0x2e, 0xfd, 0x0e, 0xfd, 0x0e, 0xfd, 0xee, 0xf4, 0xcd, 0xf4, 0xee, 0xfc, 0x4f, 0xfd, 0xef, 0xe4, 0x88, 0x72,
    0x00, 0x00, 0x40, 0x08, 0x87, 0x9b, 0xc9, 0xfd, 0x87, 0xfd, 0x47, 0xfd, 0x47, 0xfd, 0x46, 0xfd, 0x47, 0xfd, 0x47, 0xfd, 0x68, 0xfd, 0x88, 0xfd, 0x88, 0xfd, 0x88, 0xfd, 0xa8, 0xfd, 0x88, 0xfd, 0xa8, 0xfd, 0xa8, 0xfd, 0xe9, 0xfd, 0x68, 0xf5,
    0xc5, 0xeb, 0x03, 0xf3, 0x23, 0xf3, 0x23, 0xf3, 0x23, 0xf3, 0x23, 0xf3, 0x44, 0xf3, 0x44, 0xf3, 0x24, 0xf3, 0xa7, 0xf4, 0xe9, 0xfd, 0xa8, 0xfd, 0xc9, 0xfd, 0xe9, 0xfd, 0x08, 0xf5, 0x64, 0xf3, 0x44, 0xf3, 0x44, 0xf3, 0x44, 0xf3, 0x64, 0xf3,
    0x84, 0xf3, 0x28, 0xf5, 0xa9, 0xfd, 0xc9, 0xfd, 0x68, 0xfd, 0x84, 0xf3, 0x23, 0xf3, 0x44, 0xf3, 0x23, 0xf3, 0xc7, 0xf4, 0xc8, 0xfd, 0xa9, 0xfd, 0xc9, 0xfd, 0xa8, 0xfd, 0xc9, 0xfd, 0xc9, 0xfd, 0xc9, 0xfd, 0xc9, 0xfd, 0xc9, 0xfd, 0xca, 0xfd,
    0xc9, 0xfd, 0xa9, 0xfd, 0xa8, 0xfd, 0xa8, 0xfd, 0xa8, 0xfd, 0xa8, 0xfd, 0xa8, 0xfd, 0xa9, 0xfd, 0xa9, 0xfd, 0x09, 0xfe, 0x8a, 0xed, 0x65, 0x62, 0x00, 0x00, 0x00, 0x00, 0x81, 0x10, 0xd3, 0x9c, 0xff, 0xff, 0xff, 0xff, 0xdf, 0xff, 0xff, 0xff,
    0xde, 0xff, 0xff, 0xff, 0xf3, 0x9c, 0x4d, 0x6b, 0xd7, 0xb5, 0xff, 0xff, 0xff, 0xff, 0xfe, 0xff, 0xde, 0xff, 0xff, 0xff, 0xff, 0xff, 0xff, 0xff, 0xff, 0xff, 0xff, 0xff, 0xff, 0xff, 0xff, 0xff, 0xff, 0xff, 0xff, 0xff, 0xdf, 0xff, 0xdf, 0xff,
    0xff, 0xff, 0xff, 0xff, 0xff, 0xff, 0xff, 0xff, 0xde, 0xff, 0xff, 0xff, 0xb2, 0x94, 0x00, 0x00, 0xa2, 0x20, 0xee, 0xec, 0x2e, 0xfd, 0x0e, 0xfd, 0x0e, 0xfd, 0x0e, 0xfd, 0x0e, 0xfd, 0x0e, 0xfd, 0x0e, 0xf5, 0xcd, 0xf4, 0x0e, 0xfd, 0x70, 0xfd,
    0x8e, 0xd4, 0x84, 0x41, 0x00, 0x00, 0xa3, 0x49, 0x29, 0xe5, 0xa8, 0xfd, 0x26, 0xf5, 0x46, 0xfd, 0x47, 0xfd, 0x68, 0xfd, 0xa8, 0xfd, 0xa9, 0xfd, 0xa9, 0xfd, 0xa8, 0xfd, 0xa8, 0xfd, 0xa8, 0xfd, 0xa8, 0xfd, 0xa8, 0xfd, 0xa8, 0xfd, 0xc9, 0xfd,
    0xa9, 0xfd, 0x26, 0xf4, 0x03, 0xf3, 0x23, 0xf3, 0x23, 0xf3, 0x23, 0xf3, 0x24, 0xf3, 0x44, 0xf3, 0x44, 0xf3, 0x44, 0xf3, 0x28, 0xf5, 0xc9, 0xfd, 0xc9, 0xfd, 0xe9, 0xfd, 0xe9, 0xfd, 0xa7, 0xf4, 0x44, 0xf3, 0x44, 0xf3, 0x44, 0xf3, 0xa5, 0xf3,
    0x44, 0xf3, 0x26, 0xf4, 0xc9, 0xfd, 0x88, 0xfd, 0xe9, 0xfd, 0x08, 0xf5, 0x44, 0xf3, 0x44, 0xf3, 0x44, 0xf3, 0xe7, 0xf4, 0xa8, 0xfd, 0xa9, 0xfd, 0xc9, 0xfd, 0xc9, 0xfd, 0xa8, 0xfd, 0xa9, 0xfd, 0xa9, 0xfd, 0xc9, 0xfd, 0xc9, 0xfd, 0xca, 0xfd,
    0xc9, 0xfd, 0xc9, 0xfd, 0xa9, 0xfd, 0xa8, 0xfd, 0xa8, 0xfd, 0xa8, 0xfd, 0xa8, 0xfd, 0xa8, 0xfd, 0xa8, 0xfd, 0x88, 0xfd, 0xa8, 0xfd, 0x0a, 0xfe, 0x08, 0xac, 0xa2, 0x18, 0x00, 0x00, 0x00, 0x00, 0xeb, 0x62, 0x9e, 0xf7, 0xff, 0xff, 0xde, 0xff,
    0xff, 0xff, 0xfe, 0xff, 0xff, 0xff, 0xff, 0xff, 0xff, 0xff, 0xff, 0xff, 0xde, 0xff, 0xff, 0xff, 0xff, 0xff, 0xff, 0xff, 0xff, 0xff, 0xff, 0xff, 0xff, 0xff, 0xff, 0xff, 0xff, 0xff, 0xff, 0xff, 0xff, 0xff, 0xff, 0xff, 0xdf, 0xff, 0xdf, 0xff,
    0xff, 0xff, 0xff, 0xff, 0xff, 0xff, 0xff, 0xff, 0xde, 0xff, 0xff, 0xff, 0xb2, 0x9c, 0x00, 0x00, 0x61, 0x10, 0xad, 0xe4, 0x2e, 0xfd, 0x0e, 0xfd, 0x0e, 0xfd, 0x0e, 0xfd, 0x2e, 0xfd, 0x0e, 0xfd, 0x2e, 0xfd, 0xee, 0xfc, 0xee, 0xfc, 0xcd, 0xf4,
    0x0f, 0xfd, 0x50, 0xfd, 0x4a, 0x9b, 0x00, 0x00, 0x61, 0x10, 0x27, 0xbc, 0xc8, 0xfd, 0x27, 0xf5, 0x47, 0xfd, 0xa8, 0xfd, 0xa8, 0xfd, 0xa8, 0xfd, 0xa8, 0xfd, 0xa8, 0xfd, 0xa9, 0xfd, 0xa9, 0xfd, 0xc9, 0xfd, 0xc9, 0xfd, 0xc9, 0xfd, 0xa9, 0xfd,
    0xc9, 0xfd, 0xc9, 0xfd, 0x87, 0xf4, 0x23, 0xf3, 0x23, 0xf3, 0x44, 0xf3, 0x44, 0xf3, 0x44, 0xf3, 0x64, 0xf3, 0x64, 0xf3, 0xa5, 0xf3, 0x89, 0xfd, 0xc9, 0xfd, 0xc9, 0xfd, 0xe9, 0xfd, 0xe9, 0xfd, 0x87, 0xf4, 0x64, 0xf3, 0x44, 0xfb, 0x84, 0xf3,
    0x64, 0xf3, 0x84, 0xf3, 0x48, 0xfd, 0xa8, 0xfd, 0x88, 0xfd, 0xc8, 0xfd, 0xa6, 0xf4, 0x44, 0xf3, 0xc5, 0xeb, 0x88, 0xf5, 0xa8, 0xfd, 0xa9, 0xfd, 0xa9, 0xfd, 0xa9, 0xfd, 0xa8, 0xfd, 0xa9, 0xfd, 0xc9, 0xfd, 0xa9, 0xfd, 0xc9, 0xfd, 0xc9, 0xfd,
    0xc9, 0xfd, 0xc9, 0xfd, 0xc9, 0xfd, 0xa8, 0xfd, 0xa8, 0xfd, 0xa8, 0xfd, 0xa8, 0xfd, 0xa8, 0xfd, 0xa9, 0xfd, 0xa9, 0xfd, 0xa8, 0xfd, 0x88, 0xfd, 0x09, 0xfe, 0x4a, 0xdd, 0x84, 0x41, 0x00, 0x00, 0x00, 0x00, 0xa6, 0x31, 0xfb, 0xe6, 0xff, 0xff,
    0xde, 0xff, 0xff, 0xff, 0xde, 0xff, 0xde, 0xff, 0xdf, 0xff, 0xff, 0xff, 0xff, 0xff, 0xff, 0xff, 0xff, 0xff, 0xff, 0xff, 0xff, 0xff, 0xff, 0xff, 0xff, 0xff, 0xff, 0xff, 0xff, 0xff, 0xff, 0xff, 0xff, 0xff, 0xff, 0xff, 0xdf, 0xff, 0xdf, 0xff,
    0xff, 0xff, 0xff, 0xff, 0xff, 0xff, 0xff, 0xff, 0xde, 0xff, 0xff, 0xff, 0x34, 0xad, 0x00, 0x00, 0x20, 0x08, 0x4c, 0xcc, 0x2e, 0xfd, 0x0e, 0xf5, 0x0e, 0xfd, 0x0e, 0xfd, 0x0e, 0xfd, 0x0e, 0xfd, 0x0e, 0xfd, 0x0e, 0xfd, 0x0e, 0xfd, 0x2f, 0xfd,
    0x50, 0xfd, 0x50, 0xfd, 0xd1, 0xfd, 0xae, 0xdc, 0xe2, 0x28, 0x00, 0x00, 0x86, 0xa3, 0xa8, 0xfd, 0x88, 0xf5, 0xa8, 0xfd, 0xa8, 0xfd, 0xa8, 0xfd, 0xa8, 0xfd, 0xa8, 0xfd, 0xa8, 0xfd, 0xa9, 0xfd, 0xa9, 0xfd, 0xa9, 0xfd, 0xc9, 0xfd, 0xca, 0xfd,
    0xc9, 0xfd, 0xc9, 0xfd, 0xe9, 0xfd, 0x08, 0xf5, 0x84, 0xf3, 0x23, 0xf3, 0x44, 0xf3, 0x44, 0xf3, 0x44, 0xf3, 0x84, 0xf3, 0x44, 0xf3, 0xe8, 0xf4, 0xe9, 0xfd, 0xc9, 0xfd, 0xc9, 0xfd, 0x09, 0xfe, 0xc9, 0xfd, 0xc5, 0xf3, 0x44, 0xfb, 0x44, 0xfb,
    0x44, 0xf3, 0x44, 0xf3, 0xc7, 0xf4, 0xa8, 0xfd, 0x88, 0xfd, 0xa8, 0xfd, 0xa8, 0xfd, 0x27, 0xf5, 0x28, 0xf5, 0xa8, 0xfd, 0x88, 0xfd, 0xa8, 0xfd, 0xa8, 0xfd, 0xa8, 0xfd, 0xa9, 0xfd, 0xc9, 0xfd, 0xa9, 0xfd, 0xc9, 0xfd, 0xc9, 0xfd, 0xa9, 0xfd,
    0xa9, 0xfd, 0xa9, 0xfd, 0xc9, 0xfd, 0xa8, 0xfd, 0xa8, 0xfd, 0xa8, 0xfd, 0xa8, 0xfd, 0xa8, 0xfd, 0xa9, 0xfd, 0xa9, 0xfd, 0xa9, 0xfd, 0xa9, 0xfd, 0x88, 0xfd, 0xc8, 0xfd, 0xeb, 0xfd, 0x86, 0x6a, 0x00, 0x00, 0x00, 0x00, 0xe3, 0x18, 0x79, 0xce,
    0xff, 0xff, 0xde, 0xff, 0xff, 0xff, 0xff, 0xff, 0xff, 0xff, 0xff, 0xff, 0xff, 0xff, 0xff, 0xff, 0xff, 0xff, 0xff, 0xff, 0xff, 0xff, 0xff, 0xff, 0xff, 0xff, 0xff, 0xff, 0xff, 0xff, 0xff, 0xff, 0xff, 0xff, 0xff, 0xff, 0xff, 0xff, 0xdf, 0xff,
    0xff, 0xff, 0xff, 0xff, 0xff, 0xff, 0xff, 0xff, 0xde, 0xff, 0xff, 0xff, 0x17, 0xc6, 0x00, 0x00, 0x00, 0x00, 0xcb, 0xbb, 0x2e, 0xfd, 0x0e, 0xf5, 0x2f, 0xfd, 0x0e, 0xfd, 0x0e, 0xfd, 0x0e, 0xfd, 0x0e, 0xfd, 0x0e, 0xfd, 0x2f, 0xfd, 0x6d, 0xdc,
    0x27, 0x6a, 0xc5, 0x59, 0x06, 0x6a, 0x8a, 0xab, 0x0e, 0xdd, 0x66, 0x6a, 0xc5, 0x7a, 0xc9, 0xfd, 0x88, 0xfd, 0xa8, 0xfd, 0xa8, 0xfd, 0xa8, 0xfd, 0xa8, 0xfd, 0xa8, 0xfd, 0xa9, 0xfd, 0xa8, 0xfd, 0xa8, 0xfd, 0xa8, 0xfd, 0xa8, 0xfd, 0xa8, 0xfd,
    0xc9, 0xfd, 0xc9, 0xfd, 0xa9, 0xfd, 0xc9, 0xfd, 0x68, 0xfd, 0x25, 0xf4, 0x44, 0xf3, 0x44, 0xf3, 0x44, 0xf3, 0x64, 0xf3, 0x84, 0xf3, 0x26, 0xf4, 0xc9, 0xfd, 0xc9, 0xfd, 0xc9, 0xfd, 0xc9, 0xfd, 0xe8, 0xfd, 0x48, 0xf5, 0xa5, 0xf3, 0x44, 0xf3,
    0x64, 0xf3, 0x24, 0xf3, 0x66, 0xf4, 0xa8, 0xfd, 0x88, 0xfd, 0xa8, 0xfd, 0xa8, 0xfd, 0xa8, 0xfd, 0xa8, 0xfd, 0x88, 0xfd, 0x88, 0xfd, 0xa8, 0xfd, 0xa8, 0xfd, 0xa9, 0xfd, 0xa8, 0xfd, 0xa8, 0xfd, 0xa8, 0xfd, 0xa9, 0xfd, 0xa9, 0xfd, 0xa9, 0xfd,
    0xc9, 0xfd, 0xa9, 0xfd, 0xc9, 0xfd, 0xa8, 0xfd, 0xa8, 0xfd, 0xa8, 0xfd, 0xa8, 0xfd, 0xa8, 0xfd, 0xa9, 0xfd, 0xa9, 0xfd, 0xa9, 0xfd, 0xa9, 0xfd, 0xa8, 0xfd, 0x88, 0xfd, 0xa9, 0xfd, 0x2b, 0xfe, 0x68, 0x8b, 0x00, 0x00, 0x00, 0x00, 0x82, 0x10,
    0xf7, 0xc5, 0xff, 0xff, 0xde, 0xff, 0xff, 0xff, 0xff, 0xff, 0xff, 0xff, 0xff, 0xff, 0xff, 0xff, 0xff, 0xff, 0xff, 0xff, 0xff, 0xff, 0xff, 0xff, 0xff, 0xff, 0xff, 0xff, 0xff, 0xff, 0xff, 0xff, 0xff, 0xff, 0xff, 0xff, 0xdf, 0xff, 0xde, 0xff,
    0xff, 0xff, 0xff, 0xff, 0xff, 0xff, 0xff, 0xff, 0xde, 0xff, 0xff, 0xff, 0xda, 0xde, 0x40, 0x08, 0x00, 0x00, 0x29, 0x93, 0x4f, 0xfd, 0xed, 0xf4, 0x2e, 0xfd, 0x0e, 0xfd, 0x0e, 0xfd, 0x0e, 0xfd, 0x0e, 0xfd, 0x0e, 0xfd, 0x2f, 0xfd, 0x4d, 0xcc,
    0x67, 0x6a, 0x26, 0x62, 0x84, 0x41, 0x62, 0x10, 0x46, 0x62, 0x2b, 0xfe, 0xc8, 0xfd, 0x88, 0xfd, 0xa8, 0xfd, 0xa8, 0xfd, 0xa8, 0xfd, 0xa8, 0xfd, 0xa9, 0xfd, 0xa8, 0xfd, 0xa9, 0xfd, 0xa8, 0xfd, 0xa8, 0xfd, 0xa8, 0xfd, 0xa8, 0xfd, 0xa8, 0xfd,
    0xa8, 0xfd, 0xa8, 0xfd, 0xa8, 0xfd, 0x88, 0xfd, 0xc9, 0xfd, 0xc9, 0xfd, 0xa7, 0xf4, 0x84, 0xf3, 0x43, 0xf3, 0x23, 0xf3, 0x64, 0xf3, 0xa4, 0xf3, 0x68, 0xfd, 0xc8, 0xfd, 0xa8, 0xfd, 0xc8, 0xfd, 0xa8, 0xfd, 0xe9, 0xfd, 0x08, 0xf5, 0x85, 0xf3,
    0x64, 0xf3, 0x44, 0xf3, 0x26, 0xf4, 0xa8, 0xfd, 0x88, 0xfd, 0xa8, 0xfd, 0xa8, 0xfd, 0xa8, 0xfd, 0x88, 0xfd, 0x88, 0xfd, 0x88, 0xfd, 0xa8, 0xfd, 0xa8, 0xfd, 0xa9, 0xfd, 0xa9, 0xfd, 0xa9, 0xfd, 0xa9, 0xfd, 0xa9, 0xfd, 0xc9, 0xfd, 0xc9, 0xfd,
    0xc9, 0xfd, 0xc9, 0xfd, 0xc9, 0xfd, 0xc8, 0xfd, 0xa8, 0xfd, 0xa8, 0xfd, 0xa8, 0xfd, 0xa8, 0xfd, 0xa8, 0xfd, 0xa8, 0xfd, 0xa8, 0xfd, 0x88, 0xfd, 0xa8, 0xfd, 0xa8, 0xfd, 0xa9, 0xfd, 0xa9, 0xfd, 0x4b, 0xfe, 0xc8, 0xa3, 0x20, 0x00, 0x00, 0x00,
    0x41, 0x08, 0xf7, 0xbd, 0xff, 0xff, 0xde, 0xff, 0xff, 0xff, 0xff, 0xff, 0xff, 0xff, 0xff, 0xff, 0xff, 0xff, 0xff, 0xff, 0xff, 0xff, 0xff, 0xff, 0xff, 0xff, 0xff, 0xff, 0xff, 0xff, 0xff, 0xff, 0xff, 0xff, 0xff, 0xff, 0xdf, 0xff, 0xde, 0xff,
    0xff, 0xff, 0xff, 0xff, 0xff, 0xff, 0xff, 0xff, 0xfe, 0xff, 0xff, 0xff, 0x9d, 0xf7, 0xc3, 0x18, 0x00, 0x00, 0x46, 0x72, 0x4f, 0xfd, 0xed, 0xf4, 0x0d, 0xfd, 0x0e, 0xfd, 0x0e, 0xfd, 0x0e, 0xfd, 0x0e, 0xfd, 0x0f, 0xfd, 0x0f, 0xfd, 0x90, 0xfd,
    0xf1, 0xfd, 0x11, 0xfe, 0xf0, 0xfd, 0x8d, 0xf5, 0x6a, 0xf5, 0x88, 0xfd, 0x88, 0xfd, 0x88, 0xfd, 0xa8, 0xfd, 0xa8, 0xfd, 0xa8, 0xfd, 0xa8, 0xfd, 0xa8, 0xfd, 0xa8, 0xfd, 0xa8, 0xfd, 0xa8, 0xfd, 0xa8, 0xfd, 0xa8, 0xfd, 0xa8, 0xfd, 0xa8, 0xfd,
    0xa8, 0xfd, 0xa8, 0xfd, 0xa8, 0xfd, 0xa8, 0xfd, 0xa9, 0xfd, 0xa9, 0xfd, 0xc9, 0xfd, 0x48, 0xf5, 0x45, 0xf4, 0xc4, 0xf3, 0xa4, 0xf3, 0x86, 0xf4, 0x88, 0xfd, 0xa8, 0xfd, 0xa8, 0xfd, 0xa8, 0xfd, 0xa9, 0xfd, 0xa8, 0xfd, 0xa9, 0xfd, 0x08, 0xf5,
    0xc5, 0xf3, 0x44, 0xf3, 0x46, 0xf4, 0xa9, 0xfd, 0x88, 0xfd, 0xa8, 0xfd, 0xa8, 0xfd, 0xa8, 0xfd, 0xa8, 0xfd, 0xa8, 0xfd, 0xa8, 0xfd, 0xa8, 0xfd, 0xa8, 0xfd, 0xa9, 0xfd, 0xa9, 0xfd, 0xa9, 0xfd, 0xa9, 0xfd, 0xc9, 0xfd, 0xc9, 0xfd, 0xc9, 0xfd,
    0xc9, 0xfd, 0xc9, 0xfd, 0xc9, 0xfd, 0xa8, 0xfd, 0xc9, 0xfd, 0xa8, 0xfd, 0xc8, 0xfd, 0xa9, 0xfd, 0xa9, 0xfd, 0xa8, 0xfd, 0xa8, 0xfd, 0x88, 0xfd, 0xa8, 0xfd, 0xc9, 0xfd, 0xc9, 0xfd, 0xa9, 0xfd, 0x88, 0xfd, 0x2a, 0xfe, 0x08, 0xac, 0x20, 0x00,
    0x00, 0x00, 0x81, 0x10, 0x58, 0xce, 0xff, 0xff, 0xde, 0xff, 0xff, 0xff, 0xff, 0xff, 0xff, 0xff, 0xff, 0xff, 0xff, 0xff, 0xff, 0xff, 0xff, 0xff, 0xff, 0xff, 0xff, 0xff, 0xff, 0xff, 0xff, 0xff, 0xff, 0xff, 0xff, 0xff, 0xff, 0xff, 0xde, 0xff,
    0xff, 0xff, 0xff, 0xff, 0xff, 0xff, 0xfe, 0xff, 0xfe, 0xff, 0xfe, 0xff, 0xff, 0xff, 0xc7, 0x39, 0x00, 0x00, 0x64, 0x41, 0x2f, 0xfd, 0xed, 0xf4, 0x0d, 0xfd, 0x0e, 0xfd, 0x0e, 0xfd, 0x0e, 0xfd, 0x0e, 0xfd, 0x0e, 0xfd, 0x0f, 0xf5, 0x8a, 0xab,
    0x06, 0x62, 0xa5, 0x49, 0x6a, 0xcc, 0xc9, 0xfd, 0xa8, 0xfd, 0x88, 0xfd, 0xa8, 0xfd, 0xa8, 0xfd, 0xa8, 0xfd, 0xa8, 0xfd, 0xa8, 0xfd, 0xa8, 0xfd, 0xa8, 0xfd, 0xa8, 0xfd, 0xa8, 0xfd, 0xa8, 0xfd, 0xa8, 0xfd, 0xa8, 0xfd, 0xa8, 0xfd, 0xa8, 0xfd,
    0xa8, 0xfd, 0xa8, 0xfd, 0xa8, 0xfd, 0xa8, 0xfd, 0xa9, 0xfd, 0xa9, 0xfd, 0xa8, 0xfd, 0xa8, 0xfd, 0xa9, 0xfd, 0x88, 0xfd, 0x68, 0xfd, 0xa8, 0xfd, 0x88, 0xfd, 0x88, 0xfd, 0xa8, 0xfd, 0xa8, 0xfd, 0xa8, 0xfd, 0xa9, 0xfd, 0xa8, 0xfd, 0xc9, 0xfd,
    0x89, 0xfd, 0xe8, 0xf4, 0x68, 0xfd, 0xa9, 0xfd, 0xa8, 0xfd, 0xa8, 0xfd, 0xa8, 0xfd, 0xa8, 0xfd, 0xa8, 0xfd, 0xa8, 0xfd, 0xa8, 0xfd, 0xa8, 0xfd, 0xa8, 0xfd, 0xa8, 0xfd, 0xa8, 0xfd, 0xa9, 0xfd, 0xa9, 0xfd, 0xc9, 0xfd, 0xc9, 0xfd, 0xc9, 0xfd,
    0xc9, 0xfd, 0xc9, 0xfd, 0xc9, 0xfd, 0xc9, 0xfd, 0xc9, 0xfd, 0xc9, 0xfd, 0xc9, 0xfd, 0xa8, 0xfd, 0xa9, 0xfd, 0xa8, 0xfd, 0xa8, 0xfd, 0xa8, 0xfd, 0xa8, 0xfd, 0xc9, 0xfd, 0xc9, 0xfd, 0xa9, 0xfd, 0xa9, 0xfd, 0x88, 0xf5, 0x2a, 0xfe, 0xe8, 0xa3,
    0x00, 0x00, 0x00, 0x00, 0xc3, 0x18, 0xfb, 0xde, 0xff, 0xff, 0xde, 0xff, 0xff, 0xff, 0xff, 0xff, 0xff, 0xff, 0xff, 0xff, 0xff, 0xff, 0xff, 0xff, 0xfe, 0xff, 0xde, 0xff, 0xff, 0xff, 0xff, 0xff, 0xff, 0xff, 0xff, 0xff, 0xff, 0xff, 0xde, 0xff,
    0xff, 0xff, 0xff, 0xff, 0xff, 0xff, 0xff, 0xff, 0xff, 0xff, 0xde, 0xff, 0xff, 0xff, 0x2c, 0x63, 0x00, 0x00, 0x81, 0x18, 0xce, 0xe4, 0x0e, 0xfd, 0xed, 0xf4, 0x0e, 0xfd, 0x0e, 0xfd, 0x0e, 0xf5, 0xee, 0xf4, 0x4f, 0xfd, 0x67, 0x72, 0x82, 0x18,
    0xe5, 0x51, 0x88, 0x9b, 0x49, 0xed, 0xa8, 0xfd, 0x88, 0xfd, 0x88, 0xfd, 0xa8, 0xfd, 0xa8, 0xfd, 0xa8, 0xfd, 0x88, 0xfd, 0xa8, 0xfd, 0xa8, 0xfd, 0xa8, 0xfd, 0xa8, 0xfd, 0xa8, 0xfd, 0xa8, 0xfd, 0xa8, 0xfd, 0xa8, 0xfd, 0xa8, 0xfd, 0xa8, 0xfd,
    0xa8, 0xfd, 0xa8, 0xfd, 0xa8, 0xfd, 0xa8, 0xfd, 0xa9, 0xfd, 0xa8, 0xfd, 0xa8, 0xfd, 0xa8, 0xfd, 0x88, 0xfd, 0x88, 0xfd, 0x88, 0xfd, 0x88, 0xfd, 0x88, 0xfd, 0x88, 0xfd, 0xa8, 0xfd, 0xa9, 0xfd, 0xa9, 0xfd, 0xa9, 0xfd, 0xa9, 0xfd, 0xa9, 0xfd,
    0xa8, 0xfd, 0xc9, 0xfd, 0xa8, 0xfd, 0xa9, 0xfd, 0xa9, 0xfd, 0xa8, 0xfd, 0xa8, 0xfd, 0xa8, 0xfd, 0xa8, 0xfd, 0xa8, 0xfd, 0xa8, 0xfd, 0xa8, 0xfd, 0xa8, 0xfd, 0xa8, 0xfd, 0xa8, 0xfd, 0xa8, 0xfd, 0xa9, 0xfd, 0xc9, 0xfd, 0xc9, 0xfd, 0xa9, 0xfd,
    0xc9, 0xfd, 0xc9, 0xfd, 0xa9, 0xfd, 0xa9, 0xfd, 0xa9, 0xfd, 0xa9, 0xfd, 0xc9, 0xfd, 0xa9, 0xfd, 0xa8, 0xfd, 0xa9, 0xfd, 0xa9, 0xfd, 0xa9, 0xfd, 0xa8, 0xfd, 0xa8, 0xfd, 0xa8, 0xfd, 0xa8, 0xfd, 0xa8, 0xfd, 0xa8, 0xfd, 0x88, 0xf5, 0x4a, 0xfe,
    0xa7, 0x93, 0x00, 0x00, 0x00, 0x00, 0x85, 0x31, 0x9e, 0xf7, 0xff, 0xff, 0xff, 0xff, 0xff, 0xff, 0xff, 0xff, 0xff, 0xff, 0xff, 0xff, 0xde, 0xff, 0xff, 0xff, 0xff, 0xff, 0xff, 0xff, 0xff, 0xff, 0xff, 0xff, 0xff, 0xff, 0xff, 0xff, 0xde, 0xff,
    0xff, 0xff, 0xff, 0xff, 0xff, 0xff, 0xff, 0xff, 0xff, 0xff, 0xde, 0xff, 0xff, 0xff, 0xb2, 0x94, 0x00, 0x00, 0x00, 0x00, 0xcb, 0xb3, 0x2e, 0xfd, 0xed, 0xf4, 0xee, 0xfc, 0xee, 0xfc, 0xee, 0xfc, 0x0e, 0xfd, 0x0e, 0xfd, 0xad, 0xe4, 0x0e, 0xf5,
    0xad, 0xfd, 0xe9, 0xfd, 0xa8, 0xfd, 0x88, 0xfd, 0xa8, 0xfd, 0x88, 0xfd, 0x88, 0xfd, 0x88, 0xfd, 0x88, 0xfd, 0x88, 0xfd, 0x88, 0xfd, 0xa8, 0xfd, 0xa8, 0xfd, 0xa8, 0xfd, 0xa8, 0xfd, 0xa8, 0xfd, 0xa8, 0xfd, 0xa8, 0xfd, 0xa8, 0xfd, 0xa8, 0xfd,
    0xa8, 0xfd, 0xa8, 0xfd, 0xa8, 0xfd, 0xa8, 0xfd, 0xa8, 0xfd, 0xa8, 0xfd, 0x88, 0xfd, 0x88, 0xfd, 0x88, 0xfd, 0x88, 0xfd, 0x88, 0xfd, 0x88, 0xfd, 0x88, 0xfd, 0x88, 0xfd, 0xa8, 0xfd, 0xa8, 0xfd, 0xa8, 0xfd, 0xa9, 0xfd, 0xa9, 0xfd, 0xa8, 0xfd,
    0xa8, 0xfd, 0x88, 0xfd, 0xa8, 0xfd, 0xa8, 0xfd, 0xa9, 0xfd, 0xa8, 0xfd, 0xa8, 0xfd, 0xa8, 0xfd, 0xa8, 0xfd, 0xa8, 0xfd, 0xa8, 0xfd, 0xa8, 0xfd, 0xa8, 0xfd, 0xa8, 0xfd, 0xa8, 0xfd, 0xa8, 0xfd, 0xa9, 0xfd, 0xa9, 0xfd, 0xa9, 0xfd, 0xa9, 0xfd,
    0xa9, 0xfd, 0xa9, 0xfd, 0xa9, 0xfd, 0xa9, 0xfd, 0xa9, 0xfd, 0xa9, 0xfd, 0xa9, 0xfd, 0xc9, 0xfd, 0xc9, 0xfd, 0xa8, 0xfd, 0xa8, 0xfd, 0xa8, 0xfd, 0xa8, 0xfd, 0xa8, 0xfd, 0xa9, 0xfd, 0xa8, 0xfd, 0xa8, 0xfd, 0xc9, 0xfd, 0xe9, 0xfd, 0x68, 0xf5,
    0x29, 0xfd, 0x04, 0x72, 0x00, 0x00, 0x00, 0x00, 0xaa, 0x5a, 0xff, 0xff, 0xde, 0xff, 0xff, 0xff, 0xff, 0xff, 0xde, 0xff, 0xff, 0xff, 0xff, 0xff, 0xff, 0xff, 0x79, 0xce, 0x1b, 0xe7, 0xff, 0xff, 0xfe, 0xff, 0xff, 0xff, 0xdf, 0xff, 0xde, 0xff,
    0xff, 0xff, 0xff, 0xff, 0xff, 0xff, 0xff, 0xff, 0xff, 0xff, 0xde, 0xff, 0xff, 0xff, 0x79, 0xce, 0x00, 0x00, 0x00, 0x00, 0x67, 0x72, 0x4f, 0xfd, 0xcd, 0xf4, 0xee, 0xf4, 0x0e, 0xf5, 0x0e, 0xfd, 0x0e, 0xfd, 0x0e, 0xf5, 0x2f, 0xfd, 0x2c, 0xfd,
    0x67, 0xf5, 0x67, 0xfd, 0x88, 0xfd, 0xa8, 0xfd, 0xa8, 0xfd, 0x88, 0xfd, 0x88, 0xfd, 0x88, 0xfd, 0x88, 0xfd, 0x88, 0xfd, 0x88, 0xfd, 0x88, 0xfd, 0x88, 0xfd, 0x88, 0xfd, 0xa8, 0xfd, 0xa8, 0xfd, 0xa8, 0xfd, 0xa8, 0xfd, 0xa8, 0xfd, 0xa8, 0xfd,
    0xa8, 0xfd, 0xa8, 0xfd, 0xa8, 0xfd, 0xa8, 0xfd, 0xa8, 0xfd, 0x88, 0xfd, 0x88, 0xfd, 0x88, 0xfd, 0xa8, 0xfd, 0xa8, 0xfd, 0x88, 0xfd, 0x88, 0xfd, 0xa8, 0xfd, 0x88, 0xfd, 0xa8, 0xfd, 0xa8, 0xfd, 0xa8, 0xfd, 0xa8, 0xfd, 0xa8, 0xfd, 0xa8, 0xfd,
    0xa8, 0xfd, 0xa8, 0xfd, 0xa9, 0xfd, 0xa9, 0xfd, 0xa9, 0xfd, 0xa8, 0xfd, 0xa8, 0xfd, 0xa8, 0xfd, 0xa8, 0xfd, 0xa8, 0xfd, 0x88, 0xfd, 0xa8, 0xfd, 0xa8, 0xfd, 0xa9, 0xfd, 0xa9, 0xfd, 0xa8, 0xfd, 0xa8, 0xfd, 0xa9, 0xfd, 0xa9, 0xfd, 0xa9, 0xfd,
    0xa9, 0xfd, 0xa9, 0xfd, 0xa9, 0xfd, 0xa9, 0xfd, 0xa8, 0xfd, 0x09, 0xfe, 0x29, 0xfe, 0xc9, 0xfd, 0xa8, 0xfd, 0xa8, 0xfd, 0xa8, 0xfd, 0xa8, 0xfd, 0xa8, 0xfd, 0xa8, 0xfd, 0xa8, 0xfd, 0xa9, 0xfd, 0xc9, 0xfd, 0x68, 0xf5, 0x87, 0xf4, 0xc6, 0xf3,
    0x84, 0xf3, 0xa5, 0xfb, 0x22, 0x49, 0x00, 0x00, 0x00, 0x00, 0x50, 0x8c, 0xff, 0xff, 0xde, 0xf7, 0xff, 0xff, 0xff, 0xff, 0x5d, 0xef, 0x51, 0x8c, 0xe7, 0x39, 0x49, 0x4a, 0x79, 0xce, 0xff, 0xff, 0xde, 0xff, 0xff, 0xff, 0xff, 0xff, 0xdf, 0xff,
    0xff, 0xff, 0xff, 0xff, 0xff, 0xff, 0xff, 0xff, 0xff, 0xff, 0xfe, 0xff, 0xff, 0xff, 0xbe, 0xf7, 0x24, 0x29, 0x00, 0x00, 0x23, 0x31, 0x2f, 0xfd, 0xed, 0xfc, 0xed, 0xf4, 0xee, 0xf4, 0xee, 0xfc, 0x0e, 0xfd, 0x0f, 0xf5, 0x4e, 0xf5, 0x88, 0xfd,
    0x87, 0xfd, 0x88, 0xfd, 0x88, 0xfd, 0x88, 0xfd, 0x88, 0xfd, 0x87, 0xfd, 0x88, 0xfd, 0x88, 0xfd, 0x88, 0xfd, 0x88, 0xfd, 0x88, 0xfd, 0x88, 0xfd, 0x88, 0xfd, 0xa8, 0xfd, 0xa8, 0xfd, 0xa8, 0xfd, 0xa8, 0xfd, 0x88, 0xfd, 0x88, 0xfd, 0x88, 0xfd,
    0xa8, 0xfd, 0xa8, 0xfd, 0xa8, 0xfd, 0xa8, 0xfd, 0xa8, 0xfd, 0xa8, 0xfd, 0xa8, 0xfd, 0xa8, 0xfd, 0xa8, 0xfd, 0xa8, 0xfd, 0x88, 0xfd, 0x88, 0xfd, 0x88, 0xfd, 0x88, 0xfd, 0xa8, 0xfd, 0xa8, 0xfd, 0xa8, 0xfd, 0xa8, 0xfd, 0xa8, 0xfd, 0xa8, 0xfd,
    0xa8, 0xfd, 0xa8, 0xfd, 0xa8, 0xfd, 0xa8, 0xfd, 0xa8, 0xfd, 0xa8, 0xfd, 0xa8, 0xfd, 0xa8, 0xfd, 0xa8, 0xfd, 0xa8, 0xfd, 0xa8, 0xfd, 0x88, 0xfd, 0xa8, 0xfd, 0xa8, 0xfd, 0xa9, 0xfd, 0xa9, 0xfd, 0xa8, 0xfd, 0xa8, 0xfd, 0xa9, 0xfd, 0xa9, 0xfd,
    0xa8, 0xfd, 0xa9, 0xfd, 0xa8, 0xfd, 0x09, 0xfe, 0xe9, 0xfd, 0x07, 0xb4, 0xa6, 0xa3, 0xc9, 0xfd, 0xa8, 0xfd, 0xa8, 0xfd, 0xa8, 0xfd, 0xa8, 0xfd, 0xa8, 0xfd, 0xa8, 0xfd, 0xc9, 0xfd, 0xa8, 0xfd, 0xa7, 0xf4, 0x84, 0xf3, 0x64, 0xf3, 0x64, 0xf3,
    0x64, 0xf3, 0x44, 0xfb, 0x45, 0xeb, 0xa1, 0x28, 0x00, 0x00, 0x20, 0x00, 0x58, 0xce, 0xff, 0xff, 0x5c, 0xe7, 0x8e, 0x73, 0x24, 0x21, 0x8a, 0x52, 0xd7, 0xbd, 0xff, 0xff, 0xff, 0xff, 0xfe, 0xff, 0xff, 0xff, 0xff, 0xff, 0xff, 0xff, 0xdf, 0xff,
    0xff, 0xff, 0xff, 0xff, 0xff, 0xff, 0xff, 0xff, 0xff, 0xff, 0xff, 0xff, 0xde, 0xff, 0xff, 0xff, 0x0b, 0x63, 0x00, 0x00, 0x20, 0x00, 0x4c, 0xcc, 0x2e, 0xfd, 0xee, 0xf4, 0x0e, 0xfd, 0x0e, 0xfd, 0x0e, 0xfd, 0x4e, 0xfd, 0x89, 0xfd, 0x87, 0xfd,
    0x68, 0xfd, 0x88, 0xfd, 0x88, 0xfd, 0x88, 0xfd, 0x88, 0xfd, 0x88, 0xfd, 0x88, 0xfd, 0x88, 0xfd, 0x88, 0xfd, 0x88, 0xfd, 0xa8, 0xfd, 0xa8, 0xfd, 0xa8, 0xfd, 0x88, 0xfd, 0xa8, 0xfd, 0xa8, 0xfd, 0x88, 0xfd, 0x88, 0xfd, 0x88, 0xfd, 0x88, 0xfd,
    0x88, 0xfd, 0x88, 0xfd, 0xa8, 0xfd, 0x88, 0xfd, 0x88, 0xfd, 0xa8, 0xfd, 0xa8, 0xfd, 0xa8, 0xfd, 0xa8, 0xfd, 0xa8, 0xfd, 0x88, 0xfd, 0x88, 0xfd, 0x88, 0xfd, 0x88, 0xfd, 0x88, 0xfd, 0x88, 0xfd, 0xa8, 0xfd, 0xa8, 0xfd, 0xa8, 0xfd, 0xa8, 0xfd,
    0xa8, 0xfd, 0xa8, 0xfd, 0xa8, 0xfd, 0xa8, 0xfd, 0xa8, 0xfd, 0xa8, 0xfd, 0xa8, 0xfd, 0xa8, 0xfd, 0xa8, 0xfd, 0xa8, 0xfd, 0x88, 0xfd, 0xa8, 0xfd, 0xa9, 0xfd, 0xa8, 0xfd, 0xa9, 0xfd, 0xa9, 0xfd, 0xa9, 0xfd, 0xa9, 0xfd, 0xa9, 0xfd, 0xa8, 0xfd,
    0xa8, 0xfd, 0xa8, 0xfd, 0x29, 0xfe, 0x68, 0xbc, 0x42, 0x31, 0x00, 0x00, 0xe4, 0x51, 0xe9, 0xfd, 0xa8, 0xfd, 0xa8, 0xfd, 0xa8, 0xfd, 0xa8, 0xfd, 0xa8, 0xfd, 0xa8, 0xfd, 0x48, 0xf5, 0x05, 0xec, 0x44, 0xf3, 0x44, 0xf3, 0x44, 0xf3, 0x64, 0xf3,
    0x64, 0xf3, 0x44, 0xf3, 0x84, 0xfb, 0xe5, 0xc2, 0x00, 0x00, 0x00, 0x00, 0xa6, 0x31, 0x51, 0x8c, 0xe3, 0x18, 0xca, 0x5a, 0x99, 0xd6, 0xff, 0xff, 0xff, 0xff, 0xff, 0xff, 0xff, 0xff, 0xff, 0xff, 0xff, 0xff, 0xff, 0xff, 0xff, 0xff, 0xdf, 0xff,
    0xff, 0xff, 0xff, 0xff, 0xff, 0xff, 0xff, 0xff, 0xff, 0xff, 0xff, 0xff, 0xde, 0xff, 0xff, 0xff, 0x34, 0xa5, 0x00, 0x00, 0x00, 0x00, 0x87, 0x72, 0x6f, 0xfd, 0xed, 0xf4, 0x0e, 0xfd, 0x0e, 0xfd, 0x2e, 0xfd, 0x89, 0xfd, 0x67, 0xfd, 0x68, 0xfd,
    0x88, 0xfd, 0x89, 0xfd, 0x88, 0xfd, 0x88, 0xfd, 0xa8, 0xfd, 0xa9, 0xfd, 0x88, 0xfd, 0x88, 0xfd, 0x88, 0xfd, 0x88, 0xfd, 0x88, 0xfd, 0xa8, 0xfd, 0xa8, 0xfd, 0xa8, 0xfd, 0xa8, 0xfd, 0xa8, 0xfd, 0xa8, 0xfd, 0x88, 0xfd, 0x88, 0xfd, 0x88, 0xfd,
    0x88, 0xfd, 0x88, 0xfd, 0xa8, 0xfd, 0xa8, 0xfd, 0xa8, 0xfd, 0xa8, 0xfd, 0xa8, 0xfd, 0xa8, 0xfd, 0xa8, 0xfd, 0x88, 0xfd, 0xa8, 0xfd, 0x88, 0xfd, 0xa8, 0xfd, 0xa8, 0xfd, 0xa8, 0xfd, 0xa8, 0xfd, 0xa8, 0xfd, 0xa8, 0xfd, 0xa8, 0xfd, 0xa8, 0xfd,
    0xa8, 0xfd, 0xa8, 0xfd, 0xa8, 0xfd, 0xa9, 0xfd, 0xa8, 0xfd, 0xa8, 0xfd, 0xa8, 0xfd, 0xa8, 0xfd, 0xa8, 0xfd, 0xa8, 0xfd, 0x88, 0xfd, 0xa8, 0xfd, 0xa8, 0xfd, 0xa8, 0xfd, 0xa8, 0xfd, 0xa9, 0xfd, 0xa9, 0xfd, 0xa9, 0xfd, 0xa9, 0xfd, 0xa8, 0xfd,
    0xc8, 0xfd, 0xea, 0xfd, 0xc6, 0x7a, 0x00, 0x00, 0x00, 0x00, 0x66, 0x8b, 0xea, 0xfd, 0xa8, 0xfd, 0xa8, 0xfd, 0xa8, 0xfd, 0xa8, 0xfd, 0xa8, 0xfd, 0xa8, 0xfd, 0x48, 0xf5, 0xa4, 0xeb, 0x44, 0xf3, 0x44, 0xf3, 0x44, 0xf3, 0x64, 0xf3, 0x64, 0xf3,
    0x64, 0xf3, 0x64, 0xf3, 0x43, 0xf3, 0xe5, 0xfb, 0x24, 0x8a, 0x00, 0x00, 0x00, 0x00, 0x04, 0x21, 0x79, 0xd6, 0xff, 0xff, 0xff, 0xff, 0xde, 0xff, 0xdf, 0xff, 0xff, 0xff, 0xff, 0xff, 0xff, 0xff, 0xff, 0xff, 0xff, 0xff, 0xff, 0xff, 0xdf, 0xff,
    0xff, 0xff, 0xff, 0xff, 0xff, 0xff, 0xff, 0xff, 0xff, 0xff, 0xff, 0xff, 0xfe, 0xff, 0xff, 0xff, 0x5c, 0xe7, 0x61, 0x10, 0x00, 0x00, 0xc2, 0x20, 0x2f, 0xf5, 0x0e, 0xfd, 0x0e, 0xf5, 0x0f, 0xf5, 0x6a, 0xfd, 0x88, 0xfd, 0x68, 0xfd, 0x68, 0xfd,
    0x89, 0xfd, 0x88, 0xfd, 0x88, 0xfd, 0x88, 0xfd, 0xa9, 0xfd, 0xa8, 0xfd, 0x88, 0xfd, 0x88, 0xfd, 0x88, 0xfd, 0xa8, 0xfd, 0xa8, 0xfd, 0xa8, 0xfd, 0xa8, 0xfd, 0xa8, 0xfd, 0xa8, 0xfd, 0x88, 0xfd, 0x88, 0xfd, 0x88, 0xfd, 0x88, 0xfd, 0x88, 0xfd,
    0x88, 0xfd, 0xa8, 0xfd, 0xa8, 0xfd, 0xa8, 0xfd, 0xa8, 0xfd, 0xa8, 0xfd, 0xa8, 0xfd, 0xa8, 0xfd, 0xa8, 0xfd, 0x88, 0xfd, 0xa8, 0xfd, 0xa8, 0xfd, 0xa8, 0xfd, 0xa8, 0xfd, 0xa8, 0xfd, 0xa8, 0xfd, 0xa8, 0xfd, 0xa8, 0xfd, 0xa8, 0xfd, 0xa8, 0xfd,
    0xa8, 0xfd, 0xa8, 0xfd, 0xa9, 0xfd, 0xa8, 0xfd, 0xa9, 0xfd, 0xa9, 0xfd, 0xa9, 0xfd, 0xa8, 0xfd, 0xa8, 0xfd, 0xa8, 0xfd, 0xa8, 0xfd, 0xa8, 0xfd, 0xa8, 0xfd, 0xa8, 0xfd, 0xa9, 0xfd, 0xa9, 0xfd, 0xa8, 0xfd, 0xa8, 0xfd, 0xa8, 0xfd, 0xc9, 0xfd,
    0x8a, 0xed, 0xc4, 0x49, 0x00, 0x00, 0xe2, 0x28, 0xe9, 0xcc, 0x2a, 0xfe, 0xa8, 0xfd, 0x88, 0xfd, 0xa8, 0xfd, 0xa8, 0xfd, 0xa8, 0xfd, 0x88, 0xfd, 0xc8, 0xfd, 0x46, 0xec, 0x24, 0xf3, 0x44, 0xf3, 0x44, 0xf3, 0x64, 0xf3, 0x64, 0xf3, 0x64, 0xf3,
    0x64, 0xf3, 0x44, 0xf3, 0xc5, 0xfb, 0x25, 0xd3, 0x02, 0x49, 0x40, 0x08, 0x00, 0x00, 0xe3, 0x18, 0x3c, 0xe7, 0xdf, 0xff, 0xde, 0xff, 0xff, 0xff, 0xff, 0xff, 0xff, 0xff, 0xff, 0xff, 0xff, 0xff, 0xff, 0xff, 0xff, 0xff, 0xff, 0xff, 0xdf, 0xff,
    0xff, 0xff, 0xff, 0xff, 0xff, 0xff, 0xff, 0xff, 0xff, 0xff, 0xff, 0xff, 0xfe, 0xff, 0xde, 0xff, 0xff, 0xff, 0xaa, 0x52, 0x00, 0x00, 0x00, 0x00, 0xab, 0xab, 0x6f, 0xfd, 0x4f, 0xfd, 0x6c, 0xfd, 0x88, 0xfd, 0x68, 0xfd, 0x88, 0xfd, 0x89, 0xfd,
    0x88, 0xfd, 0x88, 0xfd, 0x88, 0xfd, 0x88, 0xfd, 0x88, 0xfd, 0x88, 0xfd, 0x88, 0xfd, 0x88, 0xfd, 0xa8, 0xfd, 0xa8, 0xfd, 0xa8, 0xfd, 0xa8, 0xfd, 0xa8, 0xfd, 0xa8, 0xfd, 0x88, 0xfd, 0x88, 0xfd, 0x88, 0xfd, 0x88, 0xfd, 0x88, 0xfd, 0xa8, 0xfd,
    0xa8, 0xfd, 0xa8, 0xfd, 0xa8, 0xfd, 0xa8, 0xfd, 0xa8, 0xfd, 0xa8, 0xfd, 0xa8, 0xfd, 0xa8, 0xfd, 0xa8, 0xfd, 0xa8, 0xfd, 0xa8, 0xfd, 0xa8, 0xfd, 0xa8, 0xfd, 0xa8, 0xfd, 0xa8, 0xfd, 0xa8, 0xfd, 0xa8, 0xfd, 0xa8, 0xfd, 0xa8, 0xfd, 0xa8, 0xfd,
    0xa8, 0xfd, 0xa9, 0xfd, 0xa9, 0xfd, 0xa8, 0xfd, 0xa8, 0xfd, 0xa9, 0xfd, 0xa9, 0xfd, 0xa9, 0xfd, 0xa8, 0xfd, 0xa8, 0xfd, 0xa8, 0xfd, 0xa8, 0xfd, 0xa8, 0xfd, 0xa8, 0xfd, 0xa8, 0xfd, 0xc9, 0xfd, 0xa8, 0xfd, 0xa8, 0xfd, 0xc9, 0xfd, 0x8a, 0xed,
    0x43, 0x39, 0x00, 0x00, 0x63, 0x39, 0xaa, 0xed, 0x4a, 0xfe, 0xe9, 0xfd, 0x09, 0xfe, 0x09, 0xfe, 0x09, 0xfe, 0xc8, 0xfd, 0xa8, 0xfd, 0x88, 0xfd, 0xa8, 0xfd, 0xe7, 0xf4, 0x85, 0xf3, 0x64, 0xf3, 0x44, 0xf3, 0x64, 0xf3, 0x64, 0xf3, 0x84, 0xf3,
    0xa4, 0xf3, 0x66, 0xfc, 0x44, 0x92, 0x61, 0x18, 0x43, 0x92, 0xc4, 0xba, 0x00, 0x00, 0x00, 0x00, 0xaa, 0x52, 0xff, 0xff, 0xde, 0xff, 0xff, 0xff, 0xff, 0xff, 0xff, 0xff, 0xff, 0xff, 0xff, 0xff, 0xff, 0xff, 0xff, 0xff, 0xdf, 0xff, 0xde, 0xff,
    0xff, 0xff, 0xff, 0xff, 0xff, 0xff, 0xff, 0xff, 0xff, 0xff, 0xff, 0xff, 0xff, 0xff, 0xde, 0xff, 0xff, 0xff, 0xd6, 0xbd, 0x00, 0x00, 0x00, 0x00, 0x64, 0x41, 0xb0, 0xfd, 0x8a, 0xab, 0xe9, 0xdc, 0x89, 0xfd, 0xa9, 0xfd, 0x88, 0xfd, 0x88, 0xfd,
    0x88, 0xfd, 0x88, 0xfd, 0x88, 0xfd, 0x88, 0xfd, 0x88, 0xfd, 0x88, 0xfd, 0x88, 0xfd, 0xa8, 0xfd, 0xa8, 0xfd, 0xa8, 0xfd, 0xa8, 0xfd, 0xa8, 0xfd, 0xa8, 0xfd, 0x88, 0xfd, 0x88, 0xfd, 0xa8, 0xfd, 0xa8, 0xfd, 0xa8, 0xfd, 0xa8, 0xfd, 0xa9, 0xfd,
    0xa9, 0xfd, 0xa8, 0xfd, 0xa8, 0xfd, 0xa8, 0xfd, 0xa9, 0xfd, 0xa9, 0xfd, 0xa8, 0xfd, 0xa9, 0xfd, 0xc9, 0xfd, 0xa9, 0xfd, 0xa9, 0xfd, 0xa8, 0xfd, 0xa8, 0xfd, 0xa8, 0xfd, 0xa8, 0xfd, 0xa8, 0xfd, 0xa8, 0xfd, 0xa8, 0xfd, 0xa8, 0xfd, 0xa8, 0xfd,
    0xa8, 0xfd, 0xa8, 0xfd, 0xa9, 0xfd, 0xa8, 0xfd, 0xa8, 0xfd, 0xa8, 0xfd, 0xa8, 0xfd, 0xa9, 0xfd, 0xa8, 0xfd, 0xa8, 0xfd, 0xa8, 0xfd, 0xa8, 0xfd, 0xa8, 0xfd, 0xa8, 0xfd, 0xa9, 0xfd, 0xc9, 0xfd, 0xa9, 0xfd, 0xa8, 0xfd, 0xea, 0xfd, 0x83, 0x41,
    0x00, 0x00, 0xa3, 0x41, 0x4c, 0xfe, 0x4b, 0xfe, 0x8a, 0xed, 0xe9, 0xd4, 0x48, 0xbc, 0x07, 0xb4, 0x88, 0xc4, 0x69, 0xed, 0xa8, 0xfd, 0x88, 0xfd, 0x88, 0xfd, 0xa8, 0xfd, 0x68, 0xfd, 0x07, 0xfd, 0xe7, 0xfc, 0xe7, 0xfc, 0x07, 0xf5, 0x28, 0xf5,
    0x49, 0xf5, 0xe4, 0x51, 0x02, 0x31, 0x45, 0xd3, 0xc4, 0xfb, 0xe5, 0xfb, 0x62, 0x59, 0x00, 0x00, 0x00, 0x00, 0x58, 0xce, 0xff, 0xff, 0xde, 0xff, 0xff, 0xff, 0xff, 0xff, 0xff, 0xff, 0xff, 0xff, 0xff, 0xff, 0xff, 0xff, 0xff, 0xff, 0xdf, 0xff,
    0xff, 0xff, 0xff, 0xff, 0xff, 0xff, 0xff, 0xff, 0xff, 0xff, 0xff, 0xff, 0xff, 0xff, 0xff, 0xff, 0xff, 0xff, 0xff, 0xff, 0x65, 0x31, 0x00, 0x00, 0x61, 0x08, 0x47, 0x62, 0x40, 0x08, 0x29, 0xdd, 0x0a, 0xfe, 0xa8, 0xfd, 0x88, 0xfd, 0x88, 0xfd,
    0x88, 0xfd, 0x88, 0xfd, 0x88, 0xfd, 0x88, 0xfd, 0xa8, 0xfd, 0xa8, 0xfd, 0xa8, 0xfd, 0xa8, 0xfd, 0xa8, 0xfd, 0xa8, 0xfd, 0xa8, 0xfd, 0x88, 0xfd, 0xa8, 0xfd, 0x88, 0xfd, 0x88, 0xfd, 0xa8, 0xfd, 0xa8, 0xfd, 0xa8, 0xfd, 0xa8, 0xfd, 0xa9, 0xfd,
    0xa9, 0xfd, 0xa8, 0xfd, 0xa8, 0xfd, 0xa8, 0xfd, 0xa9, 0xfd, 0xa9, 0xfd, 0xa8, 0xfd, 0xa8, 0xfd, 0xc9, 0xfd, 0xc9, 0xfd, 0xc9, 0xfd, 0xa9, 0xfd, 0xa8, 0xfd, 0xa8, 0xfd, 0xa8, 0xfd, 0xa8, 0xfd, 0xa8, 0xfd, 0xa8, 0xfd, 0xa8, 0xfd, 0xa8, 0xfd,
    0xa8, 0xfd, 0xa8, 0xfd, 0xa8, 0xfd, 0xa8, 0xfd, 0xa8, 0xfd, 0xa8, 0xfd, 0xa8, 0xfd, 0xa8, 0xfd, 0xa8, 0xfd, 0xa9, 0xfd, 0xa8, 0xfd, 0xa8, 0xfd, 0xa8, 0xfd, 0xa8, 0xfd, 0xa8, 0xfd, 0xa9, 0xfd, 0x88, 0xfd, 0x2a, 0xfe, 0xc5, 0x7a, 0x00, 0x00,
    0x64, 0x31, 0x0c, 0xc5, 0x87, 0x8b, 0x43, 0x31, 0x20, 0x00, 0x00, 0x00, 0x00, 0x00, 0x00, 0x00, 0x00, 0x00, 0x81, 0x10, 0x08, 0xe5, 0xa8, 0xfd, 0xc8, 0xfd, 0xa9, 0xfd, 0x68, 0xfd, 0x69, 0xfd, 0x89, 0xfd, 0xa9, 0xfd, 0xc9, 0xfd, 0xe9, 0xfd,
    0xa5, 0x72, 0xa5, 0x72, 0xca, 0xfd, 0x68, 0xfd, 0x07, 0xf5, 0x68, 0xfd, 0xa9, 0xdc, 0x41, 0x08, 0x00, 0x00, 0x69, 0x52, 0xff, 0xff, 0xde, 0xff, 0xff, 0xff, 0xff, 0xff, 0xff, 0xff, 0xff, 0xff, 0xff, 0xff, 0xff, 0xff, 0xff, 0xff, 0xdf, 0xff,
    0xff, 0xff, 0xff, 0xff, 0xff, 0xff, 0xff, 0xff, 0xff, 0xff, 0xff, 0xff, 0xff, 0xff, 0xff, 0xff, 0xde, 0xff, 0xff, 0xff, 0x13, 0xa5, 0x00, 0x00, 0x40, 0x08, 0x00, 0x00, 0x06, 0x7b, 0xac, 0xfe, 0x2a, 0xfe, 0x88, 0xfd, 0xa8, 0xfd, 0xa8, 0xfd,
    0xa8, 0xfd, 0xa8, 0xfd, 0x88, 0xfd, 0xa8, 0xfd, 0xa8, 0xfd, 0xa8, 0xfd, 0xa8, 0xfd, 0xa8, 0xfd, 0xa8, 0xfd, 0xa8, 0xfd, 0xa8, 0xfd, 0xa8, 0xfd, 0x88, 0xfd, 0x88, 0xfd, 0x88, 0xfd, 0xa8, 0xfd, 0xa8, 0xfd, 0xa8, 0xfd, 0xa8, 0xfd, 0xa8, 0xfd,
    0xa9, 0xfd, 0xa8, 0xfd, 0xa9, 0xfd, 0xa9, 0xfd, 0xa9, 0xfd, 0xa8, 0xfd, 0xa8, 0xfd, 0xa8, 0xfd, 0xa8, 0xfd, 0xa8, 0xfd, 0xc9, 0xfd, 0xa9, 0xfd, 0xa9, 0xfd, 0xa8, 0xfd, 0xa8, 0xfd, 0xa8, 0xfd, 0xa8, 0xfd, 0xa8, 0xfd, 0xa8, 0xfd, 0xa8, 0xfd,
    0xa8, 0xfd, 0xa9, 0xfd, 0xa8, 0xfd, 0xa8, 0xfd, 0xa8, 0xfd, 0xa8, 0xfd, 0xa8, 0xfd, 0xa8, 0xfd, 0xa8, 0xfd, 0xa8, 0xfd, 0xa8, 0xfd, 0xa8, 0xfd, 0xa8, 0xfd, 0x88, 0xfd, 0xa8, 0xfd, 0x88, 0xfd, 0xe9, 0xfd, 0xc9, 0xd4, 0x20, 0x00, 0x20, 0x00,
    0x03, 0x21, 0x00, 0x00, 0x00, 0x00, 0x60, 0x08, 0x83, 0x41, 0xa5, 0x72, 0x87, 0x9b, 0x08, 0xac, 0x27, 0xb4, 0x67, 0xc4, 0xa9, 0xfd, 0xa8, 0xfd, 0x88, 0xf4, 0xc8, 0xf3, 0x68, 0xf3, 0x47, 0xf3, 0x88, 0xf3, 0xe8, 0xf3, 0x68, 0xf4, 0x49, 0xf5,
    0x69, 0xed, 0x09, 0xfe, 0xa8, 0xfd, 0xc8, 0xfd, 0xc8, 0xfd, 0xa8, 0xfd, 0x2a, 0xfe, 0x45, 0x62, 0x00, 0x00, 0x20, 0x00, 0x79, 0xce, 0xff, 0xff, 0xde, 0xff, 0xff, 0xff, 0xff, 0xff, 0xff, 0xff, 0xff, 0xff, 0xff, 0xff, 0xff, 0xff, 0xdf, 0xff,
    0xff, 0xff, 0xff, 0xff, 0xff, 0xff, 0xff, 0xff, 0xff, 0xff, 0xff, 0xff, 0xff, 0xff, 0xff, 0xff, 0xff, 0xff, 0xff, 0xff, 0xff, 0xff, 0x85, 0x31, 0x00, 0x00, 0x02, 0x21, 0x6d, 0xf6, 0xcc, 0xfe, 0xe9, 0xfd, 0xa8, 0xfd, 0xa8, 0xfd, 0xa9, 0xfd,
    0xa8, 0xfd, 0xa8, 0xfd, 0xa8, 0xfd, 0xa8, 0xfd, 0xa8, 0xfd, 0xa8, 0xfd, 0xa8, 0xfd, 0xa8, 0xfd, 0xa8, 0xfd, 0xa8, 0xfd, 0xa8, 0xfd, 0xa8, 0xfd, 0x88, 0xfd, 0x88, 0xfd, 0xa8, 0xfd, 0x88, 0xfd, 0xa8, 0xfd, 0xa8, 0xfd, 0xa8, 0xfd, 0xa8, 0xfd,
    0xa8, 0xfd, 0xa8, 0xfd, 0xa8, 0xfd, 0xa9, 0xfd, 0xa9, 0xfd, 0xa8, 0xfd, 0xa8, 0xfd, 0xa8, 0xfd, 0xa8, 0xfd, 0xa9, 0xfd, 0xa9, 0xfd, 0xa9, 0xfd, 0xa9, 0xfd, 0xa8, 0xfd, 0xa8, 0xfd, 0x88, 0xfd, 0xa8, 0xfd, 0xa8, 0xfd, 0xa8, 0xfd, 0xa8, 0xfd,
    0xa8, 0xfd, 0xa8, 0xfd, 0xa8, 0xfd, 0xa8, 0xfd, 0xa8, 0xfd, 0xa8, 0xfd, 0xa8, 0xfd, 0xa8, 0xfd, 0xa8, 0xfd, 0x88, 0xfd, 0x88, 0xfd, 0x87, 0xfd, 0x67, 0xfd, 0x67, 0xfd, 0x88, 0xfd, 0x88, 0xfd, 0x0a, 0xfe, 0x24, 0x5a, 0x00, 0x00, 0x00, 0x00,
    0x81, 0x10, 0x85, 0x6a, 0x68, 0xbc, 0xaa, 0xf5, 0x0a, 0xfe, 0x2a, 0xfe, 0x29, 0xfe, 0x09, 0xfe, 0x09, 0xfe, 0xe9, 0xfd, 0x88, 0xfd, 0xa7, 0xf3, 0xc7, 0xf2, 0xc7, 0xf2, 0xe7, 0xf2, 0xe7, 0xf2, 0xc7, 0xf2, 0xc7, 0xf2, 0xc7, 0xf2, 0x68, 0xf3,
    0xa9, 0xfc, 0xa9, 0xfd, 0xa8, 0xfd, 0xa8, 0xfd, 0xa8, 0xfd, 0xa8, 0xfd, 0xe8, 0xfd, 0xc8, 0xcc, 0x20, 0x08, 0x00, 0x00, 0x0b, 0x63, 0xff, 0xff, 0xde, 0xff, 0xfe, 0xff, 0xdf, 0xff, 0xde, 0xff, 0xde, 0xff, 0xde, 0xff, 0xff, 0xff, 0xff, 0xff,
    0xff, 0xff, 0xff, 0xff, 0xff, 0xff, 0xff, 0xff, 0xff, 0xff, 0xff, 0xff, 0xff, 0xff, 0xff, 0xff, 0xde, 0xff, 0xff, 0xff, 0xba, 0xd6, 0x81, 0x10, 0x00, 0x00, 0xe8, 0x8b, 0x8e, 0xff, 0x6b, 0xf6, 0xa8, 0xfd, 0xa8, 0xfd, 0xa9, 0xfd, 0xc9, 0xfd,
    0xa8, 0xfd, 0xa8, 0xfd, 0xa8, 0xfd, 0xa8, 0xfd, 0xa8, 0xfd, 0x88, 0xfd, 0xa8, 0xfd, 0xa8, 0xfd, 0xa8, 0xfd, 0xa8, 0xfd, 0xa8, 0xfd, 0xa8, 0xfd, 0x88, 0xfd, 0xa8, 0xfd, 0x88, 0xfd, 0x88, 0xfd, 0xa8, 0xfd, 0xa8, 0xfd, 0xa8, 0xfd, 0xa8, 0xfd,
    0xa8, 0xfd, 0xa8, 0xfd, 0xa8, 0xfd, 0xa8, 0xfd, 0xa8, 0xfd, 0xa8, 0xfd, 0xa8, 0xfd, 0xa8, 0xfd, 0xa9, 0xfd, 0xa9, 0xfd, 0xa9, 0xfd, 0xa9, 0xfd, 0xa8, 0xfd, 0xa8, 0xfd, 0xa8, 0xfd, 0xa8, 0xfd, 0xa8, 0xfd, 0xa8, 0xfd, 0xa9, 0xfd, 0xa8, 0xfd,
    0xa8, 0xfd, 0xa8, 0xfd, 0xa8, 0xfd, 0xa8, 0xfd, 0xa8, 0xfd, 0xa8, 0xfd, 0x88, 0xfd, 0x88, 0xfd, 0xc9, 0xfd, 0x0b, 0xfe, 0x2d, 0xfe, 0x2d, 0xfe, 0xec, 0xf5, 0x89, 0xfd, 0x67, 0xfd, 0x67, 0xfd, 0xe9, 0xfd, 0xe4, 0x51, 0xa1, 0x18, 0x86, 0x93,
    0xa9, 0xf5, 0x2a, 0xfe, 0x09, 0xfe, 0xc9, 0xfd, 0xa8, 0xfd, 0x88, 0xfd, 0x88, 0xfd, 0x88, 0xfd, 0xa8, 0xfd, 0x88, 0xf5, 0x67, 0xf3, 0xa7, 0xf2, 0xe7, 0xf2, 0xe7, 0xf2, 0xe7, 0xf2, 0xe7, 0xf2, 0xe7, 0xf2, 0xe7, 0xf2, 0xe6, 0xf2, 0xe7, 0xf2,
    0x07, 0xf3, 0x29, 0xf4, 0xa9, 0xfd, 0xa8, 0xfd, 0xa8, 0xfd, 0xa8, 0xfd, 0x88, 0xfd, 0xe9, 0xfd, 0xa3, 0x41, 0x00, 0x00, 0x61, 0x10, 0x3c, 0xe7, 0xff, 0xff, 0xff, 0xff, 0xff, 0xff, 0xff, 0xff, 0xff, 0xff, 0xff, 0xff, 0xff, 0xff, 0xdf, 0xff,
    0xff, 0xff, 0xff, 0xff, 0xff, 0xff, 0xff, 0xff, 0xff, 0xff, 0xff, 0xff, 0xfe, 0xff, 0xff, 0xff, 0xde, 0xff, 0xff, 0xff, 0x2c, 0x6b, 0x00, 0x00, 0xc2, 0x18, 0x8e, 0xee, 0x2d, 0xff, 0x2a, 0xfe, 0xa9, 0xfd, 0xc9, 0xfd, 0xc9, 0xfd, 0xc9, 0xfd,
    0xa8, 0xfd, 0xa8, 0xfd, 0xa8, 0xfd, 0x88, 0xfd, 0x88, 0xfd, 0x88, 0xfd, 0xa8, 0xfd, 0xa8, 0xfd, 0xa8, 0xfd, 0xa8, 0xfd, 0xa8, 0xfd, 0xa8, 0xfd, 0x88, 0xfd, 0x88, 0xfd, 0x88, 0xfd, 0x88, 0xfd, 0xa8, 0xfd, 0xa8, 0xfd, 0xa8, 0xfd, 0xa8, 0xfd,
    0xa8, 0xfd, 0xa8, 0xfd, 0xa8, 0xfd, 0xa8, 0xfd, 0xa8, 0xfd, 0xa8, 0xfd, 0xa8, 0xfd, 0xa8, 0xfd, 0xa8, 0xfd, 0xa9, 0xfd, 0xa9, 0xfd, 0xa8, 0xfd, 0xa8, 0xfd, 0xa8, 0xfd, 0xa8, 0xfd, 0xa8, 0xfd, 0xa8, 0xfd, 0xa8, 0xfd, 0xa8, 0xfd, 0xa8, 0xfd,
    0xa8, 0xfd, 0xa8, 0xfd, 0xa8, 0xfd, 0xa8, 0xfd, 0xa8, 0xfd, 0xa8, 0xfd, 0xa8, 0xfd, 0x6e, 0xfe, 0x14, 0xff, 0x77, 0xf7, 0xb8, 0xff, 0xfb, 0xff, 0xfb, 0xff, 0xfa, 0xff, 0x13, 0xff, 0x0d, 0xf6, 0xa9, 0xfd, 0x48, 0xf5, 0x69, 0xed, 0x09, 0xfe,
    0xa8, 0xfd, 0x88, 0xfd, 0xa8, 0xfd, 0xa9, 0xfd, 0xc9, 0xfd, 0xa8, 0xfd, 0xa8, 0xfd, 0xa8, 0xfd, 0xa8, 0xfd, 0xc7, 0xf3, 0xc7, 0xf2, 0xe7, 0xf2, 0x07, 0xf3, 0xe7, 0xf2, 0x07, 0xfb, 0xe7, 0xf2, 0x07, 0xfb, 0xe7, 0xfa, 0xe7, 0xf2, 0xc7, 0xf2,
    0xe7, 0xf2, 0xe7, 0xf2, 0x08, 0xf4, 0xa8, 0xfd, 0x88, 0xfd, 0xa8, 0xfd, 0xc8, 0xfd, 0x6a, 0xfe, 0x68, 0xbc, 0x00, 0x00, 0x00, 0x00, 0x91, 0x94, 0xbe, 0xf7, 0xdb, 0xde, 0x79, 0xce, 0x38, 0xc6, 0x38, 0xc6, 0x79, 0xce, 0xbe, 0xf7, 0xff, 0xff,
    0xff, 0xff, 0xff, 0xff, 0xff, 0xff, 0xff, 0xff, 0xff, 0xff, 0xfe, 0xff, 0xff, 0xff, 0xfe, 0xff, 0xff, 0xff, 0x5d, 0xef, 0xa2, 0x10, 0x00, 0x00, 0x47, 0x73, 0x8f, 0xff, 0xcd, 0xfe, 0xe9, 0xfd, 0xa9, 0xfd, 0xc9, 0xfd, 0xc9, 0xfd, 0xc9, 0xfd,
    0xa8, 0xfd, 0xa8, 0xfd, 0xa8, 0xfd, 0xa8, 0xfd, 0xa8, 0xfd, 0xa8, 0xfd, 0xa8, 0xfd, 0xa8, 0xfd, 0xa8, 0xfd, 0xa9, 0xfd, 0xa8, 0xfd, 0xa8, 0xfd, 0xa8, 0xfd, 0xa8, 0xfd, 0xa8, 0xfd, 0xa8, 0xfd, 0xa8, 0xfd, 0xa8, 0xfd, 0xa8, 0xfd, 0xa8, 0xfd,
    0xa8, 0xfd, 0xa9, 0xfd, 0xa8, 0xfd, 0xa8, 0xfd, 0xa8, 0xfd, 0xa8, 0xfd, 0xa8, 0xfd, 0xa9, 0xfd, 0xa9, 0xfd, 0xa9, 0xfd, 0xa9, 0xfd, 0xa8, 0xfd, 0xa8, 0xfd, 0xa8, 0xfd, 0xa8, 0xfd, 0xa8, 0xfd, 0xa8, 0xfd, 0xa8, 0xfd, 0xa8, 0xfd, 0xa8, 0xfd,
    0xa8, 0xfd, 0xa8, 0xfd, 0xa8, 0xfd, 0xa8, 0xfd, 0x88, 0xfd, 0xea, 0xfd, 0xf2, 0xfe, 0x98, 0xff, 0xfb, 0xff, 0xfd, 0xff, 0xba, 0xf7, 0x56, 0xc6, 0x53, 0xa5, 0x33, 0xa5, 0x5a, 0xef, 0xfc, 0xff, 0x78, 0xff, 0x4f, 0xfe, 0x88, 0xfd, 0x88, 0xfd,
    0x88, 0xfd, 0xa8, 0xfd, 0xa8, 0xfd, 0xa9, 0xfd, 0xa9, 0xfd, 0xa9, 0xfd, 0x88, 0xfd, 0xc8, 0xfd, 0x47, 0xf4, 0xa6, 0xea, 0xe7, 0xf2, 0xe7, 0xf2, 0x07, 0xf3, 0x28, 0xfb, 0x07, 0xfb, 0x45, 0xea, 0xc4, 0xe1, 0x86, 0xf2, 0xe7, 0xf2, 0xc7, 0xf2,
    0xc7, 0xf2, 0xc7, 0xf2, 0xe8, 0xf2, 0xc9, 0xfc, 0x09, 0xfe, 0x89, 0xf5, 0xc8, 0xd4, 0xe7, 0xab, 0xc5, 0x72, 0x00, 0x00, 0x00, 0x00, 0x81, 0x10, 0x24, 0x21, 0x03, 0x21, 0x24, 0x29, 0x65, 0x31, 0xa6, 0x31, 0xe7, 0x39, 0x79, 0xd6, 0xff, 0xff,
    0xff, 0xff, 0xff, 0xff, 0xff, 0xff, 0xff, 0xff, 0xff, 0xff, 0xfe, 0xff, 0xff, 0xff, 0xde, 0xff, 0xff, 0xff, 0x92, 0x94, 0x00, 0x00, 0x20, 0x00, 0xcd, 0xd5, 0x6f, 0xff, 0x6c, 0xfe, 0xa9, 0xfd, 0xa9, 0xfd, 0xc9, 0xfd, 0xc9, 0xfd, 0xa9, 0xfd,
    0xa9, 0xfd, 0xa8, 0xfd, 0xa8, 0xfd, 0xa8, 0xfd, 0xa8, 0xfd, 0xa8, 0xfd, 0xa8, 0xfd, 0xa8, 0xfd, 0xa8, 0xfd, 0xa8, 0xfd, 0xa8, 0xfd, 0xa8, 0xfd, 0x88, 0xfd, 0x88, 0xfd, 0xa8, 0xfd, 0xa8, 0xfd, 0xa8, 0xfd, 0xa8, 0xfd, 0xa8, 0xfd, 0xa8, 0xfd,
    0xa8, 0xfd, 0xa8, 0xfd, 0xa8, 0xfd, 0xa8, 0xfd, 0xa9, 0xfd, 0xa9, 0xfd, 0xa9, 0xfd, 0xa9, 0xfd, 0xa9, 0xfd, 0xa9, 0xfd, 0xa9, 0xfd, 0x89, 0xfd, 0x88, 0xfd, 0x88, 0xf5, 0x88, 0xfd, 0xa9, 0xfd, 0xa9, 0xfd, 0xa8, 0xfd, 0xa8, 0xfd, 0x88, 0xfd,
    0xa8, 0xfd, 0x88, 0xfd, 0xa8, 0xfd, 0x88, 0xfd, 0x0b, 0xfe, 0x55, 0xff, 0xb9, 0xff, 0xfc, 0xff, 0xd8, 0xde, 0x4c, 0x63, 0x64, 0x31, 0x02, 0x41, 0x43, 0x61, 0x23, 0x61, 0x44, 0x31, 0xf8, 0xe6, 0xfc, 0xff, 0xdb, 0xff, 0xf4, 0xf6, 0xcb, 0xf5,
    0x68, 0xfd, 0x88, 0xfd, 0x88, 0xfd, 0x88, 0xfd, 0x88, 0xfd, 0x88, 0xfd, 0xa8, 0xfd, 0x69, 0xfd, 0x27, 0xeb, 0xc7, 0xf2, 0xc7, 0xf2, 0x07, 0xf3, 0xa6, 0xf2, 0x86, 0xf2, 0x28, 0xfb, 0x28, 0xfb, 0xa6, 0xea, 0xc3, 0xe1, 0x25, 0xea, 0xe7, 0xf2,
    0xc6, 0xf2, 0xc7, 0xf2, 0xe7, 0xfa, 0xe7, 0xd2, 0x64, 0x6a, 0x63, 0x39, 0x02, 0x31, 0x23, 0x39, 0xc4, 0x59, 0xe2, 0x30, 0x00, 0x00, 0x40, 0x08, 0xd7, 0xbd, 0x5d, 0xef, 0x9e, 0xf7, 0xdf, 0xff, 0xff, 0xff, 0xff, 0xff, 0xff, 0xff, 0xff, 0xff,
    0xff, 0xff, 0xff, 0xff, 0xff, 0xff, 0xff, 0xff, 0xff, 0xff, 0xff, 0xff, 0xff, 0xff, 0xff, 0xff, 0xff, 0xff, 0xc6, 0x39, 0x00, 0x00, 0xe4, 0x41, 0x70, 0xff, 0xee, 0xfe, 0x0b, 0xfe, 0xa9, 0xfd, 0xa9, 0xfd, 0xa9, 0xfd, 0xa9, 0xfd, 0xa8, 0xfd,
    0xa8, 0xfd, 0xa8, 0xfd, 0xa8, 0xfd, 0xa8, 0xfd, 0xa8, 0xfd, 0xa8, 0xfd, 0xa8, 0xfd, 0xa8, 0xfd, 0xa8, 0xfd, 0xa9, 0xfd, 0xa8, 0xfd, 0xa8, 0xfd, 0xa8, 0xfd, 0xa8, 0xfd, 0xa8, 0xfd, 0xa8, 0xfd, 0xa8, 0xfd, 0xa8, 0xfd, 0xa8, 0xfd, 0xa8, 0xfd,
    0xa8, 0xfd, 0xa8, 0xfd, 0xa8, 0xfd, 0xc9, 0xfd, 0xa9, 0xfd, 0xa9, 0xfd, 0xa9, 0xfd, 0xa9, 0xfd, 0xa8, 0xfd, 0xa8, 0xfd, 0xc8, 0xfd, 0xe9, 0xfd, 0x09, 0xfe, 0x0a, 0xfe, 0x0a, 0xfe, 0xea, 0xfd, 0xca, 0xfd, 0xa9, 0xfd, 0xea, 0xfd, 0x09, 0xfe,
    0x88, 0xfd, 0xa8, 0xfd, 0x88, 0xfd, 0xa9, 0xfd, 0x34, 0xff, 0xb9, 0xff, 0xfb, 0xff, 0x73, 0xad, 0x82, 0x18, 0xa4, 0x71, 0x27, 0xd3, 0xa9, 0xfb, 0xa9, 0xfb, 0x0a, 0xfc, 0xc1, 0x40, 0x73, 0xad, 0xfc, 0xff, 0xba, 0xff, 0xfb, 0xff, 0xba, 0xff,
    0x91, 0xf6, 0xa9, 0xfd, 0x67, 0xfd, 0x88, 0xfd, 0xa9, 0xfd, 0xa9, 0xfd, 0xc9, 0xfd, 0xc9, 0xf4, 0xe7, 0xf2, 0xe7, 0xf2, 0xe7, 0xf2, 0x27, 0xf3, 0xe7, 0xf2, 0xe4, 0xe1, 0xa4, 0xe1, 0xa6, 0xf2, 0x48, 0xfb, 0x08, 0xf3, 0xa6, 0xf2, 0xc7, 0xf2,
    0xc7, 0xf2, 0xc6, 0xf2, 0xc6, 0xfa, 0xc6, 0xda, 0x26, 0xb3, 0x86, 0xd3, 0xa5, 0xf3, 0xe6, 0xfb, 0x26, 0xfc, 0x43, 0x9a, 0x00, 0x00, 0x00, 0x00, 0x95, 0xb5, 0xff, 0xff, 0xff, 0xff, 0xff, 0xff, 0xff, 0xff, 0xff, 0xff, 0xff, 0xff, 0xff, 0xff,
    0xff, 0xff, 0xff, 0xff, 0xff, 0xff, 0xff, 0xff, 0xff, 0xff, 0xff, 0xff, 0xfe, 0xff, 0xff, 0xff, 0x9a, 0xd6, 0x20, 0x00, 0x00, 0x00, 0x29, 0x94, 0x90, 0xff, 0xad, 0xf6, 0xca, 0xfd, 0xc9, 0xfd, 0xa9, 0xfd, 0xa8, 0xfd, 0xa9, 0xfd, 0xa9, 0xfd,
    0xa9, 0xfd, 0xa8, 0xfd, 0xa8, 0xfd, 0xa8, 0xfd, 0xa8, 0xfd, 0xa8, 0xfd, 0xa8, 0xfd, 0xa8, 0xfd, 0xa8, 0xfd, 0xa8, 0xfd, 0xa8, 0xfd, 0xa8, 0xfd, 0xa8, 0xfd, 0xa8, 0xfd, 0xa8, 0xfd, 0xa8, 0xfd, 0xa8, 0xfd, 0xa8, 0xfd, 0xa8, 0xfd, 0xa8, 0xfd,
    0xa8, 0xfd, 0xa8, 0xfd, 0xa8, 0xfd, 0xc9, 0xfd, 0xa9, 0xfd, 0xa9, 0xfd, 0xa9, 0xfd, 0xc9, 0xfd, 0x2a, 0xfe, 0x2a, 0xfe, 0xa9, 0xf5, 0xc9, 0xcc, 0xa7, 0x9b, 0x85, 0x72, 0xe4, 0x51, 0x63, 0x39, 0xe2, 0x28, 0xc1, 0x20, 0xe2, 0x20, 0x26, 0x83,
    0xc9, 0xfd, 0x88, 0xfd, 0xa8, 0xfd, 0x13, 0xff, 0xd9, 0xff, 0xda, 0xff, 0x7a, 0xf7, 0xc2, 0x18, 0x28, 0xcb, 0x4b, 0xfc, 0x88, 0xfb, 0x48, 0xf3, 0x68, 0xf3, 0x27, 0xe3, 0x03, 0x31, 0x39, 0xe7, 0xda, 0xff, 0xfb, 0xff, 0xfb, 0xff, 0xda, 0xff,
    0xda, 0xff, 0x77, 0xff, 0x6f, 0xf6, 0xaa, 0xfd, 0x88, 0xfd, 0x88, 0xfd, 0xc8, 0xfd, 0x88, 0xf4, 0xa7, 0xf2, 0xc7, 0xf2, 0xe7, 0xf2, 0x45, 0xea, 0xe7, 0xf2, 0x68, 0xfb, 0x86, 0xea, 0x83, 0xe1, 0x86, 0xea, 0x08, 0xf3, 0xe7, 0xf2, 0xc7, 0xf2,
    0xc7, 0xf2, 0xc7, 0xf2, 0xc6, 0xf2, 0xe6, 0xfa, 0x65, 0xfb, 0x44, 0xfb, 0x44, 0xf3, 0x23, 0xeb, 0x23, 0xfb, 0xc4, 0xca, 0x20, 0x08, 0x00, 0x00, 0x6d, 0x6b, 0xff, 0xff, 0xde, 0xff, 0xff, 0xff, 0xff, 0xff, 0xff, 0xff, 0xff, 0xff, 0xdf, 0xff,
    0xff, 0xff, 0xff, 0xff, 0xff, 0xff, 0xff, 0xff, 0xff, 0xff, 0xff, 0xff, 0xde, 0xff, 0xff, 0xff, 0x50, 0x8c, 0x00, 0x00, 0x41, 0x08, 0x0d, 0xde, 0x6f, 0xff, 0x6c, 0xfe, 0xa9, 0xfd, 0xc9, 0xfd, 0xa8, 0xfd, 0xc9, 0xfd, 0xc9, 0xfd, 0xa8, 0xfd,
    0xa9, 0xfd, 0xa8, 0xfd, 0xa8, 0xfd, 0xa8, 0xfd, 0xa8, 0xfd, 0xa8, 0xfd, 0xa8, 0xfd, 0xa8, 0xfd, 0xa8, 0xfd, 0xa8, 0xfd, 0xa8, 0xfd, 0xa8, 0xfd, 0xa8, 0xfd, 0xa8, 0xfd, 0xa8, 0xfd, 0xa8, 0xfd, 0xa8, 0xfd, 0xa8, 0xfd, 0xa9, 0xfd, 0xa8, 0xfd,
    0xa9, 0xfd, 0xa9, 0xfd, 0xa9, 0xfd, 0xa9, 0xfd, 0xa9, 0xfd, 0x09, 0xfe, 0x2a, 0xfe, 0x8a, 0xed, 0x08, 0xac, 0x44, 0x62, 0xe2, 0x20, 0x00, 0x00, 0x00, 0x00, 0x00, 0x00, 0x00, 0x00, 0x00, 0x00, 0x00, 0x00, 0x40, 0x08, 0x02, 0x29, 0xa6, 0x9b,
    0xc9, 0xfd, 0x67, 0xfd, 0xd2, 0xfe, 0xfa, 0xff, 0xb9, 0xff, 0xda, 0xff, 0xbb, 0xf7, 0xa6, 0x31, 0x83, 0x71, 0x48, 0xdb, 0xa9, 0xfb, 0xc9, 0xfb, 0x0a, 0xfc, 0x02, 0x61, 0xee, 0x7b, 0xfd, 0xff, 0xfc, 0xff, 0x59, 0xef, 0xf8, 0xde, 0xfc, 0xff,
    0xfb, 0xff, 0xda, 0xff, 0xfb, 0xff, 0x77, 0xff, 0xd2, 0xfe, 0x2d, 0xfe, 0x0a, 0xfe, 0xc9, 0xf4, 0xc7, 0xf2, 0xc7, 0xf2, 0xe7, 0xf2, 0x86, 0xf2, 0xa4, 0xe1, 0xc7, 0xf2, 0x48, 0xfb, 0x08, 0xfb, 0xc7, 0xf2, 0x07, 0xf3, 0xe7, 0xf2, 0xc7, 0xf2,
    0xc6, 0xf2, 0xc6, 0xf2, 0xc6, 0xf2, 0xc6, 0xf2, 0x25, 0xf3, 0x64, 0xf3, 0x44, 0xf3, 0x44, 0xf3, 0x44, 0xf3, 0x44, 0xeb, 0x81, 0x20, 0x00, 0x00, 0xe7, 0x39, 0xff, 0xff, 0xfe, 0xff, 0xff, 0xff, 0xff, 0xff, 0xff, 0xff, 0xff, 0xff, 0xff, 0xff,
    0xff, 0xff, 0xff, 0xff, 0xff, 0xff, 0xff, 0xff, 0xff, 0xff, 0xff, 0xff, 0xff, 0xff, 0xff, 0xff, 0x07, 0x42, 0x00, 0x00, 0x84, 0x39, 0x2f, 0xff, 0x0e, 0xff, 0x2a, 0xfe, 0xa9, 0xfd, 0xa9, 0xfd, 0xa8, 0xfd, 0xe9, 0xfd, 0xc9, 0xfd, 0xa8, 0xfd,
    0xa8, 0xfd, 0xa8, 0xfd, 0xa8, 0xfd, 0xa8, 0xfd, 0xa8, 0xfd, 0xa8, 0xfd, 0xa8, 0xfd, 0xa8, 0xfd, 0xa8, 0xfd, 0xa8, 0xfd, 0xa8, 0xfd, 0xa8, 0xfd, 0xa8, 0xfd, 0xa8, 0xfd, 0xa9, 0xfd, 0xa9, 0xfd, 0xa8, 0xfd, 0xa8, 0xfd, 0xa9, 0xfd, 0xa8, 0xfd,
    0xa8, 0xfd, 0xa9, 0xfd, 0xa9, 0xfd, 0x09, 0xfe, 0x0a, 0xfe, 0x88, 0xc4, 0x44, 0x62, 0xa1, 0x18, 0x00, 0x00, 0x00, 0x00, 0x00, 0x00, 0x00, 0x00, 0x00, 0x00, 0xe2, 0x28, 0x44, 0x5a, 0x86, 0x9b, 0xa8, 0xcc, 0x69, 0xed, 0xea, 0xfd, 0x09, 0xfe,
    0x87, 0xfd, 0xeb, 0xfd, 0xb9, 0xff, 0xda, 0xff, 0xda, 0xff, 0xda, 0xff, 0xfb, 0xff, 0x19, 0xe7, 0xeb, 0x5a, 0x24, 0x31, 0x03, 0x41, 0x84, 0x71, 0x43, 0x61, 0x69, 0x52, 0xfd, 0xff, 0x5a, 0xe7, 0x0b, 0x5b, 0x65, 0x39, 0x24, 0x31, 0xc6, 0x39,
    0x56, 0xce, 0xfb, 0xff, 0xda, 0xff, 0xfb, 0xff, 0xfb, 0xff, 0xba, 0xff, 0xd9, 0xff, 0x53, 0xf6, 0xe6, 0xea, 0x07, 0xf3, 0xe7, 0xf2, 0x27, 0xfb, 0xa6, 0xf2, 0x65, 0xea, 0x08, 0xf3, 0x07, 0xf3, 0x08, 0xf3, 0x07, 0xf3, 0xe7, 0xf2, 0xe7, 0xf2,
    0xc6, 0xf2, 0xc6, 0xf2, 0xc6, 0xf2, 0xe6, 0xf2, 0x25, 0xf3, 0x44, 0xf3, 0x44, 0xf3, 0x44, 0xf3, 0x44, 0xf3, 0x65, 0xfb, 0x02, 0x49, 0x00, 0x00, 0xc2, 0x18, 0x7d, 0xef, 0xff, 0xff, 0xff, 0xff, 0xff, 0xff, 0xff, 0xff, 0xff, 0xff, 0xff, 0xff,
    0xff, 0xff, 0xff, 0xff, 0xff, 0xff, 0xff, 0xff, 0xff, 0xff, 0xfe, 0xff, 0xff, 0xff, 0x5d, 0xe7, 0x81, 0x10, 0x00, 0x00, 0x47, 0x73, 0x90, 0xff, 0xcd, 0xf6, 0xe9, 0xfd, 0xa8, 0xfd, 0xa9, 0xfd, 0xa9, 0xfd, 0xe9, 0xfd, 0xc9, 0xfd, 0xc9, 0xfd,
    0xa8, 0xfd, 0xa8, 0xfd, 0xa8, 0xfd, 0xc9, 0xfd, 0xa9, 0xfd, 0xa8, 0xfd, 0xa8, 0xfd, 0xa8, 0xfd, 0xa8, 0xfd, 0xa8, 0xfd, 0xa8, 0xfd, 0xa8, 0xfd, 0xa8, 0xfd, 0xa8, 0xfd, 0xa8, 0xfd, 0xa9, 0xfd, 0xa9, 0xfd, 0xa8, 0xfd, 0xa8, 0xfd, 0xa8, 0xfd,
    0xa8, 0xfd, 0x09, 0xfe, 0xea, 0xfd, 0x07, 0xac, 0x83, 0x41, 0x00, 0x00, 0x00, 0x00, 0x00, 0x00, 0x00, 0x00, 0x41, 0x08, 0x83, 0x41, 0x46, 0x8b, 0xc8, 0xcc, 0xca, 0xfd, 0x2a, 0xfe, 0x29, 0xfe, 0x09, 0xfe, 0xc8, 0xfd, 0xa8, 0xfd, 0xa8, 0xfd,
    0x87, 0xfd, 0xb2, 0xfe, 0xfb, 0xff, 0xda, 0xff, 0xda, 0xff, 0xda, 0xff, 0xda, 0xff, 0xfc, 0xff, 0xfd, 0xff, 0x9a, 0xf7, 0x16, 0xbe, 0x34, 0x9d, 0x07, 0x3a, 0x8c, 0x73, 0x5c, 0xe7, 0x64, 0x31, 0x06, 0x8a, 0xab, 0xeb, 0xec, 0xfb, 0xa5, 0x79,
    0xa2, 0x18, 0x5a, 0xef, 0xfb, 0xff, 0xda, 0xff, 0xda, 0xff, 0xda, 0xff, 0xfb, 0xff, 0x9a, 0xf7, 0x89, 0xeb, 0xc7, 0xfa, 0xe7, 0xf2, 0xe7, 0xf2, 0x28, 0xfb, 0x28, 0xfb, 0xe7, 0xf2, 0xe7, 0xf2, 0xe7, 0xf2, 0x07, 0xf3, 0xe7, 0xf2, 0xe7, 0xf2,
    0xc6, 0xf2, 0xc6, 0xf2, 0xa6, 0xf2, 0x06, 0xf3, 0x47, 0xf4, 0xe5, 0xf3, 0x64, 0xf3, 0x44, 0xf3, 0x24, 0xf3, 0x84, 0xfb, 0x82, 0x69, 0x00, 0x00, 0x20, 0x00, 0xba, 0xd6, 0xff, 0xff, 0xfe, 0xff, 0xff, 0xff, 0xff, 0xff, 0xff, 0xff, 0xff, 0xff,
    0xff, 0xff, 0xff, 0xff, 0xff, 0xff, 0xff, 0xff, 0xff, 0xff, 0xde, 0xff, 0xff, 0xff, 0x96, 0xb5, 0x00, 0x00, 0x00, 0x00, 0x0b, 0xb5, 0x6f, 0xff, 0xac, 0xfe, 0xa8, 0xfd, 0xa8, 0xfd, 0xa9, 0xfd, 0xc8, 0xfd, 0xe9, 0xfd, 0xc9, 0xfd, 0xc9, 0xfd,
    0xa8, 0xfd, 0xa8, 0xfd, 0xa8, 0xfd, 0xa8, 0xfd, 0xa9, 0xfd, 0xa8, 0xfd, 0xa8, 0xfd, 0xa8, 0xfd, 0xa8, 0xfd, 0xa8, 0xfd, 0xa8, 0xfd, 0xa8, 0xfd, 0xa8, 0xfd, 0xa8, 0xfd, 0xa8, 0xfd, 0xa8, 0xfd, 0xa8, 0xfd, 0xa8, 0xfd, 0x88, 0xfd, 0xc8, 0xfd,
    0x0a, 0xfe, 0x47, 0xb4, 0x63, 0x39, 0x00, 0x00, 0x00, 0x00, 0x00, 0x00, 0x00, 0x00, 0x63, 0x39, 0x86, 0x93, 0x29, 0xdd, 0x0a, 0xfe, 0x2a, 0xfe, 0x09, 0xfe, 0xc9, 0xfd, 0xa8, 0xfd, 0xa8, 0xfd, 0xa8, 0xfd, 0xa8, 0xfd, 0xa8, 0xfd, 0xa8, 0xfd,
    0xca, 0xfd, 0x77, 0xff, 0xda, 0xff, 0xda, 0xff, 0xda, 0xff, 0xda, 0xff, 0xdb, 0xff, 0xda, 0xff, 0xda, 0xff, 0xfb, 0xff, 0xfc, 0xff, 0xfd, 0xff, 0xdc, 0xff, 0x07, 0x3a, 0x24, 0x31, 0xe8, 0xc2, 0x2c, 0xfc, 0xaa, 0xfb, 0xaa, 0xfb, 0x0c, 0xfc,
    0x20, 0x18, 0x90, 0x94, 0xfd, 0xff, 0xba, 0xff, 0xda, 0xff, 0xda, 0xff, 0xba, 0xff, 0xfc, 0xff, 0x71, 0xed, 0x86, 0xf2, 0xe7, 0xfa, 0xe7, 0xfa, 0xe7, 0xfa, 0xe7, 0xf2, 0xe8, 0xf2, 0xe7, 0xf2, 0xe7, 0xf2, 0xe7, 0xf2, 0xe7, 0xf2, 0xe7, 0xf2,
    0xe7, 0xf2, 0xc6, 0xf2, 0xa6, 0xf2, 0x26, 0xf3, 0x48, 0xfd, 0x88, 0xfd, 0xe7, 0xf4, 0x46, 0xf4, 0xc5, 0xeb, 0x84, 0xfb, 0xe3, 0x89, 0x00, 0x00, 0x00, 0x00, 0xd6, 0xbd, 0xff, 0xff, 0xde, 0xff, 0xff, 0xff, 0xff, 0xff, 0xff, 0xff, 0xdf, 0xff,
    0xff, 0xff, 0xff, 0xff, 0xff, 0xff, 0xff, 0xff, 0xff, 0xff, 0xde, 0xff, 0xff, 0xff, 0x0f, 0x84, 0x00, 0x00, 0x81, 0x10, 0x4e, 0xe6, 0x4e, 0xff, 0x8c, 0xfe, 0x88, 0xfd, 0xa9, 0xfd, 0xa8, 0xfd, 0xc8, 0xfd, 0xc9, 0xfd, 0xa8, 0xfd, 0xa8, 0xfd,
    0xa8, 0xfd, 0xa8, 0xfd, 0xa8, 0xfd, 0xa8, 0xfd, 0xa8, 0xfd, 0xa8, 0xfd, 0xa8, 0xfd, 0x88, 0xfd, 0x88, 0xfd, 0x88, 0xfd, 0xa8, 0xfd, 0xa8, 0xfd, 0xa8, 0xfd, 0xa8, 0xfd, 0xa8, 0xfd, 0xa8, 0xfd, 0x88, 0xfd, 0x88, 0xfd, 0xc9, 0xfd, 0x69, 0xe5,
    0x04, 0x5a, 0x00, 0x00, 0x00, 0x00, 0x00, 0x00, 0x81, 0x10, 0x65, 0x62, 0x88, 0xc4, 0xe9, 0xfd, 0x29, 0xfe, 0xe8, 0xfd, 0xa8, 0xfd, 0xa8, 0xfd, 0xa8, 0xfd, 0xc9, 0xfd, 0xc9, 0xfd, 0xa8, 0xfd, 0xa8, 0xfd, 0xa8, 0xfd, 0xa8, 0xfd, 0x87, 0xfd,
    0x6f, 0xfe, 0xda, 0xff, 0xda, 0xff, 0xda, 0xff, 0xda, 0xff, 0xdb, 0xff, 0xdb, 0xff, 0xda, 0xff, 0xda, 0xff, 0xda, 0xff, 0xda, 0xff, 0xba, 0xff, 0xdc, 0xff, 0x72, 0xcd, 0x29, 0xbb, 0x2b, 0xfc, 0x8a, 0xf3, 0xaa, 0xfb, 0x8a, 0xf3, 0x0c, 0xfc,
    0xc2, 0x40, 0x8d, 0x6b, 0xfd, 0xff, 0xba, 0xff, 0xdb, 0xff, 0xdb, 0xff, 0xda, 0xff, 0xdb, 0xff, 0xba, 0xff, 0xeb, 0xeb, 0xe7, 0xfa, 0x07, 0xfb, 0xe7, 0xfa, 0x08, 0xf3, 0x07, 0xf3, 0xe7, 0xf2, 0xc7, 0xf2, 0xe7, 0xfa, 0x07, 0xfb, 0x07, 0xfb,
    0xe7, 0xf2, 0xc6, 0xf2, 0x86, 0xf2, 0xe7, 0xf3, 0x88, 0xfd, 0x67, 0xfd, 0xe9, 0xfd, 0x29, 0xfe, 0xa9, 0xfd, 0x48, 0xfd, 0x05, 0xab, 0x00, 0x00, 0x00, 0x00, 0x14, 0xa5, 0xff, 0xff, 0xde, 0xff, 0xff, 0xff, 0xff, 0xff, 0xff, 0xff, 0xdf, 0xff,
    0xff, 0xff, 0xff, 0xff, 0xff, 0xff, 0xff, 0xff, 0xff, 0xff, 0xde, 0xff, 0xff, 0xff, 0x8a, 0x52, 0x00, 0x00, 0x43, 0x29, 0xee, 0xfe, 0x2e, 0xff, 0x2b, 0xfe, 0x88, 0xfd, 0xa8, 0xfd, 0xa8, 0xfd, 0xa8, 0xfd, 0xa8, 0xfd, 0x88, 0xfd, 0x88, 0xfd,
    0x88, 0xfd, 0x88, 0xfd, 0x88, 0xfd, 0xa8, 0xfd, 0xc8, 0xfd, 0xa8, 0xfd, 0xa8, 0xfd, 0xa8, 0xfd, 0xa9, 0xfd, 0xa9, 0xfd, 0xa9, 0xfd, 0xa9, 0xfd, 0xa8, 0xfd, 0xa8, 0xfd, 0x88, 0xfd, 0x88, 0xfd, 0x88, 0xfd, 0xa8, 0xfd, 0x29, 0xe5, 0x81, 0x18,
    0x00, 0x00, 0x00, 0x00, 0x02, 0x29, 0x66, 0x8b, 0x69, 0xe5, 0x29, 0xfe, 0x09, 0xfe, 0xa8, 0xfd, 0xa8, 0xfd, 0xa8, 0xfd, 0xc8, 0xfd, 0xc9, 0xfd, 0xc8, 0xfd, 0xc9, 0xfd, 0xa8, 0xfd, 0xa8, 0xfd, 0x88, 0xfd, 0xa8, 0xfd, 0xa8, 0xfd, 0xa9, 0xfd,
    0x56, 0xff, 0xfa, 0xff, 0xda, 0xff, 0xda, 0xff, 0xda, 0xff, 0xda, 0xff, 0xda, 0xff, 0xda, 0xff, 0xda, 0xff, 0xda, 0xff, 0xda, 0xff, 0xfb, 0xff, 0x17, 0xff, 0x2f, 0xfd, 0x8d, 0xfc, 0xca, 0xfb, 0xca, 0xfb, 0xaa, 0xfb, 0xaa, 0xfb, 0xeb, 0xfb,
    0x20, 0x20, 0x6f, 0x8c, 0xfd, 0xff, 0xba, 0xff, 0xdb, 0xff, 0xdb, 0xff, 0xdb, 0xff, 0xda, 0xff, 0xfb, 0xff, 0xf7, 0xf6, 0xca, 0xeb, 0x07, 0xfb, 0xe7, 0xfa, 0xe7, 0xf2, 0xe7, 0xf2, 0xe7, 0xf2, 0xc7, 0xf2, 0xe7, 0xfa, 0x28, 0xf3, 0x27, 0xf3,
    0xe7, 0xf2, 0xc7, 0xf2, 0xe6, 0xf2, 0x08, 0xfd, 0x68, 0xfd, 0x88, 0xfd, 0x27, 0xbc, 0x26, 0x8b, 0xe7, 0xab, 0x09, 0xe5, 0x28, 0xbc, 0x00, 0x00, 0x00, 0x00, 0x91, 0x94, 0xff, 0xff, 0xbe, 0xf7, 0xdf, 0xff, 0xff, 0xff, 0xff, 0xff, 0xdf, 0xff,
    0xff, 0xff, 0xff, 0xff, 0xff, 0xff, 0xff, 0xff, 0xff, 0xff, 0xff, 0xff, 0xff, 0xff, 0x65, 0x31, 0x00, 0x00, 0x45, 0x52, 0x4f, 0xff, 0xed, 0xfe, 0x0a, 0xfe, 0x88, 0xfd, 0x88, 0xfd, 0x88, 0xfd, 0x88, 0xfd, 0xa8, 0xfd, 0xa8, 0xfd, 0xa8, 0xfd,
    0xa8, 0xfd, 0xa8, 0xfd, 0x88, 0xf5, 0x68, 0xf5, 0x28, 0xf5, 0x08, 0xf5, 0x07, 0xf5, 0xe7, 0xf4, 0xc7, 0xf4, 0x08, 0xf5, 0x48, 0xfd, 0xa9, 0xfd, 0xa9, 0xfd, 0x88, 0xfd, 0x88, 0xfd, 0x88, 0xfd, 0x88, 0xfd, 0xa8, 0xfd, 0x28, 0xe5, 0x42, 0x39,
    0x63, 0x39, 0xc7, 0xa3, 0xca, 0xf5, 0x4a, 0xfe, 0xe9, 0xfd, 0xa8, 0xfd, 0xa8, 0xfd, 0xa9, 0xfd, 0xa8, 0xfd, 0xa8, 0xfd, 0xa9, 0xfd, 0xa8, 0xfd, 0xa9, 0xfd, 0xa8, 0xfd, 0xa8, 0xfd, 0x88, 0xfd, 0xa8, 0xfd, 0xa9, 0xfd, 0x88, 0xfd, 0x70, 0xfe,
    0xda, 0xff, 0xda, 0xff, 0xda, 0xff, 0xda, 0xff, 0xda, 0xff, 0xda, 0xff, 0xda, 0xff, 0xda, 0xff, 0xdb, 0xff, 0xdb, 0xff, 0xda, 0xff, 0xda, 0xff, 0xda, 0xff, 0xd2, 0xfd, 0xeb, 0xfb, 0xeb, 0xfb, 0xcb, 0xfb, 0xaa, 0xf3, 0x0c, 0xfc, 0x88, 0xb2,
    0x20, 0x00, 0xd8, 0xde, 0xfb, 0xff, 0xdb, 0xff, 0xdb, 0xff, 0xdb, 0xff, 0xdb, 0xff, 0xdb, 0xff, 0xba, 0xff, 0xfb, 0xff, 0xb6, 0xf6, 0xcb, 0xeb, 0xe7, 0xf2, 0xc7, 0xfa, 0x27, 0xfb, 0x07, 0xfb, 0xe7, 0xf2, 0x07, 0xf3, 0x07, 0xf3, 0x07, 0xfb,
    0xe7, 0xf2, 0xc6, 0xf2, 0xa8, 0xfc, 0xa8, 0xfd, 0x69, 0xfd, 0xa9, 0xfd, 0x87, 0xd4, 0xc5, 0x82, 0xc3, 0x51, 0x02, 0x31, 0xc1, 0x20, 0x20, 0x00, 0x00, 0x00, 0x6d, 0x6b, 0xff, 0xff, 0xff, 0xff, 0xff, 0xff, 0xff, 0xff, 0xde, 0xff, 0xdf, 0xff,
    0xff, 0xff, 0xff, 0xff, 0xff, 0xff, 0xff, 0xff, 0xff, 0xff, 0xff, 0xff, 0x5d, 0xef, 0xa2, 0x10, 0x00, 0x00, 0xe6, 0x6a, 0x4f, 0xff, 0xad, 0xf6, 0xc9, 0xfd, 0xa8, 0xfd, 0xc8, 0xfd, 0xc9, 0xfd, 0xc9, 0xfd, 0x88, 0xfd, 0x48, 0xf5, 0x07, 0xf5,
    0x66, 0xf4, 0x26, 0xf4, 0x05, 0xf4, 0xc5, 0xf3, 0xa4, 0xf3, 0xa4, 0xf3, 0xa4, 0xf3, 0xa5, 0xf3, 0xa5, 0xf3, 0x84, 0xf3, 0xa5, 0xf3, 0x05, 0xf4, 0x08, 0xf5, 0xa8, 0xfd, 0x88, 0xfd, 0x88, 0xfd, 0x88, 0xfd, 0x88, 0xfd, 0xc8, 0xfd, 0xc9, 0xfd,
    0xc9, 0xfd, 0x29, 0xfe, 0xc8, 0xfd, 0x88, 0xfd, 0xa8, 0xfd, 0xa8, 0xfd, 0xa8, 0xfd, 0xc9, 0xfd, 0xc9, 0xfd, 0xc9, 0xfd, 0xa9, 0xfd, 0xa9, 0xfd, 0xa9, 0xfd, 0xa9, 0xfd, 0xa8, 0xfd, 0x88, 0xfd, 0x88, 0xfd, 0xa8, 0xfd, 0xaa, 0xf5, 0x57, 0xff,
    0xda, 0xff, 0xda, 0xff, 0xda, 0xff, 0xda, 0xff, 0xda, 0xff, 0xdb, 0xff, 0xdb, 0xff, 0xda, 0xff, 0xda, 0xff, 0xda, 0xff, 0xda, 0xff, 0xda, 0xff, 0xdb, 0xff, 0xba, 0xff, 0xef, 0xf4, 0xaa, 0xfb, 0xcb, 0xfb, 0xcb, 0xfb, 0x2a, 0xcb, 0x00, 0x00,
    0xce, 0x7b, 0xfe, 0xff, 0xba, 0xff, 0xdb, 0xff, 0xdb, 0xff, 0xdb, 0xff, 0xdb, 0xff, 0xda, 0xff, 0xda, 0xff, 0xda, 0xff, 0xfb, 0xff, 0x79, 0xf7, 0x50, 0xed, 0xaa, 0xf3, 0x27, 0xf3, 0xe6, 0xfa, 0xa6, 0xf2, 0xa6, 0xf2, 0x27, 0xf3, 0x47, 0xf3,
    0x2b, 0xf4, 0x32, 0xf6, 0x2d, 0xfe, 0x48, 0xfd, 0x89, 0xfd, 0xaa, 0xfd, 0xa9, 0xfd, 0xea, 0xfd, 0x89, 0xfd, 0x29, 0xf5, 0x67, 0x9b, 0x00, 0x00, 0x00, 0x00, 0x61, 0x08, 0x65, 0x29, 0x2c, 0x63, 0x96, 0xb5, 0xbe, 0xf7, 0xff, 0xff, 0xff, 0xff,
    0xff, 0xff, 0xff, 0xff, 0xff, 0xff, 0xff, 0xff, 0xde, 0xff, 0xff, 0xff, 0x99, 0xd6, 0x00, 0x00, 0x00, 0x00, 0xc8, 0x8b, 0x4e, 0xff, 0xcc, 0xf6, 0xe9, 0xfd, 0xa9, 0xfd, 0x48, 0xf5, 0xa7, 0xf4, 0x25, 0xf4, 0xc5, 0xf3, 0xa4, 0xf3, 0xa5, 0xf3,
    0x84, 0xf3, 0x84, 0xf3, 0x64, 0xf3, 0x64, 0xf3, 0x64, 0xf3, 0x64, 0xf3, 0x64, 0xf3, 0x64, 0xf3, 0x84, 0xf3, 0x44, 0xf3, 0x44, 0xf3, 0x64, 0xf3, 0x66, 0xf4, 0x89, 0xfd, 0x88, 0xfd, 0xa8, 0xfd, 0xc8, 0xfd, 0xa8, 0xfd, 0x88, 0xfd, 0x68, 0xfd,
    0x88, 0xfd, 0xa9, 0xfd, 0xc9, 0xfd, 0xe9, 0xfd, 0xc9, 0xfd, 0xc9, 0xfd, 0xa8, 0xfd, 0xa8, 0xfd, 0xc9, 0xfd, 0xc9, 0xfd, 0xa9, 0xfd, 0xa9, 0xfd, 0xa8, 0xfd, 0xa8, 0xfd, 0xa8, 0xfd, 0x88, 0xfd, 0xa8, 0xfd, 0x88, 0xfd, 0xb2, 0xf6, 0xfa, 0xff,
    0xda, 0xff, 0xda, 0xff, 0xda, 0xff, 0xda, 0xff, 0xda, 0xff, 0xdb, 0xff, 0xdb, 0xff, 0xdb, 0xff, 0xda, 0xff, 0xda, 0xff, 0xda, 0xff, 0xda, 0xff, 0xba, 0xff, 0xfb, 0xff, 0xbb, 0xff, 0x0f, 0xf5, 0xaa, 0xfb, 0xeb, 0xfb, 0x29, 0xcb, 0xc5, 0x69,
    0x03, 0x29, 0x90, 0x94, 0xfc, 0xff, 0xdb, 0xff, 0xdb, 0xff, 0xdb, 0xff, 0xdb, 0xff, 0xdb, 0xff, 0xdb, 0xff, 0xdb, 0xff, 0xda, 0xff, 0xfb, 0xff, 0xfb, 0xff, 0x99, 0xff, 0x75, 0xf6, 0xb1, 0xf5, 0x0f, 0xf5, 0x50, 0xf5, 0xd2, 0xf5, 0x95, 0xf6,
    0xba, 0xff, 0xfb, 0xff, 0xb9, 0xff, 0xd3, 0xf6, 0xcc, 0xf5, 0x69, 0xf5, 0x89, 0xfd, 0xcb, 0xf5, 0xaa, 0xf5, 0xa9, 0xfd, 0x68, 0xd4, 0x20, 0x00, 0x00, 0x00, 0x6d, 0x6b, 0xf7, 0xc5, 0x6d, 0x73, 0x86, 0x31, 0x24, 0x21, 0x91, 0x94, 0xff, 0xff,
    0xff, 0xff, 0xff, 0xff, 0xff, 0xff, 0xff, 0xff, 0xde, 0xff, 0xff, 0xff, 0xd7, 0xbd, 0x00, 0x00, 0x00, 0x00, 0x89, 0xa4, 0x6e, 0xff, 0xea, 0xf5, 0xc7, 0xf4, 0xe5, 0xeb, 0x84, 0xeb, 0x44, 0xf3, 0x24, 0xf3, 0x44, 0xf3, 0x44, 0xf3, 0x64, 0xf3,
    0x64, 0xf3, 0x64, 0xf3, 0x64, 0xf3, 0x64, 0xf3, 0x44, 0xf3, 0x44, 0xf3, 0x64, 0xf3, 0x64, 0xf3, 0x64, 0xf3, 0x64, 0xf3, 0x84, 0xf3, 0x25, 0xf4, 0x48, 0xf5, 0xa9, 0xfd, 0x89, 0xfd, 0x28, 0xf5, 0x68, 0xf4, 0xc7, 0xf3, 0xa7, 0xf3, 0x67, 0xf3,
    0x67, 0xf3, 0xa7, 0xf3, 0x28, 0xf4, 0xa8, 0xf4, 0x29, 0xfd, 0x69, 0xfd, 0xc9, 0xfd, 0xc9, 0xfd, 0xa9, 0xfd, 0xa9, 0xfd, 0xa9, 0xfd, 0xa9, 0xfd, 0xa8, 0xfd, 0xa8, 0xfd, 0x88, 0xfd, 0x88, 0xfd, 0x87, 0xfd, 0x90, 0xfe, 0xda, 0xff, 0xd9, 0xff,
    0xda, 0xff, 0xda, 0xff, 0xda, 0xff, 0xda, 0xff, 0xda, 0xff, 0xdb, 0xff, 0xda, 0xff, 0xdb, 0xff, 0xdb, 0xff, 0xdb, 0xff, 0xdb, 0xff, 0xda, 0xff, 0xda, 0xff, 0xba, 0xff, 0xfc, 0xff, 0x14, 0xfe, 0x8a, 0xfb, 0xcb, 0xfb, 0xcb, 0xfb, 0x0b, 0xfc,
    0x09, 0xcb, 0x00, 0x00, 0x32, 0xad, 0xfc, 0xff, 0xba, 0xff, 0xdb, 0xff, 0xdb, 0xff, 0xdb, 0xff, 0xdb, 0xff, 0xdb, 0xff, 0xdb, 0xff, 0xda, 0xff, 0xda, 0xff, 0xfb, 0xff, 0xfb, 0xff, 0xfb, 0xff, 0xfb, 0xff, 0xfb, 0xff, 0xfb, 0xff, 0xfb, 0xff,
    0xda, 0xff, 0xba, 0xff, 0xda, 0xff, 0xfb, 0xff, 0x99, 0xff, 0xd3, 0xf6, 0xab, 0xf5, 0xa9, 0xf5, 0xeb, 0xf5, 0x2c, 0xfe, 0x68, 0xc4, 0x00, 0x00, 0x00, 0x00, 0xae, 0x73, 0xff, 0xff, 0xff, 0xff, 0xff, 0xff, 0xf7, 0xc5, 0x34, 0xa5, 0xff, 0xff,
    0xff, 0xff, 0xff, 0xff, 0xff, 0xff, 0xff, 0xff, 0xde, 0xff, 0xff, 0xff, 0x54, 0xad, 0x00, 0x00, 0x00, 0x00, 0x28, 0xb4, 0x07, 0xfd, 0xe5, 0xf3, 0xc5, 0xf3, 0x84, 0xf3, 0x64, 0xf3, 0x64, 0xf3, 0x64, 0xf3, 0x64, 0xf3, 0x64, 0xf3, 0x64, 0xf3,
    0x64, 0xf3, 0x64, 0xf3, 0x64, 0xf3, 0x64, 0xf3, 0x44, 0xf3, 0x44, 0xf3, 0x44, 0xf3, 0x64, 0xf3, 0x64, 0xf3, 0xa4, 0xf3, 0xa7, 0xf4, 0x88, 0xfd, 0xc9, 0xfd, 0xc8, 0xf4, 0xc8, 0xf3, 0x27, 0xf3, 0xe7, 0xf2, 0xe7, 0xf2, 0x07, 0xf3, 0x07, 0xf3,
    0xe7, 0xf2, 0xa6, 0xf2, 0xa6, 0xf2, 0xc6, 0xf2, 0xe7, 0xf2, 0x27, 0xf3, 0xa7, 0xf3, 0x09, 0xfd, 0xc9, 0xfd, 0xa9, 0xfd, 0xa9, 0xfd, 0xa9, 0xfd, 0xa8, 0xfd, 0xa8, 0xfd, 0xa8, 0xfd, 0x87, 0xfd, 0x6f, 0xfe, 0xda, 0xff, 0xda, 0xff, 0xda, 0xff,
    0xda, 0xff, 0xda, 0xff, 0xda, 0xff, 0xda, 0xff, 0xda, 0xff, 0xdb, 0xff, 0xdb, 0xff, 0xdb, 0xff, 0xda, 0xff, 0xdb, 0xff, 0xdb, 0xff, 0xda, 0xff, 0xda, 0xff, 0xda, 0xff, 0xdb, 0xff, 0xcf, 0xfc, 0xaa, 0xfb, 0xcb, 0xfb, 0xaa, 0xf3, 0x69, 0xf3,
    0x2c, 0xfc, 0xc5, 0x79, 0xa6, 0x31, 0xfc, 0xff, 0xda, 0xff, 0xdb, 0xff, 0xdb, 0xff, 0xdb, 0xff, 0xdb, 0xff, 0xdb, 0xff, 0xdb, 0xff, 0xdb, 0xff, 0xdb, 0xff, 0xdb, 0xff, 0xdb, 0xff, 0xba, 0xff, 0xba, 0xff, 0xba, 0xff, 0xba, 0xff, 0xba, 0xff,
    0xda, 0xff, 0xda, 0xff, 0xda, 0xff, 0xda, 0xff, 0xda, 0xff, 0xfb, 0xff, 0x98, 0xff, 0x91, 0xf6, 0xec, 0xf5, 0xca, 0xfd, 0x28, 0xc4, 0x00, 0x00, 0x00, 0x00, 0x10, 0x84, 0xff, 0xff, 0xbe, 0xf7, 0xff, 0xff, 0xff, 0xff, 0xff, 0xff, 0xff, 0xff,
    0xff, 0xff, 0xff, 0xff, 0xff, 0xff, 0xff, 0xff, 0xde, 0xff, 0xff, 0xff, 0xb2, 0x94, 0x00, 0x00, 0x00, 0x00, 0x04, 0xc3, 0xe4, 0xfb, 0xe5, 0xf3, 0xa4, 0xf3, 0x84, 0xf3, 0x84, 0xf3, 0x64, 0xf3, 0x64, 0xf3, 0x64, 0xf3, 0x44, 0xf3, 0x44, 0xf3,
    0x44, 0xf3, 0x44, 0xf3, 0x44, 0xf3, 0x44, 0xf3, 0x43, 0xf3, 0x23, 0xf3, 0x44, 0xf3, 0xc4, 0xf3, 0x86, 0xf4, 0x28, 0xfd, 0xc9, 0xfd, 0xc9, 0xfd, 0x28, 0xf4, 0x07, 0xf3, 0x07, 0xf3, 0x08, 0xf3, 0x07, 0xf3, 0x07, 0xf3, 0xe6, 0xf2, 0xe6, 0xf2,
    0xc6, 0xf2, 0xc6, 0xf2, 0xc7, 0xf2, 0xc6, 0xf2, 0xa6, 0xf2, 0xa6, 0xf2, 0xa6, 0xf2, 0xc7, 0xf2, 0x48, 0xf4, 0xa9, 0xfd, 0xa8, 0xfd, 0xa8, 0xfd, 0xa9, 0xfd, 0xa8, 0xfd, 0xa8, 0xfd, 0x90, 0xfe, 0xda, 0xff, 0xda, 0xff, 0xda, 0xff, 0xda, 0xff,
    0xda, 0xff, 0xda, 0xff, 0xda, 0xff, 0xda, 0xff, 0xda, 0xff, 0xda, 0xff, 0xda, 0xff, 0xda, 0xff, 0xda, 0xff, 0xdb, 0xff, 0xda, 0xff, 0xda, 0xff, 0xda, 0xff, 0xfa, 0xff, 0x59, 0xff, 0x0c, 0xfc, 0xaa, 0xfb, 0xaa, 0xfb, 0x8a, 0xfb, 0x8a, 0xf3,
    0xcb, 0xfb, 0x67, 0xaa, 0x04, 0x19, 0xfb, 0xff, 0xda, 0xff, 0xda, 0xff, 0xdb, 0xff, 0xdb, 0xff, 0xdb, 0xff, 0xdb, 0xff, 0xdb, 0xff, 0xdb, 0xff, 0xdb, 0xff, 0xdb, 0xff, 0xdb, 0xff, 0xdb, 0xff, 0xdb, 0xff, 0xdb, 0xff, 0xdb, 0xff, 0xdb, 0xff,
    0xdb, 0xff, 0xdb, 0xff, 0xdb, 0xff, 0xda, 0xff, 0xda, 0xff, 0xda, 0xff, 0xdb, 0xff, 0xfb, 0xff, 0x78, 0xf7, 0xd1, 0xfe, 0xc7, 0xab, 0x00, 0x00, 0x00, 0x00, 0x71, 0x94, 0xff, 0xff, 0xde, 0xff, 0xff, 0xff, 0xdf, 0xff, 0xde, 0xff, 0xff, 0xff,
    0xff, 0xff, 0xff, 0xff, 0xff, 0xff, 0xff, 0xff, 0xde, 0xff, 0xff, 0xff, 0x71, 0x8c, 0x00, 0x00, 0x20, 0x00, 0x24, 0xc3, 0xe5, 0xfb, 0xa5, 0xeb, 0x84, 0xf3, 0x84, 0xf3, 0x84, 0xf3, 0x84, 0xfb, 0x84, 0xfb, 0xa4, 0xfb, 0xa4, 0xfb, 0xa4, 0xfb,
    0xa4, 0xfb, 0xc4, 0xfb, 0xc5, 0xfb, 0xc4, 0xfb, 0xe5, 0xfb, 0x46, 0xfc, 0xe7, 0xfc, 0x68, 0xfd, 0xc9, 0xfd, 0xc9, 0xfd, 0xa8, 0xfd, 0x08, 0xf4, 0x07, 0xf3, 0x48, 0xf3, 0x07, 0xf3, 0x07, 0xf3, 0xe7, 0xf2, 0xe7, 0xf2, 0xc6, 0xf2, 0xe7, 0xf2,
    0xe7, 0xf2, 0xe7, 0xf2, 0xc7, 0xf2, 0xa6, 0xf2, 0xc7, 0xf2, 0xe7, 0xf2, 0xc7, 0xf2, 0xc7, 0xf2, 0xe6, 0xf2, 0x68, 0xf4, 0xc9, 0xfd, 0xa9, 0xfd, 0xa9, 0xfd, 0xc9, 0xfd, 0xf2, 0xfe, 0xda, 0xff, 0xda, 0xff, 0xda, 0xff, 0xda, 0xff, 0xda, 0xff,
    0xda, 0xff, 0xda, 0xff, 0xda, 0xff, 0xda, 0xff, 0xda, 0xff, 0xda, 0xff, 0xda, 0xff, 0xda, 0xff, 0xda, 0xff, 0xda, 0xff, 0xda, 0xff, 0xda, 0xff, 0xda, 0xff, 0xda, 0xff, 0x7a, 0xff, 0x4d, 0xfc, 0xaa, 0xfb, 0xaa, 0xfb, 0x8a, 0xf3, 0x6a, 0xf3,
    0x0c, 0xfc, 0x43, 0x61, 0x28, 0x42, 0xfc, 0xff, 0xba, 0xff, 0xda, 0xff, 0xda, 0xff, 0xdb, 0xff, 0xdb, 0xff, 0xdb, 0xff, 0xdb, 0xff, 0xdb, 0xff, 0xdb, 0xff, 0xdb, 0xff, 0xdb, 0xff, 0xdb, 0xff, 0xdb, 0xff, 0xdb, 0xff, 0xdb, 0xff, 0xdb, 0xff,
    0xdb, 0xff, 0xdb, 0xff, 0xdb, 0xff, 0xdb, 0xff, 0xdb, 0xff, 0xdb, 0xff, 0xda, 0xff, 0xda, 0xff, 0xda, 0xff, 0xfc, 0xff, 0x2d, 0x8c, 0x00, 0x00, 0x00, 0x00, 0x55, 0xad, 0xff, 0xff, 0xde, 0xff, 0xff, 0xff, 0xff, 0xff, 0xff, 0xff, 0xff, 0xff,
    0xff, 0xff, 0xff, 0xff, 0xff, 0xff, 0xff, 0xff, 0xbe, 0xf7, 0xdf, 0xff, 0x30, 0x84, 0x00, 0x00, 0x00, 0x00, 0x24, 0xd3, 0x25, 0xfc, 0x06, 0xfc, 0xe5, 0xfb, 0xa5, 0xfb, 0x65, 0xeb, 0x04, 0xdb, 0xc4, 0xc2, 0x84, 0xb2, 0x44, 0xa2, 0xe3, 0x91,
    0xc3, 0x81, 0xe3, 0x81, 0xc3, 0x81, 0xe3, 0x79, 0x24, 0x82, 0x26, 0x93, 0x88, 0xc4, 0xc9, 0xfd, 0x88, 0xfd, 0xc9, 0xfd, 0x28, 0xf4, 0xc7, 0xf2, 0x68, 0xf3, 0x27, 0xf3, 0xe7, 0xf2, 0xe7, 0xfa, 0xe7, 0xf2, 0xe6, 0xf2, 0xe6, 0xf2, 0xc6, 0xf2,
    0xe7, 0xf2, 0xe7, 0xf2, 0xc7, 0xf2, 0xc7, 0xfa, 0xc7, 0xf2, 0xc7, 0xf2, 0xc7, 0xf2, 0xe7, 0xf2, 0xc6, 0xfa, 0x07, 0xf3, 0x29, 0xf5, 0xc9, 0xfd, 0xeb, 0xfd, 0x14, 0xff, 0xda, 0xff, 0xd9, 0xff, 0xda, 0xff, 0xda, 0xff, 0xda, 0xff, 0xda, 0xff,
    0xdb, 0xff, 0xda, 0xff, 0xda, 0xff, 0xda, 0xff, 0xda, 0xff, 0xda, 0xff, 0xda, 0xff, 0xda, 0xff, 0xda, 0xff, 0xda, 0xff, 0xda, 0xff, 0xda, 0xff, 0xda, 0xff, 0xba, 0xff, 0xfb, 0xff, 0x96, 0xf6, 0x49, 0xdb, 0xeb, 0xfb, 0xeb, 0xfb, 0x0c, 0xfc,
    0x47, 0xa2, 0x00, 0x00, 0x15, 0xc6, 0xfb, 0xff, 0xba, 0xff, 0xda, 0xff, 0xda, 0xff, 0xda, 0xff, 0xdb, 0xff, 0xdb, 0xff, 0xdb, 0xff, 0xdb, 0xff, 0xdb, 0xff, 0xdb, 0xff, 0xdb, 0xff, 0xdb, 0xff, 0xdb, 0xff, 0xdb, 0xff, 0xdb, 0xff, 0xdb, 0xff,
    0xdb, 0xff, 0xdb, 0xff, 0xda, 0xff, 0xda, 0xff, 0xda, 0xff, 0xda, 0xff, 0xda, 0xff, 0xda, 0xff, 0xba, 0xff, 0xfd, 0xff, 0x6c, 0x6b, 0x00, 0x00, 0x00, 0x00, 0x17, 0xc6, 0xff, 0xff, 0xde, 0xff, 0xff, 0xff, 0xff, 0xff, 0xff, 0xff, 0xfe, 0xff,
    0xdf, 0xff, 0xde, 0xff, 0xff, 0xff, 0xff, 0xff, 0xff, 0xff, 0xff, 0xff, 0x91, 0x94, 0x00, 0x00, 0x20, 0x00, 0x64, 0x9a, 0x64, 0x9a, 0xa3, 0x69, 0x01, 0x49, 0xa1, 0x30, 0x81, 0x28, 0x81, 0x20, 0x81, 0x28, 0xa1, 0x28, 0xc1, 0x38, 0x02, 0x39,
    0x22, 0x41, 0x42, 0x49, 0x83, 0x49, 0x04, 0x52, 0x44, 0x62, 0x45, 0x62, 0xc7, 0xa3, 0xc9, 0xfd, 0xc9, 0xfd, 0x09, 0xf5, 0x07, 0xf3, 0x07, 0xf3, 0x27, 0xf3, 0xe7, 0xfa, 0xe7, 0xfa, 0xe7, 0xf2, 0xe7, 0xf2, 0xe7, 0xfa, 0x65, 0xea, 0xe4, 0xe1,
    0xe7, 0xf2, 0xe7, 0xf2, 0xc7, 0xf2, 0x45, 0xea, 0xa6, 0xf2, 0xc7, 0xf2, 0xe7, 0xf2, 0xc7, 0xf2, 0xc7, 0xf2, 0xa6, 0xf2, 0xe9, 0xeb, 0x91, 0xf6, 0x56, 0xff, 0xda, 0xff, 0xd9, 0xff, 0xda, 0xff, 0xda, 0xff, 0xda, 0xff, 0xda, 0xff, 0xda, 0xff,
    0xda, 0xff, 0xda, 0xff, 0xda, 0xff, 0xda, 0xff, 0xda, 0xff, 0xda, 0xff, 0xda, 0xff, 0xda, 0xff, 0xda, 0xff, 0xda, 0xff, 0xda, 0xff, 0xda, 0xff, 0xda, 0xff, 0xba, 0xff, 0xdb, 0xff, 0x7a, 0xef, 0xc7, 0x41, 0xa2, 0x30, 0x03, 0x49, 0x82, 0x28,
    0x82, 0x10, 0x32, 0xa5, 0xfc, 0xff, 0xda, 0xff, 0xda, 0xff, 0xda, 0xff, 0xda, 0xff, 0xda, 0xff, 0xda, 0xff, 0xdb, 0xff, 0xdb, 0xff, 0xdb, 0xff, 0xdb, 0xff, 0xdb, 0xff, 0xdb, 0xff, 0xda, 0xff, 0xdb, 0xff, 0xdb, 0xff, 0xdb, 0xff, 0xdb, 0xff,
    0xdb, 0xff, 0xdb, 0xff, 0xda, 0xff, 0xda, 0xff, 0xda, 0xff, 0xda, 0xff, 0xdb, 0xff, 0xdb, 0xff, 0xba, 0xff, 0xfc, 0xff, 0x68, 0x4a, 0x00, 0x00, 0x61, 0x08, 0x1b, 0xe7, 0xff, 0xff, 0xfe, 0xff, 0xff, 0xff, 0xff, 0xff, 0xff, 0xff, 0xfe, 0xff,
    0xff, 0xff, 0xff, 0xff, 0xff, 0xff, 0x1c, 0xe7, 0x34, 0xa5, 0x6d, 0x73, 0x24, 0x29, 0x00, 0x00, 0x00, 0x00, 0x81, 0x20, 0x02, 0x41, 0x83, 0x61, 0x03, 0x8a, 0x84, 0xaa, 0x04, 0xcb, 0x44, 0xdb, 0x64, 0xeb, 0x84, 0xf3, 0xa4, 0xfb, 0xc5, 0xfb,
    0x05, 0xfc, 0x86, 0xfc, 0xc9, 0xfd, 0x2a, 0xfe, 0x4a, 0xfe, 0x6a, 0xfe, 0x29, 0xfe, 0xa9, 0xfd, 0xa9, 0xfd, 0xc8, 0xf3, 0x07, 0xfb, 0x07, 0xf3, 0xe7, 0xf2, 0xe7, 0xf2, 0xe7, 0xf2, 0xe7, 0xf2, 0xe7, 0xfa, 0xc6, 0xf2, 0x83, 0xe1, 0xa6, 0xf2,
    0xe7, 0xf2, 0xe7, 0xf2, 0x45, 0xea, 0xa3, 0xe1, 0xc7, 0xf2, 0xc6, 0xf2, 0x07, 0xf3, 0xe7, 0xf2, 0xc7, 0xf2, 0xc7, 0xf2, 0x27, 0xf3, 0xd6, 0xf6, 0xfa, 0xff, 0xb9, 0xff, 0xda, 0xff, 0xda, 0xff, 0xda, 0xff, 0xda, 0xff, 0xda, 0xff, 0xda, 0xff,
    0xda, 0xff, 0xda, 0xff, 0xda, 0xff, 0xdb, 0xff, 0xda, 0xff, 0xda, 0xff, 0xda, 0xff, 0xda, 0xff, 0xda, 0xff, 0xda, 0xff, 0xda, 0xff, 0xda, 0xff, 0xda, 0xff, 0xda, 0xff, 0xda, 0xff, 0xdb, 0xff, 0x9a, 0xf7, 0x73, 0xad, 0x4f, 0x84, 0xf1, 0x9c,
    0x59, 0xef, 0xfd, 0xff, 0xda, 0xff, 0xdb, 0xff, 0xda, 0xff, 0xda, 0xff, 0xda, 0xff, 0xda, 0xff, 0xda, 0xff, 0xdb, 0xff, 0xdb, 0xff, 0xdb, 0xff, 0xdb, 0xff, 0xdb, 0xff, 0xdb, 0xff, 0xdb, 0xff, 0xdb, 0xff, 0xdb, 0xff, 0xdb, 0xff, 0xdb, 0xff,
    0xdb, 0xff, 0xdb, 0xff, 0xda, 0xff, 0xda, 0xff, 0xdb, 0xff, 0xdb, 0xff, 0xdb, 0xff, 0xda, 0xff, 0xdb, 0xff, 0xbb, 0xff, 0x24, 0x21, 0x00, 0x00, 0x45, 0x29, 0xdf, 0xff, 0xff, 0xff, 0xff, 0xff, 0xff, 0xff, 0xff, 0xff, 0xff, 0xff, 0xff, 0xff,
    0xfb, 0xde, 0xcf, 0x7b, 0xc7, 0x39, 0x04, 0x21, 0x86, 0x31, 0x2c, 0x63, 0xaa, 0x52, 0x00, 0x00, 0x00, 0x00, 0xa4, 0xb2, 0x05, 0xfc, 0xe5, 0xfb, 0xc5, 0xfb, 0xa4, 0xfb, 0xa4, 0xfb, 0x84, 0xfb, 0x84, 0xf3, 0x64, 0xf3, 0x63, 0xf3, 0xe5, 0xf3,
    0xe7, 0xf4, 0x88, 0xfd, 0xa8, 0xfd, 0xa9, 0xfd, 0xa9, 0xfd, 0xa9, 0xfd, 0xa9, 0xfd, 0xe9, 0xfd, 0x09, 0xf5, 0x06, 0xf3, 0x27, 0xf3, 0x07, 0xfb, 0xe7, 0xfa, 0xe7, 0xfa, 0xc7, 0xf2, 0xe7, 0xfa, 0xe7, 0xfa, 0xc3, 0xe1, 0x45, 0xea, 0x28, 0xfb,
    0xe7, 0xf2, 0x07, 0xfb, 0xa3, 0xe1, 0x05, 0xea, 0xc7, 0xf2, 0xc7, 0xf2, 0x07, 0xfb, 0xe7, 0xf2, 0xc7, 0xf2, 0xe7, 0xf2, 0xe6, 0xf2, 0x33, 0xf6, 0xfb, 0xff, 0xb9, 0xff, 0xda, 0xff, 0xda, 0xff, 0xda, 0xff, 0xda, 0xff, 0xda, 0xff, 0xda, 0xff,
    0xda, 0xff, 0xda, 0xff, 0xdb, 0xff, 0xdb, 0xff, 0xdb, 0xff, 0xda, 0xff, 0xda, 0xff, 0xda, 0xff, 0xda, 0xff, 0xda, 0xff, 0xda, 0xff, 0xda, 0xff, 0xda, 0xff, 0xda, 0xff, 0xda, 0xff, 0xda, 0xff, 0xfb, 0xff, 0xfc, 0xff, 0xfd, 0xff, 0xfd, 0xff,
    0xfc, 0xff, 0xdb, 0xff, 0xda, 0xff, 0xda, 0xff, 0xdb, 0xff, 0xdb, 0xff, 0xdb, 0xff, 0xda, 0xff, 0xda, 0xff, 0xdb, 0xff, 0xdb, 0xff, 0xdb, 0xff, 0xdb, 0xff, 0xdb, 0xff, 0xdb, 0xff, 0xdb, 0xff, 0xdb, 0xff, 0xdb, 0xff, 0xdb, 0xff, 0xdb, 0xff,
    0xdb, 0xff, 0xdb, 0xff, 0xda, 0xff, 0xda, 0xff, 0xda, 0xff, 0xda, 0xff, 0xda, 0xff, 0xda, 0xff, 0xfb, 0xff, 0x96, 0xd6, 0x20, 0x00, 0x00, 0x00, 0xaa, 0x52, 0xff, 0xff, 0xde, 0xff, 0xff, 0xff, 0xff, 0xff, 0xff, 0xff, 0xff, 0xff, 0xdf, 0xff,
    0x75, 0xad, 0x6d, 0x6b, 0x75, 0xad, 0x3c, 0xe7, 0xff, 0xff, 0xff, 0xff, 0x95, 0xb5, 0x00, 0x00, 0x00, 0x00, 0x43, 0x9a, 0xc5, 0xfb, 0x64, 0xeb, 0x64, 0xf3, 0x64, 0xf3, 0x84, 0xf3, 0x64, 0xf3, 0x64, 0xf3, 0xe5, 0xf3, 0xe7, 0xf4, 0xa8, 0xfd,
    0xc9, 0xfd, 0xc8, 0xfd, 0xc9, 0xfd, 0xc9, 0xfd, 0xc9, 0xfd, 0xc9, 0xfd, 0xa9, 0xfd, 0xe9, 0xfd, 0x68, 0xf4, 0x07, 0xf3, 0x07, 0xf3, 0xe6, 0xf2, 0xc7, 0xf2, 0xc6, 0xf2, 0xc6, 0xf2, 0xe7, 0xfa, 0x44, 0xea, 0x83, 0xd9, 0x28, 0xf3, 0x07, 0xf3,
    0x07, 0xf3, 0xa6, 0xf2, 0x63, 0xe1, 0xa6, 0xf2, 0xc7, 0xf2, 0xe7, 0xf2, 0xe7, 0xf2, 0xe7, 0xf2, 0xc7, 0xf2, 0xe7, 0xf2, 0xc6, 0xf2, 0x91, 0xed, 0xfb, 0xff, 0xba, 0xff, 0xda, 0xff, 0xda, 0xff, 0xda, 0xff, 0xda, 0xff, 0xdb, 0xff, 0xda, 0xff,
    0xda, 0xff, 0xda, 0xff, 0xdb, 0xff, 0xdb, 0xff, 0xdb, 0xff, 0xda, 0xff, 0xda, 0xff, 0xda, 0xff, 0xda, 0xff, 0xda, 0xff, 0xda, 0xff, 0xda, 0xff, 0xda, 0xff, 0xda, 0xff, 0xda, 0xff, 0xda, 0xff, 0xda, 0xff, 0xba, 0xff, 0xba, 0xff, 0xba, 0xff,
    0xdb, 0xff, 0xdb, 0xff, 0xdb, 0xff, 0xdb, 0xff, 0xdb, 0xff, 0xdb, 0xff, 0xdb, 0xff, 0xda, 0xff, 0xda, 0xff, 0xdb, 0xff, 0xdb, 0xff, 0xdb, 0xff, 0xdb, 0xff, 0xdb, 0xff, 0xdb, 0xff, 0xdb, 0xff, 0xdb, 0xff, 0xdb, 0xff, 0xdb, 0xff, 0xdb, 0xff,
    0xda, 0xff, 0xda, 0xff, 0xda, 0xff, 0xda, 0xff, 0xda, 0xff, 0xda, 0xff, 0xda, 0xff, 0xba, 0xff, 0xfc, 0xff, 0xb0, 0x9c, 0x00, 0x00, 0x00, 0x00, 0xb2, 0x94, 0xff, 0xff, 0xde, 0xff, 0xff, 0xff, 0xff, 0xff, 0xff, 0xff, 0xff, 0xff, 0xdf, 0xff,
    0xff, 0xff, 0xff, 0xff, 0xff, 0xff, 0xff, 0xff, 0xde, 0xff, 0xdf, 0xff, 0xd7, 0xbd, 0x00, 0x00, 0x00, 0x00, 0xc3, 0x79, 0x05, 0xfc, 0xe5, 0xf3, 0xa5, 0xf3, 0x84, 0xf3, 0x64, 0xf3, 0xc5, 0xf3, 0xe7, 0xf4, 0xa8, 0xfd, 0xc8, 0xfd, 0xa8, 0xfd,
    0xa8, 0xfd, 0xc8, 0xfd, 0xc9, 0xfd, 0xc9, 0xfd, 0xc9, 0xfd, 0xc9, 0xfd, 0xc9, 0xfd, 0xc9, 0xfd, 0xe8, 0xf3, 0xe6, 0xf2, 0xe7, 0xf2, 0xc7, 0xf2, 0xc7, 0xf2, 0xc6, 0xf2, 0xc7, 0xfa, 0xe7, 0xfa, 0x04, 0xe2, 0xa6, 0xea, 0x28, 0xf3, 0x07, 0xf3,
    0x07, 0xfb, 0xa6, 0xf2, 0x05, 0xea, 0xc7, 0xf2, 0xc7, 0xf2, 0xc7, 0xf2, 0xe7, 0xf2, 0xc7, 0xf2, 0xc7, 0xf2, 0x07, 0xf3, 0xa6, 0xf2, 0xf3, 0xf5, 0xfb, 0xff, 0xba, 0xff, 0xda, 0xff, 0xda, 0xff, 0xda, 0xff, 0xda, 0xff, 0xda, 0xff, 0xda, 0xff,
    0xda, 0xff, 0xda, 0xff, 0xda, 0xff, 0xda, 0xff, 0xdb, 0xff, 0xda, 0xff, 0xda, 0xff, 0xda, 0xff, 0xda, 0xff, 0xda, 0xff, 0xda, 0xff, 0xda, 0xff, 0xda, 0xff, 0xda, 0xff, 0xda, 0xff, 0xdb, 0xff, 0xdb, 0xff, 0xdb, 0xff, 0xdb, 0xff, 0xdb, 0xff,
    0xdb, 0xff, 0xdb, 0xff, 0xdb, 0xff, 0xdb, 0xff, 0xdb, 0xff, 0xdb, 0xff, 0xda, 0xff, 0xda, 0xff, 0xda, 0xff, 0xdb, 0xff, 0xdb, 0xff, 0xdb, 0xff, 0xdb, 0xff, 0xdb, 0xff, 0xda, 0xff, 0xda, 0xff, 0xda, 0xff, 0xda, 0xff, 0xdb, 0xff, 0xdb, 0xff,
    0xda, 0xff, 0xda, 0xff, 0xda, 0xff, 0xda, 0xff, 0xda, 0xff, 0xda, 0xff, 0xda, 0xff, 0xba, 0xff, 0xfc, 0xff, 0x88, 0x52, 0x00, 0x00, 0x20, 0x00, 0x99, 0xd6, 0xff, 0xff, 0xde, 0xff, 0xff, 0xff, 0xff, 0xff, 0xff, 0xff, 0xff, 0xff, 0xdf, 0xff,
    0xff, 0xff, 0xde, 0xff, 0xde, 0xff, 0xff, 0xff, 0xdf, 0xff, 0xff, 0xff, 0xba, 0xd6, 0x20, 0x08, 0x00, 0x00, 0x82, 0x59, 0x25, 0xfc, 0xa4, 0xf3, 0xa4, 0xf3, 0x25, 0xf4, 0xe7, 0xf4, 0x88, 0xfd, 0xc8, 0xfd, 0xa8, 0xfd, 0xa8, 0xfd, 0xa8, 0xfd,
    0xa8, 0xfd, 0xc8, 0xfd, 0xc9, 0xfd, 0xc9, 0xfd, 0xc9, 0xfd, 0xa9, 0xfd, 0xa9, 0xfd, 0xe9, 0xfd, 0xe8, 0xfb, 0xc7, 0xf2, 0xe7, 0xf2, 0xe7, 0xf2, 0xc6, 0xf2, 0xc7, 0xf2, 0xe7, 0xf2, 0xe7, 0xf2, 0xe7, 0xf2, 0x28, 0xf3, 0x07, 0xf3, 0xe7, 0xf2,
    0xe7, 0xf2, 0x07, 0xfb, 0xe7, 0xf2, 0xc7, 0xf2, 0xc7, 0xf2, 0xe7, 0xf2, 0xe7, 0xf2, 0xc7, 0xf2, 0xe7, 0xf2, 0xe7, 0xf2, 0x07, 0xf3, 0xb6, 0xf6, 0xfa, 0xff, 0xb9, 0xff, 0xda, 0xff, 0xda, 0xff, 0xda, 0xff, 0xda, 0xff, 0xda, 0xff, 0xda, 0xff,
    0xda, 0xff, 0xda, 0xff, 0xda, 0xff, 0xda, 0xff, 0xdb, 0xff, 0xda, 0xff, 0xda, 0xff, 0xda, 0xff, 0xda, 0xff, 0xda, 0xff, 0xda, 0xff, 0xda, 0xff, 0xda, 0xff, 0xda, 0xff, 0xda, 0xff, 0xdb, 0xff, 0xdb, 0xff, 0xdb, 0xff, 0xdb, 0xff, 0xdb, 0xff,
    0xdb, 0xff, 0xdb, 0xff, 0xdb, 0xff, 0xdb, 0xff, 0xdb, 0xff, 0xdb, 0xff, 0xdb, 0xff, 0xdb, 0xff, 0xdb, 0xff, 0xdb, 0xff, 0xdb, 0xff, 0xdb, 0xff, 0xdb, 0xff, 0xda, 0xff, 0xda, 0xff, 0xdb, 0xff, 0xdb, 0xff, 0xda, 0xff, 0xdb, 0xff, 0xda, 0xff,
    0xda, 0xff, 0xda, 0xff, 0xda, 0xff, 0xda, 0xff, 0xda, 0xff, 0xda, 0xff, 0xba, 0xff, 0xfb, 0xff, 0x18, 0xe7, 0x81, 0x10, 0x00, 0x00, 0x85, 0x31, 0xdf, 0xff, 0xff, 0xff, 0xff, 0xff, 0xff, 0xff, 0xff, 0xff, 0xff, 0xff, 0xdf, 0xff, 0xde, 0xff,
    0xff, 0xff, 0xff, 0xff, 0xff, 0xff, 0xff, 0xff, 0xff, 0xff, 0xff, 0xff, 0x7d, 0xef, 0xa2, 0x10, 0x00, 0x00, 0xe2, 0x30, 0x46, 0xf4, 0xe8, 0xf4, 0x89, 0xf5, 0x88, 0xfd, 0xc8, 0xfd, 0xa8, 0xfd, 0xa8, 0xfd, 0xa8, 0xfd, 0xc8, 0xfd, 0xc9, 0xfd,
    0xc8, 0xfd, 0xc8, 0xfd, 0xa9, 0xfd, 0xa9, 0xfd, 0xc9, 0xfd, 0x2a, 0xfe, 0x4b, 0xfe, 0x6a, 0xe5, 0x47, 0xd3, 0xc7, 0xfa, 0x07, 0xf3, 0xe7, 0xf2, 0xc6, 0xf2, 0xc6, 0xf2, 0xc6, 0xf2, 0xe7, 0xf2, 0xe7, 0xf2, 0xe7, 0xf2, 0xe7, 0xf2, 0xe7, 0xf2,
    0xe7, 0xfa, 0x08, 0xf3, 0x07, 0xf3, 0xe7, 0xf2, 0xe7, 0xf2, 0x07, 0xf3, 0x07, 0xf3, 0xe7, 0xf2, 0xe7, 0xf2, 0xe7, 0xf2, 0xeb, 0xeb, 0x99, 0xff, 0xda, 0xff, 0xda, 0xff, 0xda, 0xff, 0xda, 0xff, 0xda, 0xff, 0xdb, 0xff, 0xda, 0xff, 0xda, 0xff,
    0xda, 0xff, 0xda, 0xff, 0xda, 0xff, 0xda, 0xff, 0xda, 0xff, 0xda, 0xff, 0xda, 0xff, 0xda, 0xff, 0xda, 0xff, 0xda, 0xff, 0xda, 0xff, 0xda, 0xff, 0xda, 0xff, 0xda, 0xff, 0xdb, 0xff, 0xdb, 0xff, 0xdb, 0xff, 0xdb, 0xff, 0xda, 0xff, 0xda, 0xff,
    0xdb, 0xff, 0xdb, 0xff, 0xdb, 0xff, 0xdb, 0xff, 0xdb, 0xff, 0xdb, 0xff, 0xdb, 0xff, 0xdb, 0xff, 0xdb, 0xff, 0xdb, 0xff, 0xdb, 0xff, 0xdb, 0xff, 0xdb, 0xff, 0xda, 0xff, 0xda, 0xff, 0xda, 0xff, 0xdb, 0xff, 0xdb, 0xff, 0xdb, 0xff, 0xda, 0xff,
    0xda, 0xff, 0xda, 0xff, 0xda, 0xff, 0xda, 0xff, 0xda, 0xff, 0xda, 0xff, 0xb9, 0xff, 0xfc, 0xff, 0xb0, 0x9c, 0x00, 0x00, 0x00, 0x00, 0x0f, 0x84, 0xff, 0xff, 0xde, 0xff, 0xff, 0xff, 0xff, 0xff, 0xff, 0xff, 0xff, 0xff, 0xff, 0xff, 0xde, 0xff,
    0xff, 0xff, 0xff, 0xff, 0xff, 0xff, 0xff, 0xff, 0xff, 0xff, 0xff, 0xff, 0xff, 0xff, 0xa6, 0x31, 0x00, 0x00, 0x61, 0x10, 0xec, 0xe5, 0x2e, 0xff, 0x8c, 0xfe, 0x88, 0xfd, 0xa8, 0xfd, 0xa8, 0xfd, 0xa8, 0xfd, 0xc8, 0xfd, 0xc8, 0xfd, 0xc9, 0xfd,
    0xc9, 0xfd, 0xa8, 0xfd, 0xc9, 0xfd, 0x2a, 0xfe, 0x0a, 0xfe, 0x68, 0xbc, 0x65, 0x62, 0x83, 0x39, 0xa5, 0xaa, 0x07, 0xfb, 0xe7, 0xf2, 0xc6, 0xf2, 0xc6, 0xf2, 0xc6, 0xf2, 0xc6, 0xf2, 0xc6, 0xf2, 0xc6, 0xf2, 0xe7, 0xfa, 0xe7, 0xf2, 0xe7, 0xf2,
    0xe7, 0xfa, 0xe7, 0xf2, 0xe7, 0xf2, 0xe7, 0xf2, 0xc7, 0xf2, 0xe7, 0xf2, 0xe7, 0xf2, 0xc7, 0xfa, 0xe7, 0xfa, 0xc6, 0xf2, 0x50, 0xed, 0xfb, 0xff, 0xba, 0xff, 0xda, 0xff, 0xdb, 0xff, 0xdb, 0xff, 0xdb, 0xff, 0xdb, 0xff, 0xda, 0xff, 0xda, 0xff,
    0xda, 0xff, 0xda, 0xff, 0xda, 0xff, 0xda, 0xff, 0xdb, 0xff, 0xdb, 0xff, 0xdb, 0xff, 0xdb, 0xff, 0xda, 0xff, 0xda, 0xff, 0xda, 0xff, 0xda, 0xff, 0xda, 0xff, 0xdb, 0xff, 0xdb, 0xff, 0xdb, 0xff, 0xdb, 0xff, 0xdb, 0xff, 0xdb, 0xff, 0xdb, 0xff,
    0xda, 0xff, 0xdb, 0xff, 0xdb, 0xff, 0xdb, 0xff, 0xdb, 0xff, 0xdb, 0xff, 0xdb, 0xff, 0xdb, 0xff, 0xdb, 0xff, 0xdb, 0xff, 0xdb, 0xff, 0xdb, 0xff, 0xdb, 0xff, 0xdb, 0xff, 0xda, 0xff, 0xda, 0xff, 0xda, 0xff, 0xda, 0xff, 0xda, 0xff, 0xda, 0xff,
    0xda, 0xff, 0xda, 0xff, 0xda, 0xff, 0xda, 0xff, 0xda, 0xff, 0xda, 0xff, 0xba, 0xff, 0xfb, 0xff, 0xe6, 0x39, 0x00, 0x00, 0x20, 0x08, 0xda, 0xde, 0xff, 0xff, 0xde, 0xff, 0xff, 0xff, 0xff, 0xff, 0xff, 0xff, 0xff, 0xff, 0xff, 0xff, 0xdf, 0xff,
    0xff, 0xff, 0xff, 0xff, 0xff, 0xff, 0xff, 0xff, 0xff, 0xff, 0xde, 0xff, 0xff, 0xff, 0x2c, 0x63, 0x00, 0x00, 0x00, 0x00, 0x0a, 0xbd, 0x4d, 0xff, 0x8c, 0xf6, 0xa8, 0xfd, 0xa8, 0xfd, 0xa8, 0xfd, 0xa8, 0xfd, 0xc8, 0xfd, 0xa8, 0xfd, 0xa9, 0xfd,
    0xe9, 0xfd, 0x4a, 0xfe, 0xaa, 0xf5, 0x67, 0x8b, 0x22, 0x29, 0xe2, 0x28, 0x43, 0x8a, 0xe6, 0xeb, 0xc6, 0xfb, 0x06, 0xf3, 0xe7, 0xf2, 0xc6, 0xf2, 0xe7, 0xf2, 0xc6, 0xf2, 0xc6, 0xf2, 0xc6, 0xf2, 0xc6, 0xf2, 0xe7, 0xfa, 0xe7, 0xfa, 0x07, 0xf3,
    0xe7, 0xf2, 0xe7, 0xf2, 0xc7, 0xf2, 0xc6, 0xf2, 0xc6, 0xf2, 0xc6, 0xf2, 0xe7, 0xfa, 0x07, 0xfb, 0xe7, 0xf2, 0x28, 0xeb, 0x37, 0xf7, 0xda, 0xff, 0xda, 0xff, 0xda, 0xff, 0xdb, 0xff, 0xdb, 0xff, 0xfb, 0xff, 0xdb, 0xff, 0xda, 0xff, 0xda, 0xff,
    0xda, 0xff, 0xda, 0xff, 0xda, 0xff, 0xdb, 0xff, 0xdb, 0xff, 0xdb, 0xff, 0xdb, 0xff, 0xdb, 0xff, 0xdb, 0xff, 0xda, 0xff, 0xdb, 0xff, 0xda, 0xff, 0xda, 0xff, 0xda, 0xff, 0xda, 0xff, 0xda, 0xff, 0xda, 0xff, 0xdb, 0xff, 0xdb, 0xff, 0xdb, 0xff,
    0xdb, 0xff, 0xdb, 0xff, 0xdb, 0xff, 0xdb, 0xff, 0xdb, 0xff, 0xdb, 0xff, 0xdb, 0xff, 0xdb, 0xff, 0xdb, 0xff, 0xdb, 0xff, 0xdb, 0xff, 0xdb, 0xff, 0xdb, 0xff, 0xdb, 0xff, 0xdb, 0xff, 0xda, 0xff, 0xda, 0xff, 0xda, 0xff, 0xda, 0xff, 0xda, 0xff,
    0xda, 0xff, 0xda, 0xff, 0xda, 0xff, 0xda, 0xff, 0xda, 0xff, 0xba, 0xff, 0xfb, 0xff, 0x15, 0xc6, 0x00, 0x00, 0x00, 0x00, 0x48, 0x4a, 0xff, 0xff, 0xfe, 0xff, 0xff, 0xff, 0xff, 0xff, 0xff, 0xff, 0xff, 0xff, 0xff, 0xff, 0xff, 0xff, 0xdf, 0xff,
    0xff, 0xff, 0xff, 0xff, 0xff, 0xff, 0xff, 0xff, 0xff, 0xff, 0xde, 0xff, 0xff, 0xff, 0xf3, 0x9c, 0x00, 0x00, 0x00, 0x00, 0x47, 0x7b, 0x6e, 0xff, 0xcd, 0xf6, 0xe9, 0xfd, 0xa8, 0xfd, 0xa8, 0xfd, 0xa8, 0xfd, 0xa8, 0xfd, 0xe9, 0xfd, 0x4a, 0xfe,
    0x6a, 0xe5, 0xc5, 0x72, 0xa1, 0x10, 0xc2, 0x20, 0xc5, 0x92, 0xe5, 0xf3, 0xe5, 0xfb, 0x84, 0xfb, 0x64, 0xf3, 0x25, 0xf3, 0x06, 0xf3, 0xe7, 0xf2, 0xe7, 0xf2, 0xe7, 0xf2, 0xc6, 0xf2, 0xc6, 0xf2, 0xc6, 0xf2, 0xe7, 0xfa, 0x07, 0xf3, 0x07, 0xf3,
    0xe7, 0xf2, 0xe7, 0xf2, 0xc6, 0xf2, 0xc6, 0xf2, 0xc6, 0xf2, 0xe7, 0xf2, 0x07, 0xfb, 0xe7, 0xfa, 0xe7, 0xea, 0x34, 0xee, 0xfb, 0xff, 0xba, 0xff, 0xda, 0xff, 0xda, 0xff, 0xda, 0xff, 0xda, 0xff, 0xdb, 0xff, 0xdb, 0xff, 0xda, 0xff, 0xda, 0xff,
    0xda, 0xff, 0xda, 0xff, 0xda, 0xff, 0xdb, 0xff, 0xdb, 0xff, 0xdb, 0xff, 0xdb, 0xff, 0xdb, 0xff, 0xdb, 0xff, 0xdb, 0xff, 0xdb, 0xff, 0xda, 0xff, 0xda, 0xff, 0xda, 0xff, 0xda, 0xff, 0xda, 0xff, 0xda, 0xff, 0xdb, 0xff, 0xdb, 0xff, 0xdb, 0xff,
    0xdb, 0xff, 0xdb, 0xff, 0xdb, 0xff, 0xdb, 0xff, 0xdb, 0xff, 0xdb, 0xff, 0xdb, 0xff, 0xdb, 0xff, 0xdb, 0xff, 0xdb, 0xff, 0xdb, 0xff, 0xdb, 0xff, 0xdb, 0xff, 0xdb, 0xff, 0xdb, 0xff, 0xda, 0xff, 0xda, 0xff, 0xda, 0xff, 0xda, 0xff, 0xda, 0xff,
    0xda, 0xff, 0xda, 0xff, 0xda, 0xff, 0xda, 0xff, 0xda, 0xff, 0xb9, 0xff, 0xfc, 0xff, 0x88, 0x52, 0x00, 0x00, 0x00, 0x00, 0xd6, 0xbd, 0xff, 0xff, 0xde, 0xff, 0xff, 0xff, 0xff, 0xff, 0xff, 0xff, 0xff, 0xff, 0xff, 0xff, 0xff, 0xff, 0xdf, 0xff,
    0xff, 0xff, 0xff, 0xff, 0xff, 0xff, 0xff, 0xff, 0xff, 0xff, 0xde, 0xff, 0xff, 0xff, 0xfb, 0xde, 0x41, 0x08, 0x00, 0x00, 0x63, 0x31, 0x0e, 0xff, 0xed, 0xfe, 0x2a, 0xfe, 0x88, 0xfd, 0x88, 0xfd, 0xc8, 0xfd, 0x2a, 0xfe, 0x29, 0xe5, 0x64, 0x6a,
    0x41, 0x08, 0x02, 0x29, 0x25, 0x9b, 0x06, 0xfc, 0xc5, 0xfb, 0x64, 0xf3, 0x64, 0xf3, 0x64, 0xf3, 0x64, 0xf3, 0x44, 0xfb, 0x26, 0xf3, 0x07, 0xf3, 0x07, 0xf3, 0xe7, 0xf2, 0xc6, 0xf2, 0xc6, 0xf2, 0xe7, 0xf2, 0xe7, 0xf2, 0xe7, 0xf2, 0xe7, 0xf2,
    0xe7, 0xf2, 0xc6, 0xf2, 0xc6, 0xf2, 0xc6, 0xf2, 0xc6, 0xf2, 0xe7, 0xf2, 0xc6, 0xfa, 0xc6, 0xf2, 0x91, 0xf5, 0xfb, 0xff, 0xba, 0xff, 0xda, 0xff, 0xda, 0xff, 0xda, 0xff, 0xda, 0xff, 0xda, 0xff, 0xda, 0xff, 0xda, 0xff, 0xda, 0xff, 0xda, 0xff,
    0xda, 0xff, 0xda, 0xff, 0xdb, 0xff, 0xdb, 0xff, 0xdb, 0xff, 0xdb, 0xff, 0xda, 0xff, 0xda, 0xff, 0xda, 0xff, 0xda, 0xff, 0xda, 0xff, 0xda, 0xff, 0xda, 0xff, 0xda, 0xff, 0xda, 0xff, 0xda, 0xff, 0xda, 0xff, 0xdb, 0xff, 0xdb, 0xff, 0xdb, 0xff,
    0xfb, 0xff, 0xdb, 0xff, 0xdb, 0xff, 0xdb, 0xff, 0xdb, 0xff, 0xdb, 0xff, 0xdb, 0xff, 0xdb, 0xff, 0xdb, 0xff, 0xdb, 0xff, 0xdb, 0xff, 0xdb, 0xff, 0xdb, 0xff, 0xdb, 0xff, 0xdb, 0xff, 0xda, 0xff, 0xda, 0xff, 0xda, 0xff, 0xda, 0xff, 0xda, 0xff,
    0xda, 0xff, 0xda, 0xff, 0xda, 0xff, 0xda, 0xff, 0xba, 0xff, 0xfc, 0xff, 0x15, 0xc6, 0x00, 0x00, 0x00, 0x00, 0xe7, 0x39, 0xff, 0xff, 0xfe, 0xff, 0xff, 0xff, 0xff, 0xff, 0xff, 0xff, 0xff, 0xff, 0xff, 0xff, 0xff, 0xff, 0xff, 0xff, 0xdf, 0xff,
    0xff, 0xff, 0xff, 0xff, 0xff, 0xff, 0xff, 0xff, 0xff, 0xff, 0xfe, 0xff, 0xff, 0xff, 0xff, 0xff, 0xe7, 0x39, 0x00, 0x00, 0x20, 0x00, 0xac, 0xcd, 0x4e, 0xff, 0x4b, 0xf6, 0xc8, 0xfd, 0x2a, 0xfe, 0x49, 0xe5, 0x65, 0x6a, 0x41, 0x08, 0x63, 0x31,
    0xc7, 0xab, 0x46, 0xfc, 0xc4, 0xfb, 0x43, 0xf3, 0x44, 0xf3, 0x64, 0xf3, 0x44, 0xf3, 0x44, 0xf3, 0x64, 0xf3, 0xa4, 0xf3, 0xa7, 0xf4, 0x67, 0xf3, 0xc7, 0xf2, 0x27, 0xf3, 0xe7, 0xf2, 0xe6, 0xf2, 0xe7, 0xf2, 0xe7, 0xf2, 0xe6, 0xf2, 0xe7, 0xf2,
    0xe7, 0xf2, 0xc6, 0xf2, 0xc6, 0xf2, 0xc7, 0xf2, 0xc6, 0xf2, 0x65, 0xfa, 0xa9, 0xf3, 0x95, 0xf6, 0xfb, 0xff, 0xba, 0xff, 0xda, 0xff, 0xda, 0xff, 0xda, 0xff, 0xda, 0xff, 0xda, 0xff, 0xda, 0xff, 0xda, 0xff, 0xda, 0xff, 0xda, 0xff, 0xda, 0xff,
    0xda, 0xff, 0xda, 0xff, 0xdb, 0xff, 0xdb, 0xff, 0xdb, 0xff, 0xda, 0xff, 0xda, 0xff, 0xda, 0xff, 0xda, 0xff, 0xda, 0xff, 0xda, 0xff, 0xda, 0xff, 0xda, 0xff, 0xda, 0xff, 0xda, 0xff, 0xda, 0xff, 0xda, 0xff, 0xdb, 0xff, 0xdb, 0xff, 0xdb, 0xff,
    0xdb, 0xff, 0xdb, 0xff, 0xdb, 0xff, 0xdb, 0xff, 0xdb, 0xff, 0xdb, 0xff, 0xdb, 0xff, 0xdb, 0xff, 0xdb, 0xff, 0xdb, 0xff, 0xdb, 0xff, 0xdb, 0xff, 0xdb, 0xff, 0xdb, 0xff, 0xdb, 0xff, 0xdb, 0xff, 0xdb, 0xff, 0xdb, 0xff, 0xdb, 0xff, 0xdb, 0xff,
    0xda, 0xff, 0xda, 0xff, 0xda, 0xff, 0xda, 0xff, 0xba, 0xff, 0xfc, 0xff, 0xe6, 0x39, 0x00, 0x00, 0x00, 0x00, 0xf7, 0xbd, 0xff, 0xff, 0xde, 0xff, 0xff, 0xff, 0xff, 0xff, 0xff, 0xff, 0xff, 0xff, 0xff, 0xff, 0xff, 0xff, 0xff, 0xff, 0xdf, 0xff,
    0xff, 0xff, 0xff, 0xff, 0xff, 0xff, 0xff, 0xff, 0xff, 0xff, 0xff, 0xff, 0xde, 0xff, 0xff, 0xff, 0x50, 0x8c, 0x00, 0x00, 0x00, 0x00, 0x27, 0x73, 0x6f, 0xff, 0x0e, 0xff, 0xaa, 0xed, 0x85, 0x72, 0x41, 0x08, 0x63, 0x31, 0x27, 0xb4, 0xa7, 0xfc,
    0xc4, 0xfb, 0x23, 0xeb, 0x44, 0xf3, 0x44, 0xf3, 0x44, 0xf3, 0x44, 0xf3, 0x44, 0xf3, 0x24, 0xf3, 0x44, 0xf3, 0xc7, 0xfc, 0xc8, 0xfd, 0x48, 0xfd, 0xa7, 0xf3, 0x27, 0xf3, 0xe6, 0xf2, 0x07, 0xf3, 0x07, 0xf3, 0xc6, 0xf2, 0xe7, 0xf2, 0xe7, 0xfa,
    0xe7, 0xfa, 0xe7, 0xf2, 0xe7, 0xfa, 0xe6, 0xf2, 0x07, 0xf3, 0xef, 0xf4, 0x79, 0xff, 0xfb, 0xff, 0xba, 0xff, 0xda, 0xff, 0xda, 0xff, 0xda, 0xff, 0xda, 0xff, 0xda, 0xff, 0xda, 0xff, 0xda, 0xff, 0xda, 0xff, 0xda, 0xff, 0xda, 0xff, 0xda, 0xff,
    0xda, 0xff, 0xda, 0xff, 0xda, 0xff, 0xda, 0xff, 0xda, 0xff, 0xda, 0xff, 0xda, 0xff, 0xda, 0xff, 0xda, 0xff, 0xda, 0xff, 0xda, 0xff, 0xda, 0xff, 0xd9, 0xff, 0xda, 0xff, 0xda, 0xff, 0xda, 0xff, 0xda, 0xff, 0xda, 0xff, 0xdb, 0xff, 0xdb, 0xff,
    0xda, 0xff, 0xdb, 0xff, 0xdb, 0xff, 0xdb, 0xff, 0xdb, 0xff, 0xdb, 0xff, 0xdb, 0xff, 0xdb, 0xff, 0xdb, 0xff, 0xdb, 0xff, 0xdb, 0xff, 0xdb, 0xff, 0xdb, 0xff, 0xdb, 0xff, 0xdb, 0xff, 0xdb, 0xff, 0xdb, 0xff, 0xdb, 0xff, 0xdb, 0xff, 0xdb, 0xff,
    0xda, 0xff, 0xda, 0xff, 0xda, 0xff, 0xba, 0xff, 0xfc, 0xff, 0xf1, 0x9c, 0x00, 0x00, 0x00, 0x00, 0xaa, 0x52, 0xff, 0xff, 0xde, 0xff, 0xff, 0xff, 0xff, 0xff, 0xff, 0xff, 0xff, 0xff, 0xff, 0xff, 0xff, 0xff, 0xff, 0xff, 0xff, 0xff, 0xdf, 0xff,
    0xff, 0xff, 0xff, 0xff, 0xff, 0xff, 0xff, 0xff, 0xff, 0xff, 0xff, 0xff, 0xde, 0xff, 0xff, 0xff, 0xfb, 0xde, 0x40, 0x08, 0x00, 0x00, 0xc1, 0x18, 0x6e, 0xee, 0xa8, 0x8b, 0x61, 0x10, 0x83, 0x31, 0x68, 0xb4, 0x49, 0xfd, 0x05, 0xfc, 0x23, 0xf3,
    0x44, 0xf3, 0x64, 0xf3, 0x44, 0xf3, 0x44, 0xf3, 0x44, 0xf3, 0x44, 0xf3, 0x23, 0xf3, 0x23, 0xf3, 0xc7, 0xfc, 0xc8, 0xfd, 0x88, 0xfd, 0xa8, 0xfd, 0xa9, 0xfd, 0xc8, 0xf4, 0xc7, 0xf3, 0x67, 0xf3, 0x07, 0xf3, 0x07, 0xf3, 0x07, 0xf3, 0x07, 0xf3,
    0x68, 0xf3, 0x48, 0xf3, 0x2b, 0xec, 0x71, 0xf5, 0xf7, 0xf6, 0xfb, 0xff, 0xfa, 0xff, 0xba, 0xff, 0xda, 0xff, 0xda, 0xff, 0xda, 0xff, 0xda, 0xff, 0xda, 0xff, 0xda, 0xff, 0xda, 0xff, 0xdb, 0xff, 0xda, 0xff, 0xda, 0xff, 0xda, 0xff, 0xda, 0xff,
    0xda, 0xff, 0xda, 0xff, 0xda, 0xff, 0xda, 0xff, 0xda, 0xff, 0xda, 0xff, 0xda, 0xff, 0xda, 0xff, 0xda, 0xff, 0xda, 0xff, 0xda, 0xff, 0xda, 0xff, 0xda, 0xff, 0xda, 0xff, 0xda, 0xff, 0xda, 0xff, 0xda, 0xff, 0xda, 0xff, 0xda, 0xff, 0xda, 0xff,
    0xda, 0xff, 0xdb, 0xff, 0xdb, 0xff, 0xdb, 0xff, 0xdb, 0xff, 0xdb, 0xff, 0xdb, 0xff, 0xdb, 0xff, 0xdb, 0xff, 0xdb, 0xff, 0xdb, 0xff, 0xdb, 0xff, 0xdb, 0xff, 0xdb, 0xff, 0xdb, 0xff, 0xdb, 0xff, 0xdb, 0xff, 0xdb, 0xff, 0xdb, 0xff, 0xdb, 0xff,
    0xda, 0xff, 0xda, 0xff, 0xba, 0xff, 0xfb, 0xff, 0xf8, 0xe6, 0xa2, 0x10, 0x00, 0x00, 0x61, 0x08, 0xfb, 0xe6, 0xff, 0xff, 0xde, 0xff, 0xff, 0xff, 0xff, 0xff, 0xff, 0xff, 0xff, 0xff, 0xff, 0xff, 0xff, 0xff, 0xff, 0xff, 0xff, 0xff, 0xdf, 0xff,
    0xff, 0xff, 0xff, 0xff, 0xff, 0xff, 0xff, 0xff, 0xff, 0xff, 0xff, 0xff, 0xff, 0xff, 0xde, 0xff, 0xff, 0xff, 0xaa, 0x52, 0x00, 0x00, 0x20, 0x08, 0xc2, 0x18, 0xe2, 0x20, 0x88, 0xac, 0x4a, 0xfe, 0x86, 0xfc, 0x23, 0xf3, 0x44, 0xf3, 0x84, 0xf3,
    0x84, 0xf3, 0x64, 0xf3, 0x44, 0xf3, 0x24, 0xf3, 0x44, 0xf3, 0x23, 0xf3, 0x44, 0xf3, 0xc7, 0xf4, 0xa8, 0xfd, 0x88, 0xfd, 0x88, 0xfd, 0x88, 0xfd, 0x88, 0xfd, 0xa8, 0xfd, 0xa8, 0xfd, 0x69, 0xfd, 0x29, 0xfd, 0x4b, 0xf5, 0x12, 0xf6, 0x74, 0xf6,
    0x95, 0xf6, 0x17, 0xf7, 0xda, 0xff, 0xfb, 0xff, 0xfa, 0xff, 0xb9, 0xff, 0xd9, 0xff, 0xda, 0xff, 0xda, 0xff, 0xda, 0xff, 0xda, 0xff, 0xda, 0xff, 0xda, 0xff, 0xda, 0xff, 0xda, 0xff, 0xda, 0xff, 0xda, 0xff, 0xda, 0xff, 0xda, 0xff, 0xda, 0xff,
    0xda, 0xff, 0xda, 0xff, 0xda, 0xff, 0xda, 0xff, 0xda, 0xff, 0xda, 0xff, 0xda, 0xff, 0xda, 0xff, 0xda, 0xff, 0xda, 0xff, 0xda, 0xff, 0xda, 0xff, 0xda, 0xff, 0xda, 0xff, 0xda, 0xff, 0xda, 0xff, 0xda, 0xff, 0xda, 0xff, 0xda, 0xff, 0xdb, 0xff,
    0xdb, 0xff, 0xdb, 0xff, 0xdb, 0xff, 0xdb, 0xff, 0xdb, 0xff, 0xdb, 0xff, 0xdb, 0xff, 0xdb, 0xff, 0xfb, 0xff, 0xdb, 0xff, 0xdb, 0xff, 0xdb, 0xff, 0xdb, 0xff, 0xdb, 0xff, 0xdb, 0xff, 0xdb, 0xff, 0xdb, 0xff, 0xdb, 0xff, 0xda, 0xff, 0xda, 0xff,
    0xda, 0xff, 0xda, 0xff, 0xba, 0xff, 0xfc, 0xff, 0x27, 0x42, 0x00, 0x00, 0x00, 0x00, 0xb2, 0x94, 0xff, 0xff, 0xde, 0xff, 0xff, 0xff, 0xff, 0xff, 0xff, 0xff, 0xff, 0xff, 0xff, 0xff, 0xff, 0xff, 0xff, 0xff, 0xff, 0xff, 0xff, 0xff, 0xde, 0xff,
    0xff, 0xff, 0xff, 0xff, 0xff, 0xff, 0xff, 0xff, 0xff, 0xff, 0xff, 0xff, 0xde, 0xff, 0xff, 0xff, 0xff, 0xff, 0x92, 0x94, 0x00, 0x00, 0x00, 0x00, 0xa2, 0x18, 0x4b, 0xf6, 0xe8, 0xfd, 0xa4, 0xf3, 0x43, 0xeb, 0x84, 0xf3, 0x84, 0xf3, 0x64, 0xf3,
    0x44, 0xf3, 0x44, 0xf3, 0x44, 0xf3, 0x44, 0xf3, 0x23, 0xf3, 0x64, 0xf3, 0x07, 0xf5, 0xa8, 0xfd, 0x68, 0xf5, 0x88, 0xfd, 0x88, 0xfd, 0x88, 0xfd, 0x88, 0xfd, 0x88, 0xfd, 0x88, 0xfd, 0xa9, 0xfd, 0xea, 0xfd, 0xf3, 0xfe, 0xfb, 0xff, 0xfa, 0xff,
    0xfa, 0xff, 0xfa, 0xff, 0xda, 0xff, 0xba, 0xff, 0xba, 0xff, 0xba, 0xff, 0xda, 0xff, 0xda, 0xff, 0xda, 0xff, 0xda, 0xff, 0xda, 0xff, 0xda, 0xff, 0xda, 0xff, 0xda, 0xff, 0xda, 0xff, 0xda, 0xff, 0xdb, 0xff, 0xda, 0xff, 0xda, 0xff, 0xda, 0xff,
    0xda, 0xff, 0xda, 0xff, 0xda, 0xff, 0xdb, 0xff, 0xdb, 0xff, 0xda, 0xff, 0xda, 0xff, 0xda, 0xff, 0xda, 0xff, 0xda, 0xff, 0xda, 0xff, 0xda, 0xff, 0xda, 0xff, 0xda, 0xff, 0xda, 0xff, 0xda, 0xff, 0xda, 0xff, 0xda, 0xff, 0xda, 0xff, 0xda, 0xff,
    0xdb, 0xff, 0xdb, 0xff, 0xdb, 0xff, 0xdb, 0xff, 0xdb, 0xff, 0xdb, 0xff, 0xdb, 0xff, 0xdb, 0xff, 0xdb, 0xff, 0xdb, 0xff, 0xdb, 0xff, 0xda, 0xff, 0xda, 0xff, 0xdb, 0xff, 0xdb, 0xff, 0xdb, 0xff, 0xdb, 0xff, 0xdb, 0xff, 0xda, 0xff, 0xda, 0xff,
    0xda, 0xff, 0xba, 0xff, 0xfd, 0xff, 0x0e, 0x84, 0x00, 0x00, 0x00, 0x00, 0x48, 0x4a, 0xff, 0xff, 0xde, 0xff, 0xff, 0xff, 0xff, 0xff, 0xff, 0xff, 0xff, 0xff, 0xff, 0xff, 0xff, 0xff, 0xff, 0xff, 0xfe, 0xff, 0xff, 0xff, 0xff, 0xff, 0xde, 0xff,
    0xff, 0xff, 0xff, 0xff, 0xff, 0xff, 0xff, 0xff, 0xfe, 0xff, 0xde, 0xff, 0xff, 0xff, 0xdf, 0xff, 0x8d, 0x73, 0xa2, 0x10, 0xc2, 0x18, 0x20, 0x00, 0x00, 0x00, 0x25, 0xa3, 0xc5, 0xfb, 0x64, 0xf3, 0x84, 0xf3, 0x84, 0xf3, 0x64, 0xf3, 0x44, 0xf3,
    0x44, 0xf3, 0x44, 0xf3, 0x44, 0xf3, 0x03, 0xf3, 0xc5, 0xf3, 0x48, 0xfd, 0xa8, 0xfd, 0x68, 0xfd, 0xe9, 0xfd, 0xa8, 0xfd, 0x88, 0xfd, 0x88, 0xfd, 0xa8, 0xfd, 0xca, 0xfd, 0xca, 0xfd, 0xca, 0xfd, 0x91, 0xfe, 0xba, 0xff, 0xb9, 0xff, 0xb9, 0xff,
    0xb9, 0xff, 0xda, 0xff, 0xda, 0xff, 0xda, 0xff, 0xda, 0xff, 0xda, 0xff, 0xda, 0xff, 0xda, 0xff, 0xda, 0xff, 0xba, 0xff, 0xda, 0xff, 0xda, 0xff, 0xda, 0xff, 0xda, 0xff, 0xda, 0xff, 0xda, 0xff, 0xda, 0xff, 0xda, 0xff, 0xda, 0xff, 0xda, 0xff,
    0xda, 0xff, 0xda, 0xff, 0xda, 0xff, 0xda, 0xff, 0xda, 0xff, 0xda, 0xff, 0xda, 0xff, 0xda, 0xff, 0xda, 0xff, 0xda, 0xff, 0xda, 0xff, 0xda, 0xff, 0xda, 0xff, 0xda, 0xff, 0xda, 0xff, 0xda, 0xff, 0xda, 0xff, 0xda, 0xff, 0xda, 0xff, 0xda, 0xff,
    0xda, 0xff, 0xdb, 0xff, 0xdb, 0xff, 0xdb, 0xff, 0xda, 0xff, 0xda, 0xff, 0xdb, 0xff, 0xdb, 0xff, 0xdb, 0xff, 0xdb, 0xff, 0xda, 0xff, 0xda, 0xff, 0xda, 0xff, 0xda, 0xff, 0xda, 0xff, 0xda, 0xff, 0xda, 0xff, 0xda, 0xff, 0xda, 0xff, 0xda, 0xff,
    0xba, 0xf7, 0xfc, 0xff, 0x53, 0xad, 0x00, 0x00, 0x00, 0x00, 0xe3, 0x18, 0x5c, 0xef, 0xff, 0xff, 0xde, 0xff, 0xff, 0xff, 0xff, 0xff, 0xff, 0xff, 0xff, 0xff, 0xff, 0xff, 0xff, 0xff, 0xfe, 0xff, 0xfe, 0xff, 0xff, 0xff, 0xdf, 0xff, 0xde, 0xff,
    0xff, 0xff, 0xff, 0xff, 0xff, 0xff, 0xfe, 0xff, 0xde, 0xff, 0xff, 0xff, 0x38, 0xc6, 0x24, 0x21, 0x45, 0x29, 0x9a, 0xd6, 0x95, 0xb5, 0x00, 0x00, 0x00, 0x00, 0x81, 0x28, 0xa5, 0xf3, 0x84, 0xfb, 0x64, 0xf3, 0x64, 0xf3, 0x44, 0xf3, 0x43, 0xf3,
    0x44, 0xf3, 0x64, 0xf3, 0x23, 0xf3, 0xe5, 0xf3, 0x88, 0xfd, 0x88, 0xfd, 0x88, 0xfd, 0x09, 0xfe, 0x46, 0x9b, 0xe7, 0xb3, 0xc8, 0xfd, 0xa9, 0xfd, 0xa9, 0xfd, 0xca, 0xfd, 0x0c, 0xfe, 0xb1, 0xfe, 0xb9, 0xff, 0xd9, 0xff, 0xb9, 0xff, 0xb9, 0xff,
    0xd9, 0xff, 0xda, 0xff, 0xda, 0xff, 0xda, 0xff, 0xda, 0xff, 0xda, 0xff, 0xda, 0xff, 0xda, 0xff, 0xda, 0xff, 0xd9, 0xff, 0xd9, 0xff, 0xd9, 0xff, 0xda, 0xff, 0xda, 0xff, 0xda, 0xff, 0xda, 0xff, 0xda, 0xff, 0xda, 0xff, 0xda, 0xff, 0xdb, 0xff,
    0xdb, 0xff, 0xdb, 0xff, 0xdb, 0xff, 0xdb, 0xff, 0xdb, 0xff, 0xda, 0xff, 0xda, 0xff, 0xdb, 0xff, 0xda, 0xff, 0xda, 0xff, 0xda, 0xff, 0xda, 0xff, 0xda, 0xff, 0xda, 0xff, 0xda, 0xff, 0xda, 0xff, 0xda, 0xff, 0xda, 0xff, 0xda, 0xff, 0xda, 0xff,
    0xda, 0xff, 0xdb, 0xff, 0xdb, 0xff, 0xdb, 0xff, 0xda, 0xff, 0xda, 0xff, 0xda, 0xff, 0xda, 0xff, 0xda, 0xff, 0xda, 0xff, 0xda, 0xff, 0xda, 0xff, 0xda, 0xff, 0xda, 0xff, 0xda, 0xff, 0xda, 0xff, 0xda, 0xff, 0xda, 0xff, 0xda, 0xff, 0xb9, 0xf7,
    0xfc, 0xff, 0x36, 0xce, 0x41, 0x08, 0x00, 0x00, 0x20, 0x00, 0x38, 0xc6, 0xff, 0xff, 0xde, 0xff, 0xff, 0xff, 0xff, 0xff, 0xff, 0xff, 0xff, 0xff, 0xff, 0xff, 0xfe, 0xff, 0xfe, 0xff, 0xfe, 0xff, 0xfe, 0xff, 0xff, 0xff, 0xff, 0xff, 0xde, 0xff,
    0xff, 0xff, 0xff, 0xff, 0xff, 0xff, 0xfe, 0xff, 0xff, 0xff, 0x51, 0x8c, 0x40, 0x08, 0xcf, 0x7b, 0xff, 0xff, 0xff, 0xff, 0xff, 0xff, 0x07, 0x42, 0x00, 0x00, 0x00, 0x00, 0xc3, 0x79, 0xc5, 0xfb, 0x43, 0xf3, 0x44, 0xf3, 0x44, 0xf3, 0x43, 0xf3,
    0x43, 0xf3, 0x23, 0xf3, 0x66, 0xf4, 0xa8, 0xfd, 0x88, 0xfd, 0xc8, 0xfd, 0xe9, 0xfd, 0xe4, 0x51, 0x83, 0x49, 0x48, 0xed, 0xa9, 0xfd, 0xc9, 0xfd, 0xca, 0xf5, 0x2c, 0xfe, 0xb1, 0xfe, 0xb9, 0xff, 0xd9, 0xff, 0xb9, 0xff, 0xba, 0xff, 0xd9, 0xff,
    0xda, 0xff, 0xda, 0xff, 0xda, 0xff, 0xda, 0xff, 0xda, 0xff, 0xda, 0xff, 0xda, 0xff, 0xda, 0xff, 0xda, 0xff, 0xda, 0xff, 0xda, 0xff, 0xda, 0xff, 0xda, 0xff, 0xda, 0xff, 0xda, 0xff, 0xda, 0xff, 0xda, 0xff, 0xda, 0xff, 0xdb, 0xff, 0xdb, 0xff,
    0xdb, 0xff, 0xdb, 0xff, 0xdb, 0xff, 0xdb, 0xff, 0xdb, 0xff, 0xdb, 0xff, 0xdb, 0xff, 0xdb, 0xff, 0xda, 0xff, 0xda, 0xff, 0xda, 0xff, 0xda, 0xff, 0xda, 0xff, 0xda, 0xff, 0xda, 0xff, 0xda, 0xff, 0xda, 0xff, 0xda, 0xff, 0xda, 0xff, 0xda, 0xff,
    0xda, 0xff, 0xdb, 0xff, 0xda, 0xff, 0xda, 0xff, 0xda, 0xff, 0xda, 0xff, 0xda, 0xff, 0xda, 0xff, 0xda, 0xff, 0xda, 0xff, 0xda, 0xff, 0xda, 0xff, 0xda, 0xff, 0xda, 0xff, 0xda, 0xff, 0xda, 0xff, 0xda, 0xff, 0xda, 0xff, 0xb9, 0xff, 0xfc, 0xff,
    0x97, 0xd6, 0xa2, 0x18, 0x00, 0x00, 0x00, 0x00, 0xf3, 0xa4, 0xff, 0xff, 0xde, 0xff, 0xff, 0xff, 0xff, 0xff, 0xff, 0xff, 0xff, 0xff, 0xff, 0xff, 0xfe, 0xff, 0xfe, 0xff, 0xfe, 0xff, 0xfe, 0xff, 0xff, 0xff, 0xff, 0xff, 0xff, 0xff, 0xde, 0xff,
    0xff, 0xff, 0xff, 0xff, 0xff, 0xff, 0xff, 0xff, 0xae, 0x7b, 0xe3, 0x18, 0x18, 0xc6, 0xff, 0xff, 0xff, 0xff, 0xde, 0xff, 0xff, 0xff, 0x79, 0xce, 0x20, 0x00, 0x20, 0x00, 0x00, 0x00, 0xc4, 0xba, 0x84, 0xfb, 0x43, 0xf3, 0x43, 0xf3, 0x23, 0xf3,
    0x43, 0xf3, 0xa6, 0xf4, 0xc8, 0xfd, 0x68, 0xfd, 0xe9, 0xfd, 0x69, 0xed, 0x22, 0x31, 0xe3, 0x59, 0xa8, 0xfd, 0x88, 0xfd, 0xa9, 0xfd, 0xca, 0xfd, 0x2d, 0xfe, 0x6e, 0xfe, 0x98, 0xff, 0xda, 0xff, 0xb9, 0xff, 0xba, 0xff, 0xba, 0xff, 0xda, 0xff,
    0xda, 0xff, 0xda, 0xff, 0xda, 0xff, 0xda, 0xff, 0xda, 0xff, 0xda, 0xff, 0xda, 0xff, 0xda, 0xff, 0xda, 0xff, 0xda, 0xff, 0xda, 0xff, 0xda, 0xff, 0xda, 0xff, 0xda, 0xff, 0xda, 0xff, 0xda, 0xff, 0xda, 0xff, 0xda, 0xff, 0xdb, 0xff, 0xdb, 0xff,
    0xdb, 0xff, 0xdb, 0xff, 0xdb, 0xff, 0xdb, 0xff, 0xdb, 0xff, 0xdb, 0xff, 0xda, 0xff, 0xda, 0xff, 0xda, 0xff, 0xda, 0xff, 0xda, 0xff, 0xda, 0xff, 0xda, 0xff, 0xda, 0xff, 0xda, 0xff, 0xda, 0xff, 0xda, 0xff, 0xda, 0xff, 0xda, 0xff, 0xda, 0xff,
    0xda, 0xff, 0xda, 0xff, 0xda, 0xff, 0xda, 0xff, 0xda, 0xff, 0xda, 0xff, 0xda, 0xff, 0xda, 0xff, 0xda, 0xff, 0xda, 0xff, 0xda, 0xff, 0xda, 0xff, 0xda, 0xff, 0xda, 0xff, 0xda, 0xff, 0xda, 0xff, 0xda, 0xff, 0xb9, 0xff, 0xfc, 0xff, 0x97, 0xd6,
    0xc2, 0x18, 0x00, 0x00, 0x00, 0x00, 0x50, 0x8c, 0xff, 0xff, 0xde, 0xff, 0xff, 0xff, 0xff, 0xff, 0xff, 0xff, 0xff, 0xff, 0xff, 0xff, 0xff, 0xff, 0xff, 0xff, 0xff, 0xff, 0xff, 0xff, 0xff, 0xff, 0xff, 0xff, 0xff, 0xff, 0xff, 0xff, 0xdf, 0xff,
    0xff, 0xff, 0xff, 0xff, 0xff, 0xff, 0xff, 0xff, 0x95, 0xb5, 0x9d, 0xf7, 0xff, 0xff, 0xde, 0xff, 0xff, 0xff, 0xff, 0xff, 0xde, 0xff, 0xff, 0xff, 0xef, 0x7b, 0x00, 0x00, 0x00, 0x00, 0x81, 0x20, 0x65, 0xeb, 0x63, 0xfb, 0x23, 0xf3, 0x63, 0xf3,
    0xe7, 0xf4, 0xc8, 0xfd, 0x67, 0xfd, 0x09, 0xfe, 0xc8, 0xcc, 0x61, 0x18, 0xa4, 0x7a, 0xc8, 0xfd, 0x67, 0xfd, 0xa8, 0xfd, 0xea, 0xfd, 0x2d, 0xfe, 0x2d, 0xfe, 0x57, 0xff, 0xfa, 0xff, 0xda, 0xff, 0xda, 0xff, 0xda, 0xff, 0xba, 0xff, 0xba, 0xff,
    0xda, 0xff, 0xda, 0xff, 0xda, 0xff, 0xda, 0xff, 0xda, 0xff, 0xda, 0xff, 0xda, 0xff, 0xda, 0xff, 0xda, 0xff, 0xda, 0xff, 0xda, 0xff, 0xda, 0xff, 0xda, 0xff, 0xdb, 0xff, 0xdb, 0xff, 0xdb, 0xff, 0xda, 0xff, 0xda, 0xff, 0xda, 0xff, 0xda, 0xff,
    0xdb, 0xff, 0xdb, 0xff, 0xdb, 0xff, 0xdb, 0xff, 0xdb, 0xff, 0xdb, 0xff, 0xdb, 0xff, 0xdb, 0xff, 0xda, 0xff, 0xda, 0xff, 0xda, 0xff, 0xda, 0xff, 0xda, 0xff, 0xda, 0xff, 0xda, 0xff, 0xda, 0xff, 0xda, 0xff, 0xda, 0xff, 0xda, 0xff, 0xda, 0xff,
    0xda, 0xff, 0xda, 0xff, 0xda, 0xff, 0xda, 0xff, 0xda, 0xff, 0xda, 0xff, 0xda, 0xff, 0xda, 0xff, 0xda, 0xff, 0xda, 0xff, 0xda, 0xff, 0xda, 0xff, 0xda, 0xff, 0xda, 0xff, 0xda, 0xff, 0xda, 0xff, 0xba, 0xf7, 0xfc, 0xff, 0x36, 0xce, 0xc2, 0x18,
    0x00, 0x00, 0x00, 0x00, 0x10, 0x84, 0xff, 0xff, 0xde, 0xff, 0xff, 0xff, 0xff, 0xff, 0xff, 0xff, 0xff, 0xff, 0xff, 0xff, 0xff, 0xff, 0xff, 0xff, 0xfe, 0xff, 0xff, 0xff, 0xff, 0xff, 0xff, 0xff, 0xff, 0xff, 0xff, 0xff, 0xff, 0xff, 0xdf, 0xff,
    0xff, 0xff, 0xff, 0xff, 0xff, 0xff, 0xff, 0xff, 0xff, 0xff, 0xff, 0xff, 0xde, 0xff, 0xff, 0xff, 0xff, 0xff, 0xff, 0xff, 0xff, 0xff, 0xdf, 0xff, 0xdf, 0xff, 0xe7, 0x39, 0x00, 0x00, 0x00, 0x00, 0x02, 0x41, 0x84, 0xfb, 0x83, 0xf3, 0x27, 0xf5,
    0xc8, 0xfd, 0x67, 0xfd, 0x29, 0xfe, 0x27, 0xb4, 0x20, 0x08, 0x66, 0x93, 0x09, 0xfe, 0x67, 0xfd, 0xa9, 0xfd, 0x0b, 0xfe, 0x0c, 0xfe, 0x0d, 0xf6, 0x36, 0xf7, 0xfa, 0xff, 0xd9, 0xff, 0xda, 0xff, 0xda, 0xff, 0xda, 0xff, 0xda, 0xff, 0xba, 0xff,
    0xda, 0xff, 0xdb, 0xff, 0xdb, 0xff, 0xda, 0xff, 0xda, 0xff, 0xda, 0xff, 0xda, 0xff, 0xda, 0xff, 0xda, 0xff, 0xda, 0xff, 0xda, 0xff, 0xda, 0xff, 0xda, 0xff, 0xdb, 0xff, 0xda, 0xff, 0xda, 0xff, 0xda, 0xff, 0xda, 0xff, 0xda, 0xff, 0xda, 0xff,
    0xdb, 0xff, 0xdb, 0xff, 0xdb, 0xff, 0xdb, 0xff, 0xdb, 0xff, 0xdb, 0xff, 0xdb, 0xff, 0xdb, 0xff, 0xdb, 0xff, 0xfb, 0xff, 0xda, 0xff, 0xda, 0xff, 0xda, 0xff, 0xdb, 0xff, 0xdb, 0xff, 0xdb, 0xff, 0xda, 0xff, 0xda, 0xff, 0xda, 0xff, 0xda, 0xff,
    0xdb, 0xff, 0xdb, 0xff, 0xda, 0xff, 0xda, 0xff, 0xda, 0xff, 0xda, 0xff, 0xda, 0xff, 0xda, 0xff, 0xda, 0xff, 0xda, 0xff, 0xda, 0xff, 0xda, 0xff, 0xda, 0xff, 0xda, 0xff, 0xb9, 0xff, 0xba, 0xff, 0xfc, 0xff, 0x53, 0xad, 0x61, 0x08, 0x00, 0x00,
    0x00, 0x00, 0x50, 0x8c, 0xff, 0xff, 0xde, 0xff, 0xff, 0xff, 0xff, 0xff, 0xff, 0xff, 0xff, 0xff, 0xff, 0xff, 0xff, 0xff, 0xfe, 0xff, 0xff, 0xff, 0xfe, 0xff, 0xfe, 0xff, 0xfe, 0xff, 0xff, 0xff, 0xff, 0xff, 0xff, 0xff, 0xff, 0xff, 0xff, 0xff,
    0xff, 0xff, 0xff, 0xff, 0xfe, 0xff, 0xff, 0xff, 0xde, 0xff, 0xff, 0xff, 0xff, 0xff, 0xff, 0xff, 0xff, 0xff, 0xff, 0xff, 0xff, 0xff, 0xfe, 0xff, 0xff, 0xff, 0x1b, 0xe7, 0xa2, 0x10, 0x00, 0x00, 0x00, 0x00, 0x83, 0x61, 0xa9, 0xfd, 0xc7, 0xfd,
    0x67, 0xf5, 0x29, 0xfe, 0xa6, 0x9b, 0x20, 0x08, 0xe7, 0xab, 0x09, 0xfe, 0x68, 0xfd, 0xa8, 0xfd, 0xea, 0xfd, 0xea, 0xfd, 0xeb, 0xf5, 0x36, 0xf7, 0xfb, 0xff, 0xda, 0xff, 0xda, 0xff, 0xda, 0xff, 0xda, 0xff, 0xda, 0xff, 0xda, 0xff, 0xda, 0xff,
    0xda, 0xff, 0xda, 0xff, 0xda, 0xff, 0xda, 0xff, 0xda, 0xff, 0xda, 0xff, 0xda, 0xff, 0xda, 0xff, 0xda, 0xff, 0xda, 0xff, 0xda, 0xff, 0xdb, 0xff, 0xda, 0xff, 0xda, 0xff, 0xda, 0xff, 0xda, 0xff, 0xda, 0xff, 0xda, 0xff, 0xda, 0xff, 0xda, 0xff,
    0xdb, 0xff, 0xdb, 0xff, 0xdb, 0xff, 0xdb, 0xff, 0xdb, 0xff, 0xdb, 0xff, 0xdb, 0xff, 0xda, 0xff, 0xdb, 0xff, 0xdb, 0xff, 0xdb, 0xff, 0xda, 0xff, 0xdb, 0xff, 0xdb, 0xff, 0xdb, 0xff, 0xdb, 0xff, 0xdb, 0xff, 0xdb, 0xff, 0xda, 0xff, 0xda, 0xff,
    0xdb, 0xff, 0xdb, 0xff, 0xda, 0xff, 0xda, 0xff, 0xda, 0xff, 0xda, 0xff, 0xda, 0xff, 0xda, 0xff, 0xda, 0xff, 0xda, 0xff, 0xda, 0xff, 0xda, 0xff, 0xda, 0xff, 0xb9, 0xff, 0xfa, 0xff, 0xfc, 0xff, 0x2f, 0x84, 0x00, 0x00, 0x00, 0x00, 0x41, 0x08,
    0xf3, 0xa4, 0xff, 0xff, 0xde, 0xff, 0xff, 0xff, 0xff, 0xff, 0xff, 0xff, 0xff, 0xff, 0xfe, 0xff, 0xff, 0xff, 0xff, 0xff, 0xfe, 0xff, 0xfe, 0xff, 0xff, 0xff, 0xff, 0xff, 0xfe, 0xff, 0xfe, 0xff, 0xff, 0xff, 0xff, 0xff, 0xff, 0xff, 0xff, 0xff,
    0xff, 0xff, 0xff, 0xff, 0xff, 0xff, 0xfe, 0xff, 0xfe, 0xff, 0xff, 0xff, 0xff, 0xff, 0xff, 0xff, 0xff, 0xff, 0xff, 0xff, 0xff, 0xff, 0xff, 0xff, 0xde, 0xff, 0xff, 0xff, 0xd7, 0xbd, 0x20, 0x00, 0x20, 0x00, 0x00, 0x00, 0x85, 0x6a, 0xe9, 0xfd,
    0x29, 0xfe, 0x46, 0x8b, 0x20, 0x08, 0x47, 0xc4, 0xe8, 0xfd, 0x68, 0xf5, 0x88, 0xfd, 0xca, 0xfd, 0xca, 0xfd, 0xca, 0xfd, 0xd3, 0xf6, 0xda, 0xff, 0xda, 0xff, 0xda, 0xff, 0xda, 0xff, 0xda, 0xff, 0xda, 0xff, 0xda, 0xff, 0xda, 0xff, 0xda, 0xff,
    0xda, 0xff, 0xda, 0xff, 0xda, 0xff, 0xda, 0xff, 0xda, 0xff, 0xda, 0xff, 0xda, 0xff, 0xda, 0xff, 0xfa, 0xff, 0xda, 0xff, 0xda, 0xff, 0xda, 0xff, 0xda, 0xff, 0xda, 0xff, 0xda, 0xff, 0xda, 0xff, 0xda, 0xff, 0xda, 0xff, 0xda, 0xff, 0xdb, 0xff,
    0xdb, 0xff, 0xdb, 0xff, 0xdb, 0xff, 0xdb, 0xff, 0xda, 0xff, 0xda, 0xff, 0xda, 0xff, 0xda, 0xff, 0xda, 0xff, 0xda, 0xff, 0xda, 0xff, 0xda, 0xff, 0xda, 0xff, 0xdb, 0xff, 0xda, 0xff, 0xdb, 0xff, 0xdb, 0xff, 0xdb, 0xff, 0xdb, 0xff, 0xdb, 0xff,
    0xdb, 0xff, 0xdb, 0xff, 0xda, 0xff, 0xda, 0xff, 0xda, 0xff, 0xda, 0xff, 0xda, 0xff, 0xda, 0xff, 0xda, 0xff, 0xda, 0xff, 0xda, 0xff, 0xda, 0xff, 0xba, 0xff, 0xfc, 0xff, 0x59, 0xef, 0x89, 0x52, 0x00, 0x00, 0x20, 0x00, 0x65, 0x29, 0x17, 0xc6,
    0xff, 0xff, 0xde, 0xff, 0xff, 0xff, 0xff, 0xff, 0xff, 0xff, 0xff, 0xff, 0xff, 0xff, 0xff, 0xff, 0xff, 0xff, 0xfe, 0xff, 0xfe, 0xff, 0xfe, 0xff, 0xfe, 0xff, 0xfe, 0xff, 0xff, 0xff, 0xff, 0xff, 0xff, 0xff, 0xff, 0xff, 0xff, 0xff, 0xff, 0xff,
    0xff, 0xff, 0xff, 0xff, 0xff, 0xff, 0xfe, 0xff, 0xff, 0xff, 0xff, 0xff, 0xff, 0xff, 0xff, 0xff, 0xff, 0xff, 0xff, 0xff, 0xff, 0xff, 0xff, 0xff, 0xff, 0xff, 0xde, 0xff, 0xff, 0xff, 0x34, 0xa5, 0x00, 0x00, 0x20, 0x00, 0x00, 0x00, 0x64, 0x6a,
    0x26, 0x8b, 0x61, 0x10, 0xa8, 0xcc, 0xc8, 0xfd, 0x47, 0xfd, 0x88, 0xfd, 0xaa, 0xf5, 0xaa, 0xfd, 0x89, 0xfd, 0xd3, 0xf6, 0xda, 0xff, 0xba, 0xff, 0xba, 0xff, 0xda, 0xff, 0xda, 0xff, 0xda, 0xff, 0xda, 0xff, 0xda, 0xff, 0xda, 0xff, 0xda, 0xff,
    0xda, 0xff, 0xda, 0xff, 0xda, 0xff, 0xda, 0xff, 0xda, 0xff, 0xda, 0xff, 0xda, 0xff, 0xda, 0xff, 0xda, 0xff, 0xda, 0xff, 0xda, 0xff, 0xda, 0xff, 0xda, 0xff, 0xda, 0xff, 0xda, 0xff, 0xda, 0xff, 0xda, 0xff, 0xdb, 0xff, 0xda, 0xff, 0xda, 0xff,
    0xda, 0xff, 0xda, 0xff, 0xda, 0xff, 0xdb, 0xff, 0xdb, 0xff, 0xda, 0xff, 0xda, 0xff, 0xda, 0xff, 0xda, 0xff, 0xda, 0xff, 0xda, 0xff, 0xda, 0xff, 0xda, 0xff, 0xdb, 0xff, 0xdb, 0xff, 0xdb, 0xff, 0xdb, 0xff, 0xdb, 0xff, 0xdb, 0xff, 0xdb, 0xff,
    0xdb, 0xff, 0xdb, 0xff, 0xda, 0xff, 0xda, 0xff, 0xda, 0xff, 0xda, 0xff, 0xda, 0xff, 0xda, 0xff, 0xda, 0xff, 0xda, 0xff, 0xba, 0xff, 0xfa, 0xff, 0xfc, 0xff, 0x94, 0xb5, 0x03, 0x21, 0x00, 0x00, 0x00, 0x00, 0x20, 0x00, 0x95, 0xb5, 0xff, 0xff,
    0xbe, 0xf7, 0xff, 0xff, 0xff, 0xff, 0xff, 0xff, 0xff, 0xff, 0xff, 0xff, 0xff, 0xff, 0xff, 0xff, 0xff, 0xff, 0xfe, 0xff, 0xff, 0xff, 0xfe, 0xff, 0xfe, 0xff, 0xfe, 0xff, 0xff, 0xff, 0xff, 0xff, 0xff, 0xff, 0xff, 0xff, 0xff, 0xff, 0xff, 0xff,
    0xff, 0xff, 0xff, 0xff, 0xff, 0xff, 0xff, 0xff, 0xff, 0xff, 0xff, 0xff, 0xff, 0xff, 0xff, 0xff, 0xff, 0xff, 0xff, 0xff, 0xff, 0xff, 0xff, 0xff, 0xff, 0xff, 0xff, 0xff, 0xde, 0xff, 0xff, 0xff, 0x34, 0xa5, 0x00, 0x00, 0x20, 0x00, 0x00, 0x00,
    0x00, 0x00, 0x67, 0xc4, 0x28, 0xfe, 0x47, 0xf5, 0x88, 0xfd, 0xca, 0xf5, 0xa9, 0xfd, 0x68, 0xfd, 0xb2, 0xf6, 0xda, 0xff, 0xd9, 0xff, 0xd9, 0xff, 0xda, 0xff, 0xda, 0xff, 0xda, 0xff, 0xda, 0xff, 0xda, 0xff, 0xda, 0xff, 0xda, 0xff, 0xda, 0xff,
    0xda, 0xff, 0xda, 0xff, 0xda, 0xff, 0xda, 0xff, 0xda, 0xff, 0xda, 0xff, 0xda, 0xff, 0xda, 0xff, 0xda, 0xff, 0xda, 0xff, 0xda, 0xff, 0xda, 0xff, 0xda, 0xff, 0xda, 0xff, 0xda, 0xff, 0xda, 0xff, 0xda, 0xff, 0xda, 0xff, 0xda, 0xff, 0xda, 0xff,
    0xda, 0xff, 0xda, 0xff, 0xda, 0xff, 0xda, 0xff, 0xda, 0xff, 0xda, 0xff, 0xda, 0xff, 0xda, 0xff, 0xda, 0xff, 0xda, 0xff, 0xda, 0xff, 0xda, 0xff, 0xda, 0xff, 0xdb, 0xff, 0xdb, 0xff, 0xdb, 0xff, 0xda, 0xff, 0xda, 0xff, 0xda, 0xff, 0xdb, 0xff,
    0xdb, 0xff, 0xda, 0xff, 0xda, 0xff, 0xda, 0xff, 0xda, 0xff, 0xda, 0xff, 0xda, 0xff, 0xda, 0xff, 0xba, 0xff, 0xba, 0xff, 0xfc, 0xff, 0x79, 0xef, 0x6c, 0x73, 0x00, 0x00, 0x00, 0x00, 0xe2, 0x28, 0xa2, 0x18, 0x00, 0x00, 0x81, 0x10, 0xb6, 0xb5,
    0xff, 0xff, 0xde, 0xff, 0xff, 0xff, 0xff, 0xff, 0xfe, 0xff, 0xfe, 0xff, 0xff, 0xff, 0xff, 0xff, 0xfe, 0xff, 0xff, 0xff, 0xff, 0xff, 0xfe, 0xff, 0xfe, 0xff, 0xff, 0xff, 0xff, 0xff, 0xfe, 0xff, 0xff, 0xff, 0xff, 0xff, 0xff, 0xff, 0xdf, 0xff,
    0xff, 0xff, 0xff, 0xff, 0xff, 0xff, 0xff, 0xff, 0xff, 0xff, 0xfe, 0xff, 0xfe, 0xff, 0xff, 0xff, 0xff, 0xff, 0xff, 0xff, 0xff, 0xff, 0xff, 0xff, 0xff, 0xff, 0xff, 0xff, 0xff, 0xff, 0xde, 0xff, 0xff, 0xff, 0xd6, 0xbd, 0x00, 0x00, 0x00, 0x00,
    0x40, 0x08, 0x22, 0x31, 0x88, 0xc4, 0x09, 0xfe, 0x88, 0xfd, 0x69, 0xf5, 0x68, 0xfd, 0x4f, 0xf6, 0xda, 0xff, 0xda, 0xff, 0xd9, 0xff, 0xda, 0xff, 0xda, 0xff, 0xda, 0xff, 0xda, 0xff, 0xda, 0xff, 0xda, 0xff, 0xda, 0xff, 0xda, 0xff, 0xda, 0xff,
    0xda, 0xff, 0xda, 0xff, 0xda, 0xff, 0xda, 0xff, 0xda, 0xff, 0xda, 0xff, 0xda, 0xff, 0xda, 0xff, 0xda, 0xff, 0xda, 0xff, 0xda, 0xff, 0xda, 0xff, 0xda, 0xff, 0xda, 0xff, 0xda, 0xff, 0xda, 0xff, 0xda, 0xff, 0xda, 0xff, 0xda, 0xff, 0xda, 0xff,
    0xda, 0xff, 0xda, 0xff, 0xda, 0xff, 0xda, 0xff, 0xda, 0xff, 0xda, 0xff, 0xda, 0xff, 0xda, 0xff, 0xda, 0xff, 0xda, 0xff, 0xda, 0xff, 0xda, 0xff, 0xda, 0xff, 0xda, 0xff, 0xda, 0xff, 0xda, 0xff, 0xda, 0xff, 0xda, 0xff, 0xda, 0xff, 0xdb, 0xff,
    0xdb, 0xff, 0xda, 0xff, 0xda, 0xff, 0xda, 0xff, 0xda, 0xff, 0xda, 0xff, 0xda, 0xff, 0xb9, 0xff, 0xfb, 0xff, 0xfc, 0xff, 0x73, 0xb5, 0x03, 0x21, 0x00, 0x00, 0x40, 0x08, 0x65, 0x72, 0x29, 0xf5, 0xca, 0xd4, 0x81, 0x18, 0x00, 0x00, 0x41, 0x08,
    0x17, 0xc6, 0xff, 0xff, 0xde, 0xff, 0xff, 0xff, 0xfe, 0xff, 0xfe, 0xff, 0xff, 0xff, 0xff, 0xff, 0xff, 0xff, 0xfe, 0xff, 0xff, 0xff, 0xff, 0xff, 0xff, 0xff, 0xff, 0xff, 0xff, 0xff, 0xff, 0xff, 0xff, 0xff, 0xff, 0xff, 0xff, 0xff, 0xff, 0xff,
    0xff, 0xff, 0xff, 0xff, 0xff, 0xff, 0xff, 0xff, 0xff, 0xff, 0xff, 0xff, 0xff, 0xff, 0xff, 0xff, 0xff, 0xff, 0xfe, 0xff, 0xfe, 0xff, 0xfe, 0xff, 0xff, 0xff, 0xff, 0xff, 0xff, 0xff, 0xdf, 0xff, 0xff, 0xff, 0xae, 0x73, 0x85, 0x31, 0x24, 0x21,
    0x00, 0x00, 0x00, 0x00, 0x20, 0x08, 0x47, 0x8b, 0xec, 0xfd, 0xc9, 0xfd, 0x0d, 0xf6, 0x99, 0xff, 0xda, 0xff, 0xda, 0xff, 0xda, 0xff, 0xd9, 0xff, 0xda, 0xff, 0xda, 0xff, 0xda, 0xff, 0xda, 0xff, 0xda, 0xff, 0xda, 0xff, 0xda, 0xff, 0xda, 0xff,
    0xda, 0xff, 0xda, 0xff, 0xda, 0xff, 0xda, 0xff, 0xda, 0xff, 0xda, 0xff, 0xda, 0xff, 0xda, 0xff, 0xda, 0xff, 0xda, 0xff, 0xda, 0xff, 0xda, 0xff, 0xda, 0xff, 0xda, 0xff, 0xda, 0xff, 0xda, 0xff, 0xda, 0xff, 0xd9, 0xff, 0xda, 0xff, 0xda, 0xff,
    0xda, 0xff, 0xda, 0xff, 0xda, 0xff, 0xda, 0xff, 0xda, 0xff, 0xda, 0xff, 0xda, 0xff, 0xda, 0xff, 0xda, 0xff, 0xda, 0xff, 0xda, 0xff, 0xda, 0xff, 0xda, 0xff, 0xda, 0xff, 0xda, 0xff, 0xda, 0xff, 0xda, 0xff, 0xda, 0xff, 0xda, 0xff, 0xda, 0xff,
    0xda, 0xff, 0xda, 0xff, 0xda, 0xff, 0xda, 0xff, 0xda, 0xff, 0xb9, 0xff, 0xd9, 0xff, 0xfb, 0xff, 0x56, 0xce, 0x68, 0x52, 0x00, 0x00, 0x00, 0x00, 0x45, 0x62, 0x88, 0xd4, 0xa9, 0xfd, 0x68, 0xfd, 0xc9, 0xfd, 0x89, 0xc4, 0x41, 0x08, 0x00, 0x00,
    0x82, 0x10, 0xba, 0xde, 0xff, 0xff, 0xde, 0xff, 0xfe, 0xff, 0xff, 0xff, 0xff, 0xff, 0xff, 0xff, 0xff, 0xff, 0xff, 0xff, 0xff, 0xff, 0xff, 0xff, 0xff, 0xff, 0xff, 0xff, 0xff, 0xff, 0xff, 0xff, 0xff, 0xff, 0xff, 0xff, 0xff, 0xff, 0xdf, 0xff,
    0xff, 0xff, 0xff, 0xff, 0xff, 0xff, 0xff, 0xff, 0xff, 0xff, 0xff, 0xff, 0xff, 0xff, 0xff, 0xff, 0xff, 0xff, 0xff, 0xff, 0xfe, 0xff, 0xfe, 0xff, 0xff, 0xff, 0xfe, 0xff, 0xde, 0xff, 0xff, 0xff, 0x8d, 0x73, 0x24, 0x21, 0x9e, 0xf7, 0x5d, 0xef,
    0x49, 0x4a, 0x00, 0x00, 0x00, 0x00, 0x00, 0x00, 0x63, 0x39, 0xcb, 0xbc, 0xb8, 0xff, 0xfb, 0xff, 0xb9, 0xff, 0xb9, 0xff, 0xda, 0xff, 0xda, 0xff, 0xda, 0xff, 0xda, 0xff, 0xda, 0xff, 0xda, 0xff, 0xda, 0xff, 0xda, 0xff, 0xda, 0xff, 0xda, 0xff,
    0xda, 0xff, 0xda, 0xff, 0xda, 0xff, 0xda, 0xff, 0xda, 0xff, 0xda, 0xff, 0xda, 0xff, 0xda, 0xff, 0xda, 0xff, 0xda, 0xff, 0xda, 0xff, 0xda, 0xff, 0xda, 0xff, 0xda, 0xff, 0xd9, 0xff, 0xda, 0xff, 0xda, 0xff, 0xd9, 0xff, 0xba, 0xff, 0xda, 0xff,
    0xda, 0xff, 0xda, 0xff, 0xda, 0xff, 0xda, 0xff, 0xda, 0xff, 0xda, 0xff, 0xda, 0xff, 0xda, 0xff, 0xda, 0xff, 0xda, 0xff, 0xda, 0xff, 0xda, 0xff, 0xda, 0xff, 0xda, 0xff, 0xda, 0xff, 0xda, 0xff, 0xda, 0xff, 0xda, 0xff, 0xda, 0xff, 0xda, 0xff,
    0xda, 0xff, 0xda, 0xff, 0xd9, 0xff, 0xd9, 0xff, 0xb9, 0xff, 0xb9, 0xff, 0x99, 0xf7, 0x0f, 0x84, 0xa2, 0x10, 0xc2, 0x18, 0xcd, 0x7b, 0x54, 0xd6, 0x4d, 0xfe, 0xa9, 0xfd, 0x88, 0xfd, 0x88, 0xfd, 0x47, 0xfd, 0xe8, 0xfd, 0xc7, 0xab, 0x00, 0x00,
    0x00, 0x00, 0x45, 0x29, 0x9d, 0xf7, 0xff, 0xff, 0xde, 0xff, 0xff, 0xff, 0xff, 0xff, 0xfe, 0xff, 0xfe, 0xff, 0xff, 0xff, 0xff, 0xff, 0xff, 0xff, 0xff, 0xff, 0xff, 0xff, 0xff, 0xff, 0xff, 0xff, 0xff, 0xff, 0xff, 0xff, 0xff, 0xff, 0xde, 0xff,
    0xff, 0xff, 0xff, 0xff, 0xff, 0xff, 0xff, 0xff, 0xff, 0xff, 0xff, 0xff, 0xff, 0xff, 0xff, 0xff, 0xfe, 0xff, 0xff, 0xff, 0xff, 0xff, 0xfe, 0xff, 0xff, 0xff, 0xde, 0xff, 0xff, 0xff, 0x51, 0x8c, 0xe3, 0x20, 0x7d, 0xef, 0xff, 0xff, 0xff, 0xff,
    0xff, 0xff, 0x71, 0x8c, 0x61, 0x08, 0x00, 0x00, 0x00, 0x00, 0x20, 0x00, 0x68, 0x52, 0x15, 0xc6, 0xfb, 0xff, 0xfb, 0xff, 0xda, 0xff, 0xb9, 0xff, 0xb9, 0xff, 0xd9, 0xff, 0xda, 0xff, 0xda, 0xff, 0xda, 0xff, 0xda, 0xff, 0xda, 0xff, 0xda, 0xff,
    0xda, 0xff, 0xda, 0xff, 0xda, 0xff, 0xda, 0xff, 0xda, 0xff, 0xda, 0xff, 0xda, 0xff, 0xda, 0xff, 0xda, 0xff, 0xda, 0xff, 0xda, 0xff, 0xda, 0xff, 0xda, 0xff, 0xda, 0xff, 0xd9, 0xff, 0xd9, 0xff, 0xd9, 0xff, 0xb9, 0xff, 0xda, 0xff, 0xda, 0xff,
    0xba, 0xff, 0xba, 0xff, 0xda, 0xff, 0xda, 0xff, 0xda, 0xff, 0xda, 0xff, 0xda, 0xff, 0xda, 0xff, 0xda, 0xff, 0xda, 0xff, 0xda, 0xff, 0xda, 0xff, 0xda, 0xff, 0xd9, 0xff, 0xd9, 0xff, 0xd9, 0xff, 0xda, 0xff, 0xda, 0xff, 0xda, 0xff, 0xda, 0xff,
    0xda, 0xff, 0xd9, 0xff, 0xb9, 0xff, 0x99, 0xff, 0x78, 0xff, 0xd9, 0xff, 0xb3, 0xbd, 0x8d, 0x73, 0x73, 0xad, 0x79, 0xef, 0xfc, 0xff, 0xd9, 0xff, 0x0d, 0xf6, 0x68, 0xfd, 0x88, 0xfd, 0x88, 0xfd, 0x88, 0xfd, 0x67, 0xfd, 0x09, 0xfe, 0x65, 0x7a,
    0x00, 0x00, 0x00, 0x00, 0xaa, 0x52, 0xff, 0xff, 0xde, 0xff, 0xff, 0xff, 0xff, 0xff, 0xff, 0xff, 0xfe, 0xff, 0xff, 0xff, 0xff, 0xff, 0xff, 0xff, 0xff, 0xff, 0xff, 0xff, 0xff, 0xff, 0xff, 0xff, 0xff, 0xff, 0xff, 0xff, 0xff, 0xff, 0xff, 0xff,
    0xff, 0xff, 0xff, 0xff, 0xff, 0xff, 0xfe, 0xff, 0xff, 0xff, 0xff, 0xff, 0xff, 0xff, 0xff, 0xff, 0xff, 0xff, 0xff, 0xff, 0xff, 0xff, 0xff, 0xff, 0xde, 0xff, 0xff, 0xff, 0x13, 0xa5, 0xe3, 0x18, 0x3c, 0xe7, 0xff, 0xff, 0xde, 0xff, 0xff, 0xff,
    0xff, 0xff, 0xff, 0xff, 0xdb, 0xde, 0xaa, 0x52, 0x00, 0x00, 0x00, 0x00, 0x00, 0x00, 0x00, 0x00, 0x48, 0x4a, 0x73, 0xb5, 0x9a, 0xf7, 0xfc, 0xff, 0xfb, 0xff, 0xd9, 0xff, 0xb9, 0xff, 0xba, 0xff, 0xda, 0xff, 0xda, 0xff, 0xda, 0xff, 0xda, 0xff,
    0xda, 0xff, 0xda, 0xff, 0xda, 0xff, 0xda, 0xff, 0xda, 0xff, 0xda, 0xff, 0xda, 0xff, 0xda, 0xff, 0xda, 0xff, 0xda, 0xff, 0xda, 0xff, 0xda, 0xff, 0xda, 0xff, 0xda, 0xff, 0xd9, 0xff, 0xb9, 0xff, 0xb9, 0xff, 0xb9, 0xff, 0xba, 0xff, 0xba, 0xff,
    0xba, 0xff, 0xda, 0xff, 0xda, 0xff, 0xda, 0xff, 0xda, 0xff, 0xda, 0xff, 0xda, 0xff, 0xda, 0xff, 0xda, 0xff, 0xd9, 0xff, 0xb9, 0xff, 0xb9, 0xff, 0xb9, 0xff, 0xb9, 0xff, 0xd9, 0xff, 0xd9, 0xff, 0xd9, 0xff, 0xb9, 0xff, 0xb9, 0xff, 0x99, 0xff,
    0x78, 0xff, 0x37, 0xff, 0xf5, 0xf6, 0x37, 0xff, 0x98, 0xff, 0xb9, 0xff, 0xb9, 0xff, 0xfb, 0xff, 0xfb, 0xff, 0xfa, 0xff, 0xba, 0xff, 0x99, 0xf7, 0x70, 0xf6, 0x68, 0xfd, 0x88, 0xfd, 0x68, 0xfd, 0x68, 0xfd, 0x88, 0xfd, 0x27, 0xf5, 0xa5, 0xfb,
    0xe2, 0x40, 0x00, 0x00, 0x00, 0x00, 0x91, 0x94, 0xff, 0xff, 0xde, 0xff, 0xff, 0xff, 0xfe, 0xff, 0xff, 0xff, 0xff, 0xff, 0xff, 0xff, 0xff, 0xff, 0xff, 0xff, 0xff, 0xff, 0xff, 0xff, 0xfe, 0xff, 0xff, 0xff, 0xff, 0xff, 0xff, 0xff, 0xdf, 0xff,
    0xff, 0xff, 0xff, 0xff, 0xff, 0xff, 0xff, 0xff, 0xff, 0xff, 0xff, 0xff, 0xff, 0xff, 0xff, 0xff, 0xfe, 0xff, 0xfe, 0xff, 0xfe, 0xff, 0xff, 0xff, 0xff, 0xff, 0xdf, 0xff, 0x8e, 0x73, 0xba, 0xd6, 0xff, 0xff, 0xde, 0xff, 0xff, 0xff, 0xff, 0xff,
    0xff, 0xff, 0xdf, 0xff, 0xff, 0xff, 0xff, 0xff, 0xf7, 0xbd, 0x69, 0x4a, 0x61, 0x08, 0x20, 0x00, 0x00, 0x00, 0x00, 0x00, 0x44, 0x29, 0xcd, 0x7b, 0x35, 0xce, 0xda, 0xff, 0xfb, 0xff, 0xfb, 0xff, 0xfa, 0xff, 0xda, 0xff, 0xba, 0xff, 0xba, 0xff,
    0xda, 0xff, 0xd9, 0xff, 0xd9, 0xff, 0xda, 0xff, 0xda, 0xff, 0xda, 0xff, 0xda, 0xff, 0xda, 0xff, 0xda, 0xff, 0xda, 0xff, 0xda, 0xff, 0xda, 0xff, 0xd9, 0xff, 0xd9, 0xff, 0xd9, 0xff, 0xd9, 0xff, 0xd9, 0xff, 0xd9, 0xff, 0xb9, 0xff, 0xb9, 0xff,
    0xba, 0xff, 0xda, 0xff, 0xda, 0xff, 0xda, 0xff, 0xda, 0xff, 0xba, 0xff, 0xd9, 0xff, 0xd9, 0xff, 0xd9, 0xff, 0xd9, 0xff, 0xd9, 0xff, 0xd9, 0xff, 0xd9, 0xff, 0xd9, 0xff, 0xb9, 0xff, 0x99, 0xff, 0x57, 0xff, 0x16, 0xff, 0xf5, 0xfe, 0xb4, 0xfe,
    0xb4, 0xfe, 0x73, 0xfe, 0xb4, 0xfe, 0x78, 0xff, 0xb9, 0xff, 0xd9, 0xff, 0xd9, 0xff, 0xb9, 0xff, 0xb9, 0xff, 0xba, 0xff, 0xda, 0xff, 0x57, 0xf7, 0x0d, 0xf6, 0x88, 0xfd, 0x88, 0xfd, 0x88, 0xfd, 0x88, 0xfd, 0xa8, 0xfd, 0x25, 0xec, 0x24, 0xf3,
    0x05, 0xdb, 0x61, 0x18, 0x00, 0x00, 0x41, 0x08, 0x99, 0xd6, 0xff, 0xff, 0xde, 0xff, 0xfe, 0xff, 0xfe, 0xff, 0xfe, 0xff, 0xfe, 0xff, 0xff, 0xff, 0xfe, 0xff, 0xff, 0xff, 0xff, 0xff, 0xfe, 0xff, 0xff, 0xff, 0xff, 0xff, 0xff, 0xff, 0xdf, 0xff,
    0xff, 0xff, 0xff, 0xff, 0xff, 0xff, 0xff, 0xff, 0xff, 0xff, 0xff, 0xff, 0xff, 0xff, 0xff, 0xff, 0xff, 0xff, 0xff, 0xff, 0xff, 0xff, 0xff, 0xff, 0xff, 0xff, 0xfe, 0xff, 0xff, 0xff, 0xff, 0xff, 0xfe, 0xff, 0xff, 0xff, 0xff, 0xff, 0xff, 0xff,
    0xff, 0xff, 0xff, 0xff, 0xff, 0xff, 0xde, 0xff, 0xff, 0xff, 0x9a, 0xd6, 0x61, 0x08, 0x00, 0x00, 0x20, 0x00, 0x00, 0x00, 0x00, 0x00, 0x00, 0x00, 0x00, 0x00, 0x85, 0x31, 0x6b, 0x73, 0x72, 0xad, 0x18, 0xe7, 0xfb, 0xff, 0xfc, 0xff, 0xfc, 0xff,
    0xfb, 0xff, 0xfa, 0xff, 0xd9, 0xff, 0xb9, 0xff, 0xba, 0xff, 0xb9, 0xff, 0xb9, 0xff, 0xb9, 0xff, 0xb9, 0xff, 0xba, 0xff, 0xb9, 0xff, 0xb9, 0xff, 0xda, 0xff, 0xd9, 0xff, 0xd9, 0xff, 0xd9, 0xff, 0xd9, 0xff, 0xd9, 0xff, 0xd9, 0xff, 0xb9, 0xff,
    0xb9, 0xff, 0xda, 0xff, 0xda, 0xff, 0xda, 0xff, 0xda, 0xff, 0xda, 0xff, 0xda, 0xff, 0xd9, 0xff, 0xd9, 0xff, 0xb9, 0xff, 0x98, 0xff, 0x57, 0xff, 0x16, 0xff, 0xd5, 0xfe, 0xb4, 0xfe, 0x94, 0xfe, 0x93, 0xfe, 0x73, 0xfe, 0x93, 0xfe, 0x94, 0xfe,
    0x73, 0xfe, 0xb4, 0xfe, 0x58, 0xff, 0xda, 0xff, 0xda, 0xff, 0xda, 0xff, 0xda, 0xff, 0xda, 0xff, 0xda, 0xff, 0xda, 0xff, 0xdb, 0xff, 0x6f, 0xf6, 0xaa, 0xfd, 0x88, 0xfd, 0x68, 0xfd, 0x88, 0xfd, 0xa8, 0xfd, 0xe7, 0xf4, 0x64, 0xeb, 0x24, 0xeb,
    0x64, 0xfb, 0x24, 0x9a, 0x00, 0x00, 0x00, 0x00, 0xa6, 0x31, 0xdf, 0xff, 0xdf, 0xff, 0xfe, 0xff, 0xfe, 0xff, 0xff, 0xff, 0xfe, 0xff, 0xfe, 0xff, 0xff, 0xff, 0xff, 0xff, 0xff, 0xff, 0xfe, 0xff, 0xff, 0xff, 0xff, 0xff, 0xff, 0xff, 0xdf, 0xff,
    0xff, 0xff, 0xff, 0xff, 0xff, 0xff, 0xff, 0xff, 0xff, 0xff, 0xff, 0xff, 0xff, 0xff, 0xff, 0xff, 0xff, 0xff, 0xff, 0xff, 0xfe, 0xff, 0xff, 0xff, 0xff, 0xff, 0xff, 0xff, 0xde, 0xff, 0xde, 0xff, 0xff, 0xff, 0xff, 0xff, 0xff, 0xff, 0xff, 0xff,
    0xff, 0xff, 0xff, 0xff, 0xfe, 0xff, 0xff, 0xff, 0xfb, 0xde, 0xa2, 0x18, 0x00, 0x00, 0xa1, 0x10, 0xac, 0xcd, 0xaa, 0xa4, 0xe4, 0x49, 0x61, 0x10, 0x00, 0x00, 0x00, 0x00, 0x00, 0x00, 0x00, 0x00, 0x81, 0x10, 0xc6, 0x39, 0x4b, 0x6b, 0xf1, 0xa4,
    0x55, 0xce, 0x38, 0xe7, 0xda, 0xff, 0xfb, 0xff, 0xfc, 0xff, 0xfc, 0xff, 0xfc, 0xff, 0xfc, 0xff, 0xfb, 0xff, 0xfb, 0xff, 0xfa, 0xff, 0xfa, 0xff, 0xda, 0xff, 0xda, 0xff, 0xda, 0xff, 0xda, 0xff, 0xd9, 0xff, 0xb9, 0xff, 0xb9, 0xff, 0xb9, 0xff,
    0xb9, 0xff, 0xb9, 0xff, 0x99, 0xff, 0x99, 0xff, 0x78, 0xff, 0x57, 0xff, 0x37, 0xff, 0xf5, 0xfe, 0xd5, 0xfe, 0xb4, 0xfe, 0x73, 0xfe, 0x73, 0xfe, 0x53, 0xfe, 0x53, 0xfe, 0x73, 0xfe, 0x73, 0xfe, 0x93, 0xfe, 0xb4, 0xfe, 0x94, 0xfe, 0x94, 0xfe,
    0xf5, 0xfe, 0x77, 0xff, 0xd9, 0xff, 0xda, 0xff, 0xda, 0xff, 0xda, 0xff, 0xda, 0xff, 0xda, 0xff, 0xda, 0xff, 0xda, 0xff, 0xfb, 0xff, 0xf4, 0xf6, 0xaa, 0xfd, 0x89, 0xfd, 0x88, 0xfd, 0x88, 0xfd, 0x68, 0xfd, 0xc5, 0xeb, 0x44, 0xf3, 0x24, 0xf3,
    0x23, 0xf3, 0x85, 0xfb, 0x22, 0x49, 0x00, 0x00, 0x00, 0x00, 0x71, 0x8c, 0xff, 0xff, 0xde, 0xff, 0xff, 0xff, 0xfe, 0xff, 0xfe, 0xff, 0xff, 0xff, 0xff, 0xff, 0xff, 0xff, 0xfe, 0xff, 0xff, 0xff, 0xff, 0xff, 0xff, 0xff, 0xff, 0xff, 0xdf, 0xff,
    0xff, 0xff, 0xff, 0xff, 0xff, 0xff, 0xff, 0xff, 0xff, 0xff, 0xff, 0xff, 0xff, 0xff, 0xff, 0xff, 0xff, 0xff, 0xff, 0xff, 0xff, 0xff, 0xff, 0xff, 0xff, 0xff, 0xff, 0xff, 0xff, 0xff, 0xff, 0xff, 0xff, 0xff, 0xff, 0xff, 0xff, 0xff, 0xff, 0xff,
    0xff, 0xff, 0xfe, 0xff, 0xff, 0xff, 0xbe, 0xf7, 0x86, 0x31, 0x00, 0x00, 0x20, 0x08, 0x4b, 0xc5, 0x6e, 0xff, 0x0d, 0xff, 0xe9, 0xfd, 0xe8, 0xe4, 0x87, 0xa3, 0x24, 0x62, 0x22, 0x31, 0x61, 0x08, 0x00, 0x00, 0x00, 0x00, 0x00, 0x00, 0x00, 0x00,
    0x00, 0x00, 0xa2, 0x10, 0x65, 0x31, 0x68, 0x52, 0x6c, 0x6b, 0x4f, 0x8c, 0x12, 0xa5, 0x93, 0xb5, 0xb4, 0xbd, 0x36, 0xce, 0x96, 0xd6, 0x18, 0xe7, 0x79, 0xf7, 0xba, 0xff, 0xda, 0xff, 0xb9, 0xff, 0xb9, 0xff, 0xb9, 0xff, 0xd9, 0xff, 0xba, 0xff,
    0xba, 0xff, 0x78, 0xff, 0xf5, 0xfe, 0xb5, 0xfe, 0xd5, 0xfe, 0xb5, 0xfe, 0x93, 0xfe, 0x53, 0xfe, 0x73, 0xfe, 0x73, 0xfe, 0x73, 0xfe, 0x94, 0xfe, 0x94, 0xfe, 0x94, 0xfe, 0x94, 0xfe, 0x94, 0xfe, 0x94, 0xfe, 0x94, 0xfe, 0x94, 0xfe, 0x16, 0xff,
    0xb9, 0xff, 0xd9, 0xff, 0xd9, 0xff, 0xd9, 0xff, 0xda, 0xff, 0xda, 0xff, 0xda, 0xff, 0xda, 0xff, 0xda, 0xff, 0xda, 0xff, 0xda, 0xff, 0xda, 0xff, 0x0e, 0xf6, 0x68, 0xfd, 0x88, 0xfd, 0x88, 0xfd, 0x86, 0xf4, 0x64, 0xf3, 0x44, 0xf3, 0x44, 0xf3,
    0x44, 0xf3, 0x43, 0xfb, 0x86, 0xd3, 0x61, 0x08, 0x00, 0x00, 0x81, 0x10, 0x3c, 0xe7, 0xff, 0xff, 0xde, 0xff, 0xff, 0xff, 0xfe, 0xff, 0xfe, 0xff, 0xff, 0xff, 0xff, 0xff, 0xff, 0xff, 0xff, 0xff, 0xff, 0xff, 0xff, 0xff, 0xff, 0xff, 0xdf, 0xff,
    0xff, 0xff, 0xff, 0xff, 0xff, 0xff, 0xff, 0xff, 0xff, 0xff, 0xff, 0xff, 0xff, 0xff, 0xff, 0xff, 0xff, 0xff, 0xff, 0xff, 0xfe, 0xff, 0xff, 0xff, 0xff, 0xff, 0xff, 0xff, 0xff, 0xff, 0xff, 0xff, 0xff, 0xff, 0xff, 0xff, 0xff, 0xff, 0xff, 0xff,
    0xff, 0xff, 0xde, 0xff, 0xff, 0xff, 0xeb, 0x5a, 0x00, 0x00, 0x00, 0x00, 0x29, 0x94, 0x8e, 0xff, 0xac, 0xfe, 0xc9, 0xfd, 0x67, 0xfd, 0xa7, 0xfd, 0xc8, 0xfd, 0xc9, 0xfd, 0x69, 0xfd, 0xa8, 0xdc, 0xc7, 0xab, 0xe6, 0x82, 0x26, 0x52, 0x85, 0x31,
    0xe3, 0x18, 0x40, 0x08, 0x00, 0x00, 0x00, 0x00, 0x00, 0x00, 0x00, 0x00, 0x00, 0x00, 0x00, 0x00, 0x00, 0x00, 0x00, 0x00, 0x82, 0x10, 0x45, 0x29, 0x4f, 0x8c, 0xba, 0xff, 0xda, 0xff, 0xd9, 0xff, 0xd9, 0xff, 0xd9, 0xff, 0x78, 0xff, 0xd5, 0xfe,
    0xb4, 0xfe, 0xd5, 0xfe, 0xb5, 0xfe, 0x94, 0xfe, 0xb4, 0xfe, 0x94, 0xfe, 0x94, 0xfe, 0x94, 0xfe, 0x94, 0xfe, 0x94, 0xfe, 0x94, 0xfe, 0x94, 0xfe, 0x94, 0xfe, 0x94, 0xfe, 0xb4, 0xfe, 0xb4, 0xfe, 0xd5, 0xfe, 0x16, 0xff, 0x98, 0xff, 0xd9, 0xff,
    0xd9, 0xff, 0xd9, 0xff, 0xda, 0xff, 0xda, 0xff, 0xda, 0xff, 0xda, 0xff, 0xda, 0xff, 0xda, 0xff, 0xdb, 0xff, 0xda, 0xff, 0xda, 0xff, 0xfb, 0xff, 0x78, 0xff, 0x89, 0xfd, 0x88, 0xfd, 0x27, 0xf5, 0xa5, 0xeb, 0x44, 0xf3, 0x64, 0xf3, 0x64, 0xf3,
    0x43, 0xf3, 0xc4, 0xf3, 0xe9, 0xfd, 0x06, 0x83, 0x00, 0x00, 0x00, 0x00, 0x6d, 0x6b, 0xff, 0xff, 0xde, 0xff, 0xff, 0xff, 0xff, 0xff, 0xff, 0xff, 0xff, 0xff, 0xff, 0xff, 0xff, 0xff, 0xff, 0xff, 0xff, 0xff, 0xff, 0xff, 0xff, 0xff, 0xdf, 0xff,
    0xff, 0xff, 0xff, 0xff, 0xff, 0xff, 0xff, 0xff, 0xff, 0xff, 0xfe, 0xff, 0xff, 0xff, 0xff, 0xff, 0xff, 0xff, 0xff, 0xff, 0xff, 0xff, 0xfe, 0xff, 0xff, 0xff, 0xff, 0xff, 0xff, 0xff, 0xff, 0xff, 0xff, 0xff, 0xff, 0xff, 0xff, 0xff, 0xff, 0xff,
    0xde, 0xff, 0xff, 0xff, 0x34, 0xa5, 0x00, 0x00, 0x00, 0x00, 0x86, 0x52, 0x6f, 0xff, 0xec, 0xfe, 0x2a, 0xfe, 0x67, 0xfd, 0x88, 0xfd, 0x67, 0xfd, 0x67, 0xfd, 0x88, 0xfd, 0x87, 0xfd, 0x88, 0xfd, 0xa8, 0xfd, 0xc9, 0xfd, 0x6e, 0xfe, 0x98, 0xff,
    0x59, 0xef, 0xd7, 0xde, 0x15, 0xc6, 0x73, 0xb5, 0x12, 0xa5, 0xb0, 0x9c, 0x4f, 0x8c, 0x2f, 0x8c, 0xb0, 0x94, 0xf1, 0xa4, 0x93, 0xb5, 0x96, 0xd6, 0xba, 0xff, 0xda, 0xff, 0xda, 0xff, 0xda, 0xff, 0xda, 0xff, 0xda, 0xff, 0xd9, 0xff, 0x98, 0xff,
    0x37, 0xff, 0xf5, 0xfe, 0xb4, 0xfe, 0xb4, 0xfe, 0x94, 0xfe, 0x94, 0xfe, 0x94, 0xfe, 0xb4, 0xfe, 0xb4, 0xfe, 0xb4, 0xfe, 0xb4, 0xfe, 0x94, 0xfe, 0x94, 0xfe, 0x94, 0xfe, 0xf5, 0xfe, 0x57, 0xff, 0xb9, 0xff, 0xd9, 0xff, 0xda, 0xff, 0xda, 0xff,
    0xda, 0xff, 0xda, 0xff, 0xda, 0xff, 0xda, 0xff, 0xda, 0xff, 0xda, 0xff, 0xda, 0xff, 0xda, 0xff, 0xdb, 0xff, 0xda, 0xff, 0xda, 0xff, 0xda, 0xff, 0xfb, 0xff, 0x70, 0xfe, 0x67, 0xfd, 0xe7, 0xf4, 0xc4, 0xeb, 0x64, 0xf3, 0x44, 0xf3, 0x64, 0xf3,
    0x25, 0xf4, 0x68, 0xfd, 0xa8, 0xfd, 0x89, 0xf5, 0xa1, 0x18, 0x00, 0x00, 0x20, 0x08, 0xda, 0xde, 0xff, 0xff, 0xde, 0xff, 0xff, 0xff, 0xff, 0xff, 0xff, 0xff, 0xff, 0xff, 0xff, 0xff, 0xff, 0xff, 0xff, 0xff, 0xff, 0xff, 0xff, 0xff, 0xdf, 0xff,
    0xff, 0xff, 0xff, 0xff, 0xff, 0xff, 0xff, 0xff, 0xff, 0xff, 0xff, 0xff, 0xff, 0xff, 0xff, 0xff, 0xff, 0xff, 0xfe, 0xff, 0xfe, 0xff, 0xff, 0xff, 0xff, 0xff, 0xff, 0xff, 0xff, 0xff, 0xff, 0xff, 0xff, 0xff, 0xff, 0xff, 0xff, 0xff, 0xde, 0xff,
    0xff, 0xff, 0xdb, 0xde, 0x61, 0x08, 0x00, 0x00, 0x81, 0x18, 0xe9, 0xe4, 0xac, 0xfe, 0xac, 0xfe, 0x88, 0xfd, 0x68, 0xfd, 0x68, 0xfd, 0x88, 0xfd, 0x88, 0xfd, 0x88, 0xfd, 0x88, 0xfd, 0x88, 0xfd, 0x68, 0xfd, 0x88, 0xf5, 0x70, 0xf6, 0x77, 0xff,
    0xfb, 0xff, 0xfb, 0xff, 0xfb, 0xff, 0xfc, 0xff, 0xfc, 0xff, 0xfc, 0xff, 0xfc, 0xff, 0xfc, 0xff, 0xfc, 0xff, 0xfc, 0xff, 0xfc, 0xff, 0xfb, 0xff, 0xda, 0xff, 0xda, 0xff, 0xda, 0xff, 0xda, 0xff, 0xda, 0xff, 0xda, 0xff, 0xda, 0xff, 0xda, 0xff,
    0xda, 0xff, 0xda, 0xff, 0xb9, 0xff, 0x78, 0xff, 0x57, 0xff, 0x37, 0xff, 0x37, 0xff, 0x37, 0xff, 0x37, 0xff, 0x17, 0xff, 0x16, 0xff, 0x16, 0xff, 0x37, 0xff, 0x78, 0xff, 0xb9, 0xff, 0xda, 0xff, 0xda, 0xff, 0xda, 0xff, 0xda, 0xff, 0xda, 0xff,
    0xda, 0xff, 0xda, 0xff, 0xda, 0xff, 0xda, 0xff, 0xda, 0xff, 0xda, 0xff, 0xda, 0xff, 0xda, 0xff, 0xda, 0xff, 0xda, 0xff, 0xda, 0xff, 0xda, 0xff, 0xfb, 0xff, 0xf4, 0xfe, 0x67, 0xfd, 0xe7, 0xf4, 0x05, 0xec, 0xc4, 0xeb, 0x05, 0xf4, 0x07, 0xf5,
    0x88, 0xfd, 0x88, 0xfd, 0x68, 0xfd, 0x09, 0xfe, 0x67, 0x93, 0x00, 0x00, 0x00, 0x00, 0x6d, 0x6b, 0xff, 0xff, 0xde, 0xff, 0xff, 0xff, 0xff, 0xff, 0xff, 0xff, 0xff, 0xff, 0xfe, 0xff, 0xff, 0xff, 0xff, 0xff, 0xff, 0xff, 0xff, 0xff, 0xdf, 0xff,
    0xff, 0xff, 0xff, 0xff, 0xff, 0xff, 0xff, 0xff, 0xff, 0xff, 0xff, 0xff, 0xff, 0xff, 0xff, 0xff, 0xff, 0xff, 0xff, 0xff, 0xff, 0xff, 0xff, 0xff, 0xff, 0xff, 0xff, 0xff, 0xff, 0xff, 0xff, 0xff, 0xff, 0xff, 0xff, 0xff, 0xff, 0xff, 0xfe, 0xff,
    0xff, 0xff, 0x48, 0x4a, 0x00, 0x00, 0x00, 0x00, 0xa4, 0xb2, 0xe5, 0xfb, 0x06, 0xec, 0xc8, 0xf4, 0x48, 0xf5, 0xa8, 0xfd, 0x88, 0xfd, 0x88, 0xfd, 0x88, 0xfd, 0x88, 0xfd, 0x88, 0xfd, 0x88, 0xfd, 0x88, 0xfd, 0x88, 0xfd, 0x2e, 0xf6, 0x99, 0xff,
    0xba, 0xff, 0xda, 0xff, 0xd9, 0xff, 0xb9, 0xff, 0xb9, 0xff, 0xb9, 0xff, 0xb9, 0xff, 0xb9, 0xff, 0xb9, 0xff, 0xb9, 0xff, 0xb9, 0xff, 0xb9, 0xff, 0xda, 0xff, 0xda, 0xff, 0xda, 0xff, 0xda, 0xff, 0xda, 0xff, 0xda, 0xff, 0xda, 0xff, 0xda, 0xff,
    0xdb, 0xff, 0xda, 0xff, 0xda, 0xff, 0xda, 0xff, 0xda, 0xff, 0xda, 0xff, 0xda, 0xff, 0xda, 0xff, 0xda, 0xff, 0xda, 0xff, 0xda, 0xff, 0xda, 0xff, 0xda, 0xff, 0xda, 0xff, 0xda, 0xff, 0xda, 0xff, 0xda, 0xff, 0xda, 0xff, 0xdb, 0xff, 0xda, 0xff,
    0xda, 0xff, 0xda, 0xff, 0xda, 0xff, 0xda, 0xff, 0xda, 0xff, 0xda, 0xff, 0xda, 0xff, 0xda, 0xff, 0xda, 0xff, 0xda, 0xff, 0xda, 0xff, 0xda, 0xff, 0xfc, 0xff, 0x70, 0xf6, 0x46, 0xfd, 0x88, 0xfd, 0x48, 0xfd, 0x27, 0xf5, 0x68, 0xfd, 0x88, 0xfd,
    0x68, 0xfd, 0x88, 0xfd, 0x88, 0xfd, 0xe8, 0xfd, 0x09, 0xf5, 0x61, 0x18, 0x00, 0x00, 0x61, 0x10, 0x3c, 0xe7, 0xff, 0xff, 0xfe, 0xff, 0xff, 0xff, 0xfe, 0xff, 0xff, 0xff, 0xff, 0xff, 0xff, 0xff, 0xff, 0xff, 0xff, 0xff, 0xff, 0xff, 0xde, 0xff,
    0xff, 0xff, 0xff, 0xff, 0xff, 0xff, 0xfe, 0xff, 0xfe, 0xff, 0xff, 0xff, 0xfe, 0xff, 0xff, 0xff, 0xff, 0xff, 0xff, 0xff, 0xff, 0xff, 0xff, 0xff, 0xff, 0xff, 0xff, 0xff, 0xff, 0xff, 0xff, 0xff, 0xff, 0xff, 0xff, 0xff, 0xde, 0xff, 0xff, 0xff,
    0x34, 0xa5, 0x00, 0x00, 0x00, 0x00, 0x42, 0x59, 0xa5, 0xfb, 0x44, 0xf3, 0x64, 0xf3, 0x44, 0xeb, 0xa5, 0xeb, 0xa7, 0xf4, 0x68, 0xfd, 0xc8, 0xfd, 0x88, 0xfd, 0x88, 0xfd, 0x88, 0xfd, 0x88, 0xfd, 0xa8, 0xfd, 0x89, 0xfd, 0xa9, 0xf5, 0x15, 0xf7,
    0xba, 0xff, 0xda, 0xff, 0xda, 0xff, 0xda, 0xff, 0xda, 0xff, 0xda, 0xff, 0xda, 0xff, 0xda, 0xff, 0xda, 0xff, 0xd9, 0xff, 0xd9, 0xff, 0xd9, 0xff, 0xda, 0xff, 0xdb, 0xff, 0xdb, 0xff, 0xdb, 0xff, 0xdb, 0xff, 0xdb, 0xff, 0xda, 0xff, 0xdb, 0xff,
    0xdb, 0xff, 0xdb, 0xff, 0xda, 0xff, 0xda, 0xff, 0xda, 0xff, 0xda, 0xff, 0xda, 0xff, 0xda, 0xff, 0xda, 0xff, 0xda, 0xff, 0xda, 0xff, 0xda, 0xff, 0xda, 0xff, 0xda, 0xff, 0xdb, 0xff, 0xda, 0xff, 0xda, 0xff, 0xdb, 0xff, 0xdb, 0xff, 0xda, 0xff,
    0xda, 0xff, 0xda, 0xff, 0xda, 0xff, 0xda, 0xff, 0xda, 0xff, 0xda, 0xff, 0xda, 0xff, 0xda, 0xff, 0xda, 0xff, 0xda, 0xff, 0xda, 0xff, 0xdb, 0xff, 0x57, 0xf7, 0xa9, 0xfd, 0x67, 0xfd, 0x67, 0xfd, 0x67, 0xfd, 0x68, 0xfd, 0x68, 0xfd, 0x68, 0xfd,
    0x68, 0xfd, 0x88, 0xfd, 0xc8, 0xfd, 0x07, 0xf5, 0xa5, 0xfb, 0xe3, 0x81, 0x00, 0x00, 0x00, 0x00, 0x0f, 0x84, 0xff, 0xff, 0xde, 0xff, 0xff, 0xff, 0xff, 0xff, 0xff, 0xff, 0xff, 0xff, 0xff, 0xff, 0xff, 0xff, 0xff, 0xff, 0xff, 0xff, 0xdf, 0xff,
    0xff, 0xff, 0xff, 0xff, 0xff, 0xff, 0xfe, 0xff, 0xfe, 0xff, 0xfe, 0xff, 0xfe, 0xff, 0xfe, 0xff, 0xfe, 0xff, 0xfe, 0xff, 0xfe, 0xff, 0xff, 0xff, 0xff, 0xff, 0xff, 0xff, 0xff, 0xff, 0xff, 0xff, 0xff, 0xff, 0xff, 0xff, 0xff, 0xff, 0x9d, 0xf7,
    0xc3, 0x18, 0x00, 0x00, 0x40, 0x10, 0x45, 0xdb, 0x64, 0xfb, 0x44, 0xf3, 0x44, 0xf3, 0x44, 0xf3, 0x24, 0xeb, 0x44, 0xeb, 0x85, 0xeb, 0xc7, 0xf4, 0xa9, 0xfd, 0xa8, 0xfd, 0x88, 0xfd, 0x88, 0xfd, 0x88, 0xfd, 0x88, 0xfd, 0x88, 0xfd, 0x0d, 0xf6,
    0x99, 0xf7, 0xda, 0xff, 0xda, 0xff, 0xda, 0xff, 0xda, 0xff, 0xda, 0xff, 0xda, 0xff, 0xda, 0xff, 0xda, 0xff, 0xda, 0xff, 0xd9, 0xff, 0xd9, 0xff, 0xda, 0xff, 0xda, 0xff, 0xdb, 0xff, 0xdb, 0xff, 0xdb, 0xff, 0xdb, 0xff, 0xdb, 0xff, 0xdb, 0xff,
    0xdb, 0xff, 0xdb, 0xff, 0xda, 0xff, 0xdb, 0xff, 0xdb, 0xff, 0xdb, 0xff, 0xda, 0xff, 0xda, 0xff, 0xdb, 0xff, 0xdb, 0xff, 0xda, 0xff, 0xda, 0xff, 0xda, 0xff, 0xda, 0xff, 0xdb, 0xff, 0xdb, 0xff, 0xdb, 0xff, 0xdb, 0xff, 0xdb, 0xff, 0xdb, 0xff,
    0xda, 0xff, 0xda, 0xff, 0xda, 0xff, 0xda, 0xff, 0xda, 0xff, 0xdb, 0xff, 0xda, 0xff, 0xda, 0xff, 0xda, 0xff, 0xda, 0xff, 0xdb, 0xff, 0xf5, 0xf6, 0x88, 0xfd, 0x67, 0xfd, 0x67, 0xfd, 0x67, 0xfd, 0x67, 0xfd, 0x67, 0xfd, 0x68, 0xfd, 0x68, 0xfd,
    0x88, 0xfd, 0xa9, 0xfd, 0xc7, 0xf4, 0x84, 0xeb, 0x44, 0xf3, 0x05, 0xdb, 0x41, 0x10, 0x00, 0x00, 0x04, 0x21, 0xbe, 0xf7, 0xff, 0xff, 0xff, 0xff, 0xff, 0xff, 0xff, 0xff, 0xfe, 0xff, 0xfe, 0xff, 0xff, 0xff, 0xff, 0xff, 0xff, 0xff, 0xdf, 0xff,
    0xff, 0xff, 0xff, 0xff, 0xff, 0xff, 0xfe, 0xff, 0xfe, 0xff, 0xff, 0xff, 0xfe, 0xff, 0xfe, 0xff, 0xfe, 0xff, 0xfe, 0xff, 0xfe, 0xff, 0xff, 0xff, 0xff, 0xff, 0xff, 0xff, 0xff, 0xff, 0xff, 0xff, 0xff, 0xff, 0xde, 0xff, 0xff, 0xff, 0xce, 0x7b,
    0x00, 0x00, 0x00, 0x00, 0xe3, 0x79, 0xc5, 0xfb, 0x44, 0xf3, 0x44, 0xf3, 0x44, 0xf3, 0x24, 0xf3, 0x23, 0xf3, 0x44, 0xf3, 0x64, 0xf3, 0x44, 0xeb, 0x06, 0xf4, 0x48, 0xfd, 0xc9, 0xfd, 0x88, 0xfd, 0x88, 0xfd, 0x88, 0xfd, 0x89, 0xfd, 0xa9, 0xfd,
    0xb1, 0xf6, 0x98, 0xff, 0xb9, 0xff, 0xda, 0xff, 0xda, 0xff, 0xda, 0xff, 0xda, 0xff, 0xda, 0xff, 0xda, 0xff, 0xda, 0xff, 0xda, 0xff, 0xda, 0xff, 0xda, 0xff, 0xda, 0xff, 0xdb, 0xff, 0xdb, 0xff, 0xdb, 0xff, 0xdb, 0xff, 0xdb, 0xff, 0xdb, 0xff,
    0xdb, 0xff, 0xda, 0xff, 0xda, 0xff, 0xda, 0xff, 0xda, 0xff, 0xda, 0xff, 0xda, 0xff, 0xdb, 0xff, 0xdb, 0xff, 0xdb, 0xff, 0xda, 0xff, 0xda, 0xff, 0xda, 0xff, 0xda, 0xff, 0xdb, 0xff, 0xdb, 0xff, 0xdb, 0xff, 0xdb, 0xff, 0xdb, 0xff, 0xda, 0xff,
    0xda, 0xff, 0xda, 0xff, 0xda, 0xff, 0xda, 0xff, 0xda, 0xff, 0xdb, 0xff, 0xdb, 0xff, 0xda, 0xff, 0xba, 0xff, 0xda, 0xff, 0xf4, 0xf6, 0x89, 0xfd, 0x67, 0xfd, 0x88, 0xfd, 0x68, 0xfd, 0x67, 0xfd, 0x67, 0xfd, 0x67, 0xfd, 0x88, 0xfd, 0x67, 0xfd,
    0x88, 0xfd, 0x86, 0xf4, 0x43, 0xeb, 0x23, 0xf3, 0x03, 0xeb, 0x64, 0xfb, 0x62, 0x59, 0x00, 0x00, 0x00, 0x00, 0xd6, 0xbd, 0xff, 0xff, 0xde, 0xff, 0xff, 0xff, 0xff, 0xff, 0xff, 0xff, 0xff, 0xff, 0xff, 0xff, 0xff, 0xff, 0xff, 0xff, 0xde, 0xff,
    0xff, 0xff, 0xff, 0xff, 0xfe, 0xff, 0xfe, 0xff, 0xfe, 0xff, 0xfe, 0xff, 0xff, 0xff, 0xff, 0xff, 0xfe, 0xff, 0xfe, 0xff, 0xfe, 0xff, 0xff, 0xff, 0xff, 0xff, 0xff, 0xff, 0xff, 0xff, 0xff, 0xff, 0xfe, 0xff, 0xff, 0xff, 0x1b, 0xe7, 0x41, 0x08,
    0x00, 0x00, 0x81, 0x20, 0x85, 0xeb, 0x64, 0xf3, 0x44, 0xf3, 0x44, 0xf3, 0x44, 0xf3, 0x24, 0xf3, 0x23, 0xf3, 0x23, 0xf3, 0x64, 0xf3, 0x44, 0xf3, 0x03, 0xf3, 0x64, 0xeb, 0x08, 0xf5, 0xa9, 0xfd, 0x68, 0xfd, 0x68, 0xfd, 0x68, 0xfd, 0x67, 0xfd,
    0x89, 0xfd, 0x91, 0xf6, 0x78, 0xf7, 0xba, 0xff, 0xda, 0xff, 0xda, 0xff, 0xda, 0xff, 0xda, 0xff, 0xda, 0xff, 0xda, 0xff, 0xda, 0xff, 0xda, 0xff, 0xda, 0xff, 0xda, 0xff, 0xda, 0xff, 0xdb, 0xff, 0xdb, 0xff, 0xdb, 0xff, 0xdb, 0xff, 0xdb, 0xff,
    0xdb, 0xff, 0xdb, 0xff, 0xda, 0xff, 0xda, 0xff, 0xda, 0xff, 0xda, 0xff, 0xda, 0xff, 0xda, 0xff, 0xdb, 0xff, 0xdb, 0xff, 0xda, 0xff, 0xda, 0xff, 0xda, 0xff, 0xda, 0xff, 0xda, 0xff, 0xda, 0xff, 0xda, 0xff, 0xda, 0xff, 0xda, 0xff, 0xda, 0xff,
    0xda, 0xff, 0xda, 0xff, 0xda, 0xff, 0xda, 0xff, 0xdb, 0xff, 0xdb, 0xff, 0xdb, 0xff, 0xda, 0xff, 0xda, 0xff, 0x98, 0xf7, 0xab, 0xf5, 0x67, 0xfd, 0x88, 0xfd, 0x88, 0xfd, 0x88, 0xfd, 0x67, 0xfd, 0x67, 0xfd, 0x88, 0xfd, 0x68, 0xfd, 0xcc, 0xfd,
    0x8c, 0xf5, 0x8a, 0xec, 0xc6, 0xeb, 0x08, 0xf4, 0xe7, 0xf3, 0xe6, 0xfb, 0x63, 0xaa, 0x04, 0x21, 0x20, 0x00, 0x2c, 0x63, 0xff, 0xff, 0xbe, 0xf7, 0xbe, 0xf7, 0xde, 0xff, 0xde, 0xff, 0xde, 0xff, 0xde, 0xff, 0xbe, 0xf7, 0xff, 0xff, 0xdf, 0xff,
    0xff, 0xff, 0xff, 0xff, 0xff, 0xff, 0xfe, 0xff, 0xfe, 0xff, 0xfe, 0xff, 0xfe, 0xff, 0xff, 0xff, 0xfe, 0xff, 0xfe, 0xff, 0xfe, 0xff, 0xff, 0xff, 0xff, 0xff, 0xff, 0xff, 0xff, 0xff, 0xff, 0xff, 0xde, 0xff, 0xff, 0xff, 0x6d, 0x6b, 0x00, 0x00,
    0x00, 0x00, 0x09, 0x9c, 0xca, 0xfd, 0xa5, 0xeb, 0x44, 0xf3, 0x44, 0xf3, 0x44, 0xf3, 0x24, 0xf3, 0x23, 0xf3, 0x44, 0xf3, 0x64, 0xf3, 0x44, 0xf3, 0x44, 0xf3, 0x23, 0xf3, 0x64, 0xeb, 0xa7, 0xf4, 0x88, 0xfd, 0x68, 0xfd, 0x67, 0xfd, 0x68, 0xfd,
    0x88, 0xfd, 0x89, 0xfd, 0x70, 0xf6, 0x78, 0xf7, 0xba, 0xff, 0xd9, 0xff, 0xda, 0xff, 0xda, 0xff, 0xda, 0xff, 0xda, 0xff, 0xda, 0xff, 0xda, 0xff, 0xda, 0xff, 0xdb, 0xff, 0xdb, 0xff, 0xdb, 0xff, 0xdb, 0xff, 0xdb, 0xff, 0xdb, 0xff, 0xdb, 0xff,
    0xdb, 0xff, 0xda, 0xff, 0xda, 0xff, 0xda, 0xff, 0xda, 0xff, 0xda, 0xff, 0xdb, 0xff, 0xda, 0xff, 0xdb, 0xff, 0xdb, 0xff, 0xda, 0xff, 0xda, 0xff, 0xda, 0xff, 0xda, 0xff, 0xda, 0xff, 0xda, 0xff, 0xda, 0xff, 0xdb, 0xff, 0xdb, 0xff, 0xdb, 0xff,
    0xdb, 0xff, 0xda, 0xff, 0xda, 0xff, 0xda, 0xff, 0xdb, 0xff, 0xda, 0xff, 0xdb, 0xff, 0xda, 0xff, 0xfb, 0xff, 0x57, 0xff, 0xaa, 0xf5, 0x88, 0xfd, 0x68, 0xfd, 0x88, 0xfd, 0x88, 0xfd, 0x68, 0xfd, 0x68, 0xfd, 0x89, 0xfd, 0x88, 0xfd, 0xed, 0xf5,
    0xaf, 0xf5, 0x2e, 0xed, 0xc7, 0xeb, 0x2d, 0xed, 0x0d, 0xed, 0xcc, 0xf4, 0x24, 0xe3, 0x8d, 0x83, 0x24, 0x21, 0x85, 0x31, 0xde, 0xff, 0xbe, 0xf7, 0xbe, 0xf7, 0xbe, 0xf7, 0xbe, 0xf7, 0xbe, 0xf7, 0xbe, 0xf7, 0xde, 0xff, 0xdf, 0xff, 0xff, 0xff,
    0xff, 0xff, 0xff, 0xff, 0xff, 0xff, 0xff, 0xff, 0xfe, 0xff, 0xfe, 0xff, 0xff, 0xff, 0xfe, 0xff, 0xff, 0xff, 0xfe, 0xff, 0xfe, 0xff, 0xff, 0xff, 0xff, 0xff, 0xff, 0xff, 0xff, 0xff, 0xff, 0xff, 0xff, 0xff, 0x1b, 0xe7, 0x41, 0x08, 0x00, 0x00,
    0x02, 0x29, 0xcc, 0xf6, 0x0c, 0xff, 0x8c, 0xfe, 0x29, 0xf5, 0xc5, 0xf3, 0x44, 0xf3, 0x23, 0xf3, 0x23, 0xf3, 0x44, 0xf3, 0x84, 0xf3, 0x64, 0xf3, 0x44, 0xf3, 0x23, 0xf3, 0x43, 0xf3, 0x64, 0xeb, 0xc7, 0xf4, 0x88, 0xfd, 0x67, 0xfd, 0x68, 0xfd,
    0x88, 0xfd, 0x89, 0xfd, 0x89, 0xf5, 0xd3, 0xf6, 0xda, 0xff, 0xd9, 0xff, 0xda, 0xff, 0xda, 0xff, 0xda, 0xff, 0xda, 0xff, 0xda, 0xff, 0xda, 0xff, 0xda, 0xff, 0xdb, 0xff, 0xdb, 0xff, 0xdb, 0xff, 0xdb, 0xff, 0xdb, 0xff, 0xda, 0xff, 0xda, 0xff,
    0xda, 0xff, 0xdb, 0xff, 0xda, 0xff, 0xda, 0xff, 0xda, 0xff, 0xda, 0xff, 0xdb, 0xff, 0xdb, 0xff, 0xdb, 0xff, 0xdb, 0xff, 0xdb, 0xff, 0xdb, 0xff, 0xda, 0xff, 0xda, 0xff, 0xda, 0xff, 0xda, 0xff, 0xda, 0xff, 0xdb, 0xff, 0xdb, 0xff, 0xdb, 0xff,
    0xdb, 0xff, 0xda, 0xff, 0xda, 0xff, 0xda, 0xff, 0xda, 0xff, 0xda, 0xff, 0xda, 0xff, 0xda, 0xff, 0xda, 0xff, 0xb9, 0xff, 0x0d, 0xf6, 0x68, 0xfd, 0x68, 0xfd, 0x88, 0xfd, 0x88, 0xfd, 0x67, 0xfd, 0xc9, 0xfd, 0x85, 0x72, 0x27, 0xbc, 0x4f, 0xfe,
    0xcf, 0xf5, 0x2d, 0xf5, 0xe6, 0xeb, 0x8e, 0xf5, 0x6f, 0xf5, 0xcc, 0xec, 0x47, 0xfc, 0xac, 0x8b, 0xe7, 0x39, 0xe3, 0x20, 0x9a, 0xd6, 0xff, 0xff, 0xde, 0xf7, 0xde, 0xff, 0xbe, 0xf7, 0xde, 0xf7, 0xbe, 0xf7, 0xde, 0xff, 0xff, 0xff, 0xdf, 0xff,
    0xff, 0xff, 0xff, 0xff, 0xfe, 0xff, 0xfe, 0xff, 0xfe, 0xff, 0xfe, 0xff, 0xff, 0xff, 0xfe, 0xff, 0xff, 0xff, 0xff, 0xff, 0xff, 0xff, 0xff, 0xff, 0xff, 0xff, 0xff, 0xff, 0xff, 0xff, 0xde, 0xff, 0xff, 0xff, 0xce, 0x7b, 0x00, 0x00, 0x00, 0x00,
    0x07, 0x94, 0x2c, 0xff, 0xab, 0xfe, 0xec, 0xfe, 0xac, 0xfe, 0xa9, 0xfd, 0xe7, 0xf4, 0x25, 0xf4, 0x84, 0xf3, 0x43, 0xf3, 0x23, 0xf3, 0x23, 0xf3, 0x23, 0xf3, 0x23, 0xf3, 0x23, 0xf3, 0x22, 0xeb, 0x66, 0xf4, 0x88, 0xfd, 0x68, 0xfd, 0x88, 0xfd,
    0xa8, 0xfd, 0xaa, 0xfd, 0x89, 0xfd, 0x14, 0xff, 0xda, 0xff, 0xd9, 0xff, 0xda, 0xff, 0xda, 0xff, 0xda, 0xff, 0xda, 0xff, 0xda, 0xff, 0xda, 0xff, 0xda, 0xff, 0xda, 0xff, 0xdb, 0xff, 0xdb, 0xff, 0xdb, 0xff, 0xda, 0xff, 0xda, 0xff, 0xda, 0xff,
    0xda, 0xff, 0xdb, 0xff, 0xdb, 0xff, 0xdb, 0xff, 0xdb, 0xff, 0xda, 0xff, 0xda, 0xff, 0xdb, 0xff, 0xdb, 0xff, 0xda, 0xff, 0xda, 0xff, 0xda, 0xff, 0xda, 0xff, 0xda, 0xff, 0xda, 0xff, 0xda, 0xff, 0xda, 0xff, 0xdb, 0xff, 0xdb, 0xff, 0xdb, 0xff,
    0xda, 0xff, 0xdb, 0xff, 0xda, 0xff, 0xda, 0xff, 0xda, 0xff, 0xda, 0xff, 0xda, 0xff, 0xda, 0xff, 0xda, 0xff, 0xfb, 0xff, 0x92, 0xf6, 0x69, 0xfd, 0x88, 0xfd, 0x68, 0xfd, 0x88, 0xfd, 0x67, 0xfd, 0x09, 0xfe, 0xa5, 0x72, 0x42, 0x39, 0x2e, 0xfe,
    0xee, 0xf5, 0x6d, 0xf5, 0x09, 0xf5, 0x31, 0xfe, 0x10, 0xfe, 0xcd, 0xf5, 0x2d, 0xfe, 0xee, 0xbc, 0x8a, 0x4a, 0x65, 0x31, 0x71, 0x94, 0xff, 0xff, 0xde, 0xf7, 0xde, 0xf7, 0xbe, 0xf7, 0xbe, 0xf7, 0xbe, 0xf7, 0xde, 0xff, 0xff, 0xff, 0xff, 0xff,
    0xff, 0xff, 0xff, 0xff, 0xff, 0xff, 0xfe, 0xff, 0xfe, 0xff, 0xfe, 0xff, 0xff, 0xff, 0xfe, 0xff, 0xff, 0xff, 0xff, 0xff, 0xff, 0xff, 0xff, 0xff, 0xff, 0xff, 0xff, 0xff, 0xde, 0xff, 0xff, 0xff, 0x9e, 0xf7, 0xc3, 0x18, 0x00, 0x00, 0xc2, 0x18,
    0x6c, 0xee, 0xeb, 0xfe, 0xcb, 0xfe, 0xab, 0xfe, 0x29, 0xfe, 0x88, 0xfd, 0xa8, 0xfd, 0xa8, 0xfd, 0x47, 0xfd, 0x07, 0xf5, 0x66, 0xf4, 0x05, 0xf4, 0xc4, 0xf3, 0xc4, 0xf3, 0x05, 0xf4, 0x45, 0xf4, 0x48, 0xfd, 0x88, 0xfd, 0x88, 0xfd, 0xa8, 0xfd,
    0xca, 0xfd, 0xa9, 0xfd, 0x4f, 0xfe, 0xb9, 0xff, 0xd9, 0xff, 0xd9, 0xff, 0xda, 0xff, 0xda, 0xff, 0xda, 0xff, 0xda, 0xff, 0xda, 0xff, 0xda, 0xff, 0xda, 0xff, 0xda, 0xff, 0xdb, 0xff, 0xdb, 0xff, 0xdb, 0xff, 0xdb, 0xff, 0xda, 0xff, 0xdb, 0xff,
    0xdb, 0xff, 0xdb, 0xff, 0xdb, 0xff, 0xdb, 0xff, 0xdb, 0xff, 0xda, 0xff, 0xdb, 0xff, 0xdb, 0xff, 0xda, 0xff, 0xda, 0xff, 0xda, 0xff, 0xda, 0xff, 0xda, 0xff, 0xda, 0xff, 0xdb, 0xff, 0xdb, 0xff, 0xdb, 0xff, 0xdb, 0xff, 0xdb, 0xff, 0xdb, 0xff,
    0xda, 0xff, 0xda, 0xff, 0xda, 0xff, 0xda, 0xff, 0xda, 0xff, 0xda, 0xff, 0xda, 0xff, 0xda, 0xff, 0xda, 0xff, 0xfa, 0xff, 0x36, 0xf7, 0xaa, 0xfd, 0x88, 0xfd, 0x88, 0xfd, 0x88, 0xfd, 0x68, 0xfd, 0xc8, 0xfd, 0x67, 0xc4, 0x00, 0x00, 0x8d, 0xdd,
    0x6f, 0xfe, 0x2f, 0xf6, 0xeb, 0xfd, 0x0d, 0xfe, 0x2e, 0xfe, 0xec, 0xf5, 0x0b, 0xfe, 0xa8, 0xd4, 0x24, 0x29, 0x03, 0x21, 0xe7, 0x41, 0x9e, 0xf7, 0xdf, 0xff, 0xbe, 0xf7, 0xde, 0xff, 0xde, 0xff, 0xbe, 0xff, 0xde, 0xff, 0xdf, 0xff, 0xff, 0xff,
    0xdf, 0xff, 0xff, 0xff, 0xde, 0xff, 0xfe, 0xff, 0xde, 0xff, 0xde, 0xff, 0xff, 0xff, 0xff, 0xff, 0xff, 0xff, 0xfe, 0xff, 0xde, 0xff, 0xde, 0xff, 0xff, 0xff, 0xff, 0xff, 0xde, 0xff, 0xff, 0xff, 0x34, 0xa5, 0x00, 0x00, 0x00, 0x00, 0x64, 0x72,
    0xc9, 0xfd, 0xea, 0xf5, 0x8b, 0xfe, 0xab, 0xfe, 0xc8, 0xfd, 0x88, 0xfd, 0x88, 0xfd, 0x87, 0xfd, 0x88, 0xfd, 0xa8, 0xfd, 0xa8, 0xfd, 0xa8, 0xfd, 0x88, 0xfd, 0x88, 0xfd, 0x88, 0xfd, 0xa8, 0xfd, 0x88, 0xfd, 0x88, 0xfd, 0x88, 0xfd, 0xa8, 0xfd,
    0xa9, 0xfd, 0xa9, 0xfd, 0xf4, 0xf6, 0xda, 0xff, 0xd9, 0xff, 0xd9, 0xff, 0xda, 0xff, 0xda, 0xff, 0xda, 0xff, 0xda, 0xff, 0xda, 0xff, 0xda, 0xff, 0xda, 0xff, 0xda, 0xff, 0xdb, 0xff, 0xdb, 0xff, 0xdb, 0xff, 0xdb, 0xff, 0xdb, 0xff, 0xda, 0xff,
    0xdb, 0xff, 0xdb, 0xff, 0xda, 0xff, 0xdb, 0xff, 0xdb, 0xff, 0xda, 0xff, 0xdb, 0xff, 0xdb, 0xff, 0xda, 0xff, 0xda, 0xff, 0xdb, 0xff, 0xda, 0xff, 0xda, 0xff, 0xda, 0xff, 0xda, 0xff, 0xdb, 0xff, 0xdb, 0xff, 0xdb, 0xff, 0xdb, 0xff, 0xdb, 0xff,
    0xdb, 0xff, 0xda, 0xff, 0xda, 0xff, 0xda, 0xff, 0xda, 0xff, 0xda, 0xff, 0xda, 0xff, 0xda, 0xff, 0xda, 0xff, 0xda, 0xff, 0xb9, 0xff, 0xec, 0xf5, 0x88, 0xfd, 0xa8, 0xfd, 0x88, 0xfd, 0x88, 0xfd, 0x88, 0xfd, 0x89, 0xf5, 0x61, 0x10, 0x05, 0x83,
    0x09, 0xfe, 0x67, 0xfd, 0xa8, 0xfd, 0x87, 0xfd, 0x87, 0xfd, 0x87, 0xfd, 0x87, 0xfd, 0xa9, 0xfd, 0xe2, 0x28, 0x00, 0x00, 0x40, 0x08, 0xfb, 0xde, 0xff, 0xff, 0xde, 0xff, 0xdf, 0xff, 0xdf, 0xff, 0xff, 0xff, 0xff, 0xff, 0xff, 0xff, 0xdf, 0xff,
    0xdf, 0xff, 0xdf, 0xff, 0xdf, 0xff, 0xdf, 0xff, 0xdf, 0xff, 0xff, 0xff, 0xff, 0xff, 0xff, 0xff, 0xdf, 0xff, 0xdf, 0xff, 0xdf, 0xff, 0xdf, 0xff, 0xff, 0xff, 0xff, 0xff, 0xdf, 0xff, 0xff, 0xff, 0x49, 0x4a, 0x00, 0x00, 0x40, 0x08, 0x46, 0xd4,
    0x06, 0xfd, 0xc6, 0xf4, 0x27, 0xf5, 0x68, 0xf5, 0x68, 0xfd, 0x88, 0xfd, 0xa8, 0xfd, 0x88, 0xfd, 0x88, 0xfd, 0x88, 0xfd, 0x88, 0xfd, 0xa8, 0xfd, 0xa8, 0xfd, 0xa8, 0xfd, 0x88, 0xfd, 0x88, 0xfd, 0x88, 0xfd, 0x88, 0xfd, 0x88, 0xfd, 0x88, 0xfd,
    0x88, 0xfd, 0xaa, 0xfd, 0xf4, 0xf6, 0xda, 0xff, 0xda, 0xff, 0xda, 0xff, 0xda, 0xff, 0xda, 0xff, 0xda, 0xff, 0xda, 0xff, 0xda, 0xff, 0xda, 0xff, 0xda, 0xff, 0xdb, 0xff, 0xdb, 0xff, 0xdb, 0xff, 0xdb, 0xff, 0xdb, 0xff, 0xdb, 0xff, 0xdb, 0xff,
    0xdb, 0xff, 0xdb, 0xff, 0xdb, 0xff, 0xdb, 0xff, 0xdb, 0xff, 0xdb, 0xff, 0xdb, 0xff, 0xdb, 0xff, 0xdb, 0xff, 0xdb, 0xff, 0xdb, 0xff, 0xdb, 0xff, 0xdb, 0xff, 0xdb, 0xff, 0xdb, 0xff, 0xdb, 0xff, 0xdb, 0xff, 0xdb, 0xff, 0xdb, 0xff, 0xdb, 0xff,
    0xdb, 0xff, 0xdb, 0xff, 0xdb, 0xff, 0xdb, 0xff, 0xdb, 0xff, 0xdb, 0xff, 0xdb, 0xff, 0xda, 0xff, 0xda, 0xff, 0xda, 0xff, 0xdb, 0xff, 0x4f, 0xf6, 0x88, 0xfd, 0xc9, 0xfd, 0xa8, 0xfd, 0xa8, 0xfd, 0x88, 0xf5, 0x09, 0xfe, 0xa3, 0x41, 0x42, 0x39,
    0x09, 0xfe, 0xa8, 0xfd, 0xa8, 0xfd, 0xc8, 0xfd, 0xa8, 0xfd, 0xa8, 0xfd, 0x88, 0xfd, 0x09, 0xfe, 0xe4, 0x51, 0x00, 0x00, 0x00, 0x00, 0x17, 0xc6, 0xff, 0xff, 0xdf, 0xff, 0xff, 0xff, 0xff, 0xff, 0xff, 0xff, 0xdf, 0xff, 0xff, 0xff, 0xdf, 0xff,
    
};

const lv_img_dsc_t icon_cat_kissy = {
  .header.magic = LV_IMAGE_HEADER_MAGIC,
  .header.cf = LV_COLOR_FORMAT_RGB565,
  .header.w = 120,
  .header.h = 120,
  .data_size = 28800,
  .data = icon_cat_kissy_map,
};
