#ifdef __has_include
    #if __has_include("lvgl.h")
        #ifndef LV_LVGL_H_INCLUDE_SIMPLE
            #define LV_LVGL_H_INCLUDE_SIMPLE
        #endif
    #endif
#endif

#if defined(LV_LVGL_H_INCLUDE_SIMPLE)
    #include "lvgl.h"
#else
    #include "lvgl/lvgl.h"
#endif

#ifndef LV_ATTRIBUTE_MEM_ALIGN
#define LV_ATTRIBUTE_MEM_ALIGN
#endif

#ifndef LV_ATTRIBUTE_IMG_ICON_CAT_INDIFFERENT
#define LV_ATTRIBUTE_IMG_ICON_CAT_INDIFFERENT
#endif

const LV_ATTRIBUTE_MEM_ALIGN LV_ATTRIBUTE_LARGE_CONST LV_ATTRIBUTE_IMG_ICON_CAT_INDIFFERENT uint8_t icon_cat_indifferent_map[] = {
    0xff, 0xff, 0xff, 0xff, 0xff, 0xff, 0xff, 0xff, 0xff, 0xff, 0xff, 0xff, 0xff, 0xff, 0xff, 0xff, 0xff, 0xff, 0xff, 0xff, 0xff, 0xff, 0xff, 0xff, 0xff, 0xff, 0xff, 0xff, 0xff, 0xff, 0xff, 0xff, 0xff, 0xff, 0xff, 0xff, 0xff, 0xff, 0xff, 0xff,
    0xff, 0xff, 0xff, 0xff, 0xff, 0xff, 0xff, 0xff, 0xff, 0xff, 0xff, 0xff, 0xff, 0xff, 0xff, 0xff, 0xff, 0xff, 0xff, 0xff, 0xff, 0xff, 0xff, 0xff, 0xff, 0xff, 0xff, 0xff, 0xff, 0xff, 0xff, 0xff, 0xff, 0xff, 0xff, 0xff, 0xff, 0xff, 0xff, 0xff,
    0xff, 0xff, 0xff, 0xff, 0xff, 0xff, 0xff, 0xff, 0xff, 0xff, 0xff, 0xff, 0xff, 0xff, 0xff, 0xff, 0xff, 0xff, 0xff, 0xff, 0xff, 0xff, 0xff, 0xff, 0xff, 0xff, 0xff, 0xff, 0xff, 0xff, 0xff, 0xff, 0xff, 0xff, 0xff, 0xff, 0xff, 0xff, 0xff, 0xff,
    0xff, 0xff, 0xff, 0xff, 0xff, 0xff, 0xff, 0xff, 0xff, 0xff, 0xff, 0xff, 0xff, 0xff, 0xff, 0xff, 0xff, 0xff, 0xff, 0xff, 0xff, 0xff, 0xff, 0xff, 0xff, 0xff, 0xff, 0xff, 0xff, 0xff, 0xff, 0xff, 0xff, 0xff, 0xff, 0xff, 0xff, 0xff, 0xff, 0xff,
    0xff, 0xff, 0xff, 0xff, 0xff, 0xff, 0xff, 0xff, 0xff, 0xff, 0xff, 0xff, 0xff, 0xff, 0xff, 0xff, 0xff, 0xff, 0xff, 0xff, 0xff, 0xff, 0xff, 0xff, 0xff, 0xff, 0xff, 0xff, 0xff, 0xff, 0xff, 0xff, 0xff, 0xff, 0xff, 0xff, 0xff, 0xff, 0xff, 0xff,
    0xff, 0xff, 0xff, 0xff, 0xff, 0xff, 0xff, 0xff, 0xff, 0xff, 0xff, 0xff, 0xff, 0xff, 0xff, 0xff, 0xff, 0xff, 0xff, 0xff, 0xff, 0xff, 0xff, 0xff, 0xff, 0xff, 0xff, 0xff, 0xff, 0xff, 0xff, 0xff, 0xff, 0xff, 0xff, 0xff, 0xff, 0xff, 0xde, 0xff,
    0xff, 0xff, 0xff, 0xff, 0xff, 0xff, 0xff, 0xff, 0xff, 0xff, 0xff, 0xff, 0xff, 0xff, 0xff, 0xff, 0xff, 0xff, 0xff, 0xff, 0xff, 0xff, 0xff, 0xff, 0xff, 0xff, 0xff, 0xff, 0xff, 0xff, 0xff, 0xff, 0xff, 0xff, 0xff, 0xff, 0xff, 0xff, 0xff, 0xff,
    0xff, 0xff, 0xff, 0xff, 0xff, 0xff, 0xff, 0xff, 0xff, 0xff, 0xff, 0xff, 0xff, 0xff, 0xff, 0xff, 0xff, 0xff, 0xff, 0xff, 0xff, 0xff, 0xff, 0xff, 0xff, 0xff, 0xff, 0xff, 0xff, 0xff, 0xff, 0xff, 0xff, 0xff, 0xff, 0xff, 0xff, 0xff, 0xff, 0xff,
    0xff, 0xff, 0xff, 0xff, 0xff, 0xff, 0xff, 0xff, 0xff, 0xff, 0xff, 0xff, 0xff, 0xff, 0xff, 0xff, 0xff, 0xff, 0xff, 0xff, 0xff, 0xff, 0xff, 0xff, 0xff, 0xff, 0xff, 0xff, 0xff, 0xff, 0xff, 0xff, 0xff, 0xff, 0xff, 0xff, 0xff, 0xff, 0xff, 0xff,
    0xff, 0xff, 0xff, 0xff, 0xff, 0xff, 0xff, 0xff, 0xff, 0xff, 0xff, 0xff, 0xff, 0xff, 0xff, 0xff, 0xff, 0xff, 0xff, 0xff, 0xff, 0xff, 0xff, 0xff, 0xff, 0xff, 0xff, 0xff, 0xff, 0xff, 0xff, 0xff, 0xff, 0xff, 0xff, 0xff, 0xff, 0xff, 0xff, 0xff,
    0xff, 0xff, 0xff, 0xff, 0xff, 0xff, 0xff, 0xff, 0xff, 0xff, 0xff, 0xff, 0xff, 0xff, 0xff, 0xff, 0xff, 0xff, 0xff, 0xff, 0xff, 0xff, 0xff, 0xff, 0xff, 0xff, 0xff, 0xff, 0xff, 0xff, 0xff, 0xff, 0xff, 0xff, 0xff, 0xff, 0xff, 0xff, 0xff, 0xff,
    0xff, 0xff, 0xff, 0xff, 0xff, 0xff, 0xff, 0xff, 0xff, 0xff, 0xff, 0xff, 0xff, 0xff, 0xff, 0xff, 0xff, 0xff, 0xff, 0xff, 0xff, 0xff, 0xff, 0xff, 0xff, 0xff, 0xff, 0xff, 0xff, 0xff, 0xff, 0xff, 0xff, 0xff, 0xff, 0xff, 0xff, 0xff, 0xde, 0xff,
    0xff, 0xff, 0xff, 0xff, 0xff, 0xff, 0xff, 0xff, 0xff, 0xff, 0xff, 0xff, 0xff, 0xff, 0xff, 0xff, 0xff, 0xff, 0xff, 0xff, 0xff, 0xff, 0xff, 0xff, 0xff, 0xff, 0xff, 0xff, 0xff, 0xff, 0xff, 0xff, 0xff, 0xff, 0xff, 0xff, 0xff, 0xff, 0xff, 0xff,
    0xff, 0xff, 0xff, 0xff, 0xff, 0xff, 0xff, 0xff, 0xff, 0xff, 0xff, 0xff, 0xff, 0xff, 0xff, 0xff, 0xff, 0xff, 0xff, 0xff, 0xff, 0xff, 0xff, 0xff, 0xff, 0xff, 0xff, 0xff, 0xff, 0xff, 0xff, 0xff, 0xff, 0xff, 0xff, 0xff, 0xff, 0xff, 0xff, 0xff,
    0xff, 0xff, 0xff, 0xff, 0xff, 0xff, 0xff, 0xff, 0xff, 0xff, 0xff, 0xff, 0xff, 0xff, 0xff, 0xff, 0xff, 0xff, 0xff, 0xff, 0xff, 0xff, 0xff, 0xff, 0xff, 0xff, 0xff, 0xff, 0xff, 0xff, 0xff, 0xff, 0xff, 0xff, 0xff, 0xff, 0xff, 0xff, 0xff, 0xff,
    0xff, 0xff, 0xff, 0xff, 0xff, 0xff, 0xff, 0xff, 0xff, 0xff, 0xff, 0xff, 0xff, 0xff, 0xff, 0xff, 0xff, 0xff, 0xff, 0xff, 0xff, 0xff, 0xff, 0xff, 0xff, 0xff, 0xff, 0xff, 0xff, 0xff, 0xff, 0xff, 0xff, 0xff, 0xff, 0xff, 0xff, 0xff, 0xff, 0xff,
    0xff, 0xff, 0xff, 0xff, 0xff, 0xff, 0xff, 0xff, 0xff, 0xff, 0xff, 0xff, 0xff, 0xff, 0xff, 0xff, 0xff, 0xff, 0xff, 0xff, 0xff, 0xff, 0xff, 0xff, 0xff, 0xff, 0xff, 0xff, 0xff, 0xff, 0xff, 0xff, 0xff, 0xff, 0xff, 0xff, 0xff, 0xff, 0xff, 0xff,
    0xff, 0xff, 0xff, 0xff, 0xff, 0xff, 0xff, 0xff, 0xff, 0xff, 0xff, 0xff, 0xff, 0xff, 0xff, 0xff, 0xff, 0xff, 0xff, 0xff, 0xff, 0xff, 0xff, 0xff, 0xff, 0xff, 0xff, 0xff, 0xff, 0xff, 0xff, 0xff, 0xff, 0xff, 0xff, 0xff, 0xfe, 0xff, 0xde, 0xff,
    0xff, 0xff, 0xff, 0xff, 0xff, 0xff, 0xff, 0xff, 0xff, 0xff, 0xff, 0xff, 0xff, 0xff, 0xff, 0xff, 0xff, 0xff, 0xff, 0xff, 0xff, 0xff, 0xff, 0xff, 0xff, 0xff, 0xff, 0xff, 0xff, 0xff, 0xff, 0xff, 0xff, 0xff, 0xff, 0xff, 0xff, 0xff, 0xff, 0xff,
    0xff, 0xff, 0xff, 0xff, 0xff, 0xff, 0xff, 0xff, 0xff, 0xff, 0xff, 0xff, 0xff, 0xff, 0xff, 0xff, 0xff, 0xff, 0xff, 0xff, 0xff, 0xff, 0xff, 0xff, 0xff, 0xff, 0xff, 0xff, 0xff, 0xff, 0xff, 0xff, 0xff, 0xff, 0xff, 0xff, 0xff, 0xff, 0xff, 0xff,
    0xff, 0xff, 0xff, 0xff, 0xff, 0xff, 0xff, 0xff, 0xff, 0xff, 0xff, 0xff, 0xff, 0xff, 0xff, 0xff, 0xff, 0xff, 0xff, 0xff, 0xff, 0xff, 0xff, 0xff, 0xff, 0xff, 0xff, 0xff, 0xff, 0xff, 0xff, 0xff, 0xff, 0xff, 0xff, 0xff, 0xff, 0xff, 0xff, 0xff,
    0xff, 0xff, 0xff, 0xff, 0xff, 0xff, 0xff, 0xff, 0xff, 0xff, 0xff, 0xff, 0xff, 0xff, 0xff, 0xff, 0xff, 0xff, 0xff, 0xff, 0xff, 0xff, 0xff, 0xff, 0xff, 0xff, 0xff, 0xff, 0xff, 0xff, 0xff, 0xff, 0xff, 0xff, 0xff, 0xff, 0xff, 0xff, 0xff, 0xff,
    0xff, 0xff, 0xff, 0xff, 0xff, 0xff, 0xff, 0xff, 0xff, 0xff, 0xff, 0xff, 0xff, 0xff, 0xff, 0xff, 0xff, 0xff, 0xff, 0xff, 0xff, 0xff, 0xff, 0xff, 0xff, 0xff, 0xff, 0xff, 0xff, 0xff, 0xff, 0xff, 0xff, 0xff, 0xff, 0xff, 0xff, 0xff, 0xff, 0xff,
    0xff, 0xff, 0xff, 0xff, 0xff, 0xff, 0xff, 0xff, 0xff, 0xff, 0xff, 0xff, 0xff, 0xff, 0xff, 0xff, 0xff, 0xff, 0xff, 0xff, 0xff, 0xff, 0xff, 0xff, 0xff, 0xff, 0xff, 0xff, 0xff, 0xff, 0xff, 0xff, 0xff, 0xff, 0xff, 0xff, 0xff, 0xff, 0xde, 0xff,
    0xff, 0xff, 0xff, 0xff, 0xff, 0xff, 0xff, 0xff, 0xff, 0xff, 0xff, 0xff, 0xff, 0xff, 0xff, 0xff, 0xff, 0xff, 0xff, 0xff, 0xff, 0xff, 0xff, 0xff, 0xff, 0xff, 0xff, 0xff, 0xff, 0xff, 0xff, 0xff, 0xff, 0xff, 0xff, 0xff, 0xff, 0xff, 0xff, 0xff,
    0xff, 0xff, 0xff, 0xff, 0xff, 0xff, 0xff, 0xff, 0xff, 0xff, 0xff, 0xff, 0xff, 0xff, 0xff, 0xff, 0xff, 0xff, 0xff, 0xff, 0xff, 0xff, 0xff, 0xff, 0xff, 0xff, 0xff, 0xff, 0xff, 0xff, 0xff, 0xff, 0xff, 0xff, 0xff, 0xff, 0xff, 0xff, 0xff, 0xff,
    0xff, 0xff, 0xff, 0xff, 0xff, 0xff, 0xff, 0xff, 0xff, 0xff, 0xff, 0xff, 0xff, 0xff, 0xff, 0xff, 0xff, 0xff, 0xff, 0xff, 0xff, 0xff, 0xff, 0xff, 0xff, 0xff, 0xff, 0xff, 0xff, 0xff, 0xff, 0xff, 0xff, 0xff, 0xff, 0xff, 0xff, 0xff, 0xff, 0xff,
    0xff, 0xff, 0xff, 0xff, 0xff, 0xff, 0xff, 0xff, 0xff, 0xff, 0xff, 0xff, 0xff, 0xff, 0xff, 0xff, 0xff, 0xff, 0xff, 0xff, 0xff, 0xff, 0xff, 0xff, 0xff, 0xff, 0xff, 0xff, 0xff, 0xff, 0xff, 0xff, 0xff, 0xff, 0xff, 0xff, 0xff, 0xff, 0xff, 0xff,
    0xff, 0xff, 0xff, 0xff, 0xff, 0xff, 0xff, 0xff, 0xff, 0xff, 0xff, 0xff, 0xff, 0xff, 0xff, 0xff, 0xff, 0xff, 0xff, 0xff, 0xff, 0xff, 0xff, 0xff, 0xff, 0xff, 0xff, 0xff, 0xff, 0xff, 0xff, 0xff, 0xff, 0xff, 0xff, 0xff, 0xff, 0xff, 0xff, 0xff,
    0xff, 0xff, 0xff, 0xff, 0xff, 0xff, 0xff, 0xff, 0xff, 0xff, 0xff, 0xff, 0xff, 0xff, 0xff, 0xff, 0xff, 0xff, 0xff, 0xff, 0xff, 0xff, 0xff, 0xff, 0xff, 0xff, 0xff, 0xff, 0xff, 0xff, 0xff, 0xff, 0xff, 0xff, 0xff, 0xff, 0xff, 0xff, 0xdf, 0xff,
    0xff, 0xff, 0xff, 0xff, 0xff, 0xff, 0xff, 0xff, 0xff, 0xff, 0xff, 0xff, 0xff, 0xff, 0xff, 0xff, 0xff, 0xff, 0xff, 0xff, 0xff, 0xff, 0xff, 0xff, 0xff, 0xff, 0xff, 0xff, 0xff, 0xff, 0xff, 0xff, 0xff, 0xff, 0xff, 0xff, 0xff, 0xff, 0xff, 0xff,
    0xff, 0xff, 0xff, 0xff, 0xff, 0xff, 0xff, 0xff, 0xff, 0xff, 0xff, 0xff, 0xff, 0xff, 0xff, 0xff, 0xff, 0xff, 0xff, 0xff, 0xff, 0xff, 0xff, 0xff, 0xff, 0xff, 0xff, 0xff, 0xff, 0xff, 0xff, 0xff, 0xff, 0xff, 0xff, 0xff, 0xff, 0xff, 0xff, 0xff,
    0xff, 0xff, 0xff, 0xff, 0xff, 0xff, 0xff, 0xff, 0xff, 0xff, 0xff, 0xff, 0xff, 0xff, 0xff, 0xff, 0xff, 0xff, 0xff, 0xff, 0xff, 0xff, 0xff, 0xff, 0xff, 0xff, 0xff, 0xff, 0xff, 0xff, 0xff, 0xff, 0xff, 0xff, 0xff, 0xff, 0xff, 0xff, 0xff, 0xff,
    0xff, 0xff, 0xff, 0xff, 0xff, 0xff, 0xff, 0xff, 0xff, 0xff, 0xff, 0xff, 0xff, 0xff, 0xff, 0xff, 0xff, 0xff, 0xff, 0xff, 0xff, 0xff, 0xff, 0xff, 0xff, 0xff, 0xff, 0xff, 0xff, 0xff, 0xff, 0xff, 0xff, 0xff, 0xff, 0xff, 0xff, 0xff, 0xff, 0xff,
    0xff, 0xff, 0xff, 0xff, 0xfe, 0xff, 0xff, 0xff, 0xff, 0xff, 0xff, 0xff, 0xff, 0xff, 0xff, 0xff, 0xff, 0xff, 0xff, 0xff, 0xff, 0xff, 0xff, 0xff, 0xff, 0xff, 0xff, 0xff, 0xff, 0xff, 0xff, 0xff, 0xff, 0xff, 0xff, 0xff, 0xff, 0xff, 0xff, 0xff,
    0xff, 0xff, 0xff, 0xff, 0xff, 0xff, 0xff, 0xff, 0xff, 0xff, 0xff, 0xff, 0xff, 0xff, 0xff, 0xff, 0xff, 0xff, 0xff, 0xff, 0xff, 0xff, 0xff, 0xff, 0xff, 0xff, 0xff, 0xff, 0xff, 0xff, 0xff, 0xff, 0xff, 0xff, 0xff, 0xff, 0xff, 0xff, 0xff, 0xff,
    0xff, 0xff, 0xff, 0xff, 0xff, 0xff, 0xff, 0xff, 0xff, 0xff, 0xff, 0xff, 0xff, 0xff, 0xff, 0xff, 0xff, 0xff, 0xff, 0xff, 0xff, 0xff, 0xff, 0xff, 0xff, 0xff, 0xff, 0xff, 0xff, 0xff, 0xff, 0xff, 0xff, 0xff, 0xff, 0xff, 0xff, 0xff, 0xff, 0xff,
    0xff, 0xff, 0xff, 0xff, 0xff, 0xff, 0xff, 0xff, 0xff, 0xff, 0xff, 0xff, 0xff, 0xff, 0xff, 0xff, 0xff, 0xff, 0xff, 0xff, 0xff, 0xff, 0xff, 0xff, 0xff, 0xff, 0xff, 0xff, 0xff, 0xff, 0xff, 0xff, 0xff, 0xff, 0xff, 0xff, 0xff, 0xff, 0xff, 0xff,
    0xff, 0xff, 0xff, 0xff, 0xff, 0xff, 0xff, 0xff, 0xff, 0xff, 0xff, 0xff, 0xff, 0xff, 0xff, 0xff, 0xff, 0xff, 0xff, 0xff, 0xff, 0xff, 0xff, 0xff, 0xff, 0xff, 0xff, 0xff, 0xff, 0xff, 0xff, 0xff, 0xff, 0xff, 0xff, 0xff, 0xff, 0xff, 0xff, 0xff,
    0xff, 0xff, 0xff, 0xff, 0xff, 0xff, 0xff, 0xff, 0xff, 0xff, 0xff, 0xff, 0xff, 0xff, 0xff, 0xff, 0xff, 0xff, 0xff, 0xff, 0xff, 0xff, 0xff, 0xff, 0xff, 0xff, 0xff, 0xff, 0xff, 0xff, 0xff, 0xff, 0xff, 0xff, 0xff, 0xff, 0xff, 0xff, 0xff, 0xff,
    0xff, 0xff, 0xff, 0xff, 0xff, 0xff, 0xff, 0xff, 0xff, 0xff, 0xff, 0xff, 0xff, 0xff, 0xff, 0xff, 0xff, 0xff, 0xff, 0xff, 0xff, 0xff, 0xff, 0xff, 0xff, 0xff, 0xff, 0xff, 0xff, 0xff, 0xff, 0xff, 0xff, 0xff, 0xff, 0xff, 0xff, 0xff, 0xff, 0xff,
    0xff, 0xff, 0xff, 0xff, 0xff, 0xff, 0xff, 0xff, 0xff, 0xff, 0xff, 0xff, 0xff, 0xff, 0xff, 0xff, 0xff, 0xff, 0xff, 0xff, 0xff, 0xff, 0xff, 0xff, 0xff, 0xff, 0xff, 0xff, 0xff, 0xff, 0xff, 0xff, 0xff, 0xff, 0xff, 0xff, 0xff, 0xff, 0xff, 0xff,
    0xff, 0xff, 0xff, 0xff, 0xff, 0xff, 0xff, 0xff, 0xff, 0xff, 0xff, 0xff, 0xff, 0xff, 0xff, 0xff, 0xff, 0xff, 0xff, 0xff, 0xff, 0xff, 0xff, 0xff, 0xff, 0xff, 0xff, 0xff, 0xff, 0xff, 0xff, 0xff, 0xff, 0xff, 0xff, 0xff, 0xff, 0xff, 0xff, 0xff,
    0xff, 0xff, 0xff, 0xff, 0xff, 0xff, 0xff, 0xff, 0xff, 0xff, 0xff, 0xff, 0xff, 0xff, 0xff, 0xff, 0xff, 0xff, 0xff, 0xff, 0xff, 0xff, 0xff, 0xff, 0xff, 0xff, 0xff, 0xff, 0xff, 0xff, 0xff, 0xff, 0xff, 0xff, 0xff, 0xff, 0xff, 0xff, 0xff, 0xff,
    0xff, 0xff, 0xff, 0xff, 0xff, 0xff, 0xff, 0xff, 0xff, 0xff, 0xff, 0xff, 0xff, 0xff, 0xff, 0xff, 0xff, 0xff, 0xff, 0xff, 0xff, 0xff, 0xff, 0xff, 0xff, 0xff, 0xff, 0xff, 0xff, 0xff, 0xff, 0xff, 0xff, 0xff, 0xff, 0xff, 0xff, 0xff, 0xff, 0xff,
    0xff, 0xff, 0xff, 0xff, 0xff, 0xff, 0xff, 0xff, 0xff, 0xff, 0xff, 0xff, 0xff, 0xff, 0xff, 0xff, 0xff, 0xff, 0xff, 0xff, 0xff, 0xff, 0xff, 0xff, 0xff, 0xff, 0xff, 0xff, 0xff, 0xff, 0xff, 0xff, 0xff, 0xff, 0xff, 0xff, 0xff, 0xff, 0xff, 0xff,
    0xff, 0xff, 0xff, 0xff, 0xff, 0xff, 0xff, 0xff, 0xff, 0xff, 0xff, 0xff, 0xff, 0xff, 0xff, 0xff, 0xff, 0xff, 0xff, 0xff, 0xff, 0xff, 0xff, 0xff, 0xff, 0xff, 0xff, 0xff, 0xff, 0xff, 0xff, 0xff, 0xff, 0xff, 0xff, 0xff, 0xff, 0xff, 0xff, 0xff,
    0xff, 0xff, 0xff, 0xff, 0xff, 0xff, 0xff, 0xff, 0xff, 0xff, 0xff, 0xff, 0xff, 0xff, 0xff, 0xff, 0xff, 0xff, 0xff, 0xff, 0xff, 0xff, 0xff, 0xff, 0xff, 0xff, 0xff, 0xff, 0xff, 0xff, 0xff, 0xff, 0xff, 0xff, 0xff, 0xff, 0xff, 0xff, 0xff, 0xff,
    0xff, 0xff, 0xff, 0xff, 0xff, 0xff, 0xff, 0xff, 0xff, 0xff, 0xff, 0xff, 0xff, 0xff, 0xff, 0xff, 0xff, 0xff, 0xff, 0xff, 0xff, 0xff, 0xff, 0xff, 0xff, 0xff, 0xff, 0xff, 0xff, 0xff, 0xff, 0xff, 0xff, 0xff, 0xff, 0xff, 0xff, 0xff, 0xff, 0xff,
    0xff, 0xff, 0xff, 0xff, 0xff, 0xff, 0xff, 0xff, 0xff, 0xff, 0xff, 0xff, 0xff, 0xff, 0xff, 0xff, 0xff, 0xff, 0xff, 0xff, 0xff, 0xff, 0xff, 0xff, 0xff, 0xff, 0xff, 0xff, 0xff, 0xff, 0xff, 0xff, 0xff, 0xff, 0xff, 0xff, 0xfe, 0xff, 0xff, 0xff,
    0xff, 0xff, 0xff, 0xff, 0xff, 0xff, 0xff, 0xff, 0xff, 0xff, 0xff, 0xff, 0xff, 0xff, 0xff, 0xff, 0xff, 0xff, 0xff, 0xff, 0xff, 0xff, 0xff, 0xff, 0xff, 0xff, 0xff, 0xff, 0xff, 0xff, 0xff, 0xff, 0xff, 0xff, 0xff, 0xff, 0xff, 0xff, 0xff, 0xff,
    0xff, 0xff, 0xff, 0xff, 0xff, 0xff, 0xff, 0xff, 0xff, 0xff, 0xff, 0xff, 0xff, 0xff, 0xff, 0xff, 0xff, 0xff, 0xff, 0xff, 0xff, 0xff, 0xff, 0xff, 0xff, 0xff, 0xff, 0xff, 0xff, 0xff, 0xff, 0xff, 0xff, 0xff, 0xff, 0xff, 0xff, 0xff, 0xff, 0xff,
    0xff, 0xff, 0xff, 0xff, 0xff, 0xff, 0xff, 0xff, 0xff, 0xff, 0xff, 0xff, 0xff, 0xff, 0xff, 0xff, 0xff, 0xff, 0xff, 0xff, 0xff, 0xff, 0xff, 0xff, 0xff, 0xff, 0xff, 0xff, 0xff, 0xff, 0xff, 0xff, 0xff, 0xff, 0xff, 0xff, 0xff, 0xff, 0xff, 0xff,
    0xff, 0xff, 0xff, 0xff, 0xff, 0xff, 0xff, 0xff, 0xff, 0xff, 0xff, 0xff, 0xff, 0xff, 0xff, 0xff, 0xff, 0xff, 0xff, 0xff, 0xff, 0xff, 0xff, 0xff, 0xff, 0xff, 0xff, 0xff, 0xff, 0xff, 0xff, 0xff, 0xff, 0xff, 0xff, 0xff, 0xff, 0xff, 0xff, 0xff,
    0xff, 0xff, 0xff, 0xff, 0xff, 0xff, 0xff, 0xff, 0xff, 0xff, 0xff, 0xff, 0xff, 0xff, 0xff, 0xff, 0xff, 0xff, 0xff, 0xff, 0xff, 0xff, 0xff, 0xff, 0xff, 0xff, 0xff, 0xff, 0xff, 0xff, 0xff, 0xff, 0xff, 0xff, 0xff, 0xff, 0xff, 0xff, 0xff, 0xff,
    0xff, 0xff, 0xff, 0xff, 0xff, 0xff, 0xff, 0xff, 0xff, 0xff, 0xff, 0xff, 0xff, 0xff, 0xff, 0xff, 0xff, 0xff, 0xff, 0xff, 0xff, 0xff, 0xff, 0xff, 0xff, 0xff, 0xff, 0xff, 0xff, 0xff, 0xff, 0xff, 0xff, 0xff, 0xff, 0xff, 0xff, 0xff, 0xff, 0xff,
    0xff, 0xff, 0xff, 0xff, 0xff, 0xff, 0xff, 0xff, 0xff, 0xff, 0xff, 0xff, 0xff, 0xff, 0xff, 0xff, 0xff, 0xff, 0xff, 0xff, 0xff, 0xff, 0xff, 0xff, 0xff, 0xff, 0xff, 0xff, 0xff, 0xff, 0xff, 0xff, 0xff, 0xff, 0xff, 0xff, 0xff, 0xff, 0xff, 0xff,
    0xff, 0xff, 0xff, 0xff, 0xff, 0xff, 0xff, 0xff, 0xff, 0xff, 0xff, 0xff, 0xff, 0xff, 0xff, 0xff, 0xff, 0xff, 0xff, 0xff, 0xff, 0xff, 0xff, 0xff, 0xff, 0xff, 0xff, 0xff, 0xff, 0xff, 0xff, 0xff, 0xff, 0xff, 0xff, 0xff, 0xff, 0xff, 0xff, 0xff,
    0xff, 0xff, 0xff, 0xff, 0xff, 0xff, 0xff, 0xff, 0xff, 0xff, 0xff, 0xff, 0xff, 0xff, 0xff, 0xff, 0xff, 0xff, 0xff, 0xff, 0xff, 0xff, 0xff, 0xff, 0xff, 0xff, 0xff, 0xff, 0xff, 0xff, 0xff, 0xff, 0xff, 0xff, 0xff, 0xff, 0xff, 0xff, 0xff, 0xff,
    0xff, 0xff, 0xff, 0xff, 0xff, 0xff, 0xff, 0xff, 0xff, 0xff, 0xff, 0xff, 0xff, 0xff, 0xff, 0xff, 0xff, 0xff, 0xff, 0xff, 0xff, 0xff, 0xff, 0xff, 0xff, 0xff, 0xff, 0xff, 0xff, 0xff, 0xff, 0xff, 0xff, 0xff, 0xff, 0xff, 0xff, 0xff, 0xff, 0xff,
    0xff, 0xff, 0xff, 0xff, 0xff, 0xff, 0xff, 0xff, 0xff, 0xff, 0xff, 0xff, 0xff, 0xff, 0xff, 0xff, 0xff, 0xff, 0xff, 0xff, 0xff, 0xff, 0xff, 0xff, 0xff, 0xff, 0xff, 0xff, 0xff, 0xff, 0xff, 0xff, 0xff, 0xff, 0xff, 0xff, 0xff, 0xff, 0xff, 0xff,
    0xff, 0xff, 0xff, 0xff, 0xff, 0xff, 0xff, 0xff, 0xff, 0xff, 0xff, 0xff, 0xff, 0xff, 0xff, 0xff, 0xff, 0xff, 0xff, 0xff, 0xff, 0xff, 0xff, 0xff, 0xff, 0xff, 0xff, 0xff, 0xff, 0xff, 0xff, 0xff, 0xff, 0xff, 0xff, 0xff, 0xff, 0xff, 0xff, 0xff,
    0xff, 0xff, 0xff, 0xff, 0xff, 0xff, 0xff, 0xff, 0xff, 0xff, 0xff, 0xff, 0xff, 0xff, 0xff, 0xff, 0xff, 0xff, 0xff, 0xff, 0xff, 0xff, 0xff, 0xff, 0xff, 0xff, 0xff, 0xff, 0xff, 0xff, 0xff, 0xff, 0xff, 0xff, 0xff, 0xff, 0xff, 0xff, 0xff, 0xff,
    0xff, 0xff, 0xff, 0xff, 0xff, 0xff, 0xff, 0xff, 0xff, 0xff, 0xff, 0xff, 0xff, 0xff, 0xff, 0xff, 0xff, 0xff, 0xff, 0xff, 0xff, 0xff, 0xff, 0xff, 0xff, 0xff, 0xff, 0xff, 0xff, 0xff, 0xff, 0xff, 0xff, 0xff, 0xff, 0xff, 0xff, 0xff, 0xff, 0xff,
    0xff, 0xff, 0xff, 0xff, 0xff, 0xff, 0xff, 0xff, 0xff, 0xff, 0xff, 0xff, 0xff, 0xff, 0xff, 0xff, 0xff, 0xff, 0xff, 0xff, 0xff, 0xff, 0xff, 0xff, 0xff, 0xff, 0xff, 0xff, 0xff, 0xff, 0xff, 0xff, 0xff, 0xff, 0xff, 0xff, 0xff, 0xff, 0xff, 0xff,
    0xff, 0xff, 0xff, 0xff, 0xff, 0xff, 0xff, 0xff, 0xff, 0xff, 0xff, 0xff, 0xff, 0xff, 0xff, 0xff, 0xff, 0xff, 0xff, 0xff, 0xff, 0xff, 0xff, 0xff, 0xff, 0xff, 0xff, 0xff, 0xff, 0xff, 0xff, 0xff, 0xff, 0xff, 0xff, 0xff, 0xff, 0xff, 0xff, 0xff,
    0xff, 0xff, 0xff, 0xff, 0xff, 0xff, 0xff, 0xff, 0xff, 0xff, 0xff, 0xff, 0xff, 0xff, 0xff, 0xff, 0xff, 0xff, 0xff, 0xff, 0xff, 0xff, 0xff, 0xff, 0xff, 0xff, 0xff, 0xff, 0xff, 0xff, 0xff, 0xff, 0xff, 0xff, 0xff, 0xff, 0xff, 0xff, 0xff, 0xff,
    0xff, 0xff, 0xff, 0xff, 0xff, 0xff, 0xff, 0xff, 0xff, 0xff, 0xff, 0xff, 0xff, 0xff, 0xff, 0xff, 0xff, 0xff, 0xff, 0xff, 0xff, 0xff, 0xff, 0xff, 0xff, 0xff, 0xff, 0xff, 0xff, 0xff, 0xff, 0xff, 0xff, 0xff, 0xff, 0xff, 0xff, 0xff, 0xff, 0xff,
    0xff, 0xff, 0xff, 0xff, 0xff, 0xff, 0xff, 0xff, 0xff, 0xff, 0xff, 0xff, 0xff, 0xff, 0xff, 0xff, 0xff, 0xff, 0xff, 0xff, 0xff, 0xff, 0xff, 0xff, 0xff, 0xff, 0xff, 0xff, 0xff, 0xff, 0xff, 0xff, 0xff, 0xff, 0xff, 0xff, 0xff, 0xff, 0xff, 0xff,
    0xff, 0xff, 0xff, 0xff, 0xff, 0xff, 0xff, 0xff, 0xff, 0xff, 0xff, 0xff, 0xff, 0xff, 0xff, 0xff, 0xff, 0xff, 0xff, 0xff, 0xff, 0xff, 0xff, 0xff, 0xff, 0xff, 0xff, 0xff, 0xff, 0xff, 0xff, 0xff, 0xff, 0xff, 0xff, 0xff, 0xff, 0xff, 0xff, 0xff,
    0xff, 0xff, 0xff, 0xff, 0xff, 0xff, 0xff, 0xff, 0xff, 0xff, 0xff, 0xff, 0xff, 0xff, 0xff, 0xff, 0xff, 0xff, 0xff, 0xff, 0xff, 0xff, 0xff, 0xff, 0xff, 0xff, 0xff, 0xff, 0xff, 0xff, 0xff, 0xff, 0xff, 0xff, 0xff, 0xff, 0xff, 0xff, 0xff, 0xff,
    0xff, 0xff, 0xff, 0xff, 0xff, 0xff, 0xff, 0xff, 0xff, 0xff, 0xff, 0xff, 0xff, 0xff, 0xff, 0xff, 0xff, 0xff, 0xff, 0xff, 0xff, 0xff, 0xff, 0xff, 0xff, 0xff, 0xff, 0xff, 0xff, 0xff, 0xff, 0xff, 0xff, 0xff, 0xff, 0xff, 0xff, 0xff, 0xdf, 0xff,
    0xff, 0xff, 0xff, 0xff, 0xff, 0xff, 0xff, 0xff, 0xff, 0xff, 0xff, 0xff, 0xff, 0xff, 0xff, 0xff, 0xff, 0xff, 0xff, 0xff, 0xff, 0xff, 0xff, 0xff, 0xff, 0xff, 0xff, 0xff, 0xff, 0xff, 0xff, 0xff, 0xff, 0xff, 0xff, 0xff, 0xff, 0xff, 0xff, 0xff,
    0xff, 0xff, 0xff, 0xff, 0xff, 0xff, 0xff, 0xff, 0xff, 0xff, 0xff, 0xff, 0xff, 0xff, 0xff, 0xff, 0xff, 0xff, 0xff, 0xff, 0xff, 0xff, 0xff, 0xff, 0xff, 0xff, 0xff, 0xff, 0xff, 0xff, 0xff, 0xff, 0xff, 0xff, 0xff, 0xff, 0xff, 0xff, 0xff, 0xff,
    0xff, 0xff, 0xff, 0xff, 0xff, 0xff, 0xff, 0xff, 0xff, 0xff, 0xff, 0xff, 0xff, 0xff, 0xff, 0xff, 0xff, 0xff, 0xff, 0xff, 0xff, 0xff, 0xff, 0xff, 0xff, 0xff, 0xff, 0xff, 0xff, 0xff, 0xff, 0xff, 0xff, 0xff, 0xff, 0xff, 0xff, 0xff, 0xff, 0xff,
    0xff, 0xff, 0xff, 0xff, 0xff, 0xff, 0xff, 0xff, 0xff, 0xff, 0xff, 0xff, 0xff, 0xff, 0xff, 0xff, 0xff, 0xff, 0xff, 0xff, 0xff, 0xff, 0xff, 0xff, 0xff, 0xff, 0xff, 0xff, 0xff, 0xff, 0xff, 0xff, 0xff, 0xff, 0xff, 0xff, 0xff, 0xff, 0xff, 0xff,
    0xff, 0xff, 0xff, 0xff, 0xff, 0xff, 0xff, 0xff, 0xff, 0xff, 0xff, 0xff, 0xff, 0xff, 0xde, 0xff, 0xde, 0xff, 0xff, 0xff, 0xff, 0xff, 0xff, 0xff, 0xff, 0xff, 0xff, 0xff, 0xff, 0xff, 0xff, 0xff, 0xff, 0xff, 0xff, 0xff, 0xff, 0xff, 0xff, 0xff,
    0xff, 0xff, 0xff, 0xff, 0xff, 0xff, 0xff, 0xff, 0xff, 0xff, 0xff, 0xff, 0xff, 0xff, 0xff, 0xff, 0xff, 0xff, 0xff, 0xff, 0xff, 0xff, 0xff, 0xff, 0xff, 0xff, 0xff, 0xff, 0xff, 0xff, 0xff, 0xff, 0xff, 0xff, 0xff, 0xff, 0xff, 0xff, 0xdf, 0xff,
    0xff, 0xff, 0xff, 0xff, 0xff, 0xff, 0xff, 0xff, 0xff, 0xff, 0xff, 0xff, 0xff, 0xff, 0xff, 0xff, 0xff, 0xff, 0xff, 0xff, 0xff, 0xff, 0xff, 0xff, 0xff, 0xff, 0xff, 0xff, 0xff, 0xff, 0xff, 0xff, 0xff, 0xff, 0xff, 0xff, 0xff, 0xff, 0xff, 0xff,
    0xff, 0xff, 0xff, 0xff, 0xff, 0xff, 0xff, 0xff, 0xff, 0xff, 0xff, 0xff, 0xff, 0xff, 0xff, 0xff, 0xff, 0xff, 0xff, 0xff, 0xff, 0xff, 0xff, 0xff, 0xff, 0xff, 0xff, 0xff, 0xff, 0xff, 0xff, 0xff, 0xff, 0xff, 0xff, 0xff, 0xff, 0xff, 0xff, 0xff,
    0xff, 0xff, 0xff, 0xff, 0xff, 0xff, 0xff, 0xff, 0xff, 0xff, 0xff, 0xff, 0xff, 0xff, 0xff, 0xff, 0xff, 0xff, 0xff, 0xff, 0xff, 0xff, 0xff, 0xff, 0xff, 0xff, 0xff, 0xff, 0xff, 0xff, 0xff, 0xff, 0xff, 0xff, 0xff, 0xff, 0xff, 0xff, 0xff, 0xff,
    0xff, 0xff, 0xff, 0xff, 0xff, 0xff, 0xff, 0xff, 0xff, 0xff, 0xff, 0xff, 0xff, 0xff, 0xff, 0xff, 0xff, 0xff, 0xff, 0xff, 0xff, 0xff, 0xff, 0xff, 0xff, 0xff, 0xff, 0xff, 0xff, 0xff, 0xff, 0xff, 0xff, 0xff, 0xff, 0xff, 0xff, 0xff, 0xff, 0xff,
    0xff, 0xff, 0xff, 0xff, 0xff, 0xff, 0xfe, 0xff, 0xfe, 0xff, 0xff, 0xff, 0xff, 0xff, 0xff, 0xff, 0xff, 0xff, 0xff, 0xff, 0xfe, 0xff, 0xff, 0xff, 0xff, 0xff, 0xff, 0xff, 0xff, 0xff, 0xff, 0xff, 0xff, 0xff, 0xff, 0xff, 0xff, 0xff, 0xff, 0xff,
    0xff, 0xff, 0xff, 0xff, 0xff, 0xff, 0xff, 0xff, 0xff, 0xff, 0xff, 0xff, 0xff, 0xff, 0xff, 0xff, 0xff, 0xff, 0xff, 0xff, 0xff, 0xff, 0xff, 0xff, 0xff, 0xff, 0xff, 0xff, 0xff, 0xff, 0xff, 0xff, 0xff, 0xff, 0xff, 0xff, 0xff, 0xff, 0xdf, 0xff,
    0xff, 0xff, 0xff, 0xff, 0xff, 0xff, 0xff, 0xff, 0xff, 0xff, 0xff, 0xff, 0xff, 0xff, 0xff, 0xff, 0xff, 0xff, 0xff, 0xff, 0xff, 0xff, 0xff, 0xff, 0xff, 0xff, 0xff, 0xff, 0xff, 0xff, 0xff, 0xff, 0xff, 0xff, 0xff, 0xff, 0xff, 0xff, 0xff, 0xff,
    0xff, 0xff, 0xff, 0xff, 0xff, 0xff, 0xff, 0xff, 0xff, 0xff, 0xff, 0xff, 0xff, 0xff, 0xff, 0xff, 0xff, 0xff, 0xff, 0xff, 0xff, 0xff, 0xff, 0xff, 0xff, 0xff, 0xff, 0xff, 0xff, 0xff, 0xff, 0xff, 0xff, 0xff, 0xff, 0xff, 0xff, 0xff, 0xff, 0xff,
    0xff, 0xff, 0xff, 0xff, 0xff, 0xff, 0xff, 0xff, 0xff, 0xff, 0xff, 0xff, 0xff, 0xff, 0xff, 0xff, 0xff, 0xff, 0xff, 0xff, 0xff, 0xff, 0xff, 0xff, 0xff, 0xff, 0xff, 0xff, 0xff, 0xff, 0xff, 0xff, 0xff, 0xff, 0xff, 0xff, 0xff, 0xff, 0xff, 0xff,
    0xff, 0xff, 0xff, 0xff, 0xff, 0xff, 0xff, 0xff, 0xff, 0xff, 0xff, 0xff, 0xff, 0xff, 0xff, 0xff, 0xff, 0xff, 0xff, 0xff, 0xff, 0xff, 0xff, 0xff, 0xff, 0xff, 0xff, 0xff, 0xff, 0xff, 0xff, 0xff, 0xff, 0xff, 0xff, 0xff, 0xff, 0xff, 0xff, 0xff,
    0xff, 0xff, 0xfe, 0xff, 0xff, 0xff, 0xff, 0xff, 0xff, 0xff, 0xbe, 0xf7, 0xba, 0xd6, 0xf7, 0xbd, 0x18, 0xc6, 0x3c, 0xe7, 0xff, 0xff, 0xff, 0xff, 0xfe, 0xff, 0xff, 0xff, 0xff, 0xff, 0xff, 0xff, 0xff, 0xff, 0xff, 0xff, 0xff, 0xff, 0xff, 0xff,
    0xff, 0xff, 0xff, 0xff, 0xff, 0xff, 0xff, 0xff, 0xfe, 0xff, 0xff, 0xff, 0xfe, 0xff, 0xfe, 0xff, 0xff, 0xff, 0xff, 0xff, 0xff, 0xff, 0xff, 0xff, 0xff, 0xff, 0xff, 0xff, 0xff, 0xff, 0xff, 0xff, 0xff, 0xff, 0xff, 0xff, 0xff, 0xff, 0xdf, 0xff,
    0xff, 0xff, 0xff, 0xff, 0xff, 0xff, 0xff, 0xff, 0xff, 0xff, 0xff, 0xff, 0xff, 0xff, 0xff, 0xff, 0xff, 0xff, 0xff, 0xff, 0xff, 0xff, 0xff, 0xff, 0xff, 0xff, 0xff, 0xff, 0xff, 0xff, 0xff, 0xff, 0xff, 0xff, 0xff, 0xff, 0xff, 0xff, 0xff, 0xff,
    0xff, 0xff, 0xff, 0xff, 0xff, 0xff, 0xff, 0xff, 0xff, 0xff, 0xff, 0xff, 0xff, 0xff, 0xff, 0xff, 0xff, 0xff, 0xff, 0xff, 0xff, 0xff, 0xff, 0xff, 0xff, 0xff, 0xff, 0xff, 0xff, 0xff, 0xff, 0xff, 0xff, 0xff, 0xff, 0xff, 0xff, 0xff, 0xff, 0xff,
    0xff, 0xff, 0xff, 0xff, 0xff, 0xff, 0xff, 0xff, 0xff, 0xff, 0xff, 0xff, 0xff, 0xff, 0xff, 0xff, 0xff, 0xff, 0xff, 0xff, 0xff, 0xff, 0xff, 0xff, 0xff, 0xff, 0xff, 0xff, 0xff, 0xff, 0xff, 0xff, 0xff, 0xff, 0xff, 0xff, 0xff, 0xff, 0xff, 0xff,
    0xff, 0xff, 0xff, 0xff, 0xff, 0xff, 0xff, 0xff, 0xff, 0xff, 0xff, 0xff, 0xff, 0xff, 0xff, 0xff, 0xff, 0xff, 0xff, 0xff, 0xff, 0xff, 0xff, 0xff, 0xff, 0xff, 0xff, 0xff, 0xff, 0xff, 0xff, 0xff, 0xff, 0xff, 0xff, 0xff, 0xff, 0xff, 0xfe, 0xff,
    0xff, 0xff, 0xff, 0xff, 0xff, 0xff, 0xb6, 0xb5, 0xeb, 0x5a, 0x04, 0x21, 0x00, 0x00, 0x00, 0x00, 0x00, 0x00, 0x82, 0x10, 0xaa, 0x52, 0x9a, 0xd6, 0xff, 0xff, 0xde, 0xff, 0xff, 0xff, 0xff, 0xff, 0xff, 0xff, 0xff, 0xff, 0xff, 0xff, 0xff, 0xff,
    0xff, 0xff, 0xff, 0xff, 0xff, 0xff, 0xff, 0xff, 0xff, 0xff, 0xff, 0xff, 0xff, 0xff, 0xff, 0xff, 0xff, 0xff, 0xff, 0xff, 0xff, 0xff, 0xff, 0xff, 0xff, 0xff, 0xff, 0xff, 0xff, 0xff, 0xff, 0xff, 0xff, 0xff, 0xff, 0xff, 0xff, 0xff, 0xde, 0xff,
    0xff, 0xff, 0xff, 0xff, 0xff, 0xff, 0xff, 0xff, 0xff, 0xff, 0xff, 0xff, 0xff, 0xff, 0xff, 0xff, 0xff, 0xff, 0xff, 0xff, 0xff, 0xff, 0xff, 0xff, 0xff, 0xff, 0xff, 0xff, 0xff, 0xff, 0xff, 0xff, 0xff, 0xff, 0xff, 0xff, 0xff, 0xff, 0xff, 0xff,
    0xff, 0xff, 0xff, 0xff, 0xff, 0xff, 0xff, 0xff, 0xff, 0xff, 0xff, 0xff, 0xff, 0xff, 0xff, 0xff, 0xff, 0xff, 0xff, 0xff, 0xff, 0xff, 0xff, 0xff, 0xff, 0xff, 0xff, 0xff, 0xff, 0xff, 0xff, 0xff, 0xff, 0xff, 0xff, 0xff, 0xff, 0xff, 0xff, 0xff,
    0xff, 0xff, 0xff, 0xff, 0xff, 0xff, 0xff, 0xff, 0xff, 0xff, 0xff, 0xff, 0xff, 0xff, 0xff, 0xff, 0xff, 0xff, 0xff, 0xff, 0xff, 0xff, 0xff, 0xff, 0xff, 0xff, 0xff, 0xff, 0xff, 0xff, 0xff, 0xff, 0xff, 0xff, 0xff, 0xff, 0xfe, 0xff, 0xff, 0xff,
    0xff, 0xff, 0xff, 0xff, 0xff, 0xff, 0xff, 0xff, 0xff, 0xff, 0xff, 0xff, 0xff, 0xff, 0xff, 0xff, 0xff, 0xff, 0xff, 0xff, 0xff, 0xff, 0xff, 0xff, 0xff, 0xff, 0xff, 0xff, 0xff, 0xff, 0xff, 0xff, 0xff, 0xff, 0xff, 0xff, 0xde, 0xff, 0xff, 0xff,
    0xff, 0xff, 0x75, 0xad, 0xc7, 0x39, 0x00, 0x00, 0x00, 0x00, 0x00, 0x00, 0xc2, 0x18, 0xc5, 0x39, 0x03, 0x21, 0x00, 0x00, 0x00, 0x00, 0x61, 0x10, 0xb6, 0xb5, 0xff, 0xff, 0xde, 0xff, 0xff, 0xff, 0xff, 0xff, 0xff, 0xff, 0xff, 0xff, 0xff, 0xff,
    0xff, 0xff, 0xff, 0xff, 0xff, 0xff, 0xff, 0xff, 0xff, 0xff, 0xff, 0xff, 0xff, 0xff, 0xff, 0xff, 0xff, 0xff, 0xff, 0xff, 0xff, 0xff, 0xff, 0xff, 0xff, 0xff, 0xff, 0xff, 0xff, 0xff, 0xff, 0xff, 0xff, 0xff, 0xff, 0xff, 0xff, 0xff, 0xdf, 0xff,
    0xff, 0xff, 0xff, 0xff, 0xff, 0xff, 0xff, 0xff, 0xff, 0xff, 0xff, 0xff, 0xff, 0xff, 0xff, 0xff, 0xff, 0xff, 0xff, 0xff, 0xff, 0xff, 0xff, 0xff, 0xff, 0xff, 0xff, 0xff, 0xff, 0xff, 0xff, 0xff, 0xff, 0xff, 0xff, 0xff, 0xff, 0xff, 0xff, 0xff,
    0xff, 0xff, 0xff, 0xff, 0xff, 0xff, 0xff, 0xff, 0xff, 0xff, 0xff, 0xff, 0xff, 0xff, 0xff, 0xff, 0xff, 0xff, 0xff, 0xff, 0xff, 0xff, 0xde, 0xff, 0xde, 0xff, 0xde, 0xff, 0xff, 0xff, 0xff, 0xff, 0xff, 0xff, 0xff, 0xff, 0xff, 0xff, 0xff, 0xff,
    0xff, 0xff, 0xff, 0xff, 0xff, 0xff, 0xff, 0xff, 0xff, 0xff, 0xff, 0xff, 0xff, 0xff, 0xff, 0xff, 0xff, 0xff, 0xff, 0xff, 0xff, 0xff, 0xff, 0xff, 0xff, 0xff, 0xff, 0xff, 0xff, 0xff, 0xff, 0xff, 0xff, 0xff, 0xff, 0xff, 0xff, 0xff, 0xff, 0xff,
    0xff, 0xff, 0xff, 0xff, 0xff, 0xff, 0xff, 0xff, 0xff, 0xff, 0xff, 0xff, 0xff, 0xff, 0xff, 0xff, 0xff, 0xff, 0xff, 0xff, 0xff, 0xff, 0xff, 0xff, 0xff, 0xff, 0xff, 0xff, 0xff, 0xff, 0xff, 0xff, 0xff, 0xff, 0xff, 0xff, 0xff, 0xff, 0x9a, 0xd6,
    0x49, 0x4a, 0x00, 0x00, 0x00, 0x00, 0x00, 0x00, 0x66, 0x52, 0x4c, 0xb5, 0x6e, 0xee, 0x6c, 0xfe, 0xea, 0xf5, 0x48, 0xac, 0xe2, 0x20, 0x00, 0x00, 0x40, 0x08, 0x17, 0xc6, 0xff, 0xff, 0xfe, 0xff, 0xff, 0xff, 0xff, 0xff, 0xff, 0xff, 0xff, 0xff,
    0xfe, 0xff, 0xff, 0xff, 0xff, 0xff, 0xff, 0xff, 0xff, 0xff, 0xff, 0xff, 0xff, 0xff, 0xff, 0xff, 0xff, 0xff, 0xff, 0xff, 0xff, 0xff, 0xff, 0xff, 0xff, 0xff, 0xff, 0xff, 0xff, 0xff, 0xff, 0xff, 0xff, 0xff, 0xff, 0xff, 0xff, 0xff, 0xdf, 0xff,
    0xff, 0xff, 0xff, 0xff, 0xff, 0xff, 0xff, 0xff, 0xff, 0xff, 0xff, 0xff, 0xff, 0xff, 0xff, 0xff, 0xff, 0xff, 0xff, 0xff, 0xff, 0xff, 0xff, 0xff, 0xff, 0xff, 0xff, 0xff, 0xff, 0xff, 0xff, 0xff, 0xff, 0xff, 0xff, 0xff, 0xff, 0xff, 0xff, 0xff,
    0xff, 0xff, 0xff, 0xff, 0xff, 0xff, 0xff, 0xff, 0xff, 0xff, 0xff, 0xff, 0xff, 0xff, 0xff, 0xff, 0xff, 0xff, 0xff, 0xff, 0xff, 0xff, 0xff, 0xff, 0xff, 0xff, 0xff, 0xff, 0xff, 0xff, 0xff, 0xff, 0xdf, 0xff, 0xff, 0xff, 0xff, 0xff, 0xff, 0xff,
    0xff, 0xff, 0xff, 0xff, 0xff, 0xff, 0xff, 0xff, 0xff, 0xff, 0xff, 0xff, 0xff, 0xff, 0xff, 0xff, 0xff, 0xff, 0xff, 0xff, 0xff, 0xff, 0xff, 0xff, 0xff, 0xff, 0xff, 0xff, 0xff, 0xff, 0xff, 0xff, 0xff, 0xff, 0xff, 0xff, 0xff, 0xff, 0xff, 0xff,
    0xff, 0xff, 0xff, 0xff, 0xff, 0xff, 0xff, 0xff, 0xff, 0xff, 0xff, 0xff, 0xff, 0xff, 0xff, 0xff, 0xff, 0xff, 0xff, 0xff, 0xff, 0xff, 0xff, 0xff, 0xff, 0xff, 0xff, 0xff, 0xff, 0xff, 0xdf, 0xff, 0xff, 0xff, 0xff, 0xff, 0x50, 0x8c, 0x61, 0x08,
    0x00, 0x00, 0x00, 0x00, 0xc4, 0x39, 0xad, 0xbd, 0x70, 0xff, 0x8b, 0xfe, 0xa8, 0xfd, 0x87, 0xfd, 0x88, 0xfd, 0x29, 0xfe, 0x09, 0xd5, 0x81, 0x10, 0x00, 0x00, 0xe3, 0x18, 0x7d, 0xef, 0xff, 0xff, 0xff, 0xff, 0xff, 0xff, 0xff, 0xff, 0xfe, 0xff,
    0xfe, 0xff, 0xfe, 0xff, 0xff, 0xff, 0xff, 0xff, 0xff, 0xff, 0xff, 0xff, 0xff, 0xff, 0xff, 0xff, 0xff, 0xff, 0xff, 0xff, 0xff, 0xff, 0xff, 0xff, 0xff, 0xff, 0xff, 0xff, 0xff, 0xff, 0xff, 0xff, 0xff, 0xff, 0xff, 0xff, 0xff, 0xff, 0xdf, 0xff,
    0xff, 0xff, 0xff, 0xff, 0xff, 0xff, 0xff, 0xff, 0xff, 0xff, 0xff, 0xff, 0xff, 0xff, 0xff, 0xff, 0xff, 0xff, 0xff, 0xff, 0xff, 0xff, 0xff, 0xff, 0xff, 0xff, 0xff, 0xff, 0xff, 0xff, 0xff, 0xff, 0xff, 0xff, 0xff, 0xff, 0xff, 0xff, 0xff, 0xff,
    0xff, 0xff, 0xff, 0xff, 0xff, 0xff, 0xff, 0xff, 0xff, 0xff, 0xff, 0xff, 0xff, 0xff, 0xff, 0xff, 0xff, 0xff, 0xff, 0xff, 0x79, 0xce, 0x34, 0xad, 0x54, 0xad, 0x18, 0xc6, 0x5d, 0xef, 0xff, 0xff, 0xff, 0xff, 0xff, 0xff, 0xff, 0xff, 0xff, 0xff,
    0xff, 0xff, 0xff, 0xff, 0xff, 0xff, 0xff, 0xff, 0xff, 0xff, 0xff, 0xff, 0xff, 0xff, 0xff, 0xff, 0xff, 0xff, 0xff, 0xff, 0xff, 0xff, 0xff, 0xff, 0xff, 0xff, 0xff, 0xff, 0xff, 0xff, 0xff, 0xff, 0xff, 0xff, 0xff, 0xff, 0xff, 0xff, 0xff, 0xff,
    0xff, 0xff, 0xff, 0xff, 0xff, 0xff, 0xff, 0xff, 0xff, 0xff, 0xff, 0xff, 0xff, 0xff, 0xff, 0xff, 0xff, 0xff, 0xff, 0xff, 0xff, 0xff, 0xff, 0xff, 0xff, 0xff, 0xff, 0xff, 0xde, 0xff, 0xff, 0xff, 0xdb, 0xde, 0x08, 0x42, 0x00, 0x00, 0x00, 0x00,
    0x82, 0x10, 0x6a, 0x9c, 0x90, 0xff, 0x0d, 0xff, 0x88, 0xf5, 0x47, 0xf5, 0x68, 0xf5, 0x88, 0xfd, 0x88, 0xfd, 0x67, 0xf5, 0x09, 0xfe, 0xc7, 0xa3, 0x00, 0x00, 0x00, 0x00, 0x0c, 0x63, 0xff, 0xff, 0xff, 0xff, 0xff, 0xff, 0xff, 0xff, 0xff, 0xff,
    0xff, 0xff, 0xff, 0xff, 0xff, 0xff, 0xff, 0xff, 0xff, 0xff, 0xff, 0xff, 0xff, 0xff, 0xff, 0xff, 0xff, 0xff, 0xff, 0xff, 0xff, 0xff, 0xff, 0xff, 0xff, 0xff, 0xff, 0xff, 0xff, 0xff, 0xff, 0xff, 0xff, 0xff, 0xff, 0xff, 0xff, 0xff, 0xdf, 0xff,
    0xff, 0xff, 0xff, 0xff, 0xff, 0xff, 0xff, 0xff, 0xff, 0xff, 0xff, 0xff, 0xff, 0xff, 0xff, 0xff, 0xff, 0xff, 0xff, 0xff, 0xff, 0xff, 0xff, 0xff, 0xfe, 0xff, 0xff, 0xff, 0xff, 0xff, 0xff, 0xff, 0xff, 0xff, 0xff, 0xff, 0xff, 0xff, 0xff, 0xff,
    0xff, 0xff, 0xff, 0xff, 0xff, 0xff, 0xff, 0xff, 0xff, 0xff, 0xff, 0xff, 0xfe, 0xff, 0xff, 0xff, 0xdb, 0xde, 0x48, 0x4a, 0x00, 0x00, 0x00, 0x00, 0x00, 0x00, 0x00, 0x00, 0xc2, 0x18, 0x69, 0x4a, 0x91, 0x94, 0xfb, 0xde, 0xff, 0xff, 0xff, 0xff,
    0xff, 0xff, 0xfe, 0xff, 0xff, 0xff, 0xff, 0xff, 0xff, 0xff, 0xff, 0xff, 0xff, 0xff, 0xff, 0xff, 0xff, 0xff, 0xff, 0xff, 0xff, 0xff, 0xff, 0xff, 0xff, 0xff, 0xff, 0xff, 0xff, 0xff, 0xff, 0xff, 0xff, 0xff, 0xff, 0xff, 0xff, 0xff, 0xff, 0xff,
    0xff, 0xff, 0xff, 0xff, 0xff, 0xff, 0xff, 0xff, 0xff, 0xff, 0xff, 0xff, 0xff, 0xff, 0xff, 0xff, 0xff, 0xff, 0xff, 0xff, 0xff, 0xff, 0xff, 0xff, 0xff, 0xff, 0xff, 0xff, 0xff, 0xff, 0x96, 0xb5, 0xa2, 0x10, 0x00, 0x00, 0x00, 0x00, 0x05, 0x4a,
    0x6e, 0xde, 0xb0, 0xff, 0x4b, 0xfe, 0x67, 0xf5, 0x68, 0xfd, 0x68, 0xfd, 0xa8, 0xfd, 0x89, 0xfd, 0x6a, 0xfd, 0x4c, 0xf5, 0x0c, 0xf5, 0x8d, 0xfd, 0x84, 0x49, 0x00, 0x00, 0x00, 0x00, 0x58, 0xce, 0xff, 0xff, 0xff, 0xff, 0xff, 0xff, 0xff, 0xff,
    0xff, 0xff, 0xff, 0xff, 0xff, 0xff, 0xff, 0xff, 0xff, 0xff, 0xff, 0xff, 0xff, 0xff, 0xff, 0xff, 0xff, 0xff, 0xff, 0xff, 0xff, 0xff, 0xff, 0xff, 0xff, 0xff, 0xff, 0xff, 0xff, 0xff, 0xff, 0xff, 0xff, 0xff, 0xff, 0xff, 0xff, 0xff, 0xdf, 0xff,
    0xff, 0xff, 0xff, 0xff, 0xff, 0xff, 0xff, 0xff, 0xff, 0xff, 0xff, 0xff, 0xff, 0xff, 0xff, 0xff, 0xff, 0xff, 0xff, 0xff, 0xfe, 0xff, 0xfe, 0xff, 0xfe, 0xff, 0xff, 0xff, 0xff, 0xff, 0xff, 0xff, 0xff, 0xff, 0xff, 0xff, 0xff, 0xff, 0xff, 0xff,
    0xff, 0xff, 0xff, 0xff, 0xff, 0xff, 0xff, 0xff, 0xff, 0xff, 0xde, 0xff, 0xff, 0xff, 0xfb, 0xde, 0xe3, 0x18, 0x00, 0x00, 0x23, 0x29, 0xe7, 0x6a, 0xe7, 0x62, 0x64, 0x31, 0x00, 0x00, 0x00, 0x00, 0x00, 0x00, 0x81, 0x10, 0xaa, 0x5a, 0x18, 0xc6,
    0xff, 0xff, 0xff, 0xff, 0xff, 0xff, 0xff, 0xff, 0xff, 0xff, 0xff, 0xff, 0xff, 0xff, 0xff, 0xff, 0xff, 0xff, 0xff, 0xff, 0xff, 0xff, 0xff, 0xff, 0xff, 0xff, 0xff, 0xff, 0xff, 0xff, 0xff, 0xff, 0xff, 0xff, 0xff, 0xff, 0xff, 0xff, 0xff, 0xff,
    0xff, 0xff, 0xff, 0xff, 0xff, 0xff, 0xff, 0xff, 0xff, 0xff, 0xff, 0xff, 0xff, 0xff, 0xff, 0xff, 0xff, 0xff, 0xff, 0xff, 0xff, 0xff, 0xff, 0xff, 0xff, 0xff, 0xff, 0xff, 0x51, 0x8c, 0x00, 0x00, 0x00, 0x00, 0x00, 0x00, 0x88, 0x7b, 0x6f, 0xff,
    0x4e, 0xff, 0xea, 0xfd, 0x67, 0xfd, 0x68, 0xfd, 0x88, 0xfd, 0x89, 0xfd, 0x69, 0xcc, 0x0d, 0xf5, 0x0e, 0xf5, 0x0e, 0xf5, 0xee, 0xf4, 0x4f, 0xfd, 0x4c, 0xcc, 0x20, 0x00, 0x00, 0x00, 0x07, 0x42, 0xff, 0xff, 0xff, 0xff, 0xff, 0xff, 0xff, 0xff,
    0xff, 0xff, 0xff, 0xff, 0xff, 0xff, 0xff, 0xff, 0xff, 0xff, 0xff, 0xff, 0xfe, 0xff, 0xff, 0xff, 0xff, 0xff, 0xff, 0xff, 0xff, 0xff, 0xff, 0xff, 0xff, 0xff, 0xff, 0xff, 0xff, 0xff, 0xff, 0xff, 0xff, 0xff, 0xff, 0xff, 0xff, 0xff, 0xdf, 0xff,
    0xff, 0xff, 0xff, 0xff, 0xff, 0xff, 0xff, 0xff, 0xff, 0xff, 0xff, 0xff, 0xff, 0xff, 0xff, 0xff, 0xff, 0xff, 0xff, 0xff, 0xff, 0xff, 0xff, 0xff, 0xff, 0xff, 0xff, 0xff, 0xff, 0xff, 0xff, 0xff, 0xff, 0xff, 0xff, 0xff, 0xff, 0xff, 0xff, 0xff,
    0xff, 0xff, 0xff, 0xff, 0xff, 0xff, 0xff, 0xff, 0xff, 0xff, 0xff, 0xff, 0xff, 0xff, 0x08, 0x42, 0x00, 0x00, 0x45, 0x5a, 0x0b, 0xf6, 0x4a, 0xfe, 0x4b, 0xfe, 0x6d, 0xfe, 0xad, 0xcd, 0x68, 0x73, 0xe2, 0x18, 0x00, 0x00, 0x00, 0x00, 0x00, 0x00,
    0x49, 0x4a, 0x17, 0xc6, 0xff, 0xff, 0xff, 0xff, 0xde, 0xff, 0xff, 0xff, 0xff, 0xff, 0xff, 0xff, 0xff, 0xff, 0xff, 0xff, 0xff, 0xff, 0xff, 0xff, 0xff, 0xff, 0xff, 0xff, 0xff, 0xff, 0xff, 0xff, 0xff, 0xff, 0xff, 0xff, 0xff, 0xff, 0xba, 0xd6,
    0xff, 0xff, 0xff, 0xff, 0xff, 0xff, 0xff, 0xff, 0xdf, 0xff, 0xff, 0xff, 0xff, 0xff, 0xff, 0xff, 0xff, 0xff, 0xff, 0xff, 0xff, 0xff, 0xff, 0xff, 0xff, 0xff, 0x4d, 0x6b, 0x00, 0x00, 0x00, 0x00, 0x61, 0x10, 0xeb, 0xac, 0xaf, 0xff, 0x0e, 0xff,
    0xea, 0xfd, 0x67, 0xfd, 0x68, 0xfd, 0xa9, 0xfd, 0x29, 0xed, 0xc4, 0x49, 0x2a, 0x93, 0x2f, 0xfd, 0xed, 0xf4, 0x0e, 0xfd, 0x0e, 0xf5, 0x0e, 0xf5, 0x6f, 0xfd, 0xa5, 0x49, 0x00, 0x00, 0x00, 0x00, 0x38, 0xc6, 0xff, 0xff, 0xde, 0xff, 0xff, 0xff,
    0xff, 0xff, 0xff, 0xff, 0xff, 0xff, 0xff, 0xff, 0xff, 0xff, 0xfe, 0xff, 0xfe, 0xff, 0xff, 0xff, 0xff, 0xff, 0xff, 0xff, 0xff, 0xff, 0xff, 0xff, 0xff, 0xff, 0xff, 0xff, 0xff, 0xff, 0xff, 0xff, 0xff, 0xff, 0xff, 0xff, 0xff, 0xff, 0xdf, 0xff,
    0xff, 0xff, 0xff, 0xff, 0xff, 0xff, 0xff, 0xff, 0xff, 0xff, 0xff, 0xff, 0xff, 0xff, 0xff, 0xff, 0xff, 0xff, 0xff, 0xff, 0xff, 0xff, 0xff, 0xff, 0xff, 0xff, 0xfe, 0xff, 0xfe, 0xff, 0xff, 0xff, 0xff, 0xff, 0xff, 0xff, 0xff, 0xff, 0xff, 0xff,
    0xff, 0xff, 0xff, 0xff, 0xff, 0xff, 0xff, 0xff, 0xde, 0xff, 0xff, 0xff, 0x96, 0xb5, 0x00, 0x00, 0x02, 0x29, 0xa9, 0xf5, 0xa7, 0xfd, 0x47, 0xf5, 0x47, 0xf5, 0x67, 0xfd, 0xe9, 0xfd, 0xcd, 0xfe, 0x8e, 0xee, 0xe9, 0x8b, 0xc2, 0x18, 0x00, 0x00,
    0x00, 0x00, 0x00, 0x00, 0xcb, 0x5a, 0xfb, 0xde, 0xff, 0xff, 0xff, 0xff, 0xff, 0xff, 0xff, 0xff, 0xde, 0xff, 0xff, 0xff, 0x75, 0xad, 0x54, 0xad, 0xff, 0xff, 0xff, 0xff, 0xff, 0xff, 0xff, 0xff, 0xdf, 0xff, 0xff, 0xff, 0x0b, 0x63, 0x30, 0x84,
    0xff, 0xff, 0xde, 0xff, 0xde, 0xff, 0xff, 0xff, 0xff, 0xff, 0xff, 0xff, 0xff, 0xff, 0xff, 0xff, 0xff, 0xff, 0xff, 0xff, 0xff, 0xff, 0xbe, 0xf7, 0x8a, 0x52, 0x00, 0x00, 0x00, 0x00, 0x02, 0x21, 0xed, 0xd5, 0x8f, 0xff, 0xed, 0xfe, 0xe9, 0xfd,
    0x67, 0xfd, 0x68, 0xfd, 0xa8, 0xfd, 0x29, 0xe5, 0xa1, 0x18, 0x47, 0x6a, 0x70, 0xfd, 0xee, 0xf4, 0x0e, 0xfd, 0x0e, 0xfd, 0x0e, 0xf5, 0x0e, 0xf5, 0x6f, 0xfd, 0xeb, 0xb3, 0x00, 0x00, 0x00, 0x00, 0xcb, 0x5a, 0xff, 0xff, 0xfe, 0xff, 0xff, 0xff,
    0xff, 0xff, 0xff, 0xff, 0xff, 0xff, 0xff, 0xff, 0xff, 0xff, 0xff, 0xff, 0xfe, 0xff, 0xff, 0xff, 0xfe, 0xff, 0xff, 0xff, 0xff, 0xff, 0xff, 0xff, 0xff, 0xff, 0xff, 0xff, 0xff, 0xff, 0xff, 0xff, 0xff, 0xff, 0xff, 0xff, 0xff, 0xff, 0xdf, 0xff,
    0xff, 0xff, 0xff, 0xff, 0xff, 0xff, 0xff, 0xff, 0xff, 0xff, 0xff, 0xff, 0xff, 0xff, 0xff, 0xff, 0xff, 0xff, 0xff, 0xff, 0xff, 0xff, 0xff, 0xff, 0xff, 0xff, 0xff, 0xff, 0xff, 0xff, 0xff, 0xff, 0xff, 0xff, 0xff, 0xff, 0xff, 0xff, 0xff, 0xff,
    0xff, 0xff, 0xff, 0xff, 0xff, 0xff, 0xff, 0xff, 0xff, 0xff, 0xff, 0xff, 0x48, 0x4a, 0x00, 0x00, 0xa7, 0x9b, 0xe9, 0xfd, 0x49, 0xf5, 0xa8, 0xfd, 0x88, 0xfd, 0x68, 0xf5, 0x68, 0xf5, 0x47, 0xf5, 0xc9, 0xfd, 0xed, 0xfe, 0x8f, 0xe6, 0x48, 0x73,
    0x20, 0x00, 0x00, 0x00, 0x00, 0x00, 0x82, 0x10, 0x91, 0x94, 0xff, 0xff, 0xff, 0xff, 0xde, 0xff, 0xff, 0xff, 0xff, 0xff, 0x79, 0xce, 0x40, 0x08, 0x58, 0xce, 0xff, 0xff, 0xdf, 0xff, 0xde, 0xff, 0xff, 0xff, 0x4d, 0x6b, 0xa6, 0x39, 0xff, 0xff,
    0xde, 0xff, 0xdf, 0xff, 0xff, 0xff, 0xdf, 0xff, 0x91, 0x94, 0xb2, 0x9c, 0xdf, 0xff, 0xde, 0xff, 0xde, 0xff, 0xff, 0xff, 0xbe, 0xf7, 0x28, 0x42, 0x00, 0x00, 0x00, 0x00, 0x63, 0x31, 0x8d, 0xe6, 0x6e, 0xff, 0xcd, 0xfe, 0xe9, 0xfd, 0x47, 0xfd,
    0x68, 0xfd, 0x88, 0xfd, 0x69, 0xed, 0xa1, 0x20, 0x85, 0x49, 0x90, 0xfd, 0xce, 0xf4, 0xee, 0xf4, 0xee, 0xfc, 0x0e, 0xf5, 0x0e, 0xf5, 0x0e, 0xf5, 0x0e, 0xf5, 0x4f, 0xf5, 0x03, 0x29, 0x00, 0x00, 0x61, 0x08, 0x3c, 0xe7, 0xff, 0xff, 0xff, 0xff,
    0xff, 0xff, 0xff, 0xff, 0xff, 0xff, 0xff, 0xff, 0xff, 0xff, 0xff, 0xff, 0xff, 0xff, 0xff, 0xff, 0xff, 0xff, 0xfe, 0xff, 0xff, 0xff, 0xff, 0xff, 0xff, 0xff, 0xff, 0xff, 0xff, 0xff, 0xff, 0xff, 0xff, 0xff, 0xff, 0xff, 0xff, 0xff, 0xdf, 0xff,
    0xff, 0xff, 0xff, 0xff, 0xff, 0xff, 0xff, 0xff, 0xff, 0xff, 0xff, 0xff, 0xff, 0xff, 0xff, 0xff, 0xff, 0xff, 0xfe, 0xff, 0xff, 0xff, 0xff, 0xff, 0xff, 0xff, 0xff, 0xff, 0xff, 0xff, 0xff, 0xff, 0xff, 0xff, 0xff, 0xff, 0xff, 0xff, 0xff, 0xff,
    0xff, 0xff, 0xff, 0xff, 0xff, 0xff, 0xff, 0xff, 0xff, 0xff, 0x1c, 0xe7, 0x20, 0x08, 0x61, 0x10, 0xed, 0xe4, 0x2e, 0xfd, 0x4f, 0xfd, 0x8a, 0xd4, 0x49, 0xed, 0xa8, 0xfd, 0x47, 0xf5, 0x68, 0xfd, 0x47, 0xf5, 0x27, 0xf5, 0xea, 0xfd, 0x2e, 0xff,
    0xac, 0xc5, 0x84, 0x31, 0x00, 0x00, 0x00, 0x00, 0x00, 0x00, 0x28, 0x42, 0xfb, 0xde, 0xff, 0xff, 0xde, 0xff, 0xde, 0xff, 0xff, 0xff, 0xcf, 0x7b, 0xa2, 0x18, 0xdf, 0xff, 0xff, 0xff, 0xff, 0xff, 0x75, 0xad, 0xa2, 0x10, 0xff, 0xff, 0xff, 0xff,
    0xff, 0xff, 0xff, 0xff, 0xb6, 0xb5, 0x28, 0x42, 0xef, 0x83, 0xbe, 0xf7, 0xff, 0xff, 0xff, 0xff, 0xff, 0xff, 0xbe, 0xf7, 0x08, 0x42, 0x00, 0x00, 0x00, 0x00, 0xa4, 0x39, 0xae, 0xee, 0x4e, 0xff, 0xed, 0xfe, 0x0a, 0xfe, 0x67, 0xfd, 0x88, 0xfd,
    0x88, 0xfd, 0xa9, 0xfd, 0x42, 0x39, 0xa2, 0x20, 0x2f, 0xf5, 0x0e, 0xfd, 0xee, 0xf4, 0x0e, 0xf5, 0x0e, 0xf5, 0x0e, 0xf5, 0x0d, 0xf5, 0x0e, 0xf5, 0x0e, 0xf5, 0x90, 0xfd, 0xe8, 0x82, 0x00, 0x00, 0x00, 0x00, 0x91, 0x94, 0xff, 0xff, 0xde, 0xff,
    0xff, 0xff, 0xff, 0xff, 0xff, 0xff, 0xff, 0xff, 0xff, 0xff, 0xff, 0xff, 0xff, 0xff, 0xff, 0xff, 0xff, 0xff, 0xff, 0xff, 0xff, 0xff, 0xff, 0xff, 0xff, 0xff, 0xff, 0xff, 0xff, 0xff, 0xff, 0xff, 0xff, 0xff, 0xff, 0xff, 0xff, 0xff, 0xdf, 0xff,
    0xff, 0xff, 0xff, 0xff, 0xff, 0xff, 0xff, 0xff, 0xff, 0xff, 0xff, 0xff, 0xff, 0xff, 0xff, 0xff, 0xff, 0xff, 0xff, 0xff, 0xff, 0xff, 0xff, 0xff, 0xff, 0xff, 0xfe, 0xff, 0xfe, 0xff, 0xff, 0xff, 0xff, 0xff, 0xff, 0xff, 0xff, 0xff, 0xff, 0xff,
    0xff, 0xff, 0xff, 0xff, 0xff, 0xff, 0xde, 0xff, 0xff, 0xff, 0xf3, 0x9c, 0x00, 0x00, 0x05, 0x5a, 0x6f, 0xfd, 0x0e, 0xf5, 0x6f, 0xfd, 0xec, 0xbb, 0x23, 0x31, 0xe9, 0xdc, 0xa8, 0xfd, 0x47, 0xf5, 0x47, 0xfd, 0x47, 0xf5, 0x27, 0xf5, 0x47, 0xf5,
    0x4b, 0xfe, 0xae, 0xfe, 0x88, 0x7b, 0x20, 0x00, 0x00, 0x00, 0x00, 0x00, 0xa2, 0x10, 0x75, 0xad, 0xff, 0xff, 0xff, 0xff, 0xff, 0xff, 0xff, 0xff, 0x45, 0x29, 0x0f, 0x84, 0xff, 0xff, 0xfb, 0xde, 0xa2, 0x18, 0x6d, 0x6b, 0x75, 0xad, 0x92, 0x94,
    0xb2, 0x94, 0x2c, 0x6b, 0x00, 0x00, 0x48, 0x4a, 0x34, 0xad, 0x34, 0xad, 0x96, 0xb5, 0x38, 0xce, 0xfb, 0xde, 0x89, 0x52, 0x00, 0x00, 0x00, 0x00, 0xc4, 0x41, 0xee, 0xf6, 0x2e, 0xff, 0xed, 0xfe, 0x2a, 0xfe, 0xa8, 0xfd, 0x88, 0xfd, 0x67, 0xf5,
    0xe9, 0xfd, 0x85, 0x72, 0x00, 0x00, 0x6d, 0xd4, 0x4e, 0xfd, 0xee, 0xf4, 0x0e, 0xf5, 0x0e, 0xf5, 0x2e, 0xf5, 0x2e, 0xf5, 0x0e, 0xf5, 0x0e, 0xf5, 0x0e, 0xf5, 0x4f, 0xfd, 0x6d, 0xd4, 0x20, 0x08, 0x00, 0x00, 0xe7, 0x39, 0xff, 0xff, 0xff, 0xff,
    0xff, 0xff, 0xff, 0xff, 0xff, 0xff, 0xff, 0xff, 0xff, 0xff, 0xff, 0xff, 0xff, 0xff, 0xff, 0xff, 0xff, 0xff, 0xff, 0xff, 0xff, 0xff, 0xff, 0xff, 0xff, 0xff, 0xff, 0xff, 0xff, 0xff, 0xff, 0xff, 0xff, 0xff, 0xff, 0xff, 0xff, 0xff, 0xdf, 0xff,
    0xff, 0xff, 0xff, 0xff, 0xff, 0xff, 0xff, 0xff, 0xff, 0xff, 0xff, 0xff, 0xff, 0xff, 0xff, 0xff, 0xff, 0xff, 0xff, 0xff, 0xff, 0xff, 0xff, 0xff, 0xff, 0xff, 0xff, 0xff, 0xfe, 0xff, 0xfe, 0xff, 0xff, 0xff, 0xff, 0xff, 0xff, 0xff, 0xff, 0xff,
    0xff, 0xff, 0xff, 0xff, 0xff, 0xff, 0xdf, 0xff, 0xff, 0xff, 0xaa, 0x5a, 0x00, 0x00, 0x29, 0x93, 0x6f, 0xfd, 0x0e, 0xf5, 0xed, 0xf4, 0x8f, 0xfd, 0xc8, 0x82, 0x61, 0x10, 0x29, 0xe5, 0x88, 0xfd, 0x46, 0xf5, 0x46, 0xf5, 0x46, 0xf5, 0x47, 0xfd,
    0x27, 0xf5, 0x67, 0xfd, 0x8c, 0xfe, 0xaa, 0xb4, 0xa1, 0x18, 0x00, 0x00, 0x00, 0x00, 0x00, 0x00, 0x30, 0x84, 0x1b, 0xe7, 0xb6, 0xb5, 0x71, 0x8c, 0xe7, 0x39, 0x00, 0x00, 0x24, 0x21, 0x20, 0x00, 0x00, 0x00, 0x00, 0x00, 0x00, 0x00, 0x00, 0x00,
    0x00, 0x00, 0x00, 0x00, 0x00, 0x00, 0x00, 0x00, 0x00, 0x00, 0x00, 0x00, 0x00, 0x00, 0x00, 0x00, 0x40, 0x08, 0x00, 0x00, 0x00, 0x00, 0xa4, 0x39, 0xad, 0xf6, 0xed, 0xfe, 0xcd, 0xf6, 0x2a, 0xfe, 0xa8, 0xfd, 0xa8, 0xfd, 0x88, 0xf5, 0xc8, 0xfd,
    0x48, 0xc4, 0x00, 0x00, 0xc8, 0x82, 0x8f, 0xfd, 0xee, 0xf4, 0xee, 0xf4, 0x0e, 0xf5, 0x0f, 0xf5, 0x2f, 0xf5, 0x2e, 0xf5, 0x2e, 0xf5, 0x2e, 0xf5, 0x0e, 0xf5, 0x0e, 0xf5, 0x4f, 0xfd, 0x43, 0x39, 0x00, 0x00, 0x40, 0x08, 0xda, 0xde, 0xff, 0xff,
    0xff, 0xff, 0xff, 0xff, 0xff, 0xff, 0xff, 0xff, 0xff, 0xff, 0xff, 0xff, 0xff, 0xff, 0xff, 0xff, 0xff, 0xff, 0xff, 0xff, 0xff, 0xff, 0xff, 0xff, 0xfe, 0xff, 0xff, 0xff, 0xff, 0xff, 0xff, 0xff, 0xff, 0xff, 0xff, 0xff, 0xff, 0xff, 0xdf, 0xff,
    0xff, 0xff, 0xff, 0xff, 0xff, 0xff, 0xff, 0xff, 0xff, 0xff, 0xff, 0xff, 0xff, 0xff, 0xff, 0xff, 0xff, 0xff, 0xff, 0xff, 0xff, 0xff, 0xff, 0xff, 0xff, 0xff, 0xff, 0xff, 0xff, 0xff, 0xff, 0xff, 0xff, 0xff, 0xff, 0xff, 0xff, 0xff, 0xff, 0xff,
    0xff, 0xff, 0xff, 0xff, 0xff, 0xff, 0xff, 0xff, 0xdf, 0xff, 0x44, 0x29, 0x00, 0x00, 0xeb, 0xbb, 0x4e, 0xfd, 0xed, 0xf4, 0x0e, 0xf5, 0xed, 0xf4, 0x8f, 0xfd, 0x64, 0x41, 0xe2, 0x28, 0x89, 0xf5, 0x67, 0xfd, 0x46, 0xfd, 0x46, 0xf5, 0x27, 0xf5,
    0x47, 0xfd, 0x27, 0xf5, 0xe6, 0xf4, 0xe9, 0xfd, 0x6a, 0xed, 0x63, 0x41, 0x20, 0x00, 0x20, 0x00, 0x00, 0x00, 0x20, 0x00, 0x00, 0x00, 0x00, 0x00, 0x00, 0x00, 0x20, 0x08, 0x40, 0x18, 0x22, 0x49, 0x82, 0x59, 0xc3, 0x69, 0x61, 0x10, 0x22, 0x31,
    0xa5, 0x6a, 0x64, 0x6a, 0x83, 0x69, 0x82, 0x61, 0x62, 0x59, 0x22, 0x49, 0xe2, 0x30, 0x61, 0x18, 0x00, 0x00, 0x00, 0x00, 0x63, 0x39, 0xea, 0xf5, 0x09, 0xfe, 0xe9, 0xf5, 0xe9, 0xfd, 0x88, 0xfd, 0x88, 0xfd, 0x87, 0xfd, 0x88, 0xfd, 0x89, 0xf5,
    0xc1, 0x20, 0xc2, 0x20, 0x2f, 0xf5, 0xee, 0xf4, 0x2f, 0xfd, 0x70, 0xfd, 0x2f, 0xfd, 0x0e, 0xf5, 0x2e, 0xf5, 0x2e, 0xf5, 0x0e, 0xf5, 0x2e, 0xf5, 0x2e, 0xf5, 0x0e, 0xf5, 0x90, 0xfd, 0xa8, 0x7a, 0x00, 0x00, 0x00, 0x00, 0xd2, 0x9c, 0xff, 0xff,
    0xde, 0xff, 0xff, 0xff, 0xff, 0xff, 0xff, 0xff, 0xff, 0xff, 0xff, 0xff, 0xff, 0xff, 0xff, 0xff, 0xfe, 0xff, 0xff, 0xff, 0xff, 0xff, 0xff, 0xff, 0xff, 0xff, 0xff, 0xff, 0xff, 0xff, 0xff, 0xff, 0xff, 0xff, 0xff, 0xff, 0xff, 0xff, 0xff, 0xff,
    0xff, 0xff, 0xff, 0xff, 0xff, 0xff, 0xff, 0xff, 0xff, 0xff, 0xff, 0xff, 0xff, 0xff, 0xff, 0xff, 0xff, 0xff, 0xff, 0xff, 0xff, 0xff, 0xff, 0xff, 0xff, 0xff, 0xff, 0xff, 0xff, 0xff, 0xff, 0xff, 0xff, 0xff, 0xff, 0xff, 0xff, 0xff, 0xff, 0xff,
    0xff, 0xff, 0xff, 0xff, 0xff, 0xff, 0xff, 0xff, 0x1c, 0xe7, 0x40, 0x08, 0x40, 0x08, 0xad, 0xdc, 0x2e, 0xfd, 0x0e, 0xf5, 0x2e, 0xfd, 0x0e, 0xf5, 0x2e, 0xfd, 0xcd, 0xe4, 0x20, 0x00, 0x45, 0x62, 0xe9, 0xfd, 0x46, 0xf5, 0x46, 0xfd, 0x46, 0xfd,
    0x27, 0xf5, 0x47, 0xfd, 0x88, 0xfd, 0x87, 0xd4, 0xa4, 0x7a, 0xa1, 0x18, 0x00, 0x00, 0x00, 0x00, 0xe2, 0x20, 0x61, 0x10, 0xc5, 0x41, 0x26, 0xb3, 0xe4, 0xd2, 0xe4, 0xd2, 0x45, 0xe3, 0xc5, 0xfb, 0xe5, 0xfb, 0x45, 0xcb, 0xe5, 0x82, 0xc9, 0xfd,
    0x09, 0xfe, 0x46, 0xfc, 0x84, 0xfb, 0x84, 0xfb, 0x84, 0xfb, 0x64, 0xfb, 0x64, 0xf3, 0x65, 0xe3, 0x67, 0xc4, 0xa7, 0x9b, 0x49, 0xed, 0xc8, 0xfd, 0x88, 0xfd, 0x88, 0xfd, 0x88, 0xfd, 0x88, 0xfd, 0x88, 0xfd, 0x67, 0xf5, 0xe9, 0xfd, 0x06, 0x8b,
    0x00, 0x00, 0xeb, 0xbb, 0x6f, 0xfd, 0x70, 0xfd, 0xee, 0xe4, 0xab, 0xab, 0xae, 0xdc, 0x2f, 0xfd, 0x0e, 0xf5, 0x0e, 0xf5, 0x0e, 0xf5, 0x2e, 0xf5, 0x0e, 0xf5, 0x0e, 0xf5, 0x6f, 0xfd, 0xeb, 0xbb, 0x00, 0x00, 0x00, 0x00, 0xaa, 0x52, 0xff, 0xff,
    0xfe, 0xff, 0xff, 0xff, 0xff, 0xff, 0xff, 0xff, 0xff, 0xff, 0xff, 0xff, 0xff, 0xff, 0xff, 0xff, 0xff, 0xff, 0xff, 0xff, 0xff, 0xff, 0xff, 0xff, 0xff, 0xff, 0xff, 0xff, 0xff, 0xff, 0xff, 0xff, 0xff, 0xff, 0xff, 0xff, 0xff, 0xff, 0xdf, 0xff,
    0xff, 0xff, 0xff, 0xff, 0xff, 0xff, 0xff, 0xff, 0xff, 0xff, 0xff, 0xff, 0xff, 0xff, 0xff, 0xff, 0xff, 0xff, 0xff, 0xff, 0xff, 0xff, 0xff, 0xff, 0xff, 0xff, 0xfe, 0xff, 0xfe, 0xff, 0xff, 0xff, 0xff, 0xff, 0xff, 0xff, 0xff, 0xff, 0xff, 0xff,
    0xff, 0xff, 0xff, 0xff, 0xff, 0xff, 0xff, 0xff, 0x38, 0xc6, 0x00, 0x00, 0xc2, 0x20, 0x0e, 0xed, 0x2e, 0xfd, 0x2e, 0xf5, 0x0e, 0xfd, 0x0e, 0xf5, 0xed, 0xf4, 0x4f, 0xfd, 0x49, 0x9b, 0x00, 0x00, 0x48, 0xc4, 0xa7, 0xfd, 0x26, 0xf5, 0x46, 0xfd,
    0xa7, 0xfd, 0xc7, 0xdc, 0xe3, 0x59, 0x00, 0x00, 0x00, 0x00, 0xe1, 0x38, 0xe3, 0x81, 0x66, 0xbb, 0xc9, 0xfd, 0x29, 0xdd, 0x45, 0xc3, 0xa4, 0xfb, 0x44, 0xfb, 0x64, 0xfb, 0x64, 0xfb, 0x44, 0xeb, 0xe5, 0xeb, 0x68, 0xf5, 0xe8, 0xfd, 0xa8, 0xfd,
    0xe5, 0xeb, 0x03, 0xeb, 0x23, 0xeb, 0x23, 0xeb, 0x23, 0xeb, 0x23, 0xeb, 0x43, 0xeb, 0xc6, 0xfc, 0xc8, 0xfd, 0xe9, 0xfd, 0x88, 0xfd, 0x88, 0xfd, 0xa9, 0xfd, 0xa9, 0xfd, 0xa9, 0xfd, 0xa9, 0xfd, 0x88, 0xf5, 0x88, 0xfd, 0x29, 0xed, 0x40, 0x10,
    0xa5, 0x49, 0xd0, 0xfd, 0x50, 0xfd, 0xc9, 0x7a, 0x61, 0x10, 0x84, 0x41, 0x8d, 0xd4, 0x2f, 0xf5, 0x0e, 0xf5, 0x0e, 0xf5, 0x0e, 0xf5, 0x0e, 0xf5, 0x0e, 0xf5, 0x0e, 0xf5, 0x2e, 0xfd, 0xce, 0xe4, 0x61, 0x10, 0x00, 0x00, 0x24, 0x21, 0xde, 0xff,
    0xff, 0xff, 0xff, 0xff, 0xff, 0xff, 0xff, 0xff, 0xff, 0xff, 0xff, 0xff, 0xff, 0xff, 0xff, 0xff, 0xff, 0xff, 0xff, 0xff, 0xff, 0xff, 0xff, 0xff, 0xff, 0xff, 0xff, 0xff, 0xff, 0xff, 0xff, 0xff, 0xff, 0xff, 0xff, 0xff, 0xff, 0xff, 0xff, 0xff,
    0xff, 0xff, 0xff, 0xff, 0xff, 0xff, 0xff, 0xff, 0xff, 0xff, 0xff, 0xff, 0xff, 0xff, 0xff, 0xff, 0xff, 0xff, 0xff, 0xff, 0xff, 0xff, 0xfe, 0xff, 0xfe, 0xff, 0xfe, 0xff, 0xff, 0xff, 0xff, 0xff, 0xff, 0xff, 0xff, 0xff, 0xff, 0xff, 0xff, 0xff,
    0xff, 0xff, 0xff, 0xff, 0xde, 0xff, 0xff, 0xff, 0x54, 0xad, 0x00, 0x00, 0x44, 0x39, 0x2f, 0xfd, 0x2e, 0xf5, 0x2e, 0xfd, 0x0e, 0xfd, 0x0e, 0xfd, 0x2f, 0xfd, 0x2f, 0xfd, 0x70, 0xfd, 0xe2, 0x28, 0x22, 0x31, 0xa9, 0xfd, 0x26, 0xfd, 0x67, 0xfd,
    0x45, 0x9b, 0x61, 0x10, 0x81, 0x28, 0xe3, 0x81, 0x24, 0xd3, 0x64, 0xfb, 0xe5, 0xfb, 0xa8, 0xfd, 0xe9, 0xfd, 0xc7, 0xfc, 0x44, 0xf3, 0x23, 0xeb, 0x44, 0xf3, 0x44, 0xf3, 0x44, 0xf3, 0xc5, 0xf3, 0x88, 0xfd, 0xa8, 0xfd, 0xa8, 0xfd, 0x86, 0xf4,
    0x03, 0xf3, 0x44, 0xf3, 0x23, 0xf3, 0x44, 0xf3, 0x44, 0xf3, 0x23, 0xeb, 0x66, 0xf4, 0xa8, 0xfd, 0x67, 0xf5, 0x68, 0xf5, 0x68, 0xfd, 0x88, 0xfd, 0x88, 0xfd, 0x89, 0xfd, 0x89, 0xfd, 0x88, 0xfd, 0x67, 0xf5, 0xc8, 0xfd, 0xc7, 0xab, 0x41, 0x08,
    0x0d, 0xe5, 0xee, 0xdc, 0x24, 0x31, 0x02, 0x29, 0xeb, 0xb3, 0xd0, 0xfd, 0x90, 0xfd, 0x90, 0xfd, 0x6f, 0xfd, 0x0e, 0xf5, 0x0e, 0xf5, 0x0e, 0xf5, 0x2e, 0xf5, 0x2e, 0xf5, 0x2e, 0xf5, 0x4f, 0xfd, 0x23, 0x31, 0x00, 0x00, 0x00, 0x00, 0xb9, 0xd6,
    0xff, 0xff, 0xde, 0xff, 0xff, 0xff, 0xff, 0xff, 0xff, 0xff, 0xff, 0xff, 0xff, 0xff, 0xff, 0xff, 0xff, 0xff, 0xff, 0xff, 0xff, 0xff, 0xff, 0xff, 0xff, 0xff, 0xff, 0xff, 0xff, 0xff, 0xff, 0xff, 0xff, 0xff, 0xff, 0xff, 0xff, 0xff, 0xdf, 0xff,
    0xff, 0xff, 0xff, 0xff, 0xff, 0xff, 0xff, 0xff, 0xff, 0xff, 0xff, 0xff, 0xff, 0xff, 0xff, 0xff, 0xff, 0xff, 0xff, 0xff, 0xff, 0xff, 0xff, 0xff, 0xff, 0xff, 0xfe, 0xff, 0xff, 0xff, 0xff, 0xff, 0xff, 0xff, 0xff, 0xff, 0xff, 0xff, 0xff, 0xff,
    0xff, 0xff, 0xff, 0xff, 0xde, 0xff, 0xff, 0xff, 0x91, 0x94, 0x00, 0x00, 0xa5, 0x49, 0x4f, 0xfd, 0xed, 0xf4, 0x0e, 0xfd, 0x0e, 0xfd, 0x2f, 0xfd, 0xce, 0xe4, 0x8e, 0xd4, 0x91, 0xfd, 0x0c, 0xbc, 0x00, 0x00, 0xe6, 0xab, 0xa7, 0xfd, 0x48, 0xed,
    0xe7, 0xa3, 0x45, 0xbb, 0x85, 0xfb, 0x84, 0xfb, 0x44, 0xfb, 0x43, 0xeb, 0x28, 0xf5, 0xe9, 0xfd, 0x27, 0xf5, 0x23, 0xeb, 0x24, 0xf3, 0x44, 0xf3, 0x64, 0xf3, 0x44, 0xf3, 0x64, 0xf3, 0x28, 0xfd, 0xa8, 0xfd, 0xa8, 0xfd, 0x27, 0xf5, 0x44, 0xeb,
    0x23, 0xf3, 0x24, 0xf3, 0x23, 0xf3, 0x44, 0xf3, 0x23, 0xf3, 0xc5, 0xf3, 0x88, 0xfd, 0x88, 0xfd, 0x88, 0xfd, 0x88, 0xfd, 0x88, 0xfd, 0x88, 0xfd, 0x88, 0xfd, 0x88, 0xfd, 0x88, 0xfd, 0x88, 0xfd, 0x68, 0xfd, 0x88, 0xfd, 0x48, 0xed, 0xe9, 0xdc,
    0xec, 0xfd, 0x88, 0xa3, 0x46, 0x93, 0xad, 0xfd, 0x6f, 0xfd, 0x2c, 0xcc, 0x4a, 0x9b, 0xe9, 0x82, 0xeb, 0xb3, 0x2f, 0xfd, 0x0e, 0xf5, 0x0e, 0xf5, 0x2e, 0xf5, 0x2e, 0xf5, 0x0e, 0xf5, 0x8f, 0xfd, 0x06, 0x5a, 0x00, 0x00, 0x00, 0x00, 0x34, 0xad,
    0xff, 0xff, 0xde, 0xff, 0xff, 0xff, 0xff, 0xff, 0xff, 0xff, 0xff, 0xff, 0xff, 0xff, 0xff, 0xff, 0xff, 0xff, 0xff, 0xff, 0xff, 0xff, 0xff, 0xff, 0xff, 0xff, 0xff, 0xff, 0xff, 0xff, 0xff, 0xff, 0xff, 0xff, 0xff, 0xff, 0xff, 0xff, 0xdf, 0xff,
    0xff, 0xff, 0xff, 0xff, 0xff, 0xff, 0xff, 0xff, 0xff, 0xff, 0xff, 0xff, 0xff, 0xff, 0xff, 0xff, 0xff, 0xff, 0xff, 0xff, 0xff, 0xff, 0xff, 0xff, 0xff, 0xff, 0xff, 0xff, 0xff, 0xff, 0xff, 0xff, 0xff, 0xff, 0xff, 0xff, 0xff, 0xff, 0xff, 0xff,
    0xff, 0xff, 0xff, 0xff, 0xde, 0xff, 0xff, 0xff, 0xcf, 0x7b, 0x00, 0x00, 0x06, 0x5a, 0x4f, 0xfd, 0xed, 0xf4, 0x0e, 0xfd, 0x0e, 0xf5, 0x4f, 0xfd, 0xe9, 0x82, 0xa2, 0x18, 0xa2, 0x20, 0xcb, 0xa3, 0xc5, 0x49, 0x25, 0x8b, 0xe9, 0xfd, 0xc9, 0xf5,
    0xe7, 0xfc, 0x44, 0xfb, 0x23, 0xf3, 0x24, 0xeb, 0x23, 0xeb, 0x86, 0xf4, 0xe9, 0xfd, 0xa8, 0xfd, 0xc5, 0xf3, 0x24, 0xf3, 0x44, 0xf3, 0x44, 0xf3, 0x44, 0xf3, 0x44, 0xf3, 0xa7, 0xf4, 0xa8, 0xfd, 0x88, 0xfd, 0xc9, 0xfd, 0x05, 0xf4, 0x23, 0xf3,
    0x64, 0xf3, 0x44, 0xf3, 0x24, 0xf3, 0x23, 0xf3, 0x64, 0xeb, 0x48, 0xf5, 0x88, 0xfd, 0x88, 0xfd, 0x88, 0xfd, 0x88, 0xfd, 0x88, 0xfd, 0x88, 0xfd, 0x88, 0xfd, 0x88, 0xfd, 0x88, 0xfd, 0x88, 0xfd, 0x88, 0xfd, 0x88, 0xfd, 0xa8, 0xfd, 0xc8, 0xfd,
    0x88, 0xfd, 0xc9, 0xfd, 0xca, 0xfd, 0x8b, 0xfd, 0xc9, 0xab, 0x64, 0x39, 0x24, 0x31, 0x03, 0x29, 0x88, 0x72, 0x2f, 0xfd, 0x0e, 0xf5, 0x0e, 0xf5, 0x0e, 0xf5, 0x0e, 0xf5, 0x0e, 0xf5, 0x8f, 0xfd, 0xe8, 0x8a, 0x00, 0x00, 0x00, 0x00, 0xcf, 0x7b,
    0xff, 0xff, 0xde, 0xff, 0xff, 0xff, 0xff, 0xff, 0xff, 0xff, 0xff, 0xff, 0xff, 0xff, 0xff, 0xff, 0xff, 0xff, 0xff, 0xff, 0xff, 0xff, 0xff, 0xff, 0xff, 0xff, 0xff, 0xff, 0xff, 0xff, 0xff, 0xff, 0xff, 0xff, 0xff, 0xff, 0xff, 0xff, 0xdf, 0xff,
    0xff, 0xff, 0xff, 0xff, 0xff, 0xff, 0xff, 0xff, 0xff, 0xff, 0xff, 0xff, 0xff, 0xff, 0xff, 0xff, 0xff, 0xff, 0xff, 0xff, 0xff, 0xff, 0xff, 0xff, 0xff, 0xff, 0xff, 0xff, 0xff, 0xff, 0xff, 0xff, 0xff, 0xff, 0xff, 0xff, 0xff, 0xff, 0xff, 0xff,
    0xff, 0xff, 0xff, 0xff, 0xdf, 0xff, 0xff, 0xff, 0x8e, 0x73, 0x00, 0x00, 0x26, 0x62, 0x4f, 0xfd, 0xed, 0xf4, 0x0e, 0xf5, 0x2e, 0xfd, 0x90, 0xfd, 0xf1, 0xfd, 0x4e, 0xed, 0x07, 0x83, 0xc5, 0x7a, 0xca, 0xfd, 0xa8, 0xfd, 0xc8, 0xfd, 0x48, 0xf5,
    0x24, 0xeb, 0x03, 0xeb, 0x44, 0xf3, 0x23, 0xf3, 0xa4, 0xeb, 0x88, 0xfd, 0xe9, 0xfd, 0xe7, 0xf4, 0x44, 0xf3, 0x44, 0xf3, 0x44, 0xf3, 0x44, 0xf3, 0x44, 0xf3, 0xe5, 0xf3, 0xa8, 0xfd, 0x88, 0xfd, 0xc8, 0xfd, 0x08, 0xf5, 0x44, 0xf3, 0x44, 0xf3,
    0x44, 0xf3, 0x44, 0xf3, 0x24, 0xf3, 0x44, 0xeb, 0xe7, 0xf4, 0xa8, 0xfd, 0x88, 0xfd, 0x88, 0xfd, 0x88, 0xfd, 0x88, 0xfd, 0x88, 0xfd, 0x88, 0xfd, 0x88, 0xfd, 0x88, 0xfd, 0x88, 0xfd, 0x88, 0xfd, 0x88, 0xfd, 0x88, 0xfd, 0x88, 0xfd, 0x88, 0xfd,
    0x88, 0xfd, 0x88, 0xfd, 0x67, 0xf5, 0x68, 0xfd, 0x89, 0xfd, 0x8a, 0xfd, 0xac, 0xfd, 0x8e, 0xfd, 0x70, 0xfd, 0x0f, 0xf5, 0x0e, 0xf5, 0x2e, 0xfd, 0x2e, 0xf5, 0x0e, 0xf5, 0x0e, 0xf5, 0x6f, 0xfd, 0x8a, 0xab, 0x00, 0x00, 0x00, 0x00, 0x8a, 0x52,
    0xff, 0xff, 0xff, 0xff, 0xff, 0xff, 0xff, 0xff, 0xff, 0xff, 0xff, 0xff, 0xff, 0xff, 0xff, 0xff, 0xff, 0xff, 0xff, 0xff, 0xff, 0xff, 0xff, 0xff, 0xff, 0xff, 0xff, 0xff, 0xff, 0xff, 0xff, 0xff, 0xff, 0xff, 0xff, 0xff, 0xff, 0xff, 0xdf, 0xff,
    0xff, 0xff, 0xff, 0xff, 0xff, 0xff, 0xff, 0xff, 0xff, 0xff, 0xff, 0xff, 0xff, 0xff, 0xfe, 0xff, 0xff, 0xff, 0xff, 0xff, 0xff, 0xff, 0xff, 0xff, 0xff, 0xff, 0xff, 0xff, 0xff, 0xff, 0xff, 0xff, 0xff, 0xff, 0xff, 0xff, 0xff, 0xff, 0xff, 0xff,
    0xff, 0xff, 0xff, 0xff, 0xde, 0xff, 0xff, 0xff, 0x4d, 0x6b, 0x00, 0x00, 0x46, 0x62, 0x4f, 0xfd, 0xed, 0xf4, 0x2e, 0xfd, 0xce, 0xec, 0x67, 0x6a, 0xc6, 0x51, 0x6a, 0xc4, 0x2b, 0xfe, 0xe9, 0xfd, 0x88, 0xfd, 0x88, 0xfd, 0xe9, 0xfd, 0x25, 0xec,
    0x03, 0xeb, 0x24, 0xf3, 0x24, 0xf3, 0x03, 0xeb, 0xa7, 0xf4, 0xc9, 0xfd, 0xa9, 0xfd, 0xe5, 0xf3, 0x24, 0xf3, 0x44, 0xf3, 0x44, 0xf3, 0x44, 0xf3, 0x64, 0xf3, 0x28, 0xf5, 0xa8, 0xfd, 0x88, 0xfd, 0xa9, 0xfd, 0xe5, 0xf3, 0x23, 0xf3, 0x44, 0xf3,
    0x24, 0xf3, 0x44, 0xf3, 0x43, 0xeb, 0xa7, 0xf4, 0xa9, 0xfd, 0x88, 0xfd, 0x88, 0xfd, 0x88, 0xfd, 0x88, 0xfd, 0x88, 0xfd, 0x88, 0xfd, 0x89, 0xfd, 0x89, 0xfd, 0x88, 0xfd, 0x88, 0xfd, 0x88, 0xfd, 0x88, 0xfd, 0x88, 0xfd, 0x88, 0xfd, 0xa9, 0xfd,
    0x88, 0xfd, 0x88, 0xfd, 0x88, 0xfd, 0x68, 0xfd, 0x68, 0xfd, 0x68, 0xfd, 0x67, 0xfd, 0x48, 0xf5, 0x4a, 0xf5, 0x2d, 0xf5, 0x2f, 0xf5, 0x2f, 0xf5, 0x2e, 0xf5, 0x2e, 0xf5, 0x0e, 0xf5, 0x4f, 0xfd, 0x0c, 0xc4, 0x00, 0x00, 0x00, 0x00, 0xa6, 0x31,
    0xff, 0xff, 0xff, 0xff, 0xff, 0xff, 0xff, 0xff, 0xff, 0xff, 0xff, 0xff, 0xff, 0xff, 0xff, 0xff, 0xff, 0xff, 0xff, 0xff, 0xff, 0xff, 0xff, 0xff, 0xff, 0xff, 0xff, 0xff, 0xff, 0xff, 0xff, 0xff, 0xff, 0xff, 0xff, 0xff, 0xdf, 0xff, 0xdf, 0xff,
    0xff, 0xff, 0xff, 0xff, 0xff, 0xff, 0xff, 0xff, 0xff, 0xff, 0xff, 0xff, 0xff, 0xff, 0xff, 0xff, 0xff, 0xff, 0xff, 0xff, 0xff, 0xff, 0xff, 0xff, 0xff, 0xff, 0xff, 0xff, 0xff, 0xff, 0xff, 0xff, 0xff, 0xff, 0xff, 0xff, 0xff, 0xff, 0xff, 0xff,
    0xff, 0xff, 0xff, 0xff, 0xde, 0xff, 0xff, 0xff, 0x2c, 0x63, 0x00, 0x00, 0x26, 0x62, 0x4f, 0xfd, 0xee, 0xf4, 0x0e, 0xfd, 0xee, 0xec, 0x69, 0x9b, 0xe7, 0xab, 0x69, 0xed, 0xa8, 0xfd, 0x88, 0xfd, 0xa8, 0xfd, 0xa9, 0xfd, 0x48, 0xf5, 0x44, 0xeb,
    0x23, 0xf3, 0x24, 0xf3, 0x23, 0xf3, 0xa4, 0xf3, 0x89, 0xfd, 0xc9, 0xfd, 0x88, 0xf5, 0x64, 0xf3, 0x44, 0xf3, 0x44, 0xf3, 0x44, 0xf3, 0x44, 0xf3, 0x66, 0xf4, 0xa8, 0xfd, 0x68, 0xfd, 0xa8, 0xfd, 0x07, 0xf5, 0x44, 0xf3, 0x44, 0xf3, 0x24, 0xf3,
    0x44, 0xf3, 0x23, 0xeb, 0x46, 0xf4, 0xc9, 0xfd, 0x88, 0xfd, 0x88, 0xfd, 0x88, 0xfd, 0xa8, 0xfd, 0xa9, 0xfd, 0xa9, 0xfd, 0x89, 0xfd, 0x89, 0xfd, 0x88, 0xfd, 0x88, 0xfd, 0x88, 0xfd, 0x88, 0xfd, 0x88, 0xfd, 0x88, 0xfd, 0x88, 0xfd, 0xa8, 0xfd,
    0x88, 0xfd, 0x88, 0xfd, 0x88, 0xfd, 0x88, 0xfd, 0x88, 0xfd, 0x68, 0xfd, 0x68, 0xfd, 0x88, 0xfd, 0x68, 0xfd, 0x68, 0xfd, 0x49, 0xf5, 0x4c, 0xf5, 0x2e, 0xf5, 0x2e, 0xf5, 0x2e, 0xf5, 0x4f, 0xfd, 0x4c, 0xcc, 0x20, 0x00, 0x00, 0x00, 0xe3, 0x20,
    0xbe, 0xf7, 0xff, 0xff, 0xff, 0xff, 0xff, 0xff, 0xff, 0xff, 0xff, 0xff, 0xff, 0xff, 0xff, 0xff, 0xff, 0xff, 0xff, 0xff, 0xff, 0xff, 0xff, 0xff, 0xff, 0xff, 0xff, 0xff, 0xff, 0xff, 0xff, 0xff, 0xff, 0xff, 0xff, 0xff, 0xff, 0xff, 0xde, 0xff,
    0xff, 0xff, 0xff, 0xff, 0xff, 0xff, 0xff, 0xff, 0xff, 0xff, 0xff, 0xff, 0xfe, 0xff, 0xfe, 0xff, 0xff, 0xff, 0xff, 0xff, 0xff, 0xff, 0xff, 0xff, 0xff, 0xff, 0xff, 0xff, 0xff, 0xff, 0xff, 0xff, 0xff, 0xff, 0xff, 0xff, 0xff, 0xff, 0xff, 0xff,
    0xff, 0xff, 0xff, 0xff, 0xde, 0xff, 0xff, 0xff, 0x2c, 0x63, 0x00, 0x00, 0x06, 0x62, 0x4f, 0xfd, 0x2e, 0xfd, 0x0e, 0xf5, 0x4d, 0xfd, 0x0b, 0xfe, 0x09, 0xfe, 0xc8, 0xfd, 0xa8, 0xfd, 0xa8, 0xfd, 0xa8, 0xfd, 0xe9, 0xfd, 0xc7, 0xf4, 0x03, 0xeb,
    0x24, 0xf3, 0x44, 0xf3, 0x43, 0xf3, 0xa7, 0xf4, 0xc9, 0xfd, 0xc9, 0xfd, 0xc7, 0xf4, 0x44, 0xf3, 0x44, 0xf3, 0x44, 0xf3, 0x44, 0xf3, 0xa5, 0xeb, 0x68, 0xf5, 0x88, 0xfd, 0x88, 0xfd, 0xc8, 0xfd, 0x46, 0xf4, 0x23, 0xf3, 0x44, 0xf3, 0x44, 0xf3,
    0x03, 0xeb, 0xe5, 0xf3, 0x89, 0xfd, 0xa8, 0xfd, 0xa8, 0xfd, 0xa9, 0xfd, 0x88, 0xfd, 0xa9, 0xfd, 0xa9, 0xfd, 0xa9, 0xfd, 0xa9, 0xfd, 0x89, 0xfd, 0x88, 0xfd, 0xa8, 0xfd, 0xa9, 0xfd, 0xa9, 0xfd, 0xa8, 0xfd, 0xa9, 0xfd, 0xa8, 0xfd, 0xa9, 0xfd,
    0xa9, 0xfd, 0x88, 0xfd, 0x88, 0xfd, 0x88, 0xfd, 0x88, 0xfd, 0x88, 0xfd, 0x88, 0xfd, 0x88, 0xfd, 0x89, 0xfd, 0x68, 0xfd, 0x68, 0xfd, 0x68, 0xf5, 0x69, 0xf5, 0x4c, 0xf5, 0x2d, 0xf5, 0x4f, 0xfd, 0x2f, 0xf5, 0x61, 0x10, 0x00, 0x00, 0x82, 0x10,
    0x5d, 0xef, 0xff, 0xff, 0xff, 0xff, 0xff, 0xff, 0xff, 0xff, 0xff, 0xff, 0xff, 0xff, 0xff, 0xff, 0xff, 0xff, 0xff, 0xff, 0xff, 0xff, 0xff, 0xff, 0xff, 0xff, 0xff, 0xff, 0xff, 0xff, 0xff, 0xff, 0xff, 0xff, 0xff, 0xff, 0xff, 0xff, 0xdf, 0xff,
    0xff, 0xff, 0xff, 0xff, 0xff, 0xff, 0xff, 0xff, 0xff, 0xff, 0xff, 0xff, 0xff, 0xff, 0xff, 0xff, 0xff, 0xff, 0xff, 0xff, 0xff, 0xff, 0xff, 0xff, 0xff, 0xff, 0xff, 0xff, 0xff, 0xff, 0xff, 0xff, 0xff, 0xff, 0xff, 0xff, 0xff, 0xff, 0xff, 0xff,
    0xff, 0xff, 0xff, 0xff, 0xde, 0xff, 0xff, 0xff, 0x8d, 0x73, 0x00, 0x00, 0xc5, 0x51, 0xd0, 0xfd, 0x6c, 0xd4, 0x4b, 0xf5, 0x88, 0xfd, 0x87, 0xfd, 0x88, 0xfd, 0xa8, 0xfd, 0xa8, 0xfd, 0x88, 0xfd, 0x88, 0xfd, 0xe9, 0xfd, 0x66, 0xf4, 0x03, 0xf3,
    0x44, 0xf3, 0x44, 0xf3, 0xa4, 0xf3, 0x68, 0xfd, 0xa8, 0xfd, 0xc9, 0xfd, 0x46, 0xf4, 0x44, 0xf3, 0x64, 0xf3, 0x64, 0xf3, 0x23, 0xf3, 0x66, 0xf4, 0xa8, 0xfd, 0x88, 0xfd, 0x88, 0xfd, 0x88, 0xfd, 0xc5, 0xf3, 0x44, 0xf3, 0x64, 0xf3, 0x23, 0xf3,
    0xa4, 0xeb, 0x88, 0xfd, 0x88, 0xfd, 0x88, 0xfd, 0xa8, 0xfd, 0xa9, 0xfd, 0xa8, 0xfd, 0xa8, 0xfd, 0xa9, 0xfd, 0xa8, 0xfd, 0xa8, 0xfd, 0xa9, 0xfd, 0xa9, 0xfd, 0xa9, 0xfd, 0xa9, 0xfd, 0xa9, 0xfd, 0xa8, 0xfd, 0xa9, 0xfd, 0xa8, 0xfd, 0xa8, 0xfd,
    0xa8, 0xfd, 0x88, 0xfd, 0x88, 0xfd, 0x88, 0xfd, 0x88, 0xfd, 0x88, 0xfd, 0x88, 0xfd, 0x88, 0xfd, 0x88, 0xfd, 0x68, 0xfd, 0x68, 0xfd, 0x68, 0xf5, 0x68, 0xf5, 0x88, 0xfd, 0x0a, 0xe5, 0x44, 0x39, 0x47, 0x62, 0x81, 0x10, 0x00, 0x00, 0x41, 0x08,
    0x1b, 0xe7, 0xff, 0xff, 0xff, 0xff, 0xff, 0xff, 0xff, 0xff, 0xff, 0xff, 0xff, 0xff, 0xff, 0xff, 0xff, 0xff, 0xff, 0xff, 0xff, 0xff, 0xff, 0xff, 0xff, 0xff, 0xff, 0xff, 0xff, 0xff, 0xff, 0xff, 0xff, 0xff, 0xff, 0xff, 0xff, 0xff, 0xdf, 0xff,
    0xff, 0xff, 0xff, 0xff, 0xff, 0xff, 0xff, 0xff, 0xff, 0xff, 0xff, 0xff, 0xfe, 0xff, 0xff, 0xff, 0xff, 0xff, 0xff, 0xff, 0xff, 0xff, 0xff, 0xff, 0xff, 0xff, 0xff, 0xff, 0xff, 0xff, 0xff, 0xff, 0xff, 0xff, 0xff, 0xff, 0xff, 0xff, 0xff, 0xff,
    0xff, 0xff, 0xff, 0xff, 0xde, 0xff, 0xff, 0xff, 0x30, 0x84, 0x00, 0x00, 0x64, 0x39, 0x06, 0x5a, 0xc4, 0x51, 0xe9, 0xfd, 0x88, 0xfd, 0x88, 0xfd, 0x88, 0xfd, 0x88, 0xfd, 0x88, 0xfd, 0x88, 0xfd, 0x88, 0xfd, 0xc9, 0xfd, 0x26, 0xec, 0x03, 0xf3,
    0x64, 0xf3, 0x64, 0xf3, 0x87, 0xf4, 0xa9, 0xfd, 0xa8, 0xfd, 0xa9, 0xfd, 0x06, 0xf4, 0x44, 0xf3, 0x64, 0xf3, 0x64, 0xf3, 0x84, 0xf3, 0x48, 0xf5, 0x88, 0xfd, 0x68, 0xfd, 0xa8, 0xfd, 0x27, 0xf5, 0x64, 0xf3, 0x64, 0xf3, 0x44, 0xf3, 0xe5, 0xf3,
    0x48, 0xf5, 0x88, 0xfd, 0x88, 0xfd, 0xa9, 0xfd, 0xa8, 0xfd, 0xa9, 0xfd, 0xa8, 0xfd, 0xa8, 0xfd, 0x88, 0xfd, 0x88, 0xfd, 0x88, 0xfd, 0xa8, 0xfd, 0xa9, 0xfd, 0xa8, 0xfd, 0xa9, 0xfd, 0xa9, 0xfd, 0xa9, 0xfd, 0xa9, 0xfd, 0xa9, 0xfd, 0xa8, 0xfd,
    0xa9, 0xfd, 0x88, 0xfd, 0x89, 0xfd, 0x88, 0xfd, 0x88, 0xfd, 0x88, 0xfd, 0x88, 0xfd, 0x88, 0xfd, 0x88, 0xfd, 0x89, 0xfd, 0x89, 0xfd, 0x68, 0xfd, 0x68, 0xfd, 0x68, 0xfd, 0xa9, 0xfd, 0x48, 0xbc, 0x61, 0x10, 0x00, 0x00, 0x00, 0x00, 0x41, 0x08,
    0x1b, 0xe7, 0xff, 0xff, 0xde, 0xff, 0xff, 0xff, 0xff, 0xff, 0xff, 0xff, 0xff, 0xff, 0xff, 0xff, 0xff, 0xff, 0xff, 0xff, 0xff, 0xff, 0xff, 0xff, 0xff, 0xff, 0xff, 0xff, 0xff, 0xff, 0xff, 0xff, 0xff, 0xff, 0xff, 0xff, 0xff, 0xff, 0xdf, 0xff,
    0xff, 0xff, 0xff, 0xff, 0xff, 0xff, 0xff, 0xff, 0xff, 0xff, 0xff, 0xff, 0xff, 0xff, 0xfe, 0xff, 0xff, 0xff, 0xff, 0xff, 0xff, 0xff, 0xff, 0xff, 0xff, 0xff, 0xff, 0xff, 0xff, 0xff, 0xff, 0xff, 0xff, 0xff, 0xff, 0xff, 0xff, 0xff, 0xff, 0xff,
    0xff, 0xff, 0xff, 0xff, 0xde, 0xff, 0xff, 0xff, 0xb6, 0xb5, 0x00, 0x00, 0x00, 0x00, 0x02, 0x29, 0x2c, 0xee, 0x2a, 0xfe, 0x88, 0xfd, 0x88, 0xfd, 0x88, 0xfd, 0x88, 0xfd, 0x88, 0xfd, 0x88, 0xfd, 0x88, 0xfd, 0xa8, 0xfd, 0x46, 0xec, 0x24, 0xf3,
    0x64, 0xf3, 0x84, 0xf3, 0x68, 0xf5, 0xa8, 0xfd, 0xc8, 0xfd, 0x48, 0xf5, 0x84, 0xf3, 0x64, 0xf3, 0x84, 0xf3, 0x43, 0xf3, 0x66, 0xf4, 0xa8, 0xfd, 0x68, 0xf5, 0x88, 0xfd, 0x88, 0xfd, 0x48, 0xf5, 0x84, 0xeb, 0xa4, 0xf3, 0x86, 0xf4, 0x68, 0xfd,
    0x88, 0xfd, 0x88, 0xfd, 0x88, 0xfd, 0xa8, 0xfd, 0xa8, 0xfd, 0xa8, 0xfd, 0x88, 0xfd, 0x88, 0xfd, 0x88, 0xfd, 0xa8, 0xfd, 0xa8, 0xfd, 0xa8, 0xfd, 0x88, 0xfd, 0x88, 0xfd, 0xa8, 0xfd, 0xa9, 0xfd, 0xa9, 0xfd, 0xc9, 0xfd, 0xa9, 0xfd, 0xa9, 0xfd,
    0xa9, 0xfd, 0xa9, 0xfd, 0xa9, 0xfd, 0x88, 0xfd, 0x88, 0xfd, 0x88, 0xfd, 0x88, 0xfd, 0x88, 0xfd, 0xa8, 0xfd, 0xa9, 0xfd, 0xca, 0xfd, 0xa9, 0xfd, 0x88, 0xfd, 0x88, 0xfd, 0x68, 0xfd, 0xe9, 0xfd, 0x6a, 0xed, 0xe4, 0x51, 0x00, 0x00, 0x00, 0x00,
    0xe7, 0x39, 0x3c, 0xe7, 0xff, 0xff, 0xfe, 0xff, 0xff, 0xff, 0xff, 0xff, 0xff, 0xff, 0xff, 0xff, 0xff, 0xff, 0xff, 0xff, 0xff, 0xff, 0xff, 0xff, 0xff, 0xff, 0xff, 0xff, 0xff, 0xff, 0xff, 0xff, 0xff, 0xff, 0xff, 0xff, 0xff, 0xff, 0xdf, 0xff,
    0xff, 0xff, 0xff, 0xff, 0xff, 0xff, 0xff, 0xff, 0xff, 0xff, 0xff, 0xff, 0xff, 0xff, 0xff, 0xff, 0xff, 0xff, 0xff, 0xff, 0xff, 0xff, 0xff, 0xff, 0xff, 0xff, 0xff, 0xff, 0xff, 0xff, 0xff, 0xff, 0xff, 0xff, 0xff, 0xff, 0xff, 0xff, 0xff, 0xff,
    0xff, 0xff, 0xff, 0xff, 0xdf, 0xff, 0xff, 0xff, 0xce, 0x7b, 0x00, 0x00, 0xa4, 0x39, 0xef, 0xf6, 0xcc, 0xfe, 0xa8, 0xfd, 0x88, 0xfd, 0xa9, 0xfd, 0xaa, 0xfd, 0x88, 0xfd, 0x88, 0xfd, 0x88, 0xfd, 0x88, 0xfd, 0xc8, 0xfd, 0xa7, 0xf4, 0x03, 0xeb,
    0x44, 0xeb, 0x66, 0xf4, 0xa8, 0xfd, 0x88, 0xfd, 0xc9, 0xfd, 0xe7, 0xf4, 0x64, 0xf3, 0x64, 0xf3, 0x64, 0xf3, 0x84, 0xf3, 0x48, 0xf5, 0x88, 0xfd, 0x88, 0xfd, 0x88, 0xfd, 0x88, 0xfd, 0xa8, 0xfd, 0x48, 0xf5, 0x48, 0xf5, 0xa8, 0xfd, 0x88, 0xfd,
    0x88, 0xfd, 0xa8, 0xfd, 0xa8, 0xfd, 0xa8, 0xfd, 0xa8, 0xfd, 0xa8, 0xfd, 0xa8, 0xfd, 0x88, 0xfd, 0x88, 0xfd, 0xa8, 0xfd, 0xa8, 0xfd, 0xa9, 0xfd, 0xa8, 0xfd, 0xa8, 0xfd, 0xa9, 0xfd, 0xa9, 0xfd, 0xc9, 0xfd, 0xc9, 0xfd, 0xa9, 0xfd, 0xa9, 0xfd,
    0xa9, 0xfd, 0xa9, 0xfd, 0xa9, 0xfd, 0xa9, 0xfd, 0xa9, 0xfd, 0xa8, 0xfd, 0xa8, 0xfd, 0xa8, 0xfd, 0xa8, 0xfd, 0xa8, 0xfd, 0xa8, 0xfd, 0xc9, 0xfd, 0xca, 0xfd, 0x88, 0xfd, 0x88, 0xfd, 0x68, 0xfd, 0xa8, 0xfd, 0xea, 0xfd, 0xc6, 0x72, 0x00, 0x00,
    0x00, 0x00, 0x45, 0x29, 0xfb, 0xde, 0xff, 0xff, 0xfe, 0xff, 0xff, 0xff, 0xff, 0xff, 0xff, 0xff, 0xff, 0xff, 0xff, 0xff, 0xff, 0xff, 0xff, 0xff, 0xff, 0xff, 0xff, 0xff, 0xff, 0xff, 0xff, 0xff, 0xff, 0xff, 0xff, 0xff, 0xff, 0xff, 0xdf, 0xff,
    0xff, 0xff, 0xff, 0xff, 0xff, 0xff, 0xff, 0xff, 0xff, 0xff, 0xff, 0xff, 0xff, 0xff, 0xff, 0xff, 0xff, 0xff, 0xff, 0xff, 0xff, 0xff, 0xff, 0xff, 0xff, 0xff, 0xff, 0xff, 0xff, 0xff, 0xff, 0xff, 0xff, 0xff, 0xff, 0xff, 0xff, 0xff, 0xff, 0xff,
    0xff, 0xff, 0xdf, 0xff, 0xff, 0xff, 0x6d, 0x6b, 0x00, 0x00, 0xa4, 0x39, 0xef, 0xee, 0xed, 0xfe, 0xa8, 0xfd, 0x88, 0xfd, 0x88, 0xfd, 0x88, 0xfd, 0x88, 0xfd, 0x88, 0xfd, 0x88, 0xfd, 0x88, 0xfd, 0x88, 0xfd, 0xa8, 0xfd, 0x68, 0xf5, 0x46, 0xec,
    0x86, 0xf4, 0x88, 0xfd, 0x88, 0xfd, 0x88, 0xfd, 0xc8, 0xfd, 0xe7, 0xf4, 0x64, 0xeb, 0x84, 0xf3, 0x64, 0xf3, 0x86, 0xf4, 0x88, 0xfd, 0x88, 0xfd, 0x88, 0xfd, 0x88, 0xfd, 0x88, 0xfd, 0x88, 0xfd, 0xa8, 0xfd, 0xa8, 0xfd, 0x88, 0xfd, 0x88, 0xfd,
    0x88, 0xfd, 0xa8, 0xfd, 0xa8, 0xfd, 0xa8, 0xfd, 0xa8, 0xfd, 0xa8, 0xfd, 0xa8, 0xfd, 0x88, 0xfd, 0x88, 0xfd, 0xa8, 0xfd, 0xa8, 0xfd, 0xa8, 0xfd, 0xa9, 0xfd, 0xa9, 0xfd, 0xa9, 0xfd, 0xa9, 0xfd, 0xa9, 0xfd, 0xa9, 0xfd, 0xa9, 0xfd, 0xc9, 0xfd,
    0xa9, 0xfd, 0xa8, 0xfd, 0xa8, 0xfd, 0xa9, 0xfd, 0xa8, 0xfd, 0xa8, 0xfd, 0xa8, 0xfd, 0xa8, 0xfd, 0xa8, 0xfd, 0xa8, 0xfd, 0xa8, 0xfd, 0xa8, 0xfd, 0xa9, 0xfd, 0x88, 0xfd, 0x88, 0xfd, 0x88, 0xfd, 0x88, 0xfd, 0x88, 0xfd, 0x0a, 0xfe, 0x47, 0x8b,
    0x00, 0x00, 0x00, 0x00, 0x04, 0x21, 0x1c, 0xe7, 0xff, 0xff, 0xff, 0xff, 0xff, 0xff, 0xff, 0xff, 0xff, 0xff, 0xff, 0xff, 0xff, 0xff, 0xff, 0xff, 0xff, 0xff, 0xff, 0xff, 0xff, 0xff, 0xff, 0xff, 0xff, 0xff, 0xff, 0xff, 0xff, 0xff, 0xdf, 0xff,
    0xff, 0xff, 0xff, 0xff, 0xff, 0xff, 0xff, 0xff, 0xff, 0xff, 0xff, 0xff, 0xff, 0xff, 0xff, 0xff, 0xff, 0xff, 0xff, 0xff, 0xff, 0xff, 0xff, 0xff, 0xff, 0xff, 0xff, 0xff, 0xff, 0xff, 0xff, 0xff, 0xff, 0xff, 0xff, 0xff, 0xff, 0xff, 0xff, 0xff,
    0xde, 0xff, 0xff, 0xff, 0xcf, 0x7b, 0x00, 0x00, 0x44, 0x31, 0xf0, 0xf6, 0x0d, 0xff, 0xa9, 0xfd, 0xa8, 0xfd, 0x88, 0xfd, 0x88, 0xfd, 0x88, 0xfd, 0x88, 0xfd, 0x88, 0xfd, 0x88, 0xfd, 0x88, 0xfd, 0x88, 0xfd, 0x88, 0xfd, 0x88, 0xfd, 0xa8, 0xfd,
    0xa8, 0xfd, 0x88, 0xfd, 0x88, 0xfd, 0x88, 0xfd, 0xc8, 0xfd, 0xe7, 0xf4, 0x84, 0xf3, 0x64, 0xf3, 0xc5, 0xf3, 0x68, 0xf5, 0x88, 0xfd, 0x88, 0xfd, 0x88, 0xfd, 0x88, 0xfd, 0x88, 0xfd, 0xa8, 0xfd, 0x88, 0xfd, 0x88, 0xfd, 0x88, 0xfd, 0x88, 0xfd,
    0x88, 0xfd, 0xa8, 0xfd, 0xa8, 0xfd, 0xa8, 0xfd, 0xa8, 0xfd, 0xa8, 0xfd, 0xa8, 0xfd, 0x88, 0xfd, 0xa8, 0xfd, 0xa9, 0xfd, 0xa8, 0xfd, 0xa8, 0xfd, 0xa8, 0xfd, 0xa9, 0xfd, 0xa8, 0xfd, 0xa8, 0xfd, 0xa8, 0xfd, 0xa8, 0xfd, 0xa8, 0xfd, 0xa9, 0xfd,
    0xa9, 0xfd, 0xa8, 0xfd, 0xa8, 0xfd, 0x88, 0xfd, 0x88, 0xfd, 0x88, 0xfd, 0xa8, 0xfd, 0xa8, 0xfd, 0xa8, 0xfd, 0x88, 0xfd, 0x88, 0xfd, 0x88, 0xfd, 0x88, 0xfd, 0x88, 0xfd, 0x88, 0xfd, 0x88, 0xfd, 0x88, 0xfd, 0x88, 0xfd, 0x68, 0xf5, 0x0a, 0xfe,
    0xe6, 0x82, 0x00, 0x00, 0x00, 0x00, 0x86, 0x31, 0x9e, 0xf7, 0xff, 0xff, 0xff, 0xff, 0xff, 0xff, 0xff, 0xff, 0xff, 0xff, 0xff, 0xff, 0xff, 0xff, 0xff, 0xff, 0xff, 0xff, 0xff, 0xff, 0xff, 0xff, 0xff, 0xff, 0xff, 0xff, 0xff, 0xff, 0xdf, 0xff,
    0xff, 0xff, 0xff, 0xff, 0xff, 0xff, 0xff, 0xff, 0xff, 0xff, 0xff, 0xff, 0xff, 0xff, 0xff, 0xff, 0xff, 0xff, 0xff, 0xff, 0xff, 0xff, 0xff, 0xff, 0xff, 0xff, 0xff, 0xff, 0xff, 0xff, 0xff, 0xff, 0xff, 0xff, 0xff, 0xff, 0xff, 0xff, 0xde, 0xff,
    0xff, 0xff, 0x71, 0x8c, 0x00, 0x00, 0xc2, 0x18, 0x4f, 0xde, 0x4e, 0xff, 0xc9, 0xfd, 0xa8, 0xfd, 0xa8, 0xfd, 0x88, 0xfd, 0x88, 0xfd, 0x88, 0xfd, 0x88, 0xfd, 0x88, 0xfd, 0x88, 0xfd, 0x88, 0xfd, 0x88, 0xfd, 0x88, 0xfd, 0x88, 0xfd, 0x88, 0xfd,
    0x88, 0xfd, 0x88, 0xfd, 0xa8, 0xfd, 0xa8, 0xfd, 0xa8, 0xfd, 0x48, 0xf5, 0x64, 0xf3, 0x64, 0xf3, 0x08, 0xf5, 0xa8, 0xfd, 0x88, 0xfd, 0x88, 0xfd, 0x88, 0xfd, 0x88, 0xfd, 0xa8, 0xfd, 0xa8, 0xfd, 0xa8, 0xfd, 0x88, 0xfd, 0x88, 0xfd, 0x88, 0xfd,
    0x88, 0xfd, 0xa8, 0xfd, 0xa8, 0xfd, 0xa8, 0xfd, 0xa8, 0xfd, 0xa8, 0xfd, 0xa8, 0xfd, 0xa8, 0xfd, 0xa8, 0xfd, 0xa8, 0xfd, 0x88, 0xfd, 0xa8, 0xfd, 0xa8, 0xfd, 0xa8, 0xfd, 0xa8, 0xfd, 0x88, 0xfd, 0xa8, 0xfd, 0xa8, 0xfd, 0xa8, 0xfd, 0xa8, 0xfd,
    0xa8, 0xfd, 0xa8, 0xfd, 0xa8, 0xfd, 0x88, 0xfd, 0xa8, 0xfd, 0xa8, 0xfd, 0xa8, 0xfd, 0xa8, 0xfd, 0xa8, 0xfd, 0xa8, 0xfd, 0xa8, 0xfd, 0xa8, 0xfd, 0xa8, 0xfd, 0x88, 0xfd, 0x88, 0xfd, 0x88, 0xfd, 0x88, 0xfd, 0x88, 0xfd, 0x88, 0xfd, 0x68, 0xf5,
    0xea, 0xfd, 0x45, 0x62, 0x00, 0x00, 0x00, 0x00, 0xaa, 0x52, 0xff, 0xff, 0xdf, 0xff, 0xff, 0xff, 0xff, 0xff, 0xff, 0xff, 0xff, 0xff, 0xff, 0xff, 0xff, 0xff, 0xff, 0xff, 0xff, 0xff, 0xff, 0xff, 0xff, 0xff, 0xff, 0xff, 0xff, 0xff, 0xdf, 0xff,
    0xff, 0xff, 0xff, 0xff, 0xff, 0xff, 0xff, 0xff, 0xff, 0xff, 0xff, 0xff, 0xff, 0xff, 0xff, 0xff, 0xff, 0xff, 0xff, 0xff, 0xff, 0xff, 0xff, 0xff, 0xff, 0xff, 0xff, 0xff, 0xff, 0xff, 0xff, 0xff, 0xff, 0xff, 0xff, 0xff, 0xde, 0xff, 0xff, 0xff,
    0xd7, 0xbd, 0x00, 0x00, 0x40, 0x08, 0x8c, 0xc5, 0x6f, 0xff, 0x0a, 0xf6, 0xa9, 0xfd, 0xa8, 0xfd, 0xa8, 0xfd, 0xa8, 0xfd, 0xa8, 0xfd, 0x88, 0xfd, 0x88, 0xfd, 0x88, 0xfd, 0x88, 0xfd, 0xa8, 0xfd, 0xa8, 0xfd, 0xa8, 0xfd, 0x88, 0xfd, 0x88, 0xfd,
    0x88, 0xfd, 0xa8, 0xfd, 0xa8, 0xfd, 0xa8, 0xfd, 0xa8, 0xfd, 0xc9, 0xfd, 0xe7, 0xf4, 0x08, 0xf5, 0xc9, 0xfd, 0x88, 0xfd, 0x88, 0xfd, 0x88, 0xfd, 0x88, 0xfd, 0x88, 0xfd, 0x88, 0xfd, 0xa8, 0xfd, 0xa8, 0xfd, 0x88, 0xfd, 0x88, 0xfd, 0xa8, 0xfd,
    0xa9, 0xfd, 0xa9, 0xfd, 0xa9, 0xfd, 0xa8, 0xfd, 0xa8, 0xfd, 0xa8, 0xfd, 0xa8, 0xfd, 0x88, 0xfd, 0x88, 0xfd, 0x88, 0xfd, 0x88, 0xfd, 0x88, 0xfd, 0xa8, 0xfd, 0xa8, 0xfd, 0xa8, 0xfd, 0x88, 0xfd, 0x88, 0xfd, 0x88, 0xfd, 0xa8, 0xfd, 0xa8, 0xfd,
    0xa8, 0xfd, 0xa8, 0xfd, 0xa8, 0xfd, 0xa8, 0xfd, 0xa8, 0xfd, 0xa8, 0xfd, 0x88, 0xfd, 0x88, 0xfd, 0xa8, 0xfd, 0xa9, 0xfd, 0xa8, 0xfd, 0xa8, 0xfd, 0xa8, 0xfd, 0xa8, 0xfd, 0x88, 0xfd, 0x88, 0xfd, 0x88, 0xfd, 0x88, 0xfd, 0x88, 0xfd, 0x88, 0xfd,
    0x88, 0xfd, 0xca, 0xfd, 0x63, 0x39, 0x00, 0x00, 0x00, 0x00, 0x30, 0x84, 0xff, 0xff, 0xdf, 0xff, 0xff, 0xff, 0xff, 0xff, 0xff, 0xff, 0xff, 0xff, 0xff, 0xff, 0xff, 0xff, 0xff, 0xff, 0xff, 0xff, 0xff, 0xff, 0xff, 0xff, 0xff, 0xff, 0xdf, 0xff,
    0xff, 0xff, 0xff, 0xff, 0xff, 0xff, 0xff, 0xff, 0xff, 0xff, 0xff, 0xff, 0xff, 0xff, 0xff, 0xff, 0xff, 0xff, 0xff, 0xff, 0xff, 0xff, 0xff, 0xff, 0xff, 0xff, 0xff, 0xff, 0xff, 0xff, 0xff, 0xff, 0xff, 0xff, 0xff, 0xff, 0xff, 0xff, 0x1c, 0xe7,
    0xc2, 0x18, 0x00, 0x00, 0xe9, 0x8b, 0xb0, 0xff, 0x6c, 0xfe, 0xc9, 0xfd, 0xc9, 0xfd, 0xa8, 0xfd, 0xa8, 0xfd, 0xa8, 0xfd, 0xa8, 0xfd, 0xa8, 0xfd, 0xa8, 0xfd, 0x88, 0xfd, 0x88, 0xfd, 0xa8, 0xfd, 0x88, 0xfd, 0x88, 0xfd, 0x88, 0xfd, 0x88, 0xfd,
    0x88, 0xfd, 0xa8, 0xfd, 0xa8, 0xfd, 0xa8, 0xfd, 0xa8, 0xfd, 0xa8, 0xfd, 0xc9, 0xfd, 0xa8, 0xfd, 0xa8, 0xfd, 0xa8, 0xfd, 0x88, 0xfd, 0x88, 0xfd, 0x88, 0xfd, 0x88, 0xfd, 0x88, 0xfd, 0xa9, 0xfd, 0xa9, 0xfd, 0xa9, 0xfd, 0x89, 0xf5, 0x68, 0xf5,
    0x48, 0xed, 0x48, 0xed, 0x89, 0xf5, 0xa8, 0xfd, 0xa8, 0xfd, 0xa8, 0xfd, 0xa8, 0xfd, 0x88, 0xfd, 0x88, 0xfd, 0x88, 0xfd, 0xa8, 0xfd, 0xa8, 0xfd, 0xa8, 0xfd, 0x88, 0xfd, 0x88, 0xfd, 0x88, 0xfd, 0x88, 0xfd, 0x88, 0xfd, 0x88, 0xfd, 0xa8, 0xfd,
    0xa8, 0xfd, 0xa8, 0xfd, 0xa8, 0xfd, 0xa8, 0xfd, 0x88, 0xfd, 0x88, 0xfd, 0x88, 0xfd, 0x88, 0xfd, 0x88, 0xfd, 0x88, 0xfd, 0x88, 0xfd, 0x88, 0xfd, 0xa9, 0xfd, 0x88, 0xfd, 0x88, 0xfd, 0x88, 0xfd, 0x88, 0xfd, 0x88, 0xfd, 0x88, 0xfd, 0x88, 0xfd,
    0x88, 0xfd, 0xc8, 0xfd, 0x4a, 0xe5, 0x81, 0x10, 0x00, 0x00, 0x00, 0x00, 0x38, 0xc6, 0xff, 0xff, 0xdf, 0xff, 0xff, 0xff, 0xff, 0xff, 0xff, 0xff, 0xff, 0xff, 0xff, 0xff, 0xff, 0xff, 0xff, 0xff, 0xff, 0xff, 0xff, 0xff, 0xff, 0xff, 0xff, 0xff,
    0xff, 0xff, 0xff, 0xff, 0xff, 0xff, 0xff, 0xff, 0xff, 0xff, 0xff, 0xff, 0xff, 0xff, 0xff, 0xff, 0xff, 0xff, 0xff, 0xff, 0xff, 0xff, 0xff, 0xff, 0xff, 0xff, 0xff, 0xff, 0xff, 0xff, 0xff, 0xff, 0xff, 0xff, 0xdf, 0xff, 0xff, 0xff, 0x28, 0x42,
    0x00, 0x00, 0x05, 0x4a, 0x6f, 0xff, 0xed, 0xfe, 0x0a, 0xfe, 0xc9, 0xfd, 0xa8, 0xfd, 0xa8, 0xfd, 0xa8, 0xfd, 0xa8, 0xfd, 0xa8, 0xfd, 0xa8, 0xfd, 0xa8, 0xfd, 0xa8, 0xfd, 0xa8, 0xfd, 0xa8, 0xfd, 0xa8, 0xfd, 0x88, 0xfd, 0x88, 0xfd, 0x88, 0xfd,
    0xa8, 0xfd, 0xa8, 0xfd, 0xa8, 0xfd, 0x88, 0xfd, 0x88, 0xfd, 0x88, 0xfd, 0x88, 0xfd, 0xa8, 0xfd, 0xa8, 0xfd, 0xa8, 0xfd, 0xa8, 0xfd, 0x88, 0xfd, 0x88, 0xfd, 0xa8, 0xfd, 0xa9, 0xfd, 0x69, 0xf5, 0xe7, 0xe4, 0x87, 0xdc, 0x87, 0xdc, 0xa7, 0xdc,
    0xc7, 0xdc, 0x08, 0xe5, 0x48, 0xf5, 0x88, 0xfd, 0x88, 0xfd, 0xa8, 0xfd, 0x88, 0xfd, 0xa8, 0xfd, 0xa8, 0xfd, 0xa8, 0xfd, 0xa8, 0xfd, 0xa8, 0xfd, 0xa8, 0xfd, 0xa8, 0xfd, 0x88, 0xfd, 0x88, 0xfd, 0x88, 0xfd, 0x88, 0xfd, 0x88, 0xfd, 0x88, 0xfd,
    0xa8, 0xfd, 0xa8, 0xfd, 0xa8, 0xfd, 0x88, 0xfd, 0x88, 0xfd, 0x88, 0xfd, 0x88, 0xfd, 0xa8, 0xfd, 0x88, 0xfd, 0x88, 0xfd, 0x88, 0xfd, 0x88, 0xfd, 0x88, 0xfd, 0x88, 0xfd, 0x88, 0xfd, 0x88, 0xfd, 0x88, 0xfd, 0x88, 0xfd, 0x88, 0xfd, 0x88, 0xfd,
    0x88, 0xfd, 0x88, 0xfd, 0x09, 0xfe, 0xe8, 0xa3, 0x00, 0x00, 0x00, 0x00, 0x45, 0x29, 0x9e, 0xf7, 0xff, 0xff, 0xff, 0xff, 0xff, 0xff, 0xff, 0xff, 0xff, 0xff, 0xff, 0xff, 0xff, 0xff, 0xff, 0xff, 0xff, 0xff, 0xff, 0xff, 0xff, 0xff, 0xff, 0xff,
    0xff, 0xff, 0xff, 0xff, 0xff, 0xff, 0xff, 0xff, 0xff, 0xff, 0xff, 0xff, 0xff, 0xff, 0xff, 0xff, 0xff, 0xff, 0xff, 0xff, 0xff, 0xff, 0xff, 0xff, 0xff, 0xff, 0xff, 0xff, 0xff, 0xff, 0xff, 0xff, 0xde, 0xff, 0xff, 0xff, 0x92, 0x94, 0x00, 0x00,
    0x81, 0x10, 0x4d, 0xde, 0x4e, 0xff, 0x2b, 0xfe, 0xea, 0xfd, 0xa9, 0xfd, 0x88, 0xfd, 0x88, 0xfd, 0x88, 0xfd, 0x88, 0xfd, 0xa8, 0xfd, 0x69, 0xf5, 0xe8, 0xe4, 0xe7, 0xe4, 0xc7, 0xe4, 0xe7, 0xe4, 0x68, 0xf5, 0x89, 0xf5, 0xa8, 0xfd, 0x88, 0xfd,
    0xa8, 0xfd, 0xa8, 0xfd, 0xa8, 0xfd, 0x88, 0xfd, 0x88, 0xfd, 0x88, 0xfd, 0xa8, 0xfd, 0xa8, 0xfd, 0xa8, 0xfd, 0xa8, 0xfd, 0xa8, 0xfd, 0x88, 0xfd, 0xa8, 0xfd, 0x68, 0xf5, 0xc7, 0xe4, 0x05, 0xd4, 0x26, 0xd4, 0xc7, 0xe4, 0x48, 0xf5, 0xa9, 0xfd,
    0xa9, 0xfd, 0xa8, 0xfd, 0xa8, 0xfd, 0x88, 0xfd, 0xa8, 0xfd, 0xa8, 0xfd, 0x88, 0xfd, 0xa8, 0xfd, 0xa8, 0xfd, 0xa8, 0xfd, 0xa8, 0xfd, 0xa8, 0xfd, 0xa9, 0xfd, 0xa8, 0xfd, 0xa8, 0xfd, 0x88, 0xfd, 0x88, 0xfd, 0x88, 0xfd, 0x88, 0xfd, 0x88, 0xfd,
    0x88, 0xfd, 0xa8, 0xfd, 0xa8, 0xfd, 0x88, 0xfd, 0xa8, 0xfd, 0xa8, 0xfd, 0xa8, 0xfd, 0xa8, 0xfd, 0xa8, 0xfd, 0x88, 0xfd, 0x88, 0xfd, 0x88, 0xfd, 0x88, 0xfd, 0x88, 0xfd, 0x88, 0xfd, 0x88, 0xfd, 0x88, 0xfd, 0x88, 0xfd, 0x88, 0xfd, 0x88, 0xfd,
    0x88, 0xfd, 0x88, 0xfd, 0x89, 0xf5, 0x2b, 0xfe, 0x65, 0x62, 0x00, 0x00, 0x00, 0x00, 0xae, 0x73, 0xff, 0xff, 0xfe, 0xff, 0xff, 0xff, 0xff, 0xff, 0xff, 0xff, 0xff, 0xff, 0xff, 0xff, 0xff, 0xff, 0xff, 0xff, 0xff, 0xff, 0xff, 0xff, 0xff, 0xff,
    0xff, 0xff, 0xff, 0xff, 0xff, 0xff, 0xff, 0xff, 0xff, 0xff, 0xff, 0xff, 0xff, 0xff, 0xff, 0xff, 0xff, 0xff, 0xff, 0xff, 0xff, 0xff, 0xff, 0xff, 0xff, 0xff, 0xff, 0xff, 0xff, 0xff, 0xff, 0xff, 0xff, 0xff, 0x1b, 0xe7, 0x81, 0x10, 0x00, 0x00,
    0x09, 0x94, 0xb0, 0xff, 0x6c, 0xfe, 0xc9, 0xfd, 0xc9, 0xfd, 0xa8, 0xfd, 0x88, 0xfd, 0x88, 0xfd, 0xa8, 0xfd, 0xa8, 0xfd, 0xa8, 0xfd, 0x88, 0xf5, 0x28, 0xed, 0x28, 0xed, 0xe7, 0xe4, 0x46, 0xd4, 0x46, 0xd4, 0xa7, 0xdc, 0x68, 0xf5, 0xa8, 0xfd,
    0xa8, 0xfd, 0xa8, 0xfd, 0xa8, 0xfd, 0xa8, 0xfd, 0x88, 0xfd, 0x88, 0xfd, 0xa8, 0xfd, 0xa8, 0xfd, 0xa8, 0xfd, 0xa8, 0xfd, 0xa8, 0xfd, 0xa8, 0xfd, 0xa8, 0xfd, 0xa7, 0xdc, 0x46, 0xd4, 0xa7, 0xe4, 0x69, 0xf5, 0xa8, 0xfd, 0xa8, 0xfd, 0xa8, 0xfd,
    0xa8, 0xfd, 0xa8, 0xfd, 0x88, 0xfd, 0x88, 0xfd, 0xa8, 0xfd, 0xa8, 0xfd, 0xa8, 0xfd, 0xa8, 0xfd, 0xa8, 0xfd, 0xa8, 0xfd, 0xa8, 0xfd, 0xa8, 0xfd, 0xa9, 0xfd, 0xa8, 0xfd, 0xa8, 0xfd, 0xa8, 0xfd, 0xa8, 0xfd, 0x88, 0xfd, 0x88, 0xfd, 0x88, 0xfd,
    0x88, 0xfd, 0x88, 0xfd, 0x88, 0xfd, 0x88, 0xfd, 0xa8, 0xfd, 0xa8, 0xfd, 0xa8, 0xfd, 0xa8, 0xfd, 0xa8, 0xfd, 0xa8, 0xfd, 0x88, 0xfd, 0x88, 0xfd, 0x88, 0xfd, 0xa8, 0xfd, 0xa9, 0xfd, 0xa9, 0xfd, 0xa8, 0xfd, 0xa8, 0xfd, 0x88, 0xfd, 0x88, 0xfd,
    0x88, 0xfd, 0x88, 0xfd, 0x89, 0xfd, 0xa9, 0xfd, 0x6a, 0xed, 0xa1, 0x18, 0x00, 0x00, 0x20, 0x00, 0x99, 0xd6, 0xff, 0xff, 0xfe, 0xff, 0xff, 0xff, 0xff, 0xff, 0xff, 0xff, 0xff, 0xff, 0xff, 0xff, 0xff, 0xff, 0xff, 0xff, 0xff, 0xff, 0xdf, 0xff,
    0xff, 0xff, 0xff, 0xff, 0xff, 0xff, 0xff, 0xff, 0xff, 0xff, 0xff, 0xff, 0xff, 0xff, 0xff, 0xff, 0xff, 0xff, 0xff, 0xff, 0xff, 0xff, 0xff, 0xff, 0xff, 0xff, 0xff, 0xff, 0xff, 0xff, 0xdf, 0xff, 0xff, 0xff, 0xeb, 0x5a, 0x00, 0x00, 0x43, 0x31,
    0x2f, 0xff, 0xed, 0xfe, 0xe9, 0xfd, 0xc9, 0xfd, 0xa9, 0xfd, 0x88, 0xfd, 0x88, 0xfd, 0xa8, 0xfd, 0xa9, 0xfd, 0xa8, 0xfd, 0xa8, 0xfd, 0xa8, 0xfd, 0xa8, 0xfd, 0xa9, 0xfd, 0xa9, 0xfd, 0x89, 0xfd, 0xc7, 0xe4, 0x25, 0xcc, 0xe7, 0xe4, 0xc9, 0xfd,
    0xa8, 0xfd, 0xa8, 0xfd, 0x88, 0xfd, 0x88, 0xfd, 0xa8, 0xfd, 0xa8, 0xfd, 0xa8, 0xfd, 0xa8, 0xfd, 0xa8, 0xfd, 0xa8, 0xfd, 0xa8, 0xfd, 0xa8, 0xfd, 0xa9, 0xfd, 0x28, 0xed, 0x68, 0xf5, 0xa9, 0xfd, 0xa8, 0xfd, 0x88, 0xfd, 0xa8, 0xfd, 0xa9, 0xfd,
    0xa9, 0xfd, 0xa9, 0xfd, 0xa9, 0xfd, 0xa8, 0xfd, 0xa8, 0xfd, 0xa8, 0xfd, 0xa8, 0xfd, 0xa8, 0xfd, 0xa8, 0xfd, 0xa8, 0xfd, 0xa8, 0xfd, 0xa8, 0xfd, 0xa8, 0xfd, 0xa8, 0xfd, 0xa8, 0xfd, 0xa8, 0xfd, 0xa8, 0xfd, 0xa8, 0xfd, 0x88, 0xfd, 0xa8, 0xfd,
    0xa8, 0xfd, 0x88, 0xfd, 0x88, 0xfd, 0xa8, 0xfd, 0xa8, 0xfd, 0xa8, 0xfd, 0xa8, 0xfd, 0xa8, 0xfd, 0xa8, 0xfd, 0xa8, 0xfd, 0xa8, 0xfd, 0x88, 0xfd, 0x88, 0xfd, 0xa9, 0xfd, 0xa9, 0xfd, 0xa9, 0xfd, 0xa9, 0xfd, 0xa8, 0xfd, 0x88, 0xfd, 0x88, 0xfd,
    0x88, 0xfd, 0x88, 0xfd, 0x88, 0xfd, 0x68, 0xf5, 0xe9, 0xfd, 0xa7, 0x9b, 0x00, 0x00, 0x00, 0x00, 0x49, 0x4a, 0xff, 0xff, 0xff, 0xff, 0xff, 0xff, 0xff, 0xff, 0xff, 0xff, 0xff, 0xff, 0xff, 0xff, 0xff, 0xff, 0xff, 0xff, 0xff, 0xff, 0xdf, 0xff,
    0xff, 0xff, 0xff, 0xff, 0xff, 0xff, 0xff, 0xff, 0xff, 0xff, 0xff, 0xff, 0xff, 0xff, 0xff, 0xff, 0xff, 0xff, 0xff, 0xff, 0xff, 0xff, 0xff, 0xff, 0xff, 0xff, 0xff, 0xff, 0xfe, 0xff, 0xff, 0xff, 0x79, 0xce, 0x20, 0x00, 0x00, 0x00, 0xca, 0xb4,
    0x6f, 0xff, 0x0a, 0xfe, 0xc9, 0xfd, 0xa9, 0xfd, 0x88, 0xfd, 0x88, 0xfd, 0xa8, 0xfd, 0xa8, 0xfd, 0xa9, 0xfd, 0xa8, 0xfd, 0xa8, 0xfd, 0xa8, 0xfd, 0x88, 0xfd, 0xa8, 0xfd, 0xa8, 0xfd, 0xa8, 0xfd, 0xc9, 0xfd, 0x68, 0xf5, 0x48, 0xed, 0xa8, 0xfd,
    0x88, 0xfd, 0x88, 0xfd, 0x88, 0xfd, 0x88, 0xfd, 0x88, 0xfd, 0x88, 0xfd, 0x88, 0xfd, 0xa8, 0xfd, 0xa8, 0xfd, 0xa8, 0xfd, 0xa8, 0xfd, 0xa8, 0xfd, 0xa8, 0xfd, 0xa9, 0xfd, 0x88, 0xfd, 0x88, 0xfd, 0xa8, 0xfd, 0xa8, 0xfd, 0xa9, 0xfd, 0xa9, 0xfd,
    0xa9, 0xfd, 0xa9, 0xfd, 0xa9, 0xfd, 0xa9, 0xfd, 0xa8, 0xfd, 0xa8, 0xfd, 0xa9, 0xfd, 0xa8, 0xfd, 0xa8, 0xfd, 0x88, 0xfd, 0x88, 0xfd, 0x88, 0xfd, 0x88, 0xfd, 0x88, 0xfd, 0x88, 0xfd, 0x88, 0xfd, 0xa8, 0xfd, 0x88, 0xfd, 0x88, 0xfd, 0x88, 0xfd,
    0xa8, 0xfd, 0x88, 0xfd, 0x88, 0xfd, 0xa8, 0xfd, 0xa8, 0xfd, 0x88, 0xfd, 0xa8, 0xfd, 0xa8, 0xfd, 0xa8, 0xfd, 0xa8, 0xfd, 0xa8, 0xfd, 0xa8, 0xfd, 0xa8, 0xfd, 0xa8, 0xfd, 0xa9, 0xfd, 0xa8, 0xfd, 0x88, 0xfd, 0x88, 0xfd, 0x88, 0xfd, 0x88, 0xfd,
    0x88, 0xfd, 0x88, 0xfd, 0x88, 0xfd, 0x88, 0xfd, 0x88, 0xfd, 0xc9, 0xfd, 0x43, 0x31, 0x00, 0x00, 0x00, 0x00, 0xf7, 0xbd, 0xff, 0xff, 0xde, 0xff, 0xff, 0xff, 0xff, 0xff, 0xff, 0xff, 0xff, 0xff, 0xff, 0xff, 0xff, 0xff, 0xff, 0xff, 0xdf, 0xff,
    0xff, 0xff, 0xff, 0xff, 0xff, 0xff, 0xff, 0xff, 0xff, 0xff, 0xff, 0xff, 0xff, 0xff, 0xff, 0xff, 0xff, 0xff, 0xff, 0xff, 0xff, 0xff, 0xff, 0xff, 0xff, 0xff, 0xff, 0xff, 0xff, 0xff, 0xff, 0xff, 0x89, 0x52, 0x00, 0x00, 0x63, 0x31, 0x2f, 0xff,
    0x8c, 0xfe, 0xc9, 0xfd, 0xc9, 0xfd, 0xa9, 0xfd, 0xa8, 0xfd, 0xa8, 0xfd, 0xa8, 0xfd, 0xa9, 0xfd, 0xa9, 0xfd, 0xa9, 0xfd, 0xa9, 0xfd, 0xa9, 0xfd, 0xa9, 0xfd, 0xa9, 0xfd, 0xa9, 0xfd, 0xa9, 0xfd, 0xa8, 0xfd, 0xa8, 0xfd, 0x88, 0xfd, 0x88, 0xfd,
    0x88, 0xfd, 0xa8, 0xfd, 0xa8, 0xfd, 0x88, 0xfd, 0x88, 0xfd, 0xa8, 0xfd, 0x88, 0xfd, 0xa8, 0xfd, 0xa8, 0xfd, 0xa8, 0xfd, 0xa8, 0xfd, 0xa8, 0xfd, 0x88, 0xfd, 0xa8, 0xfd, 0xa9, 0xfd, 0xa9, 0xfd, 0xa9, 0xfd, 0xa9, 0xfd, 0xa9, 0xfd, 0xa9, 0xfd,
    0xa9, 0xfd, 0xa9, 0xfd, 0x88, 0xf5, 0x89, 0xfd, 0x88, 0xfd, 0xa8, 0xfd, 0xc9, 0xfd, 0xe9, 0xfd, 0x09, 0xfe, 0x29, 0xfe, 0x2a, 0xfe, 0x2a, 0xfe, 0x2a, 0xfe, 0x2a, 0xfe, 0x2a, 0xfe, 0x09, 0xfe, 0xa8, 0xfd, 0xa8, 0xfd, 0xa8, 0xfd, 0xa8, 0xfd,
    0xa8, 0xfd, 0x88, 0xfd, 0x88, 0xfd, 0x88, 0xfd, 0x88, 0xfd, 0xa8, 0xfd, 0xa8, 0xfd, 0xa8, 0xfd, 0xa8, 0xfd, 0xa8, 0xfd, 0xa8, 0xfd, 0xa8, 0xfd, 0x88, 0xfd, 0xa8, 0xfd, 0xa9, 0xfd, 0x88, 0xfd, 0x88, 0xfd, 0x88, 0xfd, 0x88, 0xfd, 0x88, 0xfd,
    0x89, 0xfd, 0x88, 0xfd, 0x88, 0xfd, 0x88, 0xfd, 0x68, 0xf5, 0xe9, 0xfd, 0x28, 0xb4, 0x00, 0x00, 0x00, 0x00, 0x28, 0x4a, 0xff, 0xff, 0xff, 0xff, 0xff, 0xff, 0xff, 0xff, 0xff, 0xff, 0xff, 0xff, 0xff, 0xff, 0xff, 0xff, 0xff, 0xff, 0xdf, 0xff,
    0xff, 0xff, 0xff, 0xff, 0xff, 0xff, 0xff, 0xff, 0xff, 0xff, 0xff, 0xff, 0xff, 0xff, 0xff, 0xff, 0xff, 0xff, 0xff, 0xff, 0xff, 0xff, 0xff, 0xff, 0xff, 0xff, 0xfe, 0xff, 0xff, 0xff, 0x9a, 0xd6, 0x20, 0x00, 0x00, 0x00, 0x69, 0xa4, 0x6e, 0xff,
    0x0a, 0xf6, 0xe9, 0xfd, 0xc9, 0xfd, 0xa8, 0xfd, 0x88, 0xfd, 0x88, 0xfd, 0xa9, 0xfd, 0x89, 0xfd, 0xa8, 0xfd, 0xa9, 0xfd, 0xa9, 0xfd, 0xa9, 0xfd, 0xa9, 0xfd, 0xa9, 0xfd, 0xa9, 0xfd, 0xa9, 0xfd, 0xc9, 0xfd, 0xa9, 0xfd, 0x88, 0xfd, 0x88, 0xfd,
    0x88, 0xfd, 0xa8, 0xfd, 0x88, 0xfd, 0x88, 0xfd, 0x88, 0xfd, 0x88, 0xfd, 0x88, 0xfd, 0x88, 0xfd, 0xa8, 0xfd, 0xa8, 0xfd, 0xa8, 0xfd, 0x88, 0xfd, 0x88, 0xfd, 0xa9, 0xfd, 0xc9, 0xfd, 0xc9, 0xfd, 0xa9, 0xfd, 0xa8, 0xfd, 0xa8, 0xf5, 0xa8, 0xfd,
    0xc9, 0xfd, 0xe9, 0xfd, 0x0a, 0xfe, 0x0a, 0xfe, 0xea, 0xfd, 0x8a, 0xf5, 0x29, 0xdd, 0xa9, 0xcc, 0x07, 0xac, 0x86, 0x93, 0x05, 0x83, 0xa5, 0x72, 0x85, 0x6a, 0x65, 0x6a, 0x65, 0x6a, 0x66, 0x93, 0x89, 0xf5, 0xa8, 0xfd, 0xa8, 0xfd, 0xa8, 0xfd,
    0x88, 0xfd, 0x88, 0xfd, 0x88, 0xfd, 0x88, 0xfd, 0x88, 0xfd, 0x88, 0xfd, 0x88, 0xfd, 0x88, 0xfd, 0x88, 0xfd, 0xa8, 0xfd, 0xa8, 0xfd, 0xc8, 0xfd, 0xc9, 0xfd, 0xc9, 0xfd, 0xc9, 0xfd, 0xc9, 0xfd, 0xa9, 0xfd, 0xa9, 0xfd, 0xa9, 0xfd, 0xa9, 0xfd,
    0xc9, 0xfd, 0xa9, 0xfd, 0xa9, 0xfd, 0xa8, 0xfd, 0xa8, 0xfd, 0x88, 0xfd, 0xc9, 0xfd, 0x43, 0x39, 0x00, 0x00, 0x00, 0x00, 0x58, 0xce, 0xff, 0xff, 0xdf, 0xff, 0xff, 0xff, 0xff, 0xff, 0xff, 0xff, 0xff, 0xff, 0xff, 0xff, 0xff, 0xff, 0xdf, 0xff,
    0xff, 0xff, 0xff, 0xff, 0xff, 0xff, 0xff, 0xff, 0xff, 0xff, 0xff, 0xff, 0xff, 0xff, 0xff, 0xff, 0xff, 0xff, 0xff, 0xff, 0xff, 0xff, 0xff, 0xff, 0xff, 0xff, 0xde, 0xff, 0xff, 0xff, 0x6d, 0x6b, 0x00, 0x00, 0xe2, 0x20, 0xad, 0xf6, 0xac, 0xfe,
    0xe9, 0xfd, 0xe9, 0xfd, 0xa9, 0xfd, 0xa8, 0xfd, 0xc9, 0xfd, 0xc9, 0xfd, 0xe9, 0xfd, 0xe9, 0xfd, 0xe9, 0xfd, 0xe9, 0xfd, 0xc9, 0xfd, 0xc9, 0xfd, 0xa8, 0xfd, 0x88, 0xfd, 0x88, 0xf5, 0x89, 0xfd, 0xa9, 0xfd, 0xc9, 0xfd, 0xa8, 0xfd, 0x88, 0xfd,
    0xa8, 0xfd, 0xa8, 0xfd, 0x88, 0xfd, 0xa8, 0xfd, 0x88, 0xfd, 0x88, 0xfd, 0x88, 0xfd, 0x88, 0xfd, 0x88, 0xfd, 0x88, 0xfd, 0x88, 0xfd, 0x88, 0xfd, 0x89, 0xfd, 0xa9, 0xfd, 0xa9, 0xfd, 0xa9, 0xfd, 0xc9, 0xfd, 0x09, 0xfe, 0x2a, 0xfe, 0x0a, 0xfe,
    0x89, 0xed, 0xa8, 0xcc, 0xa7, 0x9b, 0x85, 0x6a, 0xa3, 0x41, 0xe2, 0x20, 0x40, 0x08, 0x00, 0x00, 0x00, 0x00, 0x00, 0x00, 0x00, 0x00, 0x00, 0x00, 0x00, 0x00, 0x00, 0x00, 0x00, 0x00, 0xa1, 0x18, 0x68, 0xed, 0xa8, 0xfd, 0x88, 0xfd, 0x88, 0xfd,
    0x88, 0xfd, 0x88, 0xfd, 0x88, 0xfd, 0x88, 0xfd, 0x88, 0xfd, 0xa8, 0xfd, 0xa8, 0xfd, 0xc9, 0xfd, 0xa8, 0xfd, 0x88, 0xfd, 0x68, 0xfd, 0x48, 0xf5, 0x07, 0xf5, 0xa7, 0xf4, 0x66, 0xf4, 0x66, 0xf4, 0x46, 0xf4, 0x46, 0xf4, 0x46, 0xf4, 0x66, 0xf4,
    0x66, 0xf4, 0xa7, 0xf4, 0xc7, 0xf4, 0x07, 0xf5, 0x48, 0xfd, 0x68, 0xf5, 0x09, 0xfe, 0xe8, 0xa3, 0x00, 0x00, 0x00, 0x00, 0x0b, 0x63, 0xff, 0xff, 0xdf, 0xff, 0xff, 0xff, 0xff, 0xff, 0xff, 0xff, 0xff, 0xff, 0xff, 0xff, 0xff, 0xff, 0xff, 0xff,
    0xff, 0xff, 0xff, 0xff, 0xff, 0xff, 0xff, 0xff, 0xff, 0xff, 0xff, 0xff, 0xff, 0xff, 0xff, 0xff, 0xff, 0xff, 0xff, 0xff, 0xff, 0xff, 0xff, 0xff, 0xff, 0xff, 0xff, 0xff, 0xbe, 0xf7, 0x03, 0x21, 0x00, 0x00, 0x27, 0x7b, 0x4e, 0xff, 0x0a, 0xf6,
    0xc8, 0xfd, 0xc9, 0xfd, 0xe9, 0xfd, 0x0a, 0xfe, 0x6a, 0xed, 0xc8, 0xd4, 0x88, 0xc4, 0x68, 0xc4, 0x88, 0xc4, 0xc8, 0xd4, 0x29, 0xdd, 0x69, 0xed, 0xc9, 0xfd, 0x09, 0xfe, 0x09, 0xfe, 0x09, 0xfe, 0xe9, 0xfd, 0xa9, 0xfd, 0x88, 0xfd, 0x88, 0xfd,
    0x88, 0xfd, 0xa8, 0xfd, 0xa8, 0xfd, 0x88, 0xfd, 0x88, 0xfd, 0x88, 0xfd, 0x88, 0xfd, 0x88, 0xfd, 0x88, 0xfd, 0x88, 0xfd, 0x88, 0xfd, 0x88, 0xfd, 0x88, 0xf5, 0xc9, 0xfd, 0x2a, 0xfe, 0x2a, 0xfe, 0xca, 0xf5, 0xa9, 0xc4, 0x46, 0x8b, 0xe4, 0x51,
    0xa1, 0x18, 0x00, 0x00, 0x00, 0x00, 0x00, 0x00, 0x00, 0x00, 0x00, 0x00, 0x00, 0x00, 0x00, 0x00, 0x00, 0x00, 0x00, 0x00, 0x20, 0x00, 0x00, 0x00, 0x8d, 0x73, 0xb6, 0xb5, 0xec, 0xc4, 0x47, 0xf5, 0xa8, 0xfd, 0x88, 0xfd, 0x88, 0xfd, 0x88, 0xfd,
    0x88, 0xfd, 0x88, 0xfd, 0xa8, 0xfd, 0xa8, 0xfd, 0x88, 0xf5, 0x48, 0xf5, 0x07, 0xf5, 0xa6, 0xf4, 0x25, 0xf4, 0xe5, 0xf3, 0x84, 0xf3, 0x64, 0xf3, 0x44, 0xeb, 0x23, 0xf3, 0x23, 0xf3, 0x23, 0xf3, 0x44, 0xf3, 0x24, 0xf3, 0x44, 0xf3, 0x64, 0xf3,
    0x44, 0xf3, 0x64, 0xf3, 0x64, 0xf3, 0x64, 0xf3, 0x84, 0xf3, 0xc5, 0xf3, 0x05, 0xf4, 0x67, 0xec, 0xc2, 0x20, 0x00, 0x00, 0x61, 0x10, 0x3c, 0xe7, 0xff, 0xff, 0xff, 0xff, 0xff, 0xff, 0xff, 0xff, 0xff, 0xff, 0xff, 0xff, 0xff, 0xff, 0xff, 0xff,
    0xff, 0xff, 0xff, 0xff, 0xff, 0xff, 0xff, 0xff, 0xff, 0xff, 0xff, 0xff, 0xff, 0xff, 0xff, 0xff, 0xff, 0xff, 0xff, 0xff, 0xff, 0xff, 0xff, 0xff, 0xde, 0xff, 0xff, 0xff, 0xf7, 0xbd, 0x00, 0x00, 0x00, 0x00, 0x6b, 0xc5, 0x0e, 0xff, 0xc9, 0xfd,
    0x88, 0xfd, 0xc9, 0xfd, 0xc8, 0xd4, 0x42, 0x31, 0x20, 0x08, 0x00, 0x00, 0x00, 0x00, 0x00, 0x00, 0x00, 0x00, 0x00, 0x00, 0x20, 0x08, 0x81, 0x10, 0x22, 0x31, 0x04, 0x52, 0xe5, 0x82, 0x07, 0xb4, 0x69, 0xe5, 0x0a, 0xfe, 0xe9, 0xfd, 0x88, 0xfd,
    0x88, 0xfd, 0x88, 0xfd, 0x88, 0xfd, 0x88, 0xfd, 0x88, 0xfd, 0x88, 0xfd, 0x88, 0xfd, 0x88, 0xfd, 0x88, 0xfd, 0x88, 0xfd, 0x88, 0xfd, 0x88, 0xfd, 0x09, 0xfe, 0xca, 0xfd, 0x89, 0xbc, 0x85, 0x6a, 0xc1, 0x20, 0x00, 0x00, 0x00, 0x00, 0x00, 0x00,
    0x00, 0x00, 0x82, 0x10, 0xa6, 0x31, 0x20, 0x00, 0xc7, 0x39, 0xef, 0x7b, 0x20, 0x00, 0x00, 0x00, 0x00, 0x00, 0x00, 0x00, 0x20, 0x00, 0x00, 0x00, 0x71, 0x94, 0xff, 0xff, 0x2e, 0xfe, 0x66, 0xfd, 0x88, 0xfd, 0x88, 0xfd, 0x88, 0xfd, 0x88, 0xfd,
    0x88, 0xfd, 0xa8, 0xfd, 0x68, 0xf5, 0x86, 0xf4, 0xe5, 0xeb, 0xa4, 0xeb, 0x84, 0xf3, 0x44, 0xf3, 0x44, 0xf3, 0x44, 0xf3, 0x44, 0xf3, 0x44, 0xf3, 0x44, 0xf3, 0x44, 0xf3, 0x64, 0xf3, 0x44, 0xf3, 0x44, 0xf3, 0x44, 0xf3, 0x44, 0xf3, 0x44, 0xf3,
    0x44, 0xf3, 0x44, 0xf3, 0x44, 0xf3, 0x64, 0xf3, 0x84, 0xf3, 0x64, 0xf3, 0x43, 0xeb, 0xa4, 0xfb, 0x04, 0x7a, 0x00, 0x00, 0x00, 0x00, 0x92, 0x94, 0xff, 0xff, 0xde, 0xff, 0xff, 0xff, 0xff, 0xff, 0xff, 0xff, 0xff, 0xff, 0xff, 0xff, 0xff, 0xff,
    0xff, 0xff, 0xff, 0xff, 0xff, 0xff, 0xff, 0xff, 0xff, 0xff, 0xff, 0xff, 0xff, 0xff, 0xdf, 0xff, 0xdf, 0xff, 0xff, 0xff, 0xff, 0xff, 0xff, 0xff, 0xff, 0xff, 0x9d, 0xf7, 0x65, 0x31, 0x00, 0x00, 0x43, 0x29, 0xee, 0xfe, 0x6b, 0xfe, 0x88, 0xfd,
    0x88, 0xf5, 0xc9, 0xfd, 0x47, 0xc4, 0x02, 0x29, 0x44, 0x29, 0x86, 0x31, 0xa6, 0x31, 0x65, 0x31, 0x24, 0x21, 0xc3, 0x18, 0x61, 0x08, 0x00, 0x00, 0x00, 0x00, 0x00, 0x00, 0x00, 0x00, 0x00, 0x00, 0x61, 0x10, 0xc4, 0x49, 0x07, 0xac, 0x89, 0xf5,
    0x88, 0xfd, 0x88, 0xfd, 0x88, 0xfd, 0x88, 0xfd, 0x88, 0xfd, 0x88, 0xfd, 0x88, 0xfd, 0x88, 0xfd, 0x88, 0xfd, 0x68, 0xfd, 0x88, 0xfd, 0x89, 0xf5, 0x46, 0x8b, 0xc1, 0x20, 0x00, 0x00, 0x00, 0x00, 0x00, 0x00, 0x45, 0x29, 0xeb, 0x62, 0x92, 0x94,
    0x18, 0xc6, 0x5d, 0xef, 0x1c, 0xe7, 0x00, 0x00, 0xcf, 0x7b, 0x1c, 0xe7, 0x20, 0x00, 0x00, 0x00, 0x00, 0x00, 0x00, 0x00, 0x20, 0x00, 0x00, 0x00, 0xae, 0x73, 0xff, 0xff, 0x8a, 0xed, 0x67, 0xfd, 0x88, 0xfd, 0x88, 0xfd, 0x88, 0xfd, 0x88, 0xfd,
    0xa8, 0xfd, 0xe7, 0xf4, 0xa5, 0xf3, 0x64, 0xf3, 0x44, 0xf3, 0x44, 0xf3, 0x44, 0xf3, 0x44, 0xf3, 0x64, 0xf3, 0x64, 0xf3, 0x44, 0xf3, 0x44, 0xf3, 0x44, 0xf3, 0x64, 0xf3, 0x64, 0xf3, 0x64, 0xf3, 0x64, 0xf3, 0x44, 0xf3, 0x44, 0xf3, 0x44, 0xf3,
    0x44, 0xf3, 0x44, 0xf3, 0x44, 0xf3, 0x44, 0xf3, 0x84, 0xfb, 0x84, 0xfb, 0x84, 0xfb, 0xa4, 0xfb, 0x45, 0xdb, 0x41, 0x08, 0x00, 0x00, 0xe7, 0x39, 0xff, 0xff, 0xff, 0xff, 0xff, 0xff, 0xff, 0xff, 0xff, 0xff, 0xff, 0xff, 0xff, 0xff, 0xff, 0xff,
    0xff, 0xff, 0xff, 0xff, 0xff, 0xff, 0x7d, 0xef, 0xd7, 0xbd, 0xba, 0xd6, 0xde, 0xff, 0xff, 0xff, 0xff, 0xff, 0xff, 0xff, 0xff, 0xff, 0xde, 0xff, 0xff, 0xff, 0xcb, 0x5a, 0x00, 0x00, 0x20, 0x00, 0x86, 0xb3, 0xaa, 0xfd, 0x89, 0xf5, 0xa8, 0xfd,
    0x88, 0xfd, 0x88, 0xfd, 0xa8, 0xfd, 0xc9, 0xfd, 0x9b, 0xff, 0xff, 0xff, 0xff, 0xff, 0xff, 0xff, 0xdf, 0xff, 0x9d, 0xf7, 0x5d, 0xef, 0x30, 0x84, 0x00, 0x00, 0x50, 0x8c, 0x85, 0x31, 0x00, 0x00, 0x00, 0x00, 0x00, 0x00, 0x00, 0x00, 0x46, 0x93,
    0xe9, 0xfd, 0x68, 0xf5, 0x88, 0xfd, 0x87, 0xfd, 0x87, 0xfd, 0x87, 0xfd, 0x68, 0xfd, 0x68, 0xfd, 0x88, 0xfd, 0x68, 0xf5, 0xa8, 0xfd, 0xa8, 0xd4, 0x41, 0x08, 0x25, 0x21, 0x4d, 0x6b, 0x34, 0xad, 0xdb, 0xde, 0xff, 0xff, 0xff, 0xff, 0xff, 0xff,
    0xff, 0xff, 0xff, 0xff, 0x3c, 0xe7, 0x61, 0x08, 0x00, 0x00, 0x00, 0x00, 0x00, 0x00, 0x00, 0x00, 0x00, 0x00, 0x00, 0x00, 0x20, 0x00, 0x00, 0x00, 0x96, 0xad, 0xba, 0xff, 0x46, 0xf5, 0x88, 0xfd, 0x88, 0xfd, 0x88, 0xfd, 0x88, 0xfd, 0x88, 0xfd,
    0xa8, 0xfd, 0x25, 0xf4, 0x24, 0xf3, 0x44, 0xf3, 0x44, 0xf3, 0x44, 0xf3, 0x44, 0xf3, 0x44, 0xf3, 0x64, 0xf3, 0x64, 0xf3, 0x64, 0xf3, 0x44, 0xf3, 0x64, 0xf3, 0x64, 0xf3, 0x64, 0xf3, 0x64, 0xf3, 0x64, 0xf3, 0x64, 0xf3, 0x84, 0xfb, 0x84, 0xfb,
    0xa4, 0xfb, 0xa5, 0xfb, 0x85, 0xfb, 0x65, 0xf3, 0x24, 0xe3, 0xe4, 0xd2, 0xa4, 0xc2, 0x83, 0xb2, 0x84, 0xaa, 0x81, 0x20, 0x00, 0x00, 0x40, 0x08, 0x54, 0xad, 0x79, 0xce, 0xfb, 0xde, 0xbe, 0xff, 0xff, 0xff, 0xff, 0xff, 0xff, 0xff, 0xff, 0xff,
    0xff, 0xff, 0xff, 0xff, 0xff, 0xff, 0xba, 0xd6, 0xcb, 0x5a, 0x86, 0x31, 0x65, 0x31, 0x28, 0x4a, 0x10, 0x84, 0x79, 0xce, 0xff, 0xff, 0xff, 0xff, 0x13, 0xa5, 0x00, 0x00, 0x00, 0x00, 0x03, 0x7a, 0x05, 0xfc, 0x64, 0xeb, 0xa5, 0xeb, 0xa7, 0xf4,
    0x89, 0xf5, 0x88, 0xfd, 0x88, 0xfd, 0x68, 0xf5, 0x7b, 0xff, 0xff, 0xff, 0xff, 0xff, 0xff, 0xff, 0xff, 0xff, 0xff, 0xff, 0xff, 0xff, 0x8e, 0x73, 0x00, 0x00, 0xd3, 0x9c, 0x86, 0x31, 0x00, 0x00, 0x20, 0x00, 0x20, 0x00, 0x88, 0x5a, 0x09, 0xdd,
    0x88, 0xfd, 0x67, 0xfd, 0xa9, 0xfd, 0x0c, 0xfe, 0x4d, 0xfe, 0x4d, 0xfe, 0xeb, 0xfd, 0x88, 0xfd, 0x47, 0xfd, 0x67, 0xfd, 0x68, 0xfd, 0x67, 0xf5, 0x28, 0xed, 0x9c, 0xff, 0xff, 0xff, 0xff, 0xff, 0xff, 0xff, 0xff, 0xff, 0xde, 0xff, 0xde, 0xff,
    0xdf, 0xff, 0xde, 0xff, 0xff, 0xff, 0x69, 0x4a, 0x00, 0x00, 0x20, 0x00, 0x00, 0x00, 0x00, 0x00, 0x00, 0x00, 0x20, 0x00, 0x00, 0x00, 0x04, 0x21, 0xdf, 0xf7, 0x0d, 0xfe, 0x66, 0xfd, 0x88, 0xfd, 0x88, 0xfd, 0x88, 0xfd, 0x88, 0xfd, 0x88, 0xfd,
    0x88, 0xfd, 0x68, 0xfd, 0xa7, 0xf4, 0x05, 0xf4, 0xa4, 0xf3, 0x64, 0xf3, 0x44, 0xf3, 0x23, 0xf3, 0x23, 0xf3, 0x43, 0xf3, 0x23, 0xf3, 0x23, 0xf3, 0x43, 0xf3, 0x84, 0xfb, 0xc4, 0xfb, 0xc5, 0xfb, 0xa5, 0xfb, 0x44, 0xe3, 0xc4, 0xc2, 0x43, 0x9a,
    0x82, 0x71, 0x02, 0x49, 0xc1, 0x30, 0x81, 0x28, 0x81, 0x20, 0x81, 0x20, 0x81, 0x28, 0xa1, 0x28, 0xe2, 0x38, 0x81, 0x28, 0x00, 0x00, 0x00, 0x00, 0xa2, 0x18, 0x65, 0x31, 0xa6, 0x31, 0xc7, 0x39, 0x18, 0xc6, 0xff, 0xff, 0xdf, 0xff, 0xff, 0xff,
    0xff, 0xff, 0xff, 0xff, 0xff, 0xff, 0xff, 0xff, 0xff, 0xff, 0xde, 0xff, 0x9a, 0xd6, 0xd2, 0x9c, 0x69, 0x52, 0x04, 0x21, 0x86, 0x31, 0x51, 0x8c, 0xe3, 0x18, 0x00, 0x00, 0xe2, 0x38, 0xa5, 0xf3, 0x64, 0xf3, 0x64, 0xf3, 0x64, 0xf3, 0x64, 0xf3,
    0x87, 0xf4, 0xa8, 0xfd, 0x88, 0xfd, 0x67, 0xf5, 0x5a, 0xff, 0xff, 0xff, 0xfe, 0xff, 0xff, 0xff, 0xff, 0xff, 0xde, 0xff, 0xff, 0xff, 0xae, 0x7b, 0x00, 0x00, 0x00, 0x00, 0x00, 0x00, 0x00, 0x00, 0x00, 0x00, 0x00, 0x00, 0x0f, 0xbd, 0xe8, 0xfd,
    0x68, 0xf5, 0x6f, 0xf6, 0x35, 0xff, 0xb9, 0xff, 0xb9, 0xff, 0x98, 0xf7, 0x78, 0xf7, 0x35, 0xff, 0x6f, 0xfe, 0x88, 0xf5, 0x46, 0xf5, 0x67, 0xfd, 0x46, 0xf5, 0x18, 0xff, 0xdf, 0xff, 0xde, 0xff, 0xff, 0xff, 0xff, 0xff, 0xff, 0xff, 0xff, 0xff,
    0xff, 0xff, 0xdf, 0xff, 0xff, 0xff, 0xdb, 0xde, 0xa2, 0x10, 0x00, 0x00, 0x00, 0x00, 0x00, 0x00, 0x00, 0x00, 0x00, 0x00, 0x41, 0x08, 0x5a, 0xc6, 0x15, 0xff, 0x46, 0xf5, 0xa8, 0xfd, 0xa8, 0xfd, 0x88, 0xfd, 0x68, 0xfd, 0x69, 0xfd, 0x69, 0xfd,
    0x68, 0xfd, 0x88, 0xfd, 0xa8, 0xfd, 0x88, 0xfd, 0x48, 0xfd, 0x27, 0xfd, 0xe7, 0xfc, 0xa6, 0xfc, 0x46, 0xf4, 0x46, 0xf4, 0x46, 0xfc, 0x46, 0xfc, 0xe5, 0xfb, 0x24, 0xd3, 0x43, 0x92, 0x62, 0x59, 0xc1, 0x38, 0x81, 0x20, 0x81, 0x20, 0xe1, 0x40,
    0x62, 0x61, 0xe3, 0x81, 0x43, 0xa2, 0xa4, 0xc2, 0x04, 0xd3, 0x24, 0xe3, 0x65, 0xeb, 0x65, 0xf3, 0xa5, 0xfb, 0xc5, 0xc2, 0x20, 0x00, 0x00, 0x00, 0xeb, 0x5a, 0xff, 0xff, 0x9d, 0xf7, 0x1c, 0xe7, 0x9e, 0xf7, 0xff, 0xff, 0xff, 0xff, 0xff, 0xff,
    0xff, 0xff, 0xff, 0xff, 0xff, 0xff, 0xff, 0xff, 0xdf, 0xff, 0xff, 0xff, 0xff, 0xff, 0xff, 0xff, 0xff, 0xff, 0x9d, 0xf7, 0x34, 0xa5, 0xc3, 0x18, 0x00, 0x00, 0x00, 0x00, 0x64, 0x9a, 0x05, 0xfc, 0x84, 0xfb, 0x64, 0xf3, 0x64, 0xf3, 0x44, 0xf3,
    0x66, 0xf4, 0x88, 0xfd, 0x68, 0xfd, 0x46, 0xf5, 0xf6, 0xf6, 0xff, 0xff, 0xfe, 0xff, 0xff, 0xff, 0xff, 0xff, 0xfe, 0xff, 0xff, 0xff, 0x38, 0xc6, 0x00, 0x00, 0x20, 0x00, 0x20, 0x00, 0x20, 0x00, 0x00, 0x00, 0x05, 0x19, 0xee, 0xed, 0xca, 0xfd,
    0xf8, 0xff, 0xfd, 0xff, 0xfc, 0xff, 0xbb, 0xff, 0xbb, 0xff, 0xfc, 0xff, 0xfc, 0xff, 0xda, 0xff, 0xda, 0xff, 0x56, 0xff, 0x2e, 0xf6, 0x67, 0xfd, 0x25, 0xfd, 0x0f, 0xf6, 0xff, 0xff, 0xfe, 0xff, 0xff, 0xff, 0xff, 0xff, 0xff, 0xff, 0xff, 0xff,
    0xff, 0xff, 0xff, 0xff, 0xff, 0xff, 0xff, 0xff, 0xda, 0xde, 0xaa, 0x52, 0x61, 0x08, 0x00, 0x00, 0x20, 0x08, 0x28, 0x42, 0x9a, 0xce, 0x36, 0xff, 0x66, 0xf5, 0xa8, 0xfd, 0x08, 0xf5, 0x27, 0xf4, 0x87, 0xf3, 0x67, 0xf3, 0x67, 0xf3, 0x87, 0xf3,
    0xa7, 0xf3, 0x08, 0xf4, 0xc9, 0xf4, 0x69, 0xfd, 0xa8, 0xfd, 0xa8, 0xfd, 0xa8, 0xfd, 0xa8, 0xfd, 0xc8, 0xfd, 0xa9, 0xf5, 0x27, 0xb4, 0x44, 0x6a, 0x02, 0x31, 0xa1, 0x20, 0xe2, 0x38, 0x82, 0x61, 0x43, 0x9a, 0x04, 0xcb, 0x65, 0xeb, 0x84, 0xfb,
    0x84, 0xfb, 0x84, 0xfb, 0x84, 0xfb, 0x64, 0xfb, 0x44, 0xfb, 0x44, 0xf3, 0x44, 0xf3, 0x44, 0xf3, 0x44, 0xeb, 0x45, 0xe3, 0x81, 0x20, 0x00, 0x00, 0x03, 0x21, 0xde, 0xff, 0xff, 0xff, 0xff, 0xff, 0xff, 0xff, 0xff, 0xff, 0xff, 0xff, 0xff, 0xff,
    0xff, 0xff, 0xff, 0xff, 0xff, 0xff, 0xff, 0xff, 0xff, 0xff, 0xff, 0xff, 0xff, 0xff, 0xde, 0xff, 0xde, 0xff, 0xff, 0xff, 0xbe, 0xf7, 0x04, 0x21, 0x00, 0x00, 0xa1, 0x20, 0xc2, 0x30, 0x42, 0x51, 0x24, 0xd3, 0xe5, 0xfb, 0x06, 0xf4, 0xe7, 0xf4,
    0xa8, 0xf5, 0xa8, 0xfd, 0xa8, 0xfd, 0x66, 0xfd, 0x0e, 0xf6, 0xff, 0xff, 0xff, 0xff, 0xff, 0xff, 0xff, 0xff, 0xff, 0xff, 0xff, 0xff, 0xff, 0xff, 0x8e, 0x73, 0x00, 0x00, 0x00, 0x00, 0x00, 0x00, 0x41, 0x00, 0xcf, 0xb4, 0xaf, 0xfe, 0x9a, 0xf7,
    0x91, 0x84, 0x89, 0x52, 0xc6, 0x41, 0x85, 0x39, 0x85, 0x39, 0x07, 0x3a, 0xf1, 0x9c, 0xfb, 0xff, 0xd9, 0xff, 0xda, 0xff, 0xdb, 0xff, 0x14, 0xff, 0x89, 0xfd, 0x26, 0xf5, 0xb5, 0xf6, 0xff, 0xff, 0xff, 0xff, 0xff, 0xff, 0xff, 0xff, 0xfe, 0xff,
    0xfe, 0xff, 0xfe, 0xff, 0xff, 0xff, 0xde, 0xff, 0xff, 0xff, 0xff, 0xff, 0x3c, 0xe7, 0x9a, 0xce, 0x1c, 0xdf, 0xde, 0xff, 0xb1, 0xfe, 0x66, 0xf5, 0x27, 0xf5, 0xc6, 0xf3, 0xe6, 0xf2, 0xa6, 0xf2, 0xc6, 0xf2, 0xe6, 0xf2, 0xe7, 0xf2, 0xe7, 0xf2,
    0xe7, 0xf2, 0xe6, 0xf2, 0x07, 0xf3, 0xa8, 0xf3, 0x69, 0xf4, 0x68, 0xfd, 0x88, 0xfd, 0xa8, 0xfd, 0xc7, 0xd4, 0x83, 0x41, 0x83, 0x39, 0xa5, 0x72, 0x07, 0xb4, 0x08, 0xe5, 0x48, 0xfd, 0xe7, 0xfc, 0x25, 0xfc, 0xa4, 0xfb, 0x43, 0xf3, 0x23, 0xeb,
    0x23, 0xeb, 0x23, 0xeb, 0x44, 0xeb, 0x44, 0xf3, 0x44, 0xf3, 0x44, 0xf3, 0x44, 0xf3, 0x44, 0xeb, 0x44, 0xeb, 0x85, 0xf3, 0x02, 0x49, 0x00, 0x00, 0x00, 0x00, 0x99, 0xd6, 0xff, 0xff, 0xde, 0xff, 0xff, 0xff, 0xff, 0xff, 0xff, 0xff, 0xff, 0xff,
    0xff, 0xff, 0xff, 0xff, 0xff, 0xff, 0xff, 0xff, 0xff, 0xff, 0xff, 0xff, 0xff, 0xff, 0xff, 0xff, 0xde, 0xff, 0xff, 0xff, 0x10, 0x84, 0x00, 0x00, 0x00, 0x00, 0xe4, 0xba, 0xc5, 0xf3, 0x03, 0x82, 0xc1, 0x28, 0xc7, 0xab, 0x0a, 0xfe, 0x08, 0xf5,
    0xa8, 0xf4, 0x88, 0xf4, 0xc8, 0xf4, 0x68, 0xf5, 0x87, 0xf5, 0xf6, 0xf6, 0xff, 0xff, 0xff, 0xff, 0xfe, 0xff, 0xff, 0xff, 0xff, 0xff, 0xfe, 0xff, 0xff, 0xff, 0x54, 0xad, 0x48, 0x4a, 0xcc, 0x52, 0x73, 0xbd, 0x91, 0xfe, 0xdc, 0xff, 0xeb, 0x62,
    0x43, 0x61, 0xa6, 0xb2, 0xe6, 0xd2, 0x27, 0xdb, 0x07, 0xd3, 0xe7, 0xba, 0x00, 0x10, 0x93, 0xb5, 0xfb, 0xff, 0xba, 0xff, 0xda, 0xff, 0xfb, 0xff, 0x78, 0xff, 0xcc, 0xfd, 0x27, 0xf5, 0x51, 0xf6, 0x9b, 0xff, 0xff, 0xff, 0xff, 0xff, 0xff, 0xff,
    0xff, 0xff, 0xff, 0xff, 0xff, 0xff, 0xff, 0xff, 0xff, 0xff, 0xff, 0xff, 0xff, 0xff, 0xbb, 0xff, 0xb3, 0xfe, 0x89, 0xf5, 0x26, 0xf5, 0x27, 0xf4, 0x06, 0xf3, 0xc6, 0xf2, 0xe7, 0xf2, 0x07, 0xf3, 0x07, 0xf3, 0x07, 0xf3, 0xe7, 0xf2, 0xe7, 0xf2,
    0x07, 0xf3, 0xe6, 0xf2, 0xe6, 0xf2, 0xe6, 0xf2, 0x07, 0xf3, 0x88, 0xf3, 0x08, 0xf5, 0xa8, 0xfd, 0x48, 0xed, 0x08, 0xdd, 0xea, 0xfd, 0x29, 0xfe, 0xe9, 0xfd, 0xa8, 0xfd, 0x88, 0xfd, 0x88, 0xf5, 0x68, 0xf5, 0x27, 0xf5, 0xa6, 0xf4, 0x26, 0xf4,
    0xc5, 0xf3, 0x84, 0xf3, 0x44, 0xf3, 0x23, 0xf3, 0x43, 0xf3, 0x44, 0xf3, 0x64, 0xf3, 0x64, 0xf3, 0x44, 0xeb, 0x85, 0xfb, 0xa3, 0x79, 0x00, 0x00, 0x00, 0x00, 0x34, 0xa5, 0xff, 0xff, 0xde, 0xff, 0xff, 0xff, 0xff, 0xff, 0xff, 0xff, 0xff, 0xff,
    0xff, 0xff, 0xff, 0xff, 0xff, 0xff, 0xff, 0xff, 0xff, 0xff, 0xff, 0xff, 0xff, 0xff, 0xff, 0xff, 0xff, 0xff, 0xdf, 0xff, 0x65, 0x29, 0x00, 0x00, 0xc1, 0x28, 0x26, 0xf4, 0x05, 0xfc, 0xe7, 0xfc, 0xaa, 0xed, 0x68, 0xd4, 0xa7, 0xf3, 0xe7, 0xf2,
    0xe7, 0xf2, 0x07, 0xf3, 0x27, 0xf3, 0x67, 0xf3, 0xa7, 0xf4, 0xa8, 0xf5, 0xf6, 0xf6, 0xff, 0xff, 0xff, 0xff, 0xff, 0xff, 0xff, 0xff, 0xff, 0xff, 0xff, 0xff, 0xff, 0xff, 0xff, 0xff, 0x58, 0xff, 0x4e, 0xfe, 0xba, 0xff, 0x19, 0xdf, 0xa1, 0x28,
    0x6a, 0xfc, 0xe8, 0xfb, 0xa8, 0xfb, 0x87, 0xfb, 0x29, 0xfc, 0x48, 0xd3, 0x82, 0x18, 0x76, 0xd6, 0xfb, 0xff, 0xba, 0xff, 0xda, 0xff, 0xba, 0xff, 0xfb, 0xff, 0xb9, 0xff, 0x4f, 0xf6, 0x47, 0xfd, 0x88, 0xfd, 0x0e, 0xfe, 0x93, 0xfe, 0xf6, 0xfe,
    0x38, 0xff, 0x59, 0xff, 0x38, 0xff, 0x17, 0xff, 0xb4, 0xfe, 0x50, 0xf6, 0xab, 0xf5, 0x46, 0xf5, 0x66, 0xfd, 0x28, 0xf5, 0x67, 0xeb, 0xa6, 0xf2, 0xe7, 0xf2, 0xe7, 0xf2, 0xe7, 0xf2, 0x07, 0xf3, 0x07, 0xf3, 0x07, 0xf3, 0x07, 0xf3, 0x07, 0xf3,
    0xe7, 0xf2, 0xe6, 0xf2, 0xe6, 0xf2, 0xe6, 0xf2, 0x06, 0xf3, 0x07, 0xf3, 0x68, 0xf3, 0x49, 0xf5, 0xa8, 0xfd, 0xa8, 0xfd, 0x68, 0xfd, 0x68, 0xf5, 0x88, 0xf5, 0x88, 0xfd, 0x88, 0xfd, 0x88, 0xfd, 0x88, 0xfd, 0x88, 0xfd, 0xa8, 0xfd, 0xa8, 0xfd,
    0x88, 0xfd, 0x48, 0xf5, 0xe7, 0xf4, 0x66, 0xf4, 0xe5, 0xf3, 0x84, 0xf3, 0x64, 0xf3, 0x44, 0xf3, 0x44, 0xf3, 0x85, 0xfb, 0x64, 0xa2, 0x00, 0x00, 0x00, 0x00, 0x8d, 0x73, 0xff, 0xff, 0xde, 0xff, 0xff, 0xff, 0xff, 0xff, 0xff, 0xff, 0xff, 0xff,
    0xff, 0xff, 0xff, 0xff, 0xff, 0xff, 0xff, 0xff, 0xff, 0xff, 0xff, 0xff, 0xff, 0xff, 0xde, 0xff, 0xff, 0xff, 0x38, 0xc6, 0x00, 0x00, 0x00, 0x00, 0x46, 0x7b, 0x0c, 0xff, 0xc9, 0xf5, 0xc9, 0xf5, 0xa9, 0xfc, 0x47, 0xfb, 0xe7, 0xf2, 0x07, 0xf3,
    0x07, 0xf3, 0x07, 0xf3, 0x07, 0xf3, 0xe6, 0xf2, 0xc6, 0xf2, 0x27, 0xf4, 0x68, 0xf5, 0x2e, 0xf6, 0xf7, 0xf6, 0x7b, 0xff, 0xbd, 0xff, 0xbd, 0xff, 0x7a, 0xff, 0xd6, 0xf6, 0xec, 0xf5, 0x47, 0xf5, 0x57, 0xff, 0xfb, 0xff, 0xfb, 0xff, 0x68, 0x4a,
    0x63, 0x61, 0x2a, 0xfc, 0xa8, 0xfb, 0x09, 0xfc, 0x65, 0xa2, 0x41, 0x10, 0xb4, 0xb5, 0xfc, 0xff, 0xba, 0xff, 0xda, 0xff, 0xda, 0xff, 0xda, 0xff, 0xda, 0xff, 0xda, 0xff, 0xda, 0xff, 0xd3, 0xf6, 0xaa, 0xfd, 0x46, 0xfd, 0x66, 0xfd, 0x67, 0xfd,
    0x68, 0xfd, 0x88, 0xfd, 0x67, 0xfd, 0x67, 0xfd, 0x66, 0xfd, 0x66, 0xfd, 0x67, 0xfd, 0xa8, 0xfd, 0x48, 0xf5, 0x27, 0xeb, 0xc6, 0xf2, 0xe7, 0xf2, 0xe7, 0xf2, 0xe7, 0xf2, 0xe7, 0xf2, 0x07, 0xf3, 0xe7, 0xf2, 0x07, 0xf3, 0x86, 0xea, 0xe6, 0xf2,
    0x27, 0xf3, 0xe7, 0xf2, 0xe6, 0xf2, 0xe6, 0xf2, 0xe7, 0xf2, 0x07, 0xf3, 0x48, 0xf3, 0x08, 0xf4, 0x69, 0xf5, 0x88, 0xfd, 0x88, 0xfd, 0x88, 0xfd, 0x88, 0xfd, 0x88, 0xfd, 0x88, 0xfd, 0x88, 0xfd, 0x88, 0xfd, 0x88, 0xfd, 0x68, 0xfd, 0x68, 0xfd,
    0x88, 0xfd, 0xa8, 0xfd, 0xa8, 0xfd, 0xa8, 0xfd, 0x88, 0xfd, 0x68, 0xfd, 0x07, 0xf5, 0x66, 0xf4, 0xe5, 0xeb, 0xc5, 0xfb, 0xe5, 0xc2, 0x20, 0x00, 0x00, 0x00, 0x69, 0x4a, 0xff, 0xff, 0xde, 0xff, 0xff, 0xff, 0xff, 0xff, 0xff, 0xff, 0xff, 0xff,
    0xff, 0xff, 0xff, 0xff, 0xfe, 0xff, 0xfe, 0xff, 0xff, 0xff, 0xff, 0xff, 0xff, 0xff, 0xde, 0xff, 0xff, 0xff, 0x0f, 0x84, 0x00, 0x00, 0x00, 0x00, 0x8a, 0xcd, 0x0c, 0xff, 0xc9, 0xfd, 0x48, 0xf4, 0xe7, 0xf2, 0x27, 0xf3, 0x07, 0xf3, 0xe7, 0xf2,
    0xe7, 0xf2, 0xe7, 0xf2, 0xe7, 0xf2, 0xe7, 0xf2, 0xc6, 0xf2, 0xa6, 0xf2, 0x87, 0xf3, 0x07, 0xf5, 0x87, 0xfd, 0x68, 0xf5, 0xaa, 0xf5, 0xaa, 0xf5, 0x68, 0xf5, 0x46, 0xfd, 0x67, 0xf5, 0x35, 0xff, 0xfc, 0xff, 0xda, 0xff, 0xfb, 0xff, 0x9a, 0xf7,
    0x48, 0x42, 0x23, 0x51, 0x48, 0xcb, 0x83, 0x69, 0x65, 0x29, 0x77, 0xce, 0xfc, 0xff, 0xba, 0xff, 0xda, 0xff, 0xda, 0xff, 0xda, 0xff, 0xda, 0xff, 0xda, 0xff, 0xda, 0xff, 0xda, 0xff, 0xdb, 0xff, 0x78, 0xff, 0x6f, 0xf6, 0xa9, 0xfd, 0x88, 0xfd,
    0x88, 0xfd, 0xa8, 0xfd, 0xa8, 0xfd, 0xa8, 0xfd, 0xa8, 0xfd, 0x88, 0xfd, 0x88, 0xfd, 0x88, 0xfd, 0x87, 0xeb, 0xc6, 0xf2, 0xe7, 0xf2, 0xe7, 0xf2, 0xe7, 0xf2, 0xe7, 0xf2, 0xc7, 0xf2, 0xc7, 0xf2, 0x08, 0xf3, 0x07, 0xf3, 0x86, 0xea, 0xa3, 0xd9,
    0x85, 0xea, 0x07, 0xf3, 0xe7, 0xf2, 0xe6, 0xf2, 0xe6, 0xf2, 0xe7, 0xf2, 0x07, 0xf3, 0x48, 0xf3, 0x68, 0xf4, 0xa8, 0xfd, 0x88, 0xfd, 0x88, 0xfd, 0x88, 0xfd, 0x88, 0xfd, 0x88, 0xfd, 0x88, 0xfd, 0x88, 0xfd, 0x88, 0xfd, 0x88, 0xfd, 0x88, 0xfd,
    0x88, 0xfd, 0x88, 0xfd, 0x88, 0xfd, 0x88, 0xfd, 0x88, 0xfd, 0xa8, 0xfd, 0xa8, 0xfd, 0xa8, 0xfd, 0x88, 0xf5, 0x68, 0xfd, 0x88, 0xdc, 0x61, 0x10, 0x00, 0x00, 0x85, 0x31, 0xff, 0xff, 0xff, 0xff, 0xff, 0xff, 0xff, 0xff, 0xff, 0xff, 0xff, 0xff,
    0xff, 0xff, 0xff, 0xff, 0xff, 0xff, 0xff, 0xff, 0xff, 0xff, 0xff, 0xff, 0xff, 0xff, 0xff, 0xff, 0xff, 0xff, 0x28, 0x42, 0x00, 0x00, 0xe2, 0x20, 0xcd, 0xf6, 0x6a, 0xfe, 0x08, 0xf5, 0x27, 0xf3, 0x07, 0xf3, 0xe7, 0xf2, 0xe7, 0xf2, 0xe7, 0xf2,
    0x86, 0xea, 0xe7, 0xf2, 0x07, 0xf3, 0xe7, 0xf2, 0xe7, 0xf2, 0xe7, 0xf2, 0x86, 0xf2, 0x47, 0xeb, 0x68, 0xf5, 0x88, 0xfd, 0x87, 0xfd, 0x88, 0xfd, 0x88, 0xfd, 0x88, 0xfd, 0x15, 0xff, 0xfb, 0xff, 0xda, 0xff, 0xda, 0xff, 0xda, 0xff, 0xfb, 0xff,
    0xfc, 0xff, 0xb1, 0x94, 0x82, 0x10, 0x8d, 0x73, 0xdb, 0xff, 0xfc, 0xff, 0xba, 0xff, 0xdb, 0xff, 0xda, 0xff, 0xda, 0xff, 0xda, 0xff, 0xda, 0xff, 0xda, 0xff, 0xda, 0xff, 0xda, 0xff, 0xba, 0xff, 0xda, 0xff, 0xda, 0xff, 0x56, 0xff, 0x90, 0xf6,
    0xeb, 0xfd, 0xa9, 0xfd, 0x88, 0xfd, 0x88, 0xfd, 0x88, 0xfd, 0x88, 0xfd, 0xa8, 0xfd, 0xe8, 0xf4, 0xe6, 0xf2, 0xe7, 0xf2, 0xe7, 0xf2, 0xe7, 0xf2, 0x07, 0xf3, 0x07, 0xf3, 0xa6, 0xf2, 0x83, 0xd9, 0x86, 0xea, 0x28, 0xf3, 0x28, 0xf3, 0xe7, 0xf2,
    0xc3, 0xe1, 0x65, 0xea, 0x07, 0xf3, 0xe7, 0xf2, 0xe7, 0xf2, 0xe7, 0xf2, 0x07, 0xf3, 0x27, 0xf3, 0x88, 0xf3, 0x49, 0xf5, 0x88, 0xf5, 0x88, 0xf5, 0x88, 0xf5, 0x88, 0xfd, 0x88, 0xfd, 0x88, 0xfd, 0x88, 0xfd, 0x88, 0xfd, 0x88, 0xfd, 0x88, 0xfd,
    0x88, 0xfd, 0x88, 0xfd, 0x88, 0xfd, 0x88, 0xfd, 0x88, 0xfd, 0x88, 0xfd, 0x88, 0xfd, 0x88, 0xfd, 0x88, 0xfd, 0xa8, 0xfd, 0x8a, 0xf5, 0xc2, 0x20, 0x00, 0x00, 0xe3, 0x18, 0x9d, 0xf7, 0xff, 0xff, 0xff, 0xff, 0xff, 0xff, 0xff, 0xff, 0xff, 0xff,
    0xff, 0xff, 0xff, 0xff, 0xff, 0xff, 0xff, 0xff, 0xff, 0xff, 0xff, 0xff, 0xff, 0xff, 0xff, 0xff, 0x7d, 0xef, 0xc2, 0x18, 0x00, 0x00, 0x24, 0x52, 0x2d, 0xff, 0xc8, 0xf5, 0xa7, 0xf3, 0xe7, 0xf2, 0xe7, 0xf2, 0xe7, 0xf2, 0xe7, 0xf2, 0x03, 0xe2,
    0x45, 0xe2, 0x07, 0xfb, 0x07, 0xf3, 0xc7, 0xf2, 0xe7, 0xf2, 0xe7, 0xf2, 0xe6, 0xf2, 0xc6, 0xea, 0x88, 0xf4, 0xa8, 0xfd, 0x88, 0xfd, 0x88, 0xfd, 0xaa, 0xf5, 0x15, 0xff, 0xfb, 0xff, 0xda, 0xff, 0xda, 0xff, 0xdb, 0xff, 0xdb, 0xff, 0xda, 0xff,
    0xfb, 0xff, 0xfd, 0xff, 0x85, 0x31, 0xf9, 0xe6, 0xfc, 0xff, 0xba, 0xff, 0xda, 0xff, 0xda, 0xff, 0xda, 0xff, 0xda, 0xff, 0xda, 0xff, 0xda, 0xff, 0xda, 0xff, 0xda, 0xff, 0xda, 0xff, 0xda, 0xff, 0xda, 0xff, 0xda, 0xff, 0xda, 0xff, 0xfa, 0xff,
    0xb9, 0xff, 0x15, 0xf7, 0x90, 0xf6, 0x2d, 0xfe, 0xc9, 0xfd, 0x68, 0xfd, 0x87, 0xfd, 0x27, 0xf4, 0xc6, 0xf2, 0xe7, 0xf2, 0xe7, 0xf2, 0xe7, 0xf2, 0x04, 0xea, 0xe7, 0xf2, 0x28, 0xf3, 0xa6, 0xf2, 0x62, 0xd9, 0x65, 0xea, 0x28, 0xf3, 0x28, 0xf3,
    0xe7, 0xf2, 0x65, 0xea, 0xe7, 0xf2, 0xe7, 0xf2, 0xe7, 0xf2, 0xe7, 0xf2, 0x07, 0xf3, 0x27, 0xf3, 0x48, 0xf3, 0x49, 0xfd, 0x29, 0xfe, 0x2a, 0xfe, 0x09, 0xfe, 0x09, 0xfe, 0xe9, 0xfd, 0xc8, 0xfd, 0xa8, 0xfd, 0x88, 0xfd, 0x68, 0xf5, 0x68, 0xf5,
    0x88, 0xf5, 0x88, 0xfd, 0x88, 0xfd, 0x88, 0xfd, 0x88, 0xfd, 0x88, 0xfd, 0x88, 0xfd, 0x88, 0xfd, 0x88, 0xfd, 0x88, 0xfd, 0x89, 0xfd, 0x02, 0x31, 0x00, 0x00, 0x61, 0x10, 0x3c, 0xe7, 0xff, 0xff, 0xff, 0xff, 0xff, 0xff, 0xff, 0xff, 0xff, 0xff,
    0xff, 0xff, 0xff, 0xff, 0xff, 0xff, 0xff, 0xff, 0xdf, 0xff, 0xde, 0xff, 0xde, 0xff, 0xff, 0xff, 0x9a, 0xd6, 0x00, 0x00, 0x00, 0x00, 0xe8, 0x8b, 0xce, 0xff, 0xa9, 0xfd, 0x27, 0xfb, 0xe7, 0xf2, 0xe7, 0xf2, 0xa6, 0xf2, 0xe3, 0xe1, 0x85, 0xea,
    0x28, 0xfb, 0x28, 0xf3, 0x25, 0xea, 0x25, 0xea, 0x07, 0xf3, 0xe7, 0xf2, 0xe7, 0xf2, 0xc7, 0xf2, 0x08, 0xf4, 0xa8, 0xfd, 0x88, 0xfd, 0x2d, 0xf6, 0x77, 0xff, 0xfb, 0xff, 0xda, 0xff, 0xda, 0xff, 0xdb, 0xff, 0xdb, 0xff, 0xdb, 0xff, 0xdb, 0xff,
    0xfb, 0xff, 0x9a, 0xf7, 0x44, 0x29, 0x77, 0xd6, 0xfc, 0xff, 0xda, 0xff, 0xdb, 0xff, 0xda, 0xff, 0xda, 0xff, 0xda, 0xff, 0xda, 0xff, 0xda, 0xff, 0xda, 0xff, 0xda, 0xff, 0xda, 0xff, 0xda, 0xff, 0xda, 0xff, 0xda, 0xff, 0xda, 0xff, 0xda, 0xff,
    0xda, 0xff, 0xfc, 0xff, 0xfb, 0xff, 0xb9, 0xff, 0x77, 0xff, 0x14, 0xff, 0xb1, 0xf6, 0xa8, 0xf3, 0xc7, 0xf2, 0xe7, 0xf2, 0xe7, 0xf2, 0x07, 0xf3, 0x24, 0xea, 0xe4, 0xe1, 0x08, 0xf3, 0x28, 0xf3, 0xc7, 0xf2, 0xa3, 0xd9, 0xc7, 0xea, 0x08, 0xf3,
    0xe7, 0xf2, 0x07, 0xf3, 0xe7, 0xf2, 0xe7, 0xf2, 0xe7, 0xf2, 0xe7, 0xf2, 0xe7, 0xf2, 0xe6, 0xf2, 0xe6, 0xea, 0xa5, 0x8a, 0x06, 0x7b, 0x46, 0x8b, 0xc7, 0x9b, 0x27, 0xb4, 0xc8, 0xd4, 0x49, 0xed, 0xaa, 0xfd, 0x0a, 0xfe, 0x29, 0xfe, 0x09, 0xfe,
    0xe9, 0xfd, 0xa8, 0xfd, 0x88, 0xfd, 0x88, 0xfd, 0x88, 0xfd, 0x88, 0xfd, 0x88, 0xfd, 0x88, 0xfd, 0x88, 0xfd, 0x88, 0xfd, 0xc9, 0xfd, 0x42, 0x39, 0x00, 0x00, 0x20, 0x08, 0xda, 0xde, 0xff, 0xff, 0xff, 0xff, 0xff, 0xff, 0xff, 0xff, 0xff, 0xff,
    0xff, 0xff, 0xff, 0xff, 0xff, 0xff, 0xff, 0xff, 0xff, 0xff, 0xff, 0xff, 0xff, 0xff, 0xff, 0xff, 0xf3, 0x9c, 0x00, 0x00, 0x00, 0x00, 0xe4, 0x49, 0xe6, 0x62, 0xc3, 0x49, 0x66, 0xc2, 0x07, 0xfb, 0x07, 0xf3, 0x45, 0xe2, 0x85, 0xea, 0x28, 0xfb,
    0x07, 0xf3, 0x45, 0xea, 0xc3, 0xe1, 0xe7, 0xf2, 0xe7, 0xf2, 0x07, 0xf3, 0xe7, 0xf2, 0xc7, 0xf2, 0xa8, 0xf3, 0x0c, 0xf6, 0xd2, 0xfe, 0xd9, 0xff, 0xfa, 0xff, 0xda, 0xff, 0xda, 0xff, 0xda, 0xff, 0xda, 0xff, 0xdb, 0xff, 0xdb, 0xff, 0xdb, 0xff,
    0xdb, 0xff, 0xdb, 0xff, 0x24, 0x29, 0x36, 0xce, 0xfc, 0xff, 0xda, 0xff, 0xda, 0xff, 0xda, 0xff, 0xda, 0xff, 0xda, 0xff, 0xda, 0xff, 0xda, 0xff, 0xdb, 0xff, 0xda, 0xff, 0xda, 0xff, 0xda, 0xff, 0xda, 0xff, 0xda, 0xff, 0xda, 0xff, 0xba, 0xff,
    0xfc, 0xff, 0x90, 0x94, 0x35, 0xce, 0xfb, 0xff, 0xda, 0xff, 0xfb, 0xff, 0xda, 0xff, 0xeb, 0xf3, 0xe7, 0xf2, 0x08, 0xf3, 0xe7, 0xf2, 0x07, 0xf3, 0x27, 0xf3, 0x24, 0xe2, 0xa6, 0xea, 0x08, 0xf3, 0x08, 0xf3, 0xe7, 0xf2, 0xc7, 0xf2, 0x08, 0xf3,
    0xe7, 0xf2, 0xe7, 0xf2, 0xe7, 0xf2, 0xe7, 0xf2, 0xe7, 0xf2, 0xe7, 0xf2, 0xe7, 0xf2, 0xe6, 0xf2, 0xe6, 0xea, 0xa5, 0xa2, 0x64, 0x82, 0xa3, 0x59, 0x43, 0x39, 0xe2, 0x28, 0xa2, 0x18, 0xa2, 0x18, 0xe2, 0x20, 0x63, 0x39, 0x44, 0x62, 0x46, 0x8b,
    0x68, 0xc4, 0x49, 0xed, 0xea, 0xfd, 0x2a, 0xfe, 0xe9, 0xfd, 0xa8, 0xfd, 0x68, 0xfd, 0x68, 0xf5, 0x88, 0xfd, 0x88, 0xfd, 0xc9, 0xfd, 0x83, 0x41, 0x00, 0x00, 0x20, 0x00, 0xda, 0xde, 0xff, 0xff, 0xdf, 0xff, 0xff, 0xff, 0xff, 0xff, 0xff, 0xff,
    0xff, 0xff, 0xff, 0xff, 0xff, 0xff, 0xdf, 0xff, 0xf7, 0xbd, 0xef, 0x7b, 0x08, 0x42, 0x44, 0x29, 0x82, 0x10, 0x00, 0x00, 0x00, 0x00, 0xa4, 0x49, 0x85, 0x82, 0x65, 0x9a, 0xe7, 0xda, 0xe7, 0xf2, 0xe7, 0xf2, 0x07, 0xf3, 0x07, 0xf3, 0x07, 0xf3,
    0xc6, 0xf2, 0xe4, 0xe1, 0xe7, 0xf2, 0xe7, 0xf2, 0xe7, 0xf2, 0xe7, 0xf2, 0xe7, 0xf2, 0xc6, 0xf2, 0x0a, 0xec, 0x98, 0xff, 0xda, 0xff, 0xda, 0xff, 0xda, 0xff, 0xda, 0xff, 0xda, 0xff, 0xda, 0xff, 0xda, 0xff, 0xda, 0xff, 0xdb, 0xff, 0xdb, 0xff,
    0xda, 0xff, 0xfc, 0xff, 0x65, 0x29, 0x73, 0xad, 0xfd, 0xff, 0xda, 0xff, 0xda, 0xff, 0xda, 0xff, 0xda, 0xff, 0xda, 0xff, 0xda, 0xff, 0xda, 0xff, 0xda, 0xff, 0xda, 0xff, 0xda, 0xff, 0xda, 0xff, 0xda, 0xff, 0xba, 0xff, 0xba, 0xff, 0xfe, 0xff,
    0xd1, 0x9c, 0x00, 0x00, 0x94, 0xb5, 0xfc, 0xff, 0xba, 0xff, 0xda, 0xff, 0xda, 0xff, 0x2c, 0xec, 0xc6, 0xf2, 0x07, 0xf3, 0xe7, 0xf2, 0x07, 0xf3, 0x27, 0xf3, 0x28, 0xf3, 0xe7, 0xf2, 0x07, 0xf3, 0xe7, 0xf2, 0x07, 0xf3, 0x08, 0xf3, 0x07, 0xf3,
    0x07, 0xf3, 0xe7, 0xf2, 0xe7, 0xf2, 0xe7, 0xf2, 0xe7, 0xf2, 0xe7, 0xf2, 0xe6, 0xf2, 0xc6, 0xf2, 0x06, 0xf3, 0xe6, 0xfb, 0x05, 0xfc, 0xe5, 0xfb, 0xe6, 0xfb, 0xe6, 0xfb, 0xa5, 0xe3, 0x65, 0xcb, 0xc4, 0xa2, 0x43, 0x82, 0x83, 0x51, 0xe2, 0x28,
    0x61, 0x10, 0x81, 0x10, 0x43, 0x31, 0xa5, 0x72, 0x07, 0xb4, 0x69, 0xed, 0x09, 0xfe, 0xe8, 0xfd, 0x88, 0xfd, 0x88, 0xf5, 0xc9, 0xfd, 0x83, 0x41, 0x00, 0x00, 0x20, 0x08, 0xda, 0xde, 0xff, 0xff, 0xff, 0xff, 0xff, 0xff, 0xff, 0xff, 0xff, 0xff,
    0xff, 0xff, 0xff, 0xff, 0xb2, 0x94, 0x24, 0x21, 0x24, 0x21, 0x8a, 0x52, 0x30, 0x84, 0x38, 0xc6, 0xce, 0x7b, 0x00, 0x00, 0x00, 0x00, 0xa6, 0xcb, 0x46, 0xfc, 0x86, 0xfb, 0x07, 0xf3, 0xe7, 0xf2, 0xe7, 0xf2, 0xe7, 0xf2, 0xe7, 0xf2, 0x07, 0xf3,
    0xc7, 0xf2, 0xe7, 0xf2, 0xe7, 0xf2, 0xe7, 0xf2, 0xe7, 0xf2, 0xc7, 0xf2, 0xe7, 0xf2, 0xc6, 0xf2, 0x8d, 0xec, 0xfb, 0xff, 0xb9, 0xff, 0xda, 0xff, 0xda, 0xff, 0xda, 0xff, 0xda, 0xff, 0xda, 0xff, 0xda, 0xff, 0xda, 0xff, 0xda, 0xff, 0xda, 0xff,
    0xba, 0xff, 0xfd, 0xff, 0x28, 0x4a, 0xee, 0x7b, 0xfe, 0xff, 0xba, 0xf7, 0xda, 0xff, 0xda, 0xff, 0xda, 0xff, 0xda, 0xff, 0xda, 0xff, 0xda, 0xff, 0xda, 0xff, 0xda, 0xff, 0xba, 0xff, 0xba, 0xff, 0xba, 0xff, 0xfc, 0xff, 0xfc, 0xff, 0x4f, 0x8c,
    0x00, 0x00, 0x0f, 0x84, 0xfc, 0xff, 0xba, 0xff, 0xda, 0xff, 0xba, 0xff, 0xfc, 0xff, 0x0f, 0xf5, 0xa6, 0xf2, 0x07, 0xf3, 0x07, 0xf3, 0x07, 0xf3, 0x07, 0xf3, 0x28, 0xf3, 0x08, 0xf3, 0x07, 0xf3, 0x07, 0xf3, 0x07, 0xf3, 0x07, 0xf3, 0x07, 0xf3,
    0x07, 0xf3, 0xe7, 0xf2, 0xe7, 0xf2, 0xe7, 0xf2, 0xe7, 0xf2, 0xe7, 0xf2, 0xe6, 0xf2, 0xe6, 0xf2, 0x06, 0xf3, 0x65, 0xf3, 0x65, 0xf3, 0x64, 0xf3, 0x44, 0xf3, 0x44, 0xf3, 0x64, 0xfb, 0x84, 0xfb, 0xa4, 0xfb, 0xc4, 0xfb, 0xe5, 0xfb, 0xe5, 0xfb,
    0x85, 0xe3, 0x04, 0xbb, 0x24, 0x7a, 0x22, 0x41, 0x81, 0x18, 0xa2, 0x18, 0xe4, 0x49, 0xe7, 0xab, 0x88, 0xf5, 0xa8, 0xfd, 0xc9, 0xfd, 0x42, 0x39, 0x00, 0x00, 0x61, 0x08, 0xfb, 0xe6, 0xff, 0xff, 0xff, 0xff, 0xff, 0xff, 0xff, 0xff, 0xff, 0xff,
    0xff, 0xff, 0xff, 0xff, 0xd7, 0xbd, 0x17, 0xbe, 0xff, 0xff, 0xff, 0xff, 0xff, 0xff, 0xff, 0xff, 0xce, 0x7b, 0x00, 0x00, 0x20, 0x00, 0xc4, 0xc2, 0x64, 0xfb, 0x25, 0xeb, 0x07, 0xf3, 0x07, 0xf3, 0xe6, 0xf2, 0xe6, 0xf2, 0xe6, 0xf2, 0xe7, 0xf2,
    0x07, 0xf3, 0xe7, 0xf2, 0xc7, 0xf2, 0xe7, 0xf2, 0xe7, 0xf2, 0xc7, 0xf2, 0xe7, 0xf2, 0xa6, 0xf2, 0x50, 0xf5, 0xfb, 0xff, 0xba, 0xff, 0xda, 0xff, 0xdb, 0xff, 0xdb, 0xff, 0xda, 0xff, 0xda, 0xff, 0xda, 0xff, 0xda, 0xff, 0xba, 0xff, 0xba, 0xff,
    0xda, 0xff, 0xff, 0xff, 0xd1, 0x9c, 0x24, 0x29, 0x9c, 0xf7, 0xfd, 0xff, 0xfd, 0xff, 0xfc, 0xff, 0xfb, 0xff, 0xda, 0xff, 0xda, 0xff, 0xba, 0xff, 0xba, 0xff, 0xda, 0xff, 0xfb, 0xff, 0xfd, 0xff, 0xfd, 0xff, 0x56, 0xce, 0xc6, 0x39, 0x00, 0x00,
    0x90, 0x94, 0xfd, 0xff, 0xda, 0xff, 0xda, 0xff, 0xda, 0xff, 0xba, 0xff, 0xfb, 0xff, 0xd7, 0xf6, 0x28, 0xf3, 0x28, 0xf3, 0x07, 0xf3, 0x07, 0xf3, 0x07, 0xf3, 0x08, 0xf3, 0x28, 0xf3, 0x07, 0xf3, 0xe7, 0xf2, 0x07, 0xf3, 0x07, 0xf3, 0x07, 0xf3,
    0x07, 0xf3, 0xe6, 0xf2, 0xe7, 0xf2, 0xe7, 0xf2, 0xc6, 0xf2, 0xc6, 0xf2, 0xe6, 0xf2, 0x27, 0xf3, 0x66, 0xf3, 0x65, 0xf3, 0xa5, 0xfb, 0x84, 0xf3, 0x84, 0xf3, 0x64, 0xf3, 0x64, 0xf3, 0x44, 0xf3, 0x44, 0xf3, 0x44, 0xeb, 0x43, 0xeb, 0x43, 0xf3,
    0x44, 0xf3, 0x64, 0xfb, 0xa4, 0xfb, 0xa5, 0xfb, 0x85, 0xeb, 0x25, 0xbb, 0x23, 0x7a, 0x83, 0x49, 0xc6, 0xcb, 0xe7, 0xfc, 0x69, 0xf5, 0x02, 0x29, 0x00, 0x00, 0xa2, 0x10, 0x5c, 0xef, 0xff, 0xff, 0xff, 0xff, 0xff, 0xff, 0xff, 0xff, 0xff, 0xff,
    0xff, 0xff, 0xff, 0xff, 0xff, 0xff, 0xff, 0xff, 0xff, 0xff, 0xdf, 0xff, 0xbe, 0xf7, 0xff, 0xff, 0xce, 0x7b, 0x00, 0x00, 0x20, 0x00, 0xc4, 0xc2, 0x84, 0xfb, 0x25, 0xeb, 0x27, 0xf3, 0x07, 0xf3, 0xe6, 0xf2, 0xe6, 0xf2, 0xe6, 0xf2, 0xe7, 0xf2,
    0xe7, 0xf2, 0xe7, 0xf2, 0xe7, 0xf2, 0xe7, 0xf2, 0xe7, 0xf2, 0xc7, 0xf2, 0xc7, 0xf2, 0xa6, 0xea, 0x95, 0xf6, 0xfb, 0xff, 0xda, 0xff, 0xda, 0xff, 0xdb, 0xff, 0xda, 0xff, 0xda, 0xff, 0xda, 0xff, 0xda, 0xff, 0xda, 0xff, 0xfb, 0xff, 0xfd, 0xff,
    0xdc, 0xff, 0x12, 0xa5, 0x85, 0x31, 0xa2, 0x10, 0x03, 0x21, 0x49, 0x4a, 0x90, 0x94, 0x56, 0xce, 0x7a, 0xef, 0xfc, 0xff, 0xfd, 0xff, 0xfd, 0xff, 0xfd, 0xff, 0xfc, 0xff, 0xf9, 0xe6, 0x12, 0xa5, 0xe7, 0x41, 0x00, 0x00, 0x86, 0x31, 0x56, 0xce,
    0xfd, 0xff, 0xda, 0xff, 0xda, 0xff, 0xdb, 0xff, 0xdb, 0xff, 0xda, 0xff, 0xda, 0xff, 0xfb, 0xff, 0xce, 0xec, 0x48, 0xf3, 0x28, 0xf3, 0x07, 0xf3, 0x07, 0xf3, 0x07, 0xf3, 0x07, 0xf3, 0xe7, 0xf2, 0xe7, 0xf2, 0xe7, 0xf2, 0xe7, 0xf2, 0x07, 0xf3,
    0xe6, 0xf2, 0xe6, 0xf2, 0xe7, 0xf2, 0xe7, 0xf2, 0xe6, 0xf2, 0xe6, 0xf2, 0xe6, 0xf2, 0xa7, 0xf3, 0x48, 0xf5, 0x66, 0xf4, 0x84, 0xf3, 0x64, 0xf3, 0x84, 0xf3, 0x84, 0xf3, 0x64, 0xf3, 0x44, 0xf3, 0x44, 0xf3, 0x44, 0xf3, 0x44, 0xf3, 0x44, 0xf3,
    0x44, 0xf3, 0x44, 0xf3, 0x23, 0xeb, 0x23, 0xeb, 0x23, 0xf3, 0x64, 0xfb, 0xa4, 0xfb, 0x05, 0xfc, 0xc5, 0xeb, 0x84, 0xf3, 0xc6, 0xeb, 0x81, 0x18, 0x00, 0x00, 0x04, 0x21, 0xde, 0xff, 0xff, 0xff, 0xff, 0xff, 0xff, 0xff, 0xff, 0xff, 0xff, 0xff,
    0xff, 0xff, 0xff, 0xff, 0xdf, 0xff, 0xff, 0xff, 0xff, 0xff, 0xff, 0xff, 0xde, 0xff, 0xff, 0xff, 0x10, 0x84, 0x00, 0x00, 0x00, 0x00, 0x84, 0xb2, 0x64, 0xfb, 0x06, 0xec, 0x87, 0xf3, 0xe7, 0xf2, 0xe6, 0xf2, 0xe6, 0xf2, 0xe7, 0xf2, 0x07, 0xf3,
    0xe7, 0xf2, 0xe7, 0xf2, 0xe7, 0xf2, 0xe7, 0xf2, 0xe7, 0xf2, 0xe7, 0xf2, 0xe6, 0xf2, 0x2b, 0xec, 0xda, 0xff, 0xda, 0xff, 0xda, 0xff, 0xda, 0xff, 0xda, 0xff, 0xdb, 0xff, 0xdb, 0xff, 0xda, 0xff, 0xba, 0xff, 0xfb, 0xff, 0x70, 0x94, 0xca, 0x5a,
    0x04, 0x21, 0x03, 0x21, 0x2f, 0x84, 0x7a, 0xef, 0x56, 0xce, 0xad, 0x7b, 0x85, 0x31, 0x61, 0x10, 0x82, 0x10, 0xe3, 0x20, 0x85, 0x31, 0xa6, 0x39, 0x65, 0x31, 0xc3, 0x18, 0x00, 0x00, 0x20, 0x00, 0x07, 0x42, 0x94, 0xb5, 0xfc, 0xff, 0xfb, 0xff,
    0xba, 0xff, 0xda, 0xff, 0xdb, 0xff, 0xdb, 0xff, 0xdb, 0xff, 0xda, 0xff, 0xba, 0xff, 0xfb, 0xff, 0x38, 0xf7, 0xca, 0xeb, 0x28, 0xf3, 0x07, 0xf3, 0xe7, 0xf2, 0xe7, 0xf2, 0xe7, 0xf2, 0xe7, 0xf2, 0xe7, 0xf2, 0xe6, 0xf2, 0x06, 0xf3, 0x27, 0xf3,
    0x07, 0xf3, 0x07, 0xf3, 0x07, 0xf3, 0xe6, 0xf2, 0xe6, 0xf2, 0xe6, 0xf2, 0x47, 0xf3, 0x08, 0xfd, 0x88, 0xfd, 0x88, 0xfd, 0x07, 0xf5, 0x66, 0xf4, 0xa5, 0xf3, 0x64, 0xf3, 0x64, 0xf3, 0x64, 0xf3, 0x44, 0xf3, 0x44, 0xf3, 0x44, 0xf3, 0x44, 0xf3,
    0x44, 0xf3, 0x44, 0xf3, 0x44, 0xf3, 0x43, 0xf3, 0x44, 0xf3, 0x23, 0xeb, 0x23, 0xeb, 0x23, 0xeb, 0x44, 0xeb, 0x64, 0xf3, 0x05, 0xd3, 0x20, 0x08, 0x00, 0x00, 0xc6, 0x39, 0xff, 0xff, 0xff, 0xff, 0xff, 0xff, 0xff, 0xff, 0xff, 0xff, 0xdf, 0xff,
    0xff, 0xff, 0xff, 0xff, 0xff, 0xff, 0xff, 0xff, 0xff, 0xff, 0xff, 0xff, 0xde, 0xff, 0xff, 0xff, 0x92, 0x94, 0x00, 0x00, 0x00, 0x00, 0x43, 0x9a, 0x86, 0xfc, 0xa8, 0xf5, 0x68, 0xf4, 0xc7, 0xf2, 0xe7, 0xf2, 0xe7, 0xf2, 0xe7, 0xf2, 0xe7, 0xf2,
    0xe7, 0xf2, 0xe7, 0xf2, 0xe7, 0xf2, 0xe7, 0xf2, 0x07, 0xf3, 0xe7, 0xf2, 0x27, 0xeb, 0xb6, 0xf6, 0xfb, 0xff, 0xba, 0xff, 0xda, 0xff, 0xda, 0xff, 0xda, 0xff, 0xda, 0xff, 0xda, 0xff, 0xda, 0xff, 0xba, 0xff, 0xfb, 0xff, 0x76, 0xd6, 0x8d, 0x73,
    0x73, 0xad, 0xdb, 0xff, 0xfd, 0xff, 0xfa, 0xff, 0xfb, 0xff, 0xfd, 0xff, 0xfc, 0xff, 0x39, 0xe7, 0xd4, 0xbd, 0x90, 0x94, 0xac, 0x73, 0x2b, 0x6b, 0x2b, 0x6b, 0x0e, 0x84, 0x93, 0xb5, 0x39, 0xef, 0xfd, 0xff, 0xfc, 0xff, 0xda, 0xff, 0xba, 0xff,
    0xda, 0xff, 0xda, 0xff, 0xda, 0xff, 0xda, 0xff, 0xda, 0xff, 0xda, 0xff, 0xda, 0xff, 0xba, 0xff, 0xfb, 0xff, 0xf7, 0xf6, 0xea, 0xeb, 0x07, 0xf3, 0xe7, 0xf2, 0x07, 0xf3, 0x27, 0xf3, 0x07, 0xf3, 0x07, 0xf3, 0x07, 0xf3, 0x27, 0xf3, 0x47, 0xf3,
    0x07, 0xf3, 0xe7, 0xf2, 0xe7, 0xf2, 0xe7, 0xf2, 0xc6, 0xf2, 0x27, 0xf3, 0x08, 0xf5, 0x88, 0xfd, 0x68, 0xfd, 0x68, 0xfd, 0x88, 0xfd, 0xa8, 0xfd, 0x47, 0xf5, 0xa6, 0xf4, 0xe5, 0xf3, 0x64, 0xf3, 0x44, 0xf3, 0x64, 0xf3, 0x44, 0xf3, 0x44, 0xf3,
    0x44, 0xf3, 0x44, 0xf3, 0x44, 0xf3, 0x44, 0xf3, 0x44, 0xf3, 0x44, 0xf3, 0x44, 0xf3, 0x44, 0xf3, 0x24, 0xeb, 0x64, 0xfb, 0x84, 0xb2, 0x00, 0x00, 0x00, 0x00, 0xaa, 0x5a, 0xff, 0xff, 0xdf, 0xff, 0xff, 0xff, 0xff, 0xff, 0xff, 0xff, 0xff, 0xff,
    0xff, 0xff, 0xff, 0xff, 0xff, 0xff, 0xff, 0xff, 0xff, 0xff, 0xff, 0xff, 0xde, 0xff, 0xff, 0xff, 0x95, 0xb5, 0x00, 0x00, 0x00, 0x00, 0xc5, 0x82, 0x09, 0xfe, 0x87, 0xf5, 0x09, 0xfe, 0x28, 0xfc, 0xc7, 0xf2, 0xe7, 0xf2, 0xe7, 0xf2, 0xe7, 0xf2,
    0xe7, 0xf2, 0xe6, 0xf2, 0x07, 0xf3, 0x28, 0xf3, 0xc6, 0xf2, 0xa6, 0xea, 0x91, 0xf5, 0xfb, 0xff, 0xd9, 0xff, 0xda, 0xff, 0xda, 0xff, 0xda, 0xff, 0xda, 0xff, 0xda, 0xff, 0xdb, 0xff, 0xdb, 0xff, 0xda, 0xff, 0xda, 0xff, 0xfb, 0xff, 0xfd, 0xff,
    0xfc, 0xff, 0xfa, 0xff, 0xda, 0xff, 0xda, 0xff, 0xda, 0xff, 0xba, 0xff, 0xda, 0xff, 0xfb, 0xff, 0xfc, 0xff, 0xfd, 0xff, 0xfd, 0xff, 0xfd, 0xff, 0xfd, 0xff, 0xfd, 0xff, 0xfc, 0xff, 0xfa, 0xff, 0xd9, 0xff, 0xba, 0xff, 0xda, 0xff, 0xda, 0xff,
    0xda, 0xff, 0xda, 0xff, 0xda, 0xff, 0xda, 0xff, 0xda, 0xff, 0xda, 0xff, 0xda, 0xff, 0xda, 0xff, 0xba, 0xff, 0xfb, 0xff, 0x99, 0xff, 0x2f, 0xed, 0x48, 0xeb, 0xe6, 0xf2, 0x06, 0xf3, 0xe7, 0xf2, 0xe7, 0xf2, 0x07, 0xf3, 0x07, 0xf3, 0x27, 0xf3,
    0x28, 0xf3, 0xe7, 0xf2, 0xa5, 0xf2, 0xe6, 0xf2, 0xe8, 0xf3, 0x28, 0xf5, 0x88, 0xfd, 0x68, 0xfd, 0x88, 0xfd, 0x68, 0xfd, 0x68, 0xfd, 0x67, 0xfd, 0xa8, 0xfd, 0xc8, 0xfd, 0x68, 0xf5, 0xc7, 0xf4, 0x05, 0xf4, 0x64, 0xf3, 0x44, 0xf3, 0x44, 0xf3,
    0x44, 0xf3, 0x44, 0xf3, 0x44, 0xf3, 0x44, 0xf3, 0x44, 0xf3, 0x44, 0xf3, 0x44, 0xf3, 0x24, 0xf3, 0x24, 0xeb, 0x84, 0xfb, 0xe3, 0x89, 0x00, 0x00, 0x00, 0x00, 0x10, 0x84, 0xff, 0xff, 0xde, 0xff, 0xff, 0xff, 0xff, 0xff, 0xff, 0xff, 0xff, 0xff,
    0xff, 0xff, 0xff, 0xff, 0xff, 0xff, 0xff, 0xff, 0xff, 0xff, 0xff, 0xff, 0xff, 0xff, 0xff, 0xff, 0x9a, 0xd6, 0x20, 0x00, 0x00, 0x00, 0x04, 0x52, 0x6a, 0xfe, 0x09, 0xfe, 0x48, 0xb4, 0xa8, 0xcc, 0x28, 0xfc, 0x07, 0xf3, 0xe6, 0xf2, 0xc6, 0xf2,
    0xe6, 0xf2, 0xc6, 0xf2, 0xa6, 0xf2, 0xc6, 0xf2, 0x48, 0xeb, 0xf3, 0xed, 0xfa, 0xff, 0xd9, 0xff, 0xda, 0xff, 0xda, 0xff, 0xda, 0xff, 0xda, 0xff, 0xda, 0xff, 0xda, 0xff, 0xda, 0xff, 0xda, 0xff, 0xda, 0xff, 0xda, 0xff, 0xda, 0xff, 0xba, 0xff,
    0xda, 0xff, 0xda, 0xff, 0xda, 0xff, 0xda, 0xff, 0xda, 0xff, 0xdb, 0xff, 0xda, 0xff, 0xda, 0xff, 0xba, 0xff, 0xba, 0xff, 0xba, 0xff, 0xba, 0xff, 0xba, 0xff, 0xba, 0xff, 0xba, 0xff, 0xda, 0xff, 0xda, 0xff, 0xda, 0xff, 0xda, 0xff, 0xda, 0xff,
    0xda, 0xff, 0xda, 0xff, 0xda, 0xff, 0xda, 0xff, 0xda, 0xff, 0xda, 0xff, 0xda, 0xff, 0xda, 0xff, 0xda, 0xff, 0xba, 0xff, 0xda, 0xff, 0xfb, 0xff, 0x37, 0xf7, 0x50, 0xed, 0x2b, 0xec, 0x27, 0xf3, 0xe6, 0xf2, 0x07, 0xf3, 0x47, 0xf3, 0x47, 0xf3,
    0x68, 0xf3, 0xc9, 0xf3, 0xad, 0xf4, 0xd0, 0xf5, 0xca, 0xf5, 0x88, 0xfd, 0x69, 0xfd, 0x89, 0xfd, 0x88, 0xfd, 0x88, 0xfd, 0x88, 0xfd, 0xa8, 0xfd, 0xa7, 0xd4, 0xa8, 0xd4, 0xe9, 0xfd, 0xe9, 0xfd, 0x88, 0xfd, 0xe7, 0xf4, 0x26, 0xf4, 0x64, 0xf3,
    0x24, 0xf3, 0x44, 0xf3, 0x44, 0xf3, 0x44, 0xf3, 0x44, 0xf3, 0x44, 0xf3, 0x24, 0xf3, 0x24, 0xf3, 0x23, 0xeb, 0x84, 0xfb, 0x42, 0x51, 0x00, 0x00, 0x00, 0x00, 0xb6, 0xb5, 0xff, 0xff, 0xde, 0xff, 0xff, 0xff, 0xff, 0xff, 0xff, 0xff, 0xff, 0xff,
    0xff, 0xff, 0xff, 0xff, 0xff, 0xff, 0xff, 0xff, 0xff, 0xff, 0xff, 0xff, 0xff, 0xff, 0xff, 0xff, 0x9e, 0xf7, 0xe3, 0x18, 0x00, 0x00, 0x02, 0x29, 0x88, 0xbc, 0x83, 0x41, 0xa3, 0x49, 0x08, 0xdd, 0xc8, 0xfd, 0x0a, 0xf5, 0xac, 0xf4, 0xea, 0xf3,
    0x68, 0xeb, 0xa9, 0xeb, 0x4b, 0xf4, 0xb1, 0xed, 0x79, 0xff, 0xfb, 0xff, 0xd9, 0xff, 0xda, 0xff, 0xda, 0xff, 0xda, 0xff, 0xda, 0xff, 0xda, 0xff, 0xda, 0xff, 0xda, 0xff, 0xda, 0xff, 0xda, 0xff, 0xda, 0xff, 0xda, 0xff, 0xda, 0xff, 0xda, 0xff,
    0xda, 0xff, 0xda, 0xff, 0xda, 0xff, 0xda, 0xff, 0xda, 0xff, 0xdb, 0xff, 0xdb, 0xff, 0xda, 0xff, 0xda, 0xff, 0xda, 0xff, 0xda, 0xff, 0xda, 0xff, 0xda, 0xff, 0xda, 0xff, 0xda, 0xff, 0xdb, 0xff, 0xdb, 0xff, 0xda, 0xff, 0xda, 0xff, 0xda, 0xff,
    0xda, 0xff, 0xda, 0xff, 0xda, 0xff, 0xda, 0xff, 0xda, 0xff, 0xda, 0xff, 0xda, 0xff, 0xda, 0xff, 0xda, 0xff, 0xda, 0xff, 0xba, 0xff, 0xba, 0xff, 0xfa, 0xff, 0xfb, 0xff, 0xda, 0xff, 0x17, 0xf7, 0xb6, 0xf6, 0xb6, 0xf6, 0x54, 0xf6, 0x33, 0xf6,
    0xb6, 0xf6, 0x78, 0xff, 0xfb, 0xff, 0xfa, 0xff, 0x14, 0xff, 0x2d, 0xf6, 0x88, 0xfd, 0x68, 0xfd, 0x89, 0xfd, 0xa9, 0xfd, 0x89, 0xfd, 0xa9, 0xfd, 0x47, 0xc4, 0x63, 0x41, 0xa3, 0x49, 0xe7, 0xb3, 0xa9, 0xfd, 0xe9, 0xfd, 0x88, 0xfd, 0x27, 0xf5,
    0x26, 0xf4, 0x44, 0xeb, 0x23, 0xf3, 0x24, 0xf3, 0x44, 0xf3, 0x24, 0xf3, 0x24, 0xf3, 0x24, 0xf3, 0x44, 0xf3, 0x45, 0xeb, 0x81, 0x20, 0x00, 0x00, 0x61, 0x08, 0x3c, 0xe7, 0xff, 0xff, 0xff, 0xff, 0xff, 0xff, 0xff, 0xff, 0xff, 0xff, 0xdf, 0xff,
    0xff, 0xff, 0xff, 0xff, 0xff, 0xff, 0xff, 0xff, 0xff, 0xff, 0xff, 0xff, 0xff, 0xff, 0xbe, 0xf7, 0xff, 0xff, 0xeb, 0x5a, 0x00, 0x00, 0x20, 0x08, 0xa1, 0x20, 0x66, 0x93, 0xe9, 0xfd, 0xe9, 0xfd, 0xc9, 0xf5, 0x2c, 0xf6, 0x98, 0xff, 0x99, 0xff,
    0x58, 0xf7, 0x79, 0xff, 0xfb, 0xff, 0xfb, 0xff, 0xfa, 0xff, 0xba, 0xff, 0xda, 0xff, 0xda, 0xff, 0xda, 0xff, 0xda, 0xff, 0xda, 0xff, 0xdb, 0xff, 0xda, 0xff, 0xda, 0xff, 0xda, 0xff, 0xda, 0xff, 0xda, 0xff, 0xda, 0xff, 0xda, 0xff, 0xda, 0xff,
    0xda, 0xff, 0xda, 0xff, 0xda, 0xff, 0xda, 0xff, 0xda, 0xff, 0xda, 0xff, 0xdb, 0xff, 0xda, 0xff, 0xda, 0xff, 0xda, 0xff, 0xda, 0xff, 0xda, 0xff, 0xda, 0xff, 0xda, 0xff, 0xdb, 0xff, 0xdb, 0xff, 0xdb, 0xff, 0xdb, 0xff, 0xda, 0xff, 0xda, 0xff,
    0xda, 0xff, 0xda, 0xff, 0xda, 0xff, 0xda, 0xff, 0xda, 0xff, 0xda, 0xff, 0xda, 0xff, 0xda, 0xff, 0xda, 0xff, 0xda, 0xff, 0xda, 0xff, 0xda, 0xff, 0xba, 0xff, 0xba, 0xff, 0xda, 0xff, 0xfa, 0xff, 0xfb, 0xff, 0xfb, 0xff, 0xfb, 0xff, 0xfb, 0xff,
    0xfb, 0xff, 0xfb, 0xff, 0xda, 0xff, 0xba, 0xff, 0xda, 0xff, 0xda, 0xff, 0x14, 0xf7, 0x0c, 0xf6, 0x89, 0xfd, 0x89, 0xfd, 0x8a, 0xfd, 0x89, 0xfd, 0xc9, 0xfd, 0x89, 0xfd, 0x66, 0x9b, 0x02, 0x31, 0x22, 0x31, 0xa7, 0xa3, 0xc9, 0xfd, 0xe9, 0xfd,
    0x88, 0xfd, 0x27, 0xf5, 0x46, 0xf4, 0x64, 0xeb, 0x03, 0xf3, 0x24, 0xf3, 0x44, 0xf3, 0x24, 0xeb, 0x64, 0xfb, 0xa4, 0xba, 0x00, 0x00, 0x00, 0x00, 0xc6, 0x39, 0xff, 0xff, 0xff, 0xff, 0xff, 0xff, 0xff, 0xff, 0xff, 0xff, 0xff, 0xff, 0xdf, 0xff,
    0xff, 0xff, 0xff, 0xff, 0xff, 0xff, 0xff, 0xff, 0xff, 0xff, 0xff, 0xff, 0xde, 0xff, 0xff, 0xff, 0x3c, 0xe7, 0xc6, 0x39, 0x00, 0x00, 0x00, 0x00, 0x45, 0x93, 0x49, 0xfe, 0x88, 0xf5, 0xca, 0xf5, 0x0c, 0xf6, 0x56, 0xff, 0xda, 0xff, 0xd9, 0xff,
    0xfa, 0xff, 0xda, 0xff, 0xda, 0xff, 0xba, 0xff, 0xda, 0xff, 0xda, 0xff, 0xda, 0xff, 0xda, 0xff, 0xda, 0xff, 0xda, 0xff, 0xda, 0xff, 0xda, 0xff, 0xda, 0xff, 0xda, 0xff, 0xdb, 0xff, 0xda, 0xff, 0xda, 0xff, 0xdb, 0xff, 0xda, 0xff, 0xda, 0xff,
    0xda, 0xff, 0xda, 0xff, 0xda, 0xff, 0xda, 0xff, 0xda, 0xff, 0xda, 0xff, 0xda, 0xff, 0xda, 0xff, 0xda, 0xff, 0xda, 0xff, 0xda, 0xff, 0xda, 0xff, 0xda, 0xff, 0xda, 0xff, 0xdb, 0xff, 0xda, 0xff, 0xdb, 0xff, 0xdb, 0xff, 0xda, 0xff, 0xda, 0xff,
    0xda, 0xff, 0xda, 0xff, 0xda, 0xff, 0xda, 0xff, 0xda, 0xff, 0xda, 0xff, 0xda, 0xff, 0xda, 0xff, 0xda, 0xff, 0xda, 0xff, 0xda, 0xff, 0xda, 0xff, 0xda, 0xff, 0xda, 0xff, 0xda, 0xff, 0xba, 0xff, 0xda, 0xff, 0xda, 0xff, 0xba, 0xff, 0xba, 0xff,
    0xda, 0xff, 0xda, 0xff, 0xdb, 0xff, 0xdb, 0xff, 0xda, 0xff, 0xda, 0xff, 0xfb, 0xff, 0xb9, 0xff, 0xd3, 0xf6, 0xec, 0xf5, 0x89, 0xf5, 0x89, 0xfd, 0x89, 0xf5, 0xaa, 0xfd, 0x2a, 0xfe, 0xca, 0xfd, 0x86, 0xa3, 0x02, 0x29, 0x02, 0x29, 0xc7, 0xab,
    0xea, 0xfd, 0xc9, 0xfd, 0x88, 0xf5, 0x28, 0xfd, 0x26, 0xf4, 0x24, 0xeb, 0x03, 0xeb, 0x23, 0xeb, 0x84, 0xfb, 0xa3, 0x71, 0x00, 0x00, 0x00, 0x00, 0xef, 0x83, 0xff, 0xff, 0xde, 0xff, 0xff, 0xff, 0xff, 0xff, 0xff, 0xff, 0xff, 0xff, 0xff, 0xff,
    0xff, 0xff, 0xff, 0xff, 0xff, 0xff, 0xff, 0xff, 0xfe, 0xff, 0xff, 0xff, 0xff, 0xff, 0x14, 0xa5, 0xc2, 0x18, 0x49, 0x4a, 0x81, 0x10, 0x00, 0x00, 0x83, 0x41, 0xe9, 0xfd, 0xca, 0xf5, 0xcb, 0xed, 0x36, 0xff, 0xfa, 0xff, 0xd9, 0xff, 0xda, 0xff,
    0xda, 0xff, 0xda, 0xff, 0xda, 0xff, 0xda, 0xff, 0xda, 0xff, 0xda, 0xff, 0xda, 0xff, 0xda, 0xff, 0xda, 0xff, 0xdb, 0xff, 0xdb, 0xff, 0xdb, 0xff, 0xdb, 0xff, 0xda, 0xff, 0xdb, 0xff, 0xdb, 0xff, 0xdb, 0xff, 0xda, 0xff, 0xda, 0xff, 0xda, 0xff,
    0xda, 0xff, 0xda, 0xff, 0xda, 0xff, 0xda, 0xff, 0xda, 0xff, 0xda, 0xff, 0xda, 0xff, 0xda, 0xff, 0xda, 0xff, 0xda, 0xff, 0xda, 0xff, 0xda, 0xff, 0xda, 0xff, 0xda, 0xff, 0xda, 0xff, 0xda, 0xff, 0xda, 0xff, 0xda, 0xff, 0xda, 0xff, 0xda, 0xff,
    0xda, 0xff, 0xda, 0xff, 0xda, 0xff, 0xda, 0xff, 0xda, 0xff, 0xda, 0xff, 0xda, 0xff, 0xda, 0xff, 0xda, 0xff, 0xda, 0xff, 0xda, 0xff, 0xda, 0xff, 0xda, 0xff, 0xda, 0xff, 0xda, 0xff, 0xda, 0xff, 0xda, 0xff, 0xda, 0xff, 0xda, 0xff, 0xdb, 0xff,
    0xdb, 0xff, 0xdb, 0xff, 0xdb, 0xff, 0xdb, 0xff, 0xdb, 0xff, 0xdb, 0xff, 0xda, 0xff, 0xda, 0xff, 0xfb, 0xff, 0x98, 0xff, 0xb1, 0xf6, 0xaa, 0xf5, 0x68, 0xfd, 0xa9, 0xf5, 0xaa, 0xf5, 0xca, 0xfd, 0x2a, 0xfe, 0xa9, 0xfd, 0x25, 0x93, 0x81, 0x18,
    0x83, 0x41, 0xe9, 0xd4, 0x09, 0xfe, 0x88, 0xfd, 0xa8, 0xfd, 0x07, 0xfd, 0xe5, 0xf3, 0x43, 0xf3, 0x44, 0xeb, 0x81, 0x20, 0x00, 0x00, 0x20, 0x00, 0xba, 0xd6, 0xff, 0xff, 0xff, 0xff, 0xff, 0xff, 0xff, 0xff, 0xff, 0xff, 0xff, 0xff, 0xff, 0xff,
    0xff, 0xff, 0xff, 0xff, 0xff, 0xff, 0xff, 0xff, 0xff, 0xff, 0xdf, 0xff, 0xcb, 0x5a, 0xe3, 0x20, 0x96, 0xb5, 0xff, 0xff, 0xa6, 0x31, 0x00, 0x00, 0x20, 0x00, 0x0a, 0xcd, 0x0b, 0xfe, 0x16, 0xf7, 0xfb, 0xff, 0xd9, 0xff, 0xda, 0xff, 0xda, 0xff,
    0xda, 0xff, 0xdb, 0xff, 0xdb, 0xff, 0xda, 0xff, 0xda, 0xff, 0xda, 0xff, 0xda, 0xff, 0xda, 0xff, 0xda, 0xff, 0xdb, 0xff, 0xdb, 0xff, 0xdb, 0xff, 0xdb, 0xff, 0xdb, 0xff, 0xdb, 0xff, 0xdb, 0xff, 0xda, 0xff, 0xda, 0xff, 0xda, 0xff, 0xda, 0xff,
    0xda, 0xff, 0xda, 0xff, 0xda, 0xff, 0xda, 0xff, 0xda, 0xff, 0xda, 0xff, 0xda, 0xff, 0xda, 0xff, 0xda, 0xff, 0xda, 0xff, 0xda, 0xff, 0xda, 0xff, 0xda, 0xff, 0xda, 0xff, 0xda, 0xff, 0xda, 0xff, 0xda, 0xff, 0xda, 0xff, 0xda, 0xff, 0xda, 0xff,
    0xda, 0xff, 0xda, 0xff, 0xda, 0xff, 0xda, 0xff, 0xda, 0xff, 0xda, 0xff, 0xda, 0xff, 0xda, 0xff, 0xda, 0xff, 0xda, 0xff, 0xda, 0xff, 0xda, 0xff, 0xda, 0xff, 0xda, 0xff, 0xda, 0xff, 0xda, 0xff, 0xda, 0xff, 0xda, 0xff, 0xda, 0xff, 0xdb, 0xff,
    0xdb, 0xff, 0xdb, 0xff, 0xdb, 0xff, 0xdb, 0xff, 0xdb, 0xff, 0xdb, 0xff, 0xdb, 0xff, 0xda, 0xff, 0xda, 0xff, 0xda, 0xff, 0xfb, 0xff, 0x98, 0xff, 0x70, 0xf6, 0xcb, 0xf5, 0xca, 0xf5, 0xaa, 0xfd, 0x89, 0xf5, 0xca, 0xfd, 0x0a, 0xfe, 0x48, 0xed,
    0x64, 0x6a, 0x61, 0x10, 0xe5, 0x82, 0xea, 0xfd, 0x88, 0xfd, 0x88, 0xfd, 0x88, 0xf5, 0x27, 0xfd, 0xc5, 0xa2, 0x00, 0x00, 0x00, 0x00, 0xe7, 0x41, 0xff, 0xff, 0xff, 0xff, 0xff, 0xff, 0xff, 0xff, 0xff, 0xff, 0xff, 0xff, 0xff, 0xff, 0xff, 0xff,
    0xff, 0xff, 0xff, 0xff, 0xff, 0xff, 0xff, 0xff, 0x7d, 0xef, 0xc7, 0x39, 0x8a, 0x52, 0x9e, 0xf7, 0xff, 0xff, 0xff, 0xff, 0xd2, 0x9c, 0x00, 0x00, 0x00, 0x00, 0xa6, 0x62, 0x75, 0xff, 0xda, 0xff, 0xd9, 0xff, 0xda, 0xff, 0xda, 0xff, 0xda, 0xff,
    0xda, 0xff, 0xdb, 0xff, 0xdb, 0xff, 0xda, 0xff, 0xda, 0xff, 0xda, 0xff, 0xda, 0xff, 0xda, 0xff, 0xda, 0xff, 0xdb, 0xff, 0xdb, 0xff, 0xdb, 0xff, 0xdb, 0xff, 0xdb, 0xff, 0xdb, 0xff, 0xda, 0xff, 0xda, 0xff, 0xda, 0xff, 0xda, 0xff, 0xda, 0xff,
    0xda, 0xff, 0xda, 0xff, 0xda, 0xff, 0xda, 0xff, 0xda, 0xff, 0xda, 0xff, 0xda, 0xff, 0xda, 0xff, 0xda, 0xff, 0xda, 0xff, 0xda, 0xff, 0xda, 0xff, 0xda, 0xff, 0xda, 0xff, 0xda, 0xff, 0xda, 0xff, 0xda, 0xff, 0xda, 0xff, 0xda, 0xff, 0xda, 0xff,
    0xda, 0xff, 0xda, 0xff, 0xda, 0xff, 0xda, 0xff, 0xda, 0xff, 0xda, 0xff, 0xda, 0xff, 0xda, 0xff, 0xda, 0xff, 0xda, 0xff, 0xda, 0xff, 0xda, 0xff, 0xda, 0xff, 0xda, 0xff, 0xba, 0xff, 0xda, 0xff, 0xda, 0xff, 0xda, 0xff, 0xda, 0xff, 0xda, 0xff,
    0xda, 0xff, 0xdb, 0xff, 0xdb, 0xff, 0xdb, 0xff, 0xdb, 0xff, 0xdb, 0xff, 0xdb, 0xff, 0xda, 0xff, 0xda, 0xff, 0xda, 0xff, 0xda, 0xff, 0xfb, 0xff, 0xfb, 0xff, 0x78, 0xff, 0x91, 0xf6, 0xeb, 0xf5, 0xca, 0xf5, 0xca, 0xfd, 0xec, 0xf5, 0x0b, 0xfe,
    0x2a, 0xfe, 0xc8, 0xd4, 0x63, 0x41, 0xe4, 0x59, 0x69, 0xf5, 0x68, 0xfd, 0x67, 0xfd, 0xe9, 0xfd, 0x43, 0x39, 0x00, 0x00, 0x00, 0x00, 0x13, 0xa5, 0xff, 0xff, 0xde, 0xff, 0xff, 0xff, 0xff, 0xff, 0xff, 0xff, 0xff, 0xff, 0xff, 0xff, 0xff, 0xff,
    0xff, 0xff, 0xff, 0xff, 0xff, 0xff, 0xff, 0xff, 0x5d, 0xef, 0xb6, 0xb5, 0xff, 0xff, 0xff, 0xff, 0xde, 0xff, 0xff, 0xff, 0x7d, 0xef, 0xa2, 0x10, 0x00, 0x00, 0x41, 0x08, 0xd8, 0xde, 0xfa, 0xff, 0xda, 0xff, 0xda, 0xff, 0xda, 0xff, 0xda, 0xff,
    0xda, 0xff, 0xda, 0xff, 0xdb, 0xff, 0xdb, 0xff, 0xda, 0xff, 0xda, 0xff, 0xda, 0xff, 0xda, 0xff, 0xda, 0xff, 0xdb, 0xff, 0xdb, 0xff, 0xdb, 0xff, 0xdb, 0xff, 0xdb, 0xff, 0xda, 0xff, 0xda, 0xff, 0xda, 0xff, 0xda, 0xff, 0xda, 0xff, 0xda, 0xff,
    0xda, 0xff, 0xda, 0xff, 0xda, 0xff, 0xda, 0xff, 0xda, 0xff, 0xda, 0xff, 0xda, 0xff, 0xda, 0xff, 0xda, 0xff, 0xda, 0xff, 0xda, 0xff, 0xda, 0xff, 0xda, 0xff, 0xda, 0xff, 0xda, 0xff, 0xda, 0xff, 0xda, 0xff, 0xda, 0xff, 0xda, 0xff, 0xda, 0xff,
    0xda, 0xff, 0xda, 0xff, 0xda, 0xff, 0xda, 0xff, 0xda, 0xff, 0xda, 0xff, 0xda, 0xff, 0xda, 0xff, 0xda, 0xff, 0xda, 0xff, 0xda, 0xff, 0xda, 0xff, 0xda, 0xff, 0xda, 0xff, 0xd9, 0xff, 0xda, 0xff, 0xda, 0xff, 0xda, 0xff, 0xda, 0xff, 0xda, 0xff,
    0xda, 0xff, 0xda, 0xff, 0xdb, 0xff, 0xdb, 0xff, 0xdb, 0xff, 0xdb, 0xff, 0xdb, 0xff, 0xdb, 0xff, 0xdb, 0xff, 0xdb, 0xff, 0xda, 0xff, 0xda, 0xff, 0xda, 0xff, 0xda, 0xff, 0xda, 0xff, 0x57, 0xff, 0xf4, 0xf6, 0x0e, 0xf6, 0x89, 0xf5, 0xeb, 0xfd,
    0xeb, 0xf5, 0x2b, 0xfe, 0x0a, 0xfe, 0x07, 0xbc, 0x28, 0xed, 0x88, 0xfd, 0xe9, 0xfd, 0xc7, 0xab, 0x00, 0x00, 0x00, 0x00, 0xe3, 0x20, 0x9e, 0xf7, 0xff, 0xff, 0xff, 0xff, 0xff, 0xff, 0xff, 0xff, 0xff, 0xff, 0xff, 0xff, 0xff, 0xff, 0xdf, 0xff,
    0xff, 0xff, 0xff, 0xff, 0xff, 0xff, 0xff, 0xff, 0xff, 0xff, 0xff, 0xff, 0xff, 0xff, 0xff, 0xff, 0xff, 0xff, 0xdf, 0xff, 0xff, 0xff, 0x30, 0x84, 0x00, 0x00, 0x00, 0x00, 0xea, 0x62, 0xfc, 0xff, 0xba, 0xff, 0xda, 0xff, 0xda, 0xff, 0xda, 0xff,
    0xda, 0xff, 0xda, 0xff, 0xdb, 0xff, 0xda, 0xff, 0xda, 0xff, 0xda, 0xff, 0xda, 0xff, 0xda, 0xff, 0xda, 0xff, 0xda, 0xff, 0xdb, 0xff, 0xdb, 0xff, 0xdb, 0xff, 0xda, 0xff, 0xda, 0xff, 0xda, 0xff, 0xda, 0xff, 0xda, 0xff, 0xda, 0xff, 0xda, 0xff,
    0xda, 0xff, 0xda, 0xff, 0xda, 0xff, 0xda, 0xff, 0xda, 0xff, 0xda, 0xff, 0xda, 0xff, 0xda, 0xff, 0xda, 0xff, 0xda, 0xff, 0xda, 0xff, 0xda, 0xff, 0xda, 0xff, 0xda, 0xff, 0xda, 0xff, 0xda, 0xff, 0xda, 0xff, 0xda, 0xff, 0xda, 0xff, 0xda, 0xff,
    0xda, 0xff, 0xda, 0xff, 0xda, 0xff, 0xda, 0xff, 0xda, 0xff, 0xda, 0xff, 0xda, 0xff, 0xda, 0xff, 0xda, 0xff, 0xda, 0xff, 0xda, 0xff, 0xda, 0xff, 0xda, 0xff, 0xda, 0xff, 0xda, 0xff, 0xda, 0xff, 0xda, 0xff, 0xda, 0xff, 0xda, 0xff, 0xda, 0xff,
    0xda, 0xff, 0xda, 0xff, 0xda, 0xff, 0xdb, 0xff, 0xdb, 0xff, 0xdb, 0xff, 0xdb, 0xff, 0xda, 0xff, 0xdb, 0xff, 0xdb, 0xff, 0xda, 0xff, 0xda, 0xff, 0xda, 0xff, 0xda, 0xff, 0xda, 0xff, 0xfb, 0xff, 0xfb, 0xff, 0x98, 0xff, 0xd3, 0xf6, 0xec, 0xf5,
    0x89, 0xf5, 0x69, 0xf5, 0xa9, 0xfd, 0xe9, 0xfd, 0x88, 0xfd, 0x88, 0xfd, 0x8a, 0xf5, 0xe2, 0x20, 0x00, 0x00, 0x00, 0x00, 0x91, 0x94, 0xff, 0xff, 0xde, 0xff, 0xff, 0xff, 0xff, 0xff, 0xff, 0xff, 0xff, 0xff, 0xff, 0xff, 0xff, 0xff, 0xff, 0xff,
    0xff, 0xff, 0xff, 0xff, 0xff, 0xff, 0xff, 0xff, 0xff, 0xff, 0xde, 0xff, 0xff, 0xff, 0xff, 0xff, 0xff, 0xff, 0xff, 0xff, 0xff, 0xff, 0x9d, 0xf7, 0xe3, 0x18, 0x00, 0x00, 0x00, 0x00, 0xd4, 0xbd, 0xfc, 0xff, 0xba, 0xff, 0xda, 0xff, 0xda, 0xff,
    0xda, 0xff, 0xda, 0xff, 0xda, 0xff, 0xdb, 0xff, 0xdb, 0xff, 0xda, 0xff, 0xda, 0xff, 0xda, 0xff, 0xda, 0xff, 0xda, 0xff, 0xda, 0xff, 0xda, 0xff, 0xda, 0xff, 0xda, 0xff, 0xda, 0xff, 0xda, 0xff, 0xda, 0xff, 0xda, 0xff, 0xda, 0xff, 0xda, 0xff,
    0xda, 0xff, 0xda, 0xff, 0xda, 0xff, 0xda, 0xff, 0xda, 0xff, 0xda, 0xff, 0xda, 0xff, 0xda, 0xff, 0xda, 0xff, 0xda, 0xff, 0xda, 0xff, 0xda, 0xff, 0xda, 0xff, 0xda, 0xff, 0xda, 0xff, 0xda, 0xff, 0xda, 0xff, 0xda, 0xff, 0xda, 0xff, 0xda, 0xff,
    0xda, 0xff, 0xda, 0xff, 0xda, 0xff, 0xda, 0xff, 0xda, 0xff, 0xda, 0xff, 0xda, 0xff, 0xda, 0xff, 0xda, 0xff, 0xda, 0xff, 0xda, 0xff, 0xda, 0xff, 0xda, 0xff, 0xda, 0xff, 0xda, 0xff, 0xda, 0xff, 0xda, 0xff, 0xda, 0xff, 0xda, 0xff, 0xda, 0xff,
    0xda, 0xff, 0xda, 0xff, 0xda, 0xff, 0xdb, 0xff, 0xdb, 0xff, 0xdb, 0xff, 0xdb, 0xff, 0xdb, 0xff, 0xda, 0xff, 0xda, 0xff, 0xda, 0xff, 0xda, 0xff, 0xda, 0xff, 0xda, 0xff, 0xda, 0xff, 0xda, 0xff, 0xda, 0xff, 0xda, 0xff, 0xfb, 0xff, 0xb9, 0xff,
    0xf3, 0xf6, 0xcb, 0xf5, 0x48, 0xf5, 0x68, 0xf5, 0x47, 0xf5, 0xea, 0xfd, 0x85, 0x72, 0x00, 0x00, 0x00, 0x00, 0x24, 0x29, 0xbe, 0xf7, 0xff, 0xff, 0xff, 0xff, 0xff, 0xff, 0xff, 0xff, 0xff, 0xff, 0xff, 0xff, 0xff, 0xff, 0xff, 0xff, 0xdf, 0xff,
    0xff, 0xff, 0xff, 0xff, 0xff, 0xff, 0xff, 0xff, 0xff, 0xff, 0xff, 0xff, 0xff, 0xff, 0xff, 0xff, 0xff, 0xff, 0xff, 0xff, 0xdf, 0xff, 0xff, 0xff, 0x34, 0xa5, 0x00, 0x00, 0x00, 0x00, 0x24, 0x29, 0x9b, 0xf7, 0xdb, 0xff, 0xda, 0xff, 0xda, 0xff,
    0xda, 0xff, 0xda, 0xff, 0xda, 0xff, 0xdb, 0xff, 0xda, 0xff, 0xda, 0xff, 0xda, 0xff, 0xda, 0xff, 0xda, 0xff, 0xda, 0xff, 0xda, 0xff, 0xda, 0xff, 0xda, 0xff, 0xda, 0xff, 0xda, 0xff, 0xda, 0xff, 0xda, 0xff, 0xda, 0xff, 0xda, 0xff, 0xd9, 0xff,
    0xd9, 0xff, 0xda, 0xff, 0xda, 0xff, 0xda, 0xff, 0xda, 0xff, 0xda, 0xff, 0xda, 0xff, 0xda, 0xff, 0xda, 0xff, 0xda, 0xff, 0xda, 0xff, 0xda, 0xff, 0xda, 0xff, 0xda, 0xff, 0xda, 0xff, 0xda, 0xff, 0xda, 0xff, 0xda, 0xff, 0xda, 0xff, 0xda, 0xff,
    0xda, 0xff, 0xda, 0xff, 0xda, 0xff, 0xda, 0xff, 0xda, 0xff, 0xda, 0xff, 0xda, 0xff, 0xda, 0xff, 0xda, 0xff, 0xda, 0xff, 0xda, 0xff, 0xda, 0xff, 0xda, 0xff, 0xda, 0xff, 0xda, 0xff, 0xda, 0xff, 0xda, 0xff, 0xda, 0xff, 0xda, 0xff, 0xda, 0xff,
    0xda, 0xff, 0xda, 0xff, 0xda, 0xff, 0xda, 0xff, 0xda, 0xff, 0xda, 0xff, 0xda, 0xff, 0xda, 0xff, 0xda, 0xff, 0xda, 0xff, 0xda, 0xff, 0xda, 0xff, 0xda, 0xff, 0xda, 0xff, 0xda, 0xff, 0xda, 0xff, 0xda, 0xff, 0xda, 0xff, 0xda, 0xff, 0xda, 0xff,
    0xfb, 0xff, 0xb9, 0xff, 0xd3, 0xfe, 0xab, 0xed, 0xe9, 0xfd, 0x28, 0xb4, 0x00, 0x00, 0x20, 0x00, 0x00, 0x00, 0x75, 0xb5, 0xff, 0xff, 0xde, 0xff, 0xff, 0xff, 0xff, 0xff, 0xff, 0xff, 0xff, 0xff, 0xff, 0xff, 0xff, 0xff, 0xff, 0xff, 0xdf, 0xff,
    0xff, 0xff, 0xff, 0xff, 0xff, 0xff, 0xff, 0xff, 0xff, 0xff, 0xff, 0xff, 0xff, 0xff, 0xff, 0xff, 0xff, 0xff, 0xff, 0xff, 0xff, 0xff, 0xdf, 0xff, 0xff, 0xff, 0xaa, 0x52, 0x00, 0x00, 0x00, 0x00, 0xea, 0x62, 0xfd, 0xff, 0xba, 0xff, 0xda, 0xff,
    0xda, 0xff, 0xda, 0xff, 0xda, 0xff, 0xda, 0xff, 0xda, 0xff, 0xda, 0xff, 0xda, 0xff, 0xda, 0xff, 0xda, 0xff, 0xda, 0xff, 0xda, 0xff, 0xda, 0xff, 0xda, 0xff, 0xda, 0xff, 0xda, 0xff, 0xda, 0xff, 0xda, 0xff, 0xba, 0xff, 0xda, 0xff, 0xd9, 0xff,
    0xd9, 0xff, 0xda, 0xff, 0xda, 0xff, 0xda, 0xff, 0xda, 0xff, 0xda, 0xff, 0xda, 0xff, 0xda, 0xff, 0xda, 0xff, 0xd9, 0xff, 0xd9, 0xff, 0xda, 0xff, 0xda, 0xff, 0xda, 0xff, 0xda, 0xff, 0xda, 0xff, 0xda, 0xff, 0xda, 0xff, 0xda, 0xff, 0xda, 0xff,
    0xda, 0xff, 0xda, 0xff, 0xda, 0xff, 0xda, 0xff, 0xda, 0xff, 0xda, 0xff, 0xda, 0xff, 0xda, 0xff, 0xda, 0xff, 0xba, 0xff, 0xda, 0xff, 0xda, 0xff, 0xda, 0xff, 0xda, 0xff, 0xda, 0xff, 0xda, 0xff, 0xda, 0xff, 0xda, 0xff, 0xda, 0xff, 0xda, 0xff,
    0xda, 0xff, 0xda, 0xff, 0xda, 0xff, 0xda, 0xff, 0xda, 0xff, 0xda, 0xff, 0xda, 0xff, 0xda, 0xff, 0xda, 0xff, 0xda, 0xff, 0xda, 0xff, 0xda, 0xff, 0xda, 0xff, 0xda, 0xff, 0xda, 0xff, 0xda, 0xff, 0xda, 0xff, 0xda, 0xff, 0xda, 0xff, 0xda, 0xff,
    0xb9, 0xff, 0xda, 0xff, 0xda, 0xff, 0xfa, 0xff, 0x32, 0xde, 0x81, 0x10, 0x20, 0x00, 0x00, 0x00, 0xeb, 0x5a, 0xff, 0xff, 0xde, 0xff, 0xff, 0xff, 0xff, 0xff, 0xff, 0xff, 0xff, 0xff, 0xff, 0xff, 0xff, 0xff, 0xff, 0xff, 0xff, 0xff, 0xdf, 0xff,
    0xff, 0xff, 0xff, 0xff, 0xff, 0xff, 0xff, 0xff, 0xff, 0xff, 0xff, 0xff, 0xff, 0xff, 0xff, 0xff, 0xff, 0xff, 0xff, 0xff, 0xff, 0xff, 0xff, 0xff, 0xff, 0xff, 0x5d, 0xef, 0xe3, 0x18, 0x00, 0x00, 0x00, 0x00, 0x4f, 0x8c, 0xfc, 0xff, 0xba, 0xff,
    0xda, 0xff, 0xda, 0xff, 0xda, 0xff, 0xda, 0xff, 0xda, 0xff, 0xda, 0xff, 0xda, 0xff, 0xda, 0xff, 0xda, 0xff, 0xda, 0xff, 0xda, 0xff, 0xda, 0xff, 0xda, 0xff, 0xda, 0xff, 0xda, 0xff, 0xda, 0xff, 0xba, 0xff, 0xba, 0xff, 0xd9, 0xff, 0xb9, 0xff,
    0xd9, 0xff, 0xd9, 0xff, 0xda, 0xff, 0xda, 0xff, 0xd9, 0xff, 0xd9, 0xff, 0xda, 0xff, 0xd9, 0xff, 0xda, 0xff, 0xda, 0xff, 0xd9, 0xff, 0xda, 0xff, 0xda, 0xff, 0xda, 0xff, 0xda, 0xff, 0xda, 0xff, 0xda, 0xff, 0xda, 0xff, 0xda, 0xff, 0xda, 0xff,
    0xdb, 0xff, 0xdb, 0xff, 0xdb, 0xff, 0xdb, 0xff, 0xda, 0xff, 0xda, 0xff, 0xda, 0xff, 0xda, 0xff, 0xda, 0xff, 0xda, 0xff, 0xda, 0xff, 0xda, 0xff, 0xda, 0xff, 0xda, 0xff, 0xda, 0xff, 0xd9, 0xff, 0xd9, 0xff, 0xda, 0xff, 0xda, 0xff, 0xda, 0xff,
    0xda, 0xff, 0xda, 0xff, 0xda, 0xff, 0xda, 0xff, 0xda, 0xff, 0xda, 0xff, 0xda, 0xff, 0xda, 0xff, 0xda, 0xff, 0xda, 0xff, 0xda, 0xff, 0xda, 0xff, 0xda, 0xff, 0xda, 0xff, 0xda, 0xff, 0xda, 0xff, 0xda, 0xff, 0xda, 0xff, 0xda, 0xff, 0xda, 0xff,
    0xda, 0xff, 0xb9, 0xff, 0xfa, 0xff, 0x59, 0xef, 0x65, 0x29, 0x00, 0x00, 0x00, 0x00, 0xa6, 0x31, 0x7d, 0xef, 0xff, 0xff, 0xff, 0xff, 0xff, 0xff, 0xff, 0xff, 0xff, 0xff, 0xff, 0xff, 0xff, 0xff, 0xff, 0xff, 0xff, 0xff, 0xff, 0xff, 0xdf, 0xff,
    0xff, 0xff, 0xff, 0xff, 0xff, 0xff, 0xff, 0xff, 0xff, 0xff, 0xff, 0xff, 0xff, 0xff, 0xff, 0xff, 0xff, 0xff, 0xff, 0xff, 0xff, 0xff, 0xff, 0xff, 0xff, 0xff, 0xff, 0xff, 0x58, 0xce, 0x20, 0x00, 0x20, 0x00, 0x00, 0x00, 0x52, 0xad, 0xfc, 0xff,
    0xb9, 0xff, 0xda, 0xff, 0xda, 0xff, 0xda, 0xff, 0xda, 0xff, 0xda, 0xff, 0xda, 0xff, 0xda, 0xff, 0xda, 0xff, 0xda, 0xff, 0xda, 0xff, 0xda, 0xff, 0xda, 0xff, 0xda, 0xff, 0xda, 0xff, 0xda, 0xff, 0xda, 0xff, 0xda, 0xff, 0xd9, 0xff, 0xd9, 0xff,
    0xda, 0xff, 0xd9, 0xff, 0xda, 0xff, 0xda, 0xff, 0xda, 0xff, 0xd9, 0xff, 0xd9, 0xff, 0xda, 0xff, 0xda, 0xff, 0xda, 0xff, 0xda, 0xff, 0xda, 0xff, 0xda, 0xff, 0xda, 0xff, 0xda, 0xff, 0xda, 0xff, 0xda, 0xff, 0xda, 0xff, 0xda, 0xff, 0xdb, 0xff,
    0xdb, 0xff, 0xdb, 0xff, 0xdb, 0xff, 0xdb, 0xff, 0xdb, 0xff, 0xdb, 0xff, 0xda, 0xff, 0xda, 0xff, 0xda, 0xff, 0xda, 0xff, 0xda, 0xff, 0xda, 0xff, 0xda, 0xff, 0xda, 0xff, 0xd9, 0xff, 0xd9, 0xff, 0xda, 0xff, 0xda, 0xff, 0xda, 0xff, 0xda, 0xff,
    0xda, 0xff, 0xda, 0xff, 0xda, 0xff, 0xda, 0xff, 0xda, 0xff, 0xda, 0xff, 0xda, 0xff, 0xda, 0xff, 0xda, 0xff, 0xda, 0xff, 0xda, 0xff, 0xda, 0xff, 0xda, 0xff, 0xda, 0xff, 0xda, 0xff, 0xda, 0xff, 0xda, 0xff, 0xda, 0xff, 0xda, 0xff, 0xda, 0xff,
    0xb9, 0xff, 0xfb, 0xff, 0x59, 0xef, 0xa5, 0x31, 0x00, 0x00, 0x40, 0x08, 0x00, 0x00, 0x6d, 0x6b, 0xff, 0xff, 0xff, 0xff, 0xff, 0xff, 0xff, 0xff, 0xff, 0xff, 0xff, 0xff, 0xff, 0xff, 0xff, 0xff, 0xff, 0xff, 0xff, 0xff, 0xff, 0xff, 0xff, 0xff,
    0xff, 0xff, 0xff, 0xff, 0xff, 0xff, 0xff, 0xff, 0xff, 0xff, 0xff, 0xff, 0xff, 0xff, 0xfe, 0xff, 0xfe, 0xff, 0xff, 0xff, 0xff, 0xff, 0xff, 0xff, 0xff, 0xff, 0xde, 0xff, 0xff, 0xff, 0xf3, 0x9c, 0x00, 0x00, 0x20, 0x00, 0x20, 0x08, 0x73, 0xad,
    0xfc, 0xff, 0xb9, 0xff, 0xda, 0xff, 0xda, 0xff, 0xda, 0xff, 0xda, 0xff, 0xda, 0xff, 0xda, 0xff, 0xda, 0xff, 0xda, 0xff, 0xda, 0xff, 0xda, 0xff, 0xda, 0xff, 0xda, 0xff, 0xda, 0xff, 0xda, 0xff, 0xda, 0xff, 0xda, 0xff, 0xda, 0xff, 0xda, 0xff,
    0xda, 0xff, 0xda, 0xff, 0xda, 0xff, 0xda, 0xff, 0xda, 0xff, 0xd9, 0xff, 0xd9, 0xff, 0xda, 0xff, 0xda, 0xff, 0xda, 0xff, 0xda, 0xff, 0xda, 0xff, 0xda, 0xff, 0xda, 0xff, 0xda, 0xff, 0xda, 0xff, 0xda, 0xff, 0xda, 0xff, 0xda, 0xff, 0xda, 0xff,
    0xdb, 0xff, 0xdb, 0xff, 0xdb, 0xff, 0xdb, 0xff, 0xdb, 0xff, 0xdb, 0xff, 0xda, 0xff, 0xda, 0xff, 0xda, 0xff, 0xda, 0xff, 0xda, 0xff, 0xda, 0xff, 0xda, 0xff, 0xda, 0xff, 0xd9, 0xff, 0xda, 0xff, 0xda, 0xff, 0xda, 0xff, 0xda, 0xff, 0xda, 0xff,
    0xda, 0xff, 0xda, 0xff, 0xda, 0xff, 0xda, 0xff, 0xda, 0xff, 0xda, 0xff, 0xda, 0xff, 0xda, 0xff, 0xda, 0xff, 0xda, 0xff, 0xda, 0xff, 0xda, 0xff, 0xda, 0xff, 0xda, 0xff, 0xda, 0xff, 0xda, 0xff, 0xda, 0xff, 0xda, 0xff, 0xda, 0xff, 0xb9, 0xff,
    0xfb, 0xff, 0x39, 0xef, 0x85, 0x31, 0x00, 0x00, 0x00, 0x00, 0x00, 0x00, 0x00, 0x00, 0x00, 0x00, 0xeb, 0x5a, 0xff, 0xff, 0xff, 0xff, 0xff, 0xff, 0xff, 0xff, 0xff, 0xff, 0xff, 0xff, 0xff, 0xff, 0xff, 0xff, 0xff, 0xff, 0xff, 0xff, 0xff, 0xff,
    0xff, 0xff, 0xff, 0xff, 0xff, 0xff, 0xff, 0xff, 0xff, 0xff, 0xff, 0xff, 0xff, 0xff, 0xfe, 0xff, 0xfe, 0xff, 0xff, 0xff, 0xff, 0xff, 0xff, 0xff, 0xff, 0xff, 0xff, 0xff, 0xde, 0xff, 0xff, 0xff, 0x91, 0x94, 0x00, 0x00, 0x00, 0x00, 0x20, 0x00,
    0xf1, 0xa4, 0xfc, 0xff, 0xba, 0xff, 0xda, 0xff, 0xda, 0xff, 0xda, 0xff, 0xda, 0xff, 0xda, 0xff, 0xda, 0xff, 0xda, 0xff, 0xda, 0xff, 0xda, 0xff, 0xda, 0xff, 0xda, 0xff, 0xda, 0xff, 0xda, 0xff, 0xda, 0xff, 0xda, 0xff, 0xda, 0xff, 0xda, 0xff,
    0xda, 0xff, 0xda, 0xff, 0xda, 0xff, 0xda, 0xff, 0xda, 0xff, 0xda, 0xff, 0xd9, 0xff, 0xda, 0xff, 0xda, 0xff, 0xda, 0xff, 0xda, 0xff, 0xda, 0xff, 0xda, 0xff, 0xdb, 0xff, 0xdb, 0xff, 0xdb, 0xff, 0xda, 0xff, 0xda, 0xff, 0xda, 0xff, 0xda, 0xff,
    0xdb, 0xff, 0xdb, 0xff, 0xdb, 0xff, 0xdb, 0xff, 0xdb, 0xff, 0xda, 0xff, 0xda, 0xff, 0xda, 0xff, 0xda, 0xff, 0xda, 0xff, 0xda, 0xff, 0xda, 0xff, 0xda, 0xff, 0xda, 0xff, 0xda, 0xff, 0xda, 0xff, 0xda, 0xff, 0xda, 0xff, 0xda, 0xff, 0xda, 0xff,
    0xda, 0xff, 0xda, 0xff, 0xda, 0xff, 0xda, 0xff, 0xda, 0xff, 0xda, 0xff, 0xda, 0xff, 0xda, 0xff, 0xda, 0xff, 0xda, 0xff, 0xda, 0xff, 0xda, 0xff, 0xda, 0xff, 0xda, 0xff, 0xda, 0xff, 0xda, 0xff, 0xda, 0xff, 0xb9, 0xff, 0xb9, 0xff, 0xfc, 0xff,
    0x76, 0xce, 0x24, 0x21, 0x00, 0x00, 0x00, 0x00, 0x81, 0x20, 0x05, 0xa3, 0x81, 0x20, 0x00, 0x00, 0x00, 0x00, 0x8a, 0x52, 0xdf, 0xff, 0xff, 0xff, 0xff, 0xff, 0xff, 0xff, 0xff, 0xff, 0xff, 0xff, 0xff, 0xff, 0xff, 0xff, 0xff, 0xff, 0xff, 0xff,
    0xff, 0xff, 0xff, 0xff, 0xff, 0xff, 0xff, 0xff, 0xff, 0xff, 0xff, 0xff, 0xff, 0xff, 0xfe, 0xff, 0xfe, 0xff, 0xfe, 0xff, 0xff, 0xff, 0xff, 0xff, 0xff, 0xff, 0xff, 0xff, 0xff, 0xff, 0xde, 0xff, 0xff, 0xff, 0xb2, 0x94, 0x00, 0x00, 0x00, 0x00,
    0x00, 0x00, 0x0e, 0x84, 0xfc, 0xff, 0xfa, 0xff, 0xba, 0xff, 0xda, 0xff, 0xda, 0xff, 0xda, 0xff, 0xda, 0xff, 0xda, 0xff, 0xda, 0xff, 0xda, 0xff, 0xda, 0xff, 0xda, 0xff, 0xda, 0xff, 0xda, 0xff, 0xda, 0xff, 0xda, 0xff, 0xda, 0xff, 0xda, 0xff,
    0xda, 0xff, 0xda, 0xff, 0xda, 0xff, 0xda, 0xff, 0xda, 0xff, 0xda, 0xff, 0xda, 0xff, 0xda, 0xff, 0xda, 0xff, 0xda, 0xff, 0xda, 0xff, 0xda, 0xff, 0xda, 0xff, 0xdb, 0xff, 0xda, 0xff, 0xda, 0xff, 0xda, 0xff, 0xda, 0xff, 0xda, 0xff, 0xda, 0xff,
    0xdb, 0xff, 0xdb, 0xff, 0xdb, 0xff, 0xdb, 0xff, 0xdb, 0xff, 0xda, 0xff, 0xda, 0xff, 0xda, 0xff, 0xdb, 0xff, 0xdb, 0xff, 0xda, 0xff, 0xda, 0xff, 0xda, 0xff, 0xda, 0xff, 0xda, 0xff, 0xda, 0xff, 0xda, 0xff, 0xda, 0xff, 0xda, 0xff, 0xda, 0xff,
    0xda, 0xff, 0xda, 0xff, 0xda, 0xff, 0xda, 0xff, 0xda, 0xff, 0xda, 0xff, 0xda, 0xff, 0xda, 0xff, 0xda, 0xff, 0xda, 0xff, 0xda, 0xff, 0xda, 0xff, 0xda, 0xff, 0xda, 0xff, 0xda, 0xff, 0xda, 0xff, 0xb9, 0xff, 0xfa, 0xff, 0xfc, 0xff, 0xf1, 0xa4,
    0x61, 0x10, 0x00, 0x00, 0x00, 0x00, 0xe2, 0x38, 0xa5, 0xdb, 0x65, 0xfc, 0xa6, 0xd3, 0x81, 0x18, 0x00, 0x00, 0x00, 0x00, 0xca, 0x5a, 0xff, 0xff, 0xff, 0xff, 0xff, 0xff, 0xff, 0xff, 0xff, 0xff, 0xff, 0xff, 0xff, 0xff, 0xff, 0xff, 0xdf, 0xff,
    0xff, 0xff, 0xff, 0xff, 0xff, 0xff, 0xff, 0xff, 0xff, 0xff, 0xff, 0xff, 0xff, 0xff, 0xff, 0xff, 0xff, 0xff, 0xfe, 0xff, 0xfe, 0xff, 0xff, 0xff, 0xff, 0xff, 0xff, 0xff, 0xff, 0xff, 0xff, 0xff, 0xde, 0xff, 0xff, 0xff, 0x54, 0xad, 0x41, 0x08,
    0x00, 0x00, 0x00, 0x00, 0xca, 0x5a, 0x7a, 0xef, 0xfc, 0xff, 0xba, 0xff, 0xda, 0xff, 0xda, 0xff, 0xda, 0xff, 0xda, 0xff, 0xda, 0xff, 0xda, 0xff, 0xda, 0xff, 0xda, 0xff, 0xda, 0xff, 0xda, 0xff, 0xda, 0xff, 0xda, 0xff, 0xda, 0xff, 0xda, 0xff,
    0xda, 0xff, 0xda, 0xff, 0xdb, 0xff, 0xda, 0xff, 0xda, 0xff, 0xda, 0xff, 0xda, 0xff, 0xda, 0xff, 0xda, 0xff, 0xda, 0xff, 0xda, 0xff, 0xda, 0xff, 0xda, 0xff, 0xda, 0xff, 0xda, 0xff, 0xda, 0xff, 0xda, 0xff, 0xda, 0xff, 0xda, 0xff, 0xda, 0xff,
    0xdb, 0xff, 0xda, 0xff, 0xdb, 0xff, 0xdb, 0xff, 0xda, 0xff, 0xda, 0xff, 0xda, 0xff, 0xda, 0xff, 0xda, 0xff, 0xdb, 0xff, 0xda, 0xff, 0xda, 0xff, 0xda, 0xff, 0xda, 0xff, 0xda, 0xff, 0xda, 0xff, 0xda, 0xff, 0xda, 0xff, 0xda, 0xff, 0xda, 0xff,
    0xda, 0xff, 0xda, 0xff, 0xda, 0xff, 0xda, 0xff, 0xda, 0xff, 0xda, 0xff, 0xda, 0xff, 0xda, 0xff, 0xd9, 0xff, 0xd9, 0xff, 0xd9, 0xff, 0xda, 0xff, 0xda, 0xff, 0xba, 0xff, 0xb9, 0xff, 0xda, 0xff, 0xfc, 0xff, 0x19, 0xe7, 0xca, 0x5a, 0x00, 0x00,
    0x00, 0x00, 0x00, 0x00, 0xc3, 0x69, 0x06, 0xf4, 0x05, 0xfc, 0xe4, 0xeb, 0xa6, 0xfc, 0xa9, 0xdc, 0xa1, 0x18, 0x00, 0x00, 0x00, 0x00, 0x2c, 0x6b, 0xff, 0xff, 0xde, 0xff, 0xff, 0xff, 0xff, 0xff, 0xff, 0xff, 0xff, 0xff, 0xff, 0xff, 0xdf, 0xff,
    0xff, 0xff, 0xff, 0xff, 0xff, 0xff, 0xff, 0xff, 0xff, 0xff, 0xff, 0xff, 0xff, 0xff, 0xff, 0xff, 0xff, 0xff, 0xff, 0xff, 0xfe, 0xff, 0xff, 0xff, 0xff, 0xff, 0xff, 0xff, 0xff, 0xff, 0xff, 0xff, 0xff, 0xff, 0xde, 0xff, 0xff, 0xff, 0x59, 0xce,
    0x24, 0x21, 0x00, 0x00, 0x00, 0x00, 0x24, 0x21, 0x93, 0xb5, 0xfc, 0xff, 0xfb, 0xff, 0xb9, 0xff, 0xda, 0xff, 0xda, 0xff, 0xda, 0xff, 0xda, 0xff, 0xda, 0xff, 0xd9, 0xff, 0xda, 0xff, 0xda, 0xff, 0xda, 0xff, 0xda, 0xff, 0xda, 0xff, 0xda, 0xff,
    0xda, 0xff, 0xda, 0xff, 0xda, 0xff, 0xda, 0xff, 0xda, 0xff, 0xda, 0xff, 0xda, 0xff, 0xda, 0xff, 0xda, 0xff, 0xda, 0xff, 0xda, 0xff, 0xda, 0xff, 0xda, 0xff, 0xda, 0xff, 0xda, 0xff, 0xda, 0xff, 0xda, 0xff, 0xdb, 0xff, 0xdb, 0xff, 0xda, 0xff,
    0xda, 0xff, 0xda, 0xff, 0xda, 0xff, 0xdb, 0xff, 0xda, 0xff, 0xda, 0xff, 0xda, 0xff, 0xda, 0xff, 0xda, 0xff, 0xda, 0xff, 0xda, 0xff, 0xda, 0xff, 0xda, 0xff, 0xda, 0xff, 0xda, 0xff, 0xba, 0xff, 0xda, 0xff, 0xda, 0xff, 0xda, 0xff, 0xda, 0xff,
    0xda, 0xff, 0xda, 0xff, 0xda, 0xff, 0xda, 0xff, 0xda, 0xff, 0xda, 0xff, 0xda, 0xff, 0xda, 0xff, 0xd9, 0xff, 0xd9, 0xff, 0xd9, 0xff, 0xd9, 0xff, 0xb9, 0xff, 0xb9, 0xff, 0xfc, 0xff, 0xdb, 0xff, 0xb0, 0x94, 0xc2, 0x18, 0x00, 0x00, 0x00, 0x00,
    0x81, 0x20, 0xe4, 0xaa, 0x46, 0xfc, 0xe5, 0xf3, 0x45, 0xf4, 0x07, 0xf5, 0x48, 0xf5, 0xa8, 0xfd, 0x88, 0xcc, 0x61, 0x10, 0x20, 0x00, 0x00, 0x00, 0xce, 0x7b, 0xff, 0xff, 0xde, 0xff, 0xff, 0xff, 0xff, 0xff, 0xff, 0xff, 0xff, 0xff, 0xdf, 0xff,
    0xff, 0xff, 0xff, 0xff, 0xff, 0xff, 0xff, 0xff, 0xff, 0xff, 0xff, 0xff, 0xff, 0xff, 0xff, 0xff, 0xff, 0xff, 0xff, 0xff, 0xff, 0xff, 0xfe, 0xff, 0xff, 0xff, 0xff, 0xff, 0xff, 0xff, 0xff, 0xff, 0xff, 0xff, 0xff, 0xff, 0xde, 0xff, 0xff, 0xff,
    0x7d, 0xef, 0xcb, 0x5a, 0x00, 0x00, 0x00, 0x00, 0x00, 0x00, 0x2b, 0x6b, 0x19, 0xe7, 0xfc, 0xff, 0xda, 0xff, 0xb9, 0xf7, 0xba, 0xff, 0xda, 0xff, 0xd9, 0xff, 0xd9, 0xff, 0xda, 0xff, 0xda, 0xff, 0xda, 0xff, 0xda, 0xff, 0xda, 0xff, 0xda, 0xff,
    0xda, 0xff, 0xda, 0xff, 0xda, 0xff, 0xda, 0xff, 0xda, 0xff, 0xda, 0xff, 0xda, 0xff, 0xda, 0xff, 0xda, 0xff, 0xda, 0xff, 0xdb, 0xff, 0xda, 0xff, 0xda, 0xff, 0xda, 0xff, 0xda, 0xff, 0xda, 0xff, 0xda, 0xff, 0xdb, 0xff, 0xdb, 0xff, 0xda, 0xff,
    0xda, 0xff, 0xda, 0xff, 0xda, 0xff, 0xda, 0xff, 0xda, 0xff, 0xda, 0xff, 0xda, 0xff, 0xda, 0xff, 0xda, 0xff, 0xda, 0xff, 0xda, 0xff, 0xda, 0xff, 0xda, 0xff, 0xda, 0xff, 0xda, 0xff, 0xba, 0xff, 0xda, 0xff, 0xda, 0xff, 0xda, 0xff, 0xda, 0xff,
    0xda, 0xff, 0xda, 0xff, 0xda, 0xff, 0xda, 0xff, 0xda, 0xff, 0xda, 0xff, 0xda, 0xff, 0xda, 0xff, 0xda, 0xff, 0xd9, 0xff, 0xb9, 0xff, 0xba, 0xff, 0xfb, 0xff, 0xfc, 0xff, 0xb4, 0xb5, 0xc6, 0x39, 0x00, 0x00, 0x00, 0x00, 0x20, 0x08, 0xe3, 0x61,
    0x26, 0xe4, 0x86, 0xfc, 0x86, 0xf4, 0x07, 0xf5, 0x68, 0xf5, 0x88, 0xfd, 0x68, 0xfd, 0x48, 0xf5, 0xe8, 0xfd, 0x28, 0xbc, 0x20, 0x00, 0x20, 0x00, 0x00, 0x00, 0xd2, 0x9c, 0xff, 0xff, 0xde, 0xff, 0xff, 0xff, 0xff, 0xff, 0xff, 0xff, 0xff, 0xff,
    0xff, 0xff, 0xff, 0xff, 0xff, 0xff, 0xff, 0xff, 0xff, 0xff, 0xff, 0xff, 0xff, 0xff, 0xff, 0xff, 0xff, 0xff, 0xff, 0xff, 0xff, 0xff, 0xff, 0xff, 0xff, 0xff, 0xff, 0xff, 0xff, 0xff, 0xff, 0xff, 0xff, 0xff, 0xff, 0xff, 0xff, 0xff, 0xfe, 0xff,
    0xff, 0xff, 0xff, 0xff, 0x14, 0xa5, 0xc3, 0x18, 0x00, 0x00, 0x00, 0x00, 0xc2, 0x18, 0x2f, 0x8c, 0x7a, 0xf7, 0xfc, 0xff, 0xfa, 0xff, 0xb9, 0xff, 0xba, 0xff, 0xd9, 0xff, 0xda, 0xff, 0xda, 0xff, 0xda, 0xff, 0xda, 0xff, 0xda, 0xff, 0xda, 0xff,
    0xda, 0xff, 0xda, 0xff, 0xda, 0xff, 0xda, 0xff, 0xda, 0xff, 0xda, 0xff, 0xda, 0xff, 0xda, 0xff, 0xda, 0xff, 0xda, 0xff, 0xda, 0xff, 0xdb, 0xff, 0xda, 0xff, 0xda, 0xff, 0xda, 0xff, 0xda, 0xff, 0xda, 0xff, 0xda, 0xff, 0xda, 0xff, 0xda, 0xff,
    0xda, 0xff, 0xda, 0xff, 0xda, 0xff, 0xda, 0xff, 0xda, 0xff, 0xda, 0xff, 0xda, 0xff, 0xda, 0xff, 0xda, 0xff, 0xda, 0xff, 0xda, 0xff, 0xda, 0xff, 0xda, 0xff, 0xda, 0xff, 0xda, 0xff, 0xda, 0xff, 0xba, 0xff, 0xda, 0xff, 0xda, 0xff, 0xda, 0xff,
    0xda, 0xff, 0xda, 0xff, 0xda, 0xff, 0xda, 0xff, 0xda, 0xff, 0xda, 0xff, 0xda, 0xff, 0xb9, 0xff, 0xb9, 0xff, 0xda, 0xff, 0xfb, 0xff, 0xfb, 0xff, 0xb4, 0xb5, 0x48, 0x4a, 0x00, 0x00, 0x00, 0x00, 0x00, 0x00, 0x63, 0x49, 0xa6, 0xc3, 0xe7, 0xfc,
    0xe6, 0xfc, 0x27, 0xf5, 0x68, 0xf5, 0x68, 0xfd, 0x67, 0xfd, 0x67, 0xfd, 0x68, 0xfd, 0x68, 0xfd, 0x68, 0xf5, 0xe9, 0xfd, 0x67, 0x9b, 0x00, 0x00, 0x20, 0x00, 0x20, 0x00, 0x18, 0xc6, 0xff, 0xff, 0xde, 0xff, 0xff, 0xff, 0xff, 0xff, 0xdf, 0xff,
    0xff, 0xff, 0xff, 0xff, 0xff, 0xff, 0xff, 0xff, 0xff, 0xff, 0xff, 0xff, 0xff, 0xff, 0xfe, 0xff, 0xff, 0xff, 0xff, 0xff, 0xff, 0xff, 0xff, 0xff, 0xfe, 0xff, 0xff, 0xff, 0xff, 0xff, 0xff, 0xff, 0xff, 0xff, 0xff, 0xff, 0xff, 0xff, 0xff, 0xff,
    0xff, 0xff, 0xff, 0xff, 0xff, 0xff, 0x3c, 0xe7, 0x2c, 0x63, 0x20, 0x00, 0x00, 0x00, 0x00, 0x00, 0x24, 0x21, 0x4f, 0x8c, 0x39, 0xef, 0xfc, 0xff, 0xfb, 0xff, 0xb9, 0xff, 0xb9, 0xff, 0xda, 0xff, 0xda, 0xff, 0xda, 0xff, 0xda, 0xff, 0xda, 0xff,
    0xda, 0xff, 0xda, 0xff, 0xda, 0xff, 0xda, 0xff, 0xda, 0xff, 0xda, 0xff, 0xda, 0xff, 0xda, 0xff, 0xda, 0xff, 0xda, 0xff, 0xda, 0xff, 0xda, 0xff, 0xda, 0xff, 0xda, 0xff, 0xda, 0xff, 0xda, 0xff, 0xda, 0xff, 0xda, 0xff, 0xda, 0xff, 0xda, 0xff,
    0xda, 0xff, 0xda, 0xff, 0xda, 0xff, 0xda, 0xff, 0xda, 0xff, 0xda, 0xff, 0xda, 0xff, 0xda, 0xff, 0xda, 0xff, 0xda, 0xff, 0xda, 0xff, 0xda, 0xff, 0xda, 0xff, 0xda, 0xff, 0xda, 0xff, 0xda, 0xff, 0xda, 0xff, 0xda, 0xff, 0xda, 0xff, 0xda, 0xff,
    0xda, 0xff, 0xda, 0xff, 0xda, 0xff, 0xda, 0xff, 0xda, 0xff, 0xba, 0xff, 0xda, 0xff, 0xfb, 0xff, 0xfc, 0xff, 0x9a, 0xf7, 0x11, 0xa5, 0xe6, 0x39, 0x00, 0x00, 0x00, 0x00, 0x20, 0x00, 0xa3, 0x51, 0xa6, 0xbb, 0x07, 0xfd, 0x47, 0xfd, 0x47, 0xf5,
    0x68, 0xfd, 0x68, 0xfd, 0x67, 0xfd, 0x67, 0xfd, 0x67, 0xfd, 0x68, 0xfd, 0x68, 0xfd, 0x68, 0xfd, 0x68, 0xfd, 0x47, 0xf5, 0xea, 0xfd, 0x65, 0x6a, 0x00, 0x00, 0x00, 0x00, 0xe3, 0x18, 0x5c, 0xef, 0xff, 0xff, 0xff, 0xff, 0xff, 0xff, 0xdf, 0xff,
    0xff, 0xff, 0xff, 0xff, 0xff, 0xff, 0xff, 0xff, 0xff, 0xff, 0xff, 0xff, 0xff, 0xff, 0xff, 0xff, 0xfe, 0xff, 0xff, 0xff, 0xff, 0xff, 0xff, 0xff, 0xff, 0xff, 0xff, 0xff, 0xff, 0xff, 0xff, 0xff, 0xff, 0xff, 0xff, 0xff, 0xff, 0xff, 0xff, 0xff,
    0xff, 0xff, 0xff, 0xff, 0xde, 0xff, 0xff, 0xff, 0xff, 0xff, 0x18, 0xc6, 0x49, 0x4a, 0x00, 0x00, 0x00, 0x00, 0x00, 0x00, 0xe3, 0x18, 0xad, 0x7b, 0x97, 0xd6, 0xfb, 0xff, 0xfc, 0xff, 0xfb, 0xff, 0xba, 0xff, 0xb9, 0xff, 0xda, 0xff, 0xda, 0xff,
    0xda, 0xff, 0xda, 0xff, 0xda, 0xff, 0xda, 0xff, 0xda, 0xff, 0xda, 0xff, 0xd9, 0xff, 0xd9, 0xff, 0xd9, 0xff, 0xda, 0xff, 0xda, 0xff, 0xda, 0xff, 0xda, 0xff, 0xda, 0xff, 0xda, 0xff, 0xda, 0xff, 0xda, 0xff, 0xda, 0xff, 0xda, 0xff, 0xda, 0xff,
    0xda, 0xff, 0xda, 0xff, 0xda, 0xff, 0xda, 0xff, 0xda, 0xff, 0xda, 0xff, 0xda, 0xff, 0xda, 0xff, 0xda, 0xff, 0xda, 0xff, 0xda, 0xff, 0xda, 0xff, 0xda, 0xff, 0xd9, 0xff, 0xd9, 0xff, 0xda, 0xff, 0xda, 0xff, 0xda, 0xff, 0xda, 0xff, 0xda, 0xff,
    0xda, 0xff, 0xda, 0xff, 0xba, 0xff, 0xda, 0xff, 0xfb, 0xff, 0xfc, 0xff, 0xfb, 0xff, 0x96, 0xd6, 0xcd, 0x7b, 0xe3, 0x18, 0x00, 0x00, 0x00, 0x00, 0xa1, 0x18, 0x64, 0x72, 0x27, 0xcc, 0x28, 0xfd, 0x88, 0xfd, 0x67, 0xfd, 0x88, 0xfd, 0x88, 0xfd,
    0x68, 0xfd, 0x68, 0xfd, 0x67, 0xfd, 0x67, 0xfd, 0x67, 0xfd, 0x67, 0xfd, 0x68, 0xfd, 0x67, 0xfd, 0x68, 0xfd, 0xa8, 0xf5, 0x07, 0xf5, 0x06, 0xf4, 0xe1, 0x38, 0x00, 0x00, 0x00, 0x00, 0x69, 0x52, 0xff, 0xff, 0xdf, 0xff, 0xff, 0xff, 0xff, 0xff,
    0xff, 0xff, 0xff, 0xff, 0xff, 0xff, 0xff, 0xff, 0xff, 0xff, 0xff, 0xff, 0xff, 0xff, 0xff, 0xff, 0xff, 0xff, 0xff, 0xff, 0xff, 0xff, 0xff, 0xff, 0xff, 0xff, 0xff, 0xff, 0xff, 0xff, 0xff, 0xff, 0xff, 0xff, 0xff, 0xff, 0xff, 0xff, 0xff, 0xff,
    0xff, 0xff, 0xff, 0xff, 0xff, 0xff, 0xff, 0xff, 0xdf, 0xff, 0xff, 0xff, 0xff, 0xff, 0xf7, 0xbd, 0xaa, 0x52, 0x40, 0x08, 0x00, 0x00, 0x00, 0x00, 0x40, 0x08, 0x48, 0x4a, 0xf1, 0x9c, 0x18, 0xe7, 0xfc, 0xff, 0xfc, 0xff, 0xfa, 0xff, 0xda, 0xff,
    0xba, 0xff, 0xba, 0xff, 0xda, 0xff, 0xd9, 0xff, 0xda, 0xff, 0xda, 0xff, 0xda, 0xff, 0xda, 0xff, 0xd9, 0xff, 0xda, 0xff, 0xda, 0xff, 0xda, 0xff, 0xda, 0xff, 0xd9, 0xff, 0xda, 0xff, 0xd9, 0xff, 0xd9, 0xff, 0xda, 0xff, 0xd9, 0xff, 0xd9, 0xff,
    0xda, 0xff, 0xda, 0xff, 0xda, 0xff, 0xda, 0xff, 0xda, 0xff, 0xda, 0xff, 0xda, 0xff, 0xda, 0xff, 0xda, 0xff, 0xda, 0xff, 0xda, 0xff, 0xd9, 0xff, 0xd9, 0xff, 0xd9, 0xff, 0xb9, 0xff, 0xd9, 0xff, 0xd9, 0xff, 0xd9, 0xff, 0xda, 0xff, 0xda, 0xff,
    0xda, 0xff, 0xda, 0xff, 0xfb, 0xff, 0xfb, 0xff, 0xb8, 0xde, 0x70, 0x94, 0xc6, 0x39, 0x00, 0x00, 0x00, 0x00, 0x20, 0x08, 0xc3, 0x51, 0xa6, 0xab, 0x08, 0xed, 0xc8, 0xfd, 0xa8, 0xfd, 0x68, 0xf5, 0x68, 0xf5, 0x88, 0xfd, 0x88, 0xfd, 0x88, 0xfd,
    0x68, 0xfd, 0x68, 0xfd, 0x68, 0xfd, 0x68, 0xfd, 0x67, 0xfd, 0x67, 0xfd, 0x67, 0xfd, 0x88, 0xfd, 0x48, 0xf5, 0x26, 0xf4, 0x44, 0xeb, 0x23, 0xf3, 0x04, 0xd3, 0x40, 0x10, 0x20, 0x00, 0x00, 0x00, 0x91, 0x94, 0xff, 0xff, 0xde, 0xff, 0xff, 0xff,
    0xff, 0xff, 0xff, 0xff, 0xff, 0xff, 0xff, 0xff, 0xfe, 0xff, 0xff, 0xff, 0xff, 0xff, 0xff, 0xff, 0xff, 0xff, 0xfe, 0xff, 0xff, 0xff, 0xff, 0xff, 0xff, 0xff, 0xff, 0xff, 0xff, 0xff, 0xff, 0xff, 0xff, 0xff, 0xff, 0xff, 0xff, 0xff, 0xff, 0xff,
    0xff, 0xff, 0xff, 0xff, 0xff, 0xff, 0xff, 0xff, 0xff, 0xff, 0xff, 0xff, 0xff, 0xff, 0xff, 0xff, 0xff, 0xff, 0xba, 0xd6, 0xcb, 0x5a, 0x20, 0x00, 0x00, 0x00, 0x00, 0x00, 0x00, 0x00, 0xa2, 0x10, 0xa9, 0x52, 0x32, 0xa5, 0xf8, 0xe6, 0xfb, 0xff,
    0xfc, 0xff, 0xfb, 0xff, 0xda, 0xff, 0xd9, 0xff, 0xb9, 0xff, 0xd9, 0xff, 0xda, 0xff, 0xda, 0xff, 0xda, 0xff, 0xd9, 0xff, 0xd9, 0xff, 0xd9, 0xff, 0xd9, 0xff, 0xd9, 0xff, 0xd9, 0xff, 0xd9, 0xff, 0xd9, 0xff, 0xd9, 0xff, 0xd9, 0xff, 0xd9, 0xff,
    0xb9, 0xff, 0xd9, 0xff, 0xb9, 0xff, 0xd9, 0xff, 0xb9, 0xff, 0xd9, 0xff, 0xda, 0xff, 0xda, 0xff, 0xda, 0xff, 0xda, 0xff, 0xda, 0xff, 0xd9, 0xff, 0xd9, 0xff, 0xd9, 0xff, 0xd9, 0xff, 0xd9, 0xff, 0xd9, 0xff, 0xd9, 0xff, 0xda, 0xff, 0xda, 0xff,
    0xba, 0xff, 0xba, 0xff, 0x15, 0xce, 0xca, 0x5a, 0xc2, 0x18, 0xa2, 0x10, 0x64, 0x29, 0xc7, 0x62, 0xe7, 0xab, 0x08, 0xe5, 0xc8, 0xfd, 0xc8, 0xfd, 0x88, 0xfd, 0x68, 0xf5, 0x68, 0xfd, 0x68, 0xfd, 0x68, 0xfd, 0x68, 0xfd, 0x68, 0xfd, 0x88, 0xfd,
    0x88, 0xfd, 0x68, 0xfd, 0x68, 0xfd, 0x67, 0xfd, 0x67, 0xfd, 0x88, 0xfd, 0x88, 0xfd, 0x86, 0xf4, 0x64, 0xeb, 0xe4, 0xea, 0x04, 0xeb, 0x04, 0xeb, 0x64, 0xfb, 0x64, 0xa2, 0x00, 0x00, 0x20, 0x00, 0x41, 0x08, 0xba, 0xd6, 0xff, 0xff, 0xde, 0xff,
    0xff, 0xff, 0xff, 0xff, 0xff, 0xff, 0xff, 0xff, 0xff, 0xff, 0xff, 0xff, 0xff, 0xff, 0xff, 0xff, 0xff, 0xff, 0xff, 0xff, 0xff, 0xff, 0xff, 0xff, 0xff, 0xff, 0xff, 0xff, 0xff, 0xff, 0xff, 0xff, 0xff, 0xff, 0xff, 0xff, 0xff, 0xff, 0xff, 0xff,
    0xff, 0xff, 0xff, 0xff, 0xff, 0xff, 0xff, 0xff, 0xff, 0xff, 0xff, 0xff, 0xff, 0xff, 0xdf, 0xff, 0xdf, 0xff, 0xdf, 0xff, 0xa6, 0x31, 0x00, 0x00, 0x25, 0x52, 0xe9, 0x83, 0x84, 0x31, 0x41, 0x08, 0x00, 0x00, 0x00, 0x00, 0x41, 0x08, 0x27, 0x42,
    0x4f, 0x8c, 0x35, 0xce, 0x99, 0xf7, 0xb9, 0xff, 0xb9, 0xff, 0xb9, 0xff, 0xb9, 0xff, 0xb9, 0xff, 0xda, 0xff, 0xd9, 0xff, 0xd9, 0xff, 0xd9, 0xff, 0xd9, 0xff, 0xda, 0xff, 0xd9, 0xff, 0xd9, 0xff, 0xd9, 0xff, 0xda, 0xff, 0xda, 0xff, 0xd9, 0xff,
    0xb9, 0xff, 0xd9, 0xff, 0xb9, 0xff, 0xb9, 0xff, 0xb9, 0xff, 0xb9, 0xff, 0xb9, 0xff, 0xb9, 0xff, 0xb9, 0xff, 0xb9, 0xff, 0xb9, 0xff, 0xb9, 0xff, 0x99, 0xff, 0x98, 0xff, 0x78, 0xff, 0x99, 0xff, 0xb9, 0xff, 0xb9, 0xff, 0xda, 0xff, 0xd9, 0xff,
    0xda, 0xff, 0x79, 0xf7, 0x93, 0xbd, 0x11, 0xa5, 0xd4, 0xbd, 0xd8, 0xde, 0x57, 0xff, 0xf1, 0xfe, 0x2b, 0xfe, 0xa8, 0xfd, 0x88, 0xfd, 0x68, 0xfd, 0x68, 0xfd, 0x68, 0xfd, 0x68, 0xfd, 0x68, 0xfd, 0x68, 0xfd, 0x68, 0xfd, 0x68, 0xfd, 0x68, 0xfd,
    0x68, 0xfd, 0x68, 0xfd, 0x68, 0xfd, 0x68, 0xfd, 0xa8, 0xfd, 0x07, 0xf5, 0xc5, 0xf3, 0x04, 0xf3, 0x04, 0xf3, 0x24, 0xeb, 0x24, 0xeb, 0x24, 0xeb, 0x04, 0xeb, 0x85, 0xfb, 0x42, 0x51, 0x00, 0x00, 0x00, 0x00, 0xe7, 0x39, 0xff, 0xff, 0xdf, 0xff,
    0xff, 0xff, 0xff, 0xff, 0xff, 0xff, 0xff, 0xff, 0xff, 0xff, 0xff, 0xff, 0xff, 0xff, 0xff, 0xff, 0xff, 0xff, 0xff, 0xff, 0xff, 0xff, 0xff, 0xff, 0xfe, 0xff, 0xff, 0xff, 0xff, 0xff, 0xff, 0xff, 0xff, 0xff, 0xff, 0xff, 0xff, 0xff, 0xff, 0xff,
    0xff, 0xff, 0xff, 0xff, 0xff, 0xff, 0xff, 0xff, 0xff, 0xff, 0xff, 0xff, 0xff, 0xff, 0xdf, 0xff, 0xff, 0xff, 0x6d, 0x6b, 0x00, 0x00, 0xa2, 0x10, 0x6d, 0xee, 0x6d, 0xff, 0xf3, 0xfe, 0xd8, 0xde, 0x32, 0xa5, 0x8c, 0x73, 0x07, 0x42, 0x03, 0x21,
    0x61, 0x10, 0x45, 0x29, 0x56, 0xce, 0xda, 0xff, 0xb9, 0xff, 0xb9, 0xff, 0xb9, 0xff, 0x57, 0xff, 0x16, 0xff, 0x37, 0xf7, 0x57, 0xff, 0x78, 0xff, 0x98, 0xff, 0x78, 0xff, 0x99, 0xff, 0x99, 0xff, 0x98, 0xff, 0x78, 0xff, 0x78, 0xff, 0x78, 0xff,
    0x78, 0xff, 0x57, 0xff, 0x56, 0xff, 0x36, 0xff, 0x36, 0xff, 0x36, 0xff, 0x57, 0xff, 0x36, 0xff, 0x16, 0xff, 0xf6, 0xfe, 0x16, 0xf7, 0xf6, 0xfe, 0xf5, 0xfe, 0x16, 0xff, 0x77, 0xff, 0xb9, 0xff, 0xb9, 0xff, 0xda, 0xff, 0xda, 0xff, 0xda, 0xff,
    0xda, 0xff, 0xda, 0xff, 0xfb, 0xff, 0xfc, 0xff, 0xfc, 0xff, 0xb8, 0xff, 0x91, 0xfe, 0x4f, 0xf6, 0x89, 0xf5, 0x68, 0xfd, 0x68, 0xfd, 0x68, 0xfd, 0x68, 0xfd, 0x68, 0xfd, 0x68, 0xfd, 0x88, 0xfd, 0x88, 0xfd, 0x68, 0xfd, 0x68, 0xfd, 0x68, 0xfd,
    0x68, 0xfd, 0x68, 0xfd, 0xa8, 0xfd, 0x68, 0xf5, 0x46, 0xf4, 0x44, 0xf3, 0x23, 0xf3, 0x44, 0xf3, 0x44, 0xf3, 0x24, 0xf3, 0x24, 0xeb, 0x24, 0xeb, 0x24, 0xf3, 0x44, 0xf3, 0x25, 0xdb, 0x40, 0x10, 0x00, 0x00, 0x00, 0x00, 0xd3, 0x9c, 0xff, 0xff,
    0xff, 0xff, 0xff, 0xff, 0xff, 0xff, 0xff, 0xff, 0xff, 0xff, 0xff, 0xff, 0xff, 0xff, 0xff, 0xff, 0xff, 0xff, 0xff, 0xff, 0xff, 0xff, 0xfe, 0xff, 0xff, 0xff, 0xff, 0xff, 0xff, 0xff, 0xff, 0xff, 0xff, 0xff, 0xff, 0xff, 0xff, 0xff, 0xff, 0xff,
    0xff, 0xff, 0xff, 0xff, 0xff, 0xff, 0xff, 0xff, 0xff, 0xff, 0xff, 0xff, 0xde, 0xff, 0xff, 0xff, 0x79, 0xce, 0x20, 0x00, 0x00, 0x00, 0x08, 0x94, 0x4d, 0xff, 0x2b, 0xf6, 0x35, 0xff, 0xfc, 0xff, 0xfc, 0xff, 0xfc, 0xff, 0xfb, 0xff, 0x9a, 0xf7,
    0x18, 0xe7, 0x59, 0xef, 0xda, 0xff, 0xd9, 0xff, 0x78, 0xff, 0xd5, 0xf6, 0xd5, 0xf6, 0xf6, 0xfe, 0xd5, 0xfe, 0xb5, 0xfe, 0xd5, 0xfe, 0xb5, 0xfe, 0x94, 0xfe, 0x93, 0xfe, 0x94, 0xfe, 0x93, 0xfe, 0x93, 0xfe, 0x93, 0xfe, 0x94, 0xfe, 0x93, 0xfe,
    0x93, 0xfe, 0x93, 0xfe, 0x94, 0xfe, 0x93, 0xfe, 0x93, 0xfe, 0xb4, 0xfe, 0xd4, 0xfe, 0xb4, 0xfe, 0xb4, 0xfe, 0x94, 0xf6, 0xb4, 0xfe, 0xb5, 0xfe, 0x16, 0xff, 0x78, 0xff, 0xb9, 0xff, 0xd9, 0xff, 0xd9, 0xff, 0xda, 0xff, 0xda, 0xff, 0xda, 0xff,
    0xda, 0xff, 0xda, 0xff, 0xba, 0xff, 0xba, 0xff, 0xda, 0xff, 0x57, 0xf7, 0xcb, 0xf5, 0xaa, 0xfd, 0x89, 0xfd, 0x88, 0xfd, 0x68, 0xfd, 0x68, 0xfd, 0x68, 0xfd, 0x68, 0xfd, 0x88, 0xfd, 0x88, 0xfd, 0x88, 0xfd, 0x88, 0xfd, 0x67, 0xfd, 0x67, 0xfd,
    0x88, 0xfd, 0xa8, 0xfd, 0xe7, 0xf4, 0xa5, 0xeb, 0x24, 0xf3, 0x24, 0xf3, 0x44, 0xf3, 0x44, 0xf3, 0x24, 0xf3, 0x24, 0xf3, 0x24, 0xeb, 0x24, 0xf3, 0x24, 0xf3, 0x24, 0xeb, 0x85, 0xfb, 0x04, 0x8a, 0x00, 0x00, 0x00, 0x00, 0xc3, 0x18, 0x7d, 0xef,
    0xff, 0xff, 0xff, 0xff, 0xff, 0xff, 0xff, 0xff, 0xff, 0xff, 0xff, 0xff, 0xff, 0xff, 0xff, 0xff, 0xff, 0xff, 0xff, 0xff, 0xff, 0xff, 0xff, 0xff, 0xff, 0xff, 0xff, 0xff, 0xff, 0xff, 0xff, 0xff, 0xff, 0xff, 0xff, 0xff, 0xff, 0xff, 0xff, 0xff,
    0xff, 0xff, 0xff, 0xff, 0xff, 0xff, 0xff, 0xff, 0xff, 0xff, 0xff, 0xff, 0xff, 0xff, 0xff, 0xff, 0x28, 0x42, 0x00, 0x00, 0x22, 0x29, 0xcd, 0xf6, 0x8b, 0xfe, 0x0c, 0xfe, 0x98, 0xff, 0xba, 0xff, 0xba, 0xff, 0xda, 0xff, 0xda, 0xff, 0xfb, 0xff,
    0xfb, 0xff, 0xfb, 0xff, 0xda, 0xff, 0xda, 0xff, 0xd9, 0xff, 0x57, 0xff, 0xd5, 0xfe, 0x94, 0xfe, 0x94, 0xfe, 0xb5, 0xfe, 0xb4, 0xfe, 0xb4, 0xfe, 0x94, 0xfe, 0x93, 0xfe, 0x93, 0xfe, 0x93, 0xfe, 0x94, 0xfe, 0x94, 0xfe, 0x94, 0xfe, 0x94, 0xfe,
    0x94, 0xfe, 0x94, 0xfe, 0x94, 0xfe, 0xb4, 0xfe, 0xb4, 0xfe, 0xd4, 0xfe, 0xb4, 0xfe, 0xb4, 0xfe, 0x94, 0xfe, 0xd5, 0xfe, 0x16, 0xff, 0x98, 0xff, 0xb9, 0xff, 0xd9, 0xff, 0xd9, 0xff, 0xd9, 0xff, 0xda, 0xff, 0xda, 0xff, 0xdb, 0xff, 0xdb, 0xff,
    0xdb, 0xff, 0xda, 0xff, 0xda, 0xff, 0xda, 0xff, 0xda, 0xff, 0xda, 0xff, 0xf4, 0xf6, 0xa9, 0xfd, 0x89, 0xfd, 0x88, 0xfd, 0x88, 0xfd, 0x68, 0xfd, 0x68, 0xfd, 0x88, 0xfd, 0x88, 0xfd, 0x88, 0xfd, 0x88, 0xfd, 0x88, 0xfd, 0x88, 0xfd, 0xa8, 0xfd,
    0x68, 0xfd, 0x46, 0xec, 0x44, 0xeb, 0x44, 0xf3, 0x44, 0xf3, 0x24, 0xf3, 0x24, 0xf3, 0x23, 0xf3, 0x24, 0xf3, 0x24, 0xf3, 0x24, 0xf3, 0x24, 0xf3, 0x24, 0xeb, 0x44, 0xeb, 0x24, 0xeb, 0x65, 0xf3, 0xc2, 0x38, 0x00, 0x00, 0x00, 0x00, 0x6d, 0x6b,
    0xff, 0xff, 0xff, 0xff, 0xff, 0xff, 0xff, 0xff, 0xff, 0xff, 0xff, 0xff, 0xff, 0xff, 0xff, 0xff, 0xff, 0xff, 0xff, 0xff, 0xff, 0xff, 0xff, 0xff, 0xff, 0xff, 0xff, 0xff, 0xff, 0xff, 0xff, 0xff, 0xff, 0xff, 0xff, 0xff, 0xff, 0xff, 0xff, 0xff,
    0xff, 0xff, 0xff, 0xff, 0xff, 0xff, 0xff, 0xff, 0xff, 0xff, 0xde, 0xff, 0xff, 0xff, 0x95, 0xb5, 0x00, 0x00, 0x00, 0x00, 0x48, 0xa4, 0x4d, 0xff, 0xc9, 0xfd, 0xa9, 0xfd, 0x56, 0xff, 0xdb, 0xff, 0xda, 0xff, 0xda, 0xff, 0xda, 0xff, 0xdb, 0xff,
    0xdb, 0xff, 0xda, 0xff, 0xda, 0xff, 0xda, 0xff, 0xda, 0xff, 0xda, 0xff, 0xb9, 0xff, 0x37, 0xff, 0xd5, 0xfe, 0xb5, 0xfe, 0x94, 0xfe, 0x94, 0xfe, 0x94, 0xfe, 0xb4, 0xfe, 0xb4, 0xfe, 0xb4, 0xfe, 0xb4, 0xfe, 0xb4, 0xfe, 0xb4, 0xfe, 0xb4, 0xfe,
    0xb4, 0xfe, 0xb4, 0xfe, 0xb4, 0xfe, 0xb4, 0xfe, 0xd4, 0xfe, 0xd4, 0xfe, 0xd5, 0xfe, 0xf6, 0xfe, 0x37, 0xff, 0xb9, 0xff, 0xd9, 0xff, 0xd9, 0xff, 0xda, 0xff, 0xda, 0xff, 0xda, 0xff, 0xda, 0xff, 0xda, 0xff, 0xda, 0xff, 0xdb, 0xff, 0xdb, 0xff,
    0xdb, 0xff, 0xda, 0xff, 0xda, 0xff, 0xda, 0xff, 0xda, 0xff, 0xda, 0xff, 0xfb, 0xff, 0xb2, 0xfe, 0x88, 0xfd, 0x88, 0xfd, 0x68, 0xfd, 0x88, 0xfd, 0x88, 0xfd, 0x88, 0xfd, 0x88, 0xfd, 0x88, 0xfd, 0x68, 0xfd, 0x88, 0xfd, 0xa8, 0xfd, 0xc7, 0xf4,
    0xa4, 0xeb, 0x44, 0xeb, 0x64, 0xf3, 0x44, 0xf3, 0x44, 0xf3, 0x24, 0xf3, 0x24, 0xf3, 0x44, 0xf3, 0x44, 0xf3, 0x44, 0xf3, 0x44, 0xf3, 0x44, 0xf3, 0x44, 0xf3, 0x24, 0xf3, 0x24, 0xeb, 0x64, 0xfb, 0x84, 0xba, 0x00, 0x00, 0x00, 0x00, 0x40, 0x08,
    0xff, 0xff, 0xff, 0xff, 0xff, 0xff, 0xff, 0xff, 0xff, 0xff, 0xff, 0xff, 0xff, 0xff, 0xff, 0xff, 0xff, 0xff, 0xff, 0xff, 0xff, 0xff, 0xff, 0xff, 0xff, 0xff, 0xff, 0xff, 0xff, 0xff, 0xff, 0xff, 0xff, 0xff, 0xff, 0xff, 0xff, 0xff, 0xff, 0xff,
    0xff, 0xff, 0xff, 0xff, 0xff, 0xff, 0xff, 0xff, 0xff, 0xff, 0xff, 0xff, 0xff, 0xff, 0xc6, 0x39, 0x00, 0x00, 0xe2, 0x20, 0xad, 0xf6, 0x8b, 0xfe, 0xa9, 0xfd, 0xa9, 0xfd, 0xb2, 0xf6, 0xdb, 0xff, 0xda, 0xff, 0xda, 0xff, 0xdb, 0xff, 0xdb, 0xff,
    0xdb, 0xff, 0xdb, 0xff, 0xda, 0xff, 0xda, 0xff, 0xda, 0xff, 0xda, 0xff, 0xda, 0xff, 0xda, 0xff, 0xb9, 0xff, 0x78, 0xff, 0x37, 0xff, 0x16, 0xff, 0xd5, 0xfe, 0xd4, 0xfe, 0xb4, 0xfe, 0xb4, 0xfe, 0xb4, 0xfe, 0xb4, 0xfe, 0xb4, 0xfe, 0xb4, 0xfe,
    0xb4, 0xfe, 0xd5, 0xfe, 0xd5, 0xfe, 0xf5, 0xfe, 0x36, 0xff, 0x57, 0xff, 0x98, 0xff, 0xd9, 0xff, 0xfa, 0xff, 0xda, 0xff, 0xda, 0xff, 0xda, 0xff, 0xda, 0xff, 0xda, 0xff, 0xda, 0xff, 0xda, 0xff, 0xda, 0xff, 0xda, 0xff, 0xdb, 0xff, 0xdb, 0xff,
    0xdb, 0xff, 0xda, 0xff, 0xda, 0xff, 0xda, 0xff, 0xda, 0xff, 0xda, 0xff, 0xda, 0xff, 0x78, 0xff, 0x68, 0xfd, 0x67, 0xfd, 0x68, 0xfd, 0x88, 0xfd, 0x88, 0xfd, 0x88, 0xfd, 0x88, 0xfd, 0x67, 0xfd, 0x88, 0xfd, 0x88, 0xfd, 0x66, 0xf4, 0x64, 0xeb,
    0x43, 0xf3, 0x44, 0xf3, 0x44, 0xf3, 0x44, 0xf3, 0x44, 0xf3, 0x44, 0xf3, 0x44, 0xf3, 0x44, 0xf3, 0x44, 0xf3, 0x44, 0xf3, 0x24, 0xf3, 0x24, 0xf3, 0x24, 0xf3, 0x24, 0xf3, 0x24, 0xf3, 0x64, 0xeb, 0xe7, 0xfc, 0xc4, 0x51, 0x00, 0x00, 0x00, 0x00,
    0xff, 0xff, 0xff, 0xff, 0xff, 0xff, 0xff, 0xff, 0xff, 0xff, 0xff, 0xff, 0xff, 0xff, 0xff, 0xff, 0xff, 0xff, 0xff, 0xff, 0xff, 0xff, 0xff, 0xff, 0xff, 0xff, 0xff, 0xff, 0xff, 0xff, 0xff, 0xff, 0xff, 0xff, 0xff, 0xff, 0xff, 0xff, 0xff, 0xff,
    0xff, 0xff, 0xff, 0xff, 0xff, 0xff, 0xff, 0xff, 0xde, 0xff, 0xff, 0xff, 0xd7, 0xbd, 0x00, 0x00, 0x00, 0x00, 0x84, 0x82, 0x6b, 0xfe, 0xe9, 0xfd, 0x88, 0xfd, 0xa8, 0xfd, 0x0d, 0xf6, 0x78, 0xf7, 0xda, 0xff, 0xda, 0xff, 0xda, 0xff, 0xdb, 0xff,
    0xdb, 0xff, 0xdb, 0xff, 0xda, 0xff, 0xda, 0xff, 0xda, 0xff, 0xda, 0xff, 0xd9, 0xff, 0xd9, 0xff, 0xd9, 0xff, 0xd9, 0xff, 0xda, 0xff, 0xda, 0xff, 0xb9, 0xff, 0x99, 0xff, 0x78, 0xff, 0x37, 0xff, 0x16, 0xff, 0xf6, 0xfe, 0x16, 0xff, 0x16, 0xff,
    0x37, 0xff, 0x78, 0xff, 0x99, 0xff, 0xb9, 0xff, 0xda, 0xff, 0xda, 0xff, 0xd9, 0xff, 0xda, 0xff, 0xda, 0xff, 0xda, 0xff, 0xda, 0xff, 0xda, 0xff, 0xdb, 0xff, 0xdb, 0xff, 0xdb, 0xff, 0xda, 0xff, 0xdb, 0xff, 0xdb, 0xff, 0xdb, 0xff, 0xda, 0xff,
    0xda, 0xff, 0xda, 0xff, 0xda, 0xff, 0xda, 0xff, 0xba, 0xff, 0xba, 0xff, 0xfb, 0xff, 0xd3, 0xf6, 0x47, 0xfd, 0x68, 0xfd, 0x88, 0xfd, 0x88, 0xfd, 0x88, 0xfd, 0x88, 0xfd, 0x68, 0xfd, 0xa8, 0xfd, 0x48, 0xfd, 0x25, 0xec, 0x64, 0xf3, 0x64, 0xf3,
    0x44, 0xf3, 0x43, 0xf3, 0x43, 0xf3, 0x44, 0xf3, 0x44, 0xf3, 0x44, 0xf3, 0x64, 0xf3, 0x44, 0xf3, 0x44, 0xf3, 0x24, 0xf3, 0x23, 0xf3, 0x03, 0xf3, 0x24, 0xf3, 0xa5, 0xf3, 0x66, 0xf4, 0x27, 0xf5, 0xa8, 0xfd, 0x68, 0xcc, 0x20, 0x00, 0x00, 0x00,
    0xff, 0xff, 0xff, 0xff, 0xff, 0xff, 0xff, 0xff, 0xff, 0xff, 0xff, 0xff, 0xff, 0xff, 0xff, 0xff, 0xff, 0xff, 0xff, 0xff, 0xff, 0xff, 0xff, 0xff, 0xff, 0xff, 0xff, 0xff, 0xff, 0xff, 0xff, 0xff, 0xff, 0xff, 0xff, 0xff, 0xff, 0xff, 0xff, 0xff,
    0xff, 0xff, 0xff, 0xff, 0xff, 0xff, 0xff, 0xff, 0xdf, 0xff, 0xff, 0xff, 0x49, 0x4a, 0x00, 0x00, 0x40, 0x08, 0x65, 0xdb, 0x26, 0xf4, 0x68, 0xf5, 0xa8, 0xfd, 0x88, 0xfd, 0x88, 0xfd, 0x92, 0xf6, 0xba, 0xf7, 0xda, 0xff, 0xda, 0xff, 0xda, 0xff,
    0xdb, 0xff, 0xda, 0xff, 0xda, 0xff, 0xda, 0xff, 0xda, 0xff, 0xba, 0xff, 0xba, 0xff, 0xd9, 0xff, 0xd9, 0xff, 0xd9, 0xff, 0xd9, 0xff, 0xda, 0xff, 0xda, 0xff, 0xda, 0xff, 0xda, 0xff, 0xda, 0xff, 0xda, 0xff, 0xda, 0xff, 0xda, 0xff, 0xda, 0xff,
    0xda, 0xff, 0xda, 0xff, 0xda, 0xff, 0xda, 0xff, 0xda, 0xff, 0xda, 0xff, 0xda, 0xff, 0xda, 0xff, 0xda, 0xff, 0xda, 0xff, 0xda, 0xff, 0xdb, 0xff, 0xdb, 0xff, 0xdb, 0xff, 0xdb, 0xff, 0xdb, 0xff, 0xdb, 0xff, 0xdb, 0xff, 0xdb, 0xff, 0xda, 0xff,
    0xda, 0xff, 0xda, 0xff, 0xda, 0xff, 0xba, 0xff, 0x99, 0xf7, 0xda, 0xff, 0xd3, 0xf6, 0x88, 0xf5, 0x67, 0xfd, 0x88, 0xfd, 0x88, 0xfd, 0x88, 0xfd, 0x88, 0xfd, 0x88, 0xfd, 0xa8, 0xfd, 0x07, 0xf5, 0xc4, 0xf3, 0x64, 0xf3, 0x64, 0xf3, 0x44, 0xf3,
    0x43, 0xf3, 0x44, 0xf3, 0x64, 0xf3, 0x64, 0xf3, 0x44, 0xf3, 0x44, 0xf3, 0x44, 0xf3, 0x24, 0xf3, 0x23, 0xf3, 0x03, 0xf3, 0x44, 0xf3, 0xe5, 0xf3, 0xa6, 0xf4, 0x68, 0xfd, 0x88, 0xfd, 0x67, 0xfd, 0x47, 0xf5, 0xc9, 0xfd, 0xe4, 0x59, 0x00, 0x00,
    0xff, 0xff, 0xff, 0xff, 0xff, 0xff, 0xff, 0xff, 0xff, 0xff, 0xff, 0xff, 0xfe, 0xff, 0xff, 0xff, 0xfe, 0xff, 0xff, 0xff, 0xff, 0xff, 0xff, 0xff, 0xff, 0xff, 0xff, 0xff, 0xff, 0xff, 0xff, 0xff, 0xff, 0xff, 0xff, 0xff, 0xff, 0xff, 0xff, 0xff,
    0xff, 0xff, 0xff, 0xff, 0xff, 0xff, 0xff, 0xff, 0xff, 0xff, 0xdb, 0xde, 0x40, 0x08, 0x00, 0x00, 0x42, 0x51, 0xc5, 0xfb, 0x44, 0xeb, 0xe6, 0xeb, 0x68, 0xfd, 0x88, 0xfd, 0x88, 0xfd, 0xaa, 0xf5, 0xf5, 0xf6, 0xba, 0xff, 0xda, 0xff, 0xda, 0xff,
    0xda, 0xff, 0xda, 0xff, 0xda, 0xff, 0xda, 0xff, 0xba, 0xff, 0xba, 0xff, 0xda, 0xff, 0xda, 0xff, 0xda, 0xff, 0xda, 0xff, 0xd9, 0xff, 0xda, 0xff, 0xda, 0xff, 0xda, 0xff, 0xda, 0xff, 0xda, 0xff, 0xda, 0xff, 0xdb, 0xff, 0xdb, 0xff, 0xda, 0xff,
    0xda, 0xff, 0xda, 0xff, 0xda, 0xff, 0xda, 0xff, 0xda, 0xff, 0xda, 0xff, 0xda, 0xff, 0xda, 0xff, 0xda, 0xff, 0xda, 0xff, 0xda, 0xff, 0xda, 0xff, 0xda, 0xff, 0xda, 0xff, 0xdb, 0xff, 0xdb, 0xff, 0xdb, 0xff, 0xdb, 0xff, 0xdb, 0xff, 0xda, 0xff,
    0xda, 0xff, 0xda, 0xff, 0xda, 0xff, 0x79, 0xf7, 0xb2, 0xf6, 0x0d, 0xf6, 0x68, 0xfd, 0x67, 0xfd, 0x88, 0xfd, 0x87, 0xfd, 0x87, 0xfd, 0x88, 0xfd, 0x88, 0xfd, 0xa8, 0xfd, 0x27, 0xf5, 0x05, 0xec, 0xa4, 0xf3, 0x64, 0xf3, 0x43, 0xf3, 0x64, 0xf3,
    0x64, 0xf3, 0x64, 0xf3, 0x64, 0xf3, 0x43, 0xf3, 0x44, 0xf3, 0x23, 0xf3, 0x23, 0xeb, 0x64, 0xf3, 0xe5, 0xf3, 0x66, 0xf4, 0x07, 0xf5, 0x68, 0xfd, 0x88, 0xfd, 0x67, 0xfd, 0x67, 0xfd, 0x67, 0xfd, 0x47, 0xf5, 0xa8, 0xfd, 0x48, 0xc4, 0x00, 0x00,
    0xff, 0xff, 0xff, 0xff, 0xff, 0xff, 0xff, 0xff, 0xff, 0xff, 0xfe, 0xff, 0xfe, 0xff, 0xfe, 0xff, 0xff, 0xff, 0xff, 0xff, 0xff, 0xff, 0xff, 0xff, 0xff, 0xff, 0xff, 0xff, 0xff, 0xff, 0xff, 0xff, 0xff, 0xff, 0xff, 0xff, 0xff, 0xff, 0xff, 0xff,
    0xff, 0xff, 0xff, 0xff, 0xff, 0xff, 0xde, 0xff, 0xff, 0xff, 0x10, 0x84, 0x00, 0x00, 0x00, 0x00, 0x64, 0xa2, 0xa4, 0xfb, 0x44, 0xf3, 0x43, 0xf3, 0x66, 0xf4, 0x88, 0xfd, 0x88, 0xfd, 0x88, 0xfd, 0xeb, 0xf5, 0x36, 0xf7, 0xda, 0xff, 0xda, 0xff,
    0xda, 0xff, 0xda, 0xff, 0xda, 0xff, 0xda, 0xff, 0xda, 0xff, 0xda, 0xff, 0xda, 0xff, 0xda, 0xff, 0xda, 0xff, 0xda, 0xff, 0xda, 0xff, 0xda, 0xff, 0xda, 0xff, 0xda, 0xff, 0xdb, 0xff, 0xdb, 0xff, 0xdb, 0xff, 0xdb, 0xff, 0xdb, 0xff, 0xda, 0xff,
    0xda, 0xff, 0xda, 0xff, 0xda, 0xff, 0xda, 0xff, 0xda, 0xff, 0xda, 0xff, 0xda, 0xff, 0xda, 0xff, 0xda, 0xff, 0xdb, 0xff, 0xda, 0xff, 0xda, 0xff, 0xda, 0xff, 0xda, 0xff, 0xda, 0xff, 0xdb, 0xff, 0xdb, 0xff, 0xda, 0xff, 0xda, 0xff, 0xda, 0xff,
    0xda, 0xff, 0xda, 0xff, 0xf4, 0xf6, 0xec, 0xf5, 0x47, 0xfd, 0x47, 0xfd, 0x88, 0xfd, 0x88, 0xfd, 0x88, 0xfd, 0x88, 0xfd, 0x87, 0xfd, 0x88, 0xfd, 0x88, 0xfd, 0x88, 0xfd, 0x46, 0xec, 0xc5, 0xf3, 0xc5, 0xf3, 0x64, 0xf3, 0x63, 0xf3, 0x63, 0xf3,
    0x43, 0xf3, 0x22, 0xf3, 0x43, 0xf3, 0x83, 0xf3, 0xc4, 0xf3, 0x45, 0xf4, 0xc6, 0xf4, 0x47, 0xfd, 0x88, 0xfd, 0x88, 0xfd, 0x88, 0xfd, 0x67, 0xfd, 0x67, 0xfd, 0x68, 0xfd, 0x68, 0xfd, 0x67, 0xfd, 0x67, 0xfd, 0x67, 0xfd, 0x89, 0xfd, 0xa3, 0x49,
    0xff, 0xff, 0xff, 0xff, 0xff, 0xff, 0xff, 0xff, 0xfe, 0xff, 0xfe, 0xff, 0xfe, 0xff, 0xfe, 0xff, 0xfe, 0xff, 0xff, 0xff, 0xff, 0xff, 0xff, 0xff, 0xff, 0xff, 0xff, 0xff, 0xff, 0xff, 0xff, 0xff, 0xff, 0xff, 0xff, 0xff, 0xff, 0xff, 0xff, 0xff,
    0xff, 0xff, 0xff, 0xff, 0xff, 0xff, 0xff, 0xff, 0xff, 0xff, 0x85, 0x31, 0x00, 0x00, 0x61, 0x10, 0x65, 0xe3, 0x64, 0xfb, 0x44, 0xf3, 0x43, 0xf3, 0x84, 0xeb, 0x48, 0xf5, 0x88, 0xfd, 0xa8, 0xfd, 0xaa, 0xf5, 0x14, 0xff, 0xfb, 0xff, 0xda, 0xff,
    0xda, 0xff, 0xda, 0xff, 0xda, 0xff, 0xda, 0xff, 0xda, 0xff, 0xda, 0xff, 0xda, 0xff, 0xda, 0xff, 0xda, 0xff, 0xda, 0xff, 0xda, 0xff, 0xda, 0xff, 0xda, 0xff, 0xda, 0xff, 0xdb, 0xff, 0xdb, 0xff, 0xdb, 0xff, 0xdb, 0xff, 0xdb, 0xff, 0xda, 0xff,
    0xda, 0xff, 0xda, 0xff, 0xda, 0xff, 0xda, 0xff, 0xda, 0xff, 0xda, 0xff, 0xda, 0xff, 0xda, 0xff, 0xda, 0xff, 0xda, 0xff, 0xda, 0xff, 0xda, 0xff, 0xda, 0xff, 0xda, 0xff, 0xda, 0xff, 0xda, 0xff, 0xda, 0xff, 0xda, 0xff, 0xda, 0xff, 0xda, 0xff,
    0xb9, 0xff, 0x92, 0xf6, 0x89, 0xfd, 0x47, 0xfd, 0x68, 0xfd, 0x68, 0xfd, 0x68, 0xfd, 0x88, 0xfd, 0x88, 0xfd, 0x88, 0xfd, 0x87, 0xfd, 0x88, 0xfd, 0x88, 0xfd, 0x88, 0xfd, 0x86, 0xf4, 0x05, 0xec, 0x25, 0xec, 0xc5, 0xeb, 0xa4, 0xeb, 0x47, 0xf4,
    0x89, 0xf4, 0xaa, 0xf4, 0xe8, 0xf4, 0x6a, 0xf5, 0xaa, 0xf5, 0xc9, 0xfd, 0xa8, 0xfd, 0xaa, 0xf5, 0x88, 0xfd, 0x88, 0xfd, 0x89, 0xf5, 0x89, 0xf5, 0xa9, 0xfd, 0x88, 0xfd, 0x88, 0xfd, 0x88, 0xfd, 0x89, 0xfd, 0x89, 0xf5, 0xa8, 0xfd, 0x47, 0xc4,
    0xff, 0xff, 0xff, 0xff, 0xff, 0xff, 0xfe, 0xff, 0xfe, 0xff, 0xfe, 0xff, 0xfe, 0xff, 0xfe, 0xff, 0xff, 0xff, 0xff, 0xff, 0xff, 0xff, 0xff, 0xff, 0xff, 0xff, 0xff, 0xff, 0xff, 0xff, 0xff, 0xff, 0xff, 0xff, 0xff, 0xff, 0xff, 0xff, 0xff, 0xff,
    0xff, 0xff, 0xff, 0xff, 0xdf, 0xff, 0xff, 0xff, 0xba, 0xd6, 0x20, 0x00, 0x00, 0x00, 0x04, 0x4a, 0x08, 0xfd, 0x84, 0xf3, 0x64, 0xf3, 0x64, 0xf3, 0xa6, 0xfc, 0x88, 0xfd, 0x88, 0xfd, 0xa9, 0xfd, 0xcc, 0xf5, 0x98, 0xff, 0xda, 0xff, 0xda, 0xff,
    0xda, 0xff, 0xda, 0xff, 0xda, 0xff, 0xda, 0xff, 0xda, 0xff, 0xda, 0xff, 0xda, 0xff, 0xda, 0xff, 0xda, 0xff, 0xda, 0xff, 0xda, 0xff, 0xda, 0xff, 0xda, 0xff, 0xdb, 0xff, 0xdb, 0xff, 0xdb, 0xff, 0xdb, 0xff, 0xdb, 0xff, 0xdb, 0xff, 0xda, 0xff,
    0xda, 0xff, 0xda, 0xff, 0xda, 0xff, 0xda, 0xff, 0xda, 0xff, 0xda, 0xff, 0xda, 0xff, 0xda, 0xff, 0xda, 0xff, 0xda, 0xff, 0xda, 0xff, 0xda, 0xff, 0xda, 0xff, 0xda, 0xff, 0xda, 0xff, 0xdb, 0xff, 0xda, 0xff, 0xda, 0xff, 0xda, 0xff, 0xda, 0xff,
    0x91, 0xf6, 0x68, 0xfd, 0x67, 0xfd, 0x68, 0xfd, 0x88, 0xfd, 0x88, 0xfd, 0x88, 0xfd, 0x88, 0xfd, 0x88, 0xfd, 0x88, 0xfd, 0x87, 0xfd, 0x88, 0xfd, 0x88, 0xfd, 0x87, 0xfd, 0x88, 0xfd, 0x67, 0xf5, 0x47, 0xf5, 0x27, 0xf5, 0x07, 0xf5, 0xcc, 0xf5,
    0x50, 0xf6, 0x2f, 0xf6, 0xca, 0xf5, 0x0e, 0xf6, 0x0d, 0xf6, 0xed, 0xf5, 0x68, 0xf5, 0xee, 0xf5, 0xaa, 0xf5, 0xaa, 0xfd, 0xab, 0xf5, 0xab, 0xf5, 0xed, 0xfd, 0xab, 0xf5, 0xa9, 0xfd, 0xec, 0xf5, 0xed, 0xf5, 0xec, 0xf5, 0x87, 0xfd, 0x87, 0xfd,
    0xff, 0xff, 0xff, 0xff, 0xff, 0xff, 0xfe, 0xff, 0xff, 0xff, 0xfe, 0xff, 0xfe, 0xff, 0xfe, 0xff, 0xff, 0xff, 0xff, 0xff, 0xff, 0xff, 0xff, 0xff, 0xff, 0xff, 0xff, 0xff, 0xff, 0xff, 0xff, 0xff, 0xff, 0xff, 0xff, 0xff, 0xff, 0xff, 0xff, 0xff,
    0xff, 0xff, 0xff, 0xff, 0xde, 0xff, 0xff, 0xff, 0xb2, 0x9c, 0x00, 0x00, 0x00, 0x00, 0x28, 0x9c, 0x4d, 0xff, 0x68, 0xf5, 0x06, 0xf5, 0x68, 0xfd, 0xa8, 0xcc, 0x68, 0xf5, 0xa8, 0xfd, 0xa9, 0xf5, 0xd2, 0xf6, 0xfb, 0xff, 0xda, 0xff, 0xda, 0xff,
    0xda, 0xff, 0xda, 0xff, 0xda, 0xff, 0xda, 0xff, 0xda, 0xff, 0xda, 0xff, 0xda, 0xff, 0xda, 0xff, 0xda, 0xff, 0xda, 0xff, 0xda, 0xff, 0xda, 0xff, 0xda, 0xff, 0xdb, 0xff, 0xdb, 0xff, 0xdb, 0xff, 0xdb, 0xff, 0xdb, 0xff, 0xda, 0xff, 0xda, 0xff,
    0xda, 0xff, 0xda, 0xff, 0xda, 0xff, 0xda, 0xff, 0xda, 0xff, 0xda, 0xff, 0xda, 0xff, 0xda, 0xff, 0xda, 0xff, 0xda, 0xff, 0xda, 0xff, 0xda, 0xff, 0xda, 0xff, 0xda, 0xff, 0xda, 0xff, 0xda, 0xff, 0xdb, 0xff, 0xda, 0xff, 0xfb, 0xff, 0x78, 0xff,
    0xa9, 0xf5, 0x68, 0xfd, 0x68, 0xfd, 0x68, 0xfd, 0x88, 0xfd, 0x88, 0xfd, 0x88, 0xfd, 0x88, 0xfd, 0x87, 0xfd, 0x67, 0xfd, 0x68, 0xfd, 0x88, 0xfd, 0x87, 0xfd, 0x87, 0xfd, 0x87, 0xfd, 0x87, 0xfd, 0x88, 0xfd, 0x88, 0xfd, 0x87, 0xfd, 0xec, 0xfd,
    0x0e, 0xf6, 0x0d, 0xf6, 0x8a, 0xf5, 0x0d, 0xf6, 0x0e, 0xf6, 0xec, 0xf5, 0xaa, 0xf5, 0xed, 0xf5, 0xcc, 0xf5, 0xaa, 0xf5, 0xaa, 0xf5, 0xa9, 0xf5, 0x0e, 0xfe, 0xcb, 0xf5, 0xa9, 0xf5, 0xed, 0xf5, 0xcc, 0xf5, 0xec, 0xf5, 0x88, 0xfd, 0x67, 0xfd,
    0xff, 0xff, 0xff, 0xff, 0xff, 0xff, 0xfe, 0xff, 0xfe, 0xff, 0xfe, 0xff, 0xfe, 0xff, 0xfe, 0xff, 0xff, 0xff, 0xff, 0xff, 0xff, 0xff, 0xff, 0xff, 0xff, 0xff, 0xff, 0xff, 0xff, 0xff, 0xff, 0xff, 0xff, 0xff, 0xff, 0xff, 0xff, 0xff, 0xff, 0xff,
    0xff, 0xff, 0xff, 0xff, 0xde, 0xff, 0xff, 0xff, 0xcb, 0x5a, 0x00, 0x00, 0x20, 0x00, 0x8a, 0xd5, 0xcb, 0xfe, 0x88, 0xf5, 0xa8, 0xfd, 0x28, 0xe5, 0xe2, 0x28, 0x28, 0xe5, 0xa8, 0xfd, 0xa9, 0xf5, 0x56, 0xff, 0xfb, 0xff, 0xda, 0xff, 0xda, 0xff,
    0xda, 0xff, 0xda, 0xff, 0xda, 0xff, 0xda, 0xff, 0xda, 0xff, 0xda, 0xff, 0xda, 0xff, 0xda, 0xff, 0xda, 0xff, 0xda, 0xff, 0xda, 0xff, 0xda, 0xff, 0xda, 0xff, 0xda, 0xff, 0xda, 0xff, 0xdb, 0xff, 0xdb, 0xff, 0xda, 0xff, 0xda, 0xff, 0xda, 0xff,
    0xda, 0xff, 0xda, 0xff, 0xda, 0xff, 0xda, 0xff, 0xda, 0xff, 0xda, 0xff, 0xda, 0xff, 0xda, 0xff, 0xda, 0xff, 0xda, 0xff, 0xda, 0xff, 0xda, 0xff, 0xda, 0xff, 0xda, 0xff, 0xdb, 0xff, 0xda, 0xff, 0xda, 0xff, 0xda, 0xff, 0xfb, 0xff, 0x77, 0xf7,
    0xca, 0xf5, 0x88, 0xfd, 0x68, 0xfd, 0x68, 0xfd, 0x88, 0xfd, 0x88, 0xfd, 0x68, 0xfd, 0x88, 0xfd, 0x68, 0xfd, 0x88, 0xfd, 0x88, 0xfd, 0x88, 0xfd, 0x88, 0xfd, 0x88, 0xfd, 0x87, 0xfd, 0x87, 0xfd, 0x87, 0xfd, 0x88, 0xfd, 0x87, 0xfd, 0xcb, 0xfd,
    0x0d, 0xf6, 0xed, 0xf5, 0xaa, 0xf5, 0x2e, 0xfe, 0x0d, 0xf6, 0xec, 0xf5, 0xec, 0xfd, 0x0d, 0xfe, 0xed, 0xf5, 0xcc, 0xf5, 0xab, 0xf5, 0xa9, 0xf5, 0x0d, 0xfe, 0xca, 0xf5, 0xa9, 0xf5, 0xed, 0xf5, 0xec, 0xf5, 0x0e, 0xf6, 0x88, 0xfd, 0x67, 0xfd,
    0xff, 0xff, 0xff, 0xff, 0xff, 0xff, 0xfe, 0xff, 0xfe, 0xff, 0xfe, 0xff, 0xfe, 0xff, 0xff, 0xff, 0xff, 0xff, 0xff, 0xff, 0xff, 0xff, 0xff, 0xff, 0xff, 0xff, 0xff, 0xff, 0xff, 0xff, 0xff, 0xff, 0xff, 0xff, 0xff, 0xff, 0xff, 0xff, 0xff, 0xff,
    0xff, 0xff, 0xff, 0xff, 0xff, 0xff, 0xff, 0xff, 0x65, 0x29, 0x00, 0x00, 0xc1, 0x18, 0x8b, 0xf6, 0x4a, 0xfe, 0x47, 0xf5, 0xe8, 0xfd, 0x65, 0x9b, 0xa1, 0x18, 0xa9, 0xfd, 0x87, 0xfd, 0xca, 0xf5, 0x98, 0xff, 0xfa, 0xff, 0xda, 0xff, 0xda, 0xff,
    0xda, 0xff, 0xda, 0xff, 0xda, 0xff, 0xda, 0xff, 0xda, 0xff, 0xda, 0xff, 0xda, 0xff, 0xda, 0xff, 0xda, 0xff, 0xda, 0xff, 0xda, 0xff, 0xda, 0xff, 0xda, 0xff, 0xda, 0xff, 0xda, 0xff, 0xda, 0xff, 0xda, 0xff, 0xda, 0xff, 0xda, 0xff, 0xda, 0xff,
    0xda, 0xff, 0xda, 0xff, 0xda, 0xff, 0xda, 0xff, 0xda, 0xff, 0xda, 0xff, 0xda, 0xff, 0xda, 0xff, 0xda, 0xff, 0xda, 0xff, 0xda, 0xff, 0xda, 0xff, 0xda, 0xff, 0xda, 0xff, 0xdb, 0xff, 0xdb, 0xff, 0xda, 0xff, 0xda, 0xff, 0xda, 0xff, 0xb9, 0xff,
    0x0c, 0xf6, 0x88, 0xf5, 0x88, 0xfd, 0x88, 0xfd, 0x88, 0xfd, 0x88, 0xfd, 0x88, 0xfd, 0x68, 0xfd, 0x88, 0xfd, 0x27, 0xed, 0x27, 0xf5, 0x88, 0xfd, 0x67, 0xfd, 0x87, 0xfd, 0x87, 0xfd, 0x87, 0xfd, 0x87, 0xfd, 0x87, 0xfd, 0x87, 0xfd, 0xec, 0xfd,
    0x0d, 0xfe, 0x0d, 0xfe, 0xca, 0xfd, 0xec, 0xfd, 0x2d, 0xfe, 0xeb, 0xfd, 0xcb, 0xfd, 0xa8, 0xfd, 0xa9, 0xfd, 0xab, 0xfd, 0x8a, 0xf5, 0xaa, 0xfd, 0xcb, 0xfd, 0xcb, 0xf5, 0xa9, 0xf5, 0xcb, 0xf5, 0xca, 0xfd, 0xaa, 0xf5, 0x88, 0xfd, 0x88, 0xfd,
    0xff, 0xff, 0xff, 0xff, 0xff, 0xff, 0xff, 0xff, 0xff, 0xff, 0xff, 0xff, 0xff, 0xff, 0xff, 0xff, 0xff, 0xff, 0xff, 0xff, 0xff, 0xff, 0xff, 0xff, 0xff, 0xff, 0xff, 0xff, 0xff, 0xff, 0xff, 0xff, 0xff, 0xff, 0xff, 0xff, 0xff, 0xff, 0xff, 0xff,
    0xff, 0xff, 0xff, 0xff, 0xff, 0xff, 0x1b, 0xe7, 0x61, 0x08, 0x00, 0x00, 0xc3, 0x41, 0xec, 0xfe, 0xc8, 0xf5, 0x67, 0xf5, 0xe8, 0xfd, 0xa3, 0x49, 0x42, 0x31, 0xe9, 0xfd, 0x67, 0xfd, 0xca, 0xf5, 0x78, 0xf7, 0xda, 0xff, 0xda, 0xff, 0xda, 0xff,
    0xda, 0xff, 0xda, 0xff, 0xda, 0xff, 0xda, 0xff, 0xda, 0xff, 0xda, 0xff, 0xda, 0xff, 0xda, 0xff, 0xda, 0xff, 0xda, 0xff, 0xda, 0xff, 0xda, 0xff, 0xda, 0xff, 0xda, 0xff, 0xdb, 0xff, 0xdb, 0xff, 0xdb, 0xff, 0xdb, 0xff, 0xda, 0xff, 0xda, 0xff,
    0xda, 0xff, 0xda, 0xff, 0xda, 0xff, 0xda, 0xff, 0xda, 0xff, 0xda, 0xff, 0xda, 0xff, 0xda, 0xff, 0xda, 0xff, 0xda, 0xff, 0xda, 0xff, 0xda, 0xff, 0xda, 0xff, 0xda, 0xff, 0xda, 0xff, 0xda, 0xff, 0xda, 0xff, 0xda, 0xff, 0xda, 0xff, 0xba, 0xff,
    0x6f, 0xf6, 0x67, 0xfd, 0x88, 0xfd, 0x88, 0xfd, 0xa8, 0xfd, 0x88, 0xfd, 0x68, 0xfd, 0x67, 0xfd, 0xa8, 0xfd, 0xc4, 0xc3, 0xa3, 0xcb, 0xa8, 0xfd, 0x67, 0xfd, 0x87, 0xfd, 0x87, 0xfd, 0x87, 0xfd, 0x87, 0xfd, 0x87, 0xfd, 0x87, 0xfd, 0x67, 0xfd,
    0x67, 0xfd, 0x87, 0xfd, 0x87, 0xfd, 0x87, 0xfd, 0x87, 0xfd, 0x87, 0xfd, 0x87, 0xfd, 0x87, 0xfd, 0x87, 0xfd, 0x87, 0xfd, 0x87, 0xfd, 0x67, 0xfd, 0x67, 0xfd, 0x67, 0xfd, 0x88, 0xfd, 0x88, 0xfd, 0x88, 0xfd, 0x88, 0xfd, 0x68, 0xfd, 0x06, 0xfd,
    0xdf, 0xff, 0xff, 0xff, 0xdf, 0xff, 0xff, 0xff, 0xff, 0xff, 0xdf, 0xff, 0xff, 0xff, 0xff, 0xff, 0xff, 0xff, 0xff, 0xff, 0xff, 0xff, 0xff, 0xff, 0xff, 0xff, 0xff, 0xff, 0xff, 0xff, 0xff, 0xff, 0xff, 0xff, 0xff, 0xff, 0xff, 0xff, 0xff, 0xff,
    0xff, 0xff, 0xdf, 0xff, 0xff, 0xff, 0x17, 0xc6, 0x00, 0x00, 0x00, 0x00, 0xe5, 0x6a, 0x0b, 0xff, 0x87, 0xf5, 0x87, 0xfd, 0xc8, 0xfd, 0xa1, 0x20, 0x03, 0x52, 0x09, 0xfe, 0x88, 0xf5, 0xa8, 0xf5, 0xd2, 0xf6, 0x99, 0xff, 0xba, 0xff, 0xda, 0xff,
    0xda, 0xff, 0xda, 0xff, 0xda, 0xff, 0xda, 0xff, 0xba, 0xff, 0xda, 0xff, 0xda, 0xff, 0xda, 0xff, 0xda, 0xff, 0xda, 0xff, 0xda, 0xff, 0xda, 0xff, 0xda, 0xff, 0xda, 0xff, 0xdb, 0xff, 0xdb, 0xff, 0xdb, 0xff, 0xdb, 0xff, 0xdb, 0xff, 0xdb, 0xff,
    0xdb, 0xff, 0xdb, 0xff, 0xda, 0xff, 0xda, 0xff, 0xda, 0xff, 0xda, 0xff, 0xda, 0xff, 0xda, 0xff, 0xda, 0xff, 0xda, 0xff, 0xdb, 0xff, 0xdb, 0xff, 0xdb, 0xff, 0xdb, 0xff, 0xdb, 0xff, 0xdb, 0xff, 0xda, 0xff, 0xda, 0xff, 0xda, 0xff, 0xda, 0xff,
    0xb1, 0xfe, 0x87, 0xfd, 0x88, 0xfd, 0xa8, 0xfd, 0xa8, 0xfd, 0xa8, 0xfd, 0x88, 0xfd, 0x88, 0xfd, 0xa8, 0xfd, 0xc4, 0xcb, 0x02, 0xb3, 0x68, 0xf5, 0x87, 0xfd, 0x87, 0xfd, 0xa7, 0xfd, 0x87, 0xfd, 0x88, 0xfd, 0x88, 0xfd, 0x88, 0xfd, 0x88, 0xfd,
    0x88, 0xfd, 0xa8, 0xfd, 0xa8, 0xfd, 0xa8, 0xfd, 0xa8, 0xfd, 0xa8, 0xfd, 0x88, 0xfd, 0x88, 0xfd, 0x88, 0xfd, 0x88, 0xfd, 0x88, 0xfd, 0x88, 0xfd, 0x88, 0xfd, 0x88, 0xfd, 0x88, 0xfd, 0x88, 0xfd, 0x88, 0xfd, 0x67, 0xfd, 0x26, 0xfd, 0xe5, 0xfc,
    
};

const lv_img_dsc_t icon_cat_indifferent = {
  .header.magic = LV_IMAGE_HEADER_MAGIC,
  .header.cf = LV_COLOR_FORMAT_RGB565,
  .header.w = 120,
  .header.h = 120,
  .data_size = 28800,
  .data = icon_cat_indifferent_map,
};
