#ifdef __has_include
    #if __has_include("lvgl.h")
        #ifndef LV_LVGL_H_INCLUDE_SIMPLE
            #define LV_LVGL_H_INCLUDE_SIMPLE
        #endif
    #endif
#endif

#if defined(LV_LVGL_H_INCLUDE_SIMPLE)
    #include "lvgl.h"
#else
    #include "lvgl/lvgl.h"
#endif

#ifndef LV_ATTRIBUTE_MEM_ALIGN
#define LV_ATTRIBUTE_MEM_ALIGN
#endif

#ifndef LV_ATTRIBUTE_IMG_ICON_CAT_SHY
#define LV_ATTRIBUTE_IMG_ICON_CAT_SHY
#endif

const LV_ATTRIBUTE_MEM_ALIGN LV_ATTRIBUTE_LARGE_CONST LV_ATTRIBUTE_IMG_ICON_CAT_SHY uint8_t icon_cat_shy_map[] = {
    0xff, 0xff, 0xff, 0xff, 0xff, 0xff, 0xff, 0xff, 0xff, 0xff, 0xff, 0xff, 0xff, 0xff, 0xff, 0xff, 0xff, 0xff, 0xff, 0xff, 0xff, 0xff, 0xff, 0xff, 0xff, 0xff, 0xff, 0xff, 0xff, 0xff, 0xff, 0xff, 0xff, 0xff, 0xff, 0xff, 0xff, 0xff, 0xff, 0xff,
    0xff, 0xff, 0xff, 0xff, 0xff, 0xff, 0xff, 0xff, 0xff, 0xff, 0xff, 0xff, 0xff, 0xff, 0xff, 0xff, 0xff, 0xff, 0xff, 0xff, 0xff, 0xff, 0xff, 0xff, 0xff, 0xff, 0xff, 0xff, 0xff, 0xff, 0xff, 0xff, 0xff, 0xff, 0xff, 0xff, 0xff, 0xff, 0xff, 0xff,
    0xff, 0xff, 0xff, 0xff, 0xff, 0xff, 0xff, 0xff, 0xff, 0xff, 0xff, 0xff, 0xff, 0xff, 0xff, 0xff, 0xff, 0xff, 0xff, 0xff, 0xff, 0xff, 0xff, 0xff, 0xff, 0xff, 0xff, 0xff, 0xff, 0xff, 0xff, 0xff, 0xff, 0xff, 0xff, 0xff, 0xff, 0xff, 0xff, 0xff,
    0xff, 0xff, 0xff, 0xff, 0xff, 0xff, 0xff, 0xff, 0xff, 0xff, 0xff, 0xff, 0xff, 0xff, 0xff, 0xff, 0xff, 0xff, 0xff, 0xff, 0xff, 0xff, 0xfe, 0xff, 0xff, 0xff, 0xff, 0xff, 0xff, 0xff, 0xff, 0xff, 0xff, 0xff, 0xff, 0xff, 0xff, 0xff, 0xff, 0xff,
    0xff, 0xff, 0xff, 0xff, 0xff, 0xff, 0xff, 0xff, 0xff, 0xff, 0xff, 0xff, 0xff, 0xff, 0xff, 0xff, 0xff, 0xff, 0xff, 0xff, 0xff, 0xff, 0xff, 0xff, 0xff, 0xff, 0xff, 0xff, 0xff, 0xff, 0xff, 0xff, 0xff, 0xff, 0xff, 0xff, 0xff, 0xff, 0xff, 0xff,
    0xff, 0xff, 0xff, 0xff, 0xff, 0xff, 0xff, 0xff, 0xff, 0xff, 0xff, 0xff, 0xff, 0xff, 0xff, 0xff, 0xff, 0xff, 0xff, 0xff, 0xff, 0xff, 0xff, 0xff, 0xff, 0xff, 0xff, 0xff, 0xff, 0xff, 0xff, 0xff, 0xff, 0xff, 0xff, 0xff, 0xff, 0xff, 0xdf, 0xff,
    0xff, 0xff, 0xff, 0xff, 0xff, 0xff, 0xff, 0xff, 0xff, 0xff, 0xff, 0xff, 0xff, 0xff, 0xff, 0xff, 0xff, 0xff, 0xff, 0xff, 0xff, 0xff, 0xff, 0xff, 0xff, 0xff, 0xff, 0xff, 0xff, 0xff, 0xff, 0xff, 0xff, 0xff, 0xff, 0xff, 0xff, 0xff, 0xff, 0xff,
    0xff, 0xff, 0xff, 0xff, 0xff, 0xff, 0xff, 0xff, 0xff, 0xff, 0xff, 0xff, 0xff, 0xff, 0xff, 0xff, 0xff, 0xff, 0xff, 0xff, 0xff, 0xff, 0xff, 0xff, 0xff, 0xff, 0xff, 0xff, 0xff, 0xff, 0xff, 0xff, 0xff, 0xff, 0xff, 0xff, 0xff, 0xff, 0xff, 0xff,
    0xff, 0xff, 0xff, 0xff, 0xff, 0xff, 0xff, 0xff, 0xff, 0xff, 0xff, 0xff, 0xff, 0xff, 0xff, 0xff, 0xff, 0xff, 0xff, 0xff, 0xff, 0xff, 0xff, 0xff, 0xff, 0xff, 0xff, 0xff, 0xff, 0xff, 0xff, 0xff, 0xff, 0xff, 0xff, 0xff, 0xff, 0xff, 0xff, 0xff,
    0xff, 0xff, 0xff, 0xff, 0xff, 0xff, 0xff, 0xff, 0xff, 0xff, 0xff, 0xff, 0xff, 0xff, 0xff, 0xff, 0xff, 0xff, 0xff, 0xff, 0xff, 0xff, 0xff, 0xff, 0xff, 0xff, 0xff, 0xff, 0xff, 0xff, 0xff, 0xff, 0xff, 0xff, 0xff, 0xff, 0xff, 0xff, 0xff, 0xff,
    0xff, 0xff, 0xff, 0xff, 0xff, 0xff, 0xff, 0xff, 0xff, 0xff, 0xff, 0xff, 0xff, 0xff, 0xff, 0xff, 0xff, 0xff, 0xff, 0xff, 0xff, 0xff, 0xff, 0xff, 0xff, 0xff, 0xff, 0xff, 0xff, 0xff, 0xff, 0xff, 0xff, 0xff, 0xff, 0xff, 0xff, 0xff, 0xff, 0xff,
    0xff, 0xff, 0xff, 0xff, 0xff, 0xff, 0xff, 0xff, 0xff, 0xff, 0xff, 0xff, 0xff, 0xff, 0xff, 0xff, 0xff, 0xff, 0xff, 0xff, 0xff, 0xff, 0xff, 0xff, 0xff, 0xff, 0xff, 0xff, 0xff, 0xff, 0xff, 0xff, 0xff, 0xff, 0xff, 0xff, 0xfe, 0xff, 0xde, 0xff,
    0xff, 0xff, 0xff, 0xff, 0xff, 0xff, 0xff, 0xff, 0xff, 0xff, 0xff, 0xff, 0xff, 0xff, 0xff, 0xff, 0xff, 0xff, 0xff, 0xff, 0xff, 0xff, 0xff, 0xff, 0xff, 0xff, 0xff, 0xff, 0xff, 0xff, 0xff, 0xff, 0xff, 0xff, 0xff, 0xff, 0xff, 0xff, 0xff, 0xff,
    0xff, 0xff, 0xff, 0xff, 0xff, 0xff, 0xff, 0xff, 0xff, 0xff, 0xff, 0xff, 0xff, 0xff, 0xff, 0xff, 0xff, 0xff, 0xff, 0xff, 0xff, 0xff, 0xff, 0xff, 0xff, 0xff, 0xff, 0xff, 0xff, 0xff, 0xff, 0xff, 0xff, 0xff, 0xff, 0xff, 0xff, 0xff, 0xff, 0xff,
    0xff, 0xff, 0xff, 0xff, 0xff, 0xff, 0xff, 0xff, 0xff, 0xff, 0xff, 0xff, 0xff, 0xff, 0xff, 0xff, 0xff, 0xff, 0xff, 0xff, 0xff, 0xff, 0xff, 0xff, 0xff, 0xff, 0xff, 0xff, 0xff, 0xff, 0xff, 0xff, 0xff, 0xff, 0xff, 0xff, 0xff, 0xff, 0xff, 0xff,
    0xff, 0xff, 0xff, 0xff, 0xff, 0xff, 0xff, 0xff, 0xff, 0xff, 0xff, 0xff, 0xff, 0xff, 0xff, 0xff, 0xff, 0xff, 0xff, 0xff, 0xff, 0xff, 0xff, 0xff, 0xff, 0xff, 0xff, 0xff, 0xff, 0xff, 0xff, 0xff, 0xff, 0xff, 0xff, 0xff, 0xff, 0xff, 0xff, 0xff,
    0xff, 0xff, 0xff, 0xff, 0xff, 0xff, 0xff, 0xff, 0xff, 0xff, 0xff, 0xff, 0xff, 0xff, 0xff, 0xff, 0xff, 0xff, 0xff, 0xff, 0xff, 0xff, 0xff, 0xff, 0xff, 0xff, 0xff, 0xff, 0xff, 0xff, 0xff, 0xff, 0xff, 0xff, 0xff, 0xff, 0xff, 0xff, 0xff, 0xff,
    0xff, 0xff, 0xff, 0xff, 0xff, 0xff, 0xff, 0xff, 0xff, 0xff, 0xff, 0xff, 0xff, 0xff, 0xff, 0xff, 0xff, 0xff, 0xff, 0xff, 0xff, 0xff, 0xff, 0xff, 0xff, 0xff, 0xff, 0xff, 0xff, 0xff, 0xff, 0xff, 0xff, 0xff, 0xff, 0xff, 0xff, 0xff, 0xde, 0xff,
    0xff, 0xff, 0xff, 0xff, 0xff, 0xff, 0xff, 0xff, 0xff, 0xff, 0xff, 0xff, 0xff, 0xff, 0xfe, 0xff, 0xff, 0xff, 0xff, 0xff, 0xff, 0xff, 0xff, 0xff, 0xff, 0xff, 0xff, 0xff, 0xff, 0xff, 0xff, 0xff, 0xff, 0xff, 0xff, 0xff, 0xff, 0xff, 0xff, 0xff,
    0xff, 0xff, 0xff, 0xff, 0xff, 0xff, 0xff, 0xff, 0xff, 0xff, 0xff, 0xff, 0xff, 0xff, 0xfe, 0xff, 0xff, 0xff, 0xff, 0xff, 0xff, 0xff, 0xff, 0xff, 0xff, 0xff, 0xff, 0xff, 0xff, 0xff, 0xff, 0xff, 0xff, 0xff, 0xff, 0xff, 0xff, 0xff, 0xff, 0xff,
    0xff, 0xff, 0xff, 0xff, 0xff, 0xff, 0xff, 0xff, 0xff, 0xff, 0xff, 0xff, 0xff, 0xff, 0xff, 0xff, 0xff, 0xff, 0xff, 0xff, 0xff, 0xff, 0xff, 0xff, 0xff, 0xff, 0xff, 0xff, 0xff, 0xff, 0xff, 0xff, 0xff, 0xff, 0xff, 0xff, 0xff, 0xff, 0xff, 0xff,
    0xff, 0xff, 0xff, 0xff, 0xff, 0xff, 0xff, 0xff, 0xff, 0xff, 0xff, 0xff, 0xff, 0xff, 0xff, 0xff, 0xff, 0xff, 0xff, 0xff, 0xff, 0xff, 0xff, 0xff, 0xff, 0xff, 0xff, 0xff, 0xff, 0xff, 0xff, 0xff, 0xff, 0xff, 0xff, 0xff, 0xfe, 0xff, 0xff, 0xff,
    0xff, 0xff, 0xff, 0xff, 0xff, 0xff, 0xff, 0xff, 0xff, 0xff, 0xff, 0xff, 0xff, 0xff, 0xff, 0xff, 0xff, 0xff, 0xff, 0xff, 0xff, 0xff, 0xff, 0xff, 0xff, 0xff, 0xff, 0xff, 0xff, 0xff, 0xff, 0xff, 0xff, 0xff, 0xff, 0xff, 0xfe, 0xff, 0xfe, 0xff,
    0xff, 0xff, 0xff, 0xff, 0xff, 0xff, 0xff, 0xff, 0xff, 0xff, 0xff, 0xff, 0xff, 0xff, 0xff, 0xff, 0xff, 0xff, 0xff, 0xff, 0xff, 0xff, 0xff, 0xff, 0xff, 0xff, 0xff, 0xff, 0xff, 0xff, 0xff, 0xff, 0xff, 0xff, 0xff, 0xff, 0xff, 0xff, 0xdf, 0xff,
    0xff, 0xff, 0xff, 0xff, 0xff, 0xff, 0xff, 0xff, 0xff, 0xff, 0xff, 0xff, 0xff, 0xff, 0xff, 0xff, 0xff, 0xff, 0xff, 0xff, 0xff, 0xff, 0xff, 0xff, 0xff, 0xff, 0xff, 0xff, 0xff, 0xff, 0xff, 0xff, 0xff, 0xff, 0xff, 0xff, 0xff, 0xff, 0xff, 0xff,
    0xff, 0xff, 0xff, 0xff, 0xff, 0xff, 0xff, 0xff, 0xff, 0xff, 0xff, 0xff, 0xff, 0xff, 0xff, 0xff, 0xff, 0xff, 0xff, 0xff, 0xff, 0xff, 0xff, 0xff, 0xff, 0xff, 0xff, 0xff, 0xff, 0xff, 0xff, 0xff, 0xff, 0xff, 0xff, 0xff, 0xff, 0xff, 0xff, 0xff,
    0xff, 0xff, 0xff, 0xff, 0xff, 0xff, 0xff, 0xff, 0xff, 0xff, 0xff, 0xff, 0xff, 0xff, 0xff, 0xff, 0xff, 0xff, 0xff, 0xff, 0xff, 0xff, 0xff, 0xff, 0xff, 0xff, 0xff, 0xff, 0xff, 0xff, 0xff, 0xff, 0xff, 0xff, 0xff, 0xff, 0xff, 0xff, 0xfe, 0xff,
    0xfe, 0xff, 0xff, 0xff, 0xff, 0xff, 0xff, 0xff, 0xff, 0xff, 0xff, 0xff, 0xff, 0xff, 0xff, 0xff, 0xff, 0xff, 0xff, 0xff, 0xff, 0xff, 0xff, 0xff, 0xff, 0xff, 0xff, 0xff, 0xff, 0xff, 0xff, 0xff, 0xff, 0xff, 0xff, 0xff, 0xff, 0xff, 0xff, 0xff,
    0xff, 0xff, 0xff, 0xff, 0xff, 0xff, 0xff, 0xff, 0xff, 0xff, 0xff, 0xff, 0xff, 0xff, 0xff, 0xff, 0xff, 0xff, 0xff, 0xff, 0xff, 0xff, 0xff, 0xff, 0xff, 0xff, 0xff, 0xff, 0xff, 0xff, 0xff, 0xff, 0xff, 0xff, 0xff, 0xff, 0xfe, 0xff, 0xfe, 0xff,
    0xfe, 0xff, 0xff, 0xff, 0xff, 0xff, 0xff, 0xff, 0xff, 0xff, 0xff, 0xff, 0xff, 0xff, 0xff, 0xff, 0xff, 0xff, 0xff, 0xff, 0xfe, 0xff, 0xfe, 0xff, 0xff, 0xff, 0xff, 0xff, 0xfe, 0xff, 0xff, 0xff, 0xff, 0xff, 0xff, 0xff, 0xff, 0xff, 0xde, 0xff,
    0xff, 0xff, 0xff, 0xff, 0xff, 0xff, 0xff, 0xff, 0xff, 0xff, 0xff, 0xff, 0xff, 0xff, 0xff, 0xff, 0xff, 0xff, 0xff, 0xff, 0xff, 0xff, 0xff, 0xff, 0xff, 0xff, 0xff, 0xff, 0xff, 0xff, 0xff, 0xff, 0xff, 0xff, 0xff, 0xff, 0xff, 0xff, 0xff, 0xff,
    0xff, 0xff, 0xff, 0xff, 0xff, 0xff, 0xff, 0xff, 0xff, 0xff, 0xff, 0xff, 0xff, 0xff, 0xff, 0xff, 0xff, 0xff, 0xff, 0xff, 0xff, 0xff, 0xff, 0xff, 0xff, 0xff, 0xff, 0xff, 0xff, 0xff, 0xff, 0xff, 0xff, 0xff, 0xff, 0xff, 0xff, 0xff, 0xff, 0xff,
    0xff, 0xff, 0xff, 0xff, 0xff, 0xff, 0xff, 0xff, 0xff, 0xff, 0xff, 0xff, 0xff, 0xff, 0xff, 0xff, 0xff, 0xff, 0xff, 0xff, 0xff, 0xff, 0xff, 0xff, 0xff, 0xff, 0xff, 0xff, 0xfe, 0xff, 0xfe, 0xff, 0xff, 0xff, 0xff, 0xff, 0xff, 0xff, 0xff, 0xff,
    0xfe, 0xff, 0xfe, 0xff, 0xff, 0xff, 0xff, 0xff, 0xff, 0xff, 0xff, 0xff, 0xff, 0xff, 0xff, 0xff, 0xff, 0xff, 0xff, 0xff, 0xff, 0xff, 0xff, 0xff, 0xfe, 0xff, 0xff, 0xff, 0xff, 0xff, 0xff, 0xff, 0xff, 0xff, 0xff, 0xff, 0xff, 0xff, 0xff, 0xff,
    0xff, 0xff, 0xff, 0xff, 0xff, 0xff, 0xff, 0xff, 0xff, 0xff, 0xff, 0xff, 0xfe, 0xff, 0xfe, 0xff, 0xfe, 0xff, 0xff, 0xff, 0xff, 0xff, 0xff, 0xff, 0xff, 0xff, 0xff, 0xff, 0xff, 0xff, 0xff, 0xff, 0xff, 0xff, 0xff, 0xff, 0xff, 0xff, 0xff, 0xff,
    0xfe, 0xff, 0xff, 0xff, 0xff, 0xff, 0xff, 0xff, 0xff, 0xff, 0xff, 0xff, 0xff, 0xff, 0xff, 0xff, 0xff, 0xff, 0xff, 0xff, 0xff, 0xff, 0xfe, 0xff, 0xff, 0xff, 0xff, 0xff, 0xff, 0xff, 0xff, 0xff, 0xff, 0xff, 0xff, 0xff, 0xff, 0xff, 0xde, 0xff,
    0xff, 0xff, 0xff, 0xff, 0xff, 0xff, 0xff, 0xff, 0xff, 0xff, 0xff, 0xff, 0xff, 0xff, 0xff, 0xff, 0xff, 0xff, 0xff, 0xff, 0xff, 0xff, 0xff, 0xff, 0xff, 0xff, 0xff, 0xff, 0xff, 0xff, 0xff, 0xff, 0xff, 0xff, 0xff, 0xff, 0xff, 0xff, 0xff, 0xff,
    0xff, 0xff, 0xff, 0xff, 0xff, 0xff, 0xff, 0xff, 0xff, 0xff, 0xff, 0xff, 0xff, 0xff, 0xff, 0xff, 0xff, 0xff, 0xff, 0xff, 0xff, 0xff, 0xff, 0xff, 0xff, 0xff, 0xff, 0xff, 0xff, 0xff, 0xff, 0xff, 0xff, 0xff, 0xff, 0xff, 0xff, 0xff, 0xff, 0xff,
    0xff, 0xff, 0xff, 0xff, 0xff, 0xff, 0xff, 0xff, 0xff, 0xff, 0xff, 0xff, 0xff, 0xff, 0xff, 0xff, 0xff, 0xff, 0xff, 0xff, 0xff, 0xff, 0xff, 0xff, 0xff, 0xff, 0xff, 0xff, 0xff, 0xff, 0xff, 0xff, 0xff, 0xff, 0xff, 0xff, 0xff, 0xff, 0xff, 0xff,
    0xfe, 0xff, 0xfe, 0xff, 0xff, 0xff, 0xff, 0xff, 0xff, 0xff, 0xff, 0xff, 0xff, 0xff, 0xff, 0xff, 0xff, 0xff, 0xff, 0xff, 0xff, 0xff, 0xff, 0xff, 0xff, 0xff, 0xfe, 0xff, 0xff, 0xff, 0xff, 0xff, 0xff, 0xff, 0xff, 0xff, 0xff, 0xff, 0xff, 0xff,
    0xff, 0xff, 0xff, 0xff, 0xff, 0xff, 0xff, 0xff, 0xff, 0xff, 0xff, 0xff, 0xff, 0xff, 0xff, 0xff, 0xff, 0xff, 0xff, 0xff, 0xff, 0xff, 0xff, 0xff, 0xff, 0xff, 0xff, 0xff, 0xff, 0xff, 0xff, 0xff, 0xff, 0xff, 0xff, 0xff, 0xff, 0xff, 0xff, 0xff,
    0xff, 0xff, 0xff, 0xff, 0xff, 0xff, 0xff, 0xff, 0xff, 0xff, 0xff, 0xff, 0xff, 0xff, 0xff, 0xff, 0xff, 0xff, 0xff, 0xff, 0xff, 0xff, 0xff, 0xff, 0xff, 0xff, 0xff, 0xff, 0xff, 0xff, 0xff, 0xff, 0xff, 0xff, 0xff, 0xff, 0xff, 0xff, 0xde, 0xff,
    0xff, 0xff, 0xff, 0xff, 0xff, 0xff, 0xff, 0xff, 0xff, 0xff, 0xff, 0xff, 0xff, 0xff, 0xff, 0xff, 0xff, 0xff, 0xff, 0xff, 0xff, 0xff, 0xff, 0xff, 0xff, 0xff, 0xff, 0xff, 0xff, 0xff, 0xff, 0xff, 0xff, 0xff, 0xff, 0xff, 0xff, 0xff, 0xff, 0xff,
    0xff, 0xff, 0xff, 0xff, 0xff, 0xff, 0xff, 0xff, 0xff, 0xff, 0xff, 0xff, 0xff, 0xff, 0xff, 0xff, 0xff, 0xff, 0xff, 0xff, 0xff, 0xff, 0xff, 0xff, 0xff, 0xff, 0xff, 0xff, 0xff, 0xff, 0xff, 0xff, 0xff, 0xff, 0xff, 0xff, 0xff, 0xff, 0xff, 0xff,
    0xff, 0xff, 0xff, 0xff, 0xff, 0xff, 0xff, 0xff, 0xff, 0xff, 0xff, 0xff, 0xff, 0xff, 0xff, 0xff, 0xff, 0xff, 0xff, 0xff, 0xff, 0xff, 0xff, 0xff, 0xff, 0xff, 0xff, 0xff, 0xff, 0xff, 0xff, 0xff, 0xff, 0xff, 0xff, 0xff, 0xff, 0xff, 0xff, 0xff,
    0xff, 0xff, 0xff, 0xff, 0xff, 0xff, 0xff, 0xff, 0xff, 0xff, 0xff, 0xff, 0xff, 0xff, 0xff, 0xff, 0xff, 0xff, 0xff, 0xff, 0xff, 0xff, 0xff, 0xff, 0xff, 0xff, 0xff, 0xff, 0xff, 0xff, 0xff, 0xff, 0xff, 0xff, 0xff, 0xff, 0xff, 0xff, 0xff, 0xff,
    0xff, 0xff, 0xff, 0xff, 0xff, 0xff, 0xff, 0xff, 0xff, 0xff, 0xff, 0xff, 0xff, 0xff, 0xff, 0xff, 0xff, 0xff, 0xff, 0xff, 0xff, 0xff, 0xff, 0xff, 0xff, 0xff, 0xff, 0xff, 0xff, 0xff, 0xff, 0xff, 0xff, 0xff, 0xff, 0xff, 0xff, 0xff, 0xff, 0xff,
    0xff, 0xff, 0xff, 0xff, 0xff, 0xff, 0xff, 0xff, 0xff, 0xff, 0xff, 0xff, 0xff, 0xff, 0xff, 0xff, 0xff, 0xff, 0xff, 0xff, 0xff, 0xff, 0xff, 0xff, 0xff, 0xff, 0xff, 0xff, 0xff, 0xff, 0xff, 0xff, 0xff, 0xff, 0xff, 0xff, 0xff, 0xff, 0xde, 0xff,
    0xff, 0xff, 0xff, 0xff, 0xff, 0xff, 0xff, 0xff, 0xff, 0xff, 0xfe, 0xff, 0xff, 0xff, 0xff, 0xff, 0xff, 0xff, 0xff, 0xff, 0xff, 0xff, 0xff, 0xff, 0xff, 0xff, 0xff, 0xff, 0xff, 0xff, 0xff, 0xff, 0xff, 0xff, 0xff, 0xff, 0xff, 0xff, 0xff, 0xff,
    0xff, 0xff, 0xff, 0xff, 0xff, 0xff, 0xff, 0xff, 0xff, 0xff, 0xff, 0xff, 0xff, 0xff, 0xff, 0xff, 0xff, 0xff, 0xff, 0xff, 0xff, 0xff, 0xff, 0xff, 0xff, 0xff, 0xff, 0xff, 0xff, 0xff, 0xff, 0xff, 0xff, 0xff, 0xff, 0xff, 0xff, 0xff, 0xff, 0xff,
    0xff, 0xff, 0xff, 0xff, 0xff, 0xff, 0xff, 0xff, 0xff, 0xff, 0xff, 0xff, 0xff, 0xff, 0xff, 0xff, 0xff, 0xff, 0xff, 0xff, 0xff, 0xff, 0xff, 0xff, 0xff, 0xff, 0xff, 0xff, 0xff, 0xff, 0xff, 0xff, 0xff, 0xff, 0xff, 0xff, 0xff, 0xff, 0xff, 0xff,
    0xff, 0xff, 0xff, 0xff, 0xff, 0xff, 0xff, 0xff, 0xff, 0xff, 0xff, 0xff, 0xff, 0xff, 0xff, 0xff, 0xff, 0xff, 0xff, 0xff, 0xff, 0xff, 0xff, 0xff, 0xff, 0xff, 0xfe, 0xff, 0xff, 0xff, 0xff, 0xff, 0xff, 0xff, 0xff, 0xff, 0xff, 0xff, 0xff, 0xff,
    0xff, 0xff, 0xff, 0xff, 0xff, 0xff, 0xff, 0xff, 0xff, 0xff, 0xff, 0xff, 0xff, 0xff, 0xff, 0xff, 0xfe, 0xff, 0xff, 0xff, 0xff, 0xff, 0xff, 0xff, 0xff, 0xff, 0xff, 0xff, 0xff, 0xff, 0xff, 0xff, 0xff, 0xff, 0xfe, 0xff, 0xfe, 0xff, 0xff, 0xff,
    0xfe, 0xff, 0xff, 0xff, 0xff, 0xff, 0xff, 0xff, 0xff, 0xff, 0xff, 0xff, 0xff, 0xff, 0xff, 0xff, 0xff, 0xff, 0xff, 0xff, 0xff, 0xff, 0xff, 0xff, 0xff, 0xff, 0xff, 0xff, 0xff, 0xff, 0xff, 0xff, 0xff, 0xff, 0xff, 0xff, 0xff, 0xff, 0xde, 0xff,
    0xff, 0xff, 0xff, 0xff, 0xff, 0xff, 0xfe, 0xff, 0xff, 0xff, 0xff, 0xff, 0xff, 0xff, 0xff, 0xff, 0xff, 0xff, 0xfe, 0xff, 0xff, 0xff, 0xff, 0xff, 0xff, 0xff, 0xff, 0xff, 0xff, 0xff, 0xff, 0xff, 0xff, 0xff, 0xff, 0xff, 0xff, 0xff, 0xff, 0xff,
    0xff, 0xff, 0xff, 0xff, 0xff, 0xff, 0xff, 0xff, 0xff, 0xff, 0xff, 0xff, 0xff, 0xff, 0xff, 0xff, 0xff, 0xff, 0xff, 0xff, 0xff, 0xff, 0xff, 0xff, 0xff, 0xff, 0xff, 0xff, 0xff, 0xff, 0xff, 0xff, 0xff, 0xff, 0xff, 0xff, 0xff, 0xff, 0xff, 0xff,
    0xff, 0xff, 0xff, 0xff, 0xff, 0xff, 0xff, 0xff, 0xff, 0xff, 0xff, 0xff, 0xff, 0xff, 0xff, 0xff, 0xff, 0xff, 0xff, 0xff, 0xff, 0xff, 0xfe, 0xff, 0xfe, 0xff, 0xfe, 0xff, 0xff, 0xff, 0xff, 0xff, 0xff, 0xff, 0xff, 0xff, 0xff, 0xff, 0xff, 0xff,
    0xff, 0xff, 0xff, 0xff, 0xff, 0xff, 0xff, 0xff, 0xff, 0xff, 0xff, 0xff, 0xff, 0xff, 0xff, 0xff, 0xff, 0xff, 0xff, 0xff, 0xff, 0xff, 0xff, 0xff, 0xff, 0xff, 0xff, 0xff, 0xff, 0xff, 0xff, 0xff, 0xff, 0xff, 0xff, 0xff, 0xff, 0xff, 0xff, 0xff,
    0xff, 0xff, 0xff, 0xff, 0xff, 0xff, 0xff, 0xff, 0xff, 0xff, 0xff, 0xff, 0xff, 0xff, 0xff, 0xff, 0xff, 0xff, 0xff, 0xff, 0xff, 0xff, 0xff, 0xff, 0xff, 0xff, 0xff, 0xff, 0xff, 0xff, 0xff, 0xff, 0xff, 0xff, 0xfe, 0xff, 0xfe, 0xff, 0xff, 0xff,
    0xff, 0xff, 0xff, 0xff, 0xff, 0xff, 0xff, 0xff, 0xff, 0xff, 0xff, 0xff, 0xff, 0xff, 0xff, 0xff, 0xfe, 0xff, 0xfe, 0xff, 0xff, 0xff, 0xff, 0xff, 0xff, 0xff, 0xff, 0xff, 0xff, 0xff, 0xff, 0xff, 0xff, 0xff, 0xff, 0xff, 0xff, 0xff, 0xde, 0xff,
    0xff, 0xff, 0xff, 0xff, 0xff, 0xff, 0xff, 0xff, 0xff, 0xff, 0xff, 0xff, 0xff, 0xff, 0xff, 0xff, 0xfe, 0xff, 0xfe, 0xff, 0xff, 0xff, 0xff, 0xff, 0xff, 0xff, 0xff, 0xff, 0xff, 0xff, 0xff, 0xff, 0xff, 0xff, 0xff, 0xff, 0xff, 0xff, 0xff, 0xff,
    0xff, 0xff, 0xff, 0xff, 0xff, 0xff, 0xff, 0xff, 0xff, 0xff, 0xff, 0xff, 0xff, 0xff, 0xff, 0xff, 0xff, 0xff, 0xff, 0xff, 0xff, 0xff, 0xff, 0xff, 0xff, 0xff, 0xff, 0xff, 0xff, 0xff, 0xff, 0xff, 0xff, 0xff, 0xff, 0xff, 0xff, 0xff, 0xff, 0xff,
    0xff, 0xff, 0xff, 0xff, 0xff, 0xff, 0xff, 0xff, 0xff, 0xff, 0xff, 0xff, 0xff, 0xff, 0xff, 0xff, 0xff, 0xff, 0xff, 0xff, 0xff, 0xff, 0xff, 0xff, 0xff, 0xff, 0xff, 0xff, 0xff, 0xff, 0xff, 0xff, 0xff, 0xff, 0xff, 0xff, 0xff, 0xff, 0xff, 0xff,
    0xff, 0xff, 0xff, 0xff, 0xff, 0xff, 0xff, 0xff, 0xff, 0xff, 0xff, 0xff, 0xff, 0xff, 0xff, 0xff, 0xff, 0xff, 0xff, 0xff, 0xff, 0xff, 0xfe, 0xff, 0xff, 0xff, 0xff, 0xff, 0xff, 0xff, 0xff, 0xff, 0xff, 0xff, 0xff, 0xff, 0xff, 0xff, 0xff, 0xff,
    0xff, 0xff, 0xff, 0xff, 0xff, 0xff, 0xff, 0xff, 0xff, 0xff, 0xff, 0xff, 0xff, 0xff, 0xff, 0xff, 0xff, 0xff, 0xff, 0xff, 0xff, 0xff, 0xff, 0xff, 0xff, 0xff, 0xff, 0xff, 0xff, 0xff, 0xff, 0xff, 0xff, 0xff, 0xff, 0xff, 0xff, 0xff, 0xff, 0xff,
    0xfe, 0xff, 0xff, 0xff, 0xff, 0xff, 0xff, 0xff, 0xff, 0xff, 0xff, 0xff, 0xff, 0xff, 0xff, 0xff, 0xff, 0xff, 0xfe, 0xff, 0xff, 0xff, 0xff, 0xff, 0xff, 0xff, 0xff, 0xff, 0xff, 0xff, 0xff, 0xff, 0xff, 0xff, 0xff, 0xff, 0xfe, 0xff, 0xde, 0xff,
    0xff, 0xff, 0xff, 0xff, 0xff, 0xff, 0xff, 0xff, 0xff, 0xff, 0xff, 0xff, 0xff, 0xff, 0xff, 0xff, 0xff, 0xff, 0xff, 0xff, 0xff, 0xff, 0xff, 0xff, 0xff, 0xff, 0xff, 0xff, 0xff, 0xff, 0xff, 0xff, 0xff, 0xff, 0xff, 0xff, 0xff, 0xff, 0xff, 0xff,
    0xff, 0xff, 0xff, 0xff, 0xff, 0xff, 0xff, 0xff, 0xff, 0xff, 0xff, 0xff, 0xff, 0xff, 0xff, 0xff, 0xff, 0xff, 0xff, 0xff, 0xff, 0xff, 0xff, 0xff, 0xfe, 0xff, 0xff, 0xff, 0xff, 0xff, 0xff, 0xff, 0xff, 0xff, 0xff, 0xff, 0xff, 0xff, 0xff, 0xff,
    0xff, 0xff, 0xff, 0xff, 0xff, 0xff, 0xff, 0xff, 0xff, 0xff, 0xff, 0xff, 0xff, 0xff, 0xff, 0xff, 0xff, 0xff, 0xff, 0xff, 0xff, 0xff, 0xff, 0xff, 0xff, 0xff, 0xfe, 0xff, 0xff, 0xff, 0xff, 0xff, 0xff, 0xff, 0xff, 0xff, 0xff, 0xff, 0xff, 0xff,
    0xff, 0xff, 0xff, 0xff, 0xff, 0xff, 0xff, 0xff, 0xff, 0xff, 0xff, 0xff, 0xff, 0xff, 0xff, 0xff, 0xff, 0xff, 0xfe, 0xff, 0xff, 0xff, 0xff, 0xff, 0xff, 0xff, 0xff, 0xff, 0xff, 0xff, 0xff, 0xff, 0xff, 0xff, 0xff, 0xff, 0xff, 0xff, 0xfe, 0xff,
    0xff, 0xff, 0xff, 0xff, 0xff, 0xff, 0xff, 0xff, 0xff, 0xff, 0xff, 0xff, 0xff, 0xff, 0xff, 0xff, 0xfe, 0xff, 0xff, 0xff, 0xff, 0xff, 0xff, 0xff, 0xff, 0xff, 0xff, 0xff, 0xff, 0xff, 0xff, 0xff, 0xff, 0xff, 0xff, 0xff, 0xff, 0xff, 0xff, 0xff,
    0xff, 0xff, 0xff, 0xff, 0xff, 0xff, 0xfe, 0xff, 0xff, 0xff, 0xff, 0xff, 0xff, 0xff, 0xff, 0xff, 0xff, 0xff, 0xff, 0xff, 0xff, 0xff, 0xff, 0xff, 0xff, 0xff, 0xff, 0xff, 0xff, 0xff, 0xff, 0xff, 0xff, 0xff, 0xff, 0xff, 0xff, 0xff, 0xde, 0xff,
    0xff, 0xff, 0xff, 0xff, 0xff, 0xff, 0xff, 0xff, 0xff, 0xff, 0xff, 0xff, 0xff, 0xff, 0xff, 0xff, 0xff, 0xff, 0xff, 0xff, 0xff, 0xff, 0xff, 0xff, 0xff, 0xff, 0xff, 0xff, 0xff, 0xff, 0xff, 0xff, 0xff, 0xff, 0xff, 0xff, 0xff, 0xff, 0xff, 0xff,
    0xff, 0xff, 0xff, 0xff, 0xff, 0xff, 0xff, 0xff, 0xff, 0xff, 0xff, 0xff, 0xff, 0xff, 0xff, 0xff, 0xff, 0xff, 0xff, 0xff, 0xff, 0xff, 0xff, 0xff, 0xfe, 0xff, 0xfe, 0xff, 0xff, 0xff, 0xff, 0xff, 0xff, 0xff, 0xff, 0xff, 0xff, 0xff, 0xff, 0xff,
    0xfe, 0xff, 0xff, 0xff, 0xff, 0xff, 0xff, 0xff, 0xff, 0xff, 0xfe, 0xff, 0xff, 0xff, 0xff, 0xff, 0xff, 0xff, 0xff, 0xff, 0xfe, 0xff, 0xfe, 0xff, 0xff, 0xff, 0xfe, 0xff, 0xff, 0xff, 0xff, 0xff, 0xff, 0xff, 0xff, 0xff, 0xfe, 0xff, 0xfe, 0xff,
    0xff, 0xff, 0xff, 0xff, 0xff, 0xff, 0xff, 0xff, 0xff, 0xff, 0xff, 0xff, 0xff, 0xff, 0xff, 0xff, 0xff, 0xff, 0xff, 0xff, 0xff, 0xff, 0xff, 0xff, 0xff, 0xff, 0xff, 0xff, 0xff, 0xff, 0xff, 0xff, 0xff, 0xff, 0xff, 0xff, 0xff, 0xff, 0xfe, 0xff,
    0xff, 0xff, 0xff, 0xff, 0xff, 0xff, 0xff, 0xff, 0xff, 0xff, 0xff, 0xff, 0xff, 0xff, 0xff, 0xff, 0xff, 0xff, 0xff, 0xff, 0xff, 0xff, 0xff, 0xff, 0xff, 0xff, 0xff, 0xff, 0xff, 0xff, 0xff, 0xff, 0xff, 0xff, 0xff, 0xff, 0xff, 0xff, 0xff, 0xff,
    0xff, 0xff, 0xff, 0xff, 0xfe, 0xff, 0xfe, 0xff, 0xfe, 0xff, 0xff, 0xff, 0xff, 0xff, 0xfe, 0xff, 0xfe, 0xff, 0xff, 0xff, 0xff, 0xff, 0xff, 0xff, 0xff, 0xff, 0xff, 0xff, 0xff, 0xff, 0xff, 0xff, 0xff, 0xff, 0xff, 0xff, 0xff, 0xff, 0xde, 0xff,
    0xff, 0xff, 0xff, 0xff, 0xff, 0xff, 0xff, 0xff, 0xff, 0xff, 0xff, 0xff, 0xfe, 0xff, 0xff, 0xff, 0xff, 0xff, 0xff, 0xff, 0xff, 0xff, 0xff, 0xff, 0xff, 0xff, 0xff, 0xff, 0xff, 0xff, 0xff, 0xff, 0xff, 0xff, 0xff, 0xff, 0xff, 0xff, 0xff, 0xff,
    0xff, 0xff, 0xff, 0xff, 0xff, 0xff, 0xff, 0xff, 0xff, 0xff, 0xff, 0xff, 0xff, 0xff, 0xff, 0xff, 0xfe, 0xff, 0xfe, 0xff, 0xff, 0xff, 0xff, 0xff, 0xfe, 0xff, 0xfe, 0xff, 0xff, 0xff, 0xff, 0xff, 0xff, 0xff, 0xff, 0xff, 0xff, 0xff, 0xff, 0xff,
    0xff, 0xff, 0xfe, 0xff, 0xff, 0xff, 0xff, 0xff, 0xff, 0xff, 0xff, 0xff, 0xff, 0xff, 0xff, 0xff, 0xff, 0xff, 0xff, 0xff, 0xff, 0xff, 0xff, 0xff, 0xff, 0xff, 0xfe, 0xff, 0xff, 0xff, 0xff, 0xff, 0xff, 0xff, 0xff, 0xff, 0xff, 0xff, 0xff, 0xff,
    0xff, 0xff, 0xff, 0xff, 0xff, 0xff, 0xfe, 0xff, 0xfe, 0xff, 0xff, 0xff, 0xff, 0xff, 0xff, 0xff, 0xff, 0xff, 0xff, 0xff, 0xff, 0xff, 0xff, 0xff, 0xff, 0xff, 0xff, 0xff, 0xff, 0xff, 0xff, 0xff, 0xff, 0xff, 0xff, 0xff, 0xff, 0xff, 0xfe, 0xff,
    0xff, 0xff, 0xff, 0xff, 0xff, 0xff, 0xff, 0xff, 0xff, 0xff, 0xff, 0xff, 0xff, 0xff, 0xff, 0xff, 0xde, 0xff, 0xde, 0xff, 0xde, 0xff, 0xde, 0xff, 0xde, 0xff, 0xff, 0xff, 0xff, 0xff, 0xff, 0xff, 0xff, 0xff, 0xff, 0xff, 0xff, 0xff, 0xff, 0xff,
    0xff, 0xff, 0xff, 0xff, 0xff, 0xff, 0xff, 0xff, 0xfe, 0xff, 0xfe, 0xff, 0xff, 0xff, 0xfe, 0xff, 0xfe, 0xff, 0xff, 0xff, 0xff, 0xff, 0xff, 0xff, 0xff, 0xff, 0xff, 0xff, 0xff, 0xff, 0xff, 0xff, 0xff, 0xff, 0xff, 0xff, 0xff, 0xff, 0xde, 0xff,
    0xff, 0xff, 0xff, 0xff, 0xff, 0xff, 0xff, 0xff, 0xff, 0xff, 0xff, 0xff, 0xff, 0xff, 0xfe, 0xff, 0xff, 0xff, 0xff, 0xff, 0xff, 0xff, 0xff, 0xff, 0xff, 0xff, 0xff, 0xff, 0xff, 0xff, 0xff, 0xff, 0xff, 0xff, 0xff, 0xff, 0xff, 0xff, 0xff, 0xff,
    0xff, 0xff, 0xff, 0xff, 0xff, 0xff, 0xff, 0xff, 0xff, 0xff, 0xff, 0xff, 0xde, 0xff, 0xff, 0xff, 0xff, 0xff, 0xff, 0xff, 0xff, 0xff, 0xfe, 0xff, 0xde, 0xff, 0xde, 0xff, 0xff, 0xff, 0xff, 0xff, 0xff, 0xff, 0xfe, 0xff, 0xff, 0xff, 0xff, 0xff,
    0xff, 0xff, 0xff, 0xff, 0xff, 0xff, 0xff, 0xff, 0xde, 0xff, 0x4d, 0x6b, 0x1b, 0xe7, 0xff, 0xff, 0xde, 0xff, 0xff, 0xff, 0xff, 0xff, 0xff, 0xff, 0xfe, 0xff, 0xff, 0xff, 0xff, 0xff, 0xff, 0xff, 0xff, 0xff, 0xff, 0xff, 0xfe, 0xff, 0xfe, 0xff,
    0xff, 0xff, 0xff, 0xff, 0xff, 0xff, 0xff, 0xff, 0xff, 0xff, 0xff, 0xff, 0xff, 0xff, 0xff, 0xff, 0xff, 0xff, 0xff, 0xff, 0xff, 0xff, 0xde, 0xff, 0xff, 0xff, 0x59, 0xce, 0xcb, 0x5a, 0xff, 0xff, 0xfe, 0xff, 0xff, 0xff, 0xfe, 0xff, 0xfe, 0xff,
    0xff, 0xff, 0xfe, 0xff, 0xfe, 0xff, 0xff, 0xff, 0xff, 0xff, 0xde, 0xff, 0xde, 0xff, 0xff, 0xff, 0xff, 0xff, 0xff, 0xff, 0xff, 0xff, 0xff, 0xff, 0xff, 0xff, 0xff, 0xff, 0xde, 0xff, 0xff, 0xff, 0xff, 0xff, 0xff, 0xff, 0xff, 0xff, 0xff, 0xff,
    0xff, 0xff, 0xff, 0xff, 0xff, 0xff, 0xff, 0xff, 0xfe, 0xff, 0xfe, 0xff, 0xfe, 0xff, 0xfe, 0xff, 0xfe, 0xff, 0xff, 0xff, 0xff, 0xff, 0xff, 0xff, 0xff, 0xff, 0xfe, 0xff, 0xff, 0xff, 0xfe, 0xff, 0xff, 0xff, 0xff, 0xff, 0xff, 0xff, 0xde, 0xff,
    0xff, 0xff, 0xff, 0xff, 0xff, 0xff, 0xff, 0xff, 0xff, 0xff, 0xff, 0xff, 0xff, 0xff, 0xff, 0xff, 0xff, 0xff, 0xff, 0xff, 0xff, 0xff, 0xff, 0xff, 0xff, 0xff, 0xff, 0xff, 0xff, 0xff, 0xfe, 0xff, 0xfe, 0xff, 0xff, 0xff, 0xff, 0xff, 0xff, 0xff,
    0xff, 0xff, 0xff, 0xff, 0xff, 0xff, 0xff, 0xff, 0xfe, 0xff, 0xff, 0xff, 0xff, 0xff, 0xbe, 0xf7, 0xfb, 0xde, 0x1b, 0xe7, 0x9d, 0xf7, 0xff, 0xff, 0xff, 0xff, 0xff, 0xff, 0xde, 0xff, 0xde, 0xff, 0xff, 0xff, 0xff, 0xff, 0xff, 0xff, 0xff, 0xff,
    0xff, 0xff, 0xff, 0xff, 0xff, 0xff, 0xde, 0xff, 0xff, 0xff, 0xaa, 0x52, 0x69, 0x4a, 0xff, 0xff, 0xde, 0xff, 0xff, 0xff, 0xff, 0xff, 0xff, 0xff, 0xfe, 0xff, 0xfe, 0xff, 0xfe, 0xff, 0xfe, 0xff, 0xff, 0xff, 0xfe, 0xff, 0xff, 0xff, 0xfe, 0xff,
    0xff, 0xff, 0xff, 0xff, 0xff, 0xff, 0xff, 0xff, 0xff, 0xff, 0xff, 0xff, 0xff, 0xff, 0xff, 0xff, 0xff, 0xff, 0xff, 0xff, 0xff, 0xff, 0xde, 0xff, 0xff, 0xff, 0xe7, 0x41, 0xae, 0x7b, 0xff, 0xff, 0xde, 0xff, 0xfe, 0xff, 0xff, 0xff, 0xff, 0xff,
    0xff, 0xff, 0xff, 0xff, 0xff, 0xff, 0xfe, 0xff, 0xde, 0xff, 0xff, 0xff, 0xff, 0xff, 0x9d, 0xf7, 0xd6, 0xbd, 0x50, 0x8c, 0xce, 0x7b, 0x8d, 0x73, 0xb2, 0x94, 0x3c, 0xe7, 0xff, 0xff, 0xde, 0xff, 0xff, 0xff, 0xff, 0xff, 0xff, 0xff, 0xff, 0xff,
    0xff, 0xff, 0xff, 0xff, 0xff, 0xff, 0xff, 0xff, 0xff, 0xff, 0xff, 0xff, 0xfe, 0xff, 0xfe, 0xff, 0xfe, 0xff, 0xfe, 0xff, 0xff, 0xff, 0xff, 0xff, 0xff, 0xff, 0xfe, 0xff, 0xfe, 0xff, 0xff, 0xff, 0xfe, 0xff, 0xff, 0xff, 0xff, 0xff, 0xdf, 0xff,
    0xff, 0xff, 0xff, 0xff, 0xff, 0xff, 0xff, 0xff, 0xff, 0xff, 0xff, 0xff, 0xfe, 0xff, 0xff, 0xff, 0xff, 0xff, 0xff, 0xff, 0xfe, 0xff, 0xff, 0xff, 0xff, 0xff, 0xff, 0xff, 0xff, 0xff, 0xfe, 0xff, 0xfe, 0xff, 0xff, 0xff, 0xff, 0xff, 0xfe, 0xff,
    0xff, 0xff, 0xff, 0xff, 0xff, 0xff, 0xde, 0xff, 0xff, 0xff, 0x5c, 0xef, 0x8d, 0x73, 0x03, 0x21, 0x00, 0x00, 0x20, 0x00, 0xe3, 0x18, 0x69, 0x4a, 0xd3, 0x9c, 0x1b, 0xe7, 0xff, 0xff, 0xff, 0xff, 0xfe, 0xff, 0xfe, 0xff, 0xff, 0xff, 0xff, 0xff,
    0xff, 0xff, 0xff, 0xff, 0xff, 0xff, 0xfe, 0xff, 0xff, 0xff, 0x7d, 0xef, 0x81, 0x10, 0x75, 0xad, 0xff, 0xff, 0xde, 0xff, 0xff, 0xff, 0xff, 0xff, 0xff, 0xff, 0xfe, 0xff, 0xff, 0xff, 0xfe, 0xff, 0xff, 0xff, 0xfe, 0xff, 0xfe, 0xff, 0xff, 0xff,
    0xff, 0xff, 0xfe, 0xff, 0xfe, 0xff, 0xfe, 0xff, 0xff, 0xff, 0xff, 0xff, 0xff, 0xff, 0xff, 0xff, 0xff, 0xff, 0xff, 0xff, 0xde, 0xff, 0xff, 0xff, 0x34, 0xa5, 0x65, 0x31, 0xde, 0xff, 0xff, 0xff, 0xff, 0xff, 0xff, 0xff, 0xff, 0xff, 0xff, 0xff,
    0xff, 0xff, 0xfe, 0xff, 0xde, 0xff, 0xff, 0xff, 0xff, 0xff, 0x79, 0xce, 0x4c, 0x6b, 0x03, 0x21, 0x00, 0x00, 0x00, 0x00, 0x00, 0x00, 0x00, 0x00, 0x00, 0x00, 0xc3, 0x18, 0x54, 0xad, 0xff, 0xff, 0xde, 0xff, 0xff, 0xff, 0xff, 0xff, 0xff, 0xff,
    0xff, 0xff, 0xff, 0xff, 0xff, 0xff, 0xff, 0xff, 0xff, 0xff, 0xff, 0xff, 0xff, 0xff, 0xfe, 0xff, 0xfe, 0xff, 0xfe, 0xff, 0xff, 0xff, 0xff, 0xff, 0xff, 0xff, 0xff, 0xff, 0xfe, 0xff, 0xff, 0xff, 0xff, 0xff, 0xff, 0xff, 0xff, 0xff, 0xdf, 0xff,
    0xff, 0xff, 0xff, 0xff, 0xff, 0xff, 0xff, 0xff, 0xff, 0xff, 0xff, 0xff, 0xff, 0xff, 0xff, 0xff, 0xfe, 0xff, 0xfe, 0xff, 0xfe, 0xff, 0xfe, 0xff, 0xfe, 0xff, 0xff, 0xff, 0xff, 0xff, 0xfe, 0xff, 0xff, 0xff, 0xfe, 0xff, 0xfe, 0xff, 0xfe, 0xff,
    0xfe, 0xff, 0xff, 0xff, 0xde, 0xff, 0xff, 0xff, 0x1b, 0xe7, 0x44, 0x29, 0x00, 0x00, 0x20, 0x00, 0x64, 0x29, 0xa4, 0x39, 0xa1, 0x10, 0x00, 0x00, 0x00, 0x00, 0xa2, 0x10, 0xca, 0x5a, 0x38, 0xc6, 0xff, 0xff, 0xff, 0xff, 0xde, 0xff, 0xff, 0xff,
    0xff, 0xff, 0xff, 0xff, 0xff, 0xff, 0xff, 0xff, 0xde, 0xff, 0xff, 0xff, 0xf3, 0x9c, 0xc2, 0x18, 0x9e, 0xf7, 0xff, 0xff, 0xfe, 0xff, 0xff, 0xff, 0xff, 0xff, 0xff, 0xff, 0xff, 0xff, 0xfe, 0xff, 0xff, 0xff, 0xfe, 0xff, 0xde, 0xff, 0xff, 0xff,
    0xff, 0xff, 0xff, 0xff, 0xfe, 0xff, 0xff, 0xff, 0xff, 0xff, 0xff, 0xff, 0xfe, 0xff, 0xff, 0xff, 0xff, 0xff, 0xff, 0xff, 0xff, 0xff, 0xdf, 0xff, 0x48, 0x4a, 0xf6, 0xbd, 0xff, 0xff, 0xde, 0xff, 0xff, 0xff, 0xff, 0xff, 0xff, 0xff, 0xff, 0xff,
    0xde, 0xff, 0xff, 0xff, 0xff, 0xff, 0xdb, 0xde, 0x0c, 0x63, 0x40, 0x08, 0x00, 0x00, 0x00, 0x00, 0x43, 0x29, 0x88, 0x7b, 0x6a, 0x9c, 0x49, 0xa4, 0x66, 0x5a, 0x00, 0x00, 0x00, 0x00, 0x95, 0xb5, 0xff, 0xff, 0xde, 0xff, 0xff, 0xff, 0xff, 0xff,
    0xff, 0xff, 0xff, 0xff, 0xff, 0xff, 0xff, 0xff, 0xff, 0xff, 0xff, 0xff, 0xff, 0xff, 0xfe, 0xff, 0xff, 0xff, 0xff, 0xff, 0xff, 0xff, 0xff, 0xff, 0xff, 0xff, 0xff, 0xff, 0xfe, 0xff, 0xff, 0xff, 0xff, 0xff, 0xff, 0xff, 0xff, 0xff, 0xdf, 0xff,
    0xff, 0xff, 0xff, 0xff, 0xff, 0xff, 0xff, 0xff, 0xff, 0xff, 0xff, 0xff, 0xff, 0xff, 0xff, 0xff, 0xff, 0xff, 0xfe, 0xff, 0xff, 0xff, 0xff, 0xff, 0xfe, 0xff, 0xff, 0xff, 0xff, 0xff, 0xfe, 0xff, 0xff, 0xff, 0xff, 0xff, 0xff, 0xff, 0xff, 0xff,
    0xff, 0xff, 0xfe, 0xff, 0xdf, 0xff, 0xbe, 0xf7, 0xc6, 0x39, 0x00, 0x00, 0xe5, 0x49, 0x6c, 0xd5, 0x2c, 0xfe, 0x2c, 0xfe, 0xcc, 0xe5, 0x8a, 0xac, 0x66, 0x52, 0x20, 0x00, 0x00, 0x00, 0x00, 0x00, 0xaa, 0x52, 0x59, 0xce, 0xff, 0xff, 0xff, 0xff,
    0xde, 0xff, 0xff, 0xff, 0xff, 0xff, 0xff, 0xff, 0xff, 0xff, 0xde, 0xff, 0xff, 0xff, 0x91, 0x94, 0x3c, 0xe7, 0xff, 0xff, 0xfe, 0xff, 0xff, 0xff, 0xff, 0xff, 0xff, 0xff, 0xff, 0xff, 0xff, 0xff, 0xfe, 0xff, 0xff, 0xff, 0xfe, 0xff, 0xff, 0xff,
    0xfe, 0xff, 0xff, 0xff, 0xde, 0xff, 0xde, 0xff, 0xff, 0xff, 0xfe, 0xff, 0xfe, 0xff, 0xfe, 0xff, 0xff, 0xff, 0xff, 0xff, 0xff, 0xff, 0xde, 0xff, 0x5c, 0xef, 0xff, 0xff, 0xff, 0xff, 0xff, 0xff, 0xff, 0xff, 0xff, 0xff, 0xff, 0xff, 0xde, 0xff,
    0xff, 0xff, 0x9d, 0xef, 0xef, 0x7b, 0x81, 0x10, 0x00, 0x00, 0x00, 0x00, 0xc4, 0x41, 0x0c, 0xad, 0xae, 0xf6, 0xac, 0xfe, 0x4b, 0xfe, 0x2a, 0xfe, 0x6d, 0xfe, 0x68, 0x8b, 0x00, 0x00, 0xa2, 0x10, 0x1b, 0xe7, 0xff, 0xff, 0xfe, 0xff, 0xff, 0xff,
    0xff, 0xff, 0xff, 0xff, 0xfe, 0xff, 0xfe, 0xff, 0xff, 0xff, 0xff, 0xff, 0xfe, 0xff, 0xfe, 0xff, 0xfe, 0xff, 0xff, 0xff, 0xff, 0xff, 0xff, 0xff, 0xff, 0xff, 0xff, 0xff, 0xff, 0xff, 0xff, 0xff, 0xff, 0xff, 0xfe, 0xff, 0xdf, 0xff, 0xde, 0xff,
    0xff, 0xff, 0xff, 0xff, 0xff, 0xff, 0xff, 0xff, 0xff, 0xff, 0xff, 0xff, 0xff, 0xff, 0xff, 0xff, 0xff, 0xff, 0xff, 0xff, 0xff, 0xff, 0xfe, 0xff, 0xfe, 0xff, 0xff, 0xff, 0xff, 0xff, 0xff, 0xff, 0xff, 0xff, 0xff, 0xff, 0xff, 0xff, 0xff, 0xff,
    0xff, 0xff, 0xde, 0xff, 0xff, 0xff, 0x71, 0x8c, 0x00, 0x00, 0x43, 0x31, 0xca, 0xf5, 0xc8, 0xfd, 0x68, 0xfd, 0x68, 0xfd, 0x88, 0xfd, 0xe9, 0xfd, 0x0b, 0xfe, 0x4b, 0xcd, 0x48, 0x6b, 0x41, 0x08, 0x00, 0x00, 0x40, 0x08, 0x8d, 0x73, 0x7d, 0xef,
    0xff, 0xff, 0xde, 0xff, 0xff, 0xff, 0xff, 0xff, 0xff, 0xff, 0xff, 0xff, 0xfe, 0xff, 0xff, 0xff, 0xff, 0xff, 0xfe, 0xff, 0xff, 0xff, 0xff, 0xff, 0xff, 0xff, 0xff, 0xff, 0xbe, 0xf7, 0xff, 0xff, 0xff, 0xff, 0xfe, 0xff, 0xff, 0xff, 0xfe, 0xff,
    0xff, 0xff, 0xde, 0xff, 0xff, 0xff, 0xff, 0xff, 0xfe, 0xff, 0xff, 0xff, 0xff, 0xff, 0xff, 0xff, 0xff, 0xff, 0xff, 0xff, 0xff, 0xff, 0xff, 0xff, 0xff, 0xff, 0xde, 0xff, 0xff, 0xff, 0xff, 0xff, 0xff, 0xff, 0xde, 0xff, 0xff, 0xff, 0xff, 0xff,
    0xb6, 0xb5, 0x44, 0x29, 0x00, 0x00, 0x00, 0x00, 0x43, 0x31, 0xec, 0xac, 0x31, 0xff, 0xcd, 0xfe, 0xa9, 0xfd, 0x68, 0xf5, 0x88, 0xf5, 0x89, 0xfd, 0x88, 0xfd, 0x0b, 0xfe, 0x05, 0x52, 0x00, 0x00, 0xad, 0x73, 0xff, 0xff, 0xde, 0xff, 0xff, 0xff,
    0xff, 0xff, 0xff, 0xff, 0xfe, 0xff, 0xff, 0xff, 0xfe, 0xff, 0xff, 0xff, 0xff, 0xff, 0xff, 0xff, 0xfe, 0xff, 0xfe, 0xff, 0xff, 0xff, 0xfe, 0xff, 0xff, 0xff, 0xff, 0xff, 0xff, 0xff, 0xff, 0xff, 0xff, 0xff, 0xff, 0xff, 0xdf, 0xff, 0xde, 0xff,
    0xff, 0xff, 0xff, 0xff, 0xff, 0xff, 0xff, 0xff, 0xff, 0xff, 0xff, 0xff, 0xff, 0xff, 0xff, 0xff, 0xff, 0xff, 0xff, 0xff, 0xff, 0xff, 0xff, 0xff, 0xfe, 0xff, 0xfe, 0xff, 0xff, 0xff, 0xff, 0xff, 0xff, 0xff, 0xff, 0xff, 0xff, 0xff, 0xff, 0xff,
    0xff, 0xff, 0xff, 0xff, 0x9e, 0xf7, 0x03, 0x21, 0x00, 0x00, 0xc6, 0xab, 0xe9, 0xfd, 0x69, 0xf5, 0x89, 0xf5, 0x88, 0xfd, 0x68, 0xf5, 0x48, 0xf5, 0x47, 0xf5, 0xa8, 0xfd, 0x6c, 0xfe, 0x8e, 0xcd, 0x06, 0x42, 0x00, 0x00, 0x00, 0x00, 0x24, 0x21,
    0x34, 0xad, 0xff, 0xff, 0xff, 0xff, 0xde, 0xff, 0xff, 0xff, 0xff, 0xff, 0xff, 0xff, 0xde, 0xff, 0xff, 0xff, 0xde, 0xff, 0xde, 0xff, 0xff, 0xff, 0xde, 0xff, 0xff, 0xff, 0x58, 0xce, 0xe7, 0x41, 0xbe, 0xf7, 0xff, 0xff, 0xde, 0xff, 0xff, 0xff,
    0xde, 0xff, 0xff, 0xff, 0xb6, 0xb5, 0x95, 0xb5, 0xff, 0xff, 0xde, 0xff, 0xff, 0xff, 0xfe, 0xff, 0xde, 0xff, 0xfe, 0xff, 0xff, 0xff, 0xff, 0xff, 0xfe, 0xff, 0xff, 0xff, 0xff, 0xff, 0xff, 0xff, 0xde, 0xff, 0xff, 0xff, 0xbe, 0xf7, 0x4c, 0x6b,
    0x00, 0x00, 0x00, 0x00, 0x41, 0x08, 0x68, 0x7b, 0xf0, 0xf6, 0x50, 0xff, 0x0b, 0xfe, 0x68, 0xf5, 0x69, 0xf5, 0xa9, 0xfd, 0xa9, 0xfd, 0x89, 0xfd, 0x69, 0xf5, 0xaa, 0xfd, 0x8a, 0xcc, 0x20, 0x00, 0x81, 0x10, 0x5c, 0xef, 0xff, 0xff, 0xff, 0xff,
    0xfe, 0xff, 0xfe, 0xff, 0xff, 0xff, 0xff, 0xff, 0xff, 0xff, 0xff, 0xff, 0xff, 0xff, 0xff, 0xff, 0xfe, 0xff, 0xfe, 0xff, 0xff, 0xff, 0xff, 0xff, 0xff, 0xff, 0xff, 0xff, 0xff, 0xff, 0xff, 0xff, 0xff, 0xff, 0xff, 0xff, 0xff, 0xff, 0xde, 0xff,
    0xff, 0xff, 0xff, 0xff, 0xff, 0xff, 0xff, 0xff, 0xff, 0xff, 0xff, 0xff, 0xff, 0xff, 0xff, 0xff, 0xff, 0xff, 0xff, 0xff, 0xff, 0xff, 0xfe, 0xff, 0xff, 0xff, 0xff, 0xff, 0xff, 0xff, 0xfe, 0xff, 0xfe, 0xff, 0xff, 0xff, 0xff, 0xff, 0xff, 0xff,
    0xde, 0xff, 0xff, 0xff, 0xb6, 0xb5, 0x00, 0x00, 0x02, 0x29, 0x4b, 0xf5, 0x2d, 0xf5, 0x2e, 0xf5, 0x6c, 0xf5, 0x6a, 0xf5, 0xaa, 0xfd, 0xca, 0xfd, 0x68, 0xf5, 0x68, 0xf5, 0x48, 0xf5, 0xca, 0xfd, 0x6e, 0xfe, 0x8c, 0x9c, 0x03, 0x21, 0x00, 0x00,
    0x00, 0x00, 0xeb, 0x62, 0x9d, 0xf7, 0xff, 0xff, 0xde, 0xff, 0xff, 0xff, 0xff, 0xff, 0xff, 0xff, 0xff, 0xff, 0xff, 0xff, 0xff, 0xff, 0xfe, 0xff, 0xfe, 0xff, 0xde, 0xff, 0xff, 0xff, 0x48, 0x4a, 0xca, 0x5a, 0xff, 0xff, 0xde, 0xff, 0xde, 0xff,
    0xff, 0xff, 0xd6, 0xbd, 0x03, 0x21, 0xda, 0xde, 0xff, 0xff, 0xde, 0xff, 0xde, 0xff, 0xff, 0xff, 0xff, 0xff, 0xff, 0xff, 0xff, 0xff, 0xff, 0xff, 0xff, 0xff, 0xff, 0xff, 0xff, 0xff, 0xde, 0xff, 0xff, 0xff, 0xba, 0xd6, 0xa6, 0x31, 0x00, 0x00,
    0x00, 0x00, 0x84, 0x39, 0xad, 0xcd, 0xb0, 0xff, 0xad, 0xfe, 0x89, 0xf5, 0x68, 0xfd, 0x48, 0xf5, 0xca, 0xfd, 0x4a, 0xed, 0xea, 0xe4, 0x2d, 0xfd, 0x0d, 0xf5, 0x2d, 0xf5, 0x4e, 0xf5, 0x02, 0x29, 0x00, 0x00, 0x13, 0xa5, 0xff, 0xff, 0xde, 0xff,
    0xff, 0xff, 0xff, 0xff, 0xff, 0xff, 0xff, 0xff, 0xff, 0xff, 0xff, 0xff, 0xfe, 0xff, 0xfe, 0xff, 0xfe, 0xff, 0xfe, 0xff, 0xff, 0xff, 0xff, 0xff, 0xff, 0xff, 0xff, 0xff, 0xff, 0xff, 0xff, 0xff, 0xff, 0xff, 0xff, 0xff, 0xff, 0xff, 0xdf, 0xff,
    0xff, 0xff, 0xff, 0xff, 0xff, 0xff, 0xff, 0xff, 0xff, 0xff, 0xff, 0xff, 0xff, 0xff, 0xfe, 0xff, 0xff, 0xff, 0xff, 0xff, 0xff, 0xff, 0xff, 0xff, 0xff, 0xff, 0xff, 0xff, 0xff, 0xff, 0xff, 0xff, 0xfe, 0xff, 0xfe, 0xff, 0xff, 0xff, 0xff, 0xff,
    0xde, 0xff, 0xff, 0xff, 0x2c, 0x63, 0x00, 0x00, 0xe7, 0x7a, 0x8f, 0xfd, 0xee, 0xf4, 0x0f, 0xf5, 0xef, 0xfc, 0x0f, 0xf5, 0x86, 0x72, 0xe8, 0xab, 0xeb, 0xfd, 0x68, 0xfd, 0x68, 0xfd, 0x49, 0xfd, 0x48, 0xfd, 0x0b, 0xfe, 0x4f, 0xee, 0xa8, 0x5a,
    0x00, 0x00, 0x00, 0x00, 0x65, 0x29, 0x58, 0xce, 0xff, 0xff, 0xde, 0xff, 0xff, 0xff, 0xde, 0xff, 0xff, 0xff, 0x17, 0xc6, 0x34, 0xa5, 0xff, 0xff, 0xff, 0xff, 0xde, 0xff, 0xff, 0xff, 0x7d, 0xef, 0x61, 0x10, 0x95, 0xb5, 0xff, 0xff, 0xde, 0xff,
    0x3c, 0xe7, 0x61, 0x08, 0xb6, 0xb5, 0xff, 0xff, 0xbe, 0xf7, 0xde, 0xff, 0xff, 0xff, 0x5c, 0xef, 0x0f, 0x84, 0xba, 0xd6, 0xff, 0xff, 0xfe, 0xff, 0xff, 0xff, 0xff, 0xff, 0xde, 0xff, 0xff, 0xff, 0xd6, 0xbd, 0xa2, 0x10, 0x00, 0x00, 0x00, 0x00,
    0x89, 0x7b, 0x10, 0xff, 0x4f, 0xff, 0x4c, 0xf6, 0x68, 0xf5, 0x68, 0xf5, 0x68, 0xf5, 0xaa, 0xfd, 0xa8, 0xa3, 0x64, 0x41, 0x2c, 0xcc, 0x2e, 0xfd, 0x0e, 0xf5, 0x0e, 0xf5, 0xb0, 0xfd, 0xa7, 0x72, 0x00, 0x00, 0xeb, 0x5a, 0xff, 0xff, 0xde, 0xff,
    0xff, 0xff, 0xff, 0xff, 0xff, 0xff, 0xfe, 0xff, 0xfe, 0xff, 0xfe, 0xff, 0xfe, 0xff, 0xfe, 0xff, 0xfe, 0xff, 0xfe, 0xff, 0xff, 0xff, 0xff, 0xff, 0xff, 0xff, 0xff, 0xff, 0xff, 0xff, 0xff, 0xff, 0xff, 0xff, 0xff, 0xff, 0xff, 0xff, 0xde, 0xff,
    0xff, 0xff, 0xff, 0xff, 0xff, 0xff, 0xff, 0xff, 0xff, 0xff, 0xff, 0xff, 0xff, 0xff, 0xfe, 0xff, 0xff, 0xff, 0xff, 0xff, 0xff, 0xff, 0xff, 0xff, 0xff, 0xff, 0xff, 0xff, 0xff, 0xff, 0xff, 0xff, 0xff, 0xff, 0xfe, 0xff, 0xff, 0xff, 0xfe, 0xff,
    0xff, 0xff, 0x9e, 0xf7, 0x44, 0x29, 0x00, 0x00, 0x2c, 0xbc, 0x6f, 0xfd, 0x0e, 0xf5, 0x2e, 0xf5, 0xee, 0xf4, 0x2f, 0xfd, 0x4e, 0xc4, 0xc2, 0x20, 0x45, 0x62, 0xaa, 0xfd, 0x68, 0xfd, 0x48, 0xfd, 0x68, 0xfd, 0x27, 0xf5, 0x68, 0xfd, 0x8e, 0xfe,
    0xab, 0x83, 0x21, 0x00, 0x00, 0x00, 0x61, 0x08, 0x13, 0xa5, 0xff, 0xff, 0xde, 0xff, 0xde, 0xff, 0xdf, 0xff, 0x79, 0xd6, 0x65, 0x29, 0x69, 0x52, 0xbe, 0xf7, 0xff, 0xff, 0xff, 0xff, 0xff, 0xff, 0x55, 0xad, 0x03, 0x21, 0xff, 0xff, 0xff, 0xff,
    0x07, 0x42, 0xce, 0x7b, 0xff, 0xff, 0xff, 0xff, 0xff, 0xff, 0xff, 0xff, 0xd3, 0x9c, 0xa6, 0x31, 0x92, 0x94, 0xdf, 0xff, 0xde, 0xff, 0xde, 0xff, 0xde, 0xff, 0xde, 0xff, 0xff, 0xff, 0xd2, 0x9c, 0x20, 0x00, 0x00, 0x00, 0x81, 0x10, 0xec, 0xb4,
    0x71, 0xff, 0x0f, 0xff, 0x6b, 0xf6, 0x88, 0xfd, 0x68, 0xfd, 0x68, 0xfd, 0xab, 0xfd, 0x45, 0x62, 0x61, 0x10, 0x2d, 0xcc, 0x4f, 0xfd, 0xee, 0xf4, 0x2e, 0xf5, 0x0e, 0xf5, 0xb0, 0xfd, 0xcb, 0xab, 0x00, 0x00, 0x23, 0x21, 0xbe, 0xf7, 0xff, 0xff,
    0xff, 0xff, 0xff, 0xff, 0xff, 0xff, 0xfe, 0xff, 0xff, 0xff, 0xff, 0xff, 0xfe, 0xff, 0xfe, 0xff, 0xfe, 0xff, 0xfe, 0xff, 0xff, 0xff, 0xff, 0xff, 0xfe, 0xff, 0xfe, 0xff, 0xde, 0xff, 0xfe, 0xff, 0xfe, 0xff, 0xfe, 0xff, 0xfe, 0xff, 0xde, 0xff,
    0xff, 0xff, 0xff, 0xff, 0xff, 0xff, 0xff, 0xff, 0xff, 0xff, 0xff, 0xff, 0xff, 0xff, 0xff, 0xff, 0xff, 0xff, 0xff, 0xff, 0xff, 0xff, 0xff, 0xff, 0xff, 0xff, 0xfe, 0xff, 0xff, 0xff, 0xff, 0xff, 0xff, 0xff, 0xff, 0xff, 0xff, 0xff, 0xde, 0xff,
    0xff, 0xff, 0x59, 0xce, 0x00, 0x00, 0x81, 0x18, 0xee, 0xe4, 0x4f, 0xfd, 0x0e, 0xf5, 0x0e, 0xf5, 0x2e, 0xfd, 0x0e, 0xf5, 0x4f, 0xfd, 0xef, 0xe4, 0x61, 0x18, 0xc3, 0x49, 0x8a, 0xf5, 0x68, 0xfd, 0x48, 0xf5, 0x68, 0xfd, 0x48, 0xf5, 0x67, 0xf5,
    0x4c, 0xfe, 0x8c, 0xb4, 0xa2, 0x10, 0x00, 0x00, 0x00, 0x00, 0x50, 0x8c, 0xff, 0xff, 0xff, 0xff, 0xff, 0xff, 0xff, 0xff, 0xff, 0xff, 0xeb, 0x5a, 0xc6, 0x39, 0xfb, 0xde, 0xb9, 0xd6, 0xd6, 0xbd, 0x13, 0xa5, 0x60, 0x08, 0xad, 0x73, 0x30, 0x84,
    0x00, 0x00, 0xef, 0x83, 0x50, 0x8c, 0x71, 0x8c, 0x34, 0xa5, 0x2c, 0x6b, 0x00, 0x00, 0xb2, 0x9c, 0xbe, 0xf7, 0xbe, 0xf7, 0xff, 0xff, 0xff, 0xff, 0xff, 0xff, 0xff, 0xff, 0x30, 0x84, 0x00, 0x00, 0x00, 0x00, 0xe2, 0x20, 0xae, 0xcd, 0x91, 0xff,
    0xef, 0xfe, 0x4c, 0xfe, 0x88, 0xfd, 0x88, 0xfd, 0x88, 0xfd, 0xca, 0xfd, 0xc3, 0x51, 0x41, 0x10, 0xae, 0xdc, 0x4f, 0xfd, 0xce, 0xf4, 0x0e, 0xf5, 0x2e, 0xf5, 0x2f, 0xf5, 0x70, 0xfd, 0x8d, 0xd4, 0x20, 0x08, 0x20, 0x00, 0xba, 0xde, 0xff, 0xff,
    0xde, 0xff, 0xff, 0xff, 0xff, 0xff, 0xff, 0xff, 0xff, 0xff, 0xff, 0xff, 0xfe, 0xff, 0xfe, 0xff, 0xfe, 0xff, 0xfe, 0xff, 0xfe, 0xff, 0xfe, 0xff, 0xff, 0xff, 0xff, 0xff, 0xff, 0xff, 0xff, 0xff, 0xff, 0xff, 0xff, 0xff, 0xff, 0xff, 0xde, 0xff,
    0xff, 0xff, 0xff, 0xff, 0xff, 0xff, 0xff, 0xff, 0xff, 0xff, 0xff, 0xff, 0xff, 0xff, 0xff, 0xff, 0xff, 0xff, 0xff, 0xff, 0xff, 0xff, 0xff, 0xff, 0xff, 0xff, 0xff, 0xff, 0xff, 0xff, 0xff, 0xff, 0xff, 0xff, 0xff, 0xff, 0xff, 0xff, 0xde, 0xff,
    0xff, 0xff, 0xf3, 0x9c, 0x00, 0x00, 0x43, 0x39, 0x2f, 0xfd, 0x0e, 0xf5, 0x0e, 0xf5, 0x2e, 0xfd, 0x2f, 0xfd, 0x2e, 0xfd, 0xee, 0xf4, 0x2f, 0xfd, 0xaf, 0xdc, 0x61, 0x10, 0xa3, 0x49, 0xca, 0xfd, 0x67, 0xfd, 0x68, 0xfd, 0x68, 0xfd, 0x47, 0xf5,
    0x27, 0xf5, 0xca, 0xfd, 0xca, 0xd4, 0xc2, 0x20, 0x00, 0x00, 0x00, 0x00, 0x0f, 0x84, 0xff, 0xff, 0xda, 0xde, 0x13, 0xa5, 0xcf, 0x7b, 0xaa, 0x52, 0x00, 0x00, 0x61, 0x08, 0x61, 0x08, 0x00, 0x00, 0x00, 0x00, 0x00, 0x00, 0x00, 0x00, 0x00, 0x00,
    0x00, 0x00, 0x00, 0x00, 0x00, 0x00, 0x00, 0x00, 0x00, 0x00, 0x00, 0x00, 0x00, 0x00, 0x20, 0x00, 0x61, 0x08, 0x03, 0x19, 0x07, 0x42, 0x6d, 0x6b, 0xf7, 0xbd, 0x30, 0x84, 0x00, 0x00, 0x00, 0x00, 0x22, 0x29, 0x4e, 0xe6, 0x6f, 0xff, 0xee, 0xfe,
    0x6c, 0xfe, 0xa9, 0xf5, 0x88, 0xfd, 0x88, 0xf5, 0xea, 0xfd, 0xe4, 0x59, 0x41, 0x08, 0xae, 0xdc, 0x2f, 0xfd, 0xce, 0xf4, 0x0f, 0xf5, 0x2e, 0xf5, 0x2e, 0xf5, 0x2f, 0xf5, 0x4f, 0xfd, 0x2f, 0xed, 0xa2, 0x18, 0x00, 0x00, 0xb6, 0xb5, 0xff, 0xff,
    0xde, 0xff, 0xff, 0xff, 0xff, 0xff, 0xff, 0xff, 0xff, 0xff, 0xff, 0xff, 0xfe, 0xff, 0xfe, 0xff, 0xfe, 0xff, 0xfe, 0xff, 0xfe, 0xff, 0xfe, 0xff, 0xfe, 0xff, 0xff, 0xff, 0xff, 0xff, 0xff, 0xff, 0xff, 0xff, 0xff, 0xff, 0xff, 0xff, 0xde, 0xff,
    0xff, 0xff, 0xff, 0xff, 0xff, 0xff, 0xff, 0xff, 0xff, 0xff, 0xff, 0xff, 0xff, 0xff, 0xff, 0xff, 0xff, 0xff, 0xff, 0xff, 0xff, 0xff, 0xff, 0xff, 0xff, 0xff, 0xff, 0xff, 0xff, 0xff, 0xff, 0xff, 0xff, 0xff, 0xff, 0xff, 0xff, 0xff, 0xde, 0xff,
    0xff, 0xff, 0xae, 0x73, 0x00, 0x00, 0xe5, 0x51, 0x4f, 0xfd, 0x0e, 0xf5, 0x2e, 0xfd, 0x2e, 0xfd, 0x4f, 0xfd, 0x2f, 0xfd, 0x4f, 0xfd, 0xee, 0xf4, 0x4f, 0xfd, 0x6d, 0xcc, 0x00, 0x00, 0x45, 0x62, 0xea, 0xfd, 0x68, 0xfd, 0x68, 0xfd, 0x47, 0xfd,
    0x48, 0xf5, 0x27, 0xf5, 0x88, 0xfd, 0xc9, 0xdc, 0x02, 0x29, 0x00, 0x00, 0x00, 0x00, 0x65, 0x29, 0x40, 0x00, 0x00, 0x00, 0x00, 0x00, 0x00, 0x00, 0x81, 0x20, 0x60, 0x18, 0x60, 0x08, 0x27, 0x7b, 0x87, 0x9b, 0x64, 0xaa, 0xa4, 0xb2, 0xa4, 0xba,
    0xa4, 0xc2, 0xe5, 0xc2, 0xa5, 0xb2, 0xa2, 0x20, 0x64, 0x62, 0xe5, 0x7a, 0x24, 0x5a, 0x22, 0x41, 0xc1, 0x30, 0x40, 0x10, 0x00, 0x00, 0x00, 0x00, 0x00, 0x00, 0x00, 0x00, 0x00, 0x00, 0x23, 0x31, 0x2d, 0xe6, 0x2e, 0xff, 0xcd, 0xf6, 0x4b, 0xfe,
    0xca, 0xfd, 0xc9, 0xfd, 0x68, 0xf5, 0xea, 0xfd, 0xc5, 0x7a, 0x00, 0x00, 0x8d, 0xcc, 0x6f, 0xfd, 0xee, 0xf4, 0x0e, 0xf5, 0x2f, 0xf5, 0x2e, 0xf5, 0x4e, 0xfd, 0x4f, 0xfd, 0x4f, 0xf5, 0x70, 0xfd, 0x64, 0x39, 0x00, 0x00, 0x91, 0x94, 0xff, 0xff,
    0xde, 0xff, 0xff, 0xff, 0xff, 0xff, 0xff, 0xff, 0xff, 0xff, 0xff, 0xff, 0xfe, 0xff, 0xfe, 0xff, 0xfe, 0xff, 0xfe, 0xff, 0xfe, 0xff, 0xfe, 0xff, 0xfe, 0xff, 0xff, 0xff, 0xff, 0xff, 0xff, 0xff, 0xff, 0xff, 0xfe, 0xff, 0xff, 0xff, 0xde, 0xff,
    0xff, 0xff, 0xff, 0xff, 0xff, 0xff, 0xff, 0xff, 0xff, 0xff, 0xff, 0xff, 0xff, 0xff, 0xff, 0xff, 0xff, 0xff, 0xff, 0xff, 0xff, 0xff, 0xff, 0xff, 0xff, 0xff, 0xff, 0xff, 0xff, 0xff, 0xff, 0xff, 0xfe, 0xff, 0xff, 0xff, 0xff, 0xff, 0xde, 0xff,
    0xff, 0xff, 0xeb, 0x5a, 0x00, 0x00, 0xa8, 0x7a, 0x6f, 0xfd, 0x0e, 0xf5, 0x2f, 0xfd, 0x2f, 0xfd, 0x2f, 0xfd, 0x2f, 0xfd, 0x2e, 0xfd, 0x0e, 0xfd, 0xed, 0xf4, 0x6f, 0xfd, 0xcb, 0xab, 0x00, 0x00, 0x47, 0x8b, 0xe9, 0xfd, 0x47, 0xf5, 0x67, 0xfd,
    0x47, 0xf5, 0x47, 0xfd, 0x27, 0xf5, 0x68, 0xfd, 0xc8, 0xe4, 0xc1, 0x20, 0x00, 0x00, 0x00, 0x00, 0xe1, 0x38, 0xe4, 0x71, 0x85, 0xa2, 0x05, 0xcb, 0x24, 0xe3, 0xe7, 0xe3, 0xc8, 0x9b, 0x4b, 0xfe, 0x0a, 0xfe, 0x85, 0xfb, 0x65, 0xfb, 0x64, 0xfb,
    0x64, 0xfb, 0x84, 0xfb, 0x85, 0xfb, 0x87, 0xcb, 0xc9, 0xfd, 0x09, 0xfe, 0xc9, 0xfd, 0x86, 0xfb, 0x45, 0xf3, 0x25, 0xe3, 0xa4, 0xc2, 0x64, 0x92, 0x83, 0x51, 0x81, 0x10, 0x23, 0x31, 0x6a, 0xe5, 0x0a, 0xfe, 0xca, 0xf5, 0xc9, 0xfd, 0xa9, 0xfd,
    0xa8, 0xfd, 0x88, 0xf5, 0xe9, 0xfd, 0xc7, 0xab, 0x00, 0x00, 0x49, 0x9b, 0x8f, 0xfd, 0xcd, 0xf4, 0x0e, 0xf5, 0x2f, 0xf5, 0x2f, 0xf5, 0x4f, 0xf5, 0x4f, 0xfd, 0x6f, 0xfd, 0x4f, 0xf5, 0xb1, 0xfd, 0xe6, 0x59, 0x00, 0x00, 0x6d, 0x73, 0xff, 0xff,
    0xde, 0xff, 0xfe, 0xff, 0xff, 0xff, 0xff, 0xff, 0xfe, 0xff, 0xff, 0xff, 0xfe, 0xff, 0xfe, 0xff, 0xfe, 0xff, 0xff, 0xff, 0xff, 0xff, 0xfe, 0xff, 0xfe, 0xff, 0xff, 0xff, 0xfe, 0xff, 0xff, 0xff, 0xff, 0xff, 0xff, 0xff, 0xff, 0xff, 0xde, 0xff,
    0xff, 0xff, 0xff, 0xff, 0xff, 0xff, 0xff, 0xff, 0xff, 0xff, 0xff, 0xff, 0xff, 0xff, 0xff, 0xff, 0xff, 0xff, 0xff, 0xff, 0xff, 0xff, 0xff, 0xff, 0xff, 0xff, 0xfe, 0xff, 0xff, 0xff, 0xff, 0xff, 0xff, 0xff, 0xff, 0xff, 0xff, 0xff, 0xde, 0xff,
    0xff, 0xff, 0x48, 0x4a, 0x00, 0x00, 0x09, 0x8b, 0x6f, 0xfd, 0x0e, 0xf5, 0x4f, 0xfd, 0x2f, 0xfd, 0x0e, 0xfd, 0x0e, 0xfd, 0x0e, 0xfd, 0x0e, 0xfd, 0x2f, 0xfd, 0x0e, 0xfd, 0x8f, 0xfd, 0x46, 0x6a, 0x00, 0x00, 0x88, 0xcc, 0xa8, 0xfd, 0x47, 0xf5,
    0x47, 0xfd, 0x27, 0xfd, 0x48, 0xf5, 0x28, 0xf5, 0x88, 0xfd, 0xe8, 0xdc, 0xe8, 0xa3, 0x28, 0xdc, 0x45, 0xfb, 0xa6, 0xfb, 0x85, 0xfb, 0x64, 0xfb, 0x24, 0xf3, 0x26, 0xf4, 0x4b, 0xfe, 0xc9, 0xfd, 0x89, 0xf5, 0x65, 0xeb, 0x44, 0xf3, 0x24, 0xf3,
    0x44, 0xf3, 0x44, 0xeb, 0x65, 0xf3, 0x06, 0xfc, 0x68, 0xf5, 0xa8, 0xf5, 0x08, 0xf5, 0x24, 0xeb, 0x24, 0xeb, 0x24, 0xf3, 0x44, 0xfb, 0x64, 0xfb, 0x07, 0xfc, 0x09, 0xe5, 0x6a, 0xed, 0xaa, 0xfd, 0x69, 0xf5, 0x89, 0xfd, 0x88, 0xfd, 0x89, 0xfd,
    0x89, 0xfd, 0xa9, 0xfd, 0x6a, 0xed, 0x61, 0x10, 0xc5, 0x51, 0x70, 0xfd, 0x4f, 0xfd, 0x90, 0xfd, 0x50, 0xfd, 0x2f, 0xf5, 0x4f, 0xf5, 0x4f, 0xf5, 0x4f, 0xf5, 0x4f, 0xf5, 0x2f, 0xf5, 0xb1, 0xfd, 0x67, 0x6a, 0x00, 0x00, 0x89, 0x52, 0xff, 0xff,
    0xde, 0xff, 0xfe, 0xff, 0xfe, 0xff, 0xff, 0xff, 0xff, 0xff, 0xfe, 0xff, 0xfe, 0xff, 0xff, 0xff, 0xff, 0xff, 0xff, 0xff, 0xff, 0xff, 0xff, 0xff, 0xff, 0xff, 0xff, 0xff, 0xff, 0xff, 0xff, 0xff, 0xff, 0xff, 0xff, 0xff, 0xff, 0xff, 0xde, 0xff,
    0xff, 0xff, 0xff, 0xff, 0xff, 0xff, 0xff, 0xff, 0xff, 0xff, 0xff, 0xff, 0xff, 0xff, 0xff, 0xff, 0xff, 0xff, 0xff, 0xff, 0xff, 0xff, 0xff, 0xff, 0xff, 0xff, 0xff, 0xff, 0xff, 0xff, 0xfe, 0xff, 0xff, 0xff, 0xff, 0xff, 0xff, 0xff, 0xff, 0xff,
    0xff, 0xff, 0xe7, 0x39, 0x00, 0x00, 0x29, 0x93, 0x6f, 0xfd, 0xed, 0xf4, 0x0e, 0xf5, 0x2e, 0xfd, 0x2e, 0xfd, 0x2f, 0xfd, 0x2f, 0xfd, 0x2f, 0xfd, 0xce, 0xe4, 0xae, 0xe4, 0x4f, 0xfd, 0x6f, 0xfd, 0xa2, 0x18, 0x22, 0x31, 0xa9, 0xfd, 0x47, 0xfd,
    0x47, 0xfd, 0x68, 0xf5, 0x89, 0xf5, 0x89, 0xfd, 0x88, 0xfd, 0xc9, 0xfd, 0x4a, 0xfe, 0x87, 0xf4, 0x04, 0xeb, 0x24, 0xeb, 0x24, 0xeb, 0x44, 0xeb, 0x24, 0xf3, 0xe5, 0xf3, 0xa9, 0xf5, 0xe9, 0xfd, 0xa9, 0xfd, 0x85, 0xf3, 0x44, 0xf3, 0x24, 0xf3,
    0x24, 0xf3, 0x44, 0xf3, 0x45, 0xf3, 0xe6, 0xf3, 0x88, 0xf5, 0xc9, 0xfd, 0xe7, 0xf4, 0x24, 0xeb, 0x44, 0xeb, 0x44, 0xeb, 0x44, 0xeb, 0x24, 0xeb, 0xa5, 0xeb, 0x89, 0xfd, 0x88, 0xfd, 0x69, 0xf5, 0x89, 0xfd, 0xa9, 0xfd, 0xaa, 0xfd, 0xaa, 0xfd,
    0x69, 0xf5, 0xca, 0xfd, 0x04, 0x62, 0x40, 0x08, 0xee, 0xec, 0xb1, 0xfd, 0x0c, 0xc4, 0xc5, 0x51, 0x8b, 0x9b, 0x91, 0xfd, 0x2f, 0xf5, 0x4f, 0xf5, 0x4f, 0xf5, 0x2f, 0xf5, 0x2e, 0xf5, 0xb1, 0xfd, 0x68, 0x72, 0x00, 0x00, 0xe7, 0x39, 0xff, 0xff,
    0xfe, 0xff, 0xff, 0xff, 0xfe, 0xff, 0xfe, 0xff, 0xff, 0xff, 0xff, 0xff, 0xfe, 0xff, 0xff, 0xff, 0xfe, 0xff, 0xfe, 0xff, 0xfe, 0xff, 0xff, 0xff, 0xff, 0xff, 0xfe, 0xff, 0xff, 0xff, 0xff, 0xff, 0xff, 0xff, 0xff, 0xff, 0xfe, 0xff, 0xde, 0xff,
    0xff, 0xff, 0xff, 0xff, 0xff, 0xff, 0xff, 0xff, 0xff, 0xff, 0xfe, 0xff, 0xff, 0xff, 0xff, 0xff, 0xff, 0xff, 0xff, 0xff, 0xff, 0xff, 0xff, 0xff, 0xff, 0xff, 0xff, 0xff, 0xff, 0xff, 0xff, 0xff, 0xff, 0xff, 0xff, 0xff, 0xfe, 0xff, 0xff, 0xff,
    0xff, 0xff, 0xc6, 0x39, 0x00, 0x00, 0x49, 0x9b, 0x6f, 0xfd, 0xed, 0xf4, 0x0e, 0xf5, 0x0e, 0xf5, 0x2f, 0xfd, 0x2f, 0xfd, 0x2f, 0xf5, 0x70, 0xfd, 0x88, 0x72, 0x61, 0x08, 0x64, 0x41, 0x4c, 0xc4, 0x8d, 0xc4, 0x00, 0x00, 0x66, 0x9b, 0xc8, 0xfd,
    0x68, 0xf5, 0xa9, 0xfd, 0xa9, 0xfd, 0xa9, 0xfd, 0xa9, 0xfd, 0xa8, 0xfd, 0xe9, 0xfd, 0x87, 0xec, 0x03, 0xeb, 0x44, 0xf3, 0x44, 0xf3, 0x44, 0xf3, 0x44, 0xf3, 0xc5, 0xf3, 0x89, 0xfd, 0xc9, 0xfd, 0xa9, 0xfd, 0x85, 0xf3, 0x44, 0xf3, 0x44, 0xf3,
    0x24, 0xf3, 0x44, 0xf3, 0x44, 0xeb, 0x46, 0xf4, 0xa9, 0xfd, 0xc9, 0xfd, 0xa7, 0xf4, 0x24, 0xeb, 0x44, 0xf3, 0x44, 0xf3, 0x44, 0xf3, 0x24, 0xf3, 0xe6, 0xf3, 0x88, 0xf5, 0x68, 0xfd, 0x68, 0xfd, 0x89, 0xfd, 0xa9, 0xfd, 0xa9, 0xfd, 0x89, 0xfd,
    0xa9, 0xfd, 0xe9, 0xdc, 0x40, 0x08, 0xa9, 0xa3, 0x6f, 0xed, 0x27, 0x62, 0x61, 0x10, 0x26, 0x5a, 0xae, 0xd4, 0x50, 0xf5, 0x30, 0xf5, 0x4f, 0xf5, 0x4f, 0xf5, 0x4f, 0xf5, 0x2f, 0xf5, 0xb1, 0xfd, 0x88, 0x72, 0x00, 0x00, 0xe7, 0x41, 0xff, 0xff,
    0xde, 0xff, 0xff, 0xff, 0xff, 0xff, 0xff, 0xff, 0xff, 0xff, 0xff, 0xff, 0xff, 0xff, 0xff, 0xff, 0xfe, 0xff, 0xfe, 0xff, 0xfe, 0xff, 0xff, 0xff, 0xff, 0xff, 0xff, 0xff, 0xff, 0xff, 0xff, 0xff, 0xff, 0xff, 0xff, 0xff, 0xff, 0xff, 0xde, 0xff,
    0xff, 0xff, 0xff, 0xff, 0xff, 0xff, 0xff, 0xff, 0xff, 0xff, 0xff, 0xff, 0xff, 0xff, 0xff, 0xff, 0xfe, 0xff, 0xff, 0xff, 0xff, 0xff, 0xff, 0xff, 0xff, 0xff, 0xff, 0xff, 0xff, 0xff, 0xff, 0xff, 0xff, 0xff, 0xff, 0xff, 0xff, 0xff, 0xff, 0xff,
    0xff, 0xff, 0x85, 0x31, 0x00, 0x00, 0x6a, 0x9b, 0x6f, 0xfd, 0xed, 0xf4, 0x0e, 0xf5, 0x0e, 0xf5, 0x2f, 0xfd, 0x2f, 0xfd, 0x50, 0xfd, 0x70, 0xfd, 0x4f, 0xfd, 0x8c, 0xcc, 0x66, 0x62, 0x41, 0x08, 0x4b, 0xbc, 0xa8, 0x9b, 0x27, 0xbc, 0xc9, 0xfd,
    0xa9, 0xf5, 0xa9, 0xfd, 0xa9, 0xfd, 0xa9, 0xfd, 0xa9, 0xfd, 0xa9, 0xfd, 0xe9, 0xfd, 0x28, 0xf5, 0x23, 0xf3, 0x24, 0xf3, 0x24, 0xf3, 0x24, 0xf3, 0x44, 0xf3, 0xa5, 0xf3, 0x69, 0xfd, 0xa8, 0xfd, 0xc9, 0xfd, 0x06, 0xf4, 0x44, 0xf3, 0x44, 0xf3,
    0x44, 0xf3, 0x24, 0xf3, 0x24, 0xf3, 0x46, 0xf4, 0xc9, 0xfd, 0xc9, 0xfd, 0xc7, 0xf4, 0x44, 0xeb, 0x44, 0xf3, 0x24, 0xf3, 0x44, 0xf3, 0x24, 0xeb, 0x46, 0xec, 0xa9, 0xfd, 0x88, 0xfd, 0x88, 0xfd, 0x89, 0xfd, 0xa9, 0xfd, 0xa9, 0xfd, 0x89, 0xfd,
    0x89, 0xfd, 0x89, 0xf5, 0xc9, 0xcc, 0x0d, 0xfe, 0xc7, 0x7a, 0xe5, 0x51, 0x0d, 0xe5, 0x12, 0xfe, 0x91, 0xfd, 0x91, 0xfd, 0x70, 0xfd, 0x2f, 0xfd, 0x4f, 0xfd, 0x4f, 0xf5, 0x2f, 0xf5, 0xb1, 0xfd, 0x68, 0x72, 0x00, 0x00, 0xe7, 0x39, 0xff, 0xff,
    0xfe, 0xff, 0xfe, 0xff, 0xfe, 0xff, 0xff, 0xff, 0xff, 0xff, 0xff, 0xff, 0xff, 0xff, 0xff, 0xff, 0xff, 0xff, 0xfe, 0xff, 0xfe, 0xff, 0xff, 0xff, 0xff, 0xff, 0xff, 0xff, 0xff, 0xff, 0xff, 0xff, 0xff, 0xff, 0xff, 0xff, 0xff, 0xff, 0xde, 0xff,
    0xff, 0xff, 0xff, 0xff, 0xfe, 0xff, 0xfe, 0xff, 0xfe, 0xff, 0xfe, 0xff, 0xff, 0xff, 0xfe, 0xff, 0xfe, 0xff, 0xff, 0xff, 0xff, 0xff, 0xff, 0xff, 0xff, 0xff, 0xff, 0xff, 0xff, 0xff, 0xff, 0xff, 0xff, 0xff, 0xff, 0xff, 0xff, 0xff, 0xff, 0xff,
    0xde, 0xff, 0x65, 0x29, 0x00, 0x00, 0x6a, 0x9b, 0x6f, 0xfd, 0xee, 0xf4, 0x0f, 0xf5, 0x0f, 0xf5, 0x0f, 0xfd, 0x0f, 0xfd, 0xce, 0xe4, 0x2c, 0xcc, 0x4c, 0xcc, 0xed, 0xf4, 0xae, 0xfd, 0x0a, 0xdd, 0x08, 0xdd, 0x09, 0xfe, 0xc9, 0xfd, 0xa9, 0xfd,
    0xa9, 0xfd, 0x89, 0xfd, 0x89, 0xfd, 0xa9, 0xfd, 0xa9, 0xfd, 0xc9, 0xfd, 0xe9, 0xfd, 0x69, 0xf5, 0x44, 0xf3, 0x24, 0xf3, 0x24, 0xf3, 0x24, 0xf3, 0x44, 0xf3, 0xa5, 0xf3, 0x48, 0xfd, 0xa9, 0xfd, 0xc9, 0xfd, 0x26, 0xf4, 0x24, 0xf3, 0x44, 0xf3,
    0x24, 0xf3, 0x44, 0xf3, 0x24, 0xf3, 0x67, 0xf4, 0xc9, 0xfd, 0xe9, 0xfd, 0x87, 0xf4, 0x24, 0xeb, 0x65, 0xf3, 0x44, 0xf3, 0x44, 0xf3, 0x44, 0xf3, 0xe8, 0xf4, 0xa9, 0xfd, 0xa9, 0xfd, 0xa9, 0xfd, 0x89, 0xfd, 0x89, 0xfd, 0xa9, 0xfd, 0xa9, 0xfd,
    0xa9, 0xfd, 0xa9, 0xfd, 0xc9, 0xfd, 0x89, 0xfd, 0x6a, 0xf5, 0xec, 0xfd, 0x0c, 0xed, 0xe6, 0x61, 0x44, 0x39, 0x64, 0x41, 0xcc, 0xb3, 0x70, 0xfd, 0x2f, 0xf5, 0x4f, 0xfd, 0x2f, 0xf5, 0xb1, 0xfd, 0x47, 0x6a, 0x00, 0x00, 0xe7, 0x41, 0xff, 0xff,
    0xff, 0xff, 0xff, 0xff, 0xfe, 0xff, 0xfe, 0xff, 0xff, 0xff, 0xff, 0xff, 0xff, 0xff, 0xff, 0xff, 0xff, 0xff, 0xff, 0xff, 0xff, 0xff, 0xff, 0xff, 0xff, 0xff, 0xff, 0xff, 0xff, 0xff, 0xff, 0xff, 0xff, 0xff, 0xff, 0xff, 0xfe, 0xff, 0xde, 0xff,
    0xff, 0xff, 0xff, 0xff, 0xff, 0xff, 0xff, 0xff, 0xff, 0xff, 0xff, 0xff, 0xfe, 0xff, 0xff, 0xff, 0xff, 0xff, 0xff, 0xff, 0xff, 0xff, 0xff, 0xff, 0xff, 0xff, 0xff, 0xff, 0xff, 0xff, 0xff, 0xff, 0xff, 0xff, 0xff, 0xff, 0xff, 0xff, 0xff, 0xff,
    0xff, 0xff, 0xa6, 0x39, 0x00, 0x00, 0x29, 0x93, 0x6f, 0xfd, 0xee, 0xf4, 0x0f, 0xf5, 0x0e, 0xf5, 0x0e, 0xf5, 0x2f, 0xfd, 0x26, 0x6a, 0x82, 0x10, 0x82, 0x18, 0x46, 0x62, 0x4b, 0xed, 0xa9, 0xfd, 0xa8, 0xfd, 0x88, 0xf5, 0xa9, 0xfd, 0xa9, 0xfd,
    0x89, 0xfd, 0x89, 0xfd, 0x89, 0xfd, 0x89, 0xfd, 0xa9, 0xfd, 0xca, 0xfd, 0xea, 0xfd, 0xca, 0xfd, 0xc5, 0xf3, 0x24, 0xf3, 0x44, 0xf3, 0x44, 0xf3, 0x44, 0xf3, 0xa5, 0xf3, 0x69, 0xfd, 0xa9, 0xfd, 0xe9, 0xfd, 0xa7, 0xf4, 0x24, 0xf3, 0x24, 0xf3,
    0x44, 0xf3, 0x44, 0xf3, 0x44, 0xf3, 0xc7, 0xf4, 0xc9, 0xfd, 0xe9, 0xfd, 0x66, 0xec, 0x24, 0xf3, 0x44, 0xf3, 0x45, 0xf3, 0x44, 0xf3, 0xc5, 0xf3, 0x69, 0xf5, 0xa9, 0xfd, 0xa9, 0xfd, 0xa9, 0xfd, 0xa9, 0xfd, 0xa9, 0xfd, 0xa9, 0xfd, 0xa9, 0xfd,
    0xa9, 0xfd, 0xa9, 0xfd, 0x89, 0xfd, 0x89, 0xfd, 0x88, 0xfd, 0x88, 0xfd, 0x2a, 0xed, 0xa8, 0xa3, 0x49, 0x93, 0xe8, 0x82, 0x6d, 0xcc, 0x70, 0xfd, 0x2f, 0xf5, 0x4f, 0xf5, 0x2f, 0xf5, 0x91, 0xfd, 0x26, 0x62, 0x00, 0x00, 0x49, 0x4a, 0xff, 0xff,
    0xfe, 0xff, 0xff, 0xff, 0xff, 0xff, 0xff, 0xff, 0xff, 0xff, 0xde, 0xff, 0xde, 0xff, 0xfe, 0xff, 0xff, 0xff, 0xff, 0xff, 0xfe, 0xff, 0xff, 0xff, 0xff, 0xff, 0xff, 0xff, 0xff, 0xff, 0xff, 0xff, 0xff, 0xff, 0xff, 0xff, 0xff, 0xff, 0xde, 0xff,
    0xff, 0xff, 0xff, 0xff, 0xff, 0xff, 0xfe, 0xff, 0xfe, 0xff, 0xff, 0xff, 0xff, 0xff, 0xff, 0xff, 0xff, 0xff, 0xff, 0xff, 0xff, 0xff, 0xff, 0xff, 0xff, 0xff, 0xff, 0xff, 0xff, 0xff, 0xff, 0xff, 0xff, 0xff, 0xff, 0xff, 0xff, 0xff, 0xff, 0xff,
    0xff, 0xff, 0xc6, 0x39, 0x00, 0x00, 0xc8, 0x82, 0x6f, 0xfd, 0xee, 0xf4, 0x0e, 0xfd, 0x0e, 0xfd, 0x2e, 0xfd, 0x0e, 0xfd, 0xee, 0xec, 0xed, 0xe4, 0x0b, 0xe5, 0x6a, 0xed, 0xa9, 0xfd, 0x69, 0xf5, 0x89, 0xfd, 0xa9, 0xfd, 0xa9, 0xfd, 0xa9, 0xfd,
    0xa9, 0xfd, 0x89, 0xfd, 0xa9, 0xfd, 0xa9, 0xfd, 0xa9, 0xfd, 0xc9, 0xfd, 0xca, 0xfd, 0xea, 0xfd, 0x87, 0xf4, 0x24, 0xf3, 0x44, 0xf3, 0x45, 0xf3, 0x64, 0xf3, 0xc5, 0xf3, 0x89, 0xfd, 0xa9, 0xfd, 0xea, 0xfd, 0x08, 0xf5, 0x24, 0xf3, 0x44, 0xf3,
    0x44, 0xf3, 0x44, 0xf3, 0x64, 0xeb, 0x48, 0xf5, 0xc9, 0xfd, 0xe9, 0xfd, 0x66, 0xf4, 0x03, 0xf3, 0x44, 0xf3, 0x44, 0xf3, 0x44, 0xf3, 0x46, 0xf4, 0xaa, 0xfd, 0x89, 0xfd, 0x89, 0xfd, 0xa9, 0xfd, 0xa9, 0xfd, 0xa9, 0xfd, 0xa9, 0xfd, 0xa9, 0xfd,
    0xa9, 0xfd, 0xa9, 0xfd, 0xa9, 0xfd, 0xa9, 0xfd, 0x89, 0xfd, 0x88, 0xfd, 0x88, 0xfd, 0xc9, 0xfd, 0xcb, 0xfd, 0xad, 0xfd, 0x6f, 0xfd, 0x4f, 0xfd, 0x4f, 0xfd, 0x2f, 0xfd, 0x2e, 0xf5, 0x71, 0xfd, 0xa5, 0x49, 0x00, 0x00, 0x2c, 0x6b, 0xff, 0xff,
    0xde, 0xff, 0xff, 0xff, 0xff, 0xff, 0xff, 0xff, 0xde, 0xff, 0xff, 0xff, 0xff, 0xff, 0xff, 0xff, 0xff, 0xff, 0xff, 0xff, 0xff, 0xff, 0xfe, 0xff, 0xff, 0xff, 0xff, 0xff, 0xff, 0xff, 0xff, 0xff, 0xff, 0xff, 0xff, 0xff, 0xff, 0xff, 0xde, 0xff,
    0xff, 0xff, 0xff, 0xff, 0xff, 0xff, 0xfe, 0xff, 0xfe, 0xff, 0xff, 0xff, 0xff, 0xff, 0xfe, 0xff, 0xff, 0xff, 0xff, 0xff, 0xff, 0xff, 0xfe, 0xff, 0xff, 0xff, 0xff, 0xff, 0xff, 0xff, 0xfe, 0xff, 0xff, 0xff, 0xff, 0xff, 0xff, 0xff, 0xff, 0xff,
    0xff, 0xff, 0xe7, 0x39, 0x00, 0x00, 0x46, 0x6a, 0x6f, 0xfd, 0xed, 0xf4, 0x0e, 0xfd, 0x0e, 0xfd, 0x0e, 0xfd, 0x0e, 0xf5, 0x4d, 0xfd, 0x8a, 0xfd, 0xa9, 0xfd, 0x89, 0xfd, 0x69, 0xf5, 0x89, 0xf5, 0x89, 0xfd, 0x89, 0xfd, 0xa9, 0xfd, 0xa9, 0xfd,
    0xa9, 0xfd, 0xa9, 0xfd, 0xa9, 0xfd, 0xa9, 0xfd, 0xa9, 0xfd, 0xa9, 0xfd, 0xc9, 0xfd, 0xea, 0xfd, 0x49, 0xf5, 0x64, 0xeb, 0x44, 0xf3, 0x65, 0xf3, 0x85, 0xf3, 0xc5, 0xf3, 0xa9, 0xfd, 0xa9, 0xfd, 0xea, 0xfd, 0x49, 0xf5, 0x85, 0xf3, 0x24, 0xf3,
    0x64, 0xf3, 0x44, 0xeb, 0x84, 0xeb, 0x68, 0xf5, 0xa9, 0xfd, 0xe9, 0xfd, 0x66, 0xf4, 0x23, 0xf3, 0x44, 0xf3, 0x44, 0xeb, 0x24, 0xeb, 0xe8, 0xf4, 0xaa, 0xfd, 0x89, 0xfd, 0xa9, 0xfd, 0xa9, 0xfd, 0xa9, 0xfd, 0xa9, 0xfd, 0xa9, 0xfd, 0xa9, 0xfd,
    0xa9, 0xfd, 0xa9, 0xfd, 0xa9, 0xfd, 0xa9, 0xfd, 0x88, 0xfd, 0x88, 0xfd, 0x68, 0xfd, 0x68, 0xf5, 0x68, 0xf5, 0x48, 0xf5, 0x4b, 0xf5, 0x4f, 0xf5, 0x2f, 0xf5, 0x2e, 0xf5, 0x2f, 0xf5, 0x2f, 0xf5, 0x23, 0x31, 0x00, 0x00, 0xae, 0x73, 0xff, 0xff,
    0xde, 0xff, 0xff, 0xff, 0xff, 0xff, 0xde, 0xff, 0xff, 0xff, 0xf7, 0xbd, 0xf3, 0xa4, 0xff, 0xff, 0xde, 0xff, 0xff, 0xff, 0xff, 0xff, 0xff, 0xff, 0xff, 0xff, 0xff, 0xff, 0xff, 0xff, 0xff, 0xff, 0xff, 0xff, 0xff, 0xff, 0xdf, 0xff, 0xde, 0xff,
    0xff, 0xff, 0xff, 0xff, 0xff, 0xff, 0xff, 0xff, 0xfe, 0xff, 0xfe, 0xff, 0xff, 0xff, 0xff, 0xff, 0xff, 0xff, 0xff, 0xff, 0xff, 0xff, 0xff, 0xff, 0xff, 0xff, 0xde, 0xff, 0xff, 0xff, 0xfe, 0xff, 0xfe, 0xff, 0xff, 0xff, 0xff, 0xff, 0xde, 0xff,
    0xff, 0xff, 0x89, 0x52, 0x00, 0x00, 0xc5, 0x49, 0x4f, 0xfd, 0x0e, 0xf5, 0x2e, 0xfd, 0x0e, 0xfd, 0x2f, 0xfd, 0x6c, 0xfd, 0x89, 0xf5, 0x69, 0xf5, 0x69, 0xf5, 0x89, 0xf5, 0x68, 0xf5, 0x68, 0xf5, 0x89, 0xfd, 0x89, 0xfd, 0xa9, 0xfd, 0xa9, 0xfd,
    0xa9, 0xfd, 0xa9, 0xfd, 0xa9, 0xfd, 0xa9, 0xfd, 0xa9, 0xfd, 0xa9, 0xfd, 0xa9, 0xfd, 0xa9, 0xfd, 0xca, 0xfd, 0x26, 0xec, 0x44, 0xf3, 0x85, 0xf3, 0x85, 0xf3, 0x67, 0xf4, 0xc9, 0xfd, 0xc9, 0xfd, 0x09, 0xfe, 0xca, 0xfd, 0xa5, 0xf3, 0x24, 0xf3,
    0x65, 0xf3, 0x64, 0xf3, 0xc5, 0xf3, 0x89, 0xfd, 0x89, 0xfd, 0xe9, 0xfd, 0x87, 0xf4, 0x44, 0xf3, 0x64, 0xf3, 0x24, 0xeb, 0xe6, 0xeb, 0xaa, 0xfd, 0xa9, 0xfd, 0xa9, 0xfd, 0xa9, 0xfd, 0xaa, 0xfd, 0xa9, 0xfd, 0xa9, 0xfd, 0xc9, 0xfd, 0xc9, 0xfd,
    0xc9, 0xfd, 0xc9, 0xfd, 0xa9, 0xfd, 0x89, 0xfd, 0x89, 0xfd, 0x88, 0xfd, 0x88, 0xfd, 0x88, 0xfd, 0x88, 0xfd, 0x88, 0xfd, 0x89, 0xfd, 0x6a, 0xf5, 0x4d, 0xf5, 0x2f, 0xf5, 0x4f, 0xfd, 0xce, 0xe4, 0xa2, 0x20, 0x00, 0x00, 0xd2, 0x9c, 0xff, 0xff,
    0xde, 0xff, 0xff, 0xff, 0xde, 0xff, 0xff, 0xff, 0x14, 0xa5, 0x41, 0x08, 0x75, 0xb5, 0xff, 0xff, 0xde, 0xff, 0xff, 0xff, 0xff, 0xff, 0xff, 0xff, 0xff, 0xff, 0xff, 0xff, 0xff, 0xff, 0xff, 0xff, 0xff, 0xff, 0xff, 0xff, 0xde, 0xff, 0xde, 0xff,
    0xff, 0xff, 0xff, 0xff, 0xff, 0xff, 0xff, 0xff, 0xff, 0xff, 0xff, 0xff, 0xfe, 0xff, 0xfe, 0xff, 0xff, 0xff, 0xfe, 0xff, 0xff, 0xff, 0xff, 0xff, 0xff, 0xff, 0xff, 0xff, 0xfe, 0xff, 0xff, 0xff, 0xff, 0xff, 0xff, 0xff, 0xff, 0xff, 0xde, 0xff,
    0xff, 0xff, 0x6d, 0x6b, 0x00, 0x00, 0x44, 0x31, 0x2f, 0xf5, 0x0e, 0xf5, 0x0e, 0xf5, 0x2e, 0xfd, 0x8c, 0xfd, 0x89, 0xfd, 0x89, 0xfd, 0x89, 0xfd, 0x89, 0xfd, 0x89, 0xfd, 0x68, 0xfd, 0x68, 0xfd, 0x89, 0xfd, 0x89, 0xfd, 0x89, 0xfd, 0x89, 0xfd,
    0xa9, 0xfd, 0xa9, 0xfd, 0xa9, 0xfd, 0xa9, 0xfd, 0xa9, 0xfd, 0xaa, 0xfd, 0xa9, 0xfd, 0xaa, 0xfd, 0xca, 0xfd, 0x29, 0xf5, 0x84, 0xeb, 0x44, 0xf3, 0x64, 0xf3, 0xc7, 0xf4, 0xc9, 0xfd, 0xc9, 0xfd, 0x09, 0xfe, 0xc9, 0xfd, 0x65, 0xf3, 0x44, 0xf3,
    0x65, 0xf3, 0x24, 0xf3, 0x46, 0xf4, 0xa9, 0xfd, 0x88, 0xfd, 0xc9, 0xfd, 0xe8, 0xf4, 0x24, 0xf3, 0x44, 0xf3, 0xa5, 0xeb, 0x49, 0xf5, 0xaa, 0xfd, 0xa9, 0xfd, 0xa9, 0xfd, 0xa9, 0xfd, 0xa9, 0xfd, 0xc9, 0xfd, 0xca, 0xfd, 0xca, 0xfd, 0xc9, 0xfd,
    0xc9, 0xfd, 0xc9, 0xfd, 0xa9, 0xfd, 0xa9, 0xfd, 0x89, 0xfd, 0x89, 0xfd, 0x89, 0xfd, 0x89, 0xfd, 0x88, 0xfd, 0x88, 0xfd, 0x89, 0xfd, 0x69, 0xfd, 0x69, 0xf5, 0x4c, 0xf5, 0x70, 0xfd, 0xad, 0xdc, 0x20, 0x08, 0x00, 0x00, 0xd7, 0xbd, 0xff, 0xff,
    0xde, 0xff, 0xde, 0xff, 0xff, 0xff, 0xf3, 0x9c, 0x00, 0x00, 0xb6, 0xb5, 0xff, 0xff, 0xde, 0xff, 0xff, 0xff, 0xff, 0xff, 0xfe, 0xff, 0xff, 0xff, 0xff, 0xff, 0xff, 0xff, 0xff, 0xff, 0xff, 0xff, 0xff, 0xff, 0xff, 0xff, 0xff, 0xff, 0xde, 0xff,
    0xff, 0xff, 0xff, 0xff, 0xff, 0xff, 0xff, 0xff, 0xff, 0xff, 0xff, 0xff, 0xff, 0xff, 0xff, 0xff, 0xff, 0xff, 0xff, 0xff, 0xde, 0xff, 0xff, 0xff, 0x91, 0x94, 0x30, 0x8c, 0xff, 0xff, 0xff, 0xff, 0xfe, 0xff, 0xff, 0xff, 0xff, 0xff, 0xde, 0xff,
    0xff, 0xff, 0xb2, 0x94, 0x00, 0x00, 0xe2, 0x20, 0x2f, 0xf5, 0xb0, 0xfd, 0x6d, 0xfd, 0x6a, 0xfd, 0x88, 0xfd, 0x89, 0xfd, 0x89, 0xfd, 0x89, 0xfd, 0x89, 0xfd, 0x88, 0xfd, 0x88, 0xf5, 0x88, 0xfd, 0x68, 0xfd, 0x88, 0xfd, 0x89, 0xfd, 0x89, 0xfd,
    0xa9, 0xfd, 0xa9, 0xfd, 0xa9, 0xfd, 0x89, 0xfd, 0x89, 0xfd, 0xa9, 0xfd, 0xa9, 0xfd, 0xa9, 0xfd, 0xa9, 0xfd, 0xc9, 0xfd, 0x08, 0xf5, 0xe6, 0xeb, 0x46, 0xf4, 0xa9, 0xfd, 0xa8, 0xfd, 0xa9, 0xfd, 0xc9, 0xfd, 0xea, 0xfd, 0x47, 0xf4, 0x44, 0xf3,
    0x64, 0xf3, 0x44, 0xf3, 0xe7, 0xf4, 0xa9, 0xfd, 0x89, 0xfd, 0x89, 0xfd, 0x89, 0xfd, 0x06, 0xec, 0xe6, 0xeb, 0x69, 0xf5, 0xa9, 0xf5, 0xa9, 0xfd, 0xea, 0xfd, 0x0a, 0xfe, 0xca, 0xfd, 0xca, 0xfd, 0xa9, 0xfd, 0xca, 0xfd, 0xaa, 0xfd, 0xa9, 0xfd,
    0xc9, 0xfd, 0xc9, 0xfd, 0xa9, 0xfd, 0xa9, 0xfd, 0x89, 0xfd, 0x89, 0xfd, 0x89, 0xfd, 0x89, 0xfd, 0x88, 0xfd, 0x88, 0xfd, 0x89, 0xfd, 0x89, 0xf5, 0x69, 0xfd, 0x6a, 0xf5, 0x46, 0x62, 0xc5, 0x51, 0x00, 0x00, 0x81, 0x10, 0x3b, 0xe7, 0xff, 0xff,
    0xde, 0xff, 0xff, 0xff, 0x18, 0xc6, 0x03, 0x21, 0x18, 0xc6, 0xff, 0xff, 0xde, 0xff, 0xde, 0xff, 0xfe, 0xff, 0xff, 0xff, 0xff, 0xff, 0xff, 0xff, 0xff, 0xff, 0xff, 0xff, 0xff, 0xff, 0xff, 0xff, 0xff, 0xff, 0xff, 0xff, 0xff, 0xff, 0xde, 0xff,
    0xff, 0xff, 0xff, 0xff, 0xff, 0xff, 0xff, 0xff, 0xff, 0xff, 0xff, 0xff, 0xff, 0xff, 0xff, 0xff, 0xff, 0xff, 0xff, 0xff, 0xff, 0xff, 0xff, 0xff, 0x9a, 0xd6, 0xe3, 0x20, 0xca, 0x5a, 0xff, 0xff, 0xff, 0xff, 0xff, 0xff, 0xff, 0xff, 0xde, 0xff,
    0xff, 0xff, 0x17, 0xc6, 0x00, 0x00, 0x40, 0x08, 0x4d, 0xc4, 0x49, 0x9b, 0x29, 0xed, 0xa8, 0xfd, 0x88, 0xfd, 0x89, 0xfd, 0x89, 0xfd, 0x88, 0xfd, 0xa9, 0xfd, 0xaa, 0xfd, 0x89, 0xfd, 0x88, 0xfd, 0x88, 0xfd, 0x88, 0xfd, 0x89, 0xfd, 0x89, 0xfd,
    0xa9, 0xfd, 0xa9, 0xfd, 0xa9, 0xfd, 0x89, 0xfd, 0xa9, 0xfd, 0xa9, 0xfd, 0xa9, 0xfd, 0xa9, 0xfd, 0xa9, 0xfd, 0xa9, 0xfd, 0xc9, 0xfd, 0xa9, 0xf5, 0xa9, 0xfd, 0xa9, 0xfd, 0xa9, 0xfd, 0xc9, 0xfd, 0xc9, 0xfd, 0xe9, 0xfd, 0xe8, 0xf4, 0x44, 0xf3,
    0x44, 0xf3, 0xa5, 0xf3, 0x68, 0xf5, 0x89, 0xfd, 0x89, 0xfd, 0x89, 0xfd, 0xa9, 0xfd, 0xa9, 0xfd, 0x89, 0xf5, 0xa9, 0xfd, 0x0a, 0xfe, 0xcb, 0xfd, 0xc9, 0xcc, 0x88, 0xcc, 0x8a, 0xf5, 0xaa, 0xfd, 0xa9, 0xfd, 0xa9, 0xfd, 0xa9, 0xfd, 0xa9, 0xfd,
    0xa9, 0xfd, 0xc9, 0xfd, 0xca, 0xfd, 0xaa, 0xfd, 0xa9, 0xfd, 0xaa, 0xfd, 0xa9, 0xfd, 0xa9, 0xfd, 0xa9, 0xfd, 0x89, 0xfd, 0x89, 0xfd, 0xaa, 0xf5, 0xaa, 0xf5, 0xa9, 0xfd, 0x89, 0xc4, 0x60, 0x10, 0x00, 0x00, 0x65, 0x31, 0xff, 0xff, 0xff, 0xff,
    0xfe, 0xff, 0xff, 0xff, 0x1b, 0xe7, 0x5c, 0xef, 0xff, 0xff, 0xde, 0xff, 0xff, 0xff, 0xff, 0xff, 0xff, 0xff, 0xfe, 0xff, 0xff, 0xff, 0xff, 0xff, 0xff, 0xff, 0xff, 0xff, 0xff, 0xff, 0xff, 0xff, 0xff, 0xff, 0xff, 0xff, 0xff, 0xff, 0xde, 0xff,
    0xff, 0xff, 0xff, 0xff, 0xff, 0xff, 0xff, 0xff, 0xff, 0xff, 0xff, 0xff, 0xff, 0xff, 0xfe, 0xff, 0xfe, 0xff, 0xff, 0xff, 0xff, 0xff, 0xfe, 0xff, 0xff, 0xff, 0x5c, 0xef, 0x44, 0x29, 0x48, 0x4a, 0xde, 0xff, 0xff, 0xff, 0xff, 0xff, 0xff, 0xff,
    0xff, 0xff, 0x9d, 0xef, 0x03, 0x21, 0x20, 0x00, 0x21, 0x08, 0xa3, 0x41, 0x4c, 0xf6, 0xea, 0xfd, 0xa9, 0xfd, 0xa9, 0xfd, 0x89, 0xfd, 0x89, 0xfd, 0xaa, 0xfd, 0xaa, 0xfd, 0x88, 0xfd, 0x88, 0xfd, 0x89, 0xfd, 0x89, 0xfd, 0x89, 0xfd, 0x88, 0xfd,
    0x89, 0xfd, 0x89, 0xfd, 0x89, 0xfd, 0x89, 0xfd, 0xa9, 0xfd, 0xa9, 0xfd, 0xa9, 0xfd, 0x89, 0xfd, 0xa9, 0xfd, 0xa9, 0xfd, 0x89, 0xfd, 0xea, 0xfd, 0xa9, 0xfd, 0xa9, 0xfd, 0xc9, 0xfd, 0xc9, 0xfd, 0xc9, 0xfd, 0xa9, 0xfd, 0x89, 0xfd, 0x26, 0xf4,
    0x64, 0xf3, 0xc8, 0xf4, 0xa9, 0xfd, 0x89, 0xfd, 0x89, 0xfd, 0x89, 0xfd, 0x89, 0xfd, 0x89, 0xfd, 0xa9, 0xfd, 0xea, 0xfd, 0x87, 0x9b, 0xa4, 0x51, 0x45, 0x6a, 0x87, 0xa3, 0x69, 0xf5, 0xc9, 0xfd, 0xaa, 0xfd, 0xa9, 0xfd, 0xc9, 0xfd, 0xa9, 0xfd,
    0xc9, 0xfd, 0xca, 0xfd, 0xca, 0xfd, 0xaa, 0xfd, 0xa9, 0xfd, 0xaa, 0xfd, 0xa9, 0xfd, 0xaa, 0xfd, 0xa9, 0xfd, 0x89, 0xfd, 0x89, 0xfd, 0x89, 0xfd, 0xaa, 0xfd, 0xaa, 0xf5, 0xea, 0xfd, 0x0a, 0xdd, 0x02, 0x29, 0x00, 0x00, 0x4c, 0x6b, 0xff, 0xff,
    0xff, 0xff, 0xfe, 0xff, 0xff, 0xff, 0xff, 0xff, 0xff, 0xff, 0xff, 0xff, 0xbe, 0xf7, 0x71, 0x8c, 0x75, 0xb5, 0xff, 0xff, 0xde, 0xff, 0xff, 0xff, 0xff, 0xff, 0xff, 0xff, 0xff, 0xff, 0xff, 0xff, 0xff, 0xff, 0xff, 0xff, 0xff, 0xff, 0xde, 0xff,
    0xff, 0xff, 0xff, 0xff, 0xff, 0xff, 0xff, 0xff, 0xff, 0xff, 0xff, 0xff, 0xfe, 0xff, 0xfe, 0xff, 0xfe, 0xff, 0xff, 0xff, 0xfe, 0xff, 0xff, 0xff, 0xde, 0xff, 0xff, 0xff, 0xbe, 0xf7, 0x85, 0x31, 0x48, 0x4a, 0xff, 0xff, 0xfe, 0xff, 0xfe, 0xff,
    0xff, 0xff, 0xbe, 0xf7, 0x85, 0x31, 0x00, 0x00, 0xc4, 0x41, 0x0f, 0xf7, 0xad, 0xfe, 0xa9, 0xfd, 0xa9, 0xfd, 0x89, 0xfd, 0xa9, 0xf5, 0xa9, 0xfd, 0x89, 0xfd, 0x89, 0xfd, 0xa9, 0xfd, 0x89, 0xfd, 0x89, 0xfd, 0x89, 0xfd, 0x89, 0xfd, 0x88, 0xfd,
    0x88, 0xfd, 0x89, 0xfd, 0x89, 0xfd, 0x89, 0xfd, 0xa9, 0xfd, 0xa9, 0xfd, 0x89, 0xfd, 0x89, 0xf5, 0x89, 0xf5, 0xc9, 0xfd, 0xea, 0xfd, 0xa7, 0x9b, 0x89, 0xf5, 0xa9, 0xfd, 0xa9, 0xfd, 0xc9, 0xfd, 0xc9, 0xfd, 0xa9, 0xfd, 0xca, 0xfd, 0x89, 0xfd,
    0x08, 0xf5, 0x89, 0xfd, 0xa9, 0xfd, 0xa9, 0xfd, 0xa9, 0xfd, 0xa9, 0xfd, 0x89, 0xfd, 0x89, 0xfd, 0x8a, 0xf5, 0x04, 0x5a, 0x04, 0x62, 0xa8, 0xcc, 0xca, 0xfd, 0x0a, 0xfe, 0xa9, 0xfd, 0xa9, 0xfd, 0xa9, 0xfd, 0xa9, 0xfd, 0xca, 0xfd, 0xc9, 0xfd,
    0xca, 0xfd, 0xca, 0xfd, 0xca, 0xfd, 0xca, 0xfd, 0xaa, 0xfd, 0xa9, 0xfd, 0xa9, 0xfd, 0xa9, 0xfd, 0xa9, 0xfd, 0x89, 0xfd, 0x89, 0xfd, 0x89, 0xfd, 0x88, 0xfd, 0xca, 0xfd, 0xaa, 0xf5, 0xe9, 0xfd, 0x0a, 0xdd, 0xc2, 0x20, 0x00, 0x00, 0x0b, 0x63,
    0xff, 0xff, 0xff, 0xff, 0xfe, 0xff, 0xff, 0xff, 0xde, 0xff, 0x71, 0x94, 0x86, 0x31, 0x08, 0x42, 0x18, 0xc6, 0xff, 0xff, 0xde, 0xff, 0xff, 0xff, 0xff, 0xff, 0xff, 0xff, 0xff, 0xff, 0xff, 0xff, 0xff, 0xff, 0xfe, 0xff, 0xdf, 0xff, 0xde, 0xff,
    0xff, 0xff, 0xff, 0xff, 0xff, 0xff, 0xfe, 0xff, 0xff, 0xff, 0xff, 0xff, 0xfe, 0xff, 0xff, 0xff, 0xff, 0xff, 0xff, 0xff, 0xff, 0xff, 0xff, 0xff, 0xfe, 0xff, 0xde, 0xff, 0xff, 0xff, 0xbd, 0xf7, 0xd6, 0xbd, 0xff, 0xff, 0xfe, 0xff, 0xff, 0xff,
    0xdf, 0xff, 0x69, 0x4a, 0x00, 0x00, 0x83, 0x39, 0xce, 0xee, 0xee, 0xfe, 0xa9, 0xfd, 0xa9, 0xfd, 0xa9, 0xfd, 0x89, 0xfd, 0x89, 0xfd, 0x89, 0xf5, 0x89, 0xf5, 0x89, 0xfd, 0x89, 0xfd, 0xa9, 0xfd, 0xa9, 0xfd, 0xa9, 0xfd, 0x89, 0xfd, 0x89, 0xfd,
    0x89, 0xfd, 0x89, 0xfd, 0x89, 0xfd, 0x89, 0xfd, 0xa8, 0xfd, 0xa9, 0xfd, 0xe9, 0xfd, 0x0a, 0xfe, 0x0a, 0xfe, 0x6a, 0xed, 0x44, 0x62, 0x04, 0x5a, 0xea, 0xfd, 0xa9, 0xfd, 0xa9, 0xfd, 0xc9, 0xfd, 0xc9, 0xfd, 0xa9, 0xfd, 0xa9, 0xfd, 0xa9, 0xfd,
    0xa9, 0xfd, 0x88, 0xfd, 0xa9, 0xfd, 0xa9, 0xfd, 0xa9, 0xfd, 0xa9, 0xfd, 0x89, 0xfd, 0xea, 0xfd, 0xa5, 0x7a, 0x05, 0x8b, 0x2a, 0xfe, 0xc9, 0xfd, 0x89, 0xf5, 0x89, 0xf5, 0xa9, 0xfd, 0xa9, 0xfd, 0xa9, 0xfd, 0xaa, 0xfd, 0xca, 0xfd, 0xc9, 0xfd,
    0xca, 0xfd, 0xca, 0xfd, 0xca, 0xfd, 0xc9, 0xfd, 0xc9, 0xfd, 0xa9, 0xfd, 0xa9, 0xfd, 0xa9, 0xfd, 0xa9, 0xfd, 0x89, 0xfd, 0x89, 0xfd, 0x89, 0xfd, 0x89, 0xfd, 0xa8, 0xfd, 0xa9, 0xfd, 0x89, 0xf5, 0xe9, 0xfd, 0xea, 0xd4, 0xa2, 0x18, 0x00, 0x00,
    0x6d, 0x73, 0xff, 0xff, 0xde, 0xff, 0xff, 0xff, 0x9d, 0xef, 0x92, 0x94, 0x99, 0xd6, 0xff, 0xff, 0xff, 0xff, 0xde, 0xff, 0xff, 0xff, 0xff, 0xff, 0xff, 0xff, 0xff, 0xff, 0xff, 0xff, 0xff, 0xff, 0xff, 0xff, 0xfe, 0xff, 0xdf, 0xff, 0xde, 0xff,
    0xff, 0xff, 0xff, 0xff, 0xff, 0xff, 0xff, 0xff, 0xfe, 0xff, 0xff, 0xff, 0xff, 0xff, 0xfe, 0xff, 0xff, 0xff, 0xbe, 0xf7, 0x17, 0xc6, 0x7d, 0xef, 0xff, 0xff, 0xff, 0xff, 0xfe, 0xff, 0xff, 0xff, 0xff, 0xff, 0xfe, 0xff, 0xde, 0xff, 0xff, 0xff,
    0xeb, 0x5a, 0x00, 0x00, 0x43, 0x31, 0xce, 0xee, 0x2e, 0xff, 0xca, 0xfd, 0xa9, 0xfd, 0xa9, 0xfd, 0xa9, 0xfd, 0x89, 0xfd, 0x89, 0xfd, 0x89, 0xf5, 0x89, 0xfd, 0x89, 0xfd, 0x89, 0xfd, 0xa9, 0xfd, 0xa9, 0xfd, 0xa9, 0xfd, 0xa9, 0xfd, 0xa9, 0xfd,
    0xa9, 0xfd, 0xa9, 0xfd, 0xa9, 0xfd, 0xa9, 0xfd, 0x89, 0xfd, 0xa9, 0xfd, 0x68, 0xc4, 0x67, 0x93, 0x65, 0x6a, 0x63, 0x41, 0xa5, 0x72, 0xca, 0xf5, 0xc9, 0xfd, 0xa9, 0xfd, 0xc9, 0xfd, 0xc9, 0xfd, 0xc9, 0xfd, 0xa9, 0xfd, 0xa9, 0xfd, 0xa9, 0xfd,
    0x88, 0xfd, 0x88, 0xfd, 0x89, 0xfd, 0xa9, 0xfd, 0xa9, 0xfd, 0xa9, 0xfd, 0xa9, 0xfd, 0x89, 0xf5, 0x09, 0xdd, 0xe9, 0xfd, 0x88, 0xf5, 0x89, 0xf5, 0xa9, 0xfd, 0xa9, 0xf5, 0x89, 0xf5, 0x89, 0xf5, 0xa9, 0xf5, 0x89, 0xf5, 0x89, 0xf5, 0x89, 0xf5,
    0xa9, 0xfd, 0xa9, 0xfd, 0xa9, 0xfd, 0xa9, 0xfd, 0xa9, 0xfd, 0xa9, 0xfd, 0xa9, 0xfd, 0xa9, 0xfd, 0xa9, 0xfd, 0xa9, 0xfd, 0x89, 0xfd, 0x89, 0xfd, 0xa9, 0xfd, 0xa9, 0xfd, 0xa9, 0xfd, 0x89, 0xfd, 0x68, 0xf5, 0xe9, 0xfd, 0x8a, 0xbc, 0x41, 0x08,
    0x00, 0x00, 0x50, 0x8c, 0xff, 0xff, 0xde, 0xff, 0xff, 0xff, 0xff, 0xff, 0xff, 0xff, 0xff, 0xff, 0xff, 0xff, 0xff, 0xff, 0xff, 0xff, 0xff, 0xff, 0xff, 0xff, 0xff, 0xff, 0xff, 0xff, 0xff, 0xff, 0xfe, 0xff, 0xff, 0xff, 0xff, 0xff, 0xde, 0xff,
    0xff, 0xff, 0xff, 0xff, 0xff, 0xff, 0xff, 0xff, 0xff, 0xff, 0xfe, 0xff, 0xfe, 0xff, 0xfe, 0xff, 0xff, 0xff, 0x9d, 0xf7, 0x28, 0x4a, 0xc2, 0x18, 0xcb, 0x5a, 0x58, 0xce, 0xff, 0xff, 0xff, 0xff, 0xde, 0xff, 0xde, 0xff, 0xff, 0xff, 0x8d, 0x73,
    0x00, 0x00, 0xa1, 0x18, 0xed, 0xd5, 0x6f, 0xff, 0x2b, 0xf6, 0xc9, 0xfd, 0xe9, 0xfd, 0xa9, 0xfd, 0xa9, 0xfd, 0xa9, 0xfd, 0x89, 0xf5, 0x89, 0xf5, 0x89, 0xfd, 0x89, 0xfd, 0x89, 0xfd, 0xa9, 0xfd, 0xa9, 0xfd, 0xa9, 0xfd, 0xa9, 0xfd, 0xa9, 0xfd,
    0xa9, 0xfd, 0xa9, 0xfd, 0xa9, 0xfd, 0x89, 0xfd, 0x89, 0xf5, 0xa9, 0xfd, 0x88, 0xc4, 0xa7, 0xa3, 0x07, 0xb4, 0x49, 0xed, 0x2a, 0xfe, 0xa9, 0xfd, 0xa9, 0xfd, 0xa9, 0xfd, 0xc9, 0xfd, 0xc9, 0xfd, 0xc9, 0xfd, 0xa9, 0xfd, 0xa9, 0xfd, 0xa9, 0xfd,
    0xa9, 0xfd, 0x88, 0xfd, 0xa9, 0xfd, 0xa9, 0xfd, 0xa9, 0xfd, 0xa9, 0xfd, 0xa9, 0xfd, 0xa9, 0xfd, 0xc9, 0xfd, 0x89, 0xf5, 0x89, 0xfd, 0x89, 0xf5, 0xa9, 0xfd, 0xea, 0xfd, 0x0a, 0xfe, 0x2b, 0xfe, 0x2b, 0xfe, 0x0a, 0xfe, 0x0a, 0xfe, 0xea, 0xfd,
    0xc9, 0xfd, 0xa9, 0xf5, 0xa9, 0xfd, 0xa9, 0xfd, 0xc9, 0xfd, 0xa9, 0xfd, 0xa9, 0xfd, 0xa9, 0xfd, 0xa9, 0xfd, 0xa9, 0xfd, 0xa9, 0xfd, 0xa9, 0xfd, 0xaa, 0xfd, 0xa9, 0xfd, 0xa9, 0xfd, 0xa9, 0xfd, 0x88, 0xfd, 0x68, 0xf5, 0x2a, 0xfe, 0x48, 0x8b,
    0x00, 0x00, 0x00, 0x00, 0x95, 0xb5, 0xff, 0xff, 0xde, 0xff, 0xde, 0xff, 0xdf, 0xff, 0x34, 0xad, 0x4c, 0x6b, 0x6c, 0x6b, 0x3c, 0xef, 0xff, 0xff, 0xde, 0xff, 0xff, 0xff, 0xff, 0xff, 0xff, 0xff, 0xfe, 0xff, 0xff, 0xff, 0xde, 0xff, 0xde, 0xff,
    0xff, 0xff, 0xff, 0xff, 0xff, 0xff, 0xfe, 0xff, 0xfe, 0xff, 0xff, 0xff, 0xfe, 0xff, 0xff, 0xff, 0xfe, 0xff, 0xff, 0xff, 0xff, 0xff, 0x38, 0xc6, 0xeb, 0x5a, 0xe7, 0x39, 0x7d, 0xef, 0xff, 0xff, 0xde, 0xff, 0xff, 0xff, 0x54, 0xad, 0x00, 0x00,
    0x41, 0x08, 0x6c, 0xbd, 0xaf, 0xff, 0x4c, 0xf6, 0xca, 0xfd, 0xea, 0xfd, 0xa9, 0xfd, 0xa9, 0xfd, 0xa9, 0xfd, 0xa9, 0xfd, 0xa9, 0xfd, 0x89, 0xfd, 0x89, 0xfd, 0x89, 0xfd, 0x89, 0xfd, 0x89, 0xfd, 0xa9, 0xfd, 0xa9, 0xfd, 0xa9, 0xfd, 0xa9, 0xfd,
    0x89, 0xf5, 0x89, 0xf5, 0xa9, 0xfd, 0xc9, 0xfd, 0xa9, 0xfd, 0xa9, 0xfd, 0xe9, 0xfd, 0x09, 0xfe, 0x09, 0xfe, 0xc9, 0xfd, 0x88, 0xf5, 0xa9, 0xfd, 0xa9, 0xfd, 0xa9, 0xfd, 0xa9, 0xfd, 0xc9, 0xfd, 0xa9, 0xfd, 0xc9, 0xfd, 0xa9, 0xfd, 0xa9, 0xfd,
    0x89, 0xfd, 0x89, 0xfd, 0x89, 0xfd, 0xa9, 0xfd, 0xa9, 0xfd, 0xa9, 0xfd, 0xa9, 0xfd, 0xa9, 0xfd, 0xa9, 0xfd, 0xa9, 0xfd, 0xa9, 0xf5, 0x0a, 0xfe, 0xeb, 0xfd, 0xc9, 0xcc, 0x87, 0x93, 0x85, 0x6a, 0x24, 0x5a, 0x45, 0x62, 0x06, 0x83, 0x49, 0xb4,
    0x6a, 0xed, 0x0b, 0xfe, 0xea, 0xfd, 0xa9, 0xf5, 0xa9, 0xfd, 0xa9, 0xfd, 0xa9, 0xfd, 0xa9, 0xfd, 0xa9, 0xfd, 0xa9, 0xfd, 0xa9, 0xfd, 0xa9, 0xfd, 0xaa, 0xfd, 0xaa, 0xfd, 0xa9, 0xfd, 0xa9, 0xfd, 0x88, 0xfd, 0x88, 0xfd, 0x88, 0xfd, 0x0c, 0xfe,
    0xe5, 0x51, 0x00, 0x00, 0xe3, 0x18, 0x5c, 0xef, 0xff, 0xff, 0xde, 0xff, 0xff, 0xff, 0x13, 0xa5, 0xae, 0x73, 0x10, 0x84, 0x3c, 0xef, 0xff, 0xff, 0xde, 0xff, 0xfe, 0xff, 0xff, 0xff, 0xff, 0xff, 0xff, 0xff, 0xff, 0xff, 0xfe, 0xff, 0xde, 0xff,
    0xff, 0xff, 0xff, 0xff, 0xff, 0xff, 0xfe, 0xff, 0xfe, 0xff, 0xfe, 0xff, 0xfe, 0xff, 0xff, 0xff, 0xff, 0xff, 0xfe, 0xff, 0xde, 0xff, 0xff, 0xff, 0xff, 0xff, 0xdf, 0xff, 0xff, 0xff, 0xde, 0xff, 0xff, 0xff, 0xba, 0xd6, 0x61, 0x10, 0x00, 0x00,
    0x09, 0x94, 0xb0, 0xff, 0x8d, 0xf6, 0xca, 0xfd, 0xea, 0xfd, 0xc9, 0xfd, 0x88, 0xfd, 0x89, 0xfd, 0x89, 0xfd, 0xa9, 0xfd, 0xa9, 0xfd, 0xa9, 0xfd, 0xa9, 0xfd, 0x89, 0xfd, 0x89, 0xfd, 0x89, 0xfd, 0xa9, 0xfd, 0xa9, 0xfd, 0x89, 0xf5, 0xc9, 0xfd,
    0x0a, 0xfe, 0x0b, 0xfe, 0xca, 0xf5, 0x6a, 0xed, 0x6a, 0xed, 0xaa, 0xf5, 0x0b, 0xfe, 0x0a, 0xfe, 0xc9, 0xfd, 0x89, 0xf5, 0xa9, 0xfd, 0xa9, 0xfd, 0xa9, 0xfd, 0xa9, 0xfd, 0xa9, 0xfd, 0xa9, 0xfd, 0xa9, 0xfd, 0xa9, 0xfd, 0xa9, 0xfd, 0xa9, 0xfd,
    0x89, 0xfd, 0x89, 0xfd, 0xa9, 0xfd, 0xa9, 0xfd, 0xa9, 0xfd, 0xa9, 0xfd, 0xa9, 0xfd, 0xa9, 0xfd, 0xa9, 0xfd, 0xa9, 0xfd, 0x0b, 0xfe, 0x29, 0xb4, 0x02, 0x31, 0x00, 0x00, 0x00, 0x00, 0x00, 0x00, 0x00, 0x00, 0x00, 0x00, 0x00, 0x00, 0x00, 0x00,
    0x60, 0x10, 0xa6, 0x72, 0x2a, 0xdd, 0x2b, 0xfe, 0xa9, 0xfd, 0xa9, 0xfd, 0xa9, 0xfd, 0xa9, 0xfd, 0xa9, 0xfd, 0xa9, 0xfd, 0xa9, 0xfd, 0xa9, 0xfd, 0xa9, 0xfd, 0xa9, 0xfd, 0xa9, 0xfd, 0x89, 0xfd, 0x88, 0xfd, 0x88, 0xfd, 0x88, 0xf5, 0xa9, 0xfd,
    0x6b, 0xed, 0xc2, 0x20, 0x00, 0x00, 0xca, 0x5a, 0xff, 0xff, 0xde, 0xff, 0xff, 0xff, 0xff, 0xff, 0xff, 0xff, 0xff, 0xff, 0xff, 0xff, 0xfe, 0xff, 0xff, 0xff, 0xff, 0xff, 0xfe, 0xff, 0xff, 0xff, 0xff, 0xff, 0xff, 0xff, 0xde, 0xff, 0xde, 0xff,
    0xff, 0xff, 0xff, 0xff, 0xff, 0xff, 0xff, 0xff, 0xff, 0xff, 0xff, 0xff, 0xff, 0xff, 0xff, 0xff, 0xff, 0xff, 0xfe, 0xff, 0xff, 0xff, 0xff, 0xff, 0xde, 0xff, 0xff, 0xff, 0xff, 0xff, 0xff, 0xff, 0xde, 0xff, 0xa6, 0x39, 0x00, 0x00, 0x66, 0x5a,
    0x90, 0xff, 0xad, 0xf6, 0xcb, 0xfd, 0xca, 0xfd, 0xca, 0xfd, 0xa9, 0xfd, 0xa9, 0xfd, 0x89, 0xfd, 0x89, 0xfd, 0x89, 0xfd, 0x89, 0xfd, 0xa9, 0xfd, 0xa9, 0xfd, 0x89, 0xfd, 0x89, 0xfd, 0xa9, 0xfd, 0x89, 0xf5, 0xca, 0xfd, 0x0b, 0xfe, 0x2a, 0xdd,
    0x87, 0x93, 0xe4, 0x51, 0xc1, 0x20, 0x20, 0x08, 0x00, 0x08, 0x80, 0x18, 0x83, 0x41, 0x87, 0x93, 0x8a, 0xed, 0x2a, 0xfe, 0xa9, 0xf5, 0x89, 0xfd, 0xa9, 0xfd, 0xa9, 0xfd, 0xa9, 0xfd, 0xa9, 0xfd, 0xa9, 0xfd, 0xa9, 0xfd, 0x89, 0xfd, 0x89, 0xfd,
    0x89, 0xfd, 0xa9, 0xfd, 0xa9, 0xfd, 0xa9, 0xfd, 0xa9, 0xfd, 0xa9, 0xfd, 0xa9, 0xfd, 0xa9, 0xfd, 0xa9, 0xfd, 0xeb, 0xfd, 0x85, 0x6a, 0x00, 0x00, 0x04, 0x21, 0x10, 0x84, 0x17, 0xc6, 0xfb, 0xe6, 0x1b, 0xe7, 0x99, 0xd6, 0x95, 0xb5, 0x6d, 0x6b,
    0xa2, 0x10, 0x00, 0x00, 0x20, 0x08, 0x67, 0x8b, 0x0a, 0xfe, 0xc9, 0xfd, 0xa9, 0xfd, 0xa9, 0xfd, 0x89, 0xfd, 0x89, 0xfd, 0x89, 0xfd, 0xa9, 0xfd, 0xa9, 0xfd, 0x89, 0xfd, 0x89, 0xfd, 0x89, 0xfd, 0x88, 0xfd, 0x89, 0xfd, 0x89, 0xfd, 0x89, 0xf5,
    0x0a, 0xfe, 0x29, 0xac, 0x00, 0x00, 0x00, 0x00, 0x34, 0xa5, 0xff, 0xff, 0xde, 0xff, 0xde, 0xff, 0xde, 0xff, 0xde, 0xff, 0xff, 0xff, 0xff, 0xff, 0xff, 0xff, 0xff, 0xff, 0xff, 0xff, 0xff, 0xff, 0xfe, 0xff, 0xff, 0xff, 0xde, 0xff, 0xde, 0xff,
    0xff, 0xff, 0xff, 0xff, 0xff, 0xff, 0xfe, 0xff, 0xfe, 0xff, 0xff, 0xff, 0xff, 0xff, 0xff, 0xff, 0xff, 0xff, 0xff, 0xff, 0xdf, 0xff, 0xbe, 0xf7, 0xff, 0xff, 0xff, 0xff, 0xde, 0xff, 0xff, 0xff, 0xef, 0x7b, 0x00, 0x00, 0xa2, 0x18, 0x8f, 0xe6,
    0x70, 0xff, 0x4c, 0xfe, 0xaa, 0xfd, 0xca, 0xfd, 0xca, 0xfd, 0xca, 0xfd, 0xa9, 0xfd, 0xa9, 0xfd, 0xa9, 0xfd, 0xa9, 0xfd, 0xa9, 0xfd, 0xa9, 0xfd, 0xa9, 0xfd, 0xa9, 0xfd, 0x89, 0xfd, 0x89, 0xf5, 0x0a, 0xfe, 0x2a, 0xdd, 0x85, 0x6a, 0x20, 0x08,
    0x00, 0x00, 0x00, 0x00, 0xe3, 0x18, 0x07, 0x42, 0x49, 0x4a, 0xc7, 0x39, 0xa3, 0x10, 0x00, 0x00, 0x00, 0x08, 0x87, 0x9b, 0x0b, 0xfe, 0xa9, 0xfd, 0x89, 0xfd, 0xa9, 0xfd, 0xa9, 0xfd, 0xa9, 0xfd, 0xa9, 0xfd, 0xa9, 0xfd, 0xa9, 0xfd, 0xa9, 0xfd,
    0xa9, 0xfd, 0xa9, 0xfd, 0xa9, 0xfd, 0xa9, 0xfd, 0xa9, 0xfd, 0xa9, 0xfd, 0xa9, 0xfd, 0xa9, 0xfd, 0xeb, 0xfd, 0x24, 0x5a, 0x00, 0x00, 0x50, 0x8c, 0xde, 0xff, 0xff, 0xff, 0xff, 0xff, 0xff, 0xff, 0xff, 0xff, 0xff, 0xff, 0xff, 0xff, 0xff, 0xff,
    0xbe, 0xf7, 0xd2, 0x9c, 0x82, 0x10, 0x00, 0x00, 0x65, 0x62, 0xea, 0xfd, 0xa8, 0xfd, 0xa9, 0xfd, 0xa9, 0xfd, 0xa9, 0xfd, 0xa9, 0xfd, 0xa9, 0xfd, 0x89, 0xfd, 0xa9, 0xfd, 0xa9, 0xfd, 0x89, 0xfd, 0xa9, 0xfd, 0xa9, 0xfd, 0xa9, 0xfd, 0xa9, 0xfd,
    0x89, 0xf5, 0x2c, 0xfe, 0x46, 0x5a, 0x00, 0x00, 0x03, 0x21, 0x7d, 0xef, 0xff, 0xff, 0xff, 0xff, 0xff, 0xff, 0xff, 0xff, 0xff, 0xff, 0xff, 0xff, 0xfe, 0xff, 0xff, 0xff, 0xff, 0xff, 0xfe, 0xff, 0xfe, 0xff, 0xff, 0xff, 0xff, 0xff, 0xde, 0xff,
    0xff, 0xff, 0xff, 0xff, 0xff, 0xff, 0xfe, 0xff, 0xfe, 0xff, 0xfe, 0xff, 0xfe, 0xff, 0xde, 0xff, 0xff, 0xff, 0x17, 0xc6, 0xc7, 0x39, 0x30, 0x84, 0xff, 0xff, 0xde, 0xff, 0xff, 0xff, 0xba, 0xd6, 0x41, 0x08, 0x00, 0x00, 0x4a, 0x9c, 0x91, 0xff,
    0x8d, 0xf6, 0xeb, 0xfd, 0xca, 0xfd, 0xca, 0xfd, 0xca, 0xfd, 0xaa, 0xfd, 0xa9, 0xfd, 0xa9, 0xfd, 0xa9, 0xfd, 0xa9, 0xfd, 0xa9, 0xfd, 0xa9, 0xfd, 0x89, 0xfd, 0x89, 0xfd, 0x89, 0xf5, 0x0a, 0xfe, 0xc8, 0xa3, 0x61, 0x10, 0x00, 0x00, 0x04, 0x21,
    0x0f, 0x84, 0x99, 0xd6, 0xde, 0xff, 0xff, 0xff, 0xff, 0xff, 0xff, 0xff, 0xbe, 0xf7, 0x58, 0xce, 0xca, 0x5a, 0x00, 0x00, 0x85, 0x6a, 0x0b, 0xfe, 0x88, 0xf5, 0x89, 0xfd, 0xa9, 0xfd, 0xa9, 0xfd, 0xc9, 0xfd, 0xa9, 0xfd, 0xa9, 0xfd, 0xa9, 0xfd,
    0xaa, 0xfd, 0xaa, 0xfd, 0xa9, 0xfd, 0xa9, 0xfd, 0xa9, 0xfd, 0xa9, 0xfd, 0x89, 0xf5, 0x0a, 0xfe, 0x46, 0x93, 0x00, 0x00, 0x54, 0xad, 0xff, 0xff, 0xff, 0xff, 0xde, 0xff, 0xde, 0xff, 0xfe, 0xff, 0xff, 0xff, 0xde, 0xff, 0xdf, 0xff, 0xff, 0xff,
    0x3c, 0xe7, 0xda, 0xde, 0xf7, 0xbd, 0xc6, 0x39, 0x00, 0x00, 0xc6, 0x7a, 0x0a, 0xfe, 0xa9, 0xfd, 0xa9, 0xfd, 0xa9, 0xfd, 0xa9, 0xfd, 0xa9, 0xfd, 0xa9, 0xfd, 0xa9, 0xfd, 0xa9, 0xfd, 0xc9, 0xfd, 0xca, 0xfd, 0xca, 0xfd, 0xa9, 0xfd, 0xa9, 0xfd,
    0xa9, 0xfd, 0xca, 0xfd, 0x8c, 0xed, 0xc2, 0x18, 0x00, 0x00, 0xae, 0x7b, 0xff, 0xff, 0xde, 0xff, 0xff, 0xff, 0xff, 0xff, 0xfe, 0xff, 0xfe, 0xff, 0xfe, 0xff, 0xff, 0xff, 0xfe, 0xff, 0xfe, 0xff, 0xfe, 0xff, 0xff, 0xff, 0xff, 0xff, 0xde, 0xff,
    0xff, 0xff, 0xff, 0xff, 0xff, 0xff, 0xff, 0xff, 0xfe, 0xff, 0xff, 0xff, 0xff, 0xff, 0xfe, 0xff, 0xff, 0xff, 0x7c, 0xef, 0xda, 0xde, 0xde, 0xff, 0xff, 0xff, 0xde, 0xff, 0xff, 0xff, 0xeb, 0x5a, 0x00, 0x00, 0xa4, 0x39, 0x30, 0xff, 0xce, 0xfe,
    0xca, 0xfd, 0xca, 0xfd, 0x0b, 0xfe, 0xeb, 0xfd, 0xa9, 0xfd, 0xa9, 0xfd, 0xa9, 0xfd, 0xa9, 0xfd, 0xa9, 0xfd, 0xaa, 0xfd, 0xa9, 0xfd, 0xa9, 0xfd, 0x89, 0xfd, 0x68, 0xf5, 0xea, 0xfd, 0x26, 0x8b, 0x00, 0x00, 0x20, 0x00, 0x71, 0x94, 0x9e, 0xf7,
    0xff, 0xff, 0xff, 0xff, 0xff, 0xff, 0xfe, 0xff, 0xde, 0xff, 0xff, 0xff, 0xff, 0xff, 0x9e, 0xf7, 0x3c, 0xe7, 0xf3, 0xa4, 0x21, 0x00, 0x07, 0x83, 0x0b, 0xfe, 0x88, 0xf5, 0xa9, 0xfd, 0xa9, 0xfd, 0xa9, 0xfd, 0xa9, 0xfd, 0xa9, 0xfd, 0xa9, 0xfd,
    0xaa, 0xfd, 0xa9, 0xfd, 0xa9, 0xfd, 0xa9, 0xfd, 0xa9, 0xfd, 0xa9, 0xfd, 0xa9, 0xfd, 0x8a, 0xed, 0x00, 0x08, 0x50, 0x8c, 0xff, 0xff, 0xde, 0xff, 0xff, 0xff, 0xff, 0xff, 0xff, 0xff, 0xff, 0xff, 0xff, 0xff, 0xff, 0xff, 0xde, 0xff, 0x6d, 0x6b,
    0x61, 0x08, 0x00, 0x00, 0xa2, 0x18, 0xe7, 0x39, 0x81, 0x10, 0x00, 0x00, 0x48, 0xbc, 0xe9, 0xfd, 0x89, 0xf5, 0xa8, 0xfd, 0xa9, 0xfd, 0xa9, 0xfd, 0xa9, 0xfd, 0xa9, 0xfd, 0xa9, 0xfd, 0xc9, 0xfd, 0xc9, 0xfd, 0xc9, 0xfd, 0xa9, 0xfd, 0xa9, 0xfd,
    0xa9, 0xfd, 0x89, 0xf5, 0x2c, 0xfe, 0x08, 0x83, 0x00, 0x00, 0x61, 0x08, 0xfb, 0xe6, 0xff, 0xff, 0xde, 0xff, 0xff, 0xff, 0xff, 0xff, 0xff, 0xff, 0xff, 0xff, 0xff, 0xff, 0xff, 0xff, 0xff, 0xff, 0xff, 0xff, 0xff, 0xff, 0xff, 0xff, 0xde, 0xff,
    0xff, 0xff, 0xff, 0xff, 0xff, 0xff, 0xff, 0xff, 0xff, 0xff, 0xff, 0xff, 0xfe, 0xff, 0xff, 0xff, 0xff, 0xff, 0xff, 0xff, 0xff, 0xff, 0xff, 0xff, 0xde, 0xff, 0xff, 0xff, 0x38, 0xc6, 0x20, 0x00, 0x20, 0x00, 0x4c, 0xc5, 0x4f, 0xff, 0x2b, 0xf6,
    0xaa, 0xfd, 0xca, 0xfd, 0x0a, 0xfe, 0xca, 0xfd, 0xca, 0xfd, 0x89, 0xfd, 0x89, 0xfd, 0xa9, 0xfd, 0xaa, 0xfd, 0xaa, 0xfd, 0xa9, 0xfd, 0x89, 0xfd, 0x88, 0xf5, 0xea, 0xfd, 0x87, 0x9b, 0x00, 0x00, 0xe3, 0x20, 0x38, 0xce, 0xff, 0xff, 0xff, 0xff,
    0xde, 0xff, 0xff, 0xff, 0xff, 0xff, 0xfe, 0xff, 0xff, 0xff, 0xba, 0xd6, 0x8a, 0x52, 0x81, 0x10, 0x20, 0x00, 0xc6, 0x39, 0xa6, 0x39, 0x00, 0x00, 0xea, 0xcc, 0xc9, 0xfd, 0x88, 0xfd, 0x89, 0xfd, 0x89, 0xfd, 0xa9, 0xfd, 0xa9, 0xfd, 0xa9, 0xfd,
    0xa9, 0xfd, 0xa9, 0xfd, 0x89, 0xfd, 0x89, 0xfd, 0x89, 0xfd, 0x89, 0xf5, 0x0a, 0xfe, 0x66, 0x9b, 0x66, 0x29, 0xff, 0xff, 0xde, 0xff, 0xff, 0xff, 0xff, 0xff, 0xff, 0xff, 0xff, 0xff, 0xff, 0xff, 0xff, 0xff, 0xff, 0xff, 0x89, 0x52, 0x00, 0x00,
    0x00, 0x00, 0x00, 0x00, 0x00, 0x00, 0x00, 0x00, 0x20, 0x00, 0x00, 0x00, 0x43, 0x39, 0xca, 0xfd, 0x88, 0xfd, 0x88, 0xfd, 0x89, 0xfd, 0xa9, 0xfd, 0xa9, 0xfd, 0xa9, 0xfd, 0xa9, 0xfd, 0xa9, 0xfd, 0xaa, 0xfd, 0xca, 0xfd, 0xa9, 0xfd, 0xa9, 0xfd,
    0xa9, 0xfd, 0xa9, 0xfd, 0xc9, 0xfd, 0x6b, 0xe5, 0x81, 0x18, 0x00, 0x00, 0xae, 0x73, 0xff, 0xff, 0xde, 0xff, 0xff, 0xff, 0xff, 0xff, 0xff, 0xff, 0xff, 0xff, 0xff, 0xff, 0xff, 0xff, 0xff, 0xff, 0xff, 0xff, 0xff, 0xff, 0xff, 0xff, 0xdf, 0xff,
    0xff, 0xff, 0xff, 0xff, 0xff, 0xff, 0xff, 0xff, 0xff, 0xff, 0xff, 0xff, 0xff, 0xff, 0xff, 0xff, 0xff, 0xff, 0xff, 0xff, 0xff, 0xff, 0xff, 0xff, 0xfe, 0xff, 0xff, 0xff, 0x48, 0x4a, 0x00, 0x00, 0x25, 0x52, 0x2f, 0xff, 0x6c, 0xf6, 0xea, 0xfd,
    0xca, 0xfd, 0x0a, 0xfe, 0xea, 0xfd, 0xea, 0xfd, 0xa9, 0xfd, 0xa9, 0xfd, 0x89, 0xfd, 0xa9, 0xfd, 0xaa, 0xfd, 0xaa, 0xfd, 0xa9, 0xfd, 0x89, 0xf5, 0xc9, 0xfd, 0xe9, 0xd4, 0x40, 0x08, 0xc3, 0x18, 0xda, 0xde, 0xff, 0xff, 0xde, 0xff, 0xff, 0xff,
    0xff, 0xff, 0xff, 0xff, 0xfe, 0xff, 0xff, 0xff, 0x59, 0xce, 0x82, 0x10, 0x00, 0x00, 0x00, 0x00, 0x00, 0x00, 0x00, 0x00, 0x00, 0x00, 0x00, 0x00, 0x44, 0x62, 0x0a, 0xfe, 0x88, 0xf5, 0xa9, 0xfd, 0xa9, 0xfd, 0x89, 0xfd, 0xa9, 0xfd, 0xa9, 0xfd,
    0xa9, 0xfd, 0xa9, 0xfd, 0x89, 0xfd, 0x89, 0xfd, 0x89, 0xfd, 0x89, 0xf5, 0x0b, 0xfe, 0xe3, 0x59, 0xb3, 0x94, 0xff, 0xff, 0xde, 0xff, 0xff, 0xff, 0xff, 0xff, 0xff, 0xff, 0xff, 0xff, 0xde, 0xff, 0xff, 0xff, 0x34, 0xa5, 0x00, 0x00, 0x07, 0x42,
    0x44, 0x29, 0x00, 0x00, 0x00, 0x00, 0x00, 0x00, 0x00, 0x00, 0x00, 0x00, 0x00, 0x00, 0xa9, 0xcc, 0xc9, 0xfd, 0x89, 0xf5, 0xa9, 0xfd, 0xa9, 0xfd, 0xa9, 0xfd, 0xa9, 0xfd, 0xa9, 0xfd, 0xa9, 0xfd, 0xa9, 0xfd, 0xca, 0xfd, 0xca, 0xfd, 0xea, 0xfd,
    0xea, 0xfd, 0xca, 0xfd, 0xa9, 0xf5, 0x4b, 0xfe, 0x07, 0x7b, 0x00, 0x00, 0xa2, 0x18, 0x5c, 0xef, 0xff, 0xff, 0xfe, 0xff, 0xff, 0xff, 0xff, 0xff, 0xff, 0xff, 0xff, 0xff, 0xff, 0xff, 0xfe, 0xff, 0xfe, 0xff, 0xff, 0xff, 0xff, 0xff, 0xdf, 0xff,
    0xfe, 0xff, 0xff, 0xff, 0xff, 0xff, 0xfe, 0xff, 0xff, 0xff, 0xff, 0xff, 0xff, 0xff, 0xff, 0xff, 0xff, 0xff, 0xff, 0xff, 0xff, 0xff, 0xfe, 0xff, 0xff, 0xff, 0x79, 0xce, 0x20, 0x00, 0x00, 0x00, 0xea, 0xbc, 0x0e, 0xff, 0x2b, 0xf6, 0xca, 0xfd,
    0xc9, 0xfd, 0xca, 0xfd, 0xca, 0xfd, 0xca, 0xfd, 0xa9, 0xfd, 0xaa, 0xfd, 0xa9, 0xfd, 0xa9, 0xfd, 0xaa, 0xfd, 0xaa, 0xfd, 0xa9, 0xfd, 0x89, 0xf5, 0xea, 0xfd, 0xc3, 0x51, 0x00, 0x00, 0xf7, 0xc5, 0xff, 0xff, 0xde, 0xff, 0xff, 0xff, 0xff, 0xff,
    0xff, 0xff, 0xff, 0xff, 0xff, 0xff, 0xbe, 0xf7, 0x24, 0x21, 0x00, 0x00, 0xc3, 0x18, 0x00, 0x00, 0x00, 0x00, 0x00, 0x00, 0x00, 0x00, 0x00, 0x00, 0xe2, 0x20, 0x89, 0xf5, 0xa8, 0xfd, 0xa9, 0xfd, 0xa9, 0xfd, 0xa9, 0xfd, 0xa9, 0xfd, 0xa8, 0xfd,
    0x88, 0xfd, 0x89, 0xfd, 0x89, 0xfd, 0x89, 0xfd, 0x89, 0xfd, 0x89, 0xf5, 0xca, 0xfd, 0x24, 0x5a, 0xba, 0xd6, 0xff, 0xff, 0xff, 0xff, 0xff, 0xff, 0xff, 0xff, 0xff, 0xff, 0xff, 0xff, 0xde, 0xff, 0xff, 0xff, 0x28, 0x4a, 0x00, 0x00, 0x95, 0xb5,
    0x0b, 0x63, 0x00, 0x00, 0x00, 0x00, 0x00, 0x00, 0x00, 0x00, 0x00, 0x00, 0x00, 0x00, 0x46, 0x8b, 0x0a, 0xfe, 0x89, 0xf5, 0xa9, 0xfd, 0xa9, 0xfd, 0xa9, 0xfd, 0xa9, 0xfd, 0xc9, 0xfd, 0xe9, 0xfd, 0xc9, 0xfd, 0xa9, 0xf5, 0x89, 0xf5, 0x69, 0xf5,
    0x49, 0xf5, 0x08, 0xf5, 0xe8, 0xf4, 0x28, 0xf5, 0xe9, 0xdc, 0x61, 0x10, 0x00, 0x00, 0xd2, 0x9c, 0xff, 0xff, 0xde, 0xff, 0xff, 0xff, 0xff, 0xff, 0xff, 0xff, 0xff, 0xff, 0xff, 0xff, 0xff, 0xff, 0xff, 0xff, 0xff, 0xff, 0xff, 0xff, 0xde, 0xff,
    0xde, 0xff, 0xff, 0xff, 0xff, 0xff, 0xfe, 0xff, 0xff, 0xff, 0xff, 0xff, 0xfe, 0xff, 0xff, 0xff, 0xff, 0xff, 0xff, 0xff, 0xff, 0xff, 0xde, 0xff, 0xff, 0xff, 0x6d, 0x6b, 0x00, 0x00, 0x43, 0x31, 0xce, 0xfe, 0xad, 0xfe, 0xca, 0xfd, 0xa9, 0xfd,
    0xa9, 0xfd, 0x89, 0xfd, 0xa9, 0xfd, 0xa9, 0xfd, 0xa9, 0xfd, 0xa9, 0xfd, 0xaa, 0xfd, 0xa9, 0xfd, 0xa9, 0xfd, 0xa9, 0xfd, 0xa9, 0xfd, 0xca, 0xfd, 0xea, 0xd4, 0x00, 0x00, 0x4c, 0x6b, 0xff, 0xff, 0xde, 0xff, 0xff, 0xff, 0xff, 0xff, 0xff, 0xff,
    0xff, 0xff, 0xde, 0xff, 0xff, 0xff, 0x75, 0xad, 0x00, 0x00, 0x0b, 0x63, 0x58, 0xce, 0x00, 0x00, 0x00, 0x00, 0x00, 0x00, 0x00, 0x00, 0x00, 0x00, 0x40, 0x08, 0x09, 0xdd, 0xa8, 0xfd, 0x89, 0xfd, 0xa9, 0xfd, 0xa9, 0xfd, 0xa8, 0xfd, 0xc9, 0xfd,
    0xeb, 0xfd, 0xeb, 0xfd, 0xaa, 0xfd, 0x68, 0xfd, 0x68, 0xfd, 0x89, 0xfd, 0xa9, 0xfd, 0x68, 0x8b, 0x5d, 0xe7, 0xff, 0xff, 0xff, 0xff, 0xff, 0xff, 0xff, 0xff, 0xff, 0xff, 0xff, 0xff, 0xff, 0xff, 0x9d, 0xf7, 0xe3, 0x18, 0x00, 0x00, 0x00, 0x00,
    0x00, 0x00, 0x00, 0x00, 0x00, 0x00, 0x00, 0x00, 0x00, 0x00, 0x00, 0x00, 0x00, 0x00, 0x65, 0x62, 0x0a, 0xfe, 0x89, 0xf5, 0x89, 0xfd, 0xa9, 0xfd, 0xca, 0xfd, 0xa9, 0xfd, 0x48, 0xf5, 0xc7, 0xf4, 0x47, 0xf4, 0xe6, 0xeb, 0x85, 0xeb, 0x65, 0xeb,
    0x85, 0xf3, 0x65, 0xeb, 0x86, 0xeb, 0x65, 0xe3, 0xc6, 0xfb, 0xa3, 0x61, 0x00, 0x00, 0xa6, 0x39, 0xff, 0xff, 0xff, 0xff, 0xff, 0xff, 0xfe, 0xff, 0xff, 0xff, 0xff, 0xff, 0xff, 0xff, 0xff, 0xff, 0xff, 0xff, 0xff, 0xff, 0xff, 0xff, 0xde, 0xff,
    0xff, 0xff, 0xff, 0xff, 0xff, 0xff, 0xff, 0xff, 0xff, 0xff, 0xff, 0xff, 0xff, 0xff, 0xff, 0xff, 0xff, 0xff, 0xff, 0xff, 0xff, 0xff, 0xff, 0xff, 0x5d, 0xef, 0xc2, 0x18, 0x00, 0x00, 0x08, 0x94, 0x0e, 0xff, 0x2b, 0xf6, 0xa9, 0xfd, 0xc9, 0xfd,
    0xa9, 0xfd, 0xc9, 0xfd, 0xea, 0xfd, 0xea, 0xfd, 0xc9, 0xfd, 0xa9, 0xfd, 0xa9, 0xfd, 0xa9, 0xfd, 0xa9, 0xfd, 0xa9, 0xfd, 0xa9, 0xf5, 0x2a, 0xfe, 0x87, 0x9b, 0x00, 0x00, 0xfb, 0xe6, 0xff, 0xff, 0xfe, 0xff, 0xff, 0xff, 0xff, 0xff, 0xff, 0xff,
    0xff, 0xff, 0xde, 0xff, 0xff, 0xff, 0x2c, 0x63, 0x00, 0x00, 0xc2, 0x18, 0x03, 0x21, 0x00, 0x00, 0x00, 0x00, 0x00, 0x00, 0x00, 0x00, 0x00, 0x00, 0x00, 0x00, 0xc8, 0xd4, 0xc9, 0xfd, 0x88, 0xfd, 0x88, 0xfd, 0xea, 0xfd, 0x6f, 0xf6, 0xf3, 0xf6,
    0x56, 0xf7, 0x56, 0xf7, 0xf4, 0xf6, 0x4f, 0xf6, 0x8a, 0xf5, 0x48, 0xfd, 0x88, 0xfd, 0xac, 0xed, 0xde, 0xff, 0xff, 0xff, 0xff, 0xff, 0xff, 0xff, 0xff, 0xff, 0xff, 0xff, 0xfe, 0xff, 0xff, 0xff, 0x5c, 0xef, 0x82, 0x10, 0x00, 0x00, 0x00, 0x00,
    0x00, 0x00, 0x00, 0x00, 0x00, 0x00, 0x00, 0x00, 0x00, 0x00, 0x00, 0x00, 0x00, 0x00, 0x24, 0x5a, 0x0a, 0xfe, 0x88, 0xf5, 0xa9, 0xfd, 0x89, 0xf5, 0x87, 0xf4, 0xe6, 0xeb, 0x85, 0xeb, 0x44, 0xf3, 0x44, 0xf3, 0x24, 0xf3, 0x44, 0xf3, 0x44, 0xf3,
    0x65, 0xf3, 0x65, 0xf3, 0x45, 0xf3, 0x45, 0xeb, 0x85, 0xfb, 0xc5, 0xba, 0x20, 0x00, 0x00, 0x00, 0x38, 0xc6, 0xff, 0xff, 0xde, 0xff, 0xde, 0xff, 0xde, 0xff, 0xde, 0xff, 0xff, 0xff, 0xff, 0xff, 0xff, 0xff, 0xff, 0xff, 0xff, 0xff, 0xdf, 0xff,
    0xff, 0xff, 0xff, 0xff, 0xff, 0xff, 0xfe, 0xff, 0xde, 0xff, 0xde, 0xff, 0xde, 0xff, 0xde, 0xff, 0xde, 0xff, 0xde, 0xff, 0xde, 0xff, 0xff, 0xff, 0x92, 0x94, 0x00, 0x00, 0x61, 0x10, 0x06, 0xdc, 0x46, 0xf4, 0x06, 0xec, 0xa5, 0xeb, 0xc6, 0xeb,
    0x06, 0xf4, 0x67, 0xec, 0x87, 0xec, 0xe8, 0xf4, 0x08, 0xf5, 0x89, 0xf5, 0xca, 0xfd, 0xca, 0xfd, 0xa9, 0xfd, 0xa9, 0xfd, 0xa9, 0xfd, 0x2b, 0xfe, 0x84, 0x72, 0x66, 0x29, 0xff, 0xff, 0xff, 0xff, 0xff, 0xff, 0xff, 0xff, 0xff, 0xff, 0xff, 0xff,
    0xff, 0xff, 0xde, 0xff, 0xff, 0xff, 0x48, 0x4a, 0x00, 0x00, 0x00, 0x00, 0x00, 0x00, 0x00, 0x00, 0x00, 0x00, 0x00, 0x00, 0x00, 0x00, 0x00, 0x00, 0x40, 0x08, 0x29, 0xe5, 0xa8, 0xfd, 0x89, 0xf5, 0xb0, 0xf6, 0x96, 0xff, 0xfa, 0xff, 0xfb, 0xff,
    0xfc, 0xff, 0xfc, 0xff, 0xfc, 0xff, 0xfc, 0xff, 0x99, 0xff, 0x4f, 0xf6, 0x47, 0xfd, 0x89, 0xf5, 0xbc, 0xff, 0xff, 0xff, 0xff, 0xff, 0xff, 0xff, 0xff, 0xff, 0xff, 0xff, 0xff, 0xff, 0xff, 0xff, 0xbd, 0xf7, 0xe3, 0x18, 0x00, 0x00, 0x00, 0x00,
    0x00, 0x00, 0x00, 0x00, 0x00, 0x00, 0x00, 0x00, 0x00, 0x00, 0x00, 0x00, 0x00, 0x00, 0x84, 0x6a, 0x0a, 0xfe, 0x89, 0xf5, 0x68, 0xf5, 0xc5, 0xeb, 0x24, 0xf3, 0x44, 0xf3, 0x64, 0xf3, 0x44, 0xf3, 0x44, 0xf3, 0x44, 0xf3, 0x44, 0xf3, 0x64, 0xf3,
    0x65, 0xf3, 0x65, 0xf3, 0x45, 0xf3, 0x45, 0xf3, 0x65, 0xf3, 0x85, 0xf3, 0xe2, 0x30, 0x00, 0x00, 0x6d, 0x73, 0xff, 0xff, 0xff, 0xff, 0xff, 0xff, 0xff, 0xff, 0xff, 0xff, 0xff, 0xff, 0xff, 0xff, 0xff, 0xff, 0xff, 0xff, 0xff, 0xff, 0xde, 0xff,
    0xff, 0xff, 0xff, 0xff, 0xff, 0xff, 0xff, 0xff, 0xff, 0xff, 0xff, 0xff, 0xff, 0xff, 0xff, 0xff, 0xff, 0xff, 0xff, 0xff, 0xff, 0xff, 0xff, 0xff, 0x07, 0x42, 0x00, 0x00, 0x42, 0x51, 0xc5, 0xfb, 0xc5, 0xeb, 0x65, 0xeb, 0x44, 0xeb, 0x24, 0xeb,
    0x44, 0xeb, 0x44, 0xeb, 0x44, 0xeb, 0x64, 0xeb, 0x65, 0xeb, 0xa5, 0xeb, 0x67, 0xf4, 0x08, 0xf5, 0x89, 0xfd, 0xa9, 0xfd, 0x89, 0xfd, 0x2b, 0xfe, 0x43, 0x6a, 0x8a, 0x52, 0xff, 0xff, 0xde, 0xff, 0xff, 0xff, 0xff, 0xff, 0xff, 0xff, 0xff, 0xff,
    0xff, 0xff, 0xde, 0xff, 0xff, 0xff, 0xaa, 0x52, 0x00, 0x00, 0x20, 0x00, 0x00, 0x00, 0x00, 0x00, 0x00, 0x00, 0x00, 0x00, 0x00, 0x00, 0x00, 0x00, 0x02, 0x29, 0xa9, 0xfd, 0xeb, 0xfd, 0xf4, 0xf6, 0xfa, 0xff, 0x79, 0xef, 0xd0, 0x9c, 0x6c, 0x6b,
    0xca, 0x5a, 0xc9, 0x5a, 0xad, 0x73, 0x73, 0xad, 0xfc, 0xff, 0xdb, 0xff, 0xb4, 0xf6, 0x28, 0xf5, 0xf7, 0xf6, 0xff, 0xff, 0xfe, 0xff, 0xff, 0xff, 0xff, 0xff, 0xff, 0xff, 0xff, 0xff, 0xde, 0xff, 0xff, 0xff, 0x48, 0x4a, 0x00, 0x00, 0x20, 0x00,
    0x00, 0x00, 0x00, 0x00, 0x00, 0x00, 0x00, 0x00, 0x00, 0x00, 0x20, 0x00, 0x00, 0x00, 0xa7, 0x9b, 0x0a, 0xfe, 0x89, 0xf5, 0x68, 0xf5, 0xa5, 0xeb, 0x24, 0xf3, 0x44, 0xf3, 0x44, 0xf3, 0x44, 0xf3, 0x64, 0xf3, 0x64, 0xf3, 0x64, 0xf3, 0x64, 0xf3,
    0x65, 0xf3, 0x65, 0xf3, 0x45, 0xeb, 0x45, 0xf3, 0x65, 0xf3, 0xe5, 0xfb, 0x04, 0x8a, 0x00, 0x00, 0x44, 0x29, 0x5d, 0xef, 0x59, 0xce, 0x92, 0x94, 0x4c, 0x6b, 0x69, 0x4a, 0xe7, 0x39, 0xc7, 0x39, 0xf7, 0xbd, 0xff, 0xff, 0xde, 0xff, 0xde, 0xff,
    0xff, 0xff, 0xff, 0xff, 0xff, 0xff, 0x1b, 0xe7, 0x6d, 0x6b, 0xeb, 0x5a, 0x4c, 0x6b, 0x0f, 0x84, 0xd3, 0x9c, 0xf7, 0xbd, 0x3c, 0xe7, 0xfb, 0xde, 0x61, 0x08, 0x00, 0x00, 0xa4, 0xba, 0xe5, 0xfb, 0xa5, 0xf3, 0x44, 0xeb, 0x44, 0xeb, 0x44, 0xeb,
    0x44, 0xf3, 0x44, 0xf3, 0x64, 0xf3, 0x44, 0xf3, 0x44, 0xf3, 0x64, 0xf3, 0x65, 0xf3, 0x85, 0xf3, 0x67, 0xf4, 0x89, 0xfd, 0x89, 0xf5, 0x0a, 0xfe, 0x05, 0x8b, 0x29, 0x42, 0xff, 0xff, 0xfe, 0xff, 0xff, 0xff, 0xff, 0xff, 0xff, 0xff, 0xff, 0xff,
    0xff, 0xff, 0xde, 0xff, 0xff, 0xff, 0x0f, 0x84, 0x00, 0x00, 0x20, 0x00, 0x00, 0x00, 0x00, 0x00, 0x00, 0x00, 0x00, 0x00, 0x20, 0x00, 0x00, 0x00, 0x64, 0x6a, 0xaf, 0xfe, 0x98, 0xf7, 0xfb, 0xff, 0x39, 0xef, 0xc6, 0x41, 0x63, 0x61, 0x45, 0xa2,
    0x65, 0xb2, 0x65, 0xb2, 0x25, 0xa2, 0x02, 0x51, 0x0b, 0x63, 0xfc, 0xff, 0xfc, 0xff, 0xf5, 0xf6, 0xcf, 0xed, 0xff, 0xff, 0xff, 0xff, 0xff, 0xff, 0xff, 0xff, 0xff, 0xff, 0xff, 0xff, 0xde, 0xff, 0xff, 0xff, 0x75, 0xad, 0x00, 0x00, 0x20, 0x00,
    0x00, 0x00, 0x00, 0x00, 0x00, 0x00, 0x00, 0x00, 0x00, 0x00, 0x00, 0x00, 0x20, 0x08, 0x2a, 0xdd, 0xe9, 0xfd, 0xa9, 0xfd, 0xa9, 0xfd, 0x89, 0xfd, 0xa7, 0xf4, 0xe5, 0xf3, 0xa5, 0xf3, 0x64, 0xf3, 0x44, 0xf3, 0x44, 0xf3, 0x44, 0xf3, 0x44, 0xf3,
    0x44, 0xf3, 0x65, 0xfb, 0x85, 0xfb, 0xa5, 0xfb, 0x45, 0xeb, 0xe4, 0xca, 0x83, 0x61, 0x00, 0x00, 0x20, 0x00, 0xa2, 0x10, 0xc2, 0x18, 0x85, 0x31, 0xaa, 0x5a, 0xae, 0x73, 0x13, 0xa5, 0x18, 0xc6, 0x7d, 0xf7, 0xff, 0xff, 0xde, 0xff, 0xde, 0xff,
    0xff, 0xff, 0xff, 0xff, 0xff, 0xff, 0x3c, 0xef, 0xf3, 0x9c, 0xae, 0x73, 0x2c, 0x63, 0x48, 0x4a, 0x85, 0x31, 0xc2, 0x18, 0x81, 0x10, 0xc2, 0x18, 0x00, 0x00, 0x00, 0x00, 0x23, 0x8a, 0x45, 0xd3, 0x85, 0xf3, 0xa5, 0xfb, 0x85, 0xfb, 0x64, 0xfb,
    0x24, 0xf3, 0x24, 0xeb, 0x44, 0xeb, 0x64, 0xf3, 0x64, 0xf3, 0x64, 0xf3, 0x64, 0xf3, 0x44, 0xf3, 0xa5, 0xf3, 0x49, 0xf5, 0x89, 0xfd, 0xea, 0xfd, 0x88, 0xcc, 0xe3, 0x20, 0x9d, 0xf7, 0xff, 0xff, 0xff, 0xff, 0xff, 0xff, 0xff, 0xff, 0xff, 0xff,
    0xff, 0xff, 0xde, 0xff, 0xff, 0xff, 0xda, 0xde, 0x20, 0x00, 0x00, 0x00, 0x00, 0x00, 0x00, 0x00, 0x00, 0x00, 0x00, 0x00, 0x00, 0x00, 0x00, 0x08, 0x2c, 0xd5, 0xfa, 0xff, 0xba, 0xf7, 0xfc, 0xff, 0x12, 0xa5, 0xa1, 0x38, 0x8b, 0xfc, 0xe9, 0xfb,
    0xa8, 0xfb, 0x88, 0xfb, 0x6a, 0xfc, 0x65, 0xaa, 0xa6, 0x31, 0xfc, 0xff, 0xba, 0xff, 0xfc, 0xff, 0x93, 0xf6, 0x95, 0xf6, 0xff, 0xff, 0xfe, 0xff, 0xff, 0xff, 0xff, 0xff, 0xff, 0xff, 0xff, 0xff, 0xfe, 0xff, 0xff, 0xff, 0xaa, 0x52, 0x00, 0x00,
    0x00, 0x00, 0x20, 0x00, 0x20, 0x00, 0x00, 0x00, 0x00, 0x00, 0x00, 0x00, 0x65, 0x62, 0x2b, 0xfe, 0x29, 0xf5, 0x49, 0xf5, 0x6a, 0xf5, 0x89, 0xfd, 0xa9, 0xfd, 0xa9, 0xfd, 0x69, 0xfd, 0x08, 0xf5, 0xc7, 0xf4, 0x86, 0xf4, 0x46, 0xfc, 0x87, 0xfc,
    0x68, 0xfc, 0x45, 0xdb, 0x23, 0x9a, 0x22, 0x51, 0x61, 0x20, 0x41, 0x18, 0xc2, 0x30, 0x60, 0x10, 0x00, 0x00, 0x8d, 0x73, 0x7d, 0xef, 0xff, 0xff, 0xff, 0xff, 0xff, 0xff, 0xff, 0xff, 0xff, 0xff, 0xff, 0xff, 0xfe, 0xff, 0xde, 0xff, 0xde, 0xff,
    0xff, 0xff, 0xff, 0xff, 0xfe, 0xff, 0xff, 0xff, 0xff, 0xff, 0xff, 0xff, 0xff, 0xff, 0xff, 0xff, 0xff, 0xff, 0x9d, 0xf7, 0x79, 0xce, 0xe7, 0x41, 0x00, 0x00, 0x81, 0x18, 0xc2, 0x30, 0x41, 0x10, 0x81, 0x20, 0xe2, 0x48, 0xc3, 0x81, 0xc4, 0xca,
    0x85, 0xfb, 0xa5, 0xfb, 0x64, 0xfb, 0x44, 0xf3, 0x44, 0xf3, 0x64, 0xf3, 0xe5, 0xf3, 0x87, 0xf4, 0x49, 0xf5, 0xc9, 0xfd, 0xaa, 0xfd, 0x89, 0xfd, 0x0b, 0xfe, 0x42, 0x39, 0x92, 0x8c, 0xff, 0xff, 0xde, 0xff, 0xff, 0xff, 0xff, 0xff, 0xff, 0xff,
    0xff, 0xff, 0xff, 0xff, 0xde, 0xff, 0xff, 0xff, 0x30, 0x8c, 0x00, 0x00, 0x00, 0x00, 0x00, 0x00, 0x00, 0x00, 0x20, 0x00, 0x00, 0x00, 0xe6, 0x82, 0xb8, 0xff, 0xdb, 0xff, 0xba, 0xff, 0xdb, 0xff, 0x5a, 0xef, 0xe6, 0x41, 0x01, 0x59, 0x68, 0xe3,
    0xa8, 0xfb, 0xc8, 0xfb, 0x45, 0xaa, 0xe3, 0x28, 0x56, 0xce, 0xfc, 0xff, 0xba, 0xff, 0xda, 0xff, 0xfb, 0xff, 0x10, 0xee, 0x95, 0xf6, 0xff, 0xff, 0xff, 0xff, 0xff, 0xff, 0xfe, 0xff, 0xde, 0xff, 0xde, 0xff, 0xdf, 0xff, 0xbe, 0xf7, 0x0b, 0x63,
    0x00, 0x00, 0x00, 0x00, 0x00, 0x00, 0x61, 0x10, 0xa3, 0x10, 0xa2, 0x20, 0x09, 0xe4, 0xc8, 0xf3, 0x47, 0xeb, 0x47, 0xeb, 0x88, 0xeb, 0xc8, 0xeb, 0xa9, 0xf4, 0x49, 0xfd, 0xa9, 0xfd, 0xa9, 0xfd, 0x89, 0xfd, 0xe9, 0xfd, 0x49, 0xe5, 0x26, 0x8b,
    0x43, 0x39, 0x61, 0x20, 0xc1, 0x30, 0xa2, 0x69, 0x84, 0xaa, 0x45, 0xe3, 0xa6, 0xfb, 0xe2, 0x38, 0x00, 0x00, 0x8d, 0x73, 0xff, 0xff, 0xbe, 0xf7, 0xde, 0xff, 0xde, 0xff, 0xde, 0xff, 0xde, 0xff, 0xff, 0xff, 0xff, 0xff, 0xff, 0xff, 0xde, 0xff,
    0xff, 0xff, 0xff, 0xff, 0xff, 0xff, 0xff, 0xff, 0xde, 0xff, 0xde, 0xff, 0xde, 0xff, 0xde, 0xff, 0xff, 0xff, 0xff, 0xff, 0xff, 0xff, 0x07, 0x42, 0x00, 0x00, 0xe4, 0x79, 0x07, 0xfc, 0x25, 0xd3, 0xa4, 0xaa, 0xc3, 0x71, 0xe1, 0x38, 0x81, 0x18,
    0xa1, 0x28, 0x62, 0x69, 0xe4, 0xba, 0x06, 0xf4, 0x87, 0xf4, 0xe8, 0xf4, 0x8a, 0xf5, 0xeb, 0xfd, 0x0a, 0xf5, 0x49, 0xf4, 0x08, 0xf4, 0xc8, 0xeb, 0x28, 0xfc, 0xa8, 0xd3, 0xc2, 0x20, 0xba, 0xd6, 0xff, 0xff, 0xde, 0xff, 0xde, 0xff, 0xff, 0xff,
    0xff, 0xff, 0xff, 0xff, 0xff, 0xff, 0xde, 0xff, 0xff, 0xff, 0x50, 0x8c, 0x82, 0x10, 0x00, 0x00, 0x61, 0x08, 0x00, 0x00, 0x23, 0x62, 0x35, 0xff, 0xfc, 0xff, 0xda, 0xff, 0xda, 0xff, 0xda, 0xff, 0xfb, 0xff, 0xbb, 0xf7, 0x6d, 0x6b, 0xe2, 0x30,
    0x05, 0x8a, 0x63, 0x61, 0xc6, 0x41, 0xd9, 0xde, 0xfc, 0xff, 0xda, 0xff, 0xdb, 0xff, 0xda, 0xff, 0xfb, 0xff, 0xda, 0xff, 0xcd, 0xed, 0xef, 0xf5, 0x7c, 0xff, 0xff, 0xff, 0xff, 0xff, 0xff, 0xff, 0xff, 0xff, 0xff, 0xff, 0xff, 0xff, 0xff, 0xff,
    0x99, 0xd6, 0x51, 0x8c, 0xae, 0x73, 0x69, 0x4a, 0x03, 0x39, 0x07, 0xd3, 0x27, 0xfb, 0x07, 0xf3, 0x27, 0xf3, 0x07, 0xf3, 0xe7, 0xf2, 0xe7, 0xf2, 0x08, 0xf3, 0x89, 0xf3, 0x89, 0xf4, 0x89, 0xfd, 0xc9, 0xfd, 0x88, 0xcc, 0x63, 0x41, 0xc4, 0x51,
    0x46, 0x9b, 0x26, 0xdc, 0x06, 0xfc, 0xa5, 0xfb, 0x64, 0xfb, 0x44, 0xf3, 0x85, 0xfb, 0x83, 0x61, 0x00, 0x00, 0xa6, 0x31, 0xff, 0xff, 0xde, 0xff, 0xde, 0xff, 0xff, 0xff, 0xff, 0xff, 0xff, 0xff, 0xff, 0xff, 0xfe, 0xff, 0xde, 0xff, 0xde, 0xff,
    0xff, 0xff, 0xff, 0xff, 0xff, 0xff, 0xff, 0xff, 0xff, 0xff, 0xff, 0xff, 0xff, 0xff, 0xff, 0xff, 0xff, 0xff, 0xff, 0xff, 0x1b, 0xe7, 0x81, 0x10, 0x00, 0x00, 0x84, 0xa2, 0xe5, 0xfb, 0xa5, 0xfb, 0xa5, 0xfb, 0xc5, 0xfb, 0xa5, 0xfb, 0x85, 0xe3,
    0xa4, 0x9a, 0x04, 0x52, 0x02, 0x29, 0x87, 0x9b, 0xeb, 0xfd, 0xca, 0xf5, 0x29, 0xfd, 0xc8, 0xf3, 0x27, 0xf3, 0x08, 0xf3, 0x08, 0xf3, 0x27, 0xf3, 0x07, 0xf3, 0x88, 0xfb, 0x65, 0xb2, 0x24, 0x31, 0x38, 0xbe, 0xff, 0xff, 0xff, 0xff, 0xff, 0xff,
    0xff, 0xff, 0xfe, 0xff, 0xfe, 0xff, 0xff, 0xff, 0xff, 0xff, 0xff, 0xff, 0xde, 0xff, 0x76, 0xad, 0x29, 0x4a, 0xa4, 0x7a, 0xf2, 0xfe, 0xfb, 0xff, 0xda, 0xff, 0xdb, 0xff, 0xda, 0xff, 0xda, 0xff, 0xda, 0xff, 0xfb, 0xff, 0xfd, 0xff, 0xb8, 0xd6,
    0x04, 0x19, 0xce, 0x73, 0xfd, 0xff, 0xfb, 0xff, 0xda, 0xff, 0xda, 0xff, 0xda, 0xff, 0xda, 0xff, 0xda, 0xff, 0xfb, 0xff, 0x99, 0xff, 0xcb, 0xf5, 0x48, 0xf5, 0xcf, 0xed, 0x36, 0xde, 0x79, 0xd6, 0xfb, 0xde, 0x3d, 0xe7, 0x3d, 0xe7, 0xdb, 0xd6,
    0x59, 0xc6, 0xb3, 0x94, 0x89, 0x62, 0xa4, 0x79, 0x27, 0xeb, 0x48, 0xfb, 0x28, 0xf3, 0x28, 0xf3, 0x27, 0xf3, 0x07, 0xf3, 0xe7, 0xf2, 0xe7, 0xf2, 0xe7, 0xf2, 0xe7, 0xf2, 0x08, 0xf3, 0xe8, 0xeb, 0x69, 0xfd, 0x49, 0xed, 0x49, 0xed, 0x2a, 0xfe,
    0x0a, 0xfe, 0xa9, 0xfd, 0x48, 0xfd, 0xe7, 0xf4, 0x87, 0xec, 0x46, 0xec, 0x46, 0xfc, 0x44, 0x8a, 0x00, 0x00, 0xc2, 0x18, 0x7d, 0xf7, 0xff, 0xff, 0xfe, 0xff, 0xff, 0xff, 0xfe, 0xff, 0xff, 0xff, 0xfe, 0xff, 0xfe, 0xff, 0xde, 0xff, 0xde, 0xff,
    0xff, 0xff, 0xff, 0xff, 0xfe, 0xff, 0xff, 0xff, 0xfe, 0xff, 0xfe, 0xff, 0xff, 0xff, 0xff, 0xff, 0xde, 0xff, 0xff, 0xff, 0x38, 0xc6, 0x00, 0x00, 0x00, 0x00, 0x04, 0xc3, 0xe5, 0xfb, 0x64, 0xeb, 0x85, 0xf3, 0xc5, 0xf3, 0x26, 0xf4, 0xc7, 0xfc,
    0x68, 0xfd, 0x0a, 0xfe, 0xca, 0xfd, 0x8a, 0xf5, 0xaa, 0xf5, 0x48, 0xf4, 0x06, 0xf3, 0x28, 0xf3, 0x48, 0xf3, 0x08, 0xf3, 0x07, 0xf3, 0x07, 0xf3, 0x07, 0xf3, 0xe7, 0xea, 0x48, 0xfb, 0x86, 0xc2, 0x23, 0x49, 0x6d, 0x6b, 0x38, 0xc6, 0x9e, 0xf7,
    0xff, 0xff, 0xff, 0xff, 0xff, 0xff, 0xff, 0xff, 0x9e, 0xef, 0x5a, 0xce, 0xb2, 0x94, 0x29, 0x7b, 0x06, 0xbc, 0xd1, 0xfe, 0xfb, 0xff, 0xdb, 0xff, 0xdb, 0xff, 0xba, 0xff, 0xdb, 0xff, 0xda, 0xff, 0xdb, 0xff, 0xdb, 0xff, 0xba, 0xf7, 0xfd, 0xff,
    0xd1, 0xa4, 0xf8, 0xe6, 0xfc, 0xff, 0xba, 0xff, 0xda, 0xff, 0xda, 0xff, 0xda, 0xff, 0xda, 0xff, 0xba, 0xff, 0xb9, 0xff, 0xda, 0xff, 0x99, 0xff, 0x0d, 0xf6, 0x45, 0xfd, 0x06, 0xed, 0x67, 0xc4, 0xa7, 0xa3, 0x27, 0x8b, 0x07, 0x83, 0xc6, 0x7a,
    0x84, 0x72, 0x23, 0x92, 0xa5, 0xd2, 0x48, 0xfb, 0x27, 0xf3, 0x08, 0xf3, 0x28, 0xf3, 0x28, 0xf3, 0x07, 0xf3, 0x07, 0xf3, 0x27, 0xf3, 0x07, 0xf3, 0x07, 0xf3, 0x07, 0xf3, 0x07, 0xf3, 0x27, 0xeb, 0x88, 0xf4, 0xc9, 0xfd, 0xa9, 0xfd, 0x89, 0xf5,
    0x89, 0xf5, 0x89, 0xfd, 0x89, 0xfd, 0x89, 0xfd, 0xa9, 0xfd, 0x89, 0xf5, 0xca, 0xfd, 0xc7, 0xab, 0x00, 0x00, 0x40, 0x08, 0xfa, 0xde, 0xff, 0xff, 0xde, 0xff, 0xde, 0xff, 0xfe, 0xff, 0xff, 0xff, 0xff, 0xff, 0xff, 0xff, 0xde, 0xff, 0xde, 0xff,
    0xff, 0xff, 0xff, 0xff, 0xff, 0xff, 0xfe, 0xff, 0xff, 0xff, 0xff, 0xff, 0xff, 0xff, 0xff, 0xff, 0xde, 0xff, 0xff, 0xff, 0x13, 0xa5, 0x00, 0x00, 0x61, 0x10, 0x47, 0xdc, 0x49, 0xfd, 0xe7, 0xf4, 0x48, 0xf5, 0xc9, 0xfd, 0xc9, 0xfd, 0xc9, 0xfd,
    0xa9, 0xfd, 0xa9, 0xfd, 0xc9, 0xfd, 0xc9, 0xfd, 0x89, 0xf4, 0x06, 0xf3, 0x07, 0xf3, 0x27, 0xf3, 0x07, 0xf3, 0x07, 0xf3, 0x07, 0xf3, 0x07, 0xf3, 0x07, 0xf3, 0x07, 0xf3, 0x07, 0xeb, 0x48, 0xfb, 0x48, 0xf3, 0xe4, 0xa9, 0x63, 0x69, 0xe6, 0x59,
    0xca, 0x62, 0x2c, 0x6b, 0x4c, 0x73, 0x4a, 0x73, 0x28, 0x7b, 0x46, 0x93, 0x05, 0xbc, 0x47, 0xf5, 0xd2, 0xfe, 0xdb, 0xff, 0xda, 0xff, 0xda, 0xff, 0xfb, 0xff, 0xfc, 0xff, 0xda, 0xff, 0xda, 0xff, 0xda, 0xff, 0xdb, 0xff, 0xba, 0xff, 0xfc, 0xff,
    0xfe, 0xff, 0xfc, 0xff, 0xda, 0xff, 0xda, 0xff, 0xda, 0xff, 0xda, 0xff, 0xdb, 0xff, 0xba, 0xff, 0xfc, 0xff, 0xfd, 0xff, 0xfc, 0xff, 0xfa, 0xff, 0xba, 0xff, 0x90, 0xf6, 0x87, 0xfd, 0xa8, 0xfd, 0xe9, 0xfd, 0xc9, 0xfd, 0xa8, 0xfd, 0xe9, 0xfd,
    0xe9, 0xfc, 0x88, 0xfb, 0x27, 0xfb, 0xe7, 0xf2, 0x07, 0xf3, 0xe7, 0xf2, 0x07, 0xf3, 0x28, 0xfb, 0x28, 0xf3, 0x65, 0xe2, 0x85, 0xea, 0x27, 0xf3, 0xe7, 0xf2, 0x07, 0xf3, 0x07, 0xf3, 0x28, 0xf3, 0x89, 0xf3, 0xe9, 0xf4, 0xaa, 0xfd, 0x89, 0xfd,
    0x89, 0xfd, 0x88, 0xfd, 0x89, 0xfd, 0x89, 0xfd, 0x89, 0xfd, 0x89, 0xf5, 0xea, 0xfd, 0x48, 0xbc, 0x00, 0x00, 0x00, 0x00, 0x38, 0xc6, 0xff, 0xff, 0xde, 0xff, 0xff, 0xff, 0xff, 0xff, 0xff, 0xff, 0xff, 0xff, 0xff, 0xff, 0xdf, 0xff, 0xde, 0xff,
    0xff, 0xff, 0xff, 0xff, 0xff, 0xff, 0xfe, 0xff, 0xfe, 0xff, 0xff, 0xff, 0xff, 0xff, 0xde, 0xff, 0xde, 0xff, 0xff, 0xff, 0x30, 0x84, 0x00, 0x00, 0x02, 0x21, 0xce, 0xf6, 0xee, 0xfe, 0xe9, 0xf5, 0xc9, 0xfd, 0xc9, 0xfd, 0xc9, 0xfd, 0xa9, 0xfd,
    0xa9, 0xfd, 0xa9, 0xfd, 0xca, 0xfd, 0x09, 0xf5, 0x47, 0xf3, 0x27, 0xf3, 0x07, 0xf3, 0x07, 0xf3, 0xe7, 0xf2, 0x07, 0xf3, 0x27, 0xf3, 0x85, 0xea, 0xa6, 0xea, 0x28, 0xf3, 0x27, 0xf3, 0x27, 0xf3, 0x27, 0xf3, 0x68, 0xfb, 0x48, 0xfb, 0xe6, 0xea,
    0xe7, 0xd3, 0xc7, 0xd4, 0xc7, 0xdc, 0x27, 0xed, 0xa8, 0xfd, 0xe8, 0xfd, 0x0b, 0xfe, 0x15, 0xff, 0xdb, 0xff, 0xfa, 0xff, 0xda, 0xff, 0xfc, 0xff, 0x7a, 0xf7, 0x97, 0xd6, 0xfc, 0xff, 0xdb, 0xff, 0xda, 0xff, 0xda, 0xff, 0xfd, 0xff, 0x35, 0xce,
    0x0e, 0x84, 0xd5, 0xbd, 0xfc, 0xff, 0xfb, 0xff, 0xba, 0xff, 0xda, 0xff, 0xba, 0xff, 0xfd, 0xff, 0xf5, 0xc5, 0xca, 0x5a, 0x4f, 0x8c, 0xbb, 0xff, 0xdb, 0xff, 0xda, 0xff, 0xf4, 0xf6, 0xaa, 0xf5, 0x68, 0xf5, 0x68, 0xfd, 0x89, 0xf5, 0x09, 0xf5,
    0x48, 0xeb, 0x08, 0xf3, 0x07, 0xf3, 0x07, 0xf3, 0x28, 0xf3, 0xa6, 0xf2, 0xc3, 0xe1, 0x07, 0xf3, 0x48, 0xfb, 0x07, 0xf3, 0xc3, 0xd9, 0x25, 0xe2, 0x07, 0xfb, 0xe7, 0xf2, 0x07, 0xf3, 0x07, 0xfb, 0x28, 0xf3, 0xe9, 0xf3, 0x8a, 0xf5, 0x89, 0xf5,
    0x89, 0xf5, 0x89, 0xf5, 0x89, 0xf5, 0x89, 0xf5, 0x89, 0xf5, 0x89, 0xf5, 0xea, 0xfd, 0xe9, 0xd4, 0x20, 0x08, 0x00, 0x00, 0x75, 0xad, 0xff, 0xff, 0xde, 0xff, 0xff, 0xff, 0xff, 0xff, 0xff, 0xff, 0xff, 0xff, 0xde, 0xff, 0xde, 0xff, 0xde, 0xff,
    0xff, 0xff, 0xff, 0xff, 0xff, 0xff, 0xfe, 0xff, 0xfe, 0xff, 0xfe, 0xff, 0xfe, 0xff, 0xfe, 0xff, 0xde, 0xff, 0xff, 0xff, 0x6d, 0x6b, 0x00, 0x00, 0x63, 0x31, 0x0f, 0xff, 0xad, 0xfe, 0xa9, 0xf5, 0xc9, 0xfd, 0xca, 0xfd, 0xc9, 0xfd, 0xc9, 0xfd,
    0xa9, 0xfd, 0xa9, 0xfd, 0xa9, 0xf5, 0xe8, 0xf3, 0x27, 0xf3, 0x07, 0xf3, 0x07, 0xf3, 0x07, 0xf3, 0xe7, 0xf2, 0x07, 0xf3, 0x44, 0xe2, 0x04, 0xda, 0x07, 0xf3, 0x28, 0xf3, 0x07, 0xf3, 0xc7, 0xea, 0x28, 0xf3, 0x27, 0xf3, 0x07, 0xf3, 0x07, 0xfb,
    0xe9, 0xfb, 0xca, 0xfd, 0xea, 0xfd, 0xa9, 0xfd, 0xa9, 0xfd, 0x4e, 0xf6, 0x78, 0xff, 0xfc, 0xff, 0xda, 0xff, 0xda, 0xff, 0xfc, 0xff, 0x77, 0xd6, 0xc2, 0x18, 0x00, 0x00, 0xad, 0x73, 0xfd, 0xff, 0xdb, 0xff, 0xfd, 0xff, 0x0e, 0x84, 0x00, 0x00,
    0x82, 0x10, 0x00, 0x00, 0xa9, 0x5a, 0xbb, 0xf7, 0xfc, 0xff, 0xba, 0xff, 0xfe, 0xff, 0x91, 0x94, 0x00, 0x00, 0x65, 0x31, 0x00, 0x00, 0xca, 0x5a, 0xfc, 0xff, 0xb9, 0xff, 0xdb, 0xff, 0x78, 0xff, 0x91, 0xf6, 0xcb, 0xfd, 0x88, 0xfd, 0x89, 0xf4,
    0x07, 0xf3, 0x07, 0xf3, 0x28, 0xf3, 0x85, 0xea, 0xc6, 0xea, 0x48, 0xf3, 0xa6, 0xea, 0xa3, 0xd9, 0x07, 0xf3, 0x48, 0xfb, 0x08, 0xf3, 0x04, 0xda, 0xc6, 0xea, 0x07, 0xfb, 0xe7, 0xf2, 0x07, 0xf3, 0x68, 0xf3, 0xa9, 0xf3, 0xcb, 0xfd, 0x4b, 0xfe,
    0x0a, 0xfe, 0x0a, 0xfe, 0xe9, 0xfd, 0xc9, 0xfd, 0xa9, 0xfd, 0xa9, 0xf5, 0xe9, 0xfd, 0x09, 0xdd, 0x41, 0x08, 0x00, 0x00, 0x34, 0xa5, 0xff, 0xff, 0xde, 0xff, 0xff, 0xff, 0xff, 0xff, 0xff, 0xff, 0xff, 0xff, 0xff, 0xff, 0xdf, 0xff, 0xde, 0xff,
    0xff, 0xff, 0xff, 0xff, 0xff, 0xff, 0xff, 0xff, 0xfe, 0xff, 0xff, 0xff, 0xff, 0xff, 0xff, 0xff, 0xde, 0xff, 0xff, 0xff, 0x2c, 0x63, 0x00, 0x00, 0x63, 0x31, 0x0f, 0xff, 0x8c, 0xf6, 0xa9, 0xf5, 0xc9, 0xf5, 0xca, 0xf5, 0xca, 0xfd, 0xea, 0xfd,
    0xea, 0xfd, 0x2a, 0xfe, 0xaa, 0xfd, 0x67, 0xf3, 0x07, 0xf3, 0x07, 0xf3, 0xe7, 0xf2, 0x07, 0xf3, 0xe7, 0xf2, 0x44, 0xe2, 0x45, 0xe2, 0x08, 0xf3, 0x07, 0xf3, 0x07, 0xf3, 0xe4, 0xe1, 0x45, 0xe2, 0x28, 0xf3, 0x28, 0xf3, 0x27, 0xf3, 0x07, 0xf3,
    0x28, 0xf3, 0xe9, 0xf4, 0xa9, 0xf5, 0x0c, 0xf6, 0x14, 0xff, 0xda, 0xff, 0xfa, 0xff, 0xda, 0xff, 0xda, 0xff, 0xda, 0xff, 0xdc, 0xff, 0x44, 0x29, 0x48, 0x4a, 0x6f, 0x8c, 0x00, 0x00, 0x4f, 0x8c, 0xbd, 0xff, 0x6c, 0x73, 0x00, 0x00, 0x4f, 0x8c,
    0xdd, 0xff, 0x53, 0xad, 0x00, 0x00, 0xa5, 0x31, 0xf9, 0xe6, 0xfe, 0xff, 0x90, 0x94, 0x00, 0x00, 0x6c, 0x73, 0xff, 0xff, 0x56, 0xce, 0x00, 0x00, 0xf5, 0xc5, 0xfc, 0xff, 0xba, 0xff, 0xda, 0xff, 0xdb, 0xff, 0x98, 0xff, 0x35, 0xf7, 0x4a, 0xf4,
    0xe7, 0xf2, 0x07, 0xf3, 0x48, 0xf3, 0xc6, 0xea, 0xe4, 0xe1, 0x28, 0xf3, 0x68, 0xfb, 0x86, 0xea, 0xa3, 0xd9, 0x28, 0xf3, 0x28, 0xf3, 0x28, 0xfb, 0xe7, 0xf2, 0xe7, 0xf2, 0x07, 0xf3, 0x07, 0xf3, 0x27, 0xfb, 0x28, 0xe3, 0x67, 0xa3, 0xe8, 0xa3,
    0x49, 0xb4, 0x89, 0xc4, 0xe9, 0xd4, 0x6a, 0xed, 0xaa, 0xfd, 0xea, 0xfd, 0x4b, 0xfe, 0xcb, 0xf5, 0x81, 0x10, 0x00, 0x00, 0x13, 0xa5, 0xdf, 0xff, 0xbe, 0xf7, 0xde, 0xff, 0xff, 0xff, 0xff, 0xff, 0xff, 0xff, 0xff, 0xff, 0xdf, 0xff, 0xde, 0xff,
    0xff, 0xff, 0xff, 0xff, 0xff, 0xff, 0xff, 0xff, 0xff, 0xff, 0xff, 0xff, 0xff, 0xff, 0xff, 0xff, 0xde, 0xff, 0xff, 0xff, 0x2c, 0x63, 0x00, 0x00, 0x84, 0x39, 0x50, 0xff, 0xed, 0xfe, 0x2a, 0xfe, 0x4b, 0xfe, 0x2b, 0xfe, 0xeb, 0xfd, 0x4a, 0xe5,
    0xc9, 0xcc, 0x48, 0xac, 0x87, 0xb3, 0x27, 0xf3, 0x27, 0xf3, 0x07, 0xf3, 0xe7, 0xf2, 0x07, 0xf3, 0xa5, 0xea, 0x65, 0xe2, 0x28, 0xf3, 0x07, 0xf3, 0x07, 0xf3, 0x04, 0xe2, 0x05, 0xe2, 0x08, 0xf3, 0x07, 0xf3, 0x28, 0xf3, 0x08, 0xf3, 0x07, 0xf3,
    0x07, 0xf3, 0x4e, 0xf5, 0x34, 0xff, 0x98, 0xff, 0xda, 0xff, 0xda, 0xff, 0xda, 0xff, 0xda, 0xff, 0xba, 0xff, 0xfb, 0xff, 0x35, 0xce, 0x00, 0x00, 0x39, 0xef, 0xfe, 0xff, 0x2b, 0x6b, 0x00, 0x00, 0x82, 0x10, 0x00, 0x00, 0x4f, 0x8c, 0xfd, 0xff,
    0xda, 0xff, 0xfd, 0xff, 0x56, 0xce, 0xc3, 0x18, 0x20, 0x00, 0x65, 0x31, 0x00, 0x00, 0xea, 0x62, 0xfc, 0xff, 0xba, 0xff, 0xfe, 0xff, 0x68, 0x4a, 0x6c, 0x73, 0xfd, 0xff, 0xba, 0xff, 0xda, 0xff, 0xba, 0xff, 0xda, 0xff, 0xdb, 0xff, 0x8d, 0xec,
    0x07, 0xf3, 0x28, 0xf3, 0x27, 0xf3, 0x68, 0xf3, 0x65, 0xea, 0xc6, 0xea, 0x48, 0xf3, 0x48, 0xf3, 0xe7, 0xea, 0x08, 0xf3, 0x28, 0xf3, 0x07, 0xf3, 0x07, 0xf3, 0xe7, 0xf2, 0xe7, 0xf2, 0x07, 0xf3, 0x07, 0xfb, 0x07, 0xe3, 0x25, 0x7a, 0xc4, 0x51,
    0x02, 0x31, 0xe2, 0x28, 0x81, 0x18, 0x81, 0x10, 0xc2, 0x18, 0x42, 0x39, 0x04, 0x52, 0xa5, 0x72, 0x61, 0x08, 0x00, 0x00, 0x34, 0xa5, 0xff, 0xff, 0xff, 0xff, 0xff, 0xff, 0xff, 0xff, 0xde, 0xff, 0xff, 0xff, 0xff, 0xff, 0xdf, 0xff, 0xde, 0xff,
    0xff, 0xff, 0xff, 0xff, 0xff, 0xff, 0xff, 0xff, 0xff, 0xff, 0xff, 0xff, 0xde, 0xff, 0xde, 0xff, 0xde, 0xff, 0xff, 0xff, 0xae, 0x73, 0x00, 0x00, 0x43, 0x29, 0x8f, 0xee, 0x2b, 0xc5, 0xa7, 0x9b, 0x65, 0x62, 0x83, 0x41, 0xe2, 0x20, 0x81, 0x18,
    0xc2, 0x28, 0x63, 0x49, 0x45, 0x8a, 0x47, 0xf3, 0x27, 0xf3, 0xe7, 0xf2, 0xe7, 0xf2, 0xe7, 0xf2, 0x07, 0xf3, 0x28, 0xf3, 0x08, 0xf3, 0x28, 0xf3, 0xa6, 0xea, 0xc4, 0xe1, 0xe8, 0xf2, 0xe7, 0xf2, 0x28, 0xf3, 0x28, 0xf3, 0x08, 0xf3, 0x28, 0xf3,
    0x07, 0xf3, 0xd2, 0xed, 0xfb, 0xff, 0xd9, 0xff, 0xda, 0xff, 0xda, 0xff, 0xda, 0xff, 0xda, 0xff, 0xdb, 0xff, 0xfb, 0xff, 0x38, 0xef, 0xd4, 0xbd, 0xfb, 0xff, 0xda, 0xff, 0xfc, 0xff, 0xd0, 0x9c, 0xc9, 0x5a, 0x93, 0xb5, 0xfc, 0xff, 0xba, 0xff,
    0xda, 0xff, 0xba, 0xff, 0xfc, 0xff, 0x7a, 0xef, 0xcd, 0x7b, 0x07, 0x42, 0x90, 0x94, 0xfc, 0xff, 0xdb, 0xff, 0xda, 0xff, 0xdb, 0xff, 0xf8, 0xe6, 0xd7, 0xde, 0xfb, 0xff, 0xdb, 0xff, 0xdb, 0xff, 0xdb, 0xff, 0xda, 0xff, 0xfb, 0xff, 0x8d, 0xec,
    0x07, 0xf3, 0x28, 0xf3, 0x28, 0xf3, 0x48, 0xf3, 0x48, 0xf3, 0x07, 0xf3, 0x28, 0xf3, 0x08, 0xf3, 0x28, 0xf3, 0x28, 0xf3, 0x28, 0xf3, 0x07, 0xf3, 0x07, 0xf3, 0x07, 0xf3, 0x07, 0xf3, 0x06, 0xf3, 0x07, 0xf3, 0x47, 0xf3, 0xe7, 0xfb, 0x27, 0xfc,
    0x06, 0xfc, 0x07, 0xf4, 0xa6, 0xdb, 0xc4, 0xb2, 0x23, 0x8a, 0xc3, 0x69, 0x02, 0x39, 0x81, 0x10, 0x20, 0x00, 0x20, 0x00, 0xe3, 0x18, 0xeb, 0x5a, 0x13, 0xa5, 0xda, 0xde, 0xff, 0xff, 0xff, 0xff, 0xff, 0xff, 0xff, 0xff, 0xff, 0xff, 0xde, 0xff,
    0xff, 0xff, 0xff, 0xff, 0xff, 0xff, 0xff, 0xff, 0xde, 0xff, 0xff, 0xff, 0xff, 0xff, 0xff, 0xff, 0xff, 0xff, 0x1c, 0xe7, 0xaa, 0x52, 0x00, 0x00, 0x61, 0x08, 0xe3, 0x20, 0xc2, 0x18, 0x23, 0x21, 0x83, 0x39, 0x24, 0x6a, 0xa4, 0x9a, 0x25, 0xc3,
    0xa6, 0xeb, 0x06, 0xfc, 0xc6, 0xfb, 0x27, 0xf3, 0x07, 0xf3, 0xe6, 0xf2, 0xe7, 0xf2, 0xe6, 0xf2, 0x07, 0xf3, 0x28, 0xf3, 0x28, 0xf3, 0x28, 0xf3, 0x07, 0xf3, 0xe7, 0xf2, 0xe7, 0xf2, 0xe7, 0xf2, 0x08, 0xf3, 0x07, 0xf3, 0x08, 0xf3, 0x28, 0xf3,
    0x07, 0xeb, 0x75, 0xf6, 0xfb, 0xff, 0xba, 0xff, 0xda, 0xff, 0xdb, 0xff, 0xdb, 0xff, 0xdb, 0xff, 0xdb, 0xff, 0xda, 0xff, 0xfb, 0xff, 0xfc, 0xff, 0xda, 0xff, 0xda, 0xff, 0xda, 0xff, 0xfc, 0xff, 0xfc, 0xff, 0xfc, 0xff, 0xba, 0xff, 0xda, 0xff,
    0xda, 0xff, 0xda, 0xff, 0xba, 0xff, 0xfa, 0xff, 0xfc, 0xff, 0xfc, 0xff, 0xfc, 0xff, 0xda, 0xff, 0xda, 0xff, 0xdb, 0xff, 0xda, 0xff, 0xfb, 0xff, 0xfb, 0xff, 0xdb, 0xff, 0xdb, 0xff, 0xdb, 0xff, 0xdb, 0xff, 0xdb, 0xff, 0xfc, 0xff, 0x71, 0xed,
    0xe7, 0xf2, 0x28, 0xfb, 0x28, 0xfb, 0x28, 0xf3, 0x28, 0xf3, 0x28, 0xf3, 0x08, 0xf3, 0x28, 0xf3, 0x28, 0xf3, 0x27, 0xf3, 0x08, 0xf3, 0x07, 0xf3, 0x07, 0xf3, 0x07, 0xf3, 0x07, 0xf3, 0x06, 0xf3, 0x06, 0xf3, 0x66, 0xf3, 0x85, 0xf3, 0x65, 0xf3,
    0x64, 0xf3, 0x64, 0xf3, 0x84, 0xfb, 0x84, 0xfb, 0x84, 0xfb, 0xa5, 0xfb, 0x06, 0xfc, 0x47, 0xc3, 0x00, 0x00, 0x20, 0x00, 0x0b, 0x63, 0xaa, 0x52, 0x03, 0x21, 0xa2, 0x10, 0x65, 0x29, 0xeb, 0x5a, 0xba, 0xd6, 0xff, 0xff, 0xff, 0xff, 0xde, 0xff,
    0xff, 0xff, 0xff, 0xff, 0xff, 0xff, 0xff, 0xff, 0xff, 0xff, 0xff, 0xff, 0x18, 0xc6, 0xae, 0x73, 0x65, 0x29, 0xa2, 0x10, 0x61, 0x08, 0x00, 0x00, 0x81, 0x10, 0x0b, 0xc5, 0xab, 0xed, 0xe9, 0xf4, 0x47, 0xfc, 0xe5, 0xfb, 0xc5, 0xfb, 0xa5, 0xfb,
    0x85, 0xf3, 0x65, 0xeb, 0x45, 0xeb, 0x26, 0xf3, 0x07, 0xf3, 0x07, 0xf3, 0xe7, 0xf2, 0xe6, 0xf2, 0x07, 0xf3, 0x07, 0xf3, 0x07, 0xf3, 0x07, 0xf3, 0x28, 0xf3, 0x07, 0xf3, 0x07, 0xf3, 0x08, 0xf3, 0x08, 0xf3, 0x08, 0xf3, 0x08, 0xf3, 0xe7, 0xf2,
    0x69, 0xeb, 0x79, 0xf7, 0xfb, 0xff, 0xda, 0xff, 0xdb, 0xff, 0xdb, 0xff, 0xdb, 0xff, 0xdb, 0xff, 0xfb, 0xff, 0xdb, 0xff, 0xdb, 0xff, 0xba, 0xff, 0xda, 0xff, 0xda, 0xff, 0xda, 0xff, 0xba, 0xff, 0xb9, 0xff, 0xba, 0xff, 0xda, 0xff, 0xda, 0xff,
    0xda, 0xff, 0xda, 0xff, 0xda, 0xff, 0xda, 0xff, 0xba, 0xff, 0xba, 0xff, 0xba, 0xff, 0xda, 0xff, 0xda, 0xff, 0xda, 0xff, 0xda, 0xff, 0xda, 0xff, 0xda, 0xff, 0xdb, 0xff, 0xdb, 0xff, 0xdb, 0xff, 0xdb, 0xff, 0xdb, 0xff, 0xfc, 0xff, 0x38, 0xff,
    0x89, 0xf3, 0x48, 0xf3, 0x27, 0xf3, 0x28, 0xf3, 0x28, 0xf3, 0x28, 0xf3, 0x28, 0xf3, 0x07, 0xf3, 0x28, 0xf3, 0x27, 0xf3, 0x27, 0xf3, 0x07, 0xf3, 0x07, 0xf3, 0x07, 0xf3, 0xe7, 0xf2, 0x07, 0xf3, 0x47, 0xf3, 0x45, 0xf3, 0x65, 0xf3, 0x85, 0xf3,
    0x85, 0xf3, 0x65, 0xf3, 0x44, 0xeb, 0x24, 0xeb, 0x24, 0xeb, 0x24, 0xeb, 0x63, 0xfb, 0x43, 0xa2, 0x00, 0x00, 0x00, 0x00, 0xba, 0xd6, 0xff, 0xff, 0xff, 0xff, 0x99, 0xd6, 0x91, 0x94, 0xe7, 0x41, 0xf3, 0x9c, 0xff, 0xff, 0xde, 0xff, 0xde, 0xff,
    0xff, 0xff, 0xff, 0xff, 0xff, 0xff, 0x9e, 0xf7, 0xcf, 0x7b, 0x04, 0x21, 0xa2, 0x10, 0x28, 0x42, 0x71, 0x8c, 0xdb, 0xde, 0xf3, 0x9c, 0x00, 0x00, 0x61, 0x08, 0x27, 0xdc, 0xe5, 0xfb, 0x44, 0xf3, 0x44, 0xf3, 0x64, 0xeb, 0x65, 0xf3, 0x65, 0xf3,
    0x85, 0xf3, 0x85, 0xf3, 0x64, 0xf3, 0x46, 0xf3, 0x48, 0xf3, 0x27, 0xf3, 0xe7, 0xf2, 0xe7, 0xf2, 0x07, 0xf3, 0x07, 0xf3, 0x27, 0xf3, 0x07, 0xf3, 0x27, 0xf3, 0x07, 0xf3, 0x07, 0xf3, 0x28, 0xf3, 0x28, 0xf3, 0x08, 0xf3, 0x28, 0xf3, 0xc6, 0xf2,
    0x30, 0xed, 0xfc, 0xff, 0xba, 0xff, 0xdb, 0xff, 0xdb, 0xff, 0xdb, 0xff, 0xdb, 0xff, 0xdb, 0xff, 0xdb, 0xff, 0xfb, 0xff, 0xda, 0xff, 0xda, 0xff, 0xda, 0xff, 0xda, 0xff, 0xda, 0xff, 0xda, 0xff, 0xda, 0xff, 0xda, 0xff, 0xda, 0xff, 0xda, 0xff,
    0xda, 0xff, 0xda, 0xff, 0xda, 0xff, 0xda, 0xff, 0xda, 0xff, 0xda, 0xff, 0xda, 0xff, 0xda, 0xff, 0xda, 0xff, 0xda, 0xff, 0xdb, 0xff, 0xda, 0xff, 0xda, 0xff, 0xda, 0xff, 0xdb, 0xff, 0xdb, 0xff, 0xdb, 0xff, 0xdb, 0xff, 0xda, 0xff, 0xfc, 0xff,
    0x71, 0xed, 0x68, 0xf3, 0x28, 0xf3, 0x28, 0xf3, 0x28, 0xf3, 0x28, 0xf3, 0x08, 0xf3, 0x07, 0xf3, 0x07, 0xf3, 0x27, 0xf3, 0x27, 0xf3, 0x28, 0xf3, 0x28, 0xf3, 0xe7, 0xf2, 0xe7, 0xf2, 0xe6, 0xf2, 0x08, 0xf4, 0xa8, 0xf4, 0xa6, 0xf3, 0x65, 0xf3,
    0x85, 0xf3, 0x64, 0xf3, 0x44, 0xf3, 0x44, 0xeb, 0x44, 0xf3, 0x44, 0xeb, 0xa5, 0xfb, 0xe3, 0x81, 0x00, 0x00, 0x40, 0x08, 0xda, 0xde, 0xff, 0xff, 0xff, 0xff, 0xff, 0xff, 0xff, 0xff, 0xff, 0xff, 0xff, 0xff, 0xfe, 0xff, 0xff, 0xff, 0xde, 0xff,
    0xff, 0xff, 0xff, 0xff, 0xff, 0xff, 0x3c, 0xe7, 0x6d, 0x6b, 0x34, 0xa5, 0x7d, 0xef, 0xff, 0xff, 0xff, 0xff, 0xff, 0xff, 0xf7, 0xbd, 0x00, 0x00, 0x00, 0x00, 0x84, 0xaa, 0xa5, 0xfb, 0x65, 0xf3, 0x64, 0xf3, 0x64, 0xf3, 0x44, 0xf3, 0x65, 0xf3,
    0x45, 0xf3, 0x44, 0xf3, 0x26, 0xf4, 0xa9, 0xf4, 0x27, 0xf3, 0x27, 0xf3, 0xe6, 0xf2, 0xe6, 0xf2, 0x07, 0xf3, 0x27, 0xf3, 0x27, 0xf3, 0x07, 0xf3, 0x07, 0xf3, 0x07, 0xf3, 0x07, 0xf3, 0x27, 0xf3, 0x27, 0xf3, 0x28, 0xf3, 0x27, 0xf3, 0xea, 0xeb,
    0x99, 0xf7, 0xda, 0xff, 0xda, 0xff, 0xda, 0xff, 0xda, 0xff, 0xdb, 0xff, 0xdb, 0xff, 0xda, 0xff, 0xdb, 0xff, 0xdb, 0xff, 0xdb, 0xff, 0xdb, 0xff, 0xda, 0xff, 0xda, 0xff, 0xda, 0xff, 0xda, 0xff, 0xda, 0xff, 0xda, 0xff, 0xda, 0xff, 0xda, 0xff,
    0xda, 0xff, 0xda, 0xff, 0xda, 0xff, 0xda, 0xff, 0xda, 0xff, 0xda, 0xff, 0xda, 0xff, 0xda, 0xff, 0xda, 0xff, 0xda, 0xff, 0xda, 0xff, 0xda, 0xff, 0xda, 0xff, 0xda, 0xff, 0xda, 0xff, 0xdb, 0xff, 0xda, 0xff, 0xda, 0xff, 0xda, 0xff, 0xdb, 0xff,
    0x9a, 0xff, 0x4c, 0xe4, 0x07, 0xeb, 0x28, 0xf3, 0x28, 0xf3, 0x28, 0xf3, 0x07, 0xf3, 0x27, 0xf3, 0x27, 0xf3, 0x48, 0xf3, 0x48, 0xf3, 0x07, 0xf3, 0x07, 0xf3, 0x07, 0xf3, 0xe7, 0xf2, 0x67, 0xf3, 0x49, 0xfd, 0xa9, 0xfd, 0x08, 0xf5, 0x27, 0xf4,
    0xa5, 0xf3, 0x44, 0xf3, 0x44, 0xf3, 0x64, 0xf3, 0x45, 0xf3, 0x44, 0xeb, 0xa6, 0xfb, 0x42, 0x51, 0x00, 0x00, 0x85, 0x31, 0xff, 0xff, 0xff, 0xff, 0xff, 0xff, 0xde, 0xff, 0xde, 0xff, 0xde, 0xff, 0xfe, 0xff, 0xff, 0xff, 0xde, 0xff, 0xde, 0xff,
    0xff, 0xff, 0xff, 0xff, 0xff, 0xff, 0xff, 0xff, 0xff, 0xff, 0xff, 0xff, 0xff, 0xff, 0xde, 0xff, 0xde, 0xff, 0xff, 0xff, 0x5c, 0xef, 0xa2, 0x18, 0x00, 0x00, 0x03, 0x82, 0xc5, 0xfb, 0x44, 0xeb, 0x44, 0xf3, 0x44, 0xf3, 0x44, 0xf3, 0x44, 0xf3,
    0xa5, 0xf3, 0x87, 0xf4, 0x89, 0xfd, 0xaa, 0xfd, 0x08, 0xf4, 0x07, 0xf3, 0x27, 0xfb, 0x06, 0xfb, 0xe6, 0xf2, 0xe7, 0xf2, 0xe7, 0xf2, 0xe7, 0xf2, 0x07, 0xf3, 0x07, 0xf3, 0x07, 0xf3, 0x48, 0xf3, 0x28, 0xf3, 0x07, 0xf3, 0x28, 0xe3, 0xb6, 0xf6,
    0xfb, 0xff, 0xba, 0xff, 0xda, 0xff, 0xda, 0xff, 0xdb, 0xff, 0xdb, 0xff, 0xdb, 0xff, 0xdb, 0xff, 0xdb, 0xff, 0xdb, 0xff, 0xda, 0xff, 0xdb, 0xff, 0xdb, 0xff, 0xda, 0xff, 0xda, 0xff, 0xda, 0xff, 0xda, 0xff, 0xda, 0xff, 0xda, 0xff, 0xda, 0xff,
    0xda, 0xff, 0xda, 0xff, 0xda, 0xff, 0xda, 0xff, 0xda, 0xff, 0xda, 0xff, 0xda, 0xff, 0xda, 0xff, 0xda, 0xff, 0xda, 0xff, 0xdb, 0xff, 0xda, 0xff, 0xda, 0xff, 0xda, 0xff, 0xda, 0xff, 0xda, 0xff, 0xda, 0xff, 0xda, 0xff, 0xdb, 0xff, 0xda, 0xff,
    0xfb, 0xff, 0x7a, 0xf7, 0x0f, 0xed, 0x28, 0xf3, 0x47, 0xf3, 0x48, 0xf3, 0x28, 0xfb, 0x28, 0xf3, 0x28, 0xf3, 0x48, 0xf3, 0x28, 0xf3, 0x08, 0xf3, 0x08, 0xf3, 0xe7, 0xf2, 0x68, 0xf3, 0x49, 0xfd, 0xa9, 0xfd, 0x88, 0xfd, 0xa9, 0xfd, 0xca, 0xfd,
    0x08, 0xf5, 0x46, 0xf4, 0x85, 0xf3, 0x44, 0xf3, 0x44, 0xf3, 0x64, 0xf3, 0x66, 0xeb, 0x81, 0x20, 0x00, 0x00, 0x2c, 0x63, 0xff, 0xff, 0xde, 0xff, 0xff, 0xff, 0xff, 0xff, 0xff, 0xff, 0xff, 0xff, 0xff, 0xff, 0xfe, 0xff, 0xde, 0xff, 0xde, 0xff,
    0xff, 0xff, 0xff, 0xff, 0xff, 0xff, 0xff, 0xff, 0xde, 0xff, 0xde, 0xff, 0xff, 0xff, 0xff, 0xff, 0xff, 0xff, 0xfe, 0xff, 0xff, 0xff, 0x28, 0x42, 0x00, 0x00, 0x42, 0x49, 0xc6, 0xfb, 0x44, 0xf3, 0x44, 0xf3, 0x44, 0xf3, 0x44, 0xf3, 0x46, 0xf4,
    0x49, 0xf5, 0x89, 0xf5, 0x89, 0xf5, 0x89, 0xfd, 0x8a, 0xfd, 0x28, 0xf4, 0x27, 0xf3, 0xe6, 0xf2, 0xe6, 0xf2, 0x07, 0xf3, 0xe7, 0xf2, 0xe6, 0xf2, 0xe7, 0xf2, 0x07, 0xf3, 0x28, 0xf3, 0xe7, 0xf2, 0xc6, 0xea, 0xeb, 0xeb, 0xb6, 0xf6, 0xfb, 0xff,
    0xba, 0xff, 0xda, 0xff, 0xdb, 0xff, 0xda, 0xff, 0xdb, 0xff, 0xdb, 0xff, 0xdb, 0xff, 0xdb, 0xff, 0xdb, 0xff, 0xdb, 0xff, 0xdb, 0xff, 0xda, 0xff, 0xda, 0xff, 0xda, 0xff, 0xda, 0xff, 0xda, 0xff, 0xda, 0xff, 0xda, 0xff, 0xda, 0xff, 0xda, 0xff,
    0xda, 0xff, 0xba, 0xff, 0xda, 0xff, 0xda, 0xff, 0xda, 0xff, 0xda, 0xff, 0xda, 0xff, 0xda, 0xff, 0xda, 0xff, 0xda, 0xff, 0xda, 0xff, 0xda, 0xff, 0xda, 0xff, 0xda, 0xff, 0xda, 0xff, 0xda, 0xff, 0xdb, 0xff, 0xdb, 0xff, 0xdb, 0xff, 0xdb, 0xff,
    0xdb, 0xff, 0xfb, 0xff, 0xfb, 0xff, 0x54, 0xf6, 0x4c, 0xec, 0x28, 0xf3, 0xc6, 0xfa, 0xc6, 0xfa, 0x07, 0xf3, 0x27, 0xf3, 0x07, 0xf3, 0x27, 0xf3, 0x27, 0xf3, 0x28, 0xfc, 0x49, 0xfd, 0x8a, 0xfd, 0x89, 0xfd, 0xa9, 0xfd, 0x69, 0xf5, 0x29, 0xe5,
    0x2b, 0xfe, 0x0a, 0xfe, 0x69, 0xf5, 0x46, 0xec, 0x84, 0xf3, 0x84, 0xfb, 0xa4, 0xba, 0x20, 0x00, 0x00, 0x00, 0x34, 0xa5, 0xff, 0xff, 0xde, 0xff, 0xff, 0xff, 0xff, 0xff, 0xff, 0xff, 0xff, 0xff, 0xff, 0xff, 0xfe, 0xff, 0xde, 0xff, 0xde, 0xff,
    0xff, 0xff, 0xff, 0xff, 0xff, 0xff, 0xff, 0xff, 0xff, 0xff, 0xff, 0xff, 0xff, 0xff, 0xff, 0xff, 0xff, 0xff, 0xde, 0xff, 0xff, 0xff, 0xce, 0x7b, 0x00, 0x00, 0x61, 0x10, 0x46, 0xdb, 0x44, 0xfb, 0x03, 0xeb, 0xc5, 0xf3, 0x08, 0xf5, 0x89, 0xf5,
    0xa9, 0xfd, 0x2a, 0xfe, 0xca, 0xfd, 0x89, 0xfd, 0x89, 0xfd, 0xa9, 0xfd, 0xc8, 0xf4, 0xc8, 0xeb, 0x48, 0xf3, 0xc6, 0xf2, 0xe6, 0xf2, 0xe6, 0xf2, 0xe6, 0xf2, 0x07, 0xf3, 0x27, 0xf3, 0xeb, 0xeb, 0x71, 0xed, 0x79, 0xff, 0xfb, 0xff, 0xba, 0xff,
    0xda, 0xff, 0xdb, 0xff, 0xdb, 0xff, 0xdb, 0xff, 0xda, 0xff, 0xdb, 0xff, 0xdb, 0xff, 0xda, 0xff, 0xdb, 0xff, 0xdb, 0xff, 0xdb, 0xff, 0xda, 0xff, 0xda, 0xff, 0xdb, 0xff, 0xda, 0xff, 0xda, 0xff, 0xda, 0xff, 0xda, 0xff, 0xda, 0xff, 0xda, 0xff,
    0xda, 0xff, 0xba, 0xff, 0xda, 0xff, 0xda, 0xff, 0xda, 0xff, 0xda, 0xff, 0xda, 0xff, 0xda, 0xff, 0xda, 0xff, 0xda, 0xff, 0xda, 0xff, 0xda, 0xff, 0xda, 0xff, 0xda, 0xff, 0xda, 0xff, 0xdb, 0xff, 0xdb, 0xff, 0xdb, 0xff, 0xdb, 0xff, 0xdb, 0xff,
    0xdb, 0xff, 0xdb, 0xff, 0xdb, 0xff, 0xfc, 0xff, 0xdb, 0xff, 0xb6, 0xf6, 0x71, 0xf5, 0x30, 0xf5, 0xce, 0xec, 0xad, 0xf4, 0xce, 0xf4, 0x92, 0xed, 0xd5, 0xf6, 0xcb, 0xfd, 0x68, 0xfd, 0x8a, 0xfd, 0xaa, 0xfd, 0x89, 0xfd, 0x89, 0xf5, 0xe4, 0x59,
    0xc4, 0x51, 0x28, 0xb4, 0xeb, 0xfd, 0x2b, 0xfe, 0x29, 0xf5, 0x67, 0xfc, 0xe3, 0x79, 0x00, 0x00, 0x61, 0x10, 0x3c, 0xe7, 0xff, 0xff, 0xff, 0xff, 0xff, 0xff, 0xff, 0xff, 0xff, 0xff, 0xff, 0xff, 0xff, 0xff, 0xff, 0xff, 0xfe, 0xff, 0xde, 0xff,
    0xff, 0xff, 0xff, 0xff, 0xff, 0xff, 0xff, 0xff, 0xff, 0xff, 0xff, 0xff, 0xff, 0xff, 0xff, 0xff, 0xff, 0xff, 0xde, 0xff, 0xff, 0xff, 0xf7, 0xbd, 0x00, 0x00, 0x00, 0x00, 0x24, 0x92, 0xe5, 0xfb, 0xc7, 0xf4, 0x88, 0xf5, 0xa9, 0xfd, 0x09, 0xfe,
    0x69, 0xed, 0xe5, 0x7a, 0x87, 0x9b, 0xc9, 0xfd, 0x88, 0xfd, 0xa9, 0xfd, 0xc9, 0xfd, 0xea, 0xfd, 0x31, 0xf6, 0xd2, 0xf5, 0x2f, 0xed, 0x0f, 0xed, 0x2f, 0xf5, 0xb1, 0xf5, 0xb6, 0xf6, 0xba, 0xff, 0xfb, 0xff, 0xdb, 0xff, 0xda, 0xff, 0xda, 0xff,
    0xdb, 0xff, 0xdb, 0xff, 0xdb, 0xff, 0xdb, 0xff, 0xdb, 0xff, 0xdb, 0xff, 0xdb, 0xff, 0xda, 0xff, 0xda, 0xff, 0xda, 0xff, 0xda, 0xff, 0xda, 0xff, 0xdb, 0xff, 0xdb, 0xff, 0xda, 0xff, 0xda, 0xff, 0xdb, 0xff, 0xdb, 0xff, 0xda, 0xff, 0xda, 0xff,
    0xda, 0xff, 0xd9, 0xff, 0xda, 0xff, 0xda, 0xff, 0xda, 0xff, 0xda, 0xff, 0xda, 0xff, 0xda, 0xff, 0xda, 0xff, 0xda, 0xff, 0xda, 0xff, 0xda, 0xff, 0xda, 0xff, 0xda, 0xff, 0xdb, 0xff, 0xdb, 0xff, 0xdb, 0xff, 0xdb, 0xff, 0xdb, 0xff, 0xdb, 0xff,
    0xdb, 0xff, 0xdb, 0xff, 0xdb, 0xff, 0xbb, 0xff, 0xdb, 0xff, 0xfb, 0xff, 0xfc, 0xff, 0xfc, 0xff, 0xdb, 0xff, 0xdb, 0xff, 0xfc, 0xff, 0xfc, 0xff, 0xfb, 0xff, 0x56, 0xff, 0x0e, 0xf6, 0x69, 0xf5, 0x8a, 0xf5, 0xaa, 0xf5, 0x89, 0xfd, 0x69, 0xed,
    0x47, 0x8b, 0xe2, 0x20, 0x02, 0x29, 0x26, 0x8b, 0x8b, 0xf5, 0xcb, 0xfd, 0x02, 0x29, 0x00, 0x00, 0x48, 0x4a, 0xff, 0xff, 0xfe, 0xff, 0xff, 0xff, 0xff, 0xff, 0xff, 0xff, 0xfe, 0xff, 0xff, 0xff, 0xff, 0xff, 0xff, 0xff, 0xff, 0xff, 0xde, 0xff,
    0xff, 0xff, 0xff, 0xff, 0xff, 0xff, 0xfe, 0xff, 0xff, 0xff, 0xff, 0xff, 0xff, 0xff, 0xff, 0xff, 0xff, 0xff, 0xfe, 0xff, 0xff, 0xff, 0xde, 0xf7, 0x44, 0x29, 0x00, 0x00, 0x63, 0x41, 0xaa, 0xfd, 0xe9, 0xfd, 0x2a, 0xfe, 0x89, 0xed, 0xe5, 0x7a,
    0xc2, 0x20, 0xe4, 0x59, 0x08, 0xe5, 0xa9, 0xfd, 0xaa, 0xfd, 0x2c, 0xfe, 0x2d, 0xfe, 0x71, 0xf6, 0xb9, 0xff, 0xfb, 0xff, 0xfb, 0xff, 0xfb, 0xff, 0xfb, 0xff, 0xfb, 0xff, 0xfb, 0xff, 0xda, 0xff, 0xda, 0xff, 0xdb, 0xff, 0xdb, 0xff, 0xdb, 0xff,
    0xdb, 0xff, 0xdb, 0xff, 0xdb, 0xff, 0xda, 0xff, 0xda, 0xff, 0xda, 0xff, 0xda, 0xff, 0xdb, 0xff, 0xda, 0xff, 0xda, 0xff, 0xda, 0xff, 0xda, 0xff, 0xdb, 0xff, 0xdb, 0xff, 0xdb, 0xff, 0xdb, 0xff, 0xdb, 0xff, 0xdb, 0xff, 0xda, 0xff, 0xda, 0xff,
    0xda, 0xff, 0xda, 0xff, 0xba, 0xff, 0xda, 0xff, 0xda, 0xff, 0xda, 0xff, 0xda, 0xff, 0xda, 0xff, 0xda, 0xff, 0xda, 0xff, 0xda, 0xff, 0xda, 0xff, 0xda, 0xff, 0xda, 0xff, 0xdb, 0xff, 0xdb, 0xff, 0xdb, 0xff, 0xdb, 0xff, 0xdb, 0xff, 0xdb, 0xff,
    0xdb, 0xff, 0xdb, 0xff, 0xdb, 0xff, 0xdb, 0xff, 0xdb, 0xff, 0xdb, 0xff, 0xda, 0xff, 0xda, 0xff, 0xda, 0xff, 0xfb, 0xff, 0xdb, 0xff, 0xdb, 0xff, 0xda, 0xff, 0xfa, 0xff, 0xd9, 0xff, 0x71, 0xf6, 0xab, 0xf5, 0x89, 0xf5, 0x69, 0xf5, 0xca, 0xfd,
    0x0a, 0xfe, 0x49, 0xf5, 0x46, 0x9b, 0xc1, 0x28, 0xa1, 0x18, 0x04, 0x5a, 0x20, 0x00, 0x00, 0x00, 0x75, 0xb5, 0xff, 0xff, 0xde, 0xff, 0xff, 0xff, 0xff, 0xff, 0xff, 0xff, 0xfe, 0xff, 0xff, 0xff, 0xff, 0xff, 0xff, 0xff, 0xff, 0xff, 0xde, 0xff,
    0xff, 0xff, 0xff, 0xff, 0xff, 0xff, 0xfe, 0xff, 0xfe, 0xff, 0xfe, 0xff, 0xfe, 0xff, 0xfe, 0xff, 0xff, 0xff, 0xff, 0xff, 0xde, 0xff, 0xff, 0xff, 0x50, 0x8c, 0x00, 0x00, 0x41, 0x08, 0xe9, 0xdc, 0xa9, 0xf5, 0x06, 0x7b, 0xc2, 0x20, 0xc3, 0x49,
    0x68, 0xc4, 0xc9, 0xfd, 0x88, 0xfd, 0x8a, 0xf5, 0xeb, 0xf5, 0x8f, 0xf6, 0x35, 0xf7, 0xba, 0xff, 0xb9, 0xff, 0xb9, 0xff, 0xda, 0xff, 0xda, 0xff, 0xba, 0xff, 0xba, 0xff, 0xba, 0xff, 0xda, 0xff, 0xda, 0xff, 0xda, 0xff, 0xdb, 0xff, 0xdb, 0xff,
    0xdb, 0xff, 0xdb, 0xff, 0xdb, 0xff, 0xda, 0xff, 0xda, 0xff, 0xda, 0xff, 0xda, 0xff, 0xdb, 0xff, 0xda, 0xff, 0xda, 0xff, 0xda, 0xff, 0xda, 0xff, 0xda, 0xff, 0xda, 0xff, 0xdb, 0xff, 0xdb, 0xff, 0xdb, 0xff, 0xdb, 0xff, 0xda, 0xff, 0xda, 0xff,
    0xda, 0xff, 0xda, 0xff, 0xda, 0xff, 0xda, 0xff, 0xda, 0xff, 0xda, 0xff, 0xdb, 0xff, 0xda, 0xff, 0xda, 0xff, 0xda, 0xff, 0xda, 0xff, 0xda, 0xff, 0xda, 0xff, 0xda, 0xff, 0xda, 0xff, 0xda, 0xff, 0xdb, 0xff, 0xdb, 0xff, 0xdb, 0xff, 0xdb, 0xff,
    0xdb, 0xff, 0xdb, 0xff, 0xdb, 0xff, 0xdb, 0xff, 0xdb, 0xff, 0xdb, 0xff, 0xdb, 0xff, 0xda, 0xff, 0xdb, 0xff, 0xdb, 0xff, 0xdb, 0xff, 0xdb, 0xff, 0xdb, 0xff, 0xda, 0xff, 0xda, 0xff, 0xda, 0xff, 0x56, 0xf7, 0xec, 0xf5, 0x48, 0xf5, 0x8a, 0xf5,
    0x8a, 0xf5, 0xc9, 0xfd, 0xa9, 0xfd, 0x08, 0xfd, 0x46, 0xa3, 0x20, 0x08, 0x00, 0x00, 0x00, 0x00, 0x58, 0xce, 0xff, 0xff, 0xff, 0xff, 0xde, 0xff, 0xff, 0xff, 0xff, 0xff, 0xff, 0xff, 0xff, 0xff, 0xff, 0xff, 0xff, 0xff, 0xfe, 0xff, 0xde, 0xff,
    0xff, 0xff, 0xff, 0xff, 0xff, 0xff, 0xff, 0xff, 0xfe, 0xff, 0xfe, 0xff, 0xfe, 0xff, 0xde, 0xff, 0xde, 0xff, 0xfe, 0xff, 0xff, 0xff, 0xff, 0xff, 0x5d, 0xef, 0xe3, 0x18, 0x00, 0x00, 0x83, 0x41, 0xc1, 0x20, 0xe2, 0x30, 0x27, 0xbc, 0x0a, 0xfe,
    0xc9, 0xfd, 0xa9, 0xfd, 0xca, 0xf5, 0xcb, 0xf5, 0x4e, 0xf6, 0x35, 0xff, 0xda, 0xff, 0xda, 0xff, 0xd9, 0xff, 0xda, 0xff, 0xda, 0xff, 0xda, 0xff, 0xda, 0xff, 0xda, 0xff, 0xdb, 0xff, 0xda, 0xff, 0xda, 0xff, 0xdb, 0xff, 0xdb, 0xff, 0xdb, 0xff,
    0xdb, 0xff, 0xdb, 0xff, 0xdb, 0xff, 0xda, 0xff, 0xda, 0xff, 0xda, 0xff, 0xda, 0xff, 0xda, 0xff, 0xda, 0xff, 0xda, 0xff, 0xda, 0xff, 0xda, 0xff, 0xda, 0xff, 0xda, 0xff, 0xda, 0xff, 0xdb, 0xff, 0xdb, 0xff, 0xdb, 0xff, 0xda, 0xff, 0xda, 0xff,
    0xda, 0xff, 0xda, 0xff, 0xda, 0xff, 0xda, 0xff, 0xda, 0xff, 0xda, 0xff, 0xda, 0xff, 0xda, 0xff, 0xda, 0xff, 0xda, 0xff, 0xda, 0xff, 0xda, 0xff, 0xda, 0xff, 0xda, 0xff, 0xda, 0xff, 0xda, 0xff, 0xda, 0xff, 0xda, 0xff, 0xdb, 0xff, 0xdb, 0xff,
    0xdb, 0xff, 0xdb, 0xff, 0xdb, 0xff, 0xdb, 0xff, 0xdb, 0xff, 0xdb, 0xff, 0xdb, 0xff, 0xdb, 0xff, 0xdb, 0xff, 0xdb, 0xff, 0xdb, 0xff, 0xdb, 0xff, 0xdb, 0xff, 0xdb, 0xff, 0xdb, 0xff, 0xda, 0xff, 0xfb, 0xff, 0xb9, 0xff, 0x70, 0xf6, 0xab, 0xf5,
    0xab, 0xf5, 0xeb, 0xf5, 0xeb, 0xf5, 0x69, 0xfd, 0xa7, 0xe4, 0x81, 0x10, 0x00, 0x00, 0xe3, 0x18, 0x81, 0x10, 0x6d, 0x73, 0x5c, 0xef, 0xff, 0xff, 0xfe, 0xff, 0xff, 0xff, 0xff, 0xff, 0xff, 0xff, 0xff, 0xff, 0xff, 0xff, 0xfe, 0xff, 0xde, 0xff,
    0xff, 0xff, 0xff, 0xff, 0xff, 0xff, 0xfe, 0xff, 0xff, 0xff, 0xfe, 0xff, 0xde, 0xff, 0xde, 0xff, 0xfe, 0xff, 0xfe, 0xff, 0xde, 0xff, 0xff, 0xff, 0xff, 0xff, 0x28, 0x42, 0x00, 0x00, 0x00, 0x00, 0x47, 0x8b, 0xc9, 0xfd, 0xa8, 0xfd, 0x48, 0xf5,
    0xca, 0xf5, 0xeb, 0xf5, 0xeb, 0xf5, 0x4e, 0xf6, 0x57, 0xf7, 0xda, 0xff, 0xda, 0xff, 0xda, 0xff, 0xda, 0xff, 0xda, 0xff, 0xdb, 0xff, 0xda, 0xff, 0xda, 0xff, 0xdb, 0xff, 0xdb, 0xff, 0xdb, 0xff, 0xdb, 0xff, 0xdb, 0xff, 0xdb, 0xff, 0xdb, 0xff,
    0xdb, 0xff, 0xdb, 0xff, 0xdb, 0xff, 0xdb, 0xff, 0xda, 0xff, 0xda, 0xff, 0xda, 0xff, 0xda, 0xff, 0xda, 0xff, 0xda, 0xff, 0xda, 0xff, 0xda, 0xff, 0xda, 0xff, 0xda, 0xff, 0xda, 0xff, 0xda, 0xff, 0xda, 0xff, 0xda, 0xff, 0xda, 0xff, 0xda, 0xff,
    0xda, 0xff, 0xda, 0xff, 0xda, 0xff, 0xda, 0xff, 0xda, 0xff, 0xda, 0xff, 0xda, 0xff, 0xda, 0xff, 0xda, 0xff, 0xda, 0xff, 0xda, 0xff, 0xda, 0xff, 0xda, 0xff, 0xda, 0xff, 0xda, 0xff, 0xda, 0xff, 0xda, 0xff, 0xdb, 0xff, 0xdb, 0xff, 0xdb, 0xff,
    0xdb, 0xff, 0xdb, 0xff, 0xdb, 0xff, 0xdb, 0xff, 0xdb, 0xff, 0xdb, 0xff, 0xdb, 0xff, 0xdb, 0xff, 0xdb, 0xff, 0xdb, 0xff, 0xdb, 0xff, 0xdb, 0xff, 0xdb, 0xff, 0xdb, 0xff, 0xda, 0xff, 0xda, 0xff, 0xda, 0xff, 0xda, 0xff, 0xfb, 0xff, 0x36, 0xf7,
    0x2f, 0xf6, 0xac, 0xf5, 0xab, 0xf5, 0x2d, 0xfe, 0x04, 0x5a, 0x00, 0x00, 0x40, 0x08, 0x99, 0xd6, 0xf7, 0xbd, 0x04, 0x21, 0x81, 0x10, 0x34, 0xa5, 0xff, 0xff, 0xff, 0xff, 0xff, 0xff, 0xff, 0xff, 0xff, 0xff, 0xff, 0xff, 0xfe, 0xff, 0xde, 0xff,
    0xff, 0xff, 0xff, 0xff, 0xff, 0xff, 0xff, 0xff, 0xfe, 0xff, 0xfe, 0xff, 0xde, 0xff, 0xfe, 0xff, 0xde, 0xff, 0xff, 0xff, 0xff, 0xff, 0x79, 0xce, 0xe7, 0x39, 0x24, 0x21, 0x61, 0x10, 0x00, 0x00, 0xe5, 0x7a, 0x09, 0xfe, 0x47, 0xf5, 0x89, 0xf5,
    0xcb, 0xf5, 0x6a, 0xf5, 0x70, 0xee, 0xba, 0xff, 0xdb, 0xff, 0xda, 0xff, 0xda, 0xff, 0xda, 0xff, 0xda, 0xff, 0xdb, 0xff, 0xdb, 0xff, 0xdb, 0xff, 0xda, 0xff, 0xda, 0xff, 0xdb, 0xff, 0xdb, 0xff, 0xdb, 0xff, 0xdb, 0xff, 0xdb, 0xff, 0xdb, 0xff,
    0xdb, 0xff, 0xdb, 0xff, 0xdb, 0xff, 0xda, 0xff, 0xda, 0xff, 0xda, 0xff, 0xda, 0xff, 0xda, 0xff, 0xda, 0xff, 0xda, 0xff, 0xda, 0xff, 0xda, 0xff, 0xda, 0xff, 0xda, 0xff, 0xda, 0xff, 0xda, 0xff, 0xda, 0xff, 0xda, 0xff, 0xda, 0xff, 0xda, 0xff,
    0xda, 0xff, 0xda, 0xff, 0xda, 0xff, 0xda, 0xff, 0xda, 0xff, 0xda, 0xff, 0xda, 0xff, 0xda, 0xff, 0xda, 0xff, 0xda, 0xff, 0xda, 0xff, 0xda, 0xff, 0xda, 0xff, 0xda, 0xff, 0xda, 0xff, 0xda, 0xff, 0xda, 0xff, 0xda, 0xff, 0xdb, 0xff, 0xdb, 0xff,
    0xdb, 0xff, 0xdb, 0xff, 0xdb, 0xff, 0xdb, 0xff, 0xdb, 0xff, 0xdb, 0xff, 0xdb, 0xff, 0xdb, 0xff, 0xdb, 0xff, 0xdb, 0xff, 0xdb, 0xff, 0xdb, 0xff, 0xdb, 0xff, 0xdb, 0xff, 0xda, 0xff, 0xda, 0xff, 0xda, 0xff, 0xda, 0xff, 0xda, 0xff, 0xfb, 0xff,
    0xba, 0xff, 0xf4, 0xf6, 0x0d, 0xfe, 0x89, 0xc4, 0x20, 0x00, 0x00, 0x00, 0x0c, 0x63, 0xff, 0xff, 0xff, 0xff, 0xff, 0xff, 0x51, 0x8c, 0x20, 0x00, 0x8d, 0x73, 0xff, 0xff, 0xde, 0xff, 0xff, 0xff, 0xff, 0xff, 0xff, 0xff, 0xff, 0xff, 0xde, 0xff,
    0xff, 0xff, 0xff, 0xff, 0xff, 0xff, 0xff, 0xff, 0xfe, 0xff, 0xfe, 0xff, 0xde, 0xff, 0xde, 0xff, 0xff, 0xff, 0xbe, 0xf7, 0x4d, 0x6b, 0xa2, 0x10, 0x4d, 0x6b, 0x9e, 0xf7, 0x8d, 0x73, 0x00, 0x00, 0x20, 0x00, 0xa8, 0xcc, 0xea, 0xfd, 0x49, 0xf5,
    0x8a, 0xf5, 0x92, 0xf6, 0xb9, 0xff, 0xfb, 0xff, 0xda, 0xff, 0xda, 0xff, 0xda, 0xff, 0xda, 0xff, 0xda, 0xff, 0xda, 0xff, 0xdb, 0xff, 0xdb, 0xff, 0xdb, 0xff, 0xda, 0xff, 0xdb, 0xff, 0xdb, 0xff, 0xdb, 0xff, 0xdb, 0xff, 0xdb, 0xff, 0xdb, 0xff,
    0xda, 0xff, 0xda, 0xff, 0xda, 0xff, 0xda, 0xff, 0xda, 0xff, 0xda, 0xff, 0xda, 0xff, 0xda, 0xff, 0xda, 0xff, 0xda, 0xff, 0xdb, 0xff, 0xda, 0xff, 0xda, 0xff, 0xda, 0xff, 0xda, 0xff, 0xda, 0xff, 0xda, 0xff, 0xda, 0xff, 0xda, 0xff, 0xda, 0xff,
    0xba, 0xff, 0xda, 0xff, 0xda, 0xff, 0xda, 0xff, 0xda, 0xff, 0xda, 0xff, 0xda, 0xff, 0xda, 0xff, 0xda, 0xff, 0xda, 0xff, 0xda, 0xff, 0xda, 0xff, 0xba, 0xff, 0xda, 0xff, 0xda, 0xff, 0xda, 0xff, 0xda, 0xff, 0xda, 0xff, 0xdb, 0xff, 0xdb, 0xff,
    0xda, 0xff, 0xdb, 0xff, 0xdb, 0xff, 0xdb, 0xff, 0xdb, 0xff, 0xdb, 0xff, 0xdb, 0xff, 0xdb, 0xff, 0xdb, 0xff, 0xfb, 0xff, 0xdb, 0xff, 0xdb, 0xff, 0xdb, 0xff, 0xdb, 0xff, 0xdb, 0xff, 0xdb, 0xff, 0xdb, 0xff, 0xdb, 0xff, 0xda, 0xff, 0xda, 0xff,
    0xdb, 0xff, 0xfb, 0xff, 0xda, 0xff, 0xa4, 0x39, 0x00, 0x00, 0x61, 0x10, 0xfb, 0xe6, 0xff, 0xff, 0xde, 0xff, 0xff, 0xff, 0xff, 0xff, 0xda, 0xde, 0x74, 0xad, 0xff, 0xff, 0xff, 0xff, 0xff, 0xff, 0xff, 0xff, 0xff, 0xff, 0xff, 0xff, 0xde, 0xff,
    0xff, 0xff, 0xff, 0xff, 0xff, 0xff, 0xff, 0xff, 0xfe, 0xff, 0xfe, 0xff, 0xde, 0xff, 0xff, 0xff, 0xba, 0xd6, 0x24, 0x21, 0xc6, 0x39, 0xba, 0xd6, 0xff, 0xff, 0xff, 0xff, 0x5c, 0xef, 0xa2, 0x10, 0x00, 0x00, 0x23, 0x29, 0xca, 0xf5, 0xaa, 0xf5,
    0x15, 0xf7, 0xfb, 0xff, 0xda, 0xff, 0xda, 0xff, 0xda, 0xff, 0xda, 0xff, 0xda, 0xff, 0xda, 0xff, 0xda, 0xff, 0xdb, 0xff, 0xdb, 0xff, 0xdb, 0xff, 0xdb, 0xff, 0xdb, 0xff, 0xdb, 0xff, 0xdb, 0xff, 0xdb, 0xff, 0xda, 0xff, 0xda, 0xff, 0xda, 0xff,
    0xda, 0xff, 0xda, 0xff, 0xda, 0xff, 0xda, 0xff, 0xda, 0xff, 0xda, 0xff, 0xda, 0xff, 0xda, 0xff, 0xda, 0xff, 0xda, 0xff, 0xda, 0xff, 0xda, 0xff, 0xda, 0xff, 0xda, 0xff, 0xda, 0xff, 0xda, 0xff, 0xda, 0xff, 0xda, 0xff, 0xda, 0xff, 0xba, 0xff,
    0xda, 0xff, 0xda, 0xff, 0xda, 0xff, 0xda, 0xff, 0xda, 0xff, 0xda, 0xff, 0xda, 0xff, 0xda, 0xff, 0xba, 0xff, 0xba, 0xff, 0xba, 0xff, 0xba, 0xff, 0xda, 0xff, 0xda, 0xff, 0xda, 0xff, 0xda, 0xff, 0xda, 0xff, 0xda, 0xff, 0xda, 0xff, 0xda, 0xff,
    0xda, 0xff, 0xda, 0xff, 0xdb, 0xff, 0xdb, 0xff, 0xdb, 0xff, 0xdb, 0xff, 0xdb, 0xff, 0xdb, 0xff, 0xdb, 0xff, 0xdb, 0xff, 0xdb, 0xff, 0xdb, 0xff, 0xdb, 0xff, 0xdb, 0xff, 0xdb, 0xff, 0xdb, 0xff, 0xdb, 0xff, 0xdb, 0xff, 0xdb, 0xff, 0xdb, 0xff,
    0xba, 0xf7, 0xfc, 0xff, 0x0e, 0x84, 0x00, 0x00, 0x00, 0x00, 0x71, 0x94, 0xff, 0xff, 0xde, 0xff, 0xff, 0xff, 0xfe, 0xff, 0xde, 0xff, 0xff, 0xff, 0xff, 0xff, 0xff, 0xff, 0xff, 0xff, 0xff, 0xff, 0xff, 0xff, 0xff, 0xff, 0xfe, 0xff, 0xde, 0xff,
    0xff, 0xff, 0xff, 0xff, 0xff, 0xff, 0xff, 0xff, 0xfe, 0xff, 0xfe, 0xff, 0xde, 0xff, 0xff, 0xff, 0x38, 0xc6, 0xb2, 0x94, 0xff, 0xff, 0xff, 0xff, 0xde, 0xff, 0xde, 0xff, 0xff, 0xff, 0xd2, 0x9c, 0x00, 0x00, 0x00, 0x00, 0xa5, 0x6a, 0x76, 0xff,
    0xdb, 0xff, 0xda, 0xff, 0xda, 0xff, 0xda, 0xff, 0xda, 0xff, 0xda, 0xff, 0xda, 0xff, 0xda, 0xff, 0xda, 0xff, 0xdb, 0xff, 0xdb, 0xff, 0xdb, 0xff, 0xdb, 0xff, 0xdb, 0xff, 0xdb, 0xff, 0xdb, 0xff, 0xdb, 0xff, 0xda, 0xff, 0xda, 0xff, 0xda, 0xff,
    0xda, 0xff, 0xda, 0xff, 0xda, 0xff, 0xda, 0xff, 0xda, 0xff, 0xda, 0xff, 0xda, 0xff, 0xda, 0xff, 0xda, 0xff, 0xda, 0xff, 0xda, 0xff, 0xda, 0xff, 0xda, 0xff, 0xda, 0xff, 0xda, 0xff, 0xda, 0xff, 0xda, 0xff, 0xda, 0xff, 0xda, 0xff, 0xda, 0xff,
    0xda, 0xff, 0xda, 0xff, 0xda, 0xff, 0xda, 0xff, 0xba, 0xff, 0xda, 0xff, 0xda, 0xff, 0xda, 0xff, 0xda, 0xff, 0xda, 0xff, 0xba, 0xff, 0xba, 0xff, 0xda, 0xff, 0xda, 0xff, 0xda, 0xff, 0xda, 0xff, 0xda, 0xff, 0xda, 0xff, 0xda, 0xff, 0xda, 0xff,
    0xda, 0xff, 0xda, 0xff, 0xdb, 0xff, 0xdb, 0xff, 0xdb, 0xff, 0xdb, 0xff, 0xdb, 0xff, 0xdb, 0xff, 0xdb, 0xff, 0xdb, 0xff, 0xdb, 0xff, 0xdb, 0xff, 0xdb, 0xff, 0xdb, 0xff, 0xdb, 0xff, 0xdb, 0xff, 0xdb, 0xff, 0xdb, 0xff, 0xdb, 0xff, 0xba, 0xf7,
    0xfc, 0xff, 0x56, 0xce, 0x40, 0x08, 0x00, 0x00, 0x08, 0x42, 0xff, 0xff, 0xde, 0xff, 0xff, 0xff, 0xff, 0xff, 0xff, 0xff, 0xfe, 0xff, 0xde, 0xff, 0xde, 0xff, 0xff, 0xff, 0xff, 0xff, 0xff, 0xff, 0xff, 0xff, 0xff, 0xff, 0xff, 0xff, 0xde, 0xff,
    0xff, 0xff, 0xff, 0xff, 0xff, 0xff, 0xfe, 0xff, 0xfe, 0xff, 0xfe, 0xff, 0xff, 0xff, 0xff, 0xff, 0xff, 0xff, 0xff, 0xff, 0xde, 0xff, 0xff, 0xff, 0xff, 0xff, 0xff, 0xff, 0xde, 0xff, 0xff, 0xff, 0x89, 0x52, 0x00, 0x00, 0x00, 0x00, 0xf1, 0x9c,
    0xfd, 0xff, 0xba, 0xff, 0xda, 0xff, 0xda, 0xff, 0xda, 0xff, 0xda, 0xff, 0xda, 0xff, 0xda, 0xff, 0xda, 0xff, 0xda, 0xff, 0xda, 0xff, 0xda, 0xff, 0xda, 0xff, 0xda, 0xff, 0xda, 0xff, 0xda, 0xff, 0xda, 0xff, 0xda, 0xff, 0xda, 0xff, 0xda, 0xff,
    0xda, 0xff, 0xba, 0xff, 0xba, 0xff, 0xda, 0xff, 0xda, 0xff, 0xda, 0xff, 0xda, 0xff, 0xda, 0xff, 0xba, 0xff, 0xda, 0xff, 0xda, 0xff, 0xda, 0xff, 0xda, 0xff, 0xda, 0xff, 0xda, 0xff, 0xda, 0xff, 0xda, 0xff, 0xda, 0xff, 0xda, 0xff, 0xda, 0xff,
    0xda, 0xff, 0xda, 0xff, 0xda, 0xff, 0xda, 0xff, 0xda, 0xff, 0xda, 0xff, 0xda, 0xff, 0xda, 0xff, 0xda, 0xff, 0xda, 0xff, 0xda, 0xff, 0xda, 0xff, 0xda, 0xff, 0xda, 0xff, 0xda, 0xff, 0xda, 0xff, 0xda, 0xff, 0xda, 0xff, 0xda, 0xff, 0xda, 0xff,
    0xda, 0xff, 0xda, 0xff, 0xda, 0xff, 0xdb, 0xff, 0xdb, 0xff, 0xdb, 0xff, 0xdb, 0xff, 0xdb, 0xff, 0xdb, 0xff, 0xdb, 0xff, 0xda, 0xff, 0xda, 0xff, 0xda, 0xff, 0xda, 0xff, 0xda, 0xff, 0xda, 0xff, 0xda, 0xff, 0xda, 0xff, 0xba, 0xff, 0xfb, 0xff,
    0x19, 0xe7, 0x24, 0x29, 0x00, 0x00, 0x82, 0x10, 0xfb, 0xde, 0xff, 0xff, 0xde, 0xff, 0xff, 0xff, 0xff, 0xff, 0xfe, 0xff, 0xfe, 0xff, 0xfe, 0xff, 0xff, 0xff, 0xff, 0xff, 0xff, 0xff, 0xff, 0xff, 0xff, 0xff, 0xff, 0xff, 0xff, 0xff, 0xde, 0xff,
    0xff, 0xff, 0xff, 0xff, 0xfe, 0xff, 0xfe, 0xff, 0xfe, 0xff, 0xff, 0xff, 0xfe, 0xff, 0xfe, 0xff, 0xde, 0xff, 0xde, 0xff, 0xff, 0xff, 0xff, 0xff, 0xff, 0xff, 0xff, 0xff, 0xff, 0xff, 0xff, 0xff, 0x9e, 0xf7, 0x85, 0x31, 0x00, 0x00, 0x20, 0x00,
    0x73, 0xb5, 0xfd, 0xff, 0xba, 0xff, 0xdb, 0xff, 0xda, 0xff, 0xda, 0xff, 0xda, 0xff, 0xda, 0xff, 0xda, 0xff, 0xda, 0xff, 0xda, 0xff, 0xda, 0xff, 0xda, 0xff, 0xda, 0xff, 0xda, 0xff, 0xda, 0xff, 0xda, 0xff, 0xda, 0xff, 0xda, 0xff, 0xda, 0xff,
    0xda, 0xff, 0xda, 0xff, 0xba, 0xff, 0xba, 0xff, 0xda, 0xff, 0xda, 0xff, 0xda, 0xff, 0xda, 0xff, 0xd9, 0xff, 0xb9, 0xff, 0xda, 0xff, 0xda, 0xff, 0xda, 0xff, 0xda, 0xff, 0xda, 0xff, 0xda, 0xff, 0xda, 0xff, 0xda, 0xff, 0xda, 0xff, 0xda, 0xff,
    0xda, 0xff, 0xda, 0xff, 0xda, 0xff, 0xda, 0xff, 0xda, 0xff, 0xda, 0xff, 0xda, 0xff, 0xda, 0xff, 0xda, 0xff, 0xda, 0xff, 0xda, 0xff, 0xda, 0xff, 0xda, 0xff, 0xda, 0xff, 0xda, 0xff, 0xda, 0xff, 0xda, 0xff, 0xda, 0xff, 0xda, 0xff, 0xda, 0xff,
    0xda, 0xff, 0xda, 0xff, 0xda, 0xff, 0xda, 0xff, 0xda, 0xff, 0xda, 0xff, 0xda, 0xff, 0xdb, 0xff, 0xda, 0xff, 0xda, 0xff, 0xda, 0xff, 0xda, 0xff, 0xda, 0xff, 0xda, 0xff, 0xda, 0xff, 0xba, 0xff, 0xda, 0xff, 0xba, 0xff, 0xfb, 0xff, 0x7b, 0xef,
    0x85, 0x31, 0x00, 0x00, 0x00, 0x00, 0x96, 0xb5, 0xff, 0xff, 0xde, 0xff, 0xff, 0xff, 0xff, 0xff, 0xff, 0xff, 0xfe, 0xff, 0xff, 0xff, 0xfe, 0xff, 0xff, 0xff, 0xff, 0xff, 0xff, 0xff, 0xff, 0xff, 0xff, 0xff, 0xff, 0xff, 0xff, 0xff, 0xde, 0xff,
    0xff, 0xff, 0xff, 0xff, 0xff, 0xff, 0xff, 0xff, 0xff, 0xff, 0xfe, 0xff, 0xfe, 0xff, 0xfe, 0xff, 0xff, 0xff, 0xff, 0xff, 0xff, 0xff, 0xff, 0xff, 0xff, 0xff, 0xff, 0xff, 0xff, 0xff, 0xfe, 0xff, 0xff, 0xff, 0xfb, 0xde, 0x04, 0x21, 0x00, 0x00,
    0x61, 0x08, 0xb4, 0xbd, 0xfd, 0xff, 0xba, 0xff, 0xda, 0xff, 0xda, 0xff, 0xda, 0xff, 0xda, 0xff, 0xda, 0xff, 0xda, 0xff, 0xda, 0xff, 0xda, 0xff, 0xba, 0xff, 0xda, 0xff, 0xda, 0xff, 0xda, 0xff, 0xda, 0xff, 0xda, 0xff, 0xda, 0xff, 0xd9, 0xff,
    0xda, 0xff, 0xda, 0xff, 0xda, 0xff, 0xda, 0xff, 0xda, 0xff, 0xda, 0xff, 0xda, 0xff, 0xda, 0xff, 0xda, 0xff, 0xd9, 0xff, 0xd9, 0xff, 0xd9, 0xff, 0xda, 0xff, 0xda, 0xff, 0xda, 0xff, 0xda, 0xff, 0xda, 0xff, 0xda, 0xff, 0xda, 0xff, 0xda, 0xff,
    0xda, 0xff, 0xda, 0xff, 0xdb, 0xff, 0xda, 0xff, 0xda, 0xff, 0xda, 0xff, 0xda, 0xff, 0xda, 0xff, 0xda, 0xff, 0xda, 0xff, 0xda, 0xff, 0xda, 0xff, 0xd9, 0xff, 0xda, 0xff, 0xda, 0xff, 0xda, 0xff, 0xda, 0xff, 0xda, 0xff, 0xda, 0xff, 0xda, 0xff,
    0xda, 0xff, 0xda, 0xff, 0xda, 0xff, 0xda, 0xff, 0xda, 0xff, 0xda, 0xff, 0xda, 0xff, 0xda, 0xff, 0xda, 0xff, 0xda, 0xff, 0xda, 0xff, 0xda, 0xff, 0xda, 0xff, 0xda, 0xff, 0xd9, 0xff, 0xda, 0xff, 0xb9, 0xff, 0xfb, 0xff, 0x7b, 0xef, 0xc6, 0x39,
    0x00, 0x00, 0x00, 0x00, 0x91, 0x94, 0xff, 0xff, 0xde, 0xff, 0xff, 0xff, 0xff, 0xff, 0xff, 0xff, 0xfe, 0xff, 0xfe, 0xff, 0xfe, 0xff, 0xfe, 0xff, 0xfe, 0xff, 0xfe, 0xff, 0xff, 0xff, 0xff, 0xff, 0xff, 0xff, 0xff, 0xff, 0xff, 0xff, 0xde, 0xff,
    0xff, 0xff, 0xff, 0xff, 0xff, 0xff, 0xff, 0xff, 0xfe, 0xff, 0xff, 0xff, 0xff, 0xff, 0xff, 0xff, 0xfe, 0xff, 0xfe, 0xff, 0xfe, 0xff, 0xff, 0xff, 0xff, 0xff, 0xfe, 0xff, 0xff, 0xff, 0xff, 0xff, 0xde, 0xff, 0xff, 0xff, 0xdb, 0xde, 0x23, 0x21,
    0x00, 0x00, 0x41, 0x08, 0x53, 0xad, 0xfd, 0xff, 0xba, 0xff, 0xda, 0xff, 0xda, 0xff, 0xda, 0xff, 0xda, 0xff, 0xda, 0xff, 0xda, 0xff, 0xda, 0xff, 0xda, 0xff, 0xda, 0xff, 0xda, 0xff, 0xda, 0xff, 0xda, 0xff, 0xda, 0xff, 0xda, 0xff, 0xda, 0xff,
    0xda, 0xff, 0xda, 0xff, 0xda, 0xff, 0xda, 0xff, 0xda, 0xff, 0xda, 0xff, 0xda, 0xff, 0xda, 0xff, 0xda, 0xff, 0xda, 0xff, 0xda, 0xff, 0xd9, 0xff, 0xda, 0xff, 0xda, 0xff, 0xda, 0xff, 0xda, 0xff, 0xda, 0xff, 0xda, 0xff, 0xda, 0xff, 0xda, 0xff,
    0xdb, 0xff, 0xdb, 0xff, 0xdb, 0xff, 0xdb, 0xff, 0xdb, 0xff, 0xda, 0xff, 0xda, 0xff, 0xda, 0xff, 0xda, 0xff, 0xda, 0xff, 0xda, 0xff, 0xda, 0xff, 0xda, 0xff, 0xda, 0xff, 0xda, 0xff, 0xda, 0xff, 0xda, 0xff, 0xda, 0xff, 0xda, 0xff, 0xda, 0xff,
    0xda, 0xff, 0xda, 0xff, 0xda, 0xff, 0xda, 0xff, 0xda, 0xff, 0xda, 0xff, 0xda, 0xff, 0xda, 0xff, 0xda, 0xff, 0xda, 0xff, 0xda, 0xff, 0xda, 0xff, 0xda, 0xff, 0xda, 0xff, 0xda, 0xff, 0xb9, 0xf7, 0xfb, 0xff, 0x3a, 0xe7, 0xa6, 0x31, 0x00, 0x00,
    0x00, 0x00, 0x30, 0x84, 0xff, 0xff, 0xde, 0xff, 0xff, 0xff, 0xff, 0xff, 0xff, 0xff, 0xff, 0xff, 0xff, 0xff, 0xff, 0xff, 0xfe, 0xff, 0xfe, 0xff, 0xfe, 0xff, 0xff, 0xff, 0xff, 0xff, 0xff, 0xff, 0xff, 0xff, 0xff, 0xff, 0xff, 0xff, 0xde, 0xff,
    0xff, 0xff, 0xff, 0xff, 0xff, 0xff, 0xff, 0xff, 0xff, 0xff, 0xff, 0xff, 0xfe, 0xff, 0xfe, 0xff, 0xfe, 0xff, 0xfe, 0xff, 0xff, 0xff, 0xff, 0xff, 0xff, 0xff, 0xff, 0xff, 0xff, 0xff, 0xff, 0xff, 0xff, 0xff, 0xde, 0xff, 0xff, 0xff, 0xda, 0xde,
    0x24, 0x29, 0x00, 0x00, 0x20, 0x00, 0x90, 0x94, 0xfd, 0xff, 0xfb, 0xff, 0xba, 0xff, 0xda, 0xff, 0xda, 0xff, 0xda, 0xff, 0xda, 0xff, 0xda, 0xff, 0xda, 0xff, 0xba, 0xff, 0xda, 0xff, 0xda, 0xff, 0xda, 0xff, 0xda, 0xff, 0xda, 0xff, 0xda, 0xff,
    0xda, 0xff, 0xda, 0xff, 0xda, 0xff, 0xda, 0xff, 0xda, 0xff, 0xda, 0xff, 0xda, 0xff, 0xda, 0xff, 0xda, 0xff, 0xda, 0xff, 0xda, 0xff, 0xda, 0xff, 0xda, 0xff, 0xda, 0xff, 0xda, 0xff, 0xda, 0xff, 0xda, 0xff, 0xda, 0xff, 0xda, 0xff, 0xda, 0xff,
    0xdb, 0xff, 0xdb, 0xff, 0xdb, 0xff, 0xdb, 0xff, 0xda, 0xff, 0xda, 0xff, 0xda, 0xff, 0xda, 0xff, 0xda, 0xff, 0xda, 0xff, 0xda, 0xff, 0xda, 0xff, 0xda, 0xff, 0xda, 0xff, 0xda, 0xff, 0xda, 0xff, 0xda, 0xff, 0xda, 0xff, 0xda, 0xff, 0xda, 0xff,
    0xda, 0xff, 0xda, 0xff, 0xda, 0xff, 0xda, 0xff, 0xda, 0xff, 0xda, 0xff, 0xda, 0xff, 0xda, 0xff, 0xda, 0xff, 0xda, 0xff, 0xda, 0xff, 0xda, 0xff, 0xda, 0xff, 0xba, 0xff, 0xba, 0xff, 0xfd, 0xff, 0x77, 0xd6, 0x24, 0x29, 0x00, 0x00, 0x00, 0x00,
    0x0f, 0x84, 0xff, 0xff, 0xde, 0xff, 0xff, 0xff, 0xff, 0xff, 0xff, 0xff, 0xff, 0xff, 0xff, 0xff, 0xff, 0xff, 0xff, 0xff, 0xfe, 0xff, 0xfe, 0xff, 0xff, 0xff, 0xff, 0xff, 0xff, 0xff, 0xff, 0xff, 0xff, 0xff, 0xff, 0xff, 0xff, 0xff, 0xdf, 0xff,
    0xff, 0xff, 0xff, 0xff, 0xff, 0xff, 0xff, 0xff, 0xff, 0xff, 0xff, 0xff, 0xfe, 0xff, 0xfe, 0xff, 0xfe, 0xff, 0xff, 0xff, 0xff, 0xff, 0xff, 0xff, 0xff, 0xff, 0xff, 0xff, 0xff, 0xff, 0xff, 0xff, 0xff, 0xff, 0xff, 0xff, 0xde, 0xff, 0xff, 0xff,
    0x1b, 0xe7, 0xa6, 0x31, 0x00, 0x00, 0x00, 0x00, 0xea, 0x62, 0x19, 0xe7, 0xfd, 0xff, 0xba, 0xff, 0xda, 0xff, 0xda, 0xff, 0xda, 0xff, 0xda, 0xff, 0xda, 0xff, 0xda, 0xff, 0xda, 0xff, 0xda, 0xff, 0xda, 0xff, 0xda, 0xff, 0xda, 0xff, 0xda, 0xff,
    0xda, 0xff, 0xda, 0xff, 0xda, 0xff, 0xda, 0xff, 0xda, 0xff, 0xda, 0xff, 0xda, 0xff, 0xda, 0xff, 0xda, 0xff, 0xda, 0xff, 0xda, 0xff, 0xda, 0xff, 0xdb, 0xff, 0xdb, 0xff, 0xdb, 0xff, 0xdb, 0xff, 0xda, 0xff, 0xda, 0xff, 0xda, 0xff, 0xda, 0xff,
    0xda, 0xff, 0xda, 0xff, 0xdb, 0xff, 0xdb, 0xff, 0xda, 0xff, 0xda, 0xff, 0xda, 0xff, 0xda, 0xff, 0xda, 0xff, 0xda, 0xff, 0xda, 0xff, 0xda, 0xff, 0xda, 0xff, 0xda, 0xff, 0xda, 0xff, 0xda, 0xff, 0xda, 0xff, 0xda, 0xff, 0xda, 0xff, 0xda, 0xff,
    0xda, 0xff, 0xda, 0xff, 0xda, 0xff, 0xda, 0xff, 0xda, 0xff, 0xda, 0xff, 0xda, 0xff, 0xda, 0xff, 0xda, 0xff, 0xba, 0xff, 0xda, 0xff, 0xba, 0xff, 0xb9, 0xff, 0xfa, 0xff, 0xfc, 0xff, 0x12, 0xa5, 0x82, 0x10, 0x00, 0x00, 0x00, 0x00, 0x71, 0x8c,
    0xff, 0xff, 0xde, 0xff, 0xff, 0xff, 0xff, 0xff, 0xff, 0xff, 0xff, 0xff, 0xff, 0xff, 0xfe, 0xff, 0xff, 0xff, 0xff, 0xff, 0xfe, 0xff, 0xfe, 0xff, 0xff, 0xff, 0xff, 0xff, 0xff, 0xff, 0xff, 0xff, 0xff, 0xff, 0xff, 0xff, 0xff, 0xff, 0xde, 0xff,
    0xff, 0xff, 0xff, 0xff, 0xfe, 0xff, 0xff, 0xff, 0xff, 0xff, 0xfe, 0xff, 0xfe, 0xff, 0xfe, 0xff, 0xfe, 0xff, 0xfe, 0xff, 0xff, 0xff, 0xfe, 0xff, 0xff, 0xff, 0xff, 0xff, 0xff, 0xff, 0xff, 0xff, 0xff, 0xff, 0xff, 0xff, 0xff, 0xff, 0xde, 0xff,
    0xff, 0xff, 0x9d, 0xf7, 0x0b, 0x63, 0x00, 0x00, 0x00, 0x00, 0xe3, 0x20, 0x52, 0xad, 0xfc, 0xff, 0xfb, 0xff, 0xba, 0xff, 0xda, 0xff, 0xda, 0xff, 0xd9, 0xff, 0xda, 0xff, 0xda, 0xff, 0xda, 0xff, 0xda, 0xff, 0xda, 0xff, 0xda, 0xff, 0xda, 0xff,
    0xda, 0xff, 0xda, 0xff, 0xda, 0xff, 0xda, 0xff, 0xda, 0xff, 0xd9, 0xff, 0xda, 0xff, 0xda, 0xff, 0xda, 0xff, 0xda, 0xff, 0xda, 0xff, 0xda, 0xff, 0xdb, 0xff, 0xdb, 0xff, 0xdb, 0xff, 0xdb, 0xff, 0xda, 0xff, 0xda, 0xff, 0xda, 0xff, 0xda, 0xff,
    0xda, 0xff, 0xda, 0xff, 0xda, 0xff, 0xdb, 0xff, 0xda, 0xff, 0xda, 0xff, 0xda, 0xff, 0xda, 0xff, 0xda, 0xff, 0xda, 0xff, 0xda, 0xff, 0xda, 0xff, 0xda, 0xff, 0xda, 0xff, 0xda, 0xff, 0xda, 0xff, 0xda, 0xff, 0xda, 0xff, 0xda, 0xff, 0xda, 0xff,
    0xdb, 0xff, 0xda, 0xff, 0xda, 0xff, 0xda, 0xff, 0xda, 0xff, 0xda, 0xff, 0xda, 0xff, 0xda, 0xff, 0xba, 0xff, 0xb9, 0xff, 0xb9, 0xf7, 0xb9, 0xff, 0xfc, 0xff, 0x59, 0xef, 0xea, 0x62, 0x00, 0x00, 0x00, 0x00, 0xc2, 0x18, 0xb6, 0xb5, 0xff, 0xff,
    0xde, 0xff, 0xff, 0xff, 0xff, 0xff, 0xff, 0xff, 0xff, 0xff, 0xff, 0xff, 0xfe, 0xff, 0xfe, 0xff, 0xfe, 0xff, 0xff, 0xff, 0xff, 0xff, 0xff, 0xff, 0xff, 0xff, 0xff, 0xff, 0xff, 0xff, 0xff, 0xff, 0xff, 0xff, 0xff, 0xff, 0xff, 0xff, 0xde, 0xff,
    0xff, 0xff, 0xff, 0xff, 0xff, 0xff, 0xff, 0xff, 0xff, 0xff, 0xfe, 0xff, 0xfe, 0xff, 0xfe, 0xff, 0xfe, 0xff, 0xff, 0xff, 0xff, 0xff, 0xfe, 0xff, 0xff, 0xff, 0xff, 0xff, 0xff, 0xff, 0xfe, 0xff, 0xff, 0xff, 0xff, 0xff, 0xff, 0xff, 0xff, 0xff,
    0xde, 0xff, 0xff, 0xff, 0xff, 0xff, 0x34, 0xa5, 0xa2, 0x10, 0x00, 0x00, 0x00, 0x00, 0xea, 0x62, 0xd7, 0xde, 0xfc, 0xff, 0xfb, 0xff, 0xb9, 0xff, 0xb9, 0xff, 0xd9, 0xff, 0xd9, 0xff, 0xd9, 0xff, 0xb9, 0xff, 0xda, 0xff, 0xda, 0xff, 0xda, 0xff,
    0xda, 0xff, 0xda, 0xff, 0xda, 0xff, 0xda, 0xff, 0xda, 0xff, 0xda, 0xff, 0xd9, 0xff, 0xda, 0xff, 0xda, 0xff, 0xda, 0xff, 0xda, 0xff, 0xda, 0xff, 0xda, 0xff, 0xda, 0xff, 0xdb, 0xff, 0xda, 0xff, 0xda, 0xff, 0xda, 0xff, 0xda, 0xff, 0xda, 0xff,
    0xda, 0xff, 0xda, 0xff, 0xda, 0xff, 0xda, 0xff, 0xda, 0xff, 0xda, 0xff, 0xda, 0xff, 0xda, 0xff, 0xda, 0xff, 0xda, 0xff, 0xda, 0xff, 0xda, 0xff, 0xda, 0xff, 0xda, 0xff, 0xda, 0xff, 0xda, 0xff, 0xda, 0xff, 0xda, 0xff, 0xda, 0xff, 0xda, 0xff,
    0xda, 0xff, 0xda, 0xff, 0xda, 0xff, 0xda, 0xff, 0xda, 0xff, 0xda, 0xff, 0xda, 0xff, 0xb9, 0xff, 0x99, 0xf7, 0xb9, 0xff, 0xfb, 0xff, 0xdb, 0xff, 0xf1, 0x9c, 0xe3, 0x20, 0x00, 0x00, 0x00, 0x00, 0xe7, 0x41, 0xda, 0xde, 0xff, 0xff, 0xde, 0xff,
    0xff, 0xff, 0xff, 0xff, 0xfe, 0xff, 0xfe, 0xff, 0xff, 0xff, 0xff, 0xff, 0xfe, 0xff, 0xfe, 0xff, 0xfe, 0xff, 0xff, 0xff, 0xfe, 0xff, 0xfe, 0xff, 0xff, 0xff, 0xff, 0xff, 0xfe, 0xff, 0xff, 0xff, 0xff, 0xff, 0xff, 0xff, 0xfe, 0xff, 0xde, 0xff,
    0xff, 0xff, 0xff, 0xff, 0xff, 0xff, 0xfe, 0xff, 0xfe, 0xff, 0xfe, 0xff, 0xfe, 0xff, 0xfe, 0xff, 0xfe, 0xff, 0xff, 0xff, 0xff, 0xff, 0xff, 0xff, 0xff, 0xff, 0xff, 0xff, 0xff, 0xff, 0xfe, 0xff, 0xff, 0xff, 0xff, 0xff, 0xff, 0xff, 0xff, 0xff,
    0xff, 0xff, 0xfe, 0xff, 0xde, 0xff, 0xff, 0xff, 0xdb, 0xde, 0x89, 0x52, 0x00, 0x00, 0x00, 0x00, 0x81, 0x10, 0x6b, 0x73, 0xd7, 0xde, 0xfb, 0xff, 0xfb, 0xff, 0xb9, 0xff, 0x99, 0xf7, 0xb9, 0xff, 0xb9, 0xff, 0xd9, 0xff, 0xba, 0xff, 0xda, 0xff,
    0xda, 0xff, 0xda, 0xff, 0xda, 0xff, 0xda, 0xff, 0xda, 0xff, 0xda, 0xff, 0xda, 0xff, 0xda, 0xff, 0xda, 0xff, 0xda, 0xff, 0xda, 0xff, 0xda, 0xff, 0xda, 0xff, 0xda, 0xff, 0xda, 0xff, 0xda, 0xff, 0xda, 0xff, 0xda, 0xff, 0xda, 0xff, 0xda, 0xff,
    0xda, 0xff, 0xda, 0xff, 0xda, 0xff, 0xda, 0xff, 0xda, 0xff, 0xda, 0xff, 0xda, 0xff, 0xda, 0xff, 0xda, 0xff, 0xda, 0xff, 0xda, 0xff, 0xda, 0xff, 0xda, 0xff, 0xda, 0xff, 0xda, 0xff, 0xda, 0xff, 0xda, 0xff, 0xda, 0xff, 0xda, 0xff, 0xdb, 0xff,
    0xda, 0xff, 0xda, 0xff, 0xda, 0xff, 0xda, 0xff, 0xda, 0xff, 0xb9, 0xff, 0xb9, 0xff, 0xda, 0xff, 0xfb, 0xff, 0xda, 0xff, 0x52, 0xad, 0xc6, 0x39, 0x00, 0x00, 0x00, 0x00, 0x61, 0x08, 0xd2, 0x9c, 0xff, 0xff, 0xff, 0xff, 0xde, 0xff, 0xff, 0xff,
    0xff, 0xff, 0xff, 0xff, 0xfe, 0xff, 0xfe, 0xff, 0xff, 0xff, 0xff, 0xff, 0xff, 0xff, 0xff, 0xff, 0xff, 0xff, 0xfe, 0xff, 0xfe, 0xff, 0xff, 0xff, 0xfe, 0xff, 0xff, 0xff, 0xfe, 0xff, 0xfe, 0xff, 0xff, 0xff, 0xfe, 0xff, 0xde, 0xff, 0xde, 0xff,
    0xff, 0xff, 0xff, 0xff, 0xfe, 0xff, 0xfe, 0xff, 0xff, 0xff, 0xfe, 0xff, 0xfe, 0xff, 0xfe, 0xff, 0xfe, 0xff, 0xfe, 0xff, 0xff, 0xff, 0xff, 0xff, 0xfe, 0xff, 0xff, 0xff, 0xff, 0xff, 0xff, 0xff, 0xfe, 0xff, 0xff, 0xff, 0xff, 0xff, 0xff, 0xff,
    0xff, 0xff, 0xff, 0xff, 0xff, 0xff, 0xde, 0xff, 0xff, 0xff, 0xff, 0xff, 0xd7, 0xbd, 0x04, 0x21, 0x00, 0x00, 0x00, 0x00, 0x81, 0x10, 0x4a, 0x6b, 0x14, 0xc6, 0xda, 0xff, 0xfb, 0xff, 0xda, 0xff, 0xb9, 0xf7, 0xb9, 0xf7, 0xba, 0xff, 0xda, 0xff,
    0xda, 0xff, 0xda, 0xff, 0xda, 0xff, 0xda, 0xff, 0xda, 0xff, 0xda, 0xff, 0xda, 0xff, 0xda, 0xff, 0xda, 0xff, 0xda, 0xff, 0xda, 0xff, 0xda, 0xff, 0xda, 0xff, 0xda, 0xff, 0xda, 0xff, 0xda, 0xff, 0xda, 0xff, 0xda, 0xff, 0xda, 0xff, 0xda, 0xff,
    0xda, 0xff, 0xda, 0xff, 0xda, 0xff, 0xda, 0xff, 0xda, 0xff, 0xda, 0xff, 0xda, 0xff, 0xd9, 0xff, 0xda, 0xff, 0xda, 0xff, 0xda, 0xff, 0xda, 0xff, 0xda, 0xff, 0xda, 0xff, 0xda, 0xff, 0xda, 0xff, 0xda, 0xff, 0xda, 0xff, 0xda, 0xff, 0xdb, 0xff,
    0xdb, 0xff, 0xda, 0xff, 0xba, 0xff, 0xb9, 0xff, 0xb9, 0xff, 0xfa, 0xff, 0xfc, 0xff, 0x59, 0xef, 0x11, 0xa5, 0x06, 0x42, 0x00, 0x00, 0x00, 0x00, 0x81, 0x18, 0x40, 0x08, 0x00, 0x00, 0x2c, 0x6b, 0xbe, 0xf7, 0xff, 0xff, 0xfe, 0xff, 0xff, 0xff,
    0xfe, 0xff, 0xfe, 0xff, 0xfe, 0xff, 0xfe, 0xff, 0xfe, 0xff, 0xfe, 0xff, 0xfe, 0xff, 0xff, 0xff, 0xff, 0xff, 0xff, 0xff, 0xfe, 0xff, 0xff, 0xff, 0xfe, 0xff, 0xfe, 0xff, 0xfe, 0xff, 0xff, 0xff, 0xfe, 0xff, 0xff, 0xff, 0xff, 0xff, 0xde, 0xff,
    0xff, 0xff, 0xff, 0xff, 0xff, 0xff, 0xff, 0xff, 0xff, 0xff, 0xfe, 0xff, 0xfe, 0xff, 0xfe, 0xff, 0xfe, 0xff, 0xff, 0xff, 0xff, 0xff, 0xff, 0xff, 0xfe, 0xff, 0xfe, 0xff, 0xfe, 0xff, 0xfe, 0xff, 0xff, 0xff, 0xff, 0xff, 0xff, 0xff, 0xff, 0xff,
    0xff, 0xff, 0xff, 0xff, 0xff, 0xff, 0xff, 0xff, 0xde, 0xff, 0xff, 0xff, 0xf7, 0xbd, 0xa2, 0x10, 0x00, 0x00, 0x03, 0x21, 0x00, 0x00, 0x00, 0x00, 0x00, 0x00, 0xe6, 0x39, 0xf1, 0xa4, 0x19, 0xe7, 0xfc, 0xff, 0xfc, 0xff, 0xfc, 0xff, 0xdb, 0xff,
    0xda, 0xff, 0xba, 0xff, 0xba, 0xff, 0xda, 0xff, 0xda, 0xff, 0xda, 0xff, 0xda, 0xff, 0xd9, 0xff, 0xd9, 0xff, 0xda, 0xff, 0xda, 0xff, 0xda, 0xff, 0xda, 0xff, 0xda, 0xff, 0xda, 0xff, 0xda, 0xff, 0xda, 0xff, 0xda, 0xff, 0xba, 0xff, 0xda, 0xff,
    0xda, 0xff, 0xda, 0xff, 0xda, 0xff, 0xda, 0xff, 0xda, 0xff, 0xda, 0xff, 0xda, 0xff, 0xda, 0xff, 0xda, 0xff, 0xda, 0xff, 0xda, 0xff, 0xda, 0xff, 0xda, 0xff, 0xda, 0xff, 0xda, 0xff, 0xda, 0xff, 0xda, 0xff, 0xda, 0xff, 0xda, 0xff, 0xdb, 0xff,
    0xba, 0xff, 0xda, 0xff, 0xfb, 0xff, 0xfc, 0xff, 0xfb, 0xff, 0xd7, 0xde, 0xed, 0x83, 0xe3, 0x18, 0x00, 0x00, 0x00, 0x00, 0xc2, 0x28, 0x85, 0x82, 0xa8, 0xe4, 0xe8, 0xb3, 0x40, 0x08, 0x00, 0x00, 0x48, 0x4a, 0xbe, 0xf7, 0xff, 0xff, 0xde, 0xff,
    0xff, 0xff, 0xfe, 0xff, 0xfe, 0xff, 0xff, 0xff, 0xfe, 0xff, 0xfe, 0xff, 0xfe, 0xff, 0xff, 0xff, 0xff, 0xff, 0xff, 0xff, 0xfe, 0xff, 0xff, 0xff, 0xfe, 0xff, 0xff, 0xff, 0xff, 0xff, 0xff, 0xff, 0xfe, 0xff, 0xff, 0xff, 0xff, 0xff, 0xdf, 0xff,
    0xff, 0xff, 0xff, 0xff, 0xff, 0xff, 0xff, 0xff, 0xff, 0xff, 0xff, 0xff, 0xff, 0xff, 0xff, 0xff, 0xfe, 0xff, 0xff, 0xff, 0xff, 0xff, 0xfe, 0xff, 0xff, 0xff, 0xff, 0xff, 0xfe, 0xff, 0xfe, 0xff, 0xff, 0xff, 0xff, 0xff, 0xff, 0xff, 0xff, 0xff,
    0xff, 0xff, 0xff, 0xff, 0xff, 0xff, 0xde, 0xff, 0xff, 0xff, 0x54, 0xad, 0x20, 0x00, 0x00, 0x00, 0x68, 0x7b, 0x30, 0xf7, 0x49, 0xac, 0xc4, 0x51, 0x61, 0x10, 0x00, 0x00, 0x00, 0x00, 0xa2, 0x10, 0xc9, 0x5a, 0xd1, 0x9c, 0xb7, 0xde, 0xfd, 0xff,
    0xfd, 0xff, 0xfb, 0xff, 0xfa, 0xff, 0xda, 0xff, 0xd9, 0xff, 0xd9, 0xff, 0xb9, 0xff, 0xd9, 0xff, 0xd9, 0xff, 0xd9, 0xff, 0xd9, 0xff, 0xda, 0xff, 0xda, 0xff, 0xda, 0xff, 0xda, 0xff, 0xda, 0xff, 0xda, 0xff, 0xb9, 0xff, 0xb9, 0xff, 0xd9, 0xff,
    0xda, 0xff, 0xd9, 0xff, 0xd9, 0xff, 0xd9, 0xff, 0xda, 0xff, 0xda, 0xff, 0xda, 0xff, 0xda, 0xff, 0xda, 0xff, 0xda, 0xff, 0xda, 0xff, 0xda, 0xff, 0xd9, 0xff, 0xd9, 0xff, 0xda, 0xff, 0xda, 0xff, 0xda, 0xff, 0xda, 0xff, 0xfb, 0xff, 0xfc, 0xff,
    0xfd, 0xff, 0xfb, 0xff, 0xb7, 0xd6, 0xb0, 0x94, 0x07, 0x42, 0x20, 0x00, 0x00, 0x00, 0x20, 0x08, 0x83, 0x51, 0x05, 0xa3, 0xc8, 0xec, 0x89, 0xfd, 0x68, 0xfd, 0xe9, 0xfd, 0xe8, 0xb3, 0x20, 0x08, 0x00, 0x00, 0x89, 0x52, 0xff, 0xff, 0xff, 0xff,
    0xff, 0xff, 0xff, 0xff, 0xfe, 0xff, 0xfe, 0xff, 0xfe, 0xff, 0xfe, 0xff, 0xfe, 0xff, 0xfe, 0xff, 0xff, 0xff, 0xff, 0xff, 0xff, 0xff, 0xff, 0xff, 0xff, 0xff, 0xff, 0xff, 0xff, 0xff, 0xff, 0xff, 0xff, 0xff, 0xff, 0xff, 0xff, 0xff, 0xde, 0xff,
    0xff, 0xff, 0xff, 0xff, 0xff, 0xff, 0xff, 0xff, 0xff, 0xff, 0xff, 0xff, 0xff, 0xff, 0xff, 0xff, 0xff, 0xff, 0xff, 0xff, 0xff, 0xff, 0xff, 0xff, 0xff, 0xff, 0xfe, 0xff, 0xfe, 0xff, 0xfe, 0xff, 0xfe, 0xff, 0xff, 0xff, 0xff, 0xff, 0xff, 0xff,
    0xff, 0xff, 0xff, 0xff, 0xde, 0xff, 0xff, 0xff, 0xf7, 0xbd, 0x20, 0x00, 0x00, 0x00, 0x47, 0x7b, 0x4e, 0xff, 0x8b, 0xfe, 0xe9, 0xfd, 0xc9, 0xfd, 0xc8, 0xdc, 0xe9, 0x9b, 0xc9, 0x5a, 0x82, 0x10, 0x00, 0x00, 0x00, 0x00, 0x00, 0x00, 0xe6, 0x39,
    0x2b, 0x63, 0x11, 0xa5, 0x76, 0xd6, 0xba, 0xff, 0xda, 0xff, 0xb9, 0xff, 0xd9, 0xff, 0xd9, 0xff, 0xb9, 0xff, 0xb9, 0xff, 0xda, 0xff, 0xda, 0xff, 0xfa, 0xff, 0xfa, 0xff, 0xfa, 0xff, 0xda, 0xff, 0xd9, 0xff, 0xd9, 0xff, 0xd9, 0xff, 0xd9, 0xff,
    0xd9, 0xff, 0xd9, 0xff, 0xd9, 0xff, 0xd9, 0xff, 0xd9, 0xff, 0xd9, 0xff, 0xda, 0xff, 0xd9, 0xff, 0xd9, 0xff, 0xda, 0xff, 0xda, 0xff, 0xba, 0xff, 0xda, 0xff, 0xda, 0xff, 0xda, 0xff, 0xda, 0xff, 0xda, 0xff, 0xfa, 0xff, 0x7a, 0xf7, 0xf5, 0xbd,
    0x8c, 0x73, 0x85, 0x31, 0x00, 0x00, 0x00, 0x00, 0x61, 0x08, 0xa3, 0x49, 0x26, 0x9b, 0x88, 0xe4, 0x08, 0xfd, 0x68, 0xfd, 0x68, 0xfd, 0x48, 0xf5, 0x68, 0xf5, 0x48, 0xf5, 0xea, 0xfd, 0xc8, 0xa3, 0x20, 0x00, 0x00, 0x00, 0x2c, 0x63, 0xff, 0xff,
    0xde, 0xff, 0xff, 0xff, 0xfe, 0xff, 0xfe, 0xff, 0xfe, 0xff, 0xfe, 0xff, 0xfe, 0xff, 0xfe, 0xff, 0xff, 0xff, 0xff, 0xff, 0xff, 0xff, 0xff, 0xff, 0xff, 0xff, 0xff, 0xff, 0xff, 0xff, 0xff, 0xff, 0xff, 0xff, 0xff, 0xff, 0xff, 0xff, 0xde, 0xff,
    0xff, 0xff, 0xff, 0xff, 0xff, 0xff, 0xfe, 0xff, 0xff, 0xff, 0xff, 0xff, 0xff, 0xff, 0xff, 0xff, 0xff, 0xff, 0xff, 0xff, 0xff, 0xff, 0xff, 0xff, 0xfe, 0xff, 0xfe, 0xff, 0xfe, 0xff, 0xfe, 0xff, 0xfe, 0xff, 0xfe, 0xff, 0xfe, 0xff, 0xfe, 0xff,
    0xff, 0xff, 0xde, 0xff, 0xff, 0xff, 0x79, 0xce, 0xa2, 0x10, 0x00, 0x00, 0x06, 0x73, 0x6f, 0xff, 0x8c, 0xf6, 0x88, 0xfd, 0x48, 0xfd, 0x68, 0xfd, 0x88, 0xfd, 0x8f, 0xfe, 0xfa, 0xff, 0x39, 0xe7, 0xb4, 0xbd, 0x0e, 0x84, 0x89, 0x52, 0x24, 0x29,
    0x20, 0x00, 0x41, 0x08, 0xa2, 0x10, 0x8c, 0x73, 0x79, 0xf7, 0xda, 0xff, 0xd9, 0xff, 0xb9, 0xff, 0xb9, 0xff, 0x99, 0xff, 0x16, 0xff, 0x16, 0xff, 0x37, 0xff, 0x37, 0xff, 0x78, 0xff, 0x78, 0xff, 0xb9, 0xff, 0x98, 0xff, 0x98, 0xff, 0x98, 0xff,
    0x78, 0xff, 0x98, 0xff, 0x98, 0xff, 0x98, 0xff, 0x77, 0xff, 0x57, 0xff, 0x57, 0xff, 0x77, 0xff, 0x78, 0xff, 0x57, 0xff, 0x57, 0xf7, 0x37, 0xf7, 0x36, 0xf7, 0x36, 0xf7, 0x78, 0xff, 0xb9, 0xff, 0xfb, 0xff, 0xf8, 0xe6, 0x0e, 0x8c, 0x07, 0x42,
    0xa6, 0x31, 0x89, 0x52, 0x4e, 0x8c, 0xf4, 0xc5, 0x17, 0xe7, 0x6e, 0xfe, 0x89, 0xfd, 0x68, 0xfd, 0x49, 0xf5, 0x68, 0xf5, 0x68, 0xf5, 0x68, 0xf5, 0x68, 0xf5, 0x68, 0xf5, 0x48, 0xf5, 0x0a, 0xfe, 0x67, 0x93, 0x20, 0x00, 0x00, 0x00, 0x0f, 0x84,
    0xff, 0xff, 0xde, 0xff, 0xff, 0xff, 0xfe, 0xff, 0xfe, 0xff, 0xfe, 0xff, 0xfe, 0xff, 0xff, 0xff, 0xff, 0xff, 0xff, 0xff, 0xff, 0xff, 0xff, 0xff, 0xff, 0xff, 0xff, 0xff, 0xff, 0xff, 0xff, 0xff, 0xff, 0xff, 0xff, 0xff, 0xff, 0xff, 0xde, 0xff,
    0xff, 0xff, 0xff, 0xff, 0xff, 0xff, 0xff, 0xff, 0xff, 0xff, 0xff, 0xff, 0xff, 0xff, 0xff, 0xff, 0xff, 0xff, 0xfe, 0xff, 0xff, 0xff, 0xfe, 0xff, 0xfe, 0xff, 0xfe, 0xff, 0xfe, 0xff, 0xfe, 0xff, 0xff, 0xff, 0xff, 0xff, 0xfe, 0xff, 0xfe, 0xff,
    0xde, 0xff, 0xff, 0xff, 0x7d, 0xef, 0x04, 0x21, 0x00, 0x00, 0x24, 0x52, 0x2f, 0xff, 0xac, 0xf6, 0xa9, 0xfd, 0x68, 0xfd, 0x68, 0xfd, 0x89, 0xfd, 0xaa, 0xf5, 0x92, 0xee, 0x99, 0xf7, 0xfb, 0xff, 0xfc, 0xff, 0xfc, 0xff, 0xfc, 0xff, 0xba, 0xff,
    0x18, 0xe7, 0x97, 0xd6, 0x35, 0xce, 0xd7, 0xde, 0xda, 0xff, 0xda, 0xff, 0xda, 0xff, 0x57, 0xf7, 0xd5, 0xf6, 0xf6, 0xfe, 0xd4, 0xfe, 0x93, 0xf6, 0x94, 0xf6, 0x93, 0xf6, 0x72, 0xfe, 0x52, 0xfe, 0x73, 0xfe, 0x73, 0xfe, 0x73, 0xfe, 0x93, 0xfe,
    0x93, 0xfe, 0x93, 0xfe, 0x93, 0xfe, 0x94, 0xfe, 0x93, 0xfe, 0x93, 0xfe, 0x93, 0xfe, 0xb4, 0xf6, 0xb4, 0xfe, 0x93, 0xfe, 0x73, 0xf6, 0x52, 0xf6, 0x72, 0xfe, 0xf5, 0xf6, 0x98, 0xff, 0xb9, 0xff, 0xda, 0xff, 0x99, 0xf7, 0x99, 0xf7, 0xba, 0xff,
    0xfb, 0xff, 0xfc, 0xff, 0xfc, 0xff, 0xfc, 0xff, 0x77, 0xff, 0xf3, 0xf6, 0x8a, 0xf5, 0x48, 0xfd, 0x69, 0xfd, 0x68, 0xfd, 0x68, 0xf5, 0x68, 0xfd, 0x68, 0xfd, 0x68, 0xf5, 0x68, 0xf5, 0x88, 0xf5, 0x29, 0xfd, 0xa3, 0x61, 0x00, 0x00, 0x00, 0x00,
    0xd6, 0xbd, 0xff, 0xff, 0xde, 0xff, 0xff, 0xff, 0xff, 0xff, 0xff, 0xff, 0xff, 0xff, 0xff, 0xff, 0xff, 0xff, 0xff, 0xff, 0xff, 0xff, 0xff, 0xff, 0xff, 0xff, 0xff, 0xff, 0xff, 0xff, 0xff, 0xff, 0xff, 0xff, 0xff, 0xff, 0xdf, 0xff, 0xde, 0xff,
    0xff, 0xff, 0xff, 0xff, 0xff, 0xff, 0xff, 0xff, 0xff, 0xff, 0xff, 0xff, 0xff, 0xff, 0xff, 0xff, 0xff, 0xff, 0xff, 0xff, 0xff, 0xff, 0xfe, 0xff, 0xfe, 0xff, 0xfe, 0xff, 0xfe, 0xff, 0xff, 0xff, 0xff, 0xff, 0xff, 0xff, 0xff, 0xff, 0xff, 0xff,
    0xde, 0xff, 0xff, 0xff, 0xaa, 0x52, 0x00, 0x00, 0x23, 0x21, 0xee, 0xee, 0x2e, 0xff, 0xca, 0xf5, 0x89, 0xfd, 0x89, 0xfd, 0x89, 0xfd, 0x89, 0xfd, 0x89, 0xfd, 0xb2, 0xf6, 0xbb, 0xff, 0xba, 0xff, 0xda, 0xff, 0xda, 0xff, 0xda, 0xff, 0xfa, 0xff,
    0xfb, 0xff, 0xfb, 0xff, 0xfc, 0xff, 0xfb, 0xff, 0xda, 0xff, 0xda, 0xff, 0xd9, 0xff, 0xd9, 0xff, 0x16, 0xff, 0x73, 0xf6, 0x93, 0xfe, 0x94, 0xfe, 0x93, 0xf6, 0x73, 0xfe, 0x52, 0xfe, 0x52, 0xfe, 0x53, 0xfe, 0x73, 0xfe, 0x73, 0xfe, 0x73, 0xfe,
    0x73, 0xfe, 0x52, 0xfe, 0x73, 0xfe, 0x93, 0xfe, 0x73, 0xfe, 0x73, 0xfe, 0x73, 0xfe, 0x93, 0xfe, 0x93, 0xfe, 0x93, 0xf6, 0x73, 0xfe, 0x93, 0xfe, 0x16, 0xff, 0x98, 0xff, 0xb9, 0xff, 0xd9, 0xff, 0xd9, 0xff, 0xf9, 0xff, 0xfa, 0xff, 0xfa, 0xff,
    0xda, 0xff, 0xba, 0xff, 0xba, 0xff, 0xdb, 0xff, 0x92, 0xf6, 0xed, 0xf5, 0xaa, 0xfd, 0x69, 0xfd, 0x69, 0xfd, 0x68, 0xfd, 0x68, 0xfd, 0x68, 0xfd, 0x68, 0xfd, 0x68, 0xfd, 0x88, 0xfd, 0x87, 0xec, 0x24, 0xeb, 0x25, 0xdb, 0xa1, 0x20, 0x00, 0x00,
    0x24, 0x21, 0x9e, 0xf7, 0xff, 0xff, 0xff, 0xff, 0xff, 0xff, 0xff, 0xff, 0xff, 0xff, 0xfe, 0xff, 0xff, 0xff, 0xff, 0xff, 0xff, 0xff, 0xff, 0xff, 0xfe, 0xff, 0xff, 0xff, 0xfe, 0xff, 0xff, 0xff, 0xff, 0xff, 0xff, 0xff, 0xdf, 0xff, 0xde, 0xff,
    0xff, 0xff, 0xff, 0xff, 0xff, 0xff, 0xff, 0xff, 0xff, 0xff, 0xff, 0xff, 0xff, 0xff, 0xff, 0xff, 0xff, 0xff, 0xff, 0xff, 0xff, 0xff, 0xff, 0xff, 0xff, 0xff, 0xfe, 0xff, 0xfe, 0xff, 0xff, 0xff, 0xff, 0xff, 0xff, 0xff, 0xff, 0xff, 0xde, 0xff,
    0xff, 0xff, 0x71, 0x8c, 0x00, 0x00, 0x20, 0x00, 0x26, 0xb3, 0x29, 0xfd, 0xea, 0xf5, 0xc9, 0xfd, 0x89, 0xfd, 0x88, 0xfd, 0x89, 0xfd, 0x89, 0xfd, 0x89, 0xfd, 0x0c, 0xfe, 0x99, 0xff, 0xdb, 0xff, 0xda, 0xff, 0xda, 0xff, 0xda, 0xff, 0xda, 0xff,
    0xda, 0xff, 0xba, 0xff, 0xba, 0xff, 0xdb, 0xff, 0xdb, 0xff, 0xda, 0xff, 0xd9, 0xff, 0xd9, 0xff, 0xda, 0xff, 0x78, 0xff, 0xf5, 0xfe, 0xb4, 0xfe, 0x73, 0xfe, 0x73, 0xfe, 0x93, 0xfe, 0x93, 0xfe, 0x93, 0xfe, 0x73, 0xfe, 0x73, 0xfe, 0x73, 0xfe,
    0x73, 0xfe, 0x93, 0xfe, 0xb4, 0xfe, 0x94, 0xfe, 0x94, 0xfe, 0x93, 0xfe, 0x93, 0xfe, 0x93, 0xfe, 0x73, 0xfe, 0x93, 0xfe, 0xf5, 0xfe, 0x78, 0xff, 0xb8, 0xff, 0xb9, 0xff, 0xd9, 0xff, 0xd9, 0xff, 0xd9, 0xff, 0xda, 0xff, 0xda, 0xff, 0xda, 0xff,
    0xda, 0xff, 0xda, 0xff, 0xda, 0xff, 0xfb, 0xff, 0x36, 0xf7, 0xcc, 0xf5, 0xaa, 0xfd, 0x8a, 0xfd, 0x69, 0xfd, 0x69, 0xfd, 0x88, 0xfd, 0x68, 0xfd, 0x89, 0xfd, 0x89, 0xf5, 0x46, 0xec, 0x24, 0xeb, 0x24, 0xeb, 0x65, 0xf3, 0xe5, 0xba, 0x41, 0x08,
    0x00, 0x00, 0x4c, 0x6b, 0xff, 0xff, 0xde, 0xff, 0xff, 0xff, 0xff, 0xff, 0xfe, 0xff, 0xfe, 0xff, 0xff, 0xff, 0xfe, 0xff, 0xfe, 0xff, 0xff, 0xff, 0xfe, 0xff, 0xfe, 0xff, 0xfe, 0xff, 0xff, 0xff, 0xfe, 0xff, 0xff, 0xff, 0xdf, 0xff, 0xde, 0xff,
    0xff, 0xff, 0xff, 0xff, 0xff, 0xff, 0xff, 0xff, 0xff, 0xff, 0xff, 0xff, 0xff, 0xff, 0xff, 0xff, 0xfe, 0xff, 0xfe, 0xff, 0xfe, 0xff, 0xfe, 0xff, 0xfe, 0xff, 0xff, 0xff, 0xff, 0xff, 0xff, 0xff, 0xff, 0xff, 0xff, 0xff, 0xde, 0xff, 0xff, 0xff,
    0xfb, 0xde, 0x61, 0x10, 0x00, 0x00, 0xa3, 0x69, 0x85, 0xfb, 0xe4, 0xea, 0x85, 0xeb, 0xc8, 0xf4, 0xc9, 0xfd, 0xc9, 0xfd, 0x89, 0xfd, 0x88, 0xfd, 0xa9, 0xfd, 0xca, 0xfd, 0xf4, 0xf6, 0xba, 0xff, 0xda, 0xff, 0xda, 0xff, 0xda, 0xff, 0xdb, 0xff,
    0xdb, 0xff, 0xdb, 0xff, 0xdb, 0xff, 0xdb, 0xff, 0xdb, 0xff, 0xda, 0xff, 0xda, 0xff, 0xda, 0xff, 0xd9, 0xff, 0xda, 0xff, 0xd9, 0xff, 0x98, 0xff, 0x36, 0xff, 0xd5, 0xfe, 0xb4, 0xfe, 0xb4, 0xfe, 0xb4, 0xfe, 0xb4, 0xfe, 0x93, 0xfe, 0x93, 0xfe,
    0x94, 0xfe, 0xb4, 0xfe, 0xb4, 0xfe, 0xb4, 0xfe, 0x94, 0xfe, 0xb4, 0xfe, 0xb4, 0xfe, 0xb4, 0xfe, 0xf5, 0xfe, 0x77, 0xff, 0xd9, 0xff, 0xd9, 0xff, 0xd9, 0xff, 0xd9, 0xff, 0xd9, 0xff, 0xda, 0xff, 0xda, 0xff, 0xda, 0xff, 0xdb, 0xff, 0xdb, 0xff,
    0xdb, 0xff, 0xdb, 0xff, 0xdb, 0xff, 0xda, 0xff, 0xfb, 0xff, 0xf5, 0xf6, 0x8a, 0xfd, 0x8a, 0xfd, 0x89, 0xfd, 0x89, 0xfd, 0x89, 0xfd, 0x89, 0xfd, 0x48, 0xf5, 0x06, 0xec, 0x65, 0xeb, 0x44, 0xeb, 0x24, 0xeb, 0x24, 0xeb, 0xa6, 0xfb, 0xc3, 0x69,
    0x00, 0x00, 0x00, 0x00, 0x58, 0xce, 0xff, 0xff, 0xde, 0xff, 0xff, 0xff, 0xfe, 0xff, 0xff, 0xff, 0xff, 0xff, 0xfe, 0xff, 0xfe, 0xff, 0xff, 0xff, 0xfe, 0xff, 0xfe, 0xff, 0xfe, 0xff, 0xfe, 0xff, 0xfe, 0xff, 0xff, 0xff, 0xff, 0xff, 0xde, 0xff,
    0xff, 0xff, 0xff, 0xff, 0xff, 0xff, 0xff, 0xff, 0xff, 0xff, 0xff, 0xff, 0xff, 0xff, 0xff, 0xff, 0xfe, 0xff, 0xfe, 0xff, 0xfe, 0xff, 0xfe, 0xff, 0xfe, 0xff, 0xff, 0xff, 0xff, 0xff, 0xff, 0xff, 0xff, 0xff, 0xff, 0xff, 0xde, 0xff, 0xff, 0xff,
    0x48, 0x4a, 0x00, 0x00, 0xc2, 0x30, 0x85, 0xeb, 0x44, 0xf3, 0x44, 0xf3, 0x45, 0xf3, 0x24, 0xeb, 0x67, 0xf4, 0xa9, 0xf5, 0x89, 0xfd, 0x88, 0xfd, 0xa9, 0xfd, 0xa9, 0xfd, 0x0d, 0xf6, 0x36, 0xf7, 0xda, 0xff, 0xda, 0xff, 0xda, 0xff, 0xdb, 0xff,
    0xdb, 0xff, 0xdb, 0xff, 0xdb, 0xff, 0xdb, 0xff, 0xdb, 0xff, 0xda, 0xff, 0xda, 0xff, 0xda, 0xff, 0xda, 0xff, 0xd9, 0xff, 0xd9, 0xff, 0xda, 0xff, 0xda, 0xff, 0xb9, 0xff, 0x98, 0xff, 0x57, 0xff, 0xf5, 0xfe, 0xb4, 0xfe, 0x94, 0xfe, 0x73, 0xfe,
    0x94, 0xfe, 0xb4, 0xfe, 0xd5, 0xfe, 0xf5, 0xfe, 0xf5, 0xfe, 0x36, 0xff, 0x78, 0xff, 0xb9, 0xff, 0xd9, 0xff, 0xda, 0xff, 0xd9, 0xff, 0xd9, 0xff, 0xda, 0xff, 0xda, 0xff, 0xda, 0xff, 0xda, 0xff, 0xda, 0xff, 0xdb, 0xff, 0xdb, 0xff, 0xdb, 0xff,
    0xdb, 0xff, 0xdb, 0xff, 0xdb, 0xff, 0xdb, 0xff, 0xda, 0xff, 0xfb, 0xff, 0x70, 0xf6, 0x69, 0xfd, 0x89, 0xfd, 0x69, 0xfd, 0x89, 0xfd, 0x69, 0xf5, 0x06, 0xec, 0x44, 0xf3, 0x44, 0xf3, 0x24, 0xf3, 0x24, 0xf3, 0x24, 0xeb, 0x65, 0xf3, 0x65, 0xe3,
    0x81, 0x20, 0x00, 0x00, 0x07, 0x42, 0xff, 0xff, 0xff, 0xff, 0xff, 0xff, 0xff, 0xff, 0xff, 0xff, 0xff, 0xff, 0xfe, 0xff, 0xfe, 0xff, 0xfe, 0xff, 0xfe, 0xff, 0xfe, 0xff, 0xfe, 0xff, 0xfe, 0xff, 0xff, 0xff, 0xff, 0xff, 0xff, 0xff, 0xde, 0xff,
    0xff, 0xff, 0xff, 0xff, 0xff, 0xff, 0xff, 0xff, 0xff, 0xff, 0xff, 0xff, 0xff, 0xff, 0xff, 0xff, 0xff, 0xff, 0xfe, 0xff, 0xfe, 0xff, 0xfe, 0xff, 0xff, 0xff, 0xff, 0xff, 0xff, 0xff, 0xff, 0xff, 0xff, 0xff, 0xde, 0xff, 0xff, 0xff, 0x14, 0xa5,
    0x00, 0x00, 0x20, 0x00, 0x84, 0xb2, 0x84, 0xfb, 0x44, 0xf3, 0x44, 0xf3, 0x64, 0xf3, 0x45, 0xf3, 0x04, 0xeb, 0x06, 0xf4, 0x89, 0xfd, 0x88, 0xfd, 0x88, 0xfd, 0x88, 0xfd, 0x89, 0xfd, 0x50, 0xf6, 0xba, 0xff, 0xda, 0xff, 0xda, 0xff, 0xdb, 0xff,
    0xdb, 0xff, 0xdb, 0xff, 0xdb, 0xff, 0xda, 0xff, 0xda, 0xff, 0xda, 0xff, 0xda, 0xff, 0xd9, 0xff, 0xda, 0xff, 0xba, 0xff, 0xda, 0xff, 0xda, 0xff, 0xda, 0xff, 0xda, 0xff, 0xfa, 0xff, 0xfa, 0xff, 0xda, 0xff, 0xb9, 0xff, 0x78, 0xff, 0x57, 0xff,
    0x37, 0xff, 0x57, 0xff, 0x98, 0xff, 0xb9, 0xff, 0xd9, 0xff, 0xda, 0xff, 0xda, 0xff, 0xda, 0xff, 0xda, 0xff, 0xda, 0xff, 0xda, 0xff, 0xda, 0xff, 0xda, 0xff, 0xda, 0xff, 0xda, 0xff, 0xda, 0xff, 0xdb, 0xff, 0xdb, 0xff, 0xdb, 0xff, 0xdb, 0xff,
    0xdb, 0xff, 0xdb, 0xff, 0xda, 0xff, 0xda, 0xff, 0xda, 0xff, 0xfa, 0xff, 0x98, 0xff, 0xaa, 0xfd, 0x68, 0xfd, 0x89, 0xfd, 0x28, 0xf5, 0x06, 0xec, 0x65, 0xf3, 0x44, 0xf3, 0x44, 0xf3, 0x44, 0xf3, 0x44, 0xeb, 0x44, 0xeb, 0x44, 0xeb, 0x85, 0xfb,
    0x44, 0x8a, 0x00, 0x00, 0x00, 0x00, 0xf3, 0xa4, 0xff, 0xff, 0xde, 0xff, 0xff, 0xff, 0xfe, 0xff, 0xff, 0xff, 0xfe, 0xff, 0xfe, 0xff, 0xfe, 0xff, 0xfe, 0xff, 0xfe, 0xff, 0xfe, 0xff, 0xfe, 0xff, 0xff, 0xff, 0xff, 0xff, 0xff, 0xff, 0xde, 0xff,
    0xff, 0xff, 0xff, 0xff, 0xff, 0xff, 0xff, 0xff, 0xff, 0xff, 0xff, 0xff, 0xfe, 0xff, 0xff, 0xff, 0xff, 0xff, 0xfe, 0xff, 0xfe, 0xff, 0xff, 0xff, 0xff, 0xff, 0xff, 0xff, 0xff, 0xff, 0xff, 0xff, 0xff, 0xff, 0xff, 0xff, 0xbe, 0xf7, 0x44, 0x29,
    0x00, 0x00, 0x02, 0x51, 0x65, 0xfb, 0x44, 0xf3, 0x44, 0xf3, 0x44, 0xf3, 0x65, 0xf3, 0x44, 0xf3, 0x24, 0xf3, 0x24, 0xf3, 0x67, 0xf4, 0x88, 0xfd, 0x68, 0xfd, 0x88, 0xfd, 0x89, 0xfd, 0xaa, 0xfd, 0xb3, 0xf6, 0xda, 0xff, 0xda, 0xff, 0xda, 0xff,
    0xdb, 0xff, 0xdb, 0xff, 0xdb, 0xff, 0xda, 0xff, 0xda, 0xff, 0xda, 0xff, 0xda, 0xff, 0xba, 0xff, 0xda, 0xff, 0xda, 0xff, 0xda, 0xff, 0xda, 0xff, 0xdb, 0xff, 0xda, 0xff, 0xda, 0xff, 0xda, 0xff, 0xda, 0xff, 0xda, 0xff, 0xfa, 0xff, 0xda, 0xff,
    0xda, 0xff, 0xda, 0xff, 0xda, 0xff, 0xda, 0xff, 0xda, 0xff, 0xda, 0xff, 0xda, 0xff, 0xda, 0xff, 0xda, 0xff, 0xda, 0xff, 0xdb, 0xff, 0xdb, 0xff, 0xdb, 0xff, 0xdb, 0xff, 0xdb, 0xff, 0xda, 0xff, 0xdb, 0xff, 0xda, 0xff, 0xda, 0xff, 0xdb, 0xff,
    0xdb, 0xff, 0xdb, 0xff, 0xdb, 0xff, 0xdb, 0xff, 0xda, 0xff, 0xfb, 0xff, 0x98, 0xff, 0xa9, 0xfd, 0x88, 0xfd, 0x89, 0xfd, 0x46, 0xec, 0x65, 0xeb, 0x45, 0xf3, 0x65, 0xf3, 0x65, 0xf3, 0x44, 0xf3, 0x44, 0xf3, 0x44, 0xf3, 0x44, 0xeb, 0x06, 0xf4,
    0x6a, 0xf5, 0x23, 0x29, 0x00, 0x00, 0x65, 0x29, 0xdf, 0xff, 0xff, 0xff, 0xff, 0xff, 0xff, 0xff, 0xfe, 0xff, 0xfe, 0xff, 0xff, 0xff, 0xfe, 0xff, 0xfe, 0xff, 0xfe, 0xff, 0xfe, 0xff, 0xff, 0xff, 0xff, 0xff, 0xff, 0xff, 0xff, 0xff, 0xde, 0xff,
    0xff, 0xff, 0xff, 0xff, 0xff, 0xff, 0xff, 0xff, 0xff, 0xff, 0xff, 0xff, 0xff, 0xff, 0xff, 0xff, 0xfe, 0xff, 0xfe, 0xff, 0xfe, 0xff, 0xfe, 0xff, 0xff, 0xff, 0xff, 0xff, 0xff, 0xff, 0xff, 0xff, 0xde, 0xff, 0xff, 0xff, 0x71, 0x8c, 0x00, 0x00,
    0x61, 0x08, 0xea, 0xcc, 0x67, 0xf4, 0x24, 0xeb, 0x44, 0xf3, 0x44, 0xf3, 0x65, 0xf3, 0x45, 0xeb, 0x44, 0xf3, 0x24, 0xf3, 0x24, 0xeb, 0xc7, 0xf4, 0x88, 0xfd, 0x68, 0xfd, 0xab, 0xfd, 0xaa, 0xf5, 0x92, 0xf6, 0xfb, 0xff, 0xda, 0xff, 0xda, 0xff,
    0xdb, 0xff, 0xda, 0xff, 0xda, 0xff, 0xda, 0xff, 0xda, 0xff, 0xda, 0xff, 0xba, 0xff, 0xba, 0xff, 0xba, 0xff, 0xda, 0xff, 0xda, 0xff, 0xdb, 0xff, 0xdb, 0xff, 0xdb, 0xff, 0xda, 0xff, 0xda, 0xff, 0xda, 0xff, 0xda, 0xff, 0xda, 0xff, 0xda, 0xff,
    0xda, 0xff, 0xda, 0xff, 0xda, 0xff, 0xda, 0xff, 0xda, 0xff, 0xda, 0xff, 0xda, 0xff, 0xdb, 0xff, 0xdb, 0xff, 0xdb, 0xff, 0xdb, 0xff, 0xdb, 0xff, 0xdb, 0xff, 0xdb, 0xff, 0xdb, 0xff, 0xda, 0xff, 0xda, 0xff, 0xdb, 0xff, 0xdb, 0xff, 0xdb, 0xff,
    0xdb, 0xff, 0xda, 0xff, 0xda, 0xff, 0xda, 0xff, 0xba, 0xff, 0xda, 0xff, 0x4f, 0xfe, 0x47, 0xfd, 0xa9, 0xfd, 0x28, 0xf5, 0xe6, 0xeb, 0xa5, 0xf3, 0x44, 0xf3, 0x64, 0xf3, 0x44, 0xf3, 0x64, 0xf3, 0x84, 0xf3, 0x06, 0xec, 0x08, 0xf5, 0x89, 0xf5,
    0x2a, 0xfe, 0xe8, 0xab, 0x00, 0x00, 0x00, 0x00, 0xd6, 0xbd, 0xff, 0xff, 0xde, 0xff, 0xff, 0xff, 0xff, 0xff, 0xff, 0xff, 0xff, 0xff, 0xfe, 0xff, 0xfe, 0xff, 0xfe, 0xff, 0xfe, 0xff, 0xff, 0xff, 0xff, 0xff, 0xff, 0xff, 0xff, 0xff, 0xde, 0xff,
    0xff, 0xff, 0xff, 0xff, 0xff, 0xff, 0xff, 0xff, 0xff, 0xff, 0xff, 0xff, 0xff, 0xff, 0xfe, 0xff, 0xfe, 0xff, 0xff, 0xff, 0xff, 0xff, 0xff, 0xff, 0xff, 0xff, 0xff, 0xff, 0xff, 0xff, 0xff, 0xff, 0xff, 0xff, 0x7d, 0xef, 0xe3, 0x18, 0x00, 0x00,
    0xe6, 0x6a, 0x8f, 0xff, 0x8c, 0xf6, 0xe8, 0xec, 0x06, 0xf4, 0x85, 0xf3, 0x44, 0xf3, 0x24, 0xf3, 0x24, 0xf3, 0x23, 0xf3, 0xe3, 0xea, 0x86, 0xec, 0x89, 0xfd, 0xaa, 0xfd, 0xec, 0xf5, 0x2f, 0xfe, 0x99, 0xff, 0xda, 0xff, 0xda, 0xff, 0xdb, 0xff,
    0xdb, 0xff, 0xda, 0xff, 0xda, 0xff, 0xda, 0xff, 0xda, 0xff, 0xda, 0xff, 0xda, 0xff, 0xba, 0xff, 0xba, 0xff, 0xda, 0xff, 0xda, 0xff, 0xda, 0xff, 0xda, 0xff, 0xdb, 0xff, 0xdb, 0xff, 0xda, 0xff, 0xda, 0xff, 0xda, 0xff, 0xda, 0xff, 0xda, 0xff,
    0xdb, 0xff, 0xda, 0xff, 0xdb, 0xff, 0xdb, 0xff, 0xda, 0xff, 0xda, 0xff, 0xda, 0xff, 0xdb, 0xff, 0xdb, 0xff, 0xdb, 0xff, 0xdb, 0xff, 0xdb, 0xff, 0xdb, 0xff, 0xdb, 0xff, 0xdb, 0xff, 0xdb, 0xff, 0xda, 0xff, 0xdb, 0xff, 0xdb, 0xff, 0xdb, 0xff,
    0xda, 0xff, 0xda, 0xff, 0xda, 0xff, 0xbb, 0xff, 0x16, 0xf7, 0x2e, 0xf6, 0x88, 0xfd, 0x88, 0xfd, 0x88, 0xfd, 0x68, 0xf5, 0xc8, 0xf4, 0x47, 0xf4, 0x26, 0xf4, 0x46, 0xf4, 0x67, 0xf4, 0x28, 0xf5, 0x69, 0xfd, 0xa9, 0xfd, 0xca, 0xfd, 0xa9, 0xfd,
    0xa9, 0xfd, 0xca, 0xfd, 0x23, 0x31, 0x00, 0x00, 0x28, 0x4a, 0xff, 0xff, 0xff, 0xff, 0xff, 0xff, 0xff, 0xff, 0xff, 0xff, 0xff, 0xff, 0xfe, 0xff, 0xfe, 0xff, 0xfe, 0xff, 0xfe, 0xff, 0xfe, 0xff, 0xfe, 0xff, 0xff, 0xff, 0xff, 0xff, 0xde, 0xff,
    0xff, 0xff, 0xff, 0xff, 0xff, 0xff, 0xff, 0xff, 0xfe, 0xff, 0xfe, 0xff, 0xfe, 0xff, 0xfe, 0xff, 0xff, 0xff, 0xff, 0xff, 0xff, 0xff, 0xff, 0xff, 0xff, 0xff, 0xff, 0xff, 0xff, 0xff, 0xde, 0xff, 0xff, 0xff, 0x71, 0x8c, 0x00, 0x00, 0x81, 0x10,
    0x0c, 0xe6, 0x0d, 0xff, 0xcc, 0xfe, 0xea, 0xfd, 0x89, 0xfd, 0x28, 0xf5, 0xc7, 0xf4, 0x46, 0xf4, 0x26, 0xec, 0x46, 0xf4, 0xa7, 0xf4, 0x48, 0xfd, 0x69, 0xfd, 0xcb, 0xfd, 0xcb, 0xf5, 0x56, 0xff, 0xfb, 0xff, 0xba, 0xff, 0xda, 0xff, 0xda, 0xff,
    0xda, 0xff, 0xda, 0xff, 0xda, 0xff, 0xda, 0xff, 0xda, 0xff, 0xda, 0xff, 0xda, 0xff, 0xda, 0xff, 0xda, 0xff, 0xda, 0xff, 0xda, 0xff, 0xda, 0xff, 0xda, 0xff, 0xdb, 0xff, 0xdb, 0xff, 0xda, 0xff, 0xda, 0xff, 0xda, 0xff, 0xda, 0xff, 0xdb, 0xff,
    0xdb, 0xff, 0xdb, 0xff, 0xdb, 0xff, 0xda, 0xff, 0xda, 0xff, 0xda, 0xff, 0xda, 0xff, 0xda, 0xff, 0xdb, 0xff, 0xdb, 0xff, 0xdb, 0xff, 0xdb, 0xff, 0xdb, 0xff, 0xdb, 0xff, 0xdb, 0xff, 0xdb, 0xff, 0xdb, 0xff, 0xdb, 0xff, 0xdb, 0xff, 0xdb, 0xff,
    0xda, 0xff, 0xda, 0xff, 0xb9, 0xf7, 0xb2, 0xf6, 0x89, 0xfd, 0x67, 0xfd, 0x88, 0xfd, 0x88, 0xfd, 0x88, 0xfd, 0xa8, 0xfd, 0xa8, 0xfd, 0x88, 0xfd, 0xa9, 0xfd, 0x89, 0xfd, 0xa9, 0xfd, 0xa9, 0xfd, 0xa9, 0xfd, 0x89, 0xfd, 0x89, 0xfd, 0x89, 0xfd,
    0x89, 0xfd, 0x4b, 0xfe, 0x67, 0x93, 0x00, 0x00, 0x20, 0x00, 0x17, 0xc6, 0xff, 0xff, 0xde, 0xff, 0xff, 0xff, 0xff, 0xff, 0xff, 0xff, 0xfe, 0xff, 0xfe, 0xff, 0xff, 0xff, 0xfe, 0xff, 0xfe, 0xff, 0xfe, 0xff, 0xff, 0xff, 0xff, 0xff, 0xdf, 0xff,
    0xff, 0xff, 0xff, 0xff, 0xff, 0xff, 0xfe, 0xff, 0xfe, 0xff, 0xfe, 0xff, 0xfe, 0xff, 0xfe, 0xff, 0xfe, 0xff, 0xff, 0xff, 0xff, 0xff, 0xff, 0xff, 0xff, 0xff, 0xff, 0xff, 0xff, 0xff, 0xff, 0xff, 0xdf, 0xff, 0x85, 0x31, 0x00, 0x00, 0x65, 0x62,
    0x4e, 0xff, 0xcc, 0xf6, 0x4b, 0xfe, 0xa9, 0xfd, 0xa8, 0xfd, 0x88, 0xfd, 0xa9, 0xfd, 0xa9, 0xfd, 0xa9, 0xfd, 0xa9, 0xfd, 0xa9, 0xfd, 0x69, 0xfd, 0x69, 0xfd, 0x68, 0xfd, 0x0d, 0xf6, 0x99, 0xff, 0xda, 0xff, 0xda, 0xff, 0xda, 0xff, 0xda, 0xff,
    0xdb, 0xff, 0xda, 0xff, 0xdb, 0xff, 0xda, 0xff, 0xda, 0xff, 0xda, 0xff, 0xda, 0xff, 0xda, 0xff, 0xda, 0xff, 0xd9, 0xff, 0xd9, 0xff, 0xd9, 0xff, 0xda, 0xff, 0xda, 0xff, 0xdb, 0xff, 0xdb, 0xff, 0xdb, 0xff, 0xdb, 0xff, 0xda, 0xff, 0xdb, 0xff,
    0xdb, 0xff, 0xdb, 0xff, 0xdb, 0xff, 0xda, 0xff, 0xda, 0xff, 0xda, 0xff, 0xda, 0xff, 0xda, 0xff, 0xda, 0xff, 0xdb, 0xff, 0xdb, 0xff, 0xdb, 0xff, 0xdb, 0xff, 0xdb, 0xff, 0xdb, 0xff, 0xdb, 0xff, 0xdb, 0xff, 0xdb, 0xff, 0xdb, 0xff, 0xda, 0xff,
    0xda, 0xff, 0xb9, 0xff, 0x6f, 0xf6, 0x48, 0xfd, 0x68, 0xfd, 0x88, 0xfd, 0x88, 0xfd, 0x88, 0xfd, 0x88, 0xfd, 0x88, 0xfd, 0x88, 0xfd, 0x89, 0xfd, 0x89, 0xfd, 0x89, 0xfd, 0x89, 0xfd, 0x89, 0xfd, 0x89, 0xfd, 0x89, 0xfd, 0xa9, 0xfd, 0xa9, 0xfd,
    0x89, 0xfd, 0xe8, 0xfc, 0x07, 0xe4, 0x61, 0x18, 0x00, 0x00, 0x2c, 0x63, 0xff, 0xff, 0xde, 0xff, 0xff, 0xff, 0xff, 0xff, 0xff, 0xff, 0xfe, 0xff, 0xfe, 0xff, 0xfe, 0xff, 0xfe, 0xff, 0xfe, 0xff, 0xfe, 0xff, 0xfe, 0xff, 0xdf, 0xff, 0xde, 0xff,
    0xff, 0xff, 0xff, 0xff, 0xfe, 0xff, 0xfe, 0xff, 0xfe, 0xff, 0xfe, 0xff, 0xfe, 0xff, 0xfe, 0xff, 0xfe, 0xff, 0xfe, 0xff, 0xff, 0xff, 0xff, 0xff, 0xff, 0xff, 0xff, 0xff, 0xde, 0xff, 0xff, 0xff, 0x96, 0xb5, 0x00, 0x00, 0x20, 0x08, 0x25, 0xc3,
    0x08, 0xf5, 0x4c, 0xf6, 0xea, 0xfd, 0xc9, 0xfd, 0xa9, 0xfd, 0x88, 0xfd, 0x88, 0xfd, 0x88, 0xfd, 0x88, 0xfd, 0x68, 0xfd, 0x68, 0xfd, 0x68, 0xfd, 0x69, 0xfd, 0x48, 0xfd, 0x50, 0xf6, 0xb9, 0xff, 0xb9, 0xff, 0xda, 0xff, 0xda, 0xff, 0xda, 0xff,
    0xda, 0xff, 0xda, 0xff, 0xdb, 0xff, 0xdb, 0xff, 0xda, 0xff, 0xda, 0xff, 0xda, 0xff, 0xda, 0xff, 0xda, 0xff, 0xd9, 0xff, 0xd9, 0xff, 0xd9, 0xff, 0xda, 0xff, 0xda, 0xff, 0xdb, 0xff, 0xdb, 0xff, 0xdb, 0xff, 0xdb, 0xff, 0xdb, 0xff, 0xdb, 0xff,
    0xdb, 0xff, 0xda, 0xff, 0xda, 0xff, 0xdb, 0xff, 0xdb, 0xff, 0xda, 0xff, 0xda, 0xff, 0xda, 0xff, 0xdb, 0xff, 0xdb, 0xff, 0xdb, 0xff, 0xdb, 0xff, 0xdb, 0xff, 0xdb, 0xff, 0xdb, 0xff, 0xdb, 0xff, 0xdb, 0xff, 0xdb, 0xff, 0xdb, 0xff, 0xda, 0xff,
    0xda, 0xff, 0xd3, 0xf6, 0x68, 0xfd, 0x68, 0xfd, 0x68, 0xfd, 0x88, 0xfd, 0x88, 0xfd, 0x89, 0xfd, 0x89, 0xfd, 0x88, 0xfd, 0x88, 0xfd, 0x89, 0xfd, 0x89, 0xfd, 0x89, 0xfd, 0x88, 0xfd, 0x88, 0xfd, 0xa9, 0xfd, 0xa9, 0xfd, 0x69, 0xf5, 0xa8, 0xf4,
    0xe6, 0xf3, 0x44, 0xf3, 0x84, 0xfb, 0xa3, 0x61, 0x00, 0x00, 0x03, 0x21, 0xbe, 0xf7, 0xff, 0xff, 0xfe, 0xff, 0xfe, 0xff, 0xfe, 0xff, 0xfe, 0xff, 0xfe, 0xff, 0xfe, 0xff, 0xfe, 0xff, 0xfe, 0xff, 0xfe, 0xff, 0xfe, 0xff, 0xff, 0xff, 0xde, 0xff,
    0xff, 0xff, 0xff, 0xff, 0xff, 0xff, 0xfe, 0xff, 0xfe, 0xff, 0xfe, 0xff, 0xfe, 0xff, 0xfe, 0xff, 0xff, 0xff, 0xfe, 0xff, 0xff, 0xff, 0xff, 0xff, 0xff, 0xff, 0xff, 0xff, 0xde, 0xff, 0xff, 0xff, 0x89, 0x52, 0x00, 0x00, 0x22, 0x49, 0xa5, 0xf3,
    0xa5, 0xeb, 0x06, 0xec, 0x26, 0xec, 0xe8, 0xf4, 0x89, 0xf5, 0xa9, 0xfd, 0x88, 0xfd, 0x88, 0xfd, 0x88, 0xfd, 0x68, 0xfd, 0x88, 0xfd, 0x88, 0xfd, 0x89, 0xfd, 0x68, 0xfd, 0xed, 0xf5, 0x98, 0xf7, 0xfb, 0xff, 0xba, 0xff, 0xda, 0xff, 0xda, 0xff,
    0xda, 0xff, 0xda, 0xff, 0xda, 0xff, 0xda, 0xff, 0xda, 0xff, 0xda, 0xff, 0xda, 0xff, 0xda, 0xff, 0xda, 0xff, 0xda, 0xff, 0xda, 0xff, 0xda, 0xff, 0xda, 0xff, 0xda, 0xff, 0xdb, 0xff, 0xdb, 0xff, 0xdb, 0xff, 0xdb, 0xff, 0xdb, 0xff, 0xdb, 0xff,
    0xdb, 0xff, 0xda, 0xff, 0xda, 0xff, 0xda, 0xff, 0xda, 0xff, 0xda, 0xff, 0xda, 0xff, 0xda, 0xff, 0xda, 0xff, 0xdb, 0xff, 0xda, 0xff, 0xda, 0xff, 0xda, 0xff, 0xdb, 0xff, 0xda, 0xff, 0xdb, 0xff, 0xdb, 0xff, 0xdb, 0xff, 0xdb, 0xff, 0xdb, 0xff,
    0x99, 0xf7, 0xec, 0xf5, 0x68, 0xfd, 0x68, 0xfd, 0x68, 0xfd, 0x89, 0xfd, 0x88, 0xfd, 0x89, 0xfd, 0x89, 0xfd, 0x88, 0xfd, 0x88, 0xfd, 0x68, 0xf5, 0x89, 0xfd, 0x88, 0xfd, 0x88, 0xfd, 0xa9, 0xfd, 0x69, 0xf5, 0xc7, 0xf4, 0xa5, 0xeb, 0x24, 0xeb,
    0x24, 0xf3, 0x23, 0xeb, 0x64, 0xfb, 0x43, 0xaa, 0x00, 0x00, 0x00, 0x00, 0xd6, 0xbd, 0xff, 0xff, 0xde, 0xff, 0xff, 0xff, 0xff, 0xff, 0xff, 0xff, 0xff, 0xff, 0xfe, 0xff, 0xfe, 0xff, 0xfe, 0xff, 0xde, 0xff, 0xde, 0xff, 0xff, 0xff, 0xdf, 0xff,
    0xff, 0xff, 0xff, 0xff, 0xfe, 0xff, 0xfe, 0xff, 0xfe, 0xff, 0xfe, 0xff, 0xfe, 0xff, 0xfe, 0xff, 0xfe, 0xff, 0xfe, 0xff, 0xfe, 0xff, 0xfe, 0xff, 0xff, 0xff, 0xfe, 0xff, 0xff, 0xff, 0x3c, 0xe7, 0x81, 0x10, 0x00, 0x00, 0x23, 0x92, 0xc5, 0xfb,
    0x65, 0xeb, 0x64, 0xeb, 0x64, 0xf3, 0x84, 0xeb, 0x67, 0xec, 0x28, 0xf5, 0x89, 0xfd, 0x88, 0xfd, 0x89, 0xfd, 0xe9, 0xfd, 0xa8, 0xfd, 0x88, 0xfd, 0x88, 0xfd, 0x89, 0xfd, 0x69, 0xf5, 0x4f, 0xf6, 0xd4, 0xf6, 0x57, 0xf7, 0xda, 0xff, 0xda, 0xff,
    0xda, 0xff, 0xda, 0xff, 0xda, 0xff, 0xda, 0xff, 0xda, 0xff, 0xda, 0xff, 0xda, 0xff, 0xda, 0xff, 0xda, 0xff, 0xda, 0xff, 0xda, 0xff, 0xda, 0xff, 0xda, 0xff, 0xda, 0xff, 0xdb, 0xff, 0xdb, 0xff, 0xdb, 0xff, 0xdb, 0xff, 0xdb, 0xff, 0xdb, 0xff,
    0xdb, 0xff, 0xda, 0xff, 0xda, 0xff, 0xda, 0xff, 0xda, 0xff, 0xda, 0xff, 0xda, 0xff, 0xda, 0xff, 0xda, 0xff, 0xda, 0xff, 0xda, 0xff, 0xda, 0xff, 0xda, 0xff, 0xda, 0xff, 0xdb, 0xff, 0xda, 0xff, 0xdb, 0xff, 0xdb, 0xff, 0xda, 0xff, 0xda, 0xff,
    0xda, 0xff, 0x2e, 0xf6, 0x68, 0xfd, 0x68, 0xfd, 0x88, 0xfd, 0x89, 0xfd, 0x89, 0xfd, 0x89, 0xfd, 0x88, 0xfd, 0x88, 0xfd, 0xa9, 0xfd, 0xca, 0xfd, 0x89, 0xfd, 0x88, 0xfd, 0xa8, 0xfd, 0xc7, 0xf4, 0xa5, 0xeb, 0x44, 0xeb, 0x44, 0xeb, 0xe8, 0xeb,
    0x2a, 0xf4, 0x2a, 0xec, 0xc7, 0xf3, 0x2b, 0xe4, 0x85, 0x39, 0x82, 0x10, 0x4c, 0x6b, 0xff, 0xff, 0xbe, 0xf7, 0xde, 0xff, 0xbe, 0xff, 0xde, 0xff, 0xbe, 0xf7, 0xde, 0xff, 0xde, 0xff, 0xde, 0xff, 0xbe, 0xff, 0xbe, 0xf7, 0xdf, 0xff, 0xdf, 0xff,
    0xff, 0xff, 0xff, 0xff, 0xff, 0xff, 0xfe, 0xff, 0xde, 0xff, 0xde, 0xff, 0xfe, 0xff, 0xff, 0xff, 0xfe, 0xff, 0xfe, 0xff, 0xfe, 0xff, 0xff, 0xff, 0xff, 0xff, 0xde, 0xff, 0xff, 0xff, 0x34, 0xa5, 0x00, 0x00, 0x40, 0x08, 0x25, 0xd3, 0xc5, 0xfb,
    0x65, 0xf3, 0x65, 0xeb, 0x64, 0xf3, 0x84, 0xf3, 0x26, 0xf4, 0x26, 0xec, 0x28, 0xf5, 0x89, 0xfd, 0xa9, 0xfd, 0x28, 0xb4, 0x69, 0xf5, 0x88, 0xfd, 0x88, 0xfd, 0x88, 0xfd, 0x88, 0xfd, 0x68, 0xf5, 0x6a, 0xed, 0x36, 0xf7, 0xdb, 0xff, 0xda, 0xff,
    0xda, 0xff, 0xda, 0xff, 0xda, 0xff, 0xda, 0xff, 0xd9, 0xff, 0xda, 0xff, 0xda, 0xff, 0xda, 0xff, 0xda, 0xff, 0xda, 0xff, 0xda, 0xff, 0xda, 0xff, 0xda, 0xff, 0xdb, 0xff, 0xdb, 0xff, 0xdb, 0xff, 0xdb, 0xff, 0xdb, 0xff, 0xdb, 0xff, 0xdb, 0xff,
    0xda, 0xff, 0xda, 0xff, 0xda, 0xff, 0xda, 0xff, 0xda, 0xff, 0xda, 0xff, 0xda, 0xff, 0xda, 0xff, 0xda, 0xff, 0xda, 0xff, 0xda, 0xff, 0xda, 0xff, 0xda, 0xff, 0xda, 0xff, 0xda, 0xff, 0xdb, 0xff, 0xdb, 0xff, 0xdb, 0xff, 0xda, 0xff, 0xda, 0xff,
    0xfb, 0xff, 0x91, 0xf6, 0x68, 0xfd, 0x89, 0xfd, 0x88, 0xfd, 0x89, 0xfd, 0x89, 0xfd, 0x88, 0xfd, 0x88, 0xfd, 0xa9, 0xfd, 0xe8, 0xdc, 0xa7, 0xa3, 0xc9, 0xfd, 0xa9, 0xfd, 0xc7, 0xf4, 0x44, 0xeb, 0x84, 0xeb, 0x64, 0xf3, 0x24, 0xf3, 0x6b, 0xf4,
    0x0f, 0xed, 0x0e, 0xed, 0xc7, 0xe3, 0x8f, 0xfd, 0x0e, 0x94, 0xaa, 0x52, 0x24, 0x21, 0xbe, 0xf7, 0xde, 0xff, 0xbe, 0xff, 0xbe, 0xf7, 0xbe, 0xf7, 0xde, 0xff, 0xbd, 0xf7, 0xbd, 0xf7, 0xbe, 0xf7, 0xbe, 0xf7, 0xde, 0xff, 0xde, 0xff, 0xff, 0xff,
    0xff, 0xff, 0xff, 0xff, 0xff, 0xff, 0xfe, 0xff, 0xfe, 0xff, 0xde, 0xff, 0xfe, 0xff, 0xfe, 0xff, 0xfe, 0xff, 0xfe, 0xff, 0xfe, 0xff, 0xff, 0xff, 0xff, 0xff, 0xde, 0xff, 0xff, 0xff, 0xca, 0x5a, 0x00, 0x00, 0x02, 0x39, 0xa5, 0xfb, 0x64, 0xf3,
    0x64, 0xf3, 0x64, 0xf3, 0x64, 0xf3, 0x63, 0xf3, 0x84, 0xf3, 0xe5, 0xf3, 0x66, 0xf4, 0xea, 0xfd, 0x68, 0xc4, 0x61, 0x10, 0x49, 0xed, 0x88, 0xfd, 0x88, 0xfd, 0x89, 0xfd, 0x89, 0xfd, 0xaa, 0xfd, 0xac, 0xf5, 0x36, 0xf7, 0xdb, 0xff, 0xda, 0xff,
    0xda, 0xff, 0xda, 0xff, 0xda, 0xff, 0xda, 0xff, 0xd9, 0xff, 0xda, 0xff, 0xda, 0xff, 0xda, 0xff, 0xda, 0xff, 0xdb, 0xff, 0xda, 0xff, 0xda, 0xff, 0xdb, 0xff, 0xdb, 0xff, 0xdb, 0xff, 0xdb, 0xff, 0xdb, 0xff, 0xda, 0xff, 0xdb, 0xff, 0xda, 0xff,
    0xda, 0xff, 0xdb, 0xff, 0xda, 0xff, 0xda, 0xff, 0xdb, 0xff, 0xda, 0xff, 0xda, 0xff, 0xda, 0xff, 0xda, 0xff, 0xda, 0xff, 0xda, 0xff, 0xda, 0xff, 0xda, 0xff, 0xda, 0xff, 0xdb, 0xff, 0xdb, 0xff, 0xda, 0xff, 0xdb, 0xff, 0xda, 0xff, 0xda, 0xff,
    0xfb, 0xff, 0x36, 0xf7, 0x8a, 0xf5, 0x88, 0xfd, 0x88, 0xfd, 0x88, 0xfd, 0x88, 0xfd, 0x88, 0xfd, 0x68, 0xfd, 0xc9, 0xfd, 0x68, 0xc4, 0x00, 0x00, 0xa8, 0xd4, 0xc9, 0xfd, 0xa7, 0xec, 0x85, 0xeb, 0x64, 0xeb, 0x44, 0xf3, 0x03, 0xf3, 0xad, 0xf4,
    0x0f, 0xed, 0xee, 0xec, 0xe7, 0xe3, 0x4d, 0xfd, 0x6f, 0xac, 0x69, 0x4a, 0x24, 0x21, 0x7d, 0xf7, 0xde, 0xff, 0xbe, 0xf7, 0xde, 0xff, 0xde, 0xf7, 0xde, 0xff, 0xbe, 0xf7, 0xbe, 0xff, 0xbe, 0xf7, 0xbe, 0xf7, 0xde, 0xff, 0xff, 0xff, 0xdf, 0xff,
    0xff, 0xff, 0xff, 0xff, 0xfe, 0xff, 0xfe, 0xff, 0xfe, 0xff, 0xfe, 0xff, 0xfe, 0xff, 0xfe, 0xff, 0xfe, 0xff, 0xff, 0xff, 0xff, 0xff, 0xff, 0xff, 0xfe, 0xff, 0xff, 0xff, 0xbe, 0xf7, 0x24, 0x29, 0x00, 0x00, 0x85, 0x7a, 0xa7, 0xfc, 0xc5, 0xeb,
    0xa4, 0xf3, 0x84, 0xf3, 0x84, 0xf3, 0x05, 0xf4, 0x26, 0xec, 0x66, 0xf4, 0x28, 0xf5, 0xea, 0xfd, 0x24, 0x62, 0x02, 0x31, 0xc9, 0xfd, 0x68, 0xfd, 0x89, 0xfd, 0x89, 0xfd, 0xa9, 0xfd, 0xaa, 0xfd, 0xac, 0xed, 0x58, 0xf7, 0xdb, 0xff, 0xba, 0xff,
    0xda, 0xff, 0xda, 0xff, 0xda, 0xff, 0xda, 0xff, 0xda, 0xff, 0xda, 0xff, 0xda, 0xff, 0xda, 0xff, 0xda, 0xff, 0xdb, 0xff, 0xda, 0xff, 0xda, 0xff, 0xda, 0xff, 0xdb, 0xff, 0xdb, 0xff, 0xdb, 0xff, 0xda, 0xff, 0xdb, 0xff, 0xdb, 0xff, 0xda, 0xff,
    0xdb, 0xff, 0xdb, 0xff, 0xdb, 0xff, 0xdb, 0xff, 0xda, 0xff, 0xda, 0xff, 0xda, 0xff, 0xda, 0xff, 0xda, 0xff, 0xda, 0xff, 0xda, 0xff, 0xda, 0xff, 0xda, 0xff, 0xda, 0xff, 0xda, 0xff, 0xda, 0xff, 0xda, 0xff, 0xdb, 0xff, 0xdb, 0xff, 0xda, 0xff,
    0xda, 0xff, 0xba, 0xff, 0x4f, 0xf6, 0x68, 0xfd, 0x88, 0xfd, 0x88, 0xfd, 0x88, 0xfd, 0x68, 0xfd, 0x68, 0xfd, 0x88, 0xfd, 0x6a, 0xf5, 0x41, 0x08, 0xa4, 0x72, 0xc9, 0xfd, 0x68, 0xf5, 0x48, 0xf5, 0x87, 0xf4, 0x26, 0xec, 0xe5, 0xf3, 0x8a, 0xec,
    0x2e, 0xf5, 0xee, 0xec, 0x49, 0xe4, 0x32, 0xfe, 0x51, 0xd5, 0xa5, 0x39, 0x07, 0x42, 0x9a, 0xd6, 0xff, 0xff, 0xbe, 0xf7, 0xbe, 0xf7, 0xbe, 0xf7, 0xbe, 0xff, 0xbe, 0xf7, 0xbe, 0xf7, 0xbe, 0xf7, 0xbe, 0xf7, 0xde, 0xff, 0xde, 0xff, 0xde, 0xff,
    0xff, 0xff, 0xff, 0xff, 0xff, 0xff, 0xfe, 0xff, 0xfe, 0xff, 0xfe, 0xff, 0xfe, 0xff, 0xfe, 0xff, 0xff, 0xff, 0xff, 0xff, 0xff, 0xff, 0xff, 0xff, 0xde, 0xff, 0xff, 0xff, 0x99, 0xd6, 0x40, 0x08, 0x00, 0x00, 0x27, 0xb4, 0xe9, 0xfd, 0x68, 0xf5,
    0x68, 0xf5, 0x48, 0xf5, 0x28, 0xf5, 0x48, 0xf5, 0x68, 0xfd, 0x88, 0xfd, 0x88, 0xfd, 0x8a, 0xfd, 0xa1, 0x20, 0x04, 0x5a, 0xea, 0xfd, 0x88, 0xfd, 0x89, 0xfd, 0xa9, 0xfd, 0xa9, 0xfd, 0x89, 0xfd, 0x2f, 0xee, 0xba, 0xff, 0xda, 0xff, 0xda, 0xff,
    0xda, 0xff, 0xda, 0xff, 0xda, 0xff, 0xda, 0xff, 0xda, 0xff, 0xda, 0xff, 0xda, 0xff, 0xda, 0xff, 0xda, 0xff, 0xda, 0xff, 0xda, 0xff, 0xda, 0xff, 0xda, 0xff, 0xda, 0xff, 0xdb, 0xff, 0xda, 0xff, 0xdb, 0xff, 0xdb, 0xff, 0xdb, 0xff, 0xdb, 0xff,
    0xdb, 0xff, 0xdb, 0xff, 0xdb, 0xff, 0xdb, 0xff, 0xda, 0xff, 0xda, 0xff, 0xda, 0xff, 0xda, 0xff, 0xda, 0xff, 0xda, 0xff, 0xda, 0xff, 0xda, 0xff, 0xda, 0xff, 0xdb, 0xff, 0xda, 0xff, 0xda, 0xff, 0xdb, 0xff, 0xdb, 0xff, 0xdb, 0xff, 0xdb, 0xff,
    0xda, 0xff, 0xfb, 0xff, 0x71, 0xf6, 0x68, 0xfd, 0xa8, 0xfd, 0x88, 0xfd, 0x89, 0xfd, 0x68, 0xfd, 0x68, 0xfd, 0x68, 0xfd, 0xc9, 0xfd, 0x02, 0x29, 0x22, 0x31, 0xa9, 0xfd, 0x88, 0xfd, 0x88, 0xfd, 0xa9, 0xfd, 0xa9, 0xfd, 0x89, 0xfd, 0x0d, 0xf6,
    0x2f, 0xf6, 0x30, 0xf6, 0xab, 0xf5, 0x0e, 0xfe, 0x50, 0xfe, 0x06, 0x4a, 0x04, 0x19, 0xce, 0x7b, 0xff, 0xff, 0x9e, 0xf7, 0xbe, 0xf7, 0xbe, 0xf7, 0xbe, 0xf7, 0xbe, 0xf7, 0xbe, 0xff, 0xbe, 0xf7, 0xbe, 0xff, 0xbe, 0xf7, 0xde, 0xff, 0xde, 0xff,
    0xff, 0xff, 0xff, 0xff, 0xff, 0xff, 0xfe, 0xff, 0xff, 0xff, 0xde, 0xff, 0xfe, 0xff, 0xff, 0xff, 0xfe, 0xff, 0xfe, 0xff, 0xfe, 0xff, 0xfe, 0xff, 0xde, 0xff, 0xff, 0xff, 0x34, 0xad, 0x00, 0x00, 0x81, 0x10, 0x28, 0xe5, 0xa8, 0xfd, 0x88, 0xfd,
    0xa8, 0xfd, 0xa9, 0xfd, 0xa9, 0xfd, 0x89, 0xfd, 0x88, 0xfd, 0x68, 0xf5, 0xa9, 0xfd, 0xc9, 0xd4, 0x00, 0x00, 0x66, 0x93, 0xe9, 0xfd, 0x88, 0xf5, 0xa9, 0xfd, 0xa9, 0xfd, 0xa9, 0xfd, 0xa9, 0xf5, 0xb2, 0xf6, 0xfb, 0xff, 0xda, 0xff, 0xda, 0xff,
    0xda, 0xff, 0xda, 0xff, 0xda, 0xff, 0xda, 0xff, 0xda, 0xff, 0xda, 0xff, 0xda, 0xff, 0xda, 0xff, 0xda, 0xff, 0xda, 0xff, 0xda, 0xff, 0xda, 0xff, 0xda, 0xff, 0xdb, 0xff, 0xdb, 0xff, 0xdb, 0xff, 0xdb, 0xff, 0xfb, 0xff, 0xdb, 0xff, 0xdb, 0xff,
    0xdb, 0xff, 0xdb, 0xff, 0xdb, 0xff, 0xdb, 0xff, 0xda, 0xff, 0xda, 0xff, 0xda, 0xff, 0xda, 0xff, 0xda, 0xff, 0xdb, 0xff, 0xdb, 0xff, 0xdb, 0xff, 0xdb, 0xff, 0xdb, 0xff, 0xdb, 0xff, 0xdb, 0xff, 0xdb, 0xff, 0xda, 0xff, 0xda, 0xff, 0xda, 0xff,
    0xda, 0xff, 0xfb, 0xff, 0xb2, 0xf6, 0x68, 0xfd, 0x89, 0xfd, 0xa8, 0xfd, 0xa9, 0xfd, 0x89, 0xfd, 0x68, 0xfd, 0x48, 0xf5, 0xe9, 0xfd, 0x24, 0x62, 0x20, 0x00, 0x49, 0xed, 0xa8, 0xfd, 0x88, 0xfd, 0x88, 0xfd, 0x88, 0xfd, 0xa8, 0xfd, 0x88, 0xfd,
    0x88, 0xfd, 0x87, 0xfd, 0x88, 0xfd, 0x68, 0xfd, 0x89, 0xfd, 0x63, 0x39, 0x00, 0x00, 0xaa, 0x5a, 0xff, 0xff, 0xde, 0xff, 0xde, 0xff, 0xde, 0xff, 0xde, 0xff, 0xde, 0xff, 0xde, 0xff, 0xde, 0xff, 0xde, 0xff, 0xde, 0xff, 0xde, 0xff, 0xde, 0xff,
    0xdf, 0xff, 0xff, 0xff, 0xff, 0xff, 0xff, 0xff, 0xdf, 0xff, 0xdf, 0xff, 0xdf, 0xff, 0xdf, 0xff, 0xdf, 0xff, 0xff, 0xff, 0xff, 0xff, 0xdf, 0xff, 0xde, 0xff, 0xff, 0xff, 0x0f, 0x84, 0x00, 0x00, 0x42, 0x31, 0xa9, 0xfd, 0x88, 0xfd, 0x89, 0xfd,
    0x89, 0xfd, 0x89, 0xfd, 0x89, 0xfd, 0x89, 0xfd, 0x89, 0xfd, 0x69, 0xf5, 0xea, 0xfd, 0xa7, 0xa3, 0x00, 0x00, 0x47, 0xbc, 0xc9, 0xfd, 0x89, 0xfd, 0xa9, 0xfd, 0xa9, 0xfd, 0xca, 0xfd, 0xaa, 0xf5, 0xd4, 0xf6, 0xfb, 0xff, 0xda, 0xff, 0xdb, 0xff,
    0xdb, 0xff, 0xdb, 0xff, 0xdb, 0xff, 0xdb, 0xff, 0xdb, 0xff, 0xdb, 0xff, 0xda, 0xff, 0xdb, 0xff, 0xdb, 0xff, 0xdb, 0xff, 0xdb, 0xff, 0xdb, 0xff, 0xdb, 0xff, 0xdb, 0xff, 0xdb, 0xff, 0xdb, 0xff, 0xdb, 0xff, 0xfb, 0xff, 0xdb, 0xff, 0xdb, 0xff,
    0xdb, 0xff, 0xdb, 0xff, 0xdb, 0xff, 0xdb, 0xff, 0xdb, 0xff, 0xdb, 0xff, 0xdb, 0xff, 0xdb, 0xff, 0xdb, 0xff, 0xdb, 0xff, 0xdb, 0xff, 0xdb, 0xff, 0xdb, 0xff, 0xdb, 0xff, 0xdb, 0xff, 0xdb, 0xff, 0xdb, 0xff, 0xdb, 0xff, 0xdb, 0xff, 0xdb, 0xff,
    0xda, 0xff, 0xfb, 0xff, 0x56, 0xff, 0xa9, 0xf5, 0xa9, 0xfd, 0xa8, 0xfd, 0xa9, 0xfd, 0xa9, 0xfd, 0x88, 0xfd, 0x68, 0xf5, 0xe9, 0xfd, 0x46, 0x93, 0x00, 0x00, 0xe8, 0xd4, 0xe9, 0xfd, 0xa9, 0xfd, 0xc9, 0xfd, 0xa9, 0xfd, 0xa9, 0xfd, 0xa9, 0xfd,
    0xa9, 0xfd, 0xa9, 0xfd, 0xa9, 0xfd, 0x89, 0xfd, 0xea, 0xfd, 0x45, 0x62, 0x00, 0x00, 0x28, 0x42, 0xff, 0xff, 0xde, 0xff, 0xdf, 0xff, 0xdf, 0xff, 0xff, 0xff, 0xff, 0xff, 0xff, 0xff, 0xff, 0xff, 0xff, 0xff, 0xdf, 0xff, 0xdf, 0xff, 0xdf, 0xff,
    
};

const lv_img_dsc_t icon_cat_shy = {
  .header.magic = LV_IMAGE_HEADER_MAGIC,
  .header.cf = LV_COLOR_FORMAT_RGB565,
  .header.w = 120,
  .header.h = 120,
  .data_size = 28800,
  .data = icon_cat_shy_map,
};
