#ifdef __has_include
    #if __has_include("lvgl.h")
        #ifndef LV_LVGL_H_INCLUDE_SIMPLE
            #define LV_LVGL_H_INCLUDE_SIMPLE
        #endif
    #endif
#endif

#if defined(LV_LVGL_H_INCLUDE_SIMPLE)
    #include "lvgl.h"
#else
    #include "lvgl/lvgl.h"
#endif

#ifndef LV_ATTRIBUTE_MEM_ALIGN
#define LV_ATTRIBUTE_MEM_ALIGN
#endif

#ifndef LV_ATTRIBUTE_IMG_ICON_CAT_ANGRY
#define LV_ATTRIBUTE_IMG_ICON_CAT_ANGRY
#endif

const LV_ATTRIBUTE_MEM_ALIGN LV_ATTRIBUTE_LARGE_CONST LV_ATTRIBUTE_IMG_ICON_CAT_ANGRY uint8_t icon_cat_angry_map[] = {
    0xff, 0xff, 0xff, 0xff, 0xff, 0xff, 0xff, 0xff, 0xff, 0xff, 0xff, 0xff, 0xff, 0xff, 0xff, 0xff, 0xff, 0xff, 0xff, 0xff, 0xff, 0xff, 0xff, 0xff, 0xff, 0xff, 0xff, 0xff, 0xff, 0xff, 0xff, 0xff, 0xff, 0xff, 0xff, 0xff, 0xff, 0xff, 0xff, 0xff,
    0xff, 0xff, 0xff, 0xff, 0xff, 0xff, 0xff, 0xff, 0xff, 0xff, 0xff, 0xff, 0xff, 0xff, 0xff, 0xff, 0xff, 0xff, 0xff, 0xff, 0xff, 0xff, 0xff, 0xff, 0xff, 0xff, 0xff, 0xff, 0xff, 0xff, 0xff, 0xff, 0xff, 0xff, 0xff, 0xff, 0xff, 0xff, 0xff, 0xff,
    0xff, 0xff, 0xff, 0xff, 0xff, 0xff, 0xff, 0xff, 0xff, 0xff, 0xff, 0xff, 0xff, 0xff, 0xff, 0xff, 0xff, 0xff, 0xff, 0xff, 0xff, 0xff, 0xff, 0xff, 0xff, 0xff, 0xff, 0xff, 0xff, 0xff, 0xff, 0xff, 0xff, 0xff, 0xff, 0xff, 0xff, 0xff, 0xff, 0xff,
    0xff, 0xff, 0xff, 0xff, 0xff, 0xff, 0xff, 0xff, 0xff, 0xff, 0xff, 0xff, 0xff, 0xff, 0xff, 0xff, 0xff, 0xff, 0xff, 0xff, 0xff, 0xff, 0xff, 0xff, 0xff, 0xff, 0xff, 0xff, 0xff, 0xff, 0xff, 0xff, 0xff, 0xff, 0xff, 0xff, 0xff, 0xff, 0xff, 0xff,
    0xff, 0xff, 0xff, 0xff, 0xff, 0xff, 0xff, 0xff, 0xff, 0xff, 0xff, 0xff, 0xff, 0xff, 0xff, 0xff, 0xff, 0xff, 0xff, 0xff, 0xff, 0xff, 0xff, 0xff, 0xff, 0xff, 0xff, 0xff, 0xff, 0xff, 0xff, 0xff, 0xff, 0xff, 0xff, 0xff, 0xff, 0xff, 0xff, 0xff,
    0xff, 0xff, 0xff, 0xff, 0xff, 0xff, 0xff, 0xff, 0xff, 0xff, 0xff, 0xff, 0xff, 0xff, 0xff, 0xff, 0xff, 0xff, 0xff, 0xff, 0xff, 0xff, 0xff, 0xff, 0xff, 0xff, 0xff, 0xff, 0xff, 0xff, 0xff, 0xff, 0xff, 0xff, 0xff, 0xff, 0xff, 0xff, 0xff, 0xff,
    0xff, 0xff, 0xff, 0xff, 0xff, 0xff, 0xff, 0xff, 0xff, 0xff, 0xff, 0xff, 0xff, 0xff, 0xff, 0xff, 0xff, 0xff, 0xff, 0xff, 0xff, 0xff, 0xff, 0xff, 0xff, 0xff, 0xff, 0xff, 0xff, 0xff, 0xff, 0xff, 0xff, 0xff, 0xff, 0xff, 0xff, 0xff, 0xff, 0xff,
    0xff, 0xff, 0xff, 0xff, 0xff, 0xff, 0xff, 0xff, 0xff, 0xff, 0xff, 0xff, 0xff, 0xff, 0xff, 0xff, 0xff, 0xff, 0xff, 0xff, 0xff, 0xff, 0xff, 0xff, 0xff, 0xff, 0xff, 0xff, 0xff, 0xff, 0xff, 0xff, 0xff, 0xff, 0xff, 0xff, 0xff, 0xff, 0xff, 0xff,
    0xff, 0xff, 0xff, 0xff, 0xff, 0xff, 0xff, 0xff, 0xff, 0xff, 0xff, 0xff, 0xff, 0xff, 0xff, 0xff, 0xff, 0xff, 0xff, 0xff, 0xff, 0xff, 0xff, 0xff, 0xff, 0xff, 0xff, 0xff, 0xff, 0xff, 0xff, 0xff, 0xff, 0xff, 0xff, 0xff, 0xff, 0xff, 0xff, 0xff,
    0xff, 0xff, 0xff, 0xff, 0xff, 0xff, 0xff, 0xff, 0xff, 0xff, 0xff, 0xff, 0xff, 0xff, 0xff, 0xff, 0xff, 0xff, 0xff, 0xff, 0xff, 0xff, 0xff, 0xff, 0xff, 0xff, 0xff, 0xff, 0xff, 0xff, 0xff, 0xff, 0xff, 0xff, 0xff, 0xff, 0xff, 0xff, 0xff, 0xff,
    0xff, 0xff, 0xff, 0xff, 0xff, 0xff, 0xff, 0xff, 0xff, 0xff, 0xff, 0xff, 0xff, 0xff, 0xff, 0xff, 0xff, 0xff, 0xff, 0xff, 0xff, 0xff, 0xff, 0xff, 0xff, 0xff, 0xff, 0xff, 0xff, 0xff, 0xff, 0xff, 0xff, 0xff, 0xff, 0xff, 0xff, 0xff, 0xff, 0xff,
    0xff, 0xff, 0xff, 0xff, 0xff, 0xff, 0xff, 0xff, 0xff, 0xff, 0xff, 0xff, 0xff, 0xff, 0xff, 0xff, 0xff, 0xff, 0xff, 0xff, 0xff, 0xff, 0xff, 0xff, 0xff, 0xff, 0xff, 0xff, 0xff, 0xff, 0xff, 0xff, 0xff, 0xff, 0xff, 0xff, 0xff, 0xff, 0xff, 0xff,
    0xff, 0xff, 0xff, 0xff, 0xff, 0xff, 0xff, 0xff, 0xff, 0xff, 0xff, 0xff, 0xff, 0xff, 0xff, 0xff, 0xff, 0xff, 0xff, 0xff, 0xff, 0xff, 0xff, 0xff, 0xff, 0xff, 0xff, 0xff, 0xff, 0xff, 0xff, 0xff, 0xff, 0xff, 0xff, 0xff, 0xff, 0xff, 0xff, 0xff,
    0xff, 0xff, 0xff, 0xff, 0xff, 0xff, 0xff, 0xff, 0xff, 0xff, 0xff, 0xff, 0xff, 0xff, 0xff, 0xff, 0xff, 0xff, 0xff, 0xff, 0xff, 0xff, 0xff, 0xff, 0xff, 0xff, 0xff, 0xff, 0xff, 0xff, 0xff, 0xff, 0xff, 0xff, 0xff, 0xff, 0xff, 0xff, 0xff, 0xff,
    0xff, 0xff, 0xff, 0xff, 0xff, 0xff, 0xff, 0xff, 0xff, 0xff, 0xff, 0xff, 0xff, 0xff, 0xff, 0xff, 0xff, 0xff, 0xff, 0xff, 0xff, 0xff, 0xff, 0xff, 0xff, 0xff, 0xff, 0xff, 0xff, 0xff, 0xff, 0xff, 0xff, 0xff, 0xff, 0xff, 0xff, 0xff, 0xff, 0xff,
    0xff, 0xff, 0xff, 0xff, 0xff, 0xff, 0xff, 0xff, 0xff, 0xff, 0xff, 0xff, 0xff, 0xff, 0xff, 0xff, 0xff, 0xff, 0xff, 0xff, 0xff, 0xff, 0xff, 0xff, 0xff, 0xff, 0xff, 0xff, 0xff, 0xff, 0xff, 0xff, 0xff, 0xff, 0xff, 0xff, 0xff, 0xff, 0xff, 0xff,
    0xff, 0xff, 0xff, 0xff, 0xff, 0xff, 0xff, 0xff, 0xff, 0xff, 0xff, 0xff, 0xff, 0xff, 0xff, 0xff, 0xff, 0xff, 0xff, 0xff, 0xff, 0xff, 0xff, 0xff, 0xff, 0xff, 0xff, 0xff, 0xff, 0xff, 0xff, 0xff, 0xff, 0xff, 0xff, 0xff, 0xff, 0xff, 0xff, 0xff,
    0xff, 0xff, 0xff, 0xff, 0xff, 0xff, 0xff, 0xff, 0xff, 0xff, 0xff, 0xff, 0xff, 0xff, 0xff, 0xff, 0xff, 0xff, 0xff, 0xff, 0xff, 0xff, 0xff, 0xff, 0xff, 0xff, 0xff, 0xff, 0xff, 0xff, 0xff, 0xff, 0xff, 0xff, 0xff, 0xff, 0xff, 0xff, 0xff, 0xff,
    0xff, 0xff, 0xff, 0xff, 0xff, 0xff, 0xff, 0xff, 0xff, 0xff, 0xff, 0xff, 0xff, 0xff, 0xff, 0xff, 0xff, 0xff, 0xff, 0xff, 0xff, 0xff, 0xff, 0xff, 0xff, 0xff, 0xff, 0xff, 0xff, 0xff, 0xff, 0xff, 0xff, 0xff, 0xff, 0xff, 0xff, 0xff, 0xff, 0xff,
    0xff, 0xff, 0xff, 0xff, 0xff, 0xff, 0xff, 0xff, 0xff, 0xff, 0xff, 0xff, 0xff, 0xff, 0xff, 0xff, 0xff, 0xff, 0xff, 0xff, 0xff, 0xff, 0xff, 0xff, 0xff, 0xff, 0xff, 0xff, 0xff, 0xff, 0xff, 0xff, 0xff, 0xff, 0xff, 0xff, 0xff, 0xff, 0xff, 0xff,
    0xff, 0xff, 0xff, 0xff, 0xff, 0xff, 0xff, 0xff, 0xff, 0xff, 0xff, 0xff, 0xff, 0xff, 0xff, 0xff, 0xff, 0xff, 0xff, 0xff, 0xff, 0xff, 0xff, 0xff, 0xff, 0xff, 0xff, 0xff, 0xff, 0xff, 0xff, 0xff, 0xff, 0xff, 0xff, 0xff, 0xff, 0xff, 0xff, 0xff,
    0xff, 0xff, 0xff, 0xff, 0xff, 0xff, 0xff, 0xff, 0xff, 0xff, 0xff, 0xff, 0xff, 0xff, 0xff, 0xff, 0xff, 0xff, 0xff, 0xff, 0xff, 0xff, 0xff, 0xff, 0xff, 0xff, 0xff, 0xff, 0xff, 0xff, 0xff, 0xff, 0xff, 0xff, 0xff, 0xff, 0xff, 0xff, 0xff, 0xff,
    0xff, 0xff, 0xff, 0xff, 0xff, 0xff, 0xff, 0xff, 0xff, 0xff, 0xff, 0xff, 0xff, 0xff, 0xff, 0xff, 0xff, 0xff, 0xff, 0xff, 0xff, 0xff, 0xff, 0xff, 0xff, 0xff, 0xff, 0xff, 0xff, 0xff, 0xff, 0xff, 0xff, 0xff, 0xff, 0xff, 0xff, 0xff, 0xff, 0xff,
    0xff, 0xff, 0xff, 0xff, 0xff, 0xff, 0xff, 0xff, 0xff, 0xff, 0xff, 0xff, 0xff, 0xff, 0xff, 0xff, 0xff, 0xff, 0xff, 0xff, 0xff, 0xff, 0xff, 0xff, 0xff, 0xff, 0xff, 0xff, 0xff, 0xff, 0xff, 0xff, 0xff, 0xff, 0xff, 0xff, 0xff, 0xff, 0xff, 0xff,
    0xff, 0xff, 0xff, 0xff, 0xff, 0xff, 0xff, 0xff, 0xff, 0xff, 0xff, 0xff, 0xff, 0xff, 0xff, 0xff, 0xff, 0xff, 0xff, 0xff, 0xff, 0xff, 0xff, 0xff, 0xff, 0xff, 0xff, 0xff, 0xff, 0xff, 0xff, 0xff, 0xff, 0xff, 0xff, 0xff, 0xff, 0xff, 0xff, 0xff,
    0xff, 0xff, 0xff, 0xff, 0xff, 0xff, 0xff, 0xff, 0xff, 0xff, 0xff, 0xff, 0xff, 0xff, 0xff, 0xff, 0xff, 0xff, 0xff, 0xff, 0xff, 0xff, 0xff, 0xff, 0xff, 0xff, 0xff, 0xff, 0xff, 0xff, 0xff, 0xff, 0xff, 0xff, 0xff, 0xff, 0xff, 0xff, 0xff, 0xff,
    0xff, 0xff, 0xff, 0xff, 0xff, 0xff, 0xff, 0xff, 0xff, 0xff, 0xff, 0xff, 0xff, 0xff, 0xff, 0xff, 0xff, 0xff, 0xff, 0xff, 0xff, 0xff, 0xff, 0xff, 0xff, 0xff, 0xff, 0xff, 0xff, 0xff, 0xff, 0xff, 0xff, 0xff, 0xff, 0xff, 0xff, 0xff, 0xff, 0xff,
    0xff, 0xff, 0xff, 0xff, 0xff, 0xff, 0xff, 0xff, 0xff, 0xff, 0xff, 0xff, 0xff, 0xff, 0xff, 0xff, 0xff, 0xff, 0xff, 0xff, 0xff, 0xff, 0xff, 0xff, 0xff, 0xff, 0xff, 0xff, 0xff, 0xff, 0xff, 0xff, 0xff, 0xff, 0xff, 0xff, 0xff, 0xff, 0xff, 0xff,
    0xff, 0xff, 0xff, 0xff, 0xff, 0xff, 0xff, 0xff, 0xff, 0xff, 0xff, 0xff, 0xff, 0xff, 0xff, 0xff, 0xff, 0xff, 0xff, 0xff, 0xff, 0xff, 0xff, 0xff, 0xff, 0xff, 0xff, 0xff, 0xff, 0xff, 0xff, 0xff, 0xff, 0xff, 0xff, 0xff, 0xff, 0xff, 0xff, 0xff,
    0xff, 0xff, 0xff, 0xff, 0xff, 0xff, 0xff, 0xff, 0xff, 0xff, 0xff, 0xff, 0xff, 0xff, 0xff, 0xff, 0xff, 0xff, 0xff, 0xff, 0xff, 0xff, 0xff, 0xff, 0xff, 0xff, 0xff, 0xff, 0xff, 0xff, 0xff, 0xff, 0xff, 0xff, 0xff, 0xff, 0xff, 0xff, 0xff, 0xff,
    0xff, 0xff, 0xff, 0xff, 0xff, 0xff, 0xff, 0xff, 0xff, 0xff, 0xff, 0xff, 0xff, 0xff, 0xff, 0xff, 0xff, 0xff, 0xff, 0xff, 0xff, 0xff, 0xff, 0xff, 0xff, 0xff, 0xff, 0xff, 0xff, 0xff, 0xff, 0xff, 0xff, 0xff, 0xff, 0xff, 0xff, 0xff, 0xff, 0xff,
    0xff, 0xff, 0xff, 0xff, 0xff, 0xff, 0xff, 0xff, 0xff, 0xff, 0xff, 0xff, 0xff, 0xff, 0xff, 0xff, 0xff, 0xff, 0xff, 0xff, 0xff, 0xff, 0xff, 0xff, 0xff, 0xff, 0xff, 0xff, 0xff, 0xff, 0xff, 0xff, 0xff, 0xff, 0xff, 0xff, 0xff, 0xff, 0xff, 0xff,
    0xff, 0xff, 0xff, 0xff, 0xff, 0xff, 0xff, 0xff, 0xff, 0xff, 0xff, 0xff, 0xff, 0xff, 0xff, 0xff, 0xff, 0xff, 0xff, 0xff, 0xff, 0xff, 0xff, 0xff, 0xff, 0xff, 0xff, 0xff, 0xff, 0xff, 0xff, 0xff, 0xff, 0xff, 0xff, 0xff, 0xff, 0xff, 0xff, 0xff,
    0xff, 0xff, 0xff, 0xff, 0xff, 0xff, 0xff, 0xff, 0xff, 0xff, 0xff, 0xff, 0xff, 0xff, 0xff, 0xff, 0xff, 0xff, 0xff, 0xff, 0xff, 0xff, 0xff, 0xff, 0xff, 0xff, 0xff, 0xff, 0xff, 0xff, 0xff, 0xff, 0xff, 0xff, 0xff, 0xff, 0xff, 0xff, 0xff, 0xff,
    0xff, 0xff, 0xff, 0xff, 0xff, 0xff, 0xff, 0xff, 0xff, 0xff, 0xff, 0xff, 0xff, 0xff, 0xff, 0xff, 0xff, 0xff, 0xff, 0xff, 0xff, 0xff, 0xff, 0xff, 0xff, 0xff, 0xff, 0xff, 0xff, 0xff, 0xff, 0xff, 0xff, 0xff, 0xff, 0xff, 0xff, 0xff, 0xff, 0xff,
    0xff, 0xff, 0xff, 0xff, 0xff, 0xff, 0xff, 0xff, 0xff, 0xff, 0xff, 0xff, 0xff, 0xff, 0xff, 0xff, 0xff, 0xff, 0xff, 0xff, 0xff, 0xff, 0xff, 0xff, 0xff, 0xff, 0xff, 0xff, 0xff, 0xff, 0xff, 0xff, 0xff, 0xff, 0xff, 0xff, 0xff, 0xff, 0xff, 0xff,
    0xff, 0xff, 0xff, 0xff, 0xff, 0xff, 0xff, 0xff, 0xff, 0xff, 0xff, 0xff, 0xff, 0xff, 0xff, 0xff, 0xff, 0xff, 0xff, 0xff, 0xff, 0xff, 0xff, 0xff, 0xff, 0xff, 0xff, 0xff, 0xff, 0xff, 0xff, 0xff, 0xff, 0xff, 0xff, 0xff, 0xff, 0xff, 0xff, 0xff,
    0xff, 0xff, 0xff, 0xff, 0xff, 0xff, 0xff, 0xff, 0xff, 0xff, 0xff, 0xff, 0xff, 0xff, 0xff, 0xff, 0xff, 0xff, 0xff, 0xff, 0xff, 0xff, 0xff, 0xff, 0xff, 0xff, 0xff, 0xff, 0xff, 0xff, 0xff, 0xff, 0xff, 0xff, 0xff, 0xff, 0xff, 0xff, 0xff, 0xff,
    0xff, 0xff, 0xff, 0xff, 0xff, 0xff, 0xff, 0xff, 0xff, 0xff, 0xff, 0xff, 0xff, 0xff, 0xff, 0xff, 0xff, 0xff, 0xff, 0xff, 0xff, 0xff, 0xff, 0xff, 0xff, 0xff, 0xff, 0xff, 0xff, 0xff, 0xff, 0xff, 0xff, 0xff, 0xff, 0xff, 0xff, 0xff, 0xff, 0xff,
    0xff, 0xff, 0xff, 0xff, 0xff, 0xff, 0xff, 0xff, 0xff, 0xff, 0xff, 0xff, 0xff, 0xff, 0xff, 0xff, 0xff, 0xff, 0xff, 0xff, 0xff, 0xff, 0xff, 0xff, 0xff, 0xff, 0xff, 0xff, 0xff, 0xff, 0xff, 0xff, 0xff, 0xff, 0xff, 0xff, 0xff, 0xff, 0xff, 0xff,
    0xff, 0xff, 0xff, 0xff, 0xff, 0xff, 0xff, 0xff, 0xff, 0xff, 0xff, 0xff, 0xff, 0xff, 0xff, 0xff, 0xff, 0xff, 0xff, 0xff, 0xff, 0xff, 0xff, 0xff, 0xff, 0xff, 0xff, 0xff, 0xff, 0xff, 0xff, 0xff, 0xff, 0xff, 0xff, 0xff, 0xff, 0xff, 0xff, 0xff,
    0xff, 0xff, 0xff, 0xff, 0xff, 0xff, 0xff, 0xff, 0xff, 0xff, 0xff, 0xff, 0xff, 0xff, 0xff, 0xff, 0xff, 0xff, 0xff, 0xff, 0xff, 0xff, 0xff, 0xff, 0xff, 0xff, 0xff, 0xff, 0xff, 0xff, 0xff, 0xff, 0xff, 0xff, 0xff, 0xff, 0xff, 0xff, 0xff, 0xff,
    0xff, 0xff, 0xff, 0xff, 0xff, 0xff, 0xff, 0xff, 0xff, 0xff, 0xff, 0xff, 0xff, 0xff, 0xff, 0xff, 0xff, 0xff, 0xff, 0xff, 0xff, 0xff, 0xff, 0xff, 0xff, 0xff, 0xff, 0xff, 0xff, 0xff, 0xff, 0xff, 0xff, 0xff, 0xff, 0xff, 0xff, 0xff, 0xff, 0xff,
    0xff, 0xff, 0xff, 0xff, 0xff, 0xff, 0xff, 0xff, 0xff, 0xff, 0xff, 0xff, 0xff, 0xff, 0xff, 0xff, 0xff, 0xff, 0xff, 0xff, 0xff, 0xff, 0xff, 0xff, 0xff, 0xff, 0xff, 0xff, 0xff, 0xff, 0xff, 0xff, 0xff, 0xff, 0xff, 0xff, 0xff, 0xff, 0xff, 0xff,
    0xff, 0xff, 0xff, 0xff, 0xff, 0xff, 0xff, 0xff, 0xff, 0xff, 0xff, 0xff, 0xff, 0xff, 0xff, 0xff, 0xff, 0xff, 0xff, 0xff, 0xff, 0xff, 0xff, 0xff, 0xff, 0xff, 0xff, 0xff, 0xff, 0xff, 0xff, 0xff, 0xff, 0xff, 0xff, 0xff, 0xff, 0xff, 0xff, 0xff,
    0xff, 0xff, 0xff, 0xff, 0xff, 0xff, 0xff, 0xff, 0xff, 0xff, 0xff, 0xff, 0xff, 0xff, 0xff, 0xff, 0xff, 0xff, 0xff, 0xff, 0xff, 0xff, 0xff, 0xff, 0xff, 0xff, 0xff, 0xff, 0xff, 0xff, 0xff, 0xff, 0xff, 0xff, 0xff, 0xff, 0xff, 0xff, 0xff, 0xff,
    0xff, 0xff, 0xff, 0xff, 0xff, 0xff, 0xff, 0xff, 0xff, 0xff, 0xff, 0xff, 0xff, 0xff, 0xff, 0xff, 0xff, 0xff, 0xff, 0xff, 0xff, 0xff, 0xff, 0xff, 0xff, 0xff, 0xff, 0xff, 0xff, 0xff, 0xff, 0xff, 0xff, 0xff, 0xff, 0xff, 0xff, 0xff, 0xff, 0xff,
    0xff, 0xff, 0xff, 0xff, 0xff, 0xff, 0xff, 0xff, 0xff, 0xff, 0xff, 0xff, 0xff, 0xff, 0xff, 0xff, 0xff, 0xff, 0xff, 0xff, 0xff, 0xff, 0xff, 0xff, 0xff, 0xff, 0xff, 0xff, 0xff, 0xff, 0xff, 0xff, 0xff, 0xff, 0xff, 0xff, 0xff, 0xff, 0xff, 0xff,
    0xff, 0xff, 0xff, 0xff, 0xff, 0xff, 0xff, 0xff, 0xff, 0xff, 0xff, 0xff, 0xff, 0xff, 0xff, 0xff, 0xff, 0xff, 0xff, 0xff, 0xff, 0xff, 0xff, 0xff, 0xff, 0xff, 0xff, 0xff, 0xff, 0xff, 0xff, 0xff, 0xff, 0xff, 0xff, 0xff, 0xff, 0xff, 0xff, 0xff,
    0xff, 0xff, 0xff, 0xff, 0xff, 0xff, 0xff, 0xff, 0xff, 0xff, 0xff, 0xff, 0xff, 0xff, 0xff, 0xff, 0xff, 0xff, 0xff, 0xff, 0xff, 0xff, 0xff, 0xff, 0xff, 0xff, 0xff, 0xff, 0xff, 0xff, 0xff, 0xff, 0xff, 0xff, 0xff, 0xff, 0xff, 0xff, 0xff, 0xff,
    0xff, 0xff, 0xff, 0xff, 0xff, 0xff, 0xff, 0xff, 0xff, 0xff, 0xff, 0xff, 0xff, 0xff, 0xff, 0xff, 0xff, 0xff, 0xff, 0xff, 0xff, 0xff, 0xff, 0xff, 0xff, 0xff, 0xff, 0xff, 0xff, 0xff, 0xff, 0xff, 0xff, 0xff, 0xff, 0xff, 0xff, 0xff, 0xff, 0xff,
    0xff, 0xff, 0xff, 0xff, 0xff, 0xff, 0xff, 0xff, 0xff, 0xff, 0xff, 0xff, 0xff, 0xff, 0xff, 0xff, 0xff, 0xff, 0xff, 0xff, 0xff, 0xff, 0xff, 0xff, 0xff, 0xff, 0xff, 0xff, 0xff, 0xff, 0xff, 0xff, 0xff, 0xff, 0xff, 0xff, 0xff, 0xff, 0xff, 0xff,
    0xff, 0xff, 0xff, 0xff, 0xff, 0xff, 0xff, 0xff, 0xff, 0xff, 0xff, 0xff, 0xff, 0xff, 0xff, 0xff, 0xff, 0xff, 0xff, 0xff, 0xff, 0xff, 0xff, 0xff, 0xff, 0xff, 0xff, 0xff, 0xff, 0xff, 0xff, 0xff, 0xff, 0xff, 0xff, 0xff, 0xff, 0xff, 0xff, 0xff,
    0xff, 0xff, 0xff, 0xff, 0xff, 0xff, 0xff, 0xff, 0xff, 0xff, 0xff, 0xff, 0xff, 0xff, 0xff, 0xff, 0xff, 0xff, 0xff, 0xff, 0xff, 0xff, 0xff, 0xff, 0xff, 0xff, 0xff, 0xff, 0xff, 0xff, 0xff, 0xff, 0xff, 0xff, 0xff, 0xff, 0xff, 0xff, 0xff, 0xff,
    0xff, 0xff, 0xff, 0xff, 0xff, 0xff, 0xff, 0xff, 0xff, 0xff, 0xff, 0xff, 0xff, 0xff, 0xff, 0xff, 0xff, 0xff, 0xff, 0xff, 0xff, 0xff, 0xff, 0xff, 0xff, 0xff, 0xff, 0xff, 0xff, 0xff, 0xff, 0xff, 0xff, 0xff, 0xff, 0xff, 0xff, 0xff, 0xff, 0xff,
    0xff, 0xff, 0xff, 0xff, 0xff, 0xff, 0xff, 0xff, 0xff, 0xff, 0xff, 0xff, 0xff, 0xff, 0xff, 0xff, 0xff, 0xff, 0xff, 0xff, 0xff, 0xff, 0xff, 0xff, 0xff, 0xff, 0xff, 0xff, 0xff, 0xff, 0xff, 0xff, 0xff, 0xff, 0xff, 0xff, 0xff, 0xff, 0xff, 0xff,
    0xff, 0xff, 0xff, 0xff, 0xff, 0xff, 0xff, 0xff, 0xff, 0xff, 0xff, 0xff, 0xff, 0xff, 0xff, 0xff, 0xff, 0xff, 0xff, 0xff, 0xff, 0xff, 0xff, 0xff, 0xff, 0xff, 0xff, 0xff, 0xff, 0xff, 0xff, 0xff, 0xff, 0xff, 0xff, 0xff, 0xff, 0xff, 0xff, 0xff,
    0xff, 0xff, 0xff, 0xff, 0xff, 0xff, 0xff, 0xff, 0xff, 0xff, 0xff, 0xff, 0xff, 0xff, 0xff, 0xff, 0xff, 0xff, 0xff, 0xff, 0xff, 0xff, 0xff, 0xff, 0xff, 0xff, 0xff, 0xff, 0xff, 0xff, 0xff, 0xff, 0xff, 0xff, 0xff, 0xff, 0xff, 0xff, 0xff, 0xff,
    0xff, 0xff, 0xff, 0xff, 0xff, 0xff, 0xff, 0xff, 0xff, 0xff, 0xff, 0xff, 0xff, 0xff, 0xff, 0xff, 0xff, 0xff, 0xff, 0xff, 0xff, 0xff, 0xff, 0xff, 0xff, 0xff, 0xff, 0xff, 0xff, 0xff, 0xff, 0xff, 0xff, 0xff, 0xff, 0xff, 0xff, 0xff, 0xff, 0xff,
    0xff, 0xff, 0xff, 0xff, 0xff, 0xff, 0xff, 0xff, 0xff, 0xff, 0xff, 0xff, 0xff, 0xff, 0xff, 0xff, 0xff, 0xff, 0xff, 0xff, 0xff, 0xff, 0xff, 0xff, 0xff, 0xff, 0xff, 0xff, 0xff, 0xff, 0xff, 0xff, 0xff, 0xff, 0xff, 0xff, 0xff, 0xff, 0xff, 0xff,
    0xff, 0xff, 0xff, 0xff, 0xff, 0xff, 0xff, 0xff, 0xff, 0xff, 0xff, 0xff, 0xff, 0xff, 0xff, 0xff, 0xff, 0xff, 0xff, 0xff, 0xff, 0xff, 0xff, 0xff, 0xff, 0xff, 0xff, 0xff, 0xff, 0xff, 0xff, 0xff, 0xff, 0xff, 0xff, 0xff, 0xff, 0xff, 0xff, 0xff,
    0xff, 0xff, 0xff, 0xff, 0xff, 0xff, 0xff, 0xff, 0xff, 0xff, 0xff, 0xff, 0xff, 0xff, 0xff, 0xff, 0xff, 0xff, 0xff, 0xff, 0xff, 0xff, 0xff, 0xff, 0xff, 0xff, 0xff, 0xff, 0xff, 0xff, 0xff, 0xff, 0xff, 0xff, 0xff, 0xff, 0xff, 0xff, 0xff, 0xff,
    0xff, 0xff, 0xff, 0xff, 0xff, 0xff, 0xff, 0xff, 0xff, 0xff, 0xff, 0xff, 0xff, 0xff, 0xff, 0xff, 0xff, 0xff, 0xff, 0xff, 0xff, 0xff, 0xff, 0xff, 0xff, 0xff, 0xff, 0xff, 0xff, 0xff, 0xff, 0xff, 0xff, 0xff, 0xff, 0xff, 0xff, 0xff, 0x3c, 0xe7,
    0x6d, 0x73, 0xff, 0xff, 0xff, 0xff, 0xff, 0xff, 0xff, 0xff, 0xff, 0xff, 0xff, 0xff, 0xff, 0xff, 0xff, 0xff, 0xff, 0xff, 0xff, 0xff, 0xff, 0xff, 0xff, 0xff, 0xff, 0xff, 0xff, 0xff, 0xff, 0xff, 0xff, 0xff, 0xff, 0xff, 0xff, 0xff, 0xff, 0xff,
    0xff, 0xff, 0xff, 0xff, 0xff, 0xff, 0xff, 0xff, 0xff, 0xff, 0xff, 0xff, 0xff, 0xff, 0xff, 0xff, 0xff, 0xff, 0xff, 0xff, 0xff, 0xff, 0xff, 0xff, 0xff, 0xff, 0xff, 0xff, 0xff, 0xff, 0xff, 0xff, 0xff, 0xff, 0xff, 0xff, 0xff, 0xff, 0xff, 0xff,
    0xff, 0xff, 0xff, 0xff, 0xff, 0xff, 0xff, 0xff, 0xff, 0xff, 0xff, 0xff, 0xff, 0xff, 0xff, 0xff, 0xff, 0xff, 0xff, 0xff, 0xff, 0xff, 0xff, 0xff, 0xff, 0xff, 0xff, 0xff, 0xff, 0xff, 0xff, 0xff, 0xff, 0xff, 0xff, 0xff, 0xff, 0xff, 0xff, 0xff,
    0xff, 0xff, 0xff, 0xff, 0xff, 0xff, 0xff, 0xff, 0xff, 0xff, 0xff, 0xff, 0xff, 0xff, 0xff, 0xff, 0xff, 0xff, 0xff, 0xff, 0xff, 0xff, 0xff, 0xff, 0xff, 0xff, 0xff, 0xff, 0xff, 0xff, 0xff, 0xff, 0xff, 0xff, 0xff, 0xff, 0xff, 0xff, 0xff, 0xff,
    0xff, 0xff, 0xff, 0xff, 0xff, 0xff, 0xff, 0xff, 0xff, 0xff, 0xff, 0xff, 0xff, 0xff, 0xff, 0xff, 0xff, 0xff, 0xff, 0xff, 0xff, 0xff, 0xff, 0xff, 0xff, 0xff, 0xff, 0xff, 0xff, 0xff, 0xff, 0xff, 0xff, 0xff, 0xff, 0xff, 0xff, 0xff, 0xff, 0xff,
    0xff, 0xff, 0xff, 0xff, 0xff, 0xff, 0xff, 0xff, 0xff, 0xff, 0xff, 0xff, 0xff, 0xff, 0xff, 0xff, 0xff, 0xff, 0xff, 0xff, 0xff, 0xff, 0xff, 0xff, 0xff, 0xff, 0xff, 0xff, 0xff, 0xff, 0xff, 0xff, 0xff, 0xff, 0xff, 0xff, 0xff, 0xff, 0xdb, 0xde,
    0x28, 0x4a, 0xff, 0xff, 0xdf, 0xff, 0xff, 0xff, 0xff, 0xff, 0xff, 0xff, 0xff, 0xff, 0xff, 0xff, 0xff, 0xff, 0xff, 0xff, 0xff, 0xff, 0xff, 0xff, 0xff, 0xff, 0xff, 0xff, 0xff, 0xff, 0xff, 0xff, 0xff, 0xff, 0xff, 0xff, 0xff, 0xff, 0xff, 0xff,
    0xff, 0xff, 0xff, 0xff, 0xff, 0xff, 0xff, 0xff, 0xff, 0xff, 0xff, 0xff, 0xff, 0xff, 0xff, 0xff, 0xff, 0xff, 0xff, 0xff, 0xff, 0xff, 0xff, 0xff, 0xff, 0xff, 0xff, 0xff, 0xff, 0xff, 0xff, 0xff, 0xff, 0xff, 0xff, 0xff, 0xff, 0xff, 0xff, 0xff,
    0xff, 0xff, 0xff, 0xff, 0xff, 0xff, 0xff, 0xff, 0xff, 0xff, 0xff, 0xff, 0xff, 0xff, 0xff, 0xff, 0xff, 0xff, 0xff, 0xff, 0xff, 0xff, 0xff, 0xff, 0xff, 0xff, 0xff, 0xff, 0xff, 0xff, 0xff, 0xff, 0xff, 0xff, 0xff, 0xff, 0xff, 0xff, 0xff, 0xff,
    0xff, 0xff, 0xff, 0xff, 0xff, 0xff, 0xff, 0xff, 0xff, 0xff, 0xff, 0xff, 0xff, 0xff, 0xff, 0xff, 0xff, 0xff, 0xff, 0xff, 0xff, 0xff, 0xff, 0xff, 0xff, 0xff, 0xff, 0xff, 0xff, 0xff, 0xff, 0xff, 0xff, 0xff, 0xff, 0xff, 0xff, 0xff, 0xff, 0xff,
    0xff, 0xff, 0xff, 0xff, 0xff, 0xff, 0xff, 0xff, 0xff, 0xff, 0xff, 0xff, 0xff, 0xff, 0xff, 0xff, 0xff, 0xff, 0xff, 0xff, 0xff, 0xff, 0xff, 0xff, 0xff, 0xff, 0xff, 0xff, 0xff, 0xff, 0xff, 0xff, 0xff, 0xff, 0xff, 0xff, 0xff, 0xff, 0xff, 0xff,
    0xff, 0xff, 0xff, 0xff, 0xff, 0xff, 0xff, 0xff, 0xff, 0xff, 0xff, 0xff, 0xff, 0xff, 0xff, 0xff, 0xff, 0xff, 0xff, 0xff, 0xff, 0xff, 0xff, 0xff, 0xff, 0xff, 0xff, 0xff, 0xff, 0xff, 0xff, 0xff, 0xf7, 0xbd, 0x13, 0xa5, 0xff, 0xff, 0xba, 0xd6,
    0x49, 0x4a, 0xff, 0xff, 0xff, 0xff, 0xff, 0xff, 0xdf, 0xff, 0xff, 0xff, 0xff, 0xff, 0xff, 0xff, 0xff, 0xff, 0xff, 0xff, 0xff, 0xff, 0xff, 0xff, 0xff, 0xff, 0xff, 0xff, 0xff, 0xff, 0xff, 0xff, 0xff, 0xff, 0xff, 0xff, 0xff, 0xff, 0xff, 0xff,
    0xff, 0xff, 0xff, 0xff, 0xff, 0xff, 0xff, 0xff, 0xff, 0xff, 0xff, 0xff, 0xff, 0xff, 0xff, 0xff, 0xff, 0xff, 0xff, 0xff, 0xff, 0xff, 0xff, 0xff, 0xff, 0xff, 0xff, 0xff, 0xff, 0xff, 0xff, 0xff, 0xff, 0xff, 0xff, 0xff, 0xff, 0xff, 0xff, 0xff,
    0xff, 0xff, 0xff, 0xff, 0xff, 0xff, 0xff, 0xff, 0xff, 0xff, 0xff, 0xff, 0xff, 0xff, 0xff, 0xff, 0xff, 0xff, 0xff, 0xff, 0xff, 0xff, 0xff, 0xff, 0xff, 0xff, 0xff, 0xff, 0xff, 0xff, 0xff, 0xff, 0xff, 0xff, 0xff, 0xff, 0xff, 0xff, 0xff, 0xff,
    0xff, 0xff, 0xff, 0xff, 0xff, 0xff, 0xff, 0xff, 0xff, 0xff, 0xff, 0xff, 0xff, 0xff, 0xff, 0xff, 0xff, 0xff, 0xff, 0xff, 0xff, 0xff, 0xff, 0xff, 0xff, 0xff, 0xff, 0xff, 0xff, 0xff, 0xff, 0xff, 0xff, 0xff, 0xff, 0xff, 0xff, 0xff, 0xff, 0xff,
    0xff, 0xff, 0xff, 0xff, 0xff, 0xff, 0xff, 0xff, 0xff, 0xff, 0xff, 0xff, 0xff, 0xff, 0xff, 0xff, 0xff, 0xff, 0xff, 0xff, 0xff, 0xff, 0xff, 0xff, 0xff, 0xff, 0xff, 0xff, 0xff, 0xff, 0xff, 0xff, 0xff, 0xff, 0xff, 0xff, 0xff, 0xff, 0xff, 0xff,
    0xff, 0xff, 0xff, 0xff, 0xff, 0xff, 0xff, 0xff, 0xff, 0xff, 0xff, 0xff, 0xff, 0xff, 0xff, 0xff, 0xff, 0xff, 0xff, 0xff, 0xff, 0xff, 0xff, 0xff, 0xff, 0xff, 0xff, 0xff, 0xdf, 0xff, 0xff, 0xff, 0xeb, 0x5a, 0x50, 0x8c, 0xff, 0xff, 0x79, 0xce,
    0x89, 0x52, 0xde, 0xff, 0xd6, 0xbd, 0xc7, 0x39, 0x38, 0xc6, 0xff, 0xff, 0xff, 0xff, 0xff, 0xff, 0xff, 0xff, 0xff, 0xff, 0xff, 0xff, 0xff, 0xff, 0xff, 0xff, 0xff, 0xff, 0xff, 0xff, 0xff, 0xff, 0xff, 0xff, 0xff, 0xff, 0xff, 0xff, 0xff, 0xff,
    0xff, 0xff, 0xff, 0xff, 0xff, 0xff, 0xff, 0xff, 0xff, 0xff, 0xff, 0xff, 0xff, 0xff, 0xff, 0xff, 0xff, 0xff, 0xdf, 0xff, 0xdf, 0xff, 0xdf, 0xff, 0xdf, 0xff, 0xff, 0xff, 0xff, 0xff, 0xff, 0xff, 0xff, 0xff, 0xff, 0xff, 0xff, 0xff, 0xff, 0xff,
    0xff, 0xff, 0xff, 0xff, 0xff, 0xff, 0xff, 0xff, 0xff, 0xff, 0xff, 0xff, 0xff, 0xff, 0xff, 0xff, 0xff, 0xff, 0xff, 0xff, 0xff, 0xff, 0xff, 0xff, 0xff, 0xff, 0xff, 0xff, 0xff, 0xff, 0xff, 0xff, 0xff, 0xff, 0xff, 0xff, 0xff, 0xff, 0xff, 0xff,
    0xff, 0xff, 0xff, 0xff, 0xff, 0xff, 0xff, 0xff, 0xff, 0xff, 0xff, 0xff, 0xff, 0xff, 0xff, 0xff, 0xff, 0xff, 0xff, 0xff, 0xff, 0xff, 0xff, 0xff, 0xff, 0xff, 0xff, 0xff, 0xff, 0xff, 0xff, 0xff, 0xff, 0xff, 0xff, 0xff, 0xff, 0xff, 0xff, 0xff,
    0xff, 0xff, 0xff, 0xff, 0xff, 0xff, 0xff, 0xff, 0xff, 0xff, 0xff, 0xff, 0xff, 0xff, 0xff, 0xff, 0xff, 0xff, 0xff, 0xff, 0xff, 0xff, 0xff, 0xff, 0xdf, 0xff, 0xff, 0xff, 0xff, 0xff, 0xff, 0xff, 0xff, 0xff, 0xff, 0xff, 0xff, 0xff, 0xff, 0xff,
    0xff, 0xff, 0xff, 0xff, 0xff, 0xff, 0xff, 0xff, 0xdf, 0xff, 0x4c, 0x6b, 0x3c, 0xe7, 0xff, 0xff, 0xff, 0xff, 0xff, 0xff, 0xff, 0xff, 0xff, 0xff, 0xff, 0xff, 0xdf, 0xff, 0xff, 0xff, 0xba, 0xde, 0x24, 0x21, 0x7d, 0xef, 0xff, 0xff, 0xfb, 0xde,
    0x44, 0x29, 0x69, 0x4a, 0x2c, 0x63, 0x2c, 0x63, 0x2c, 0x63, 0xff, 0xff, 0xdf, 0xff, 0xdf, 0xff, 0xff, 0xff, 0xff, 0xff, 0xff, 0xff, 0xff, 0xff, 0xff, 0xff, 0x79, 0xce, 0xaa, 0x52, 0xff, 0xff, 0xff, 0xff, 0xff, 0xff, 0xff, 0xff, 0xff, 0xff,
    0xff, 0xff, 0xff, 0xff, 0xff, 0xff, 0xff, 0xff, 0xff, 0xff, 0xff, 0xff, 0xff, 0xff, 0xff, 0xff, 0xff, 0xff, 0xff, 0xff, 0xff, 0xff, 0xff, 0xff, 0xff, 0xff, 0xff, 0xff, 0xff, 0xff, 0xff, 0xff, 0xff, 0xff, 0xff, 0xff, 0xff, 0xff, 0xff, 0xff,
    0xff, 0xff, 0xff, 0xff, 0xff, 0xff, 0xff, 0xff, 0xff, 0xff, 0xff, 0xff, 0xff, 0xff, 0xff, 0xff, 0xff, 0xff, 0xff, 0xff, 0xff, 0xff, 0xff, 0xff, 0xff, 0xff, 0xff, 0xff, 0xff, 0xff, 0xff, 0xff, 0xff, 0xff, 0xff, 0xff, 0xff, 0xff, 0xff, 0xff,
    0xff, 0xff, 0xff, 0xff, 0xff, 0xff, 0xff, 0xff, 0xff, 0xff, 0xff, 0xff, 0xff, 0xff, 0xff, 0xff, 0xff, 0xff, 0xff, 0xff, 0xff, 0xff, 0xff, 0xff, 0xff, 0xff, 0xff, 0xff, 0xff, 0xff, 0xff, 0xff, 0xff, 0xff, 0xff, 0xff, 0xff, 0xff, 0xff, 0xff,
    0xff, 0xff, 0xff, 0xff, 0xff, 0xff, 0xff, 0xff, 0xff, 0xff, 0xff, 0xff, 0xff, 0xff, 0xdf, 0xff, 0x1c, 0xe7, 0xfb, 0xde, 0xbe, 0xf7, 0xff, 0xff, 0xff, 0xff, 0xff, 0xff, 0xff, 0xff, 0xff, 0xff, 0xff, 0xff, 0xff, 0xff, 0xff, 0xff, 0xff, 0xff,
    0xff, 0xff, 0xff, 0xff, 0xff, 0xff, 0xff, 0xff, 0xff, 0xff, 0x69, 0x4a, 0x48, 0x4a, 0xff, 0xff, 0xff, 0xff, 0xff, 0xff, 0xff, 0xff, 0xff, 0xff, 0xff, 0xff, 0xff, 0xff, 0xfb, 0xde, 0xe3, 0x18, 0x14, 0xa5, 0xff, 0xff, 0xff, 0xff, 0xff, 0xff,
    0xfb, 0xde, 0x7d, 0xef, 0xff, 0xff, 0xff, 0xff, 0xa6, 0x31, 0xd2, 0x9c, 0xff, 0xff, 0xff, 0xff, 0xff, 0xff, 0xff, 0xff, 0xff, 0xff, 0xff, 0xff, 0xff, 0xff, 0x85, 0x31, 0xce, 0x7b, 0xff, 0xff, 0xdf, 0xff, 0xff, 0xff, 0xff, 0xff, 0xff, 0xff,
    0xff, 0xff, 0xff, 0xff, 0xff, 0xff, 0xff, 0xff, 0xff, 0xff, 0xff, 0xff, 0xff, 0xff, 0x9e, 0xf7, 0xd7, 0xbd, 0x51, 0x8c, 0xae, 0x73, 0x6d, 0x6b, 0xd2, 0x9c, 0x5c, 0xef, 0xff, 0xff, 0xff, 0xff, 0xff, 0xff, 0xff, 0xff, 0xff, 0xff, 0xff, 0xff,
    0xff, 0xff, 0xff, 0xff, 0xff, 0xff, 0xff, 0xff, 0xff, 0xff, 0xff, 0xff, 0xff, 0xff, 0xff, 0xff, 0xff, 0xff, 0xff, 0xff, 0xff, 0xff, 0xff, 0xff, 0xff, 0xff, 0xff, 0xff, 0xff, 0xff, 0xff, 0xff, 0xff, 0xff, 0xff, 0xff, 0xff, 0xff, 0xff, 0xff,
    0xff, 0xff, 0xff, 0xff, 0xff, 0xff, 0xff, 0xff, 0xff, 0xff, 0xff, 0xff, 0xff, 0xff, 0xff, 0xff, 0xff, 0xff, 0xff, 0xff, 0xff, 0xff, 0xff, 0xff, 0xff, 0xff, 0xff, 0xff, 0xff, 0xff, 0xff, 0xff, 0xff, 0xff, 0xff, 0xff, 0xff, 0xff, 0xff, 0xff,
    0xff, 0xff, 0xff, 0xff, 0xff, 0xff, 0xff, 0xff, 0xff, 0xff, 0x9d, 0xf7, 0xce, 0x73, 0x04, 0x21, 0x00, 0x00, 0x00, 0x00, 0xc2, 0x18, 0x69, 0x4a, 0xd2, 0x9c, 0x1c, 0xe7, 0xff, 0xff, 0xff, 0xff, 0xff, 0xff, 0xff, 0xff, 0xff, 0xff, 0xff, 0xff,
    0xff, 0xff, 0xff, 0xff, 0xff, 0xff, 0xff, 0xff, 0xff, 0xff, 0x7d, 0xef, 0x20, 0x00, 0x96, 0xb5, 0xff, 0xff, 0xff, 0xff, 0xff, 0xff, 0xdf, 0xff, 0xfb, 0xde, 0x71, 0x8c, 0x45, 0x29, 0xb2, 0x94, 0xff, 0xff, 0xff, 0xff, 0xff, 0xff, 0xff, 0xff,
    0xff, 0xff, 0xff, 0xff, 0xdf, 0xff, 0xff, 0xff, 0x1c, 0xe7, 0x28, 0x42, 0xcb, 0x5a, 0xd3, 0x9c, 0xf7, 0xbd, 0xdf, 0xff, 0xff, 0xff, 0xff, 0xff, 0xf3, 0xa4, 0x04, 0x21, 0xff, 0xff, 0xff, 0xff, 0xff, 0xff, 0xff, 0xff, 0xff, 0xff, 0xff, 0xff,
    0xff, 0xff, 0xff, 0xff, 0xff, 0xff, 0xff, 0xff, 0xff, 0xff, 0xba, 0xd6, 0x8d, 0x73, 0xe3, 0x18, 0x00, 0x00, 0x00, 0x00, 0x00, 0x00, 0x00, 0x00, 0x00, 0x00, 0xc2, 0x18, 0x34, 0xa5, 0xff, 0xff, 0xff, 0xff, 0xff, 0xff, 0xff, 0xff, 0xff, 0xff,
    0xff, 0xff, 0xff, 0xff, 0xff, 0xff, 0xff, 0xff, 0xff, 0xff, 0xff, 0xff, 0xff, 0xff, 0xff, 0xff, 0xff, 0xff, 0xff, 0xff, 0xff, 0xff, 0xff, 0xff, 0xff, 0xff, 0xff, 0xff, 0xff, 0xff, 0xff, 0xff, 0xff, 0xff, 0xff, 0xff, 0xff, 0xff, 0xff, 0xff,
    0xff, 0xff, 0xff, 0xff, 0xff, 0xff, 0xff, 0xff, 0xff, 0xff, 0xff, 0xff, 0xff, 0xff, 0xff, 0xff, 0xff, 0xff, 0xff, 0xff, 0xff, 0xff, 0xff, 0xff, 0xff, 0xff, 0xff, 0xff, 0xff, 0xff, 0xff, 0xff, 0xff, 0xff, 0xff, 0xff, 0xff, 0xff, 0xff, 0xff,
    0xff, 0xff, 0xff, 0xff, 0xff, 0xff, 0xff, 0xff, 0xfb, 0xde, 0x44, 0x29, 0x00, 0x00, 0x00, 0x00, 0x64, 0x29, 0xa4, 0x29, 0x61, 0x08, 0x00, 0x00, 0x00, 0x00, 0x81, 0x10, 0xeb, 0x5a, 0x18, 0xc6, 0xff, 0xff, 0xff, 0xff, 0xff, 0xff, 0xff, 0xff,
    0xff, 0xff, 0xff, 0xff, 0xff, 0xff, 0xff, 0xff, 0xff, 0xff, 0xff, 0xff, 0xd3, 0x9c, 0x82, 0x10, 0x9e, 0xf7, 0xff, 0xff, 0xff, 0xff, 0xd3, 0x9c, 0xcb, 0x5a, 0xef, 0x7b, 0xfb, 0xde, 0xff, 0xff, 0xff, 0xff, 0xff, 0xff, 0xff, 0xff, 0xff, 0xff,
    0xff, 0xff, 0xff, 0xff, 0xff, 0xff, 0xff, 0xff, 0xff, 0xff, 0xff, 0xff, 0xf7, 0xbd, 0x71, 0x8c, 0xf3, 0x9c, 0xdf, 0xff, 0xff, 0xff, 0xdf, 0xff, 0xe7, 0x39, 0xf7, 0xbd, 0xff, 0xff, 0xff, 0xff, 0xff, 0xff, 0xff, 0xff, 0xff, 0xff, 0xff, 0xff,
    0xff, 0xff, 0xff, 0xff, 0xff, 0xff, 0xdb, 0xde, 0x0c, 0x63, 0x40, 0x08, 0x00, 0x00, 0x00, 0x00, 0x44, 0x29, 0x8a, 0x6b, 0x8c, 0x94, 0x6b, 0x9c, 0x26, 0x4a, 0x00, 0x00, 0x00, 0x00, 0x34, 0xa5, 0xff, 0xff, 0xff, 0xff, 0xff, 0xff, 0xff, 0xff,
    0xff, 0xff, 0xff, 0xff, 0xff, 0xff, 0xff, 0xff, 0xff, 0xff, 0xff, 0xff, 0xff, 0xff, 0xff, 0xff, 0xff, 0xff, 0xff, 0xff, 0xff, 0xff, 0xff, 0xff, 0xff, 0xff, 0xff, 0xff, 0xff, 0xff, 0xff, 0xff, 0xff, 0xff, 0xff, 0xff, 0xff, 0xff, 0xff, 0xff,
    0xff, 0xff, 0xff, 0xff, 0xff, 0xff, 0xff, 0xff, 0xff, 0xff, 0xff, 0xff, 0xff, 0xff, 0xff, 0xff, 0xff, 0xff, 0xff, 0xff, 0xff, 0xff, 0xff, 0xff, 0xff, 0xff, 0xff, 0xff, 0xff, 0xff, 0xff, 0xff, 0xff, 0xff, 0xff, 0xff, 0xff, 0xff, 0xff, 0xff,
    0xff, 0xff, 0xff, 0xff, 0xff, 0xff, 0xbe, 0xf7, 0xa6, 0x31, 0x00, 0x00, 0x05, 0x42, 0xec, 0xd5, 0x6c, 0xfe, 0x8d, 0xfe, 0x2f, 0xe6, 0xcd, 0xa4, 0x87, 0x4a, 0x21, 0x00, 0x00, 0x00, 0x00, 0x00, 0x69, 0x4a, 0x38, 0xc6, 0xff, 0xff, 0xff, 0xff,
    0xff, 0xff, 0xff, 0xff, 0xff, 0xff, 0xff, 0xff, 0xff, 0xff, 0xff, 0xff, 0xff, 0xff, 0x30, 0x84, 0xfb, 0xde, 0xff, 0xff, 0xff, 0xff, 0xff, 0xff, 0xff, 0xff, 0xff, 0xff, 0xff, 0xff, 0xff, 0xff, 0xff, 0xff, 0xff, 0xff, 0xff, 0xff, 0xff, 0xff,
    0xff, 0xff, 0xff, 0xff, 0xff, 0xff, 0xff, 0xff, 0xff, 0xff, 0xff, 0xff, 0xff, 0xff, 0xff, 0xff, 0xff, 0xff, 0xff, 0xff, 0xff, 0xff, 0xff, 0xff, 0x3c, 0xe7, 0xff, 0xff, 0xff, 0xff, 0xff, 0xff, 0xff, 0xff, 0xff, 0xff, 0xff, 0xff, 0xff, 0xff,
    0xff, 0xff, 0x9e, 0xf7, 0xcf, 0x7b, 0x61, 0x08, 0x00, 0x00, 0x00, 0x00, 0x05, 0x42, 0x8e, 0xad, 0x71, 0xff, 0x2f, 0xff, 0x8c, 0xfe, 0x4b, 0xfe, 0x6c, 0xfe, 0x07, 0x7b, 0x00, 0x00, 0x61, 0x08, 0x1c, 0xe7, 0xff, 0xff, 0xff, 0xff, 0xff, 0xff,
    0xff, 0xff, 0xff, 0xff, 0xff, 0xff, 0xff, 0xff, 0xff, 0xff, 0xff, 0xff, 0xff, 0xff, 0xff, 0xff, 0xff, 0xff, 0xff, 0xff, 0xff, 0xff, 0xff, 0xff, 0xff, 0xff, 0xff, 0xff, 0xff, 0xff, 0xff, 0xff, 0xff, 0xff, 0xff, 0xff, 0xff, 0xff, 0xff, 0xff,
    0xff, 0xff, 0xff, 0xff, 0xff, 0xff, 0xff, 0xff, 0xff, 0xff, 0xff, 0xff, 0xff, 0xff, 0xff, 0xff, 0xff, 0xff, 0xff, 0xff, 0xff, 0xff, 0xff, 0xff, 0xff, 0xff, 0xff, 0xff, 0xff, 0xff, 0xff, 0xff, 0xff, 0xff, 0xff, 0xff, 0xff, 0xff, 0xff, 0xff,
    0xff, 0xff, 0xdf, 0xff, 0xff, 0xff, 0x50, 0x8c, 0x00, 0x00, 0x23, 0x29, 0x0b, 0xf6, 0x08, 0xfe, 0xa8, 0xfd, 0xa8, 0xfd, 0xc8, 0xfd, 0x4a, 0xfe, 0xce, 0xfe, 0x0f, 0xce, 0x29, 0x63, 0x41, 0x00, 0x00, 0x00, 0x20, 0x00, 0x4c, 0x6b, 0x5d, 0xef,
    0xff, 0xff, 0xff, 0xff, 0xff, 0xff, 0xff, 0xff, 0xff, 0xff, 0xff, 0xff, 0xff, 0xff, 0xff, 0xff, 0xff, 0xff, 0xff, 0xff, 0xff, 0xff, 0xff, 0xff, 0xff, 0xff, 0xdf, 0xff, 0xde, 0xff, 0xff, 0xff, 0xff, 0xff, 0xff, 0xff, 0xff, 0xff, 0xff, 0xff,
    0xff, 0xff, 0xff, 0xff, 0xff, 0xff, 0xff, 0xff, 0xff, 0xff, 0xff, 0xff, 0xff, 0xff, 0xdf, 0xff, 0xff, 0xff, 0xff, 0xff, 0xff, 0xff, 0xff, 0xff, 0xff, 0xff, 0xff, 0xff, 0xff, 0xff, 0xff, 0xff, 0xff, 0xff, 0xff, 0xff, 0xff, 0xff, 0xff, 0xff,
    0x95, 0xb5, 0x45, 0x29, 0x00, 0x00, 0x00, 0x00, 0x84, 0x31, 0x6e, 0xad, 0xf2, 0xff, 0x4f, 0xff, 0xc9, 0xfd, 0x68, 0xfd, 0x68, 0xfd, 0x88, 0xfd, 0xa8, 0xfd, 0x2b, 0xfe, 0xc5, 0x41, 0x00, 0x00, 0x8d, 0x73, 0xff, 0xff, 0xff, 0xff, 0xff, 0xff,
    0xff, 0xff, 0xff, 0xff, 0xff, 0xff, 0xff, 0xff, 0xff, 0xff, 0xff, 0xff, 0xff, 0xff, 0xff, 0xff, 0xff, 0xff, 0xff, 0xff, 0xff, 0xff, 0xff, 0xff, 0xff, 0xff, 0xff, 0xff, 0xff, 0xff, 0xff, 0xff, 0xff, 0xff, 0xff, 0xff, 0xff, 0xff, 0xff, 0xff,
    0xff, 0xff, 0xff, 0xff, 0xff, 0xff, 0xff, 0xff, 0xff, 0xff, 0xff, 0xff, 0xff, 0xff, 0xff, 0xff, 0xff, 0xff, 0xff, 0xff, 0xff, 0xff, 0xff, 0xff, 0xff, 0xff, 0xff, 0xff, 0xff, 0xff, 0xff, 0xff, 0xff, 0xff, 0xff, 0xff, 0xff, 0xff, 0xff, 0xff,
    0xff, 0xff, 0xff, 0xff, 0x9e, 0xf7, 0xe3, 0x18, 0x00, 0x00, 0x27, 0xb4, 0x08, 0xfe, 0xa8, 0xfd, 0xc8, 0xfd, 0xc8, 0xfd, 0xa8, 0xfd, 0x68, 0xfd, 0x67, 0xfd, 0xe9, 0xfd, 0xad, 0xfe, 0xce, 0xc5, 0x46, 0x42, 0x00, 0x00, 0x00, 0x00, 0x03, 0x19,
    0x34, 0xa5, 0xff, 0xff, 0xff, 0xff, 0xff, 0xff, 0xff, 0xff, 0xff, 0xff, 0xff, 0xff, 0xff, 0xff, 0xff, 0xff, 0xff, 0xff, 0xff, 0xff, 0xff, 0xff, 0xff, 0xff, 0xff, 0xff, 0x58, 0xce, 0x48, 0x4a, 0xdf, 0xff, 0xff, 0xff, 0xff, 0xff, 0xff, 0xff,
    0xff, 0xff, 0xff, 0xff, 0xf7, 0xbd, 0xd6, 0xbd, 0xff, 0xff, 0xff, 0xff, 0xff, 0xff, 0xff, 0xff, 0xdf, 0xff, 0xff, 0xff, 0xff, 0xff, 0xff, 0xff, 0xff, 0xff, 0xff, 0xff, 0xff, 0xff, 0xff, 0xff, 0xdf, 0xff, 0xff, 0xff, 0xbe, 0xf7, 0x4d, 0x6b,
    0x00, 0x00, 0x00, 0x00, 0x61, 0x08, 0xea, 0x83, 0xb2, 0xf7, 0xf2, 0xff, 0x6b, 0xfe, 0x88, 0xfd, 0x88, 0xfd, 0xc9, 0xfd, 0xe9, 0xfd, 0x89, 0xfd, 0x8a, 0xfd, 0xea, 0xfd, 0x49, 0xbc, 0x00, 0x00, 0x81, 0x10, 0x5d, 0xef, 0xff, 0xff, 0xff, 0xff,
    0xff, 0xff, 0xff, 0xff, 0xff, 0xff, 0xff, 0xff, 0xff, 0xff, 0xff, 0xff, 0xff, 0xff, 0xff, 0xff, 0xff, 0xff, 0xff, 0xff, 0xff, 0xff, 0xff, 0xff, 0xff, 0xff, 0xff, 0xff, 0xff, 0xff, 0xff, 0xff, 0xff, 0xff, 0xff, 0xff, 0xff, 0xff, 0xff, 0xff,
    0xff, 0xff, 0xff, 0xff, 0xff, 0xff, 0xff, 0xff, 0xff, 0xff, 0xff, 0xff, 0xff, 0xff, 0xff, 0xff, 0xff, 0xff, 0xff, 0xff, 0xff, 0xff, 0xff, 0xff, 0xff, 0xff, 0xff, 0xff, 0xff, 0xff, 0xff, 0xff, 0xff, 0xff, 0xff, 0xff, 0xff, 0xff, 0xff, 0xff,
    0xdf, 0xff, 0xff, 0xff, 0x96, 0xb5, 0x00, 0x00, 0x02, 0x21, 0x8b, 0xfd, 0x6d, 0xfd, 0x6f, 0xfd, 0x8d, 0xfd, 0xa9, 0xfd, 0xe9, 0xfd, 0x09, 0xfe, 0x88, 0xfd, 0x88, 0xfd, 0x67, 0xfd, 0xe9, 0xfd, 0xce, 0xfe, 0xcc, 0x9c, 0xe3, 0x18, 0x00, 0x00,
    0x00, 0x00, 0xeb, 0x5a, 0x7d, 0xef, 0xff, 0xff, 0xdf, 0xff, 0xff, 0xff, 0xff, 0xff, 0xff, 0xff, 0xff, 0xff, 0xff, 0xff, 0xff, 0xff, 0xff, 0xff, 0xff, 0xff, 0xff, 0xff, 0xff, 0xff, 0x08, 0x42, 0xcb, 0x5a, 0xff, 0xff, 0xff, 0xff, 0xff, 0xff,
    0xff, 0xff, 0xf7, 0xbd, 0xa2, 0x10, 0x9a, 0xd6, 0xff, 0xff, 0xff, 0xff, 0xff, 0xff, 0xff, 0xff, 0xff, 0xff, 0xff, 0xff, 0xff, 0xff, 0xff, 0xff, 0xff, 0xff, 0xff, 0xff, 0xff, 0xff, 0xdf, 0xff, 0xff, 0xff, 0x99, 0xd6, 0x85, 0x29, 0x00, 0x00,
    0x00, 0x00, 0xe5, 0x39, 0x4f, 0xce, 0xf3, 0xff, 0x4f, 0xff, 0xa9, 0xfd, 0x68, 0xfd, 0x88, 0xfd, 0x2a, 0xfe, 0x6a, 0xed, 0xaa, 0xd4, 0x6e, 0xfd, 0x2f, 0xfd, 0x4e, 0xfd, 0x6e, 0xfd, 0x03, 0x21, 0x00, 0x00, 0xf3, 0xa4, 0xff, 0xff, 0xdf, 0xff,
    0xff, 0xff, 0xff, 0xff, 0xff, 0xff, 0xff, 0xff, 0xff, 0xff, 0xff, 0xff, 0xff, 0xff, 0xff, 0xff, 0xff, 0xff, 0xff, 0xff, 0xff, 0xff, 0xff, 0xff, 0xff, 0xff, 0xff, 0xff, 0xff, 0xff, 0xff, 0xff, 0xff, 0xff, 0xff, 0xff, 0xff, 0xff, 0xff, 0xff,
    0xff, 0xff, 0xff, 0xff, 0xff, 0xff, 0xff, 0xff, 0xff, 0xff, 0xff, 0xff, 0xff, 0xff, 0xff, 0xff, 0xff, 0xff, 0xff, 0xff, 0xff, 0xff, 0xff, 0xff, 0xff, 0xff, 0xff, 0xff, 0xff, 0xff, 0xff, 0xff, 0xff, 0xff, 0xff, 0xff, 0xff, 0xff, 0xff, 0xff,
    0xdf, 0xff, 0xff, 0xff, 0x4c, 0x6b, 0x00, 0x00, 0xc8, 0x7a, 0xb1, 0xfd, 0x30, 0xfd, 0x50, 0xfd, 0x30, 0xfd, 0x50, 0xf5, 0x66, 0x6a, 0x07, 0xb4, 0x2a, 0xfe, 0x88, 0xfd, 0xa8, 0xfd, 0x88, 0xfd, 0x88, 0xfd, 0x8b, 0xfe, 0x8f, 0xe6, 0x67, 0x4a,
    0x00, 0x00, 0x00, 0x00, 0x44, 0x29, 0x58, 0xce, 0xff, 0xff, 0xdf, 0xff, 0xff, 0xff, 0xff, 0xff, 0xff, 0xff, 0x79, 0xce, 0x95, 0xb5, 0xff, 0xff, 0xff, 0xff, 0xdf, 0xff, 0xff, 0xff, 0x7d, 0xef, 0x20, 0x00, 0x54, 0xad, 0xff, 0xff, 0xdf, 0xff,
    0x3c, 0xe7, 0x20, 0x00, 0x55, 0xad, 0xff, 0xff, 0xdf, 0xff, 0xff, 0xff, 0xff, 0xff, 0x5c, 0xef, 0xef, 0x7b, 0xdb, 0xde, 0xff, 0xff, 0xff, 0xff, 0xff, 0xff, 0xff, 0xff, 0xdf, 0xff, 0xff, 0xff, 0x75, 0xad, 0x82, 0x10, 0x00, 0x00, 0x00, 0x00,
    0xca, 0x7b, 0xb1, 0xff, 0xf1, 0xff, 0xcd, 0xfe, 0x88, 0xfd, 0x68, 0xfd, 0x88, 0xfd, 0x0a, 0xfe, 0xa7, 0x9b, 0x03, 0x29, 0x0d, 0xc4, 0x50, 0xfd, 0x2f, 0xfd, 0x2f, 0xfd, 0xb1, 0xfd, 0x88, 0x6a, 0x00, 0x00, 0xaa, 0x52, 0xff, 0xff, 0xff, 0xff,
    0xff, 0xff, 0xff, 0xff, 0xff, 0xff, 0xff, 0xff, 0xff, 0xff, 0xff, 0xff, 0xff, 0xff, 0xff, 0xff, 0xff, 0xff, 0xff, 0xff, 0xff, 0xff, 0xff, 0xff, 0xff, 0xff, 0xff, 0xff, 0xff, 0xff, 0xff, 0xff, 0xff, 0xff, 0xff, 0xff, 0xff, 0xff, 0xff, 0xff,
    0xff, 0xff, 0xff, 0xff, 0xff, 0xff, 0xff, 0xff, 0xff, 0xff, 0xff, 0xff, 0xff, 0xff, 0xff, 0xff, 0xff, 0xff, 0xff, 0xff, 0xff, 0xff, 0xff, 0xff, 0xff, 0xff, 0xff, 0xff, 0xff, 0xff, 0xff, 0xff, 0xff, 0xff, 0xff, 0xff, 0xff, 0xff, 0xff, 0xff,
    0xff, 0xff, 0xdf, 0xff, 0x65, 0x29, 0x00, 0x00, 0x0d, 0xb4, 0x90, 0xfd, 0x2f, 0xfd, 0x50, 0xfd, 0x2f, 0xfd, 0x50, 0xfd, 0x4e, 0xc4, 0x82, 0x18, 0x65, 0x6a, 0x0a, 0xfe, 0xa8, 0xfd, 0xa8, 0xfd, 0xa9, 0xfd, 0x68, 0xfd, 0xc9, 0xfd, 0xce, 0xfe,
    0xaa, 0x7b, 0x21, 0x00, 0x00, 0x00, 0x41, 0x08, 0x14, 0xa5, 0xff, 0xff, 0xff, 0xff, 0xff, 0xff, 0xff, 0xff, 0x9a, 0xd6, 0x45, 0x29, 0x49, 0x4a, 0xbe, 0xf7, 0xff, 0xff, 0xff, 0xff, 0xff, 0xff, 0x14, 0xa5, 0xa2, 0x10, 0xff, 0xff, 0xff, 0xff,
    0x28, 0x42, 0x4d, 0x6b, 0xff, 0xff, 0xff, 0xff, 0xff, 0xff, 0xff, 0xff, 0x34, 0xa5, 0x85, 0x31, 0x71, 0x8c, 0xdf, 0xff, 0xff, 0xff, 0xdf, 0xff, 0xdf, 0xff, 0xdf, 0xff, 0xff, 0xff, 0x92, 0x94, 0x00, 0x00, 0x00, 0x00, 0x81, 0x10, 0x6d, 0xb5,
    0xf2, 0xff, 0xb0, 0xff, 0xcd, 0xfe, 0x88, 0xfd, 0x88, 0xfd, 0x88, 0xfd, 0xea, 0xfd, 0x45, 0x62, 0x41, 0x08, 0x6e, 0xcc, 0x90, 0xfd, 0x0f, 0xfd, 0x4f, 0xfd, 0x2f, 0xfd, 0xb0, 0xfd, 0xcc, 0xab, 0x00, 0x00, 0x03, 0x21, 0xbe, 0xf7, 0xff, 0xff,
    0xff, 0xff, 0xff, 0xff, 0xff, 0xff, 0xff, 0xff, 0xff, 0xff, 0xff, 0xff, 0xff, 0xff, 0xff, 0xff, 0xff, 0xff, 0xff, 0xff, 0xff, 0xff, 0xff, 0xff, 0xff, 0xff, 0xff, 0xff, 0xff, 0xff, 0xff, 0xff, 0xff, 0xff, 0xff, 0xff, 0xff, 0xff, 0xff, 0xff,
    0xff, 0xff, 0xff, 0xff, 0xff, 0xff, 0xff, 0xff, 0xff, 0xff, 0xff, 0xff, 0xff, 0xff, 0xff, 0xff, 0xff, 0xff, 0xff, 0xff, 0xff, 0xff, 0xff, 0xff, 0xff, 0xff, 0xff, 0xff, 0xff, 0xff, 0xff, 0xff, 0xff, 0xff, 0xff, 0xff, 0xff, 0xff, 0xff, 0xff,
    0xff, 0xff, 0xba, 0xd6, 0x20, 0x00, 0x41, 0x08, 0xef, 0xe4, 0x70, 0xfd, 0x2f, 0xfd, 0x2f, 0xfd, 0x30, 0xfd, 0x0f, 0xfd, 0x90, 0xfd, 0xef, 0xdc, 0x41, 0x08, 0xe4, 0x51, 0xea, 0xfd, 0xa8, 0xfd, 0xa8, 0xfd, 0xa8, 0xfd, 0x88, 0xfd, 0x88, 0xfd,
    0x6b, 0xfe, 0xab, 0xac, 0xa2, 0x10, 0x00, 0x00, 0x00, 0x00, 0x30, 0x84, 0xff, 0xff, 0xff, 0xff, 0xff, 0xff, 0xff, 0xff, 0xff, 0xff, 0xca, 0x5a, 0xc6, 0x39, 0xfb, 0xde, 0xda, 0xde, 0xd7, 0xbd, 0x54, 0xad, 0x40, 0x08, 0xae, 0x73, 0x50, 0x8c,
    0x00, 0x00, 0xef, 0x7b, 0x50, 0x8c, 0x92, 0x94, 0x75, 0xb5, 0x6d, 0x6b, 0x00, 0x00, 0xd2, 0x9c, 0xbe, 0xff, 0xbe, 0xf7, 0xff, 0xff, 0xff, 0xff, 0xff, 0xff, 0xff, 0xff, 0x50, 0x8c, 0x00, 0x00, 0x00, 0x00, 0x03, 0x21, 0x4e, 0xd6, 0xf0, 0xff,
    0x90, 0xff, 0xcd, 0xfe, 0x88, 0xfd, 0x88, 0xfd, 0x88, 0xfd, 0xca, 0xfd, 0xe4, 0x51, 0x41, 0x08, 0xcf, 0xd4, 0x90, 0xfd, 0x0f, 0xfd, 0x2f, 0xfd, 0x4f, 0xfd, 0x4f, 0xfd, 0x90, 0xfd, 0xae, 0xd4, 0x20, 0x00, 0x00, 0x00, 0x9a, 0xd6, 0xff, 0xff,
    0xff, 0xff, 0xff, 0xff, 0xff, 0xff, 0xff, 0xff, 0xff, 0xff, 0xff, 0xff, 0xff, 0xff, 0xff, 0xff, 0xff, 0xff, 0xff, 0xff, 0xff, 0xff, 0xff, 0xff, 0xff, 0xff, 0xff, 0xff, 0xff, 0xff, 0xff, 0xff, 0xff, 0xff, 0xff, 0xff, 0xff, 0xff, 0xff, 0xff,
    0xff, 0xff, 0xff, 0xff, 0xff, 0xff, 0xff, 0xff, 0xff, 0xff, 0xff, 0xff, 0xff, 0xff, 0xff, 0xff, 0xff, 0xff, 0xff, 0xff, 0xff, 0xff, 0xff, 0xff, 0xff, 0xff, 0xff, 0xff, 0xff, 0xff, 0xff, 0xff, 0xff, 0xff, 0xff, 0xff, 0xff, 0xff, 0xdf, 0xff,
    0xff, 0xff, 0x34, 0xad, 0x00, 0x00, 0x23, 0x29, 0x70, 0xfd, 0x4f, 0xfd, 0x2f, 0xfd, 0x2f, 0xfd, 0x2f, 0xfd, 0x2f, 0xfd, 0x0f, 0xfd, 0x70, 0xfd, 0xce, 0xd4, 0x21, 0x08, 0xa3, 0x49, 0xea, 0xfd, 0xa8, 0xfd, 0x88, 0xfd, 0x88, 0xfd, 0x88, 0xfd,
    0x47, 0xfd, 0x0a, 0xfe, 0x2b, 0xd5, 0xe3, 0x20, 0x00, 0x00, 0x00, 0x00, 0xae, 0x73, 0xff, 0xff, 0xfb, 0xe6, 0x55, 0xad, 0xef, 0x7b, 0x89, 0x52, 0x00, 0x00, 0x41, 0x00, 0x40, 0x00, 0x00, 0x00, 0x00, 0x00, 0x00, 0x00, 0x00, 0x00, 0x00, 0x00,
    0x00, 0x00, 0x00, 0x00, 0x00, 0x00, 0x00, 0x00, 0x00, 0x00, 0x00, 0x00, 0x00, 0x00, 0x20, 0x00, 0x20, 0x00, 0xe3, 0x18, 0xe7, 0x39, 0x6d, 0x6b, 0xb6, 0xb5, 0x30, 0x84, 0x00, 0x00, 0x00, 0x00, 0x23, 0x29, 0xcf, 0xe6, 0xf0, 0xff, 0x90, 0xff,
    0xed, 0xfe, 0xc9, 0xfd, 0x88, 0xfd, 0x88, 0xfd, 0xea, 0xfd, 0x25, 0x5a, 0x00, 0x00, 0xae, 0xd4, 0x91, 0xfd, 0x0f, 0xfd, 0x2f, 0xfd, 0x2f, 0xfd, 0x4f, 0xfd, 0x4f, 0xfd, 0x4f, 0xfd, 0x50, 0xf5, 0xc2, 0x18, 0x00, 0x00, 0x75, 0xad, 0xff, 0xff,
    0xdf, 0xff, 0xff, 0xff, 0xff, 0xff, 0xff, 0xff, 0xff, 0xff, 0xff, 0xff, 0xff, 0xff, 0xff, 0xff, 0xff, 0xff, 0xff, 0xff, 0xff, 0xff, 0xff, 0xff, 0xff, 0xff, 0xff, 0xff, 0xff, 0xff, 0xff, 0xff, 0xff, 0xff, 0xff, 0xff, 0xff, 0xff, 0xff, 0xff,
    0xff, 0xff, 0xff, 0xff, 0xff, 0xff, 0xff, 0xff, 0xff, 0xff, 0xff, 0xff, 0xff, 0xff, 0xff, 0xff, 0xff, 0xff, 0xff, 0xff, 0xff, 0xff, 0xff, 0xff, 0xff, 0xff, 0xff, 0xff, 0xff, 0xff, 0xff, 0xff, 0xff, 0xff, 0xff, 0xff, 0xff, 0xff, 0xdf, 0xff,
    0xff, 0xff, 0xae, 0x7b, 0x00, 0x00, 0xc6, 0x49, 0xb0, 0xfd, 0x2f, 0xfd, 0x4f, 0xfd, 0x2f, 0xfd, 0x4f, 0xfd, 0x50, 0xfd, 0x70, 0xfd, 0x0f, 0xfd, 0x70, 0xfd, 0x4d, 0xc4, 0x00, 0x00, 0x45, 0x62, 0x09, 0xfe, 0x87, 0xfd, 0x88, 0xfd, 0x88, 0xfd,
    0x88, 0xfd, 0x48, 0xfd, 0xa9, 0xfd, 0x0a, 0xdd, 0x03, 0x29, 0x00, 0x00, 0x00, 0x00, 0x65, 0x29, 0x20, 0x00, 0x00, 0x00, 0x00, 0x00, 0x00, 0x00, 0x81, 0x18, 0x61, 0x10, 0x20, 0x00, 0x27, 0x73, 0x66, 0x93, 0x24, 0xa2, 0x64, 0xb2, 0x64, 0xb2,
    0x84, 0xba, 0x84, 0xc2, 0x64, 0xb2, 0x82, 0x18, 0x25, 0x52, 0xe5, 0x72, 0xe4, 0x49, 0x02, 0x39, 0x81, 0x20, 0x20, 0x08, 0x00, 0x00, 0x00, 0x00, 0x00, 0x00, 0x00, 0x00, 0x00, 0x00, 0x22, 0x29, 0x8d, 0xe6, 0xaf, 0xff, 0x6f, 0xff, 0xad, 0xfe,
    0xe9, 0xfd, 0xe9, 0xfd, 0x88, 0xfd, 0xe9, 0xfd, 0xe6, 0x7a, 0x00, 0x00, 0x2d, 0xbc, 0xb1, 0xfd, 0x0f, 0xfd, 0x2f, 0xfd, 0x2f, 0xfd, 0x4f, 0xfd, 0x4f, 0xfd, 0x4f, 0xfd, 0x4f, 0xfd, 0x91, 0xfd, 0x64, 0x39, 0x00, 0x00, 0x71, 0x8c, 0xff, 0xff,
    0xdf, 0xff, 0xff, 0xff, 0xff, 0xff, 0xff, 0xff, 0xff, 0xff, 0xff, 0xff, 0xff, 0xff, 0xff, 0xff, 0xff, 0xff, 0xff, 0xff, 0xff, 0xff, 0xff, 0xff, 0xff, 0xff, 0xff, 0xff, 0xff, 0xff, 0xff, 0xff, 0xff, 0xff, 0xff, 0xff, 0xff, 0xff, 0xff, 0xff,
    0xff, 0xff, 0xff, 0xff, 0xff, 0xff, 0xff, 0xff, 0xff, 0xff, 0xff, 0xff, 0xff, 0xff, 0xff, 0xff, 0xff, 0xff, 0xff, 0xff, 0xff, 0xff, 0xff, 0xff, 0xff, 0xff, 0xff, 0xff, 0xff, 0xff, 0xff, 0xff, 0xff, 0xff, 0xff, 0xff, 0xff, 0xff, 0xdf, 0xff,
    0xff, 0xff, 0xeb, 0x5a, 0x00, 0x00, 0xa8, 0x72, 0xb0, 0xfd, 0x2f, 0xfd, 0x50, 0xfd, 0x2f, 0xfd, 0x4f, 0xfd, 0x50, 0xfd, 0x50, 0xfd, 0x2f, 0xfd, 0x0f, 0xfd, 0x90, 0xfd, 0x8b, 0xa3, 0x00, 0x00, 0x46, 0x8b, 0xe9, 0xfd, 0x67, 0xfd, 0x88, 0xfd,
    0x67, 0xfd, 0x67, 0xfd, 0x47, 0xfd, 0x88, 0xfd, 0x0a, 0xe5, 0xc2, 0x20, 0x00, 0x00, 0x00, 0x00, 0xa1, 0x28, 0xa3, 0x61, 0x44, 0x9a, 0xe5, 0xca, 0x05, 0xeb, 0x07, 0xe4, 0x67, 0x8b, 0x8c, 0xfe, 0x2a, 0xfe, 0x44, 0xfb, 0x44, 0xfb, 0x44, 0xfb,
    0x44, 0xfb, 0x43, 0xfb, 0x24, 0xfb, 0xe5, 0xba, 0x2a, 0xfe, 0x8a, 0xfe, 0x0a, 0xfe, 0x85, 0xfb, 0x24, 0xf3, 0x04, 0xe3, 0xa4, 0xc2, 0x24, 0x92, 0x83, 0x51, 0x81, 0x10, 0x02, 0x29, 0x8a, 0xe5, 0x6b, 0xfe, 0x0a, 0xfe, 0x0a, 0xfe, 0xc9, 0xfd,
    0xa9, 0xfd, 0x88, 0xfd, 0xe9, 0xfd, 0x08, 0xb4, 0x00, 0x00, 0xe9, 0x8a, 0x91, 0xfd, 0x0f, 0xf5, 0x2f, 0xfd, 0x50, 0xfd, 0x50, 0xfd, 0x50, 0xfd, 0x4f, 0xfd, 0x4f, 0xfd, 0x2f, 0xfd, 0xb1, 0xfd, 0xe6, 0x51, 0x00, 0x00, 0x4c, 0x6b, 0xff, 0xff,
    0xdf, 0xff, 0xff, 0xff, 0xff, 0xff, 0xff, 0xff, 0xff, 0xff, 0xff, 0xff, 0xff, 0xff, 0xff, 0xff, 0xff, 0xff, 0xff, 0xff, 0xff, 0xff, 0xff, 0xff, 0xff, 0xff, 0xff, 0xff, 0xff, 0xff, 0xff, 0xff, 0xff, 0xff, 0xff, 0xff, 0xff, 0xff, 0xff, 0xff,
    0xff, 0xff, 0xff, 0xff, 0xff, 0xff, 0xff, 0xff, 0xff, 0xff, 0xff, 0xff, 0xff, 0xff, 0xff, 0xff, 0xff, 0xff, 0xff, 0xff, 0xff, 0xff, 0xff, 0xff, 0xff, 0xff, 0xff, 0xff, 0xff, 0xff, 0xff, 0xff, 0xff, 0xff, 0xff, 0xff, 0xff, 0xff, 0xff, 0xff,
    0xff, 0xff, 0x69, 0x4a, 0x00, 0x00, 0x09, 0x83, 0x90, 0xfd, 0x2f, 0xfd, 0x50, 0xfd, 0x2f, 0xfd, 0x30, 0xfd, 0x4f, 0xfd, 0x50, 0xfd, 0x2f, 0xfd, 0x4f, 0xfd, 0x2f, 0xfd, 0x90, 0xfd, 0x26, 0x62, 0x00, 0x00, 0xa8, 0xcc, 0xa8, 0xfd, 0x47, 0xfd,
    0x47, 0xfd, 0x47, 0xfd, 0x68, 0xfd, 0x48, 0xfd, 0xa9, 0xfd, 0x09, 0xdd, 0xc8, 0x9b, 0xe7, 0xd3, 0x24, 0xfb, 0x65, 0xfb, 0x65, 0xfb, 0x44, 0xfb, 0x03, 0xfb, 0x26, 0xfc, 0x6a, 0xfe, 0x09, 0xfe, 0xc9, 0xf5, 0x24, 0xf3, 0x04, 0xfb, 0x03, 0xfb,
    0x04, 0xfb, 0x04, 0xfb, 0x04, 0xfb, 0xc5, 0xfb, 0xa9, 0xfd, 0xe9, 0xfd, 0x28, 0xfd, 0x03, 0xfb, 0x03, 0xfb, 0x03, 0xfb, 0x24, 0xfb, 0x24, 0xfb, 0xe6, 0xfb, 0x4a, 0xe5, 0x89, 0xed, 0x2a, 0xfe, 0xe9, 0xfd, 0xc9, 0xfd, 0xc9, 0xfd, 0xc9, 0xfd,
    0xa9, 0xfd, 0xa9, 0xfd, 0x6a, 0xf5, 0x61, 0x10, 0x84, 0x41, 0x50, 0xfd, 0x50, 0xfd, 0xb1, 0xfd, 0x70, 0xfd, 0x50, 0xfd, 0x50, 0xfd, 0x50, 0xfd, 0x50, 0xfd, 0x4f, 0xfd, 0x2f, 0xfd, 0xb1, 0xfd, 0x67, 0x62, 0x00, 0x00, 0x89, 0x52, 0xff, 0xff,
    0xff, 0xff, 0xff, 0xff, 0xff, 0xff, 0xff, 0xff, 0xff, 0xff, 0xff, 0xff, 0xff, 0xff, 0xff, 0xff, 0xff, 0xff, 0xff, 0xff, 0xff, 0xff, 0xff, 0xff, 0xff, 0xff, 0xff, 0xff, 0xff, 0xff, 0xff, 0xff, 0xff, 0xff, 0xff, 0xff, 0xff, 0xff, 0xff, 0xff,
    0xff, 0xff, 0xff, 0xff, 0xff, 0xff, 0xff, 0xff, 0xff, 0xff, 0xff, 0xff, 0xff, 0xff, 0xff, 0xff, 0xff, 0xff, 0xff, 0xff, 0xff, 0xff, 0xff, 0xff, 0xff, 0xff, 0xff, 0xff, 0xff, 0xff, 0xff, 0xff, 0xff, 0xff, 0xff, 0xff, 0xff, 0xff, 0xff, 0xff,
    0xff, 0xff, 0xc7, 0x39, 0x00, 0x00, 0x2a, 0x93, 0x90, 0xfd, 0x2f, 0xfd, 0x4f, 0xfd, 0x2f, 0xfd, 0x30, 0xfd, 0x50, 0xfd, 0x50, 0xfd, 0x50, 0xfd, 0xcf, 0xec, 0xce, 0xec, 0x70, 0xfd, 0x70, 0xfd, 0x81, 0x10, 0x02, 0x29, 0xa9, 0xfd, 0x47, 0xfd,
    0x47, 0xfd, 0xa8, 0xfd, 0xc9, 0xfd, 0xc9, 0xfd, 0xe9, 0xfd, 0x09, 0xfe, 0x8b, 0xfe, 0xa7, 0xfc, 0xc3, 0xfa, 0x03, 0xf3, 0x03, 0xf3, 0x04, 0xf3, 0xe3, 0xfa, 0xc5, 0xfb, 0xe9, 0xfd, 0x09, 0xfe, 0xc9, 0xfd, 0x64, 0xfb, 0x24, 0xfb, 0x03, 0xfb,
    0x03, 0xfb, 0x04, 0xfb, 0x04, 0xfb, 0xa5, 0xf3, 0xc9, 0xfd, 0x09, 0xfe, 0x08, 0xfd, 0xe3, 0xfa, 0x03, 0xfb, 0x03, 0xfb, 0xe3, 0xf2, 0xe3, 0xf2, 0x65, 0xf3, 0xc9, 0xfd, 0xc9, 0xfd, 0xc9, 0xfd, 0xc9, 0xfd, 0x0a, 0xfe, 0xea, 0xfd, 0xe9, 0xfd,
    0xa9, 0xfd, 0x0a, 0xfe, 0x04, 0x5a, 0x00, 0x00, 0xce, 0xe4, 0xb1, 0xfd, 0x2d, 0xc4, 0xe6, 0x51, 0x6b, 0x9b, 0xb1, 0xfd, 0x50, 0xfd, 0x50, 0xfd, 0x50, 0xfd, 0x4f, 0xfd, 0x2f, 0xfd, 0xb1, 0xfd, 0x88, 0x72, 0x00, 0x00, 0xc7, 0x39, 0xff, 0xff,
    0xff, 0xff, 0xff, 0xff, 0xff, 0xff, 0xff, 0xff, 0xff, 0xff, 0xff, 0xff, 0xff, 0xff, 0xff, 0xff, 0xff, 0xff, 0xff, 0xff, 0xff, 0xff, 0xff, 0xff, 0xff, 0xff, 0xff, 0xff, 0xff, 0xff, 0xff, 0xff, 0xff, 0xff, 0xff, 0xff, 0xff, 0xff, 0xff, 0xff,
    0xff, 0xff, 0xff, 0xff, 0xff, 0xff, 0xff, 0xff, 0xff, 0xff, 0xff, 0xff, 0xff, 0xff, 0xff, 0xff, 0xff, 0xff, 0xff, 0xff, 0xff, 0xff, 0xff, 0xff, 0xff, 0xff, 0xff, 0xff, 0xff, 0xff, 0xff, 0xff, 0xff, 0xff, 0xff, 0xff, 0xff, 0xff, 0xff, 0xff,
    0xff, 0xff, 0x86, 0x31, 0x00, 0x00, 0x4a, 0x93, 0x90, 0xfd, 0x0e, 0xfd, 0x2f, 0xfd, 0x2f, 0xfd, 0x30, 0xfd, 0x30, 0xfd, 0x30, 0xfd, 0x91, 0xfd, 0xc8, 0x72, 0x61, 0x10, 0x44, 0x39, 0x4c, 0xc4, 0x4c, 0xbc, 0x00, 0x00, 0x46, 0x93, 0xe9, 0xfd,
    0xa8, 0xfd, 0xe9, 0xfd, 0xe9, 0xfd, 0xe9, 0xfd, 0xe9, 0xfd, 0xc9, 0xfd, 0x0a, 0xfe, 0xa7, 0xf4, 0xc3, 0xfa, 0x04, 0xfb, 0x24, 0xfb, 0x23, 0xfb, 0x03, 0xfb, 0xa4, 0xfb, 0xe9, 0xfd, 0x09, 0xfe, 0xc9, 0xfd, 0x64, 0xfb, 0x24, 0xfb, 0x03, 0xfb,
    0x03, 0xfb, 0x04, 0xfb, 0xe4, 0xfa, 0xe5, 0xfb, 0xe9, 0xfd, 0x0a, 0xfe, 0xa7, 0xf4, 0xc3, 0xfa, 0x03, 0xfb, 0x03, 0xfb, 0x03, 0xfb, 0xc3, 0xfa, 0xe5, 0xf3, 0xc9, 0xfd, 0xa9, 0xfd, 0xc9, 0xfd, 0xc9, 0xfd, 0xe9, 0xfd, 0xe9, 0xfd, 0xc9, 0xfd,
    0xe9, 0xfd, 0x09, 0xdd, 0x00, 0x00, 0x88, 0x9b, 0x8f, 0xf5, 0x06, 0x5a, 0x61, 0x08, 0xe6, 0x51, 0xaf, 0xd4, 0x71, 0xfd, 0x50, 0xfd, 0x50, 0xfd, 0x50, 0xfd, 0x2f, 0xfd, 0x0f, 0xfd, 0x91, 0xfd, 0x88, 0x72, 0x00, 0x00, 0xa6, 0x31, 0xff, 0xff,
    0xff, 0xff, 0xff, 0xff, 0xff, 0xff, 0xff, 0xff, 0xff, 0xff, 0xff, 0xff, 0xff, 0xff, 0xff, 0xff, 0xff, 0xff, 0xff, 0xff, 0xff, 0xff, 0xff, 0xff, 0xff, 0xff, 0xff, 0xff, 0xff, 0xff, 0xff, 0xff, 0xff, 0xff, 0xff, 0xff, 0xff, 0xff, 0xff, 0xff,
    0xff, 0xff, 0xff, 0xff, 0xff, 0xff, 0xff, 0xff, 0xff, 0xff, 0xff, 0xff, 0xff, 0xff, 0xff, 0xff, 0xff, 0xff, 0xff, 0xff, 0xff, 0xff, 0xff, 0xff, 0xff, 0xff, 0xff, 0xff, 0xff, 0xff, 0xff, 0xff, 0xff, 0xff, 0xff, 0xff, 0xff, 0xff, 0xff, 0xff,
    0xff, 0xff, 0x85, 0x31, 0x00, 0x00, 0x6a, 0x9b, 0x90, 0xfd, 0x2f, 0xfd, 0x2f, 0xfd, 0x2f, 0xfd, 0x2f, 0xfd, 0x30, 0xfd, 0x50, 0xfd, 0x91, 0xfd, 0xb1, 0xfd, 0xae, 0xcc, 0x47, 0x5a, 0x00, 0x00, 0x4b, 0xb4, 0x88, 0x8b, 0x48, 0xb4, 0x29, 0xfe,
    0xc9, 0xfd, 0xe9, 0xfd, 0xe9, 0xfd, 0xe9, 0xfd, 0xe9, 0xfd, 0xe9, 0xfd, 0x2a, 0xfe, 0x69, 0xf5, 0xe3, 0xf2, 0x03, 0xfb, 0x03, 0xfb, 0x24, 0xfb, 0x04, 0xfb, 0x84, 0xfb, 0xc9, 0xfd, 0x09, 0xfe, 0xe9, 0xfd, 0xe5, 0xfb, 0x04, 0xfb, 0x03, 0xfb,
    0x03, 0xfb, 0x03, 0xfb, 0xe3, 0xfa, 0x46, 0xfc, 0x0a, 0xfe, 0x2a, 0xfe, 0xc7, 0xf4, 0xe3, 0xfa, 0x03, 0xfb, 0x03, 0xfb, 0x03, 0xfb, 0xc3, 0xfa, 0x05, 0xf4, 0xe9, 0xfd, 0xc9, 0xfd, 0xc9, 0xfd, 0xc9, 0xfd, 0xc9, 0xfd, 0xc9, 0xfd, 0xc9, 0xfd,
    0xc9, 0xfd, 0xa9, 0xf5, 0xc9, 0xcc, 0x4c, 0xfe, 0x07, 0x83, 0xa4, 0x41, 0x0d, 0xdd, 0x33, 0xfe, 0xd2, 0xfd, 0xb2, 0xfd, 0x91, 0xfd, 0x50, 0xfd, 0x50, 0xfd, 0x4f, 0xfd, 0x0f, 0xfd, 0x90, 0xfd, 0x88, 0x72, 0x00, 0x00, 0x86, 0x31, 0xff, 0xff,
    0xff, 0xff, 0xff, 0xff, 0xff, 0xff, 0xff, 0xff, 0xff, 0xff, 0xff, 0xff, 0xff, 0xff, 0xff, 0xff, 0xff, 0xff, 0xff, 0xff, 0xff, 0xff, 0xff, 0xff, 0xff, 0xff, 0xff, 0xff, 0xff, 0xff, 0xff, 0xff, 0xff, 0xff, 0xff, 0xff, 0xff, 0xff, 0xff, 0xff,
    0xff, 0xff, 0xff, 0xff, 0xff, 0xff, 0xff, 0xff, 0xff, 0xff, 0xff, 0xff, 0xff, 0xff, 0xff, 0xff, 0xff, 0xff, 0xff, 0xff, 0xff, 0xff, 0xff, 0xff, 0xff, 0xff, 0xff, 0xff, 0xff, 0xff, 0xff, 0xff, 0xff, 0xff, 0xff, 0xff, 0xff, 0xff, 0xff, 0xff,
    0xff, 0xff, 0x65, 0x29, 0x00, 0x00, 0x8b, 0xa3, 0x90, 0xfd, 0x0f, 0xfd, 0x2f, 0xfd, 0x2f, 0xfd, 0x0f, 0xfd, 0x2f, 0xfd, 0xae, 0xe4, 0x4e, 0xc4, 0x4d, 0xc4, 0x0f, 0xed, 0x30, 0xfe, 0xec, 0xd4, 0x09, 0xdd, 0x4a, 0xfe, 0x09, 0xfe, 0xc9, 0xfd,
    0xe9, 0xfd, 0xe9, 0xfd, 0xc9, 0xfd, 0xe9, 0xfd, 0xe9, 0xfd, 0xe9, 0xfd, 0x09, 0xfe, 0xc9, 0xfd, 0x43, 0xfb, 0xe3, 0xfa, 0x03, 0xfb, 0x03, 0xfb, 0x24, 0xfb, 0x85, 0xf3, 0xa8, 0xfd, 0x09, 0xfe, 0x29, 0xfe, 0x05, 0xf4, 0xe3, 0xfa, 0x03, 0xfb,
    0x03, 0xfb, 0x03, 0xfb, 0xe3, 0xfa, 0x86, 0xfc, 0x0a, 0xfe, 0x2a, 0xfe, 0xa7, 0xf4, 0xe3, 0xf2, 0x24, 0xfb, 0x03, 0xfb, 0xe3, 0xfa, 0xc3, 0xf2, 0xc7, 0xf4, 0x09, 0xfe, 0xc9, 0xfd, 0xe9, 0xfd, 0xc9, 0xfd, 0xc9, 0xfd, 0xc9, 0xfd, 0xc9, 0xfd,
    0xc9, 0xfd, 0xc9, 0xfd, 0x09, 0xfe, 0xc9, 0xfd, 0x8a, 0xf5, 0x0b, 0xfe, 0x2c, 0xf5, 0x07, 0x5a, 0x44, 0x39, 0x64, 0x39, 0xab, 0xab, 0x91, 0xfd, 0x30, 0xfd, 0x50, 0xfd, 0x0f, 0xfd, 0x90, 0xfd, 0x47, 0x6a, 0x00, 0x00, 0xa6, 0x39, 0xff, 0xff,
    0xff, 0xff, 0xff, 0xff, 0xff, 0xff, 0xff, 0xff, 0xff, 0xff, 0xff, 0xff, 0xff, 0xff, 0xff, 0xff, 0xff, 0xff, 0xff, 0xff, 0xff, 0xff, 0xff, 0xff, 0xff, 0xff, 0xff, 0xff, 0xff, 0xff, 0xff, 0xff, 0xff, 0xff, 0xff, 0xff, 0xff, 0xff, 0xff, 0xff,
    0xff, 0xff, 0xff, 0xff, 0xff, 0xff, 0xff, 0xff, 0xff, 0xff, 0xff, 0xff, 0xff, 0xff, 0xff, 0xff, 0xff, 0xff, 0xff, 0xff, 0xff, 0xff, 0xff, 0xff, 0xff, 0xff, 0xff, 0xff, 0xff, 0xff, 0xff, 0xff, 0xff, 0xff, 0xff, 0xff, 0xff, 0xff, 0xff, 0xff,
    0xff, 0xff, 0x85, 0x31, 0x00, 0x00, 0x6a, 0x9b, 0x90, 0xfd, 0x2f, 0xfd, 0x2f, 0xfd, 0x0f, 0xfd, 0x0f, 0xfd, 0x30, 0xfd, 0xe6, 0x51, 0x61, 0x08, 0x61, 0x08, 0xe5, 0x51, 0x8b, 0xed, 0x0a, 0xfe, 0xe9, 0xfd, 0xa8, 0xfd, 0xc9, 0xfd, 0xe9, 0xfd,
    0xe9, 0xfd, 0xc9, 0xfd, 0xe9, 0xfd, 0xe9, 0xfd, 0xe9, 0xfd, 0xe9, 0xfd, 0x09, 0xfe, 0x09, 0xfe, 0xa4, 0xfb, 0xe3, 0xfa, 0x03, 0xfb, 0xe3, 0xfa, 0x03, 0xfb, 0x85, 0xf3, 0xc9, 0xfd, 0x09, 0xfe, 0x2a, 0xfe, 0x66, 0xf4, 0xe3, 0xfa, 0x03, 0xfb,
    0x03, 0xfb, 0x03, 0xfb, 0x03, 0xfb, 0xe7, 0xfc, 0x09, 0xfe, 0x2a, 0xfe, 0x87, 0xf4, 0xc3, 0xf2, 0x03, 0xfb, 0xe3, 0xfa, 0xe3, 0xfa, 0x64, 0xf3, 0xa9, 0xfd, 0xe9, 0xfd, 0xc9, 0xfd, 0xe9, 0xfd, 0xe9, 0xfd, 0xe9, 0xfd, 0xc9, 0xfd, 0xc9, 0xfd,
    0xc9, 0xfd, 0xc9, 0xfd, 0xc9, 0xfd, 0xc9, 0xfd, 0xc9, 0xfd, 0xa9, 0xfd, 0x4a, 0xed, 0xa9, 0x9b, 0x29, 0x8b, 0xc9, 0x7a, 0x4d, 0xc4, 0x90, 0xfd, 0x50, 0xfd, 0x50, 0xfd, 0x0f, 0xfd, 0x90, 0xfd, 0x06, 0x5a, 0x00, 0x00, 0x08, 0x42, 0xff, 0xff,
    0xff, 0xff, 0xff, 0xff, 0xff, 0xff, 0xff, 0xff, 0xff, 0xff, 0xff, 0xff, 0xff, 0xff, 0xff, 0xff, 0xff, 0xff, 0xff, 0xff, 0xff, 0xff, 0xff, 0xff, 0xff, 0xff, 0xff, 0xff, 0xff, 0xff, 0xff, 0xff, 0xff, 0xff, 0xff, 0xff, 0xff, 0xff, 0xff, 0xff,
    0xff, 0xff, 0xff, 0xff, 0xff, 0xff, 0xff, 0xff, 0xff, 0xff, 0xff, 0xff, 0xff, 0xff, 0xff, 0xff, 0xff, 0xff, 0xff, 0xff, 0xff, 0xff, 0xff, 0xff, 0xff, 0xff, 0xff, 0xff, 0xff, 0xff, 0xff, 0xff, 0xff, 0xff, 0xff, 0xff, 0xff, 0xff, 0xff, 0xff,
    0xff, 0xff, 0x85, 0x31, 0x00, 0x00, 0x09, 0x8b, 0x90, 0xfd, 0x2f, 0xfd, 0x30, 0xfd, 0x2f, 0xfd, 0x30, 0xfd, 0x2f, 0xfd, 0xef, 0xf4, 0xed, 0xec, 0x4b, 0xe5, 0xaa, 0xf5, 0xc9, 0xfd, 0xa9, 0xfd, 0xc9, 0xfd, 0xc9, 0xfd, 0xc9, 0xfd, 0xe9, 0xfd,
    0xc9, 0xfd, 0xc9, 0xfd, 0xe9, 0xfd, 0xe9, 0xfd, 0xe9, 0xfd, 0xe9, 0xfd, 0x09, 0xfe, 0x29, 0xfe, 0x86, 0xfc, 0xe3, 0xfa, 0x03, 0xfb, 0x03, 0xfb, 0x24, 0xfb, 0x85, 0xf3, 0xa9, 0xfd, 0xe9, 0xfd, 0x2a, 0xfe, 0xc7, 0xf4, 0xe3, 0xfa, 0x03, 0xfb,
    0x03, 0xfb, 0x23, 0xfb, 0x44, 0xf3, 0x68, 0xfd, 0xe9, 0xfd, 0x29, 0xfe, 0x66, 0xf4, 0xc3, 0xfa, 0xe3, 0xfa, 0xe3, 0xfa, 0xe3, 0xf2, 0x46, 0xf4, 0xe9, 0xfd, 0xc8, 0xfd, 0xc9, 0xfd, 0xc9, 0xfd, 0xe9, 0xfd, 0xe9, 0xfd, 0xe9, 0xfd, 0xe9, 0xfd,
    0xe9, 0xfd, 0xc9, 0xfd, 0xc9, 0xfd, 0xc9, 0xfd, 0xa8, 0xfd, 0xa9, 0xfd, 0xc9, 0xfd, 0x0a, 0xfe, 0x0c, 0xfe, 0xef, 0xfd, 0x91, 0xfd, 0x50, 0xfd, 0x70, 0xfd, 0x30, 0xfd, 0x0f, 0xfd, 0x70, 0xfd, 0xa5, 0x49, 0x00, 0x00, 0xca, 0x5a, 0xff, 0xff,
    0xff, 0xff, 0xff, 0xff, 0xff, 0xff, 0xff, 0xff, 0xff, 0xff, 0xff, 0xff, 0xff, 0xff, 0xff, 0xff, 0xff, 0xff, 0xff, 0xff, 0xff, 0xff, 0xff, 0xff, 0xff, 0xff, 0xff, 0xff, 0xff, 0xff, 0xff, 0xff, 0xff, 0xff, 0xff, 0xff, 0xff, 0xff, 0xff, 0xff,
    0xff, 0xff, 0xff, 0xff, 0xff, 0xff, 0xff, 0xff, 0xff, 0xff, 0xff, 0xff, 0xff, 0xff, 0xff, 0xff, 0xff, 0xff, 0xff, 0xff, 0xff, 0xff, 0xff, 0xff, 0xff, 0xff, 0xff, 0xff, 0xff, 0xff, 0xff, 0xff, 0xff, 0xff, 0xff, 0xff, 0xff, 0xff, 0xff, 0xff,
    0xff, 0xff, 0xc7, 0x39, 0x00, 0x00, 0x67, 0x72, 0xb1, 0xfd, 0x2f, 0xfd, 0x2f, 0xfd, 0x2f, 0xfd, 0x2f, 0xfd, 0x0f, 0xfd, 0x6e, 0xfd, 0xca, 0xfd, 0xe9, 0xfd, 0xc9, 0xfd, 0xc9, 0xfd, 0xc9, 0xfd, 0xc9, 0xfd, 0xc9, 0xfd, 0xc9, 0xfd, 0xc9, 0xfd,
    0xc9, 0xfd, 0xc9, 0xfd, 0xc9, 0xfd, 0xc9, 0xfd, 0xc9, 0xfd, 0xe9, 0xfd, 0xc9, 0xfd, 0xe9, 0xfd, 0x69, 0xfd, 0x24, 0xf3, 0x03, 0xfb, 0x03, 0xfb, 0x44, 0xfb, 0xa5, 0xfb, 0xc9, 0xfd, 0xe9, 0xfd, 0x09, 0xfe, 0x48, 0xf5, 0x23, 0xf3, 0xe3, 0xfa,
    0x24, 0xfb, 0x23, 0xfb, 0x44, 0xf3, 0x88, 0xfd, 0xe9, 0xfd, 0x29, 0xfe, 0x26, 0xf4, 0xc3, 0xfa, 0x03, 0xfb, 0x03, 0xfb, 0xe3, 0xf2, 0x07, 0xfd, 0xe9, 0xfd, 0xc9, 0xfd, 0xc9, 0xfd, 0xea, 0xfd, 0xea, 0xfd, 0xc9, 0xfd, 0xc9, 0xfd, 0xe9, 0xfd,
    0xe9, 0xfd, 0xe9, 0xfd, 0xc9, 0xfd, 0xc9, 0xfd, 0xc9, 0xfd, 0xc9, 0xfd, 0xa8, 0xfd, 0xa8, 0xfd, 0xa8, 0xfd, 0x88, 0xfd, 0x6c, 0xfd, 0x70, 0xfd, 0x50, 0xfd, 0x2f, 0xfd, 0x2f, 0xfd, 0x2f, 0xfd, 0x44, 0x39, 0x00, 0x00, 0x6d, 0x6b, 0xff, 0xff,
    0xdf, 0xff, 0xff, 0xff, 0xff, 0xff, 0xdf, 0xff, 0xff, 0xff, 0x17, 0xc6, 0x34, 0xa5, 0xff, 0xff, 0xff, 0xff, 0xff, 0xff, 0xff, 0xff, 0xff, 0xff, 0xff, 0xff, 0xff, 0xff, 0xff, 0xff, 0xff, 0xff, 0xff, 0xff, 0xff, 0xff, 0xff, 0xff, 0xff, 0xff,
    0xff, 0xff, 0xff, 0xff, 0xff, 0xff, 0xff, 0xff, 0xff, 0xff, 0xff, 0xff, 0xff, 0xff, 0xff, 0xff, 0xff, 0xff, 0xff, 0xff, 0xff, 0xff, 0xff, 0xff, 0xff, 0xff, 0xff, 0xff, 0xff, 0xff, 0xff, 0xff, 0xff, 0xff, 0xff, 0xff, 0xff, 0xff, 0xff, 0xff,
    0xff, 0xff, 0x69, 0x4a, 0x00, 0x00, 0xc5, 0x49, 0x90, 0xfd, 0x2f, 0xfd, 0x2f, 0xfd, 0x2f, 0xfd, 0x30, 0xfd, 0x8d, 0xfd, 0xc9, 0xfd, 0xc9, 0xfd, 0xc9, 0xfd, 0xc9, 0xfd, 0xc9, 0xfd, 0xc9, 0xfd, 0xc9, 0xfd, 0xc9, 0xfd, 0xc9, 0xfd, 0xc8, 0xfd,
    0xc8, 0xfd, 0xc9, 0xfd, 0xe9, 0xfd, 0xc9, 0xfd, 0xe9, 0xfd, 0xc9, 0xfd, 0xc9, 0xfd, 0xc9, 0xfd, 0xe9, 0xfd, 0x06, 0xf4, 0x03, 0xfb, 0x44, 0xfb, 0x44, 0xfb, 0x26, 0xfc, 0x09, 0xfe, 0xe8, 0xfd, 0x09, 0xfe, 0xc9, 0xfd, 0x64, 0xf3, 0xc3, 0xfa,
    0x24, 0xfb, 0x23, 0xfb, 0xa5, 0xfb, 0xc9, 0xfd, 0xc9, 0xfd, 0x2a, 0xfe, 0x46, 0xf4, 0xe3, 0xf2, 0x24, 0xfb, 0xc3, 0xf2, 0xc5, 0xf3, 0xe9, 0xfd, 0xc9, 0xfd, 0xc9, 0xfd, 0xc9, 0xfd, 0xea, 0xfd, 0xea, 0xfd, 0xc9, 0xfd, 0xc9, 0xfd, 0xe9, 0xfd,
    0xe9, 0xfd, 0xe9, 0xfd, 0xe9, 0xfd, 0xc9, 0xfd, 0xc9, 0xfd, 0xc9, 0xfd, 0xc8, 0xfd, 0xc8, 0xfd, 0xc8, 0xfd, 0xc8, 0xfd, 0xa8, 0xfd, 0xaa, 0xfd, 0x6f, 0xfd, 0x50, 0xfd, 0x4f, 0xfd, 0xef, 0xec, 0xa2, 0x18, 0x00, 0x00, 0x92, 0x94, 0xff, 0xff,
    0xdf, 0xff, 0xff, 0xff, 0xdf, 0xff, 0xff, 0xff, 0x75, 0xad, 0x00, 0x00, 0x14, 0xa5, 0xff, 0xff, 0xff, 0xff, 0xff, 0xff, 0xff, 0xff, 0xff, 0xff, 0xff, 0xff, 0xff, 0xff, 0xff, 0xff, 0xff, 0xff, 0xff, 0xff, 0xff, 0xff, 0xff, 0xff, 0xff, 0xff,
    0xff, 0xff, 0xff, 0xff, 0xff, 0xff, 0xff, 0xff, 0xff, 0xff, 0xff, 0xff, 0xff, 0xff, 0xff, 0xff, 0xff, 0xff, 0xff, 0xff, 0xff, 0xff, 0xff, 0xff, 0xff, 0xff, 0xff, 0xff, 0xff, 0xff, 0xff, 0xff, 0xff, 0xff, 0xff, 0xff, 0xff, 0xff, 0xdf, 0xff,
    0xff, 0xff, 0x2c, 0x63, 0x00, 0x00, 0x24, 0x31, 0x50, 0xfd, 0x2f, 0xfd, 0x2f, 0xfd, 0x4f, 0xfd, 0xac, 0xfd, 0xc8, 0xfd, 0xc8, 0xfd, 0xc9, 0xfd, 0xc9, 0xfd, 0xc9, 0xfd, 0xc9, 0xfd, 0xc8, 0xfd, 0xc9, 0xfd, 0xc9, 0xfd, 0xc9, 0xfd, 0xc9, 0xfd,
    0xc8, 0xfd, 0xc9, 0xfd, 0xc9, 0xfd, 0xc9, 0xfd, 0xc9, 0xfd, 0xc9, 0xfd, 0xc9, 0xfd, 0xc8, 0xfd, 0x09, 0xfe, 0x68, 0xf5, 0x23, 0xf3, 0x03, 0xfb, 0x23, 0xfb, 0xa7, 0xfc, 0x09, 0xfe, 0xe8, 0xfd, 0x09, 0xfe, 0xc9, 0xfd, 0x64, 0xf3, 0xe3, 0xfa,
    0x23, 0xfb, 0xe3, 0xfa, 0x26, 0xfc, 0xe9, 0xfd, 0xc8, 0xfd, 0x09, 0xfe, 0xe7, 0xf4, 0xe3, 0xf2, 0xe3, 0xf2, 0x44, 0xf3, 0x89, 0xfd, 0xe9, 0xfd, 0xc9, 0xfd, 0xe9, 0xfd, 0xe9, 0xfd, 0xe9, 0xfd, 0xca, 0xfd, 0xea, 0xfd, 0xe9, 0xfd, 0xe9, 0xfd,
    0xe9, 0xfd, 0xe9, 0xfd, 0xe9, 0xfd, 0xc9, 0xfd, 0xc9, 0xfd, 0xc9, 0xfd, 0xc9, 0xfd, 0xc8, 0xfd, 0xc8, 0xfd, 0xc8, 0xfd, 0xc9, 0xfd, 0xa8, 0xfd, 0xa9, 0xfd, 0x4d, 0xfd, 0x90, 0xfd, 0xae, 0xdc, 0x20, 0x00, 0x00, 0x00, 0xd7, 0xbd, 0xff, 0xff,
    0xff, 0xff, 0xff, 0xff, 0xff, 0xff, 0x34, 0xa5, 0x00, 0x00, 0x95, 0xb5, 0xff, 0xff, 0xff, 0xff, 0xff, 0xff, 0xff, 0xff, 0xff, 0xff, 0xff, 0xff, 0xff, 0xff, 0xff, 0xff, 0xff, 0xff, 0xff, 0xff, 0xff, 0xff, 0xff, 0xff, 0xff, 0xff, 0xff, 0xff,
    0xff, 0xff, 0xff, 0xff, 0xff, 0xff, 0xff, 0xff, 0xff, 0xff, 0xff, 0xff, 0xff, 0xff, 0xff, 0xff, 0xff, 0xff, 0xff, 0xff, 0xff, 0xff, 0xff, 0xff, 0xd2, 0x9c, 0x91, 0x94, 0xff, 0xff, 0xff, 0xff, 0xff, 0xff, 0xff, 0xff, 0xff, 0xff, 0xdf, 0xff,
    0xff, 0xff, 0x91, 0x94, 0x00, 0x00, 0x81, 0x10, 0x0f, 0xed, 0xd1, 0xfd, 0x4e, 0xfd, 0xaa, 0xfd, 0xc8, 0xfd, 0xa8, 0xfd, 0xc9, 0xfd, 0xc9, 0xfd, 0xc9, 0xfd, 0xc8, 0xfd, 0xc9, 0xfd, 0xe9, 0xfd, 0xc9, 0xfd, 0xc9, 0xfd, 0xc9, 0xfd, 0xc9, 0xfd,
    0xc9, 0xfd, 0xc9, 0xfd, 0xc9, 0xfd, 0xc9, 0xfd, 0xc9, 0xfd, 0xe9, 0xfd, 0xc9, 0xfd, 0xc9, 0xfd, 0xe8, 0xfd, 0x09, 0xfe, 0x08, 0xf5, 0xe5, 0xfb, 0x46, 0xf4, 0xe9, 0xfd, 0xe9, 0xfd, 0xe9, 0xfd, 0xe9, 0xfd, 0x09, 0xfe, 0x26, 0xf4, 0x23, 0xfb,
    0x24, 0xfb, 0x03, 0xfb, 0xe7, 0xfc, 0xe9, 0xfd, 0xc8, 0xfd, 0xc9, 0xfd, 0xc9, 0xfd, 0xe5, 0xf3, 0x84, 0xeb, 0x69, 0xf5, 0x09, 0xfe, 0xe9, 0xfd, 0xe9, 0xfd, 0xe9, 0xfd, 0xe9, 0xfd, 0xe9, 0xfd, 0xc9, 0xfd, 0xc9, 0xfd, 0xc9, 0xfd, 0xc9, 0xfd,
    0x0a, 0xfe, 0xe9, 0xfd, 0xe9, 0xfd, 0xe9, 0xfd, 0xc9, 0xfd, 0xc9, 0xfd, 0xc9, 0xfd, 0xc9, 0xfd, 0xc9, 0xfd, 0xc9, 0xfd, 0xc9, 0xfd, 0xc9, 0xfd, 0xa8, 0xfd, 0xaa, 0xfd, 0x05, 0x5a, 0xc5, 0x49, 0x00, 0x00, 0x81, 0x08, 0x3c, 0xe7, 0xff, 0xff,
    0xdf, 0xff, 0xff, 0xff, 0x38, 0xc6, 0x82, 0x10, 0xd7, 0xbd, 0xff, 0xff, 0xdf, 0xff, 0xdf, 0xff, 0xff, 0xff, 0xff, 0xff, 0xff, 0xff, 0xff, 0xff, 0xff, 0xff, 0xff, 0xff, 0xff, 0xff, 0xff, 0xff, 0xff, 0xff, 0xff, 0xff, 0xff, 0xff, 0xff, 0xff,
    0xff, 0xff, 0xff, 0xff, 0xff, 0xff, 0xff, 0xff, 0xff, 0xff, 0xff, 0xff, 0xff, 0xff, 0xff, 0xff, 0xff, 0xff, 0xff, 0xff, 0xff, 0xff, 0xff, 0xff, 0x79, 0xce, 0x81, 0x10, 0x0b, 0x63, 0xff, 0xff, 0xff, 0xff, 0xff, 0xff, 0xff, 0xff, 0xff, 0xff,
    0xff, 0xff, 0x18, 0xc6, 0x00, 0x00, 0x00, 0x00, 0x2c, 0xb4, 0x6a, 0x9b, 0x28, 0xed, 0xc8, 0xfd, 0xa9, 0xfd, 0xc9, 0xfd, 0xe9, 0xfd, 0xc9, 0xfd, 0xc9, 0xfd, 0xea, 0xfd, 0xe9, 0xfd, 0xc9, 0xfd, 0xc8, 0xfd, 0xc8, 0xfd, 0xc8, 0xfd, 0xc8, 0xfd,
    0xc8, 0xfd, 0xc8, 0xfd, 0xc9, 0xfd, 0xc9, 0xfd, 0xc9, 0xfd, 0xc9, 0xfd, 0xc9, 0xfd, 0xe9, 0xfd, 0xc9, 0xfd, 0xe9, 0xfd, 0x29, 0xfe, 0x89, 0xed, 0x09, 0xfe, 0x09, 0xfe, 0xe9, 0xfd, 0xe9, 0xfd, 0xe9, 0xfd, 0x09, 0xfe, 0xe7, 0xf4, 0x03, 0xfb,
    0x24, 0xfb, 0x64, 0xfb, 0xa8, 0xfd, 0xe9, 0xfd, 0xc9, 0xfd, 0xc9, 0xfd, 0xc9, 0xfd, 0xe9, 0xfd, 0x0a, 0xfe, 0xe9, 0xfd, 0xe9, 0xfd, 0xe9, 0xfd, 0xe9, 0xfd, 0xe9, 0xfd, 0xe9, 0xfd, 0xe9, 0xfd, 0xe9, 0xfd, 0xa9, 0xfd, 0xe9, 0xfd, 0x2a, 0xfe,
    0xea, 0xfd, 0xe9, 0xfd, 0xe9, 0xfd, 0xe9, 0xfd, 0xe9, 0xfd, 0xe9, 0xfd, 0xe9, 0xfd, 0xc9, 0xfd, 0xc9, 0xfd, 0xc9, 0xfd, 0xc9, 0xfd, 0x0a, 0xfe, 0xca, 0xfd, 0xe9, 0xfd, 0x69, 0xb4, 0x00, 0x00, 0x00, 0x00, 0x65, 0x29, 0xff, 0xff, 0xff, 0xff,
    0xff, 0xff, 0xff, 0xff, 0xfb, 0xde, 0x1b, 0xe7, 0xff, 0xff, 0xde, 0xff, 0xff, 0xff, 0xff, 0xff, 0xff, 0xff, 0xff, 0xff, 0xff, 0xff, 0xff, 0xff, 0xff, 0xff, 0xff, 0xff, 0xff, 0xff, 0xff, 0xff, 0xff, 0xff, 0xff, 0xff, 0xff, 0xff, 0xff, 0xff,
    0xff, 0xff, 0xff, 0xff, 0xff, 0xff, 0xff, 0xff, 0xff, 0xff, 0xff, 0xff, 0xff, 0xff, 0xff, 0xff, 0xff, 0xff, 0xff, 0xff, 0xff, 0xff, 0xff, 0xff, 0xff, 0xff, 0x1b, 0xe7, 0xe3, 0x18, 0x28, 0x42, 0xdf, 0xff, 0xff, 0xff, 0xff, 0xff, 0xff, 0xff,
    0xff, 0xff, 0x9e, 0xf7, 0x03, 0x19, 0x00, 0x00, 0x20, 0x00, 0x63, 0x31, 0xad, 0xf6, 0x4b, 0xfe, 0xc9, 0xfd, 0xc9, 0xfd, 0xc9, 0xfd, 0xc9, 0xfd, 0xea, 0xfd, 0xea, 0xfd, 0xc9, 0xfd, 0xc9, 0xfd, 0xc9, 0xfd, 0xc9, 0xfd, 0xe8, 0xfd, 0xc9, 0xfd,
    0xe9, 0xfd, 0x4a, 0xfe, 0xe9, 0xfd, 0xc9, 0xfd, 0xc9, 0xfd, 0xc9, 0xfd, 0xe9, 0xfd, 0xc9, 0xfd, 0xe9, 0xfd, 0xa8, 0xfd, 0x09, 0xfe, 0xc8, 0xc4, 0x87, 0x9b, 0xe9, 0xfd, 0xe9, 0xfd, 0xe9, 0xfd, 0xe9, 0xfd, 0xe9, 0xfd, 0xca, 0xfd, 0x06, 0xf4,
    0xe3, 0xfa, 0xc6, 0xfc, 0xe9, 0xfd, 0xc9, 0xfd, 0xe9, 0xfd, 0xc9, 0xfd, 0xe9, 0xfd, 0xc9, 0xf5, 0x28, 0xb4, 0xa9, 0xf5, 0xe9, 0xfd, 0xe9, 0xfd, 0xe9, 0xfd, 0xe9, 0xfd, 0xe9, 0xfd, 0xe9, 0xfd, 0xc9, 0xfd, 0x4a, 0xfe, 0x29, 0xdd, 0x07, 0xac,
    0x0a, 0xfe, 0xe9, 0xfd, 0xe9, 0xfd, 0xe9, 0xfd, 0xe9, 0xfd, 0xe9, 0xfd, 0xe9, 0xfd, 0xe9, 0xfd, 0xc9, 0xfd, 0xc9, 0xfd, 0xc9, 0xfd, 0xc9, 0xfd, 0xea, 0xfd, 0xca, 0xfd, 0x0a, 0xfe, 0xca, 0xcc, 0xa2, 0x10, 0x00, 0x00, 0xeb, 0x5a, 0xff, 0xff,
    0xff, 0xff, 0xff, 0xff, 0xff, 0xff, 0xff, 0xff, 0xff, 0xff, 0xff, 0xff, 0xbe, 0xf7, 0x51, 0x8c, 0x54, 0xad, 0xff, 0xff, 0xff, 0xff, 0xff, 0xff, 0xff, 0xff, 0xff, 0xff, 0xff, 0xff, 0xff, 0xff, 0xff, 0xff, 0xff, 0xff, 0xff, 0xff, 0xff, 0xff,
    0xff, 0xff, 0xff, 0xff, 0xff, 0xff, 0xff, 0xff, 0xff, 0xff, 0xff, 0xff, 0xff, 0xff, 0xff, 0xff, 0xff, 0xff, 0xff, 0xff, 0xff, 0xff, 0xff, 0xff, 0xff, 0xff, 0xff, 0xff, 0x9e, 0xf7, 0x86, 0x31, 0x48, 0x4a, 0xff, 0xff, 0xff, 0xff, 0xff, 0xff,
    0xff, 0xff, 0xdf, 0xff, 0x86, 0x31, 0x00, 0x00, 0x43, 0x31, 0x50, 0xef, 0x6f, 0xff, 0xe9, 0xfd, 0xc8, 0xfd, 0xc8, 0xfd, 0xc9, 0xfd, 0xc9, 0xfd, 0xc9, 0xfd, 0xc9, 0xfd, 0xc9, 0xfd, 0xc9, 0xfd, 0xc9, 0xfd, 0xc8, 0xfd, 0x88, 0xf5, 0x29, 0xfe,
    0x07, 0xac, 0x64, 0x62, 0xca, 0xf5, 0x29, 0xfe, 0xc9, 0xfd, 0xc9, 0xfd, 0xc9, 0xfd, 0xc9, 0xfd, 0xc9, 0xfd, 0x6c, 0xfe, 0xea, 0xfd, 0x29, 0xfe, 0x88, 0xc4, 0xe7, 0xab, 0x09, 0xfe, 0xe8, 0xfd, 0xe9, 0xfd, 0xe9, 0xfd, 0xea, 0xfd, 0xca, 0xfd,
    0x08, 0xfd, 0xc9, 0xfd, 0xe9, 0xfd, 0xe9, 0xfd, 0xe9, 0xfd, 0xe9, 0xfd, 0xa9, 0xed, 0x26, 0x83, 0xe8, 0xcc, 0x09, 0xfe, 0xc8, 0xfd, 0xe9, 0xfd, 0xe9, 0xfd, 0xe9, 0xfd, 0xc9, 0xfd, 0xc9, 0xfd, 0x4a, 0xfe, 0x28, 0xac, 0x41, 0x08, 0x67, 0x8b,
    0x4a, 0xfe, 0xc9, 0xfd, 0xc9, 0xfd, 0xe9, 0xfd, 0xea, 0xfd, 0xe9, 0xfd, 0xe9, 0xfd, 0xe9, 0xfd, 0xc9, 0xfd, 0xc9, 0xfd, 0xc9, 0xfd, 0xc9, 0xfd, 0xa8, 0xfd, 0xea, 0xfd, 0xca, 0xf5, 0x09, 0xfe, 0xea, 0xcc, 0x82, 0x10, 0x00, 0x00, 0x0b, 0x63,
    0xff, 0xff, 0xff, 0xff, 0xff, 0xff, 0xff, 0xff, 0xbe, 0xf7, 0x51, 0x8c, 0x24, 0x21, 0xe7, 0x39, 0xf7, 0xbd, 0xff, 0xff, 0xff, 0xff, 0xff, 0xff, 0xff, 0xff, 0xff, 0xff, 0xff, 0xff, 0xff, 0xff, 0xff, 0xff, 0xff, 0xff, 0xff, 0xff, 0xff, 0xff,
    0xff, 0xff, 0xff, 0xff, 0xff, 0xff, 0xff, 0xff, 0xff, 0xff, 0xff, 0xff, 0xff, 0xff, 0xff, 0xff, 0xff, 0xff, 0xff, 0xff, 0xff, 0xff, 0xff, 0xff, 0xff, 0xff, 0xdf, 0xff, 0xff, 0xff, 0xdf, 0xff, 0xd6, 0xbd, 0xff, 0xff, 0xff, 0xff, 0xff, 0xff,
    0xdf, 0xff, 0x69, 0x4a, 0x00, 0x00, 0x63, 0x29, 0x10, 0xe7, 0xb0, 0xff, 0xe9, 0xfd, 0xc8, 0xfd, 0xc9, 0xfd, 0xc9, 0xfd, 0xc9, 0xfd, 0xc9, 0xfd, 0xc9, 0xfd, 0xc9, 0xfd, 0xc9, 0xfd, 0xc9, 0xfd, 0xc9, 0xfd, 0xa8, 0xfd, 0xc9, 0xfd, 0xe8, 0xfd,
    0xaa, 0xed, 0x84, 0x39, 0x81, 0x10, 0x88, 0xbc, 0x4a, 0xfe, 0xc9, 0xfd, 0xc9, 0xfd, 0xc9, 0xfd, 0xa8, 0xfd, 0xef, 0xfe, 0x72, 0xff, 0xa8, 0xfd, 0x29, 0xfe, 0x29, 0xe5, 0xa8, 0xf5, 0xe8, 0xfd, 0xe9, 0xfd, 0xe9, 0xfd, 0xe9, 0xfd, 0xe9, 0xfd,
    0xe9, 0xfd, 0xc9, 0xfd, 0xc9, 0xfd, 0xe9, 0xfd, 0xc9, 0xfd, 0x09, 0xfe, 0x07, 0xac, 0x08, 0xd5, 0x49, 0xfe, 0xc8, 0xfd, 0xce, 0xfe, 0x0a, 0xfe, 0xc8, 0xfd, 0xc9, 0xfd, 0xe9, 0xfd, 0x2a, 0xfe, 0x06, 0x7b, 0x00, 0x00, 0x26, 0x83, 0x6a, 0xfe,
    0xc9, 0xfd, 0xc9, 0xfd, 0xc9, 0xfd, 0xc9, 0xfd, 0xc9, 0xfd, 0xc9, 0xfd, 0xc9, 0xfd, 0xe9, 0xfd, 0xc9, 0xfd, 0xc9, 0xfd, 0xc9, 0xfd, 0xc9, 0xfd, 0xc9, 0xfd, 0xa9, 0xfd, 0xc9, 0xfd, 0x88, 0xfd, 0xe9, 0xfd, 0xca, 0xcc, 0x82, 0x10, 0x00, 0x00,
    0x2c, 0x63, 0xff, 0xff, 0xdf, 0xff, 0xff, 0xff, 0x7d, 0xef, 0x0f, 0x7c, 0x59, 0xce, 0xff, 0xff, 0xff, 0xff, 0xdf, 0xff, 0xff, 0xff, 0xff, 0xff, 0xff, 0xff, 0xff, 0xff, 0xff, 0xff, 0xff, 0xff, 0xff, 0xff, 0xff, 0xff, 0xff, 0xff, 0xff, 0xff,
    0xff, 0xff, 0xff, 0xff, 0xff, 0xff, 0xff, 0xff, 0xff, 0xff, 0xff, 0xff, 0xff, 0xff, 0xff, 0xff, 0xff, 0xff, 0xdf, 0xff, 0x38, 0xc6, 0x9d, 0xf7, 0xff, 0xff, 0xff, 0xff, 0xff, 0xff, 0xff, 0xff, 0xff, 0xff, 0xff, 0xff, 0xdf, 0xff, 0xff, 0xff,
    0x0b, 0x5b, 0x00, 0x00, 0x23, 0x29, 0x30, 0xef, 0xf1, 0xff, 0x2a, 0xfe, 0xc9, 0xfd, 0xe9, 0xfd, 0xc9, 0xfd, 0xc9, 0xfd, 0xc9, 0xfd, 0xc8, 0xfd, 0xc9, 0xfd, 0xc9, 0xfd, 0xc9, 0xfd, 0xc9, 0xfd, 0xc9, 0xfd, 0xe9, 0xfd, 0xc8, 0xfd, 0xc8, 0xfd,
    0xe9, 0xfd, 0x2a, 0xfe, 0xe4, 0x49, 0x00, 0x00, 0x26, 0x7b, 0x2a, 0xfe, 0x09, 0xfe, 0xa9, 0xfd, 0xc9, 0xfd, 0xa8, 0xfd, 0x92, 0xff, 0xf0, 0xfe, 0x88, 0xfd, 0x09, 0xfe, 0xe8, 0xfd, 0xc9, 0xfd, 0xe9, 0xfd, 0xe9, 0xfd, 0xe9, 0xfd, 0xc9, 0xfd,
    0xc9, 0xfd, 0xc9, 0xfd, 0xc9, 0xfd, 0xc9, 0xfd, 0xe9, 0xfd, 0xc9, 0xfd, 0xe9, 0xfd, 0xe9, 0xfd, 0xa8, 0xfd, 0x51, 0xff, 0x10, 0xff, 0xa8, 0xfd, 0xa9, 0xfd, 0x09, 0xfe, 0xca, 0xf5, 0x04, 0x52, 0x00, 0x00, 0x26, 0x8b, 0x4a, 0xfe, 0xc9, 0xfd,
    0xc9, 0xfd, 0xa8, 0xfd, 0xc8, 0xfd, 0xc8, 0xfd, 0xc9, 0xfd, 0xc9, 0xfd, 0xc9, 0xfd, 0xc9, 0xfd, 0xc9, 0xfd, 0xc9, 0xfd, 0xc9, 0xfd, 0xc9, 0xfd, 0xc9, 0xfd, 0xc9, 0xfd, 0xa8, 0xfd, 0xa8, 0xfd, 0x88, 0xfd, 0x09, 0xfe, 0x49, 0xb4, 0x20, 0x00,
    0x00, 0x00, 0x50, 0x8c, 0xff, 0xff, 0xdf, 0xff, 0xff, 0xff, 0xff, 0xff, 0xff, 0xff, 0xff, 0xff, 0xff, 0xff, 0xff, 0xff, 0xff, 0xff, 0xff, 0xff, 0xff, 0xff, 0xff, 0xff, 0xff, 0xff, 0xff, 0xff, 0xff, 0xff, 0xff, 0xff, 0xff, 0xff, 0xff, 0xff,
    0xff, 0xff, 0xff, 0xff, 0xff, 0xff, 0xff, 0xff, 0xff, 0xff, 0xff, 0xff, 0xff, 0xff, 0xff, 0xff, 0xff, 0xff, 0x9e, 0xf7, 0xe7, 0x39, 0x82, 0x10, 0xeb, 0x5a, 0x79, 0xce, 0xff, 0xff, 0xff, 0xff, 0xff, 0xff, 0xdf, 0xff, 0xff, 0xff, 0xce, 0x7b,
    0x00, 0x00, 0xa2, 0x10, 0x8f, 0xd6, 0xf1, 0xff, 0x6c, 0xfe, 0xc9, 0xfd, 0x0a, 0xfe, 0xe9, 0xfd, 0xc9, 0xfd, 0xc9, 0xfd, 0xc9, 0xfd, 0xc9, 0xfd, 0xc9, 0xfd, 0xc9, 0xfd, 0xc9, 0xfd, 0xc9, 0xfd, 0xc9, 0xfd, 0xc8, 0xfd, 0xc8, 0xfd, 0xe9, 0xfd,
    0x09, 0xfe, 0x29, 0xfe, 0x6a, 0xfe, 0x06, 0x83, 0x00, 0x00, 0xc3, 0x49, 0x69, 0xe5, 0x29, 0xfe, 0xa8, 0xfd, 0xa8, 0xfd, 0x0a, 0xfe, 0xb4, 0xff, 0x4c, 0xfe, 0xc8, 0xfd, 0xe9, 0xfd, 0xe9, 0xfd, 0xe9, 0xfd, 0xe9, 0xfd, 0xc9, 0xfd, 0xc9, 0xfd,
    0xc9, 0xfd, 0xc9, 0xfd, 0xc9, 0xfd, 0xe9, 0xfd, 0xc9, 0xfd, 0xc9, 0xfd, 0xc9, 0xfd, 0xa8, 0xfd, 0x10, 0xff, 0x10, 0xff, 0xa8, 0xfd, 0xa8, 0xfd, 0x29, 0xfe, 0x49, 0xdd, 0x43, 0x31, 0x20, 0x00, 0x46, 0x93, 0x69, 0xfd, 0x08, 0xe5, 0x8a, 0xf5,
    0x0a, 0xfe, 0x6b, 0xfe, 0x2a, 0xfe, 0xc8, 0xfd, 0xa8, 0xfd, 0xc9, 0xfd, 0xc9, 0xfd, 0xc9, 0xfd, 0xc9, 0xfd, 0xc9, 0xfd, 0xc9, 0xfd, 0xc9, 0xfd, 0xe9, 0xfd, 0xc9, 0xfd, 0xc9, 0xfd, 0xa8, 0xfd, 0xa8, 0xfd, 0x88, 0xfd, 0x2a, 0xfe, 0x27, 0x83,
    0x00, 0x00, 0x00, 0x00, 0xb6, 0xb5, 0xff, 0xff, 0xdf, 0xff, 0xdf, 0xff, 0xff, 0xff, 0x75, 0xad, 0x6d, 0x6b, 0x4d, 0x6b, 0x3c, 0xe7, 0xff, 0xff, 0xff, 0xff, 0xff, 0xff, 0xff, 0xff, 0xff, 0xff, 0xff, 0xff, 0xff, 0xff, 0xff, 0xff, 0xff, 0xff,
    0xff, 0xff, 0xff, 0xff, 0xff, 0xff, 0xff, 0xff, 0xff, 0xff, 0xff, 0xff, 0xff, 0xff, 0xff, 0xff, 0xff, 0xff, 0xff, 0xff, 0xff, 0xff, 0xd6, 0xbd, 0xca, 0x52, 0x86, 0x31, 0x3c, 0xe7, 0xff, 0xff, 0xdf, 0xff, 0xff, 0xff, 0x14, 0xa5, 0x00, 0x00,
    0x20, 0x00, 0xad, 0xbd, 0xf2, 0xff, 0x8c, 0xfe, 0xe9, 0xfd, 0x0a, 0xfe, 0xe9, 0xfd, 0xe9, 0xfd, 0xc9, 0xfd, 0xc9, 0xfd, 0xc9, 0xfd, 0xc9, 0xfd, 0xc9, 0xfd, 0xc9, 0xfd, 0xc9, 0xfd, 0xe9, 0xfd, 0xc8, 0xfd, 0xe9, 0xfd, 0x2a, 0xfe, 0xaa, 0xf5,
    0x67, 0xc4, 0x65, 0x9b, 0xe4, 0x8a, 0x86, 0xa3, 0xa4, 0x41, 0x00, 0x00, 0xc2, 0x18, 0x68, 0xbc, 0x4a, 0xfe, 0xc8, 0xfd, 0xa8, 0xfd, 0x4c, 0xfe, 0x10, 0xff, 0xc9, 0xfd, 0xe9, 0xfd, 0xea, 0xfd, 0x09, 0xfe, 0xe9, 0xfd, 0x09, 0xfe, 0xe9, 0xfd,
    0xc9, 0xfd, 0xc9, 0xfd, 0xc9, 0xfd, 0xc9, 0xfd, 0x09, 0xfe, 0x2a, 0xfe, 0xa8, 0xfd, 0x6c, 0xfe, 0xef, 0xfe, 0xa8, 0xfd, 0xa8, 0xfd, 0x4a, 0xfe, 0xa9, 0xc4, 0xc2, 0x18, 0x00, 0x00, 0x60, 0x10, 0x00, 0x39, 0x40, 0x10, 0x60, 0x08, 0x60, 0x10,
    0xa0, 0x18, 0xe3, 0x51, 0x28, 0xac, 0x0b, 0xfe, 0x09, 0xfe, 0xa8, 0xfd, 0xc9, 0xfd, 0xc9, 0xfd, 0xc9, 0xfd, 0xc9, 0xfd, 0xc9, 0xfd, 0xc9, 0xfd, 0xe9, 0xfd, 0xc9, 0xfd, 0xc9, 0xfd, 0xc9, 0xfd, 0xc8, 0xfd, 0xa8, 0xfd, 0xa8, 0xfd, 0x2b, 0xfe,
    0xe5, 0x49, 0x00, 0x00, 0xc2, 0x18, 0x5c, 0xef, 0xff, 0xff, 0xff, 0xff, 0xff, 0xff, 0xf3, 0x9c, 0x4c, 0x63, 0xce, 0x7b, 0x5d, 0xef, 0xff, 0xff, 0xff, 0xff, 0xff, 0xff, 0xff, 0xff, 0xff, 0xff, 0xff, 0xff, 0xff, 0xff, 0xff, 0xff, 0xff, 0xff,
    0xff, 0xff, 0xff, 0xff, 0xff, 0xff, 0xff, 0xff, 0xff, 0xff, 0xff, 0xff, 0xff, 0xff, 0xff, 0xff, 0xff, 0xff, 0xff, 0xff, 0xff, 0xff, 0xff, 0xff, 0xff, 0xff, 0xdf, 0xff, 0xff, 0xff, 0xff, 0xff, 0xff, 0xff, 0x9a, 0xd6, 0x61, 0x08, 0x00, 0x00,
    0x2a, 0x8c, 0xf2, 0xff, 0xed, 0xfe, 0xc9, 0xfd, 0x0a, 0xfe, 0x0a, 0xfe, 0xc9, 0xfd, 0xc9, 0xfd, 0xc9, 0xfd, 0xc9, 0xfd, 0xc9, 0xfd, 0xc9, 0xfd, 0xe9, 0xfd, 0xe9, 0xfd, 0xc9, 0xfd, 0xc9, 0xfd, 0x4a, 0xfe, 0x6b, 0xe5, 0x85, 0x6a, 0x60, 0x10,
    0x20, 0x00, 0xc3, 0x10, 0x25, 0x19, 0xc3, 0x10, 0x81, 0x08, 0x00, 0x00, 0x00, 0x00, 0x20, 0x00, 0x26, 0x83, 0x2a, 0xfe, 0x09, 0xfe, 0xa8, 0xfd, 0xea, 0xfd, 0xe9, 0xfd, 0xc9, 0xfd, 0xc4, 0x49, 0x29, 0xdd, 0x4a, 0xfe, 0xe8, 0xd4, 0xa9, 0xf5,
    0xc9, 0xfd, 0xc9, 0xfd, 0xc9, 0xfd, 0x09, 0xfe, 0x29, 0xdd, 0x87, 0x93, 0x0a, 0xfe, 0xe9, 0xfd, 0xa8, 0xfd, 0xa8, 0xfd, 0x4b, 0xfe, 0x09, 0xac, 0x41, 0x08, 0x00, 0x00, 0x61, 0x08, 0x69, 0x4a, 0x51, 0x84, 0xd7, 0xb5, 0x18, 0xc6, 0xd7, 0xbd,
    0xf4, 0x9c, 0x8a, 0x4a, 0x00, 0x00, 0xe2, 0x20, 0xea, 0xc4, 0x4a, 0xfe, 0xa9, 0xfd, 0xc9, 0xfd, 0xc9, 0xfd, 0xc9, 0xfd, 0xc9, 0xfd, 0xc9, 0xfd, 0xc9, 0xfd, 0xc9, 0xfd, 0xc9, 0xfd, 0xc9, 0xfd, 0xc9, 0xfd, 0xa8, 0xfd, 0xa8, 0xfd, 0xe9, 0xfd,
    0xab, 0xed, 0xc2, 0x18, 0x00, 0x00, 0x89, 0x52, 0xff, 0xff, 0xff, 0xff, 0xff, 0xff, 0xff, 0xff, 0xff, 0xff, 0xff, 0xff, 0xff, 0xff, 0xff, 0xff, 0xff, 0xff, 0xff, 0xff, 0xff, 0xff, 0xff, 0xff, 0xff, 0xff, 0xff, 0xff, 0xff, 0xff, 0xff, 0xff,
    0xff, 0xff, 0xff, 0xff, 0xff, 0xff, 0xff, 0xff, 0xff, 0xff, 0xff, 0xff, 0xff, 0xff, 0xff, 0xff, 0xff, 0xff, 0xff, 0xff, 0xff, 0xff, 0xff, 0xff, 0xff, 0xff, 0xff, 0xff, 0xff, 0xff, 0xff, 0xff, 0xdf, 0xff, 0xa6, 0x31, 0x00, 0x00, 0x46, 0x4a,
    0xf2, 0xff, 0x4f, 0xff, 0xea, 0xfd, 0xe9, 0xfd, 0xe9, 0xfd, 0xc9, 0xfd, 0xc9, 0xfd, 0xc9, 0xfd, 0xc9, 0xfd, 0xc9, 0xfd, 0xc9, 0xfd, 0xc9, 0xfd, 0xc9, 0xfd, 0xc9, 0xfd, 0xc9, 0xfd, 0x2a, 0xfe, 0x87, 0x8b, 0x20, 0x00, 0x25, 0x21, 0x92, 0x8c,
    0xda, 0xde, 0xde, 0xff, 0xff, 0xff, 0xff, 0xff, 0x1c, 0xe7, 0x95, 0xad, 0xe7, 0x39, 0x00, 0x00, 0x00, 0x00, 0xc4, 0x49, 0x69, 0xdd, 0x4a, 0xfe, 0xa8, 0xfd, 0xa8, 0xfd, 0x4a, 0xfe, 0x04, 0x5a, 0x65, 0x6a, 0x0c, 0xff, 0x06, 0x83, 0x07, 0xac,
    0x6a, 0xfe, 0xa8, 0xcc, 0x27, 0xb4, 0xcb, 0xfe, 0x25, 0x5a, 0xe6, 0x7a, 0x6a, 0xfe, 0xa8, 0xf5, 0xe9, 0xfd, 0x2a, 0xfe, 0x27, 0x83, 0x00, 0x00, 0x00, 0x00, 0xa6, 0x31, 0x9a, 0xd6, 0xff, 0xff, 0xff, 0xff, 0xff, 0xff, 0xff, 0xff, 0xff, 0xff,
    0xff, 0xff, 0xff, 0xff, 0xda, 0xde, 0x49, 0x42, 0x00, 0x00, 0xe8, 0x9b, 0x4a, 0xfe, 0xa9, 0xfd, 0xc9, 0xfd, 0xc9, 0xfd, 0xc9, 0xfd, 0xc9, 0xfd, 0xc9, 0xfd, 0xc9, 0xfd, 0xc9, 0xfd, 0xc9, 0xfd, 0xc9, 0xfd, 0xc8, 0xfd, 0xc9, 0xfd, 0xc9, 0xfd,
    0x2a, 0xfe, 0x4a, 0xb4, 0x00, 0x00, 0x00, 0x00, 0x34, 0xa5, 0xff, 0xff, 0xff, 0xff, 0xff, 0xff, 0xdf, 0xff, 0xdf, 0xff, 0xff, 0xff, 0xff, 0xff, 0xff, 0xff, 0xff, 0xff, 0xff, 0xff, 0xff, 0xff, 0xff, 0xff, 0xff, 0xff, 0xff, 0xff, 0xff, 0xff,
    0xff, 0xff, 0xff, 0xff, 0xff, 0xff, 0xff, 0xff, 0xff, 0xff, 0xff, 0xff, 0xff, 0xff, 0xff, 0xff, 0xff, 0xff, 0xff, 0xff, 0xff, 0xff, 0xbe, 0xf7, 0xff, 0xff, 0xff, 0xff, 0xff, 0xff, 0xff, 0xff, 0x30, 0x84, 0x00, 0x00, 0xa2, 0x10, 0xf0, 0xe6,
    0xd1, 0xff, 0x6c, 0xfe, 0xc9, 0xfd, 0xc9, 0xfd, 0xc9, 0xfd, 0xc9, 0xfd, 0xc9, 0xfd, 0xc9, 0xfd, 0xc9, 0xfd, 0xc9, 0xfd, 0xc9, 0xfd, 0xc9, 0xfd, 0xc9, 0xfd, 0xc9, 0xfd, 0x2b, 0xfe, 0x85, 0x6a, 0x00, 0x00, 0x71, 0x8c, 0xff, 0xff, 0xff, 0xff,
    0xff, 0xff, 0xff, 0xff, 0xff, 0xff, 0xff, 0xff, 0xff, 0xff, 0xff, 0xff, 0xdf, 0xff, 0xae, 0x73, 0x00, 0x00, 0x00, 0x00, 0xa2, 0x18, 0x08, 0xa4, 0x4a, 0xfe, 0xe9, 0xfd, 0x29, 0xfe, 0x07, 0xac, 0xe2, 0x20, 0xac, 0xfe, 0xc7, 0x9b, 0xc5, 0x7a,
    0xca, 0xfe, 0x46, 0x93, 0xe7, 0xa3, 0x8b, 0xfe, 0xe2, 0x20, 0xc9, 0xcc, 0x29, 0xfe, 0x2a, 0xfe, 0xaa, 0xed, 0x25, 0x5a, 0x00, 0x00, 0x00, 0x00, 0x49, 0x4a, 0x7d, 0xef, 0xff, 0xff, 0xbe, 0xf7, 0xdf, 0xff, 0xff, 0xff, 0xff, 0xff, 0xff, 0xff,
    0xff, 0xff, 0xdf, 0xff, 0xff, 0xff, 0xff, 0xff, 0xef, 0x7b, 0x00, 0x00, 0x28, 0xac, 0x4a, 0xfe, 0xc9, 0xfd, 0xc9, 0xfd, 0xc9, 0xfd, 0xc9, 0xfd, 0xc9, 0xfd, 0xc9, 0xfd, 0xc9, 0xfd, 0xc8, 0xfd, 0xe9, 0xfd, 0xe9, 0xfd, 0xc9, 0xfd, 0xc9, 0xfd,
    0xa9, 0xfd, 0x4c, 0xfe, 0x46, 0x5a, 0x00, 0x00, 0xc2, 0x18, 0x5d, 0xef, 0xff, 0xff, 0xff, 0xff, 0xff, 0xff, 0xff, 0xff, 0xff, 0xff, 0xff, 0xff, 0xff, 0xff, 0xff, 0xff, 0xff, 0xff, 0xff, 0xff, 0xff, 0xff, 0xff, 0xff, 0xff, 0xff, 0xff, 0xff,
    0xff, 0xff, 0xff, 0xff, 0xff, 0xff, 0xff, 0xff, 0xff, 0xff, 0xff, 0xff, 0xff, 0xff, 0xff, 0xff, 0xff, 0xff, 0xb6, 0xb5, 0x85, 0x31, 0x30, 0x84, 0xff, 0xff, 0xdf, 0xff, 0xff, 0xff, 0xdb, 0xde, 0x61, 0x08, 0x00, 0x00, 0xcb, 0xa4, 0xf1, 0xff,
    0xed, 0xfe, 0xe9, 0xfd, 0xe9, 0xfd, 0xc9, 0xfd, 0xc9, 0xfd, 0xc9, 0xfd, 0xc9, 0xfd, 0xc9, 0xfd, 0xc9, 0xfd, 0xc9, 0xfd, 0xe9, 0xfd, 0xe9, 0xfd, 0xc9, 0xfd, 0x2a, 0xfe, 0xe6, 0x7a, 0x00, 0x00, 0xb6, 0xb5, 0xff, 0xff, 0xff, 0xff, 0xdf, 0xff,
    0xff, 0xff, 0xff, 0xff, 0xff, 0xff, 0xff, 0xff, 0xdf, 0xff, 0xdf, 0xff, 0xff, 0xff, 0xff, 0xff, 0x75, 0xad, 0x24, 0x21, 0x00, 0x00, 0x00, 0x00, 0x24, 0x52, 0x09, 0xd5, 0x6b, 0xfe, 0x04, 0x5a, 0x22, 0x31, 0xec, 0xfe, 0x06, 0x83, 0xe5, 0x7a,
    0xca, 0xfe, 0x46, 0x8b, 0x46, 0x8b, 0xcb, 0xfe, 0x02, 0x29, 0xe6, 0x72, 0xac, 0xfe, 0x68, 0xb4, 0xe2, 0x20, 0x00, 0x00, 0x00, 0x00, 0xae, 0x73, 0xff, 0xff, 0xff, 0xff, 0xff, 0xff, 0xff, 0xff, 0xff, 0xff, 0xff, 0xff, 0xff, 0xff, 0xff, 0xff,
    0xff, 0xff, 0xff, 0xff, 0xff, 0xff, 0xdf, 0xff, 0xff, 0xff, 0x0b, 0x63, 0x00, 0x00, 0x6a, 0xdd, 0x09, 0xfe, 0xc9, 0xfd, 0xe9, 0xfd, 0xe9, 0xfd, 0xe9, 0xfd, 0xc9, 0xfd, 0xc9, 0xfd, 0xc8, 0xfd, 0xe9, 0xfd, 0x0a, 0xfe, 0xc9, 0xfd, 0xc9, 0xfd,
    0xc9, 0xfd, 0x0a, 0xfe, 0x8c, 0xe5, 0xa2, 0x18, 0x00, 0x00, 0x8d, 0x73, 0xff, 0xff, 0xff, 0xff, 0xff, 0xff, 0xff, 0xff, 0xff, 0xff, 0xff, 0xff, 0xff, 0xff, 0xff, 0xff, 0xff, 0xff, 0xff, 0xff, 0xff, 0xff, 0xff, 0xff, 0xff, 0xff, 0xff, 0xff,
    0xff, 0xff, 0xff, 0xff, 0xff, 0xff, 0xff, 0xff, 0xff, 0xff, 0xff, 0xff, 0xff, 0xff, 0xff, 0xff, 0xff, 0xff, 0x3c, 0xe7, 0x79, 0xce, 0xde, 0xff, 0xff, 0xff, 0xff, 0xff, 0xff, 0xff, 0xaa, 0x52, 0x00, 0x00, 0xe5, 0x41, 0xf1, 0xff, 0x8f, 0xff,
    0x0a, 0xfe, 0xc9, 0xfd, 0x0a, 0xfe, 0xe9, 0xfd, 0xe9, 0xfd, 0xc9, 0xfd, 0xc9, 0xfd, 0xc9, 0xfd, 0xe9, 0xfd, 0xe9, 0xfd, 0xe9, 0xfd, 0xc9, 0xfd, 0x2a, 0xfe, 0x89, 0xc4, 0x00, 0x00, 0xf3, 0x9c, 0xff, 0xff, 0xdf, 0xff, 0xff, 0xff, 0xff, 0xff,
    0xff, 0xff, 0xff, 0xff, 0xff, 0xff, 0xff, 0xff, 0xff, 0xff, 0xff, 0xff, 0x3c, 0xe7, 0x7d, 0xef, 0xff, 0xff, 0xbe, 0xf7, 0xcf, 0x7b, 0x20, 0x00, 0x00, 0x00, 0x20, 0x00, 0x22, 0x29, 0x00, 0x00, 0x48, 0xb4, 0x2a, 0xf6, 0x84, 0x39, 0xe9, 0xd4,
    0x29, 0xfe, 0xe9, 0xd4, 0x43, 0x31, 0x0a, 0xf6, 0x28, 0xac, 0x00, 0x00, 0x22, 0x29, 0x00, 0x00, 0x00, 0x00, 0x44, 0x29, 0xd7, 0xbd, 0xff, 0xff, 0xdf, 0xff, 0xb6, 0xb5, 0x51, 0x8c, 0x14, 0xa5, 0x3c, 0xe7, 0xff, 0xff, 0xff, 0xff, 0xff, 0xff,
    0xff, 0xff, 0xff, 0xff, 0xff, 0xff, 0xff, 0xff, 0xff, 0xff, 0xde, 0xff, 0xa3, 0x10, 0x04, 0x5a, 0x4a, 0xfe, 0xc8, 0xfd, 0xe9, 0xfd, 0xe9, 0xfd, 0xe9, 0xfd, 0xc9, 0xfd, 0xc9, 0xfd, 0xc9, 0xfd, 0xe9, 0xfd, 0xe9, 0xfd, 0xe9, 0xfd, 0xc9, 0xfd,
    0xc9, 0xfd, 0xa9, 0xfd, 0x6b, 0xfe, 0x27, 0x7b, 0x00, 0x00, 0x61, 0x08, 0xfb, 0xde, 0xff, 0xff, 0xff, 0xff, 0xff, 0xff, 0xff, 0xff, 0xff, 0xff, 0xff, 0xff, 0xff, 0xff, 0xff, 0xff, 0xff, 0xff, 0xff, 0xff, 0xff, 0xff, 0xff, 0xff, 0xff, 0xff,
    0xff, 0xff, 0xff, 0xff, 0xff, 0xff, 0xff, 0xff, 0xff, 0xff, 0xff, 0xff, 0xff, 0xff, 0xff, 0xff, 0xff, 0xff, 0xff, 0xff, 0xff, 0xff, 0xff, 0xff, 0xff, 0xff, 0xff, 0xff, 0x38, 0xc6, 0x00, 0x00, 0x20, 0x00, 0xed, 0xc5, 0xf0, 0xff, 0x8c, 0xfe,
    0xc9, 0xfd, 0x0a, 0xfe, 0x4a, 0xfe, 0x09, 0xfe, 0xe9, 0xfd, 0xc9, 0xfd, 0xc9, 0xfd, 0xc9, 0xfd, 0xe9, 0xfd, 0xe9, 0xfd, 0xc9, 0xfd, 0xc9, 0xfd, 0x0a, 0xfe, 0x01, 0x29, 0x08, 0x42, 0xff, 0xff, 0xdf, 0xff, 0xff, 0xff, 0xff, 0xff, 0xff, 0xff,
    0xff, 0xff, 0xff, 0xff, 0xff, 0xff, 0xff, 0xff, 0x34, 0xa5, 0x85, 0x31, 0x81, 0x08, 0xc3, 0x18, 0xcb, 0x5a, 0x3c, 0xe7, 0xff, 0xff, 0x96, 0xb5, 0x20, 0x00, 0xa1, 0x18, 0xa1, 0x18, 0x46, 0x8b, 0x6a, 0xfe, 0xe8, 0xd4, 0x48, 0xb4, 0x0a, 0xfe,
    0xa9, 0xfd, 0x2a, 0xfe, 0x87, 0x9b, 0x07, 0xb4, 0x4a, 0xfe, 0xa7, 0xa3, 0x02, 0x29, 0xc1, 0x20, 0x41, 0x08, 0xdb, 0xde, 0xff, 0xff, 0x38, 0xc6, 0xe3, 0x18, 0x00, 0x00, 0x00, 0x00, 0x00, 0x00, 0x82, 0x10, 0x13, 0x9d, 0xff, 0xff, 0xff, 0xff,
    0xff, 0xff, 0xff, 0xff, 0xff, 0xff, 0xff, 0xff, 0xdf, 0xff, 0xff, 0xff, 0x71, 0x8c, 0x00, 0x00, 0x8a, 0xed, 0x09, 0xfe, 0xc9, 0xfd, 0xe9, 0xfd, 0xe9, 0xfd, 0xe9, 0xfd, 0xc9, 0xfd, 0xc9, 0xfd, 0xe9, 0xfd, 0xe9, 0xfd, 0xe9, 0xfd, 0xc9, 0xfd,
    0xc9, 0xfd, 0xc9, 0xfd, 0xe9, 0xfd, 0x8a, 0xed, 0xa2, 0x18, 0x00, 0x00, 0x6d, 0x6b, 0xff, 0xff, 0xdf, 0xff, 0xff, 0xff, 0xff, 0xff, 0xff, 0xff, 0xff, 0xff, 0xff, 0xff, 0xff, 0xff, 0xff, 0xff, 0xff, 0xff, 0xff, 0xff, 0xff, 0xff, 0xff, 0xff,
    0xff, 0xff, 0xff, 0xff, 0xff, 0xff, 0xff, 0xff, 0xff, 0xff, 0xff, 0xff, 0xff, 0xff, 0xff, 0xff, 0xff, 0xff, 0xff, 0xff, 0xff, 0xff, 0xff, 0xff, 0xff, 0xff, 0xff, 0xff, 0x49, 0x4a, 0x00, 0x00, 0x46, 0x4a, 0xf1, 0xff, 0x2e, 0xff, 0xea, 0xfd,
    0xea, 0xfd, 0x4a, 0xfe, 0x2a, 0xfe, 0x09, 0xfe, 0xe9, 0xfd, 0xe9, 0xfd, 0xc9, 0xfd, 0xc9, 0xfd, 0xe9, 0xfd, 0xc9, 0xfd, 0xc9, 0xfd, 0x2a, 0xfe, 0x89, 0xc4, 0x00, 0x00, 0x99, 0xd6, 0xff, 0xff, 0xff, 0xff, 0xff, 0xff, 0xff, 0xff, 0xff, 0xff,
    0xff, 0xff, 0xff, 0xff, 0xff, 0xff, 0x92, 0x94, 0x00, 0x00, 0x00, 0x00, 0x00, 0x00, 0x00, 0x00, 0x00, 0x00, 0x24, 0x21, 0x1c, 0xe7, 0xff, 0xff, 0x6a, 0x4a, 0xa2, 0x49, 0x2b, 0xfe, 0x09, 0xfe, 0xc8, 0xfd, 0xe9, 0xfd, 0x09, 0xfe, 0xa9, 0xfd,
    0xc9, 0xfd, 0xa9, 0xfd, 0xe9, 0xfd, 0xa9, 0xfd, 0xa8, 0xfd, 0xe9, 0xfd, 0x6c, 0xfe, 0xc3, 0x51, 0xcb, 0x52, 0xff, 0xff, 0x1c, 0xe7, 0xc2, 0x10, 0xa6, 0x39, 0x24, 0x21, 0x20, 0x00, 0x20, 0x00, 0x00, 0x00, 0x00, 0x00, 0x38, 0xc6, 0xff, 0xff,
    0xff, 0xff, 0xff, 0xff, 0xff, 0xff, 0xff, 0xff, 0xff, 0xff, 0xff, 0xff, 0x3c, 0xe7, 0x00, 0x00, 0x07, 0xac, 0x4a, 0xfe, 0xc9, 0xfd, 0xe9, 0xfd, 0xe9, 0xfd, 0xc9, 0xfd, 0xc9, 0xfd, 0xc9, 0xfd, 0xc9, 0xfd, 0xe9, 0xfd, 0x09, 0xfe, 0x09, 0xfe,
    0x09, 0xfe, 0x09, 0xfe, 0xe9, 0xfd, 0xab, 0xfe, 0x67, 0x83, 0x00, 0x00, 0xa2, 0x10, 0x5d, 0xef, 0xff, 0xff, 0xff, 0xff, 0xff, 0xff, 0xff, 0xff, 0xff, 0xff, 0xff, 0xff, 0xff, 0xff, 0xff, 0xff, 0xff, 0xff, 0xff, 0xff, 0xff, 0xff, 0xff, 0xff,
    0xff, 0xff, 0xff, 0xff, 0xff, 0xff, 0xff, 0xff, 0xff, 0xff, 0xff, 0xff, 0xff, 0xff, 0xff, 0xff, 0xff, 0xff, 0xff, 0xff, 0xff, 0xff, 0xff, 0xff, 0xff, 0xff, 0x79, 0xce, 0x20, 0x00, 0x00, 0x00, 0x8c, 0xbd, 0xd0, 0xff, 0x8c, 0xfe, 0xc9, 0xfd,
    0xea, 0xfd, 0x0a, 0xfe, 0x0a, 0xfe, 0x0a, 0xfe, 0xe9, 0xfd, 0xe9, 0xfd, 0xc9, 0xfd, 0xe9, 0xfd, 0xe9, 0xfd, 0xc9, 0xfd, 0xa9, 0xfd, 0x4b, 0xfe, 0x84, 0x6a, 0x66, 0x29, 0xff, 0xff, 0xff, 0xff, 0xff, 0xff, 0xff, 0xff, 0xff, 0xff, 0xff, 0xff,
    0xff, 0xff, 0xff, 0xff, 0xfb, 0xde, 0x00, 0x00, 0x30, 0x84, 0x3c, 0xe7, 0x82, 0x10, 0x00, 0x00, 0x41, 0x08, 0x00, 0x00, 0x2c, 0x63, 0xff, 0xff, 0x75, 0xad, 0x20, 0x08, 0xaa, 0xf5, 0xc8, 0xfd, 0xc9, 0xfd, 0xc8, 0xfd, 0xa9, 0xfd, 0xc9, 0xfd,
    0xa8, 0xfd, 0xa9, 0xfd, 0xa9, 0xfd, 0xa8, 0xfd, 0xa8, 0xfd, 0xa8, 0xfd, 0x8a, 0xf5, 0x40, 0x10, 0xd7, 0xb5, 0xff, 0xff, 0xef, 0x7b, 0x20, 0x00, 0xff, 0xff, 0xd3, 0x9c, 0x00, 0x00, 0x20, 0x00, 0x20, 0x00, 0x00, 0x00, 0xaa, 0x52, 0xff, 0xff,
    0xff, 0xff, 0xff, 0xff, 0xff, 0xff, 0xff, 0xff, 0xff, 0xff, 0xff, 0xff, 0xff, 0xff, 0x05, 0x19, 0xc4, 0x7a, 0x6a, 0xfe, 0xc9, 0xfd, 0xe9, 0xfd, 0xc9, 0xfd, 0xe9, 0xfd, 0xe9, 0xfd, 0xe9, 0xfd, 0x09, 0xfe, 0x09, 0xfe, 0xe9, 0xfd, 0xa9, 0xfd,
    0x48, 0xfd, 0x08, 0xf5, 0x28, 0xf5, 0x69, 0xfd, 0x0a, 0xe5, 0x81, 0x10, 0x00, 0x00, 0x71, 0x8c, 0xff, 0xff, 0xdf, 0xff, 0xff, 0xff, 0xff, 0xff, 0xff, 0xff, 0xff, 0xff, 0xff, 0xff, 0xff, 0xff, 0xff, 0xff, 0xff, 0xff, 0xff, 0xff, 0xff, 0xff,
    0xff, 0xff, 0xff, 0xff, 0xff, 0xff, 0xff, 0xff, 0xff, 0xff, 0xff, 0xff, 0xff, 0xff, 0xff, 0xff, 0xff, 0xff, 0xff, 0xff, 0xff, 0xff, 0xff, 0xff, 0xff, 0xff, 0x6d, 0x6b, 0x00, 0x00, 0x63, 0x29, 0x70, 0xff, 0x2e, 0xff, 0x0a, 0xfe, 0xe9, 0xfd,
    0xc9, 0xfd, 0xc9, 0xfd, 0xc9, 0xfd, 0xc9, 0xfd, 0xe9, 0xfd, 0xe9, 0xfd, 0xe9, 0xfd, 0xc9, 0xfd, 0xc9, 0xfd, 0xc9, 0xfd, 0xc9, 0xfd, 0x2b, 0xfe, 0x01, 0x31, 0x4d, 0x63, 0xff, 0xff, 0xdf, 0xff, 0xff, 0xff, 0xff, 0xff, 0xff, 0xff, 0xff, 0xff,
    0xdf, 0xff, 0xff, 0xff, 0x30, 0x84, 0x00, 0x00, 0x8d, 0x73, 0x34, 0xa5, 0x41, 0x08, 0x00, 0x00, 0x00, 0x00, 0x00, 0x00, 0x03, 0x21, 0xff, 0xff, 0xdb, 0xde, 0x20, 0x00, 0xe8, 0xd4, 0x09, 0xfe, 0xc9, 0xfd, 0xa8, 0xfd, 0x87, 0xfd, 0xa8, 0xfd,
    0xe9, 0xfd, 0xe9, 0xfd, 0xa8, 0xfd, 0x87, 0xfd, 0x88, 0xfd, 0xe9, 0xfd, 0xa8, 0xd4, 0x41, 0x08, 0x1b, 0xe7, 0xff, 0xff, 0x89, 0x4a, 0x00, 0x00, 0x48, 0x42, 0xe3, 0x18, 0x00, 0x00, 0x00, 0x00, 0x00, 0x00, 0x00, 0x00, 0x45, 0x29, 0xff, 0xff,
    0xff, 0xff, 0xff, 0xff, 0xff, 0xff, 0xff, 0xff, 0xff, 0xff, 0xff, 0xff, 0xff, 0xff, 0x29, 0x42, 0x43, 0x62, 0x6b, 0xfe, 0xc9, 0xfd, 0xc9, 0xfd, 0x09, 0xfe, 0xe9, 0xfd, 0x68, 0xfd, 0xe7, 0xf4, 0x46, 0xfc, 0xc5, 0xfb, 0x65, 0xf3, 0x65, 0xf3,
    0x65, 0xf3, 0x44, 0xf3, 0x65, 0xf3, 0x45, 0xeb, 0x85, 0xfb, 0x83, 0x61, 0x00, 0x00, 0x65, 0x29, 0xdf, 0xff, 0xff, 0xff, 0xff, 0xff, 0xff, 0xff, 0xff, 0xff, 0xff, 0xff, 0xff, 0xff, 0xff, 0xff, 0xff, 0xff, 0xff, 0xff, 0xff, 0xff, 0xff, 0xff,
    0xff, 0xff, 0xff, 0xff, 0xff, 0xff, 0xff, 0xff, 0xff, 0xff, 0xff, 0xff, 0xff, 0xff, 0xff, 0xff, 0xff, 0xff, 0xff, 0xff, 0xff, 0xff, 0xff, 0xff, 0x7d, 0xef, 0xc2, 0x18, 0x00, 0x00, 0x6a, 0x94, 0xb0, 0xff, 0xad, 0xf6, 0xea, 0xfd, 0x0a, 0xfe,
    0x09, 0xfe, 0x09, 0xfe, 0x09, 0xfe, 0x09, 0xfe, 0x09, 0xfe, 0xe9, 0xfd, 0xe9, 0xfd, 0xc9, 0xfd, 0xc9, 0xfd, 0xc9, 0xfd, 0xc9, 0xfd, 0x0b, 0xfe, 0xa0, 0x20, 0x10, 0x84, 0xff, 0xff, 0xdf, 0xff, 0xff, 0xff, 0xff, 0xff, 0xff, 0xff, 0xff, 0xff,
    0xdf, 0xff, 0xff, 0xff, 0x4c, 0x63, 0x00, 0x00, 0x00, 0x00, 0x00, 0x00, 0x00, 0x00, 0x00, 0x00, 0x00, 0x00, 0x00, 0x00, 0xa2, 0x10, 0xdf, 0xff, 0x7d, 0xef, 0x61, 0x08, 0xc8, 0xcc, 0x09, 0xfe, 0x88, 0xfd, 0xc9, 0xfd, 0x8f, 0xf6, 0xf2, 0xf6,
    0x77, 0xf7, 0x77, 0xf7, 0xf3, 0xf6, 0x6e, 0xf6, 0xa9, 0xfd, 0xa7, 0xfd, 0xa8, 0xcc, 0xa2, 0x10, 0x5c, 0xef, 0xff, 0xff, 0x69, 0x4a, 0x00, 0x00, 0x00, 0x00, 0x00, 0x00, 0x00, 0x00, 0x00, 0x00, 0x00, 0x00, 0x00, 0x00, 0x86, 0x31, 0xff, 0xff,
    0xff, 0xff, 0xff, 0xff, 0xff, 0xff, 0xff, 0xff, 0xff, 0xff, 0xff, 0xff, 0xff, 0xff, 0xc8, 0x31, 0x64, 0x6a, 0x8b, 0xfe, 0xc9, 0xfd, 0xe9, 0xfd, 0xc7, 0xfc, 0xe5, 0xf3, 0x64, 0xf3, 0x04, 0xfb, 0x03, 0xfb, 0x04, 0xfb, 0x24, 0xfb, 0x24, 0xfb,
    0x44, 0xfb, 0x44, 0xfb, 0x44, 0xfb, 0x24, 0xf3, 0x44, 0xfb, 0xa4, 0xc2, 0x00, 0x00, 0x00, 0x00, 0x18, 0xc6, 0xff, 0xff, 0xdf, 0xff, 0xdf, 0xff, 0xdf, 0xff, 0xff, 0xff, 0xff, 0xff, 0xff, 0xff, 0xff, 0xff, 0xff, 0xff, 0xff, 0xff, 0xff, 0xff,
    0xff, 0xff, 0xff, 0xff, 0xff, 0xff, 0xff, 0xff, 0xdf, 0xff, 0xdf, 0xff, 0xdf, 0xff, 0xdf, 0xff, 0xdf, 0xff, 0xff, 0xff, 0xdf, 0xff, 0xff, 0xff, 0xf3, 0x9c, 0x00, 0x00, 0x61, 0x10, 0x47, 0xec, 0x87, 0xfc, 0x26, 0xf4, 0xa5, 0xf3, 0xc5, 0xf3,
    0x46, 0xf4, 0x86, 0xf4, 0xa7, 0xf4, 0x28, 0xfd, 0x48, 0xfd, 0xa8, 0xfd, 0xe9, 0xfd, 0x09, 0xfe, 0xc9, 0xfd, 0xc9, 0xfd, 0xc9, 0xfd, 0x0b, 0xfe, 0xc1, 0x20, 0x10, 0x7c, 0xff, 0xff, 0xdf, 0xff, 0xff, 0xff, 0xff, 0xff, 0xff, 0xff, 0xff, 0xff,
    0xdf, 0xff, 0xff, 0xff, 0x71, 0x8c, 0x00, 0x00, 0x40, 0x00, 0x00, 0x00, 0x00, 0x00, 0x00, 0x00, 0x20, 0x00, 0x00, 0x00, 0xa6, 0x31, 0xff, 0xff, 0xfb, 0xde, 0x82, 0x10, 0x29, 0xdd, 0xc9, 0xfd, 0x8f, 0xfe, 0x96, 0xff, 0xfc, 0xff, 0xfe, 0xff,
    0xff, 0xff, 0xff, 0xff, 0xff, 0xff, 0xfd, 0xff, 0x98, 0xff, 0x2c, 0xfe, 0x07, 0xe5, 0xa1, 0x10, 0xdb, 0xde, 0xff, 0xff, 0x30, 0x84, 0x00, 0x00, 0x41, 0x08, 0x00, 0x00, 0x00, 0x00, 0x00, 0x00, 0x40, 0x00, 0x00, 0x00, 0xae, 0x73, 0xff, 0xff,
    0xdf, 0xff, 0xff, 0xff, 0xff, 0xff, 0xff, 0xff, 0xff, 0xff, 0xff, 0xff, 0xff, 0xff, 0xc3, 0x10, 0x67, 0x8b, 0x6b, 0xfe, 0xa9, 0xfd, 0xe5, 0xf3, 0x24, 0xfb, 0x04, 0xfb, 0x04, 0xfb, 0x03, 0xfb, 0x23, 0xfb, 0x24, 0xfb, 0x24, 0xfb, 0x44, 0xfb,
    0x64, 0xfb, 0x44, 0xfb, 0x44, 0xfb, 0x24, 0xfb, 0x24, 0xf3, 0x45, 0xf3, 0xc2, 0x30, 0x00, 0x00, 0x8d, 0x73, 0xff, 0xff, 0xff, 0xff, 0xff, 0xff, 0xff, 0xff, 0xff, 0xff, 0xff, 0xff, 0xff, 0xff, 0xff, 0xff, 0xff, 0xff, 0xff, 0xff, 0xff, 0xff,
    0xff, 0xff, 0xff, 0xff, 0xff, 0xff, 0xff, 0xff, 0xff, 0xff, 0xff, 0xff, 0xff, 0xff, 0xff, 0xff, 0xff, 0xff, 0xff, 0xff, 0xff, 0xff, 0xff, 0xff, 0x28, 0x42, 0x00, 0x00, 0x42, 0x51, 0xe4, 0xfb, 0xa4, 0xfb, 0x44, 0xfb, 0x23, 0xfb, 0x03, 0xfb,
    0x23, 0xfb, 0x64, 0xfb, 0x44, 0xf3, 0x44, 0xf3, 0x65, 0xf3, 0xa5, 0xf3, 0x26, 0xf4, 0xe7, 0xf4, 0xe9, 0xfd, 0xe9, 0xfd, 0xc9, 0xfd, 0x2b, 0xfe, 0x42, 0x39, 0x0c, 0x63, 0xff, 0xff, 0xdf, 0xff, 0xff, 0xff, 0xff, 0xff, 0xff, 0xff, 0xff, 0xff,
    0xff, 0xff, 0xff, 0xff, 0x3c, 0xe7, 0x61, 0x08, 0x00, 0x00, 0x20, 0x00, 0x00, 0x00, 0x20, 0x00, 0x40, 0x00, 0x00, 0x00, 0xd2, 0x9c, 0xff, 0xff, 0x96, 0xb5, 0xa0, 0x18, 0x4e, 0xfe, 0x34, 0xff, 0xfb, 0xff, 0xfc, 0xff, 0x94, 0xad, 0xee, 0x73,
    0x4c, 0x63, 0x4c, 0x63, 0x2f, 0x7c, 0x16, 0xbe, 0xff, 0xff, 0xdb, 0xff, 0x13, 0xff, 0x22, 0x29, 0xb2, 0x94, 0xff, 0xff, 0x7d, 0xef, 0x04, 0x21, 0x00, 0x00, 0x20, 0x00, 0x20, 0x00, 0x20, 0x00, 0x00, 0x00, 0xa2, 0x10, 0x1c, 0xe7, 0xff, 0xff,
    0xff, 0xff, 0xff, 0xff, 0xff, 0xff, 0xff, 0xff, 0xff, 0xff, 0xff, 0xff, 0xba, 0xd6, 0x00, 0x00, 0x0a, 0xd5, 0x2a, 0xfe, 0xc9, 0xfd, 0xc5, 0xf3, 0xe3, 0xfa, 0x23, 0xfb, 0x03, 0xfb, 0x23, 0xfb, 0x23, 0xfb, 0x44, 0xfb, 0x44, 0xfb, 0x64, 0xfb,
    0x44, 0xfb, 0x44, 0xfb, 0x44, 0xfb, 0x24, 0xfb, 0x03, 0xf3, 0x84, 0xfb, 0x04, 0x8a, 0x00, 0x00, 0x24, 0x21, 0x7d, 0xef, 0x59, 0xce, 0xb2, 0x94, 0x6d, 0x6b, 0x49, 0x4a, 0xc7, 0x39, 0xc7, 0x39, 0x17, 0xc6, 0xff, 0xff, 0xff, 0xff, 0xff, 0xff,
    0xff, 0xff, 0xff, 0xff, 0xff, 0xff, 0xfb, 0xde, 0x4d, 0x6b, 0xcb, 0x5a, 0x6d, 0x6b, 0x30, 0x84, 0xf3, 0x9c, 0xf7, 0xbd, 0x5d, 0xef, 0x1c, 0xe7, 0x61, 0x08, 0x00, 0x00, 0xa4, 0xba, 0xe4, 0xfb, 0x84, 0xfb, 0x24, 0xfb, 0x24, 0xfb, 0x24, 0xfb,
    0x44, 0xfb, 0x44, 0xfb, 0x44, 0xfb, 0x24, 0xfb, 0x24, 0xfb, 0x44, 0xfb, 0x64, 0xfb, 0x44, 0xf3, 0x26, 0xf4, 0xc9, 0xfd, 0xc9, 0xfd, 0x4a, 0xfe, 0x06, 0x83, 0xe4, 0x18, 0xff, 0xff, 0xff, 0xff, 0xff, 0xff, 0xdf, 0xff, 0xff, 0xff, 0xff, 0xff,
    0xff, 0xff, 0xff, 0xff, 0xff, 0xff, 0xb6, 0xb5, 0x41, 0x08, 0x00, 0x00, 0x00, 0x00, 0x00, 0x00, 0x00, 0x00, 0xeb, 0x5a, 0xdf, 0xff, 0xff, 0xff, 0xaa, 0x52, 0x08, 0x63, 0xfb, 0xff, 0xfb, 0xff, 0x5a, 0xef, 0x08, 0x4a, 0x23, 0x51, 0xe5, 0x81,
    0x45, 0xa2, 0x25, 0xa2, 0xc4, 0x81, 0xe2, 0x40, 0xcd, 0x73, 0xfd, 0xff, 0xff, 0xff, 0xb0, 0x94, 0x04, 0x21, 0xff, 0xff, 0xff, 0xff, 0xdb, 0xde, 0xc6, 0x31, 0x00, 0x00, 0x00, 0x00, 0x00, 0x00, 0x04, 0x21, 0x38, 0xc6, 0xff, 0xff, 0xff, 0xff,
    0xff, 0xff, 0xdf, 0xff, 0xdf, 0xff, 0xff, 0xff, 0xdf, 0xff, 0xff, 0xff, 0x4d, 0x63, 0xe1, 0x28, 0x6b, 0xfe, 0x09, 0xfe, 0xe9, 0xfd, 0xc9, 0xfd, 0x86, 0xf4, 0xc4, 0xfb, 0x64, 0xfb, 0x23, 0xfb, 0x03, 0xfb, 0x03, 0xfb, 0x03, 0xfb, 0x23, 0xfb,
    0x24, 0xfb, 0x44, 0xfb, 0x64, 0xfb, 0x64, 0xfb, 0x24, 0xf3, 0xc4, 0xca, 0x83, 0x61, 0x00, 0x00, 0x20, 0x00, 0xa2, 0x10, 0x61, 0x08, 0x03, 0x19, 0x08, 0x42, 0x2c, 0x63, 0xb2, 0x94, 0xd6, 0xb5, 0x7d, 0xef, 0xff, 0xff, 0xff, 0xff, 0xff, 0xff,
    0xff, 0xff, 0xff, 0xff, 0xff, 0xff, 0x1c, 0xe7, 0x91, 0x94, 0x4c, 0x6b, 0xaa, 0x52, 0xc7, 0x39, 0x03, 0x21, 0x61, 0x08, 0x41, 0x08, 0xc3, 0x18, 0x00, 0x00, 0x00, 0x00, 0x43, 0x9a, 0x24, 0xdb, 0x65, 0xfb, 0xa5, 0xfb, 0x84, 0xfb, 0x44, 0xfb,
    0x23, 0xfb, 0x03, 0xfb, 0x24, 0xfb, 0x23, 0xfb, 0x24, 0xfb, 0x24, 0xfb, 0x24, 0xfb, 0xe3, 0xfa, 0x23, 0xf3, 0x88, 0xfd, 0xc9, 0xfd, 0x88, 0xf5, 0x2a, 0xdd, 0x20, 0x00, 0x54, 0xad, 0xff, 0xff, 0xff, 0xff, 0xff, 0xff, 0xff, 0xff, 0xbe, 0xf7,
    0x1c, 0xdf, 0x9a, 0xd6, 0x59, 0xce, 0xdb, 0xd6, 0x55, 0xa5, 0xaa, 0x52, 0x07, 0x42, 0x8a, 0x52, 0x34, 0xa5, 0xff, 0xff, 0xff, 0xff, 0x17, 0xbe, 0xc2, 0x18, 0x5a, 0xef, 0xfb, 0xff, 0xfd, 0xff, 0xd1, 0x94, 0x40, 0x28, 0xad, 0xfc, 0x0a, 0xfc,
    0xc9, 0xfb, 0xa8, 0xfb, 0x4b, 0xfc, 0x66, 0xaa, 0x44, 0x21, 0xfd, 0xff, 0xdb, 0xff, 0xdd, 0xff, 0x24, 0x21, 0xae, 0x73, 0xff, 0xff, 0xff, 0xff, 0xff, 0xff, 0x79, 0xce, 0x34, 0xa5, 0xd6, 0xbd, 0xbe, 0xf7, 0xff, 0xff, 0xdf, 0xff, 0xff, 0xff,
    0xff, 0xff, 0xff, 0xff, 0xff, 0xff, 0xff, 0xff, 0xff, 0xff, 0x59, 0xce, 0x00, 0x00, 0x28, 0xa4, 0xaa, 0xed, 0x69, 0xf5, 0xca, 0xfd, 0xea, 0xfd, 0x09, 0xfe, 0xe9, 0xfd, 0xa9, 0xfd, 0x28, 0xfd, 0xe7, 0xf4, 0x66, 0xf4, 0x05, 0xfc, 0x26, 0xfc,
    0x26, 0xfc, 0x24, 0xe3, 0x23, 0x9a, 0x22, 0x51, 0x61, 0x18, 0x61, 0x10, 0xe2, 0x30, 0x61, 0x10, 0x00, 0x00, 0x2c, 0x63, 0x5d, 0xef, 0xff, 0xff, 0xff, 0xff, 0xff, 0xff, 0xff, 0xff, 0xff, 0xff, 0xff, 0xff, 0xff, 0xff, 0xff, 0xff, 0xff, 0xff,
    0xff, 0xff, 0xff, 0xff, 0xff, 0xff, 0xff, 0xff, 0xff, 0xff, 0xff, 0xff, 0xff, 0xff, 0xff, 0xff, 0xff, 0xff, 0x7d, 0xef, 0x38, 0xc6, 0xe7, 0x39, 0x00, 0x00, 0x61, 0x10, 0xa2, 0x20, 0x41, 0x10, 0x81, 0x20, 0x22, 0x51, 0xe3, 0x91, 0xc4, 0xd2,
    0x64, 0xfb, 0x64, 0xfb, 0x23, 0xfb, 0xe3, 0xfa, 0xe3, 0xfa, 0x23, 0xfb, 0x64, 0xfb, 0x46, 0xf4, 0x68, 0xfd, 0x29, 0xfe, 0xc9, 0xf5, 0x08, 0xd5, 0x68, 0xb4, 0xe4, 0x51, 0xe3, 0x18, 0x9a, 0xd6, 0xf8, 0xbd, 0xd0, 0x73, 0x69, 0x4a, 0xa5, 0x31,
    0x64, 0x31, 0x63, 0x39, 0x83, 0x39, 0x63, 0x39, 0xc5, 0x41, 0x27, 0x4a, 0x8a, 0x52, 0x51, 0x84, 0xfb, 0xde, 0xff, 0xff, 0xd7, 0xbd, 0x03, 0x21, 0xd5, 0xbd, 0xfd, 0xff, 0xdb, 0xff, 0xfc, 0xff, 0x3a, 0xe7, 0x44, 0x29, 0x63, 0x69, 0xa9, 0xf3,
    0xa8, 0xfb, 0xc9, 0xfb, 0x45, 0xaa, 0x81, 0x18, 0x36, 0xc6, 0xfd, 0xff, 0xdb, 0xff, 0xfc, 0xff, 0xf9, 0xde, 0xe3, 0x18, 0xcf, 0x7b, 0x9e, 0xf7, 0x99, 0xd6, 0xf3, 0x9c, 0x8e, 0x6b, 0xab, 0x52, 0xe7, 0x39, 0x85, 0x31, 0xa6, 0x31, 0xc6, 0x31,
    0x29, 0x42, 0x2d, 0x63, 0x72, 0x8c, 0x7a, 0xce, 0x79, 0xce, 0x03, 0x21, 0x02, 0x41, 0x07, 0xc3, 0x86, 0xda, 0xc7, 0xf2, 0x47, 0xfb, 0xe8, 0xfb, 0xa9, 0xfc, 0xa9, 0xfd, 0x09, 0xfe, 0xe9, 0xfd, 0xe9, 0xfd, 0x4a, 0xfe, 0xca, 0xed, 0x87, 0x8b,
    0x63, 0x39, 0x61, 0x18, 0xa1, 0x28, 0x82, 0x61, 0x84, 0xaa, 0x04, 0xe3, 0x85, 0xfb, 0x02, 0x49, 0x00, 0x00, 0xeb, 0x5a, 0xff, 0xff, 0xff, 0xff, 0xff, 0xff, 0xdf, 0xff, 0xdf, 0xff, 0xff, 0xff, 0xff, 0xff, 0xff, 0xff, 0xff, 0xff, 0xff, 0xff,
    0xff, 0xff, 0xff, 0xff, 0xff, 0xff, 0xff, 0xff, 0xdf, 0xff, 0xdf, 0xff, 0xdf, 0xff, 0xff, 0xff, 0xff, 0xff, 0xff, 0xff, 0xff, 0xff, 0xe7, 0x39, 0x00, 0x00, 0xc3, 0x79, 0xc5, 0xfb, 0xe4, 0xda, 0x43, 0xaa, 0x82, 0x69, 0xc1, 0x30, 0x61, 0x10,
    0x81, 0x20, 0x62, 0x61, 0x04, 0xc3, 0x46, 0xfc, 0x86, 0xf4, 0x28, 0xf5, 0xc9, 0xfd, 0x4b, 0xfe, 0x2a, 0xfd, 0x28, 0xfc, 0x09, 0xfc, 0x09, 0xfc, 0x49, 0xfc, 0x69, 0xcc, 0xe2, 0x20, 0x03, 0x31, 0x44, 0x62, 0x44, 0x8b, 0x66, 0xbc, 0x49, 0xe5,
    0xc9, 0xfd, 0x0a, 0xfe, 0x2a, 0xfe, 0x0a, 0xfe, 0xca, 0xf5, 0x89, 0xed, 0xe9, 0xcc, 0x47, 0x83, 0xe3, 0x18, 0x65, 0x29, 0xca, 0x5a, 0x98, 0xd6, 0xfd, 0xff, 0xfb, 0xff, 0xfb, 0xff, 0xfb, 0xff, 0xfc, 0xff, 0x5a, 0xef, 0xaa, 0x52, 0xc2, 0x30,
    0x46, 0x9a, 0x83, 0x71, 0x65, 0x31, 0x77, 0xce, 0xfe, 0xff, 0xfc, 0xff, 0xfc, 0xff, 0xfb, 0xff, 0xfc, 0xff, 0x7a, 0xef, 0x4b, 0x6b, 0xe6, 0x39, 0x41, 0x08, 0xe3, 0x51, 0xa6, 0xa3, 0x26, 0xbc, 0xc7, 0xd4, 0x08, 0xdd, 0xe8, 0xdc, 0x87, 0xcc,
    0x26, 0xb4, 0x65, 0x9b, 0xc4, 0x72, 0xe4, 0x59, 0xc2, 0x28, 0xa1, 0x28, 0xc7, 0xd2, 0xe8, 0xfa, 0xc7, 0xfa, 0xc7, 0xfa, 0xa7, 0xfa, 0xa7, 0xfa, 0xc7, 0xfa, 0xa8, 0xfb, 0xe9, 0xfc, 0xa9, 0xfd, 0x09, 0xfe, 0xa8, 0xcc, 0x43, 0x31, 0xa4, 0x41,
    0x46, 0x8b, 0xe6, 0xd3, 0xc5, 0xfb, 0x84, 0xfb, 0x43, 0xfb, 0x03, 0xfb, 0x23, 0xfb, 0x82, 0x71, 0x00, 0x00, 0x44, 0x29, 0xff, 0xff, 0xff, 0xff, 0xff, 0xff, 0xff, 0xff, 0xff, 0xff, 0xff, 0xff, 0xff, 0xff, 0xff, 0xff, 0xff, 0xff, 0xff, 0xff,
    0xff, 0xff, 0xff, 0xff, 0xff, 0xff, 0xff, 0xff, 0xff, 0xff, 0xff, 0xff, 0xff, 0xff, 0xff, 0xff, 0xff, 0xff, 0xff, 0xff, 0x3c, 0xe7, 0x61, 0x08, 0x00, 0x00, 0x43, 0xa2, 0x84, 0xfb, 0x44, 0xfb, 0x44, 0xfb, 0x64, 0xfb, 0x64, 0xfb, 0x24, 0xdb,
    0x84, 0x92, 0xa3, 0x41, 0xe2, 0x18, 0xe7, 0x9b, 0x8a, 0xfe, 0x4a, 0xfe, 0xaa, 0xfd, 0xc8, 0xfb, 0xc7, 0xfa, 0xa7, 0xfa, 0xc7, 0xfa, 0xc7, 0xfa, 0xa7, 0xf2, 0xe5, 0x99, 0x87, 0xc2, 0x48, 0xf3, 0x29, 0xfc, 0x89, 0xfd, 0x49, 0xfe, 0xe9, 0xfd,
    0xc8, 0xfd, 0xc8, 0xfd, 0xc8, 0xfd, 0xa8, 0xfd, 0xc9, 0xfd, 0x29, 0xdd, 0x67, 0x8b, 0x86, 0x62, 0x68, 0x7b, 0xf3, 0xbd, 0xd8, 0xde, 0xdb, 0xff, 0xfb, 0xff, 0xfb, 0xff, 0xfb, 0xff, 0xfb, 0xff, 0xfb, 0xff, 0xfc, 0xff, 0xfd, 0xff, 0x37, 0xc6,
    0xe3, 0x10, 0xce, 0x73, 0xdd, 0xff, 0xfc, 0xff, 0xfb, 0xff, 0xfc, 0xff, 0xfc, 0xff, 0xfc, 0xff, 0xfc, 0xff, 0x59, 0xef, 0xaf, 0x94, 0xcc, 0x9c, 0x6d, 0xbd, 0xc9, 0x93, 0x49, 0xbc, 0x2a, 0xfe, 0xe9, 0xfd, 0xe9, 0xfd, 0xe9, 0xfd, 0xc9, 0xfd,
    0x09, 0xfe, 0x2a, 0xfe, 0xea, 0xfc, 0x88, 0xfb, 0xe8, 0xf2, 0x87, 0xca, 0xe5, 0xa1, 0xe7, 0xf2, 0xc7, 0xfa, 0xc7, 0xfa, 0xc7, 0xfa, 0xa7, 0xfa, 0xa7, 0xfa, 0xa6, 0xfa, 0xe7, 0xfa, 0xe8, 0xf3, 0xc9, 0xfd, 0x69, 0xed, 0x49, 0xdd, 0x4b, 0xfe,
    0x4a, 0xfe, 0xe9, 0xfd, 0x88, 0xfd, 0x07, 0xf5, 0xa6, 0xf4, 0x25, 0xf4, 0xc4, 0xfb, 0x03, 0x92, 0x00, 0x00, 0x81, 0x10, 0x5c, 0xef, 0xff, 0xff, 0xff, 0xff, 0xff, 0xff, 0xff, 0xff, 0xff, 0xff, 0xff, 0xff, 0xff, 0xff, 0xff, 0xff, 0xff, 0xff,
    0xff, 0xff, 0xff, 0xff, 0xff, 0xff, 0xff, 0xff, 0xff, 0xff, 0xff, 0xff, 0xff, 0xff, 0xff, 0xff, 0xff, 0xff, 0xff, 0xff, 0x38, 0xc6, 0x00, 0x00, 0x00, 0x00, 0x83, 0xc2, 0x44, 0xfb, 0x03, 0xfb, 0x03, 0xfb, 0x84, 0xf3, 0x05, 0xf4, 0xa6, 0xfc,
    0xa8, 0xfd, 0x6a, 0xfe, 0xca, 0xf5, 0xaa, 0xed, 0x2a, 0xfe, 0x88, 0xfc, 0x27, 0xfb, 0x48, 0xfb, 0x08, 0xfb, 0xe7, 0xfa, 0xe7, 0xfa, 0xc7, 0xfa, 0xc7, 0xfa, 0x08, 0xfb, 0x08, 0xfb, 0xe7, 0xfa, 0xc8, 0xfa, 0x08, 0xf3, 0x48, 0xf4, 0xc9, 0xfd,
    0xc8, 0xfd, 0xc8, 0xfd, 0xa8, 0xfd, 0xc8, 0xfd, 0x49, 0xed, 0x06, 0x83, 0xa6, 0xa3, 0x2c, 0xf6, 0x31, 0xde, 0x2b, 0x63, 0x6c, 0x6b, 0x3a, 0xe7, 0xfc, 0xff, 0xfb, 0xff, 0xfb, 0xff, 0xfb, 0xff, 0xfb, 0xff, 0xfb, 0xff, 0xda, 0xff, 0xfe, 0xff,
    0x28, 0x4a, 0x15, 0xc6, 0xfd, 0xff, 0xba, 0xf7, 0xfb, 0xff, 0xdb, 0xff, 0xfb, 0xff, 0xfb, 0xff, 0xfb, 0xff, 0xbb, 0xf7, 0xb4, 0xb5, 0xca, 0x5a, 0x86, 0x52, 0x0e, 0xe6, 0xeb, 0xfd, 0x89, 0xfd, 0xa9, 0xfd, 0xa9, 0xfd, 0xa8, 0xfd, 0xa8, 0xfd,
    0x89, 0xfd, 0xc8, 0xf3, 0x87, 0xf2, 0xa7, 0xfa, 0xe8, 0xfa, 0x08, 0xfb, 0x08, 0xfb, 0xe8, 0xfa, 0xe7, 0xfa, 0xe8, 0xfa, 0xe8, 0xfa, 0xa7, 0xfa, 0xa7, 0xfa, 0xa7, 0xfa, 0xc7, 0xfa, 0xe8, 0xfa, 0x49, 0xfc, 0x09, 0xfe, 0xe9, 0xfd, 0xc9, 0xfd,
    0xc9, 0xfd, 0xc9, 0xfd, 0xe9, 0xfd, 0xe9, 0xfd, 0x09, 0xfe, 0xe9, 0xfd, 0x09, 0xfe, 0x27, 0xb4, 0x00, 0x00, 0x00, 0x00, 0xba, 0xd6, 0xff, 0xff, 0xff, 0xff, 0xff, 0xff, 0xff, 0xff, 0xff, 0xff, 0xff, 0xff, 0xff, 0xff, 0xff, 0xff, 0xff, 0xff,
    0xff, 0xff, 0xff, 0xff, 0xff, 0xff, 0xff, 0xff, 0xff, 0xff, 0xff, 0xff, 0xff, 0xff, 0xff, 0xff, 0xdf, 0xff, 0xff, 0xff, 0x14, 0xa5, 0x00, 0x00, 0x61, 0x08, 0xc6, 0xd3, 0xe7, 0xfc, 0xc6, 0xf4, 0x47, 0xfd, 0xc8, 0xfd, 0x29, 0xfe, 0x09, 0xfe,
    0x09, 0xfe, 0xe9, 0xfd, 0xe9, 0xfd, 0x0a, 0xfe, 0x68, 0xfc, 0xe7, 0xfa, 0x28, 0xfb, 0x28, 0xfb, 0xc7, 0xfa, 0xc7, 0xfa, 0xc7, 0xfa, 0xe7, 0xfa, 0xe7, 0xfa, 0xe7, 0xfa, 0xc7, 0xfa, 0xc7, 0xfa, 0xc7, 0xfa, 0xc7, 0xfa, 0x87, 0xfa, 0x08, 0xfc,
    0xe9, 0xfd, 0xc9, 0xfd, 0xc8, 0xfd, 0xc8, 0xfd, 0xa9, 0xfd, 0xa7, 0xfd, 0xab, 0xfe, 0x4c, 0x9c, 0x25, 0x21, 0x74, 0xad, 0xfe, 0xff, 0xfc, 0xff, 0xfb, 0xff, 0xdb, 0xff, 0xdb, 0xff, 0xdb, 0xff, 0xdb, 0xff, 0xda, 0xff, 0xda, 0xff, 0xfd, 0xff,
    0x07, 0x42, 0x52, 0xad, 0xfe, 0xff, 0xfc, 0xff, 0xfd, 0xff, 0xfd, 0xff, 0xfd, 0xff, 0xfd, 0xff, 0xfc, 0xff, 0xfb, 0xff, 0xfc, 0xff, 0xfd, 0xff, 0xd2, 0x9c, 0x04, 0x21, 0x8c, 0xd5, 0xe8, 0xfd, 0xa8, 0xfd, 0xc9, 0xfd, 0xa9, 0xfd, 0xc9, 0xfd,
    0xe8, 0xfb, 0x87, 0xfa, 0xc7, 0xfa, 0xa7, 0xfa, 0xc7, 0xfa, 0xc7, 0xfa, 0x08, 0xfb, 0x08, 0xfb, 0x08, 0xfb, 0xe5, 0xe9, 0x46, 0xf2, 0xe8, 0xfa, 0xa7, 0xfa, 0xa7, 0xfa, 0xc7, 0xfa, 0xe7, 0xfa, 0x07, 0xfb, 0x09, 0xfd, 0xea, 0xfd, 0xea, 0xfd,
    0xe9, 0xfd, 0xe9, 0xfd, 0xc9, 0xfd, 0xc9, 0xfd, 0xc9, 0xfd, 0xc9, 0xfd, 0x29, 0xfe, 0xa9, 0xc4, 0x00, 0x00, 0x00, 0x00, 0x18, 0xc6, 0xff, 0xff, 0xff, 0xff, 0xff, 0xff, 0xff, 0xff, 0xff, 0xff, 0xff, 0xff, 0xff, 0xff, 0xff, 0xff, 0xff, 0xff,
    0xff, 0xff, 0xff, 0xff, 0xff, 0xff, 0xff, 0xff, 0xff, 0xff, 0xff, 0xff, 0xff, 0xff, 0xff, 0xff, 0xdf, 0xff, 0xff, 0xff, 0xef, 0x7b, 0x00, 0x00, 0x03, 0x21, 0x70, 0xf7, 0x8e, 0xff, 0x29, 0xfe, 0x09, 0xfe, 0x09, 0xfe, 0xe9, 0xfd, 0xe9, 0xfd,
    0xe9, 0xfd, 0xe9, 0xfd, 0x09, 0xfe, 0x29, 0xfd, 0xe7, 0xfa, 0x07, 0xfb, 0xe7, 0xfa, 0xc7, 0xfa, 0xc7, 0xfa, 0xc7, 0xfa, 0xe7, 0xfa, 0x25, 0xea, 0x66, 0xf2, 0x28, 0xfb, 0xe7, 0xfa, 0xe8, 0xfa, 0xc7, 0xfa, 0xc7, 0xfa, 0xa7, 0xfa, 0x87, 0xfa,
    0xe9, 0xfc, 0xe9, 0xfd, 0xa8, 0xfd, 0xa8, 0xfd, 0x67, 0xfd, 0x4c, 0xfe, 0x14, 0xce, 0xe7, 0x39, 0x3a, 0xe7, 0xfe, 0xff, 0xdb, 0xff, 0xfb, 0xff, 0xfc, 0xff, 0xfe, 0xff, 0xfe, 0xff, 0xfe, 0xff, 0xfe, 0xff, 0xfd, 0xff, 0xfc, 0xff, 0xfe, 0xff,
    0x27, 0x42, 0xed, 0x7b, 0x98, 0xd6, 0xb3, 0xb5, 0xf0, 0x9c, 0x8f, 0x94, 0xf1, 0x9c, 0x15, 0xc6, 0x9a, 0xf7, 0xfd, 0xff, 0xfc, 0xff, 0xda, 0xff, 0xfe, 0xff, 0xb7, 0xd6, 0xb7, 0xd6, 0x33, 0xff, 0xea, 0xfd, 0x88, 0xfd, 0xc8, 0xfd, 0x29, 0xfd,
    0xc7, 0xfa, 0xc7, 0xfa, 0xc7, 0xfa, 0xe7, 0xfa, 0xe8, 0xfa, 0x86, 0xf2, 0x63, 0xe1, 0x08, 0xfb, 0x48, 0xfb, 0xe8, 0xfa, 0x43, 0xd9, 0x05, 0xea, 0xe8, 0xfa, 0xa7, 0xfa, 0xa7, 0xfa, 0xa7, 0xfa, 0xc7, 0xfa, 0xe8, 0xf3, 0xea, 0xfd, 0xc9, 0xfd,
    0xc9, 0xfd, 0xc9, 0xfd, 0xc9, 0xfd, 0xc9, 0xfd, 0xc9, 0xfd, 0xc9, 0xfd, 0x09, 0xfe, 0x09, 0xdd, 0x41, 0x08, 0x00, 0x00, 0x95, 0xb5, 0xff, 0xff, 0xdf, 0xff, 0xff, 0xff, 0xff, 0xff, 0xff, 0xff, 0xff, 0xff, 0xff, 0xff, 0xff, 0xff, 0xff, 0xff,
    0xff, 0xff, 0xff, 0xff, 0xff, 0xff, 0xff, 0xff, 0xff, 0xff, 0xff, 0xff, 0xff, 0xff, 0xff, 0xff, 0xdf, 0xff, 0xff, 0xff, 0x6d, 0x6b, 0x00, 0x00, 0x64, 0x29, 0xb1, 0xff, 0x0d, 0xff, 0xc8, 0xfd, 0xe9, 0xfd, 0xe9, 0xfd, 0xe9, 0xfd, 0xe9, 0xfd,
    0xe9, 0xfd, 0xe9, 0xfd, 0xe9, 0xfd, 0xc8, 0xfb, 0xe7, 0xfa, 0xe7, 0xfa, 0xc7, 0xfa, 0xc7, 0xfa, 0xc7, 0xfa, 0xc7, 0xfa, 0xc4, 0xe9, 0xa3, 0xe1, 0xe7, 0xfa, 0xe8, 0xfa, 0xe7, 0xfa, 0x87, 0xf2, 0xc7, 0xfa, 0xc7, 0xfa, 0xa7, 0xfa, 0x87, 0xfa,
    0x88, 0xfb, 0xa9, 0xfd, 0xa8, 0xfd, 0xa8, 0xfd, 0x6e, 0xfe, 0xfb, 0xff, 0xbb, 0xf7, 0xdb, 0xff, 0xfc, 0xff, 0xdb, 0xff, 0xfc, 0xff, 0xfe, 0xff, 0xd8, 0xde, 0x90, 0x8c, 0x4b, 0x6b, 0xea, 0x5a, 0xc9, 0x5a, 0x88, 0x52, 0x27, 0x42, 0xa6, 0x31,
    0xc2, 0x18, 0x03, 0x19, 0x85, 0x29, 0xa6, 0x31, 0x08, 0x42, 0x69, 0x4a, 0x08, 0x42, 0x24, 0x21, 0xe3, 0x18, 0x89, 0x52, 0x56, 0xce, 0xfd, 0xff, 0xda, 0xff, 0xfc, 0xff, 0xfc, 0xff, 0xfc, 0xff, 0xb9, 0xff, 0xb1, 0xfe, 0x2b, 0xfe, 0x69, 0xfc,
    0xa7, 0xfa, 0xc7, 0xfa, 0xe7, 0xfa, 0x25, 0xf2, 0x87, 0xf2, 0x49, 0xfb, 0x46, 0xea, 0x22, 0xd9, 0x08, 0xfb, 0x69, 0xfb, 0xe8, 0xfa, 0x63, 0xe1, 0x86, 0xf2, 0xc7, 0xfa, 0xa7, 0xfa, 0xa7, 0xfa, 0xe8, 0xfa, 0x48, 0xfb, 0x0a, 0xfe, 0x6a, 0xfe,
    0x4a, 0xfe, 0x29, 0xfe, 0x09, 0xfe, 0x09, 0xfe, 0xe9, 0xfd, 0xc8, 0xfd, 0xe8, 0xfd, 0x29, 0xe5, 0x61, 0x08, 0x00, 0x00, 0x13, 0xa5, 0xff, 0xff, 0xdf, 0xff, 0xff, 0xff, 0xff, 0xff, 0xff, 0xff, 0xff, 0xff, 0xff, 0xff, 0xff, 0xff, 0xff, 0xff,
    0xff, 0xff, 0xff, 0xff, 0xff, 0xff, 0xff, 0xff, 0xff, 0xff, 0xff, 0xff, 0xff, 0xff, 0xff, 0xff, 0xdf, 0xff, 0xff, 0xff, 0x2c, 0x63, 0x00, 0x00, 0x84, 0x31, 0xb1, 0xff, 0xcc, 0xfe, 0xa8, 0xfd, 0xc8, 0xfd, 0xe9, 0xfd, 0x09, 0xfe, 0x29, 0xfe,
    0x2a, 0xfe, 0x8a, 0xfe, 0xa9, 0xfd, 0xe7, 0xfa, 0xc7, 0xfa, 0xc7, 0xfa, 0xc7, 0xfa, 0xc7, 0xfa, 0xc7, 0xfa, 0xa3, 0xe9, 0xc4, 0xe9, 0x28, 0xfb, 0x08, 0xfb, 0x08, 0xfb, 0x83, 0xe1, 0xe4, 0xe9, 0xc7, 0xfa, 0xc7, 0xfa, 0xc7, 0xfa, 0xa7, 0xfa,
    0xe7, 0xfa, 0x29, 0xfd, 0x4c, 0xfe, 0x55, 0xff, 0xfb, 0xff, 0xfc, 0xff, 0xfc, 0xff, 0xfc, 0xff, 0xdb, 0xff, 0xfc, 0xff, 0x5a, 0xef, 0xca, 0x5a, 0xa2, 0x10, 0x69, 0x4a, 0xef, 0x7b, 0x92, 0x94, 0x92, 0x94, 0x92, 0x94, 0x55, 0xad, 0x38, 0xc6,
    0x1c, 0xe7, 0x9d, 0xf7, 0xff, 0xff, 0xff, 0xff, 0xff, 0xff, 0xff, 0xff, 0xff, 0xff, 0xdf, 0xff, 0x59, 0xce, 0x0c, 0x63, 0x82, 0x10, 0x2f, 0x84, 0xfd, 0xff, 0xdb, 0xff, 0xfb, 0xff, 0xfb, 0xff, 0xfc, 0xff, 0xfc, 0xff, 0xda, 0xff, 0x4c, 0xf4,
    0xa7, 0xfa, 0xc7, 0xfa, 0xe8, 0xfa, 0x45, 0xf2, 0x42, 0xe1, 0x28, 0xfb, 0x69, 0xfb, 0x25, 0xea, 0x63, 0xd9, 0x28, 0xfb, 0x28, 0xfb, 0x08, 0xfb, 0xc7, 0xfa, 0xa7, 0xfa, 0x87, 0xfa, 0x87, 0xfa, 0xa7, 0xfa, 0xc7, 0xea, 0xe8, 0xab, 0x48, 0xac,
    0x48, 0xb4, 0xc8, 0xcc, 0x49, 0xdd, 0xaa, 0xf5, 0xea, 0xfd, 0x0a, 0xfe, 0x6a, 0xfe, 0xca, 0xfd, 0x81, 0x10, 0x00, 0x00, 0xf3, 0x9c, 0xdf, 0xff, 0xbe, 0xf7, 0xff, 0xff, 0xff, 0xff, 0xff, 0xff, 0xff, 0xff, 0xff, 0xff, 0xff, 0xff, 0xff, 0xff,
    0xff, 0xff, 0xff, 0xff, 0xff, 0xff, 0xff, 0xff, 0xff, 0xff, 0xff, 0xff, 0xff, 0xff, 0xff, 0xff, 0xdf, 0xff, 0xff, 0xff, 0x4c, 0x63, 0x00, 0x00, 0x84, 0x31, 0xd1, 0xff, 0x0d, 0xff, 0x49, 0xfe, 0x6a, 0xfe, 0x6a, 0xfe, 0x0a, 0xfe, 0x8a, 0xe5,
    0xe9, 0xcc, 0x48, 0xac, 0xc7, 0xbb, 0xe7, 0xfa, 0xc7, 0xfa, 0xc7, 0xfa, 0xc7, 0xfa, 0xe8, 0xfa, 0xe4, 0xe9, 0xc4, 0xe9, 0x28, 0xfb, 0xe8, 0xfa, 0xe8, 0xfa, 0xa4, 0xe9, 0x83, 0xe1, 0xc7, 0xfa, 0xa7, 0xfa, 0xe8, 0xfa, 0xc7, 0xfa, 0xc7, 0xfa,
    0xa6, 0xfa, 0xaf, 0xf5, 0xfa, 0xff, 0xfc, 0xff, 0xfb, 0xff, 0xfb, 0xff, 0xfb, 0xff, 0xfb, 0xff, 0xfc, 0xff, 0xb8, 0xd6, 0xe3, 0x18, 0x86, 0x31, 0xdb, 0xde, 0xff, 0xff, 0xff, 0xff, 0xff, 0xff, 0xff, 0xff, 0xff, 0xff, 0xff, 0xff, 0xff, 0xff,
    0xff, 0xff, 0xff, 0xff, 0xff, 0xff, 0xff, 0xff, 0xff, 0xff, 0xff, 0xff, 0xff, 0xff, 0xff, 0xff, 0xff, 0xff, 0xff, 0xff, 0x30, 0x84, 0x00, 0x00, 0x70, 0x8c, 0xfd, 0xff, 0xfb, 0xff, 0xfc, 0xff, 0xfb, 0xff, 0xfb, 0xff, 0xfc, 0xff, 0x4d, 0xf4,
    0xc7, 0xfa, 0xe8, 0xfa, 0xc7, 0xfa, 0x08, 0xfb, 0xa4, 0xe9, 0x25, 0xea, 0x28, 0xfb, 0x28, 0xfb, 0x87, 0xf2, 0xe7, 0xfa, 0xe8, 0xfa, 0xe8, 0xfa, 0xc8, 0xfa, 0xa7, 0xfa, 0xa7, 0xfa, 0x87, 0xfa, 0x87, 0xfa, 0xe7, 0xe2, 0xe5, 0x69, 0x43, 0x41,
    0xe2, 0x28, 0xc2, 0x18, 0x81, 0x10, 0x81, 0x08, 0xa2, 0x10, 0x22, 0x29, 0x24, 0x52, 0xc6, 0x72, 0x41, 0x08, 0x00, 0x00, 0x14, 0xa5, 0xff, 0xff, 0xff, 0xff, 0xff, 0xff, 0xff, 0xff, 0xdf, 0xff, 0xff, 0xff, 0xff, 0xff, 0xff, 0xff, 0xff, 0xff,
    0xff, 0xff, 0xff, 0xff, 0xff, 0xff, 0xff, 0xff, 0xff, 0xff, 0xff, 0xff, 0xff, 0xff, 0xdf, 0xff, 0xdf, 0xff, 0xff, 0xff, 0xae, 0x73, 0x00, 0x00, 0x23, 0x29, 0xd0, 0xee, 0x4a, 0xc5, 0xa6, 0x9b, 0x64, 0x62, 0x63, 0x39, 0xa2, 0x10, 0x61, 0x08,
    0xa2, 0x10, 0x02, 0x31, 0x05, 0x8a, 0x07, 0xfb, 0xe7, 0xfa, 0xc7, 0xfa, 0xc7, 0xfa, 0xc7, 0xfa, 0xa7, 0xfa, 0xe8, 0xfa, 0xc7, 0xfa, 0xe8, 0xfa, 0x66, 0xf2, 0x63, 0xe1, 0xc7, 0xfa, 0xa7, 0xfa, 0xe7, 0xfa, 0xe8, 0xfa, 0xa7, 0xfa, 0xc8, 0xfa,
    0x86, 0xfa, 0xf3, 0xf5, 0xfd, 0xff, 0xfb, 0xff, 0xfb, 0xff, 0xfb, 0xff, 0xfb, 0xff, 0xfb, 0xff, 0x7b, 0xef, 0x24, 0x21, 0x00, 0x18, 0x89, 0x52, 0xff, 0xff, 0xbe, 0xf7, 0xde, 0xff, 0xd3, 0x9c, 0x3c, 0xe7, 0xff, 0xff, 0xff, 0xff, 0xff, 0xff,
    0xff, 0xff, 0x9e, 0xf7, 0x5d, 0xef, 0xba, 0xd6, 0xd7, 0xbd, 0x30, 0x84, 0x86, 0x31, 0x34, 0xa5, 0xff, 0xff, 0xdf, 0xff, 0xa6, 0x31, 0x61, 0x40, 0x20, 0x00, 0xb8, 0xd6, 0xfc, 0xff, 0xfb, 0xff, 0xfc, 0xff, 0xfc, 0xff, 0xfc, 0xff, 0x4d, 0xf4,
    0xc7, 0xfa, 0xc8, 0xfa, 0xc7, 0xfa, 0xc7, 0xfa, 0xc8, 0xfa, 0xa7, 0xfa, 0xe8, 0xfa, 0xe8, 0xfa, 0x08, 0xfb, 0xe8, 0xfa, 0xe7, 0xfa, 0xc7, 0xfa, 0xa7, 0xfa, 0xa7, 0xfa, 0xa7, 0xfa, 0x86, 0xfa, 0x86, 0xfa, 0xc6, 0xfa, 0xc6, 0xfb, 0xe6, 0xfb,
    0xc6, 0xfb, 0xc6, 0xf3, 0x66, 0xdb, 0xc4, 0xb2, 0x03, 0x82, 0xa3, 0x59, 0xe2, 0x28, 0x21, 0x00, 0x00, 0x00, 0x00, 0x00, 0xc2, 0x10, 0xeb, 0x5a, 0xf3, 0x9c, 0xdb, 0xde, 0xff, 0xff, 0xff, 0xff, 0xff, 0xff, 0xff, 0xff, 0xff, 0xff, 0xff, 0xff,
    0xff, 0xff, 0xff, 0xff, 0xff, 0xff, 0xff, 0xff, 0xff, 0xff, 0xff, 0xff, 0xff, 0xff, 0xff, 0xff, 0xff, 0xff, 0x3c, 0xe7, 0xaa, 0x52, 0x00, 0x00, 0x41, 0x08, 0x82, 0x10, 0x82, 0x10, 0x03, 0x19, 0xc4, 0x39, 0x45, 0x62, 0xc5, 0x92, 0x65, 0xc3,
    0xe6, 0xeb, 0xe6, 0xfb, 0x86, 0xfb, 0x07, 0xfb, 0xc7, 0xfa, 0xc7, 0xfa, 0xc7, 0xfa, 0xc7, 0xfa, 0xe8, 0xfa, 0xc7, 0xfa, 0xc7, 0xfa, 0xc7, 0xfa, 0xc7, 0xfa, 0xe8, 0xfa, 0xc7, 0xfa, 0xa7, 0xfa, 0xe7, 0xfa, 0xc7, 0xfa, 0xc7, 0xfa, 0xe7, 0xfa,
    0xc6, 0xf2, 0x95, 0xf6, 0xfc, 0xff, 0xfb, 0xff, 0xfb, 0xff, 0xfb, 0xff, 0xda, 0xff, 0xfd, 0xff, 0x8c, 0x6b, 0x00, 0x10, 0x43, 0x91, 0x00, 0x10, 0x95, 0xad, 0xff, 0xff, 0x6d, 0x6b, 0x24, 0x21, 0x07, 0x42, 0x28, 0x42, 0x69, 0x4a, 0x48, 0x4a,
    0x08, 0x42, 0x07, 0x42, 0x07, 0x42, 0x08, 0x42, 0x89, 0x52, 0xae, 0x73, 0x34, 0xa5, 0xc2, 0x18, 0xba, 0xd6, 0x92, 0x8c, 0x00, 0x18, 0x23, 0x99, 0x00, 0x18, 0x4b, 0x63, 0xfd, 0xff, 0xdb, 0xff, 0xfc, 0xff, 0xfb, 0xff, 0xfd, 0xff, 0x92, 0xf5,
    0xa7, 0xfa, 0xe8, 0xfa, 0xc7, 0xfa, 0xc7, 0xfa, 0xe8, 0xfa, 0xe8, 0xfa, 0xc8, 0xfa, 0xe8, 0xfa, 0xe8, 0xfa, 0xc7, 0xfa, 0xc7, 0xfa, 0xa7, 0xfa, 0xa7, 0xfa, 0x87, 0xfa, 0x87, 0xfa, 0x86, 0xfa, 0x86, 0xfa, 0xe6, 0xfa, 0x65, 0xf3, 0x44, 0xfb,
    0x44, 0xfb, 0x44, 0xfb, 0x64, 0xfb, 0x84, 0xfb, 0xa4, 0xfb, 0xc5, 0xfb, 0x26, 0xfc, 0x66, 0xbb, 0x00, 0x00, 0x00, 0x00, 0x69, 0x4a, 0x28, 0x42, 0xa2, 0x10, 0x40, 0x08, 0x24, 0x21, 0x0c, 0x63, 0xba, 0xd6, 0xff, 0xff, 0xff, 0xff, 0xff, 0xff,
    0xff, 0xff, 0xff, 0xff, 0xff, 0xff, 0xff, 0xff, 0xff, 0xff, 0xff, 0xff, 0x18, 0xc6, 0xce, 0x73, 0x65, 0x29, 0x82, 0x10, 0x61, 0x08, 0x00, 0x00, 0x41, 0x08, 0x6c, 0xbd, 0x6c, 0xee, 0x8a, 0xfd, 0x87, 0xfc, 0x26, 0xfc, 0xc5, 0xfb, 0xa5, 0xfb,
    0x64, 0xfb, 0x44, 0xfb, 0x25, 0xf3, 0x07, 0xfb, 0xe7, 0xfa, 0xe7, 0xfa, 0xc7, 0xfa, 0xc7, 0xfa, 0xc7, 0xfa, 0xc7, 0xfa, 0xc7, 0xfa, 0xc7, 0xfa, 0xe8, 0xfa, 0xe8, 0xfa, 0xc7, 0xfa, 0xc7, 0xfa, 0xe7, 0xfa, 0xc7, 0xfa, 0xc7, 0xfa, 0xa6, 0xfa,
    0x28, 0xf3, 0x99, 0xff, 0xfb, 0xff, 0xfb, 0xff, 0xfb, 0xff, 0xfb, 0xff, 0xfb, 0xff, 0x9a, 0xf7, 0xc2, 0x10, 0x81, 0x60, 0xe2, 0x88, 0x61, 0x20, 0x24, 0x21, 0x2c, 0x63, 0xe7, 0x39, 0xdf, 0xff, 0x9e, 0xf7, 0xba, 0xd6, 0x79, 0xce, 0x99, 0xd6,
    0xfb, 0xde, 0x5d, 0xef, 0xbe, 0xf7, 0xff, 0xff, 0xff, 0xff, 0xff, 0xff, 0xff, 0xff, 0xb6, 0xb5, 0x24, 0x29, 0xc3, 0x10, 0x61, 0x38, 0x02, 0xa1, 0x40, 0x50, 0x44, 0x21, 0xfb, 0xff, 0xfb, 0xff, 0xfb, 0xff, 0xfb, 0xff, 0xfc, 0xff, 0x38, 0xff,
    0x28, 0xf3, 0x08, 0xfb, 0xc7, 0xfa, 0xc7, 0xfa, 0xc8, 0xfa, 0xc8, 0xfa, 0xc7, 0xfa, 0xe8, 0xfa, 0xc8, 0xfa, 0xc7, 0xfa, 0xa7, 0xfa, 0xa7, 0xfa, 0xa7, 0xfa, 0x87, 0xfa, 0x86, 0xfa, 0x86, 0xfa, 0xa6, 0xfa, 0xc4, 0xfa, 0x24, 0xfb, 0x64, 0xfb,
    0x44, 0xfb, 0x44, 0xfb, 0x44, 0xfb, 0x44, 0xfb, 0x44, 0xfb, 0x44, 0xf3, 0x84, 0xfb, 0x84, 0xaa, 0x00, 0x00, 0x00, 0x00, 0x79, 0xce, 0xff, 0xff, 0xde, 0xff, 0x59, 0xce, 0x30, 0x84, 0x86, 0x31, 0x71, 0x8c, 0xff, 0xff, 0xff, 0xff, 0xff, 0xff,
    0xff, 0xff, 0xff, 0xff, 0xff, 0xff, 0x7d, 0xef, 0x8d, 0x73, 0xc2, 0x10, 0x61, 0x08, 0xe7, 0x39, 0x30, 0x84, 0xba, 0xd6, 0xd2, 0x9c, 0x00, 0x00, 0x41, 0x00, 0x87, 0xd4, 0x05, 0xfc, 0x44, 0xfb, 0x24, 0xfb, 0x44, 0xf3, 0x64, 0xfb, 0x64, 0xfb,
    0x44, 0xfb, 0x44, 0xfb, 0x04, 0xfb, 0x06, 0xfb, 0x08, 0xfb, 0xc7, 0xfa, 0xc7, 0xfa, 0xc7, 0xfa, 0xc7, 0xfa, 0xc7, 0xfa, 0xe7, 0xfa, 0xc7, 0xfa, 0xc7, 0xfa, 0xc7, 0xfa, 0xc7, 0xfa, 0xc7, 0xfa, 0xe7, 0xfa, 0xc7, 0xfa, 0xc7, 0xfa, 0x86, 0xfa,
    0x0f, 0xed, 0xfc, 0xff, 0xfa, 0xff, 0xfb, 0xff, 0xfb, 0xff, 0xfa, 0xff, 0xfc, 0xff, 0x96, 0xce, 0x20, 0x00, 0x02, 0x91, 0x00, 0x38, 0x71, 0x84, 0x99, 0xd6, 0xce, 0x7b, 0x5d, 0xef, 0xff, 0xff, 0xff, 0xff, 0xff, 0xff, 0xff, 0xff, 0xff, 0xff,
    0xff, 0xff, 0xff, 0xff, 0xff, 0xff, 0xff, 0xff, 0xff, 0xff, 0xff, 0xff, 0xff, 0xff, 0xff, 0xff, 0x1c, 0xe7, 0x1c, 0xe7, 0xa6, 0x31, 0x80, 0x70, 0xa1, 0x68, 0xe3, 0x10, 0xba, 0xf7, 0xfb, 0xff, 0xfb, 0xff, 0xfb, 0xff, 0xfb, 0xff, 0xfc, 0xff,
    0x0f, 0xed, 0x07, 0xf3, 0xe8, 0xfa, 0xc7, 0xfa, 0xc7, 0xfa, 0xc7, 0xfa, 0xc7, 0xfa, 0xc7, 0xfa, 0xc7, 0xfa, 0xa7, 0xfa, 0xa7, 0xfa, 0xc7, 0xfa, 0xa7, 0xfa, 0x87, 0xfa, 0x87, 0xfa, 0x66, 0xfa, 0xc7, 0xf3, 0xa7, 0xfc, 0x64, 0xf3, 0x24, 0xf3,
    0x44, 0xfb, 0x44, 0xfb, 0x44, 0xfb, 0x44, 0xfb, 0x44, 0xfb, 0x44, 0xfb, 0xa4, 0xfb, 0xe3, 0x89, 0x00, 0x00, 0x20, 0x00, 0xda, 0xde, 0xff, 0xff, 0xff, 0xff, 0xff, 0xff, 0xff, 0xff, 0xff, 0xff, 0xff, 0xff, 0xff, 0xff, 0xff, 0xff, 0xff, 0xff,
    0xff, 0xff, 0xff, 0xff, 0xff, 0xff, 0x3c, 0xe7, 0x2c, 0x63, 0xf3, 0x9c, 0x3c, 0xe7, 0xff, 0xff, 0xff, 0xff, 0xff, 0xff, 0x17, 0xc6, 0x00, 0x00, 0x00, 0x00, 0x64, 0xaa, 0xc5, 0xfb, 0x85, 0xf3, 0x64, 0xfb, 0x64, 0xfb, 0x44, 0xfb, 0x44, 0xfb,
    0x24, 0xfb, 0x03, 0xfb, 0x25, 0xfc, 0x88, 0xf4, 0xc7, 0xfa, 0xe7, 0xfa, 0xa7, 0xfa, 0xa7, 0xfa, 0xa7, 0xfa, 0xc7, 0xfa, 0xc7, 0xfa, 0xc7, 0xfa, 0xc7, 0xfa, 0xc7, 0xfa, 0xc7, 0xfa, 0xc7, 0xfa, 0xc7, 0xfa, 0xc7, 0xfa, 0xe7, 0xfa, 0xaa, 0xeb,
    0xba, 0xff, 0xfb, 0xff, 0xfb, 0xff, 0xfb, 0xff, 0xfb, 0xff, 0xfb, 0xff, 0xfb, 0xff, 0x18, 0xe7, 0x20, 0x00, 0xe2, 0x78, 0xa1, 0x30, 0x5d, 0xe7, 0xff, 0xff, 0xff, 0xff, 0xff, 0xff, 0xff, 0xff, 0xfb, 0xde, 0x55, 0xad, 0x10, 0x84, 0x0c, 0x63,
    0x8a, 0x52, 0x49, 0x4a, 0x8a, 0x52, 0x2c, 0x63, 0x10, 0x84, 0x55, 0xad, 0xfb, 0xde, 0xff, 0xff, 0xff, 0xff, 0xff, 0xff, 0xd3, 0x94, 0x40, 0x48, 0x60, 0x40, 0xa6, 0x29, 0xfc, 0xff, 0xfb, 0xff, 0xfb, 0xff, 0xfb, 0xff, 0xfb, 0xff, 0xfc, 0xff,
    0x9a, 0xff, 0x2c, 0xe4, 0xe7, 0xf2, 0xc7, 0xfa, 0xc7, 0xfa, 0xa7, 0xfa, 0xa7, 0xfa, 0xc7, 0xfa, 0xc7, 0xfa, 0xe8, 0xfa, 0xc7, 0xfa, 0xc7, 0xfa, 0xa7, 0xfa, 0x87, 0xfa, 0x67, 0xfa, 0x27, 0xfb, 0x89, 0xfd, 0x09, 0xfe, 0x48, 0xfd, 0x26, 0xf4,
    0x64, 0xf3, 0x44, 0xfb, 0x23, 0xfb, 0x44, 0xfb, 0x43, 0xfb, 0x44, 0xfb, 0x85, 0xfb, 0x42, 0x59, 0x00, 0x00, 0x03, 0x21, 0xbe, 0xf7, 0xff, 0xff, 0xff, 0xff, 0xff, 0xff, 0xdf, 0xff, 0xff, 0xff, 0xff, 0xff, 0xff, 0xff, 0xff, 0xff, 0xff, 0xff,
    0xff, 0xff, 0xff, 0xff, 0xff, 0xff, 0xff, 0xff, 0xff, 0xff, 0xff, 0xff, 0xff, 0xff, 0xff, 0xff, 0xdf, 0xff, 0xff, 0xff, 0x5c, 0xef, 0x81, 0x10, 0x00, 0x00, 0x04, 0x7a, 0xe5, 0xfb, 0x44, 0xf3, 0x24, 0xfb, 0x24, 0xfb, 0x24, 0xfb, 0x03, 0xfb,
    0x64, 0xfb, 0xc7, 0xfc, 0x0a, 0xfe, 0xea, 0xfd, 0x08, 0xf4, 0xe7, 0xfa, 0xe7, 0xfa, 0xc7, 0xfa, 0xa6, 0xfa, 0x86, 0xfa, 0x87, 0xfa, 0xa7, 0xfa, 0xa7, 0xfa, 0xc7, 0xfa, 0xc7, 0xfa, 0xe7, 0xfa, 0xe8, 0xfa, 0xa7, 0xfa, 0xe7, 0xea, 0xb6, 0xf6,
    0xfc, 0xff, 0xfb, 0xff, 0xfb, 0xff, 0xfb, 0xff, 0xfb, 0xff, 0xfb, 0xff, 0xfa, 0xff, 0xfc, 0xff, 0xea, 0x5a, 0x00, 0x00, 0x40, 0x10, 0x96, 0xad, 0x59, 0xce, 0xb2, 0x94, 0xaa, 0x52, 0x45, 0x29, 0xe3, 0x18, 0x85, 0x31, 0x88, 0x52, 0x4b, 0x6b,
    0x0d, 0x84, 0x4e, 0x8c, 0x0e, 0x84, 0x6c, 0x6b, 0x89, 0x4a, 0x85, 0x29, 0xe3, 0x18, 0x65, 0x29, 0x0c, 0x63, 0xf3, 0x9c, 0x4d, 0x63, 0x00, 0x00, 0x00, 0x00, 0x73, 0xad, 0xfc, 0xff, 0xfb, 0xff, 0xfc, 0xff, 0xfb, 0xff, 0xfb, 0xff, 0xfb, 0xff,
    0xfc, 0xff, 0x7a, 0xf7, 0x8e, 0xe4, 0xa6, 0xf2, 0xc7, 0xfa, 0xe8, 0xfa, 0xa7, 0xfa, 0xc7, 0xfa, 0xc7, 0xfa, 0xe8, 0xfa, 0xc7, 0xfa, 0xa7, 0xfa, 0xa7, 0xfa, 0x66, 0xfa, 0xe7, 0xfa, 0x49, 0xfd, 0xc9, 0xfd, 0xa9, 0xfd, 0xe9, 0xfd, 0xea, 0xfd,
    0x48, 0xf5, 0x46, 0xf4, 0x64, 0xfb, 0x03, 0xfb, 0x23, 0xfb, 0x43, 0xfb, 0x45, 0xf3, 0xa1, 0x20, 0x00, 0x00, 0xaa, 0x52, 0xff, 0xff, 0xff, 0xff, 0xff, 0xff, 0xff, 0xff, 0xff, 0xff, 0xff, 0xff, 0xff, 0xff, 0xff, 0xff, 0xff, 0xff, 0xff, 0xff,
    0xff, 0xff, 0xff, 0xff, 0xff, 0xff, 0xff, 0xff, 0xdf, 0xff, 0xdf, 0xff, 0xff, 0xff, 0xff, 0xff, 0xff, 0xff, 0xff, 0xff, 0xff, 0xff, 0xc7, 0x39, 0x00, 0x00, 0x22, 0x41, 0xa5, 0xfb, 0x44, 0xfb, 0x24, 0xfb, 0x03, 0xfb, 0xe3, 0xfa, 0x25, 0xfc,
    0xc9, 0xfd, 0xea, 0xfd, 0xa9, 0xfd, 0xc9, 0xfd, 0xc9, 0xfd, 0x08, 0xf4, 0xe7, 0xf2, 0xa6, 0xfa, 0xa6, 0xfa, 0xa7, 0xfa, 0xa7, 0xfa, 0xa7, 0xfa, 0xa7, 0xfa, 0xa7, 0xfa, 0xc7, 0xfa, 0x86, 0xfa, 0x45, 0xfa, 0x69, 0xeb, 0x96, 0xf6, 0xfc, 0xff,
    0xfb, 0xff, 0xfb, 0xff, 0xfb, 0xff, 0xfb, 0xff, 0xfb, 0xff, 0xfb, 0xff, 0xfb, 0xff, 0xfb, 0xff, 0xbb, 0xf7, 0x4c, 0x63, 0xc2, 0x10, 0x61, 0x08, 0x24, 0x21, 0x27, 0x42, 0xcd, 0x7b, 0xd4, 0xb5, 0x59, 0xef, 0xfc, 0xff, 0xfd, 0xff, 0xfd, 0xff,
    0xfd, 0xff, 0xfd, 0xff, 0xfd, 0xff, 0xfd, 0xff, 0xfd, 0xff, 0xfc, 0xff, 0x59, 0xef, 0x94, 0xb5, 0x6c, 0x6b, 0x06, 0x3a, 0x85, 0x31, 0x48, 0x42, 0x94, 0xad, 0xfc, 0xff, 0xfb, 0xff, 0xfb, 0xff, 0xfb, 0xff, 0xfb, 0xff, 0xfb, 0xff, 0xfc, 0xff,
    0xfb, 0xff, 0xfc, 0xff, 0xfc, 0xff, 0x14, 0xee, 0xaa, 0xf3, 0xc7, 0xfa, 0x86, 0xfa, 0x86, 0xfa, 0x86, 0xfa, 0xc7, 0xfa, 0xc7, 0xfa, 0x86, 0xfa, 0x85, 0xfa, 0xc7, 0xf3, 0x69, 0xfd, 0xa9, 0xfd, 0x89, 0xfd, 0xa9, 0xfd, 0x89, 0xfd, 0x49, 0xed,
    0x6b, 0xfe, 0x6b, 0xfe, 0x69, 0xfd, 0x46, 0xf4, 0x43, 0xf3, 0x23, 0xfb, 0x84, 0xc2, 0x20, 0x00, 0x00, 0x00, 0xb2, 0x94, 0xff, 0xff, 0xdf, 0xff, 0xff, 0xff, 0xff, 0xff, 0xff, 0xff, 0xff, 0xff, 0xff, 0xff, 0xff, 0xff, 0xff, 0xff, 0xff, 0xff,
    0xff, 0xff, 0xff, 0xff, 0xff, 0xff, 0xff, 0xff, 0xff, 0xff, 0xff, 0xff, 0xff, 0xff, 0xff, 0xff, 0xff, 0xff, 0xdf, 0xff, 0xff, 0xff, 0xae, 0x73, 0x00, 0x00, 0x61, 0x08, 0x24, 0xe3, 0x43, 0xfb, 0xe3, 0xfa, 0xa4, 0xf3, 0x27, 0xfd, 0xe9, 0xfd,
    0x0a, 0xfe, 0x4a, 0xfe, 0x09, 0xfe, 0xa8, 0xfd, 0xa8, 0xfd, 0xa9, 0xfd, 0xc8, 0xf4, 0xa8, 0xf3, 0x07, 0xfb, 0x85, 0xfa, 0xa6, 0xfa, 0xa6, 0xfa, 0xa6, 0xfa, 0xa6, 0xf2, 0x66, 0xf2, 0x8a, 0xf3, 0x31, 0xed, 0x79, 0xf7, 0xfd, 0xff, 0xfb, 0xff,
    0xfb, 0xff, 0xfb, 0xff, 0xfb, 0xff, 0xfb, 0xff, 0xfb, 0xff, 0xfb, 0xff, 0xfb, 0xff, 0xfb, 0xff, 0xfb, 0xff, 0xfd, 0xff, 0x9a, 0xf7, 0x59, 0xef, 0xdb, 0xff, 0xfd, 0xff, 0xfd, 0xff, 0xfc, 0xff, 0xfb, 0xff, 0xfa, 0xff, 0xda, 0xff, 0xda, 0xff,
    0xda, 0xff, 0xda, 0xff, 0xda, 0xff, 0xda, 0xff, 0xda, 0xff, 0xfa, 0xff, 0xfb, 0xff, 0xfc, 0xff, 0xfd, 0xff, 0xfd, 0xff, 0xfc, 0xff, 0xfd, 0xff, 0xfd, 0xff, 0xfa, 0xff, 0xfa, 0xff, 0xfb, 0xff, 0xfb, 0xff, 0xfb, 0xff, 0xfb, 0xff, 0xfb, 0xff,
    0xfb, 0xff, 0xfb, 0xff, 0xfb, 0xff, 0xfd, 0xff, 0xdb, 0xff, 0x96, 0xf6, 0x0f, 0xf5, 0xae, 0xf4, 0x4c, 0xf4, 0x0b, 0xec, 0xce, 0xf4, 0x71, 0xf5, 0xb4, 0xf6, 0xea, 0xfd, 0x88, 0xfd, 0xa9, 0xfd, 0xa9, 0xfd, 0xa9, 0xfd, 0x49, 0xed, 0x83, 0x41,
    0xe4, 0x49, 0x89, 0xbc, 0x4b, 0xfe, 0x8b, 0xfe, 0x69, 0xfd, 0x66, 0xfc, 0x04, 0x7a, 0x00, 0x00, 0x20, 0x08, 0xfb, 0xde, 0xff, 0xff, 0xff, 0xff, 0xff, 0xff, 0xff, 0xff, 0xff, 0xff, 0xff, 0xff, 0xff, 0xff, 0xff, 0xff, 0xff, 0xff, 0xff, 0xff,
    0xff, 0xff, 0xff, 0xff, 0xff, 0xff, 0xff, 0xff, 0xff, 0xff, 0xff, 0xff, 0xff, 0xff, 0xff, 0xff, 0xff, 0xff, 0xff, 0xff, 0xff, 0xff, 0x18, 0xc6, 0x00, 0x00, 0x00, 0x00, 0x23, 0x9a, 0x84, 0xfb, 0xa6, 0xf4, 0xc9, 0xfd, 0x0a, 0xfe, 0x4a, 0xfe,
    0xaa, 0xf5, 0xc5, 0x72, 0x46, 0x93, 0xe9, 0xfd, 0x68, 0xfd, 0x89, 0xfd, 0xc9, 0xfd, 0xc9, 0xfd, 0xef, 0xf5, 0xb2, 0xed, 0xee, 0xec, 0x8d, 0xf4, 0xce, 0xf4, 0x91, 0xf5, 0x75, 0xf6, 0xba, 0xf7, 0xfd, 0xff, 0xfc, 0xff, 0xfb, 0xff, 0xfb, 0xff,
    0xfb, 0xff, 0xfb, 0xff, 0xfb, 0xff, 0xfb, 0xff, 0xfb, 0xff, 0xfb, 0xff, 0xfb, 0xff, 0xfb, 0xff, 0xfb, 0xff, 0xda, 0xff, 0xfb, 0xff, 0xfb, 0xff, 0xfb, 0xff, 0xfa, 0xff, 0xda, 0xff, 0xfa, 0xff, 0xfa, 0xff, 0xfa, 0xff, 0xfb, 0xff, 0xfa, 0xff,
    0xfa, 0xff, 0xfa, 0xff, 0xfb, 0xff, 0xfb, 0xff, 0xfb, 0xff, 0xfb, 0xff, 0xfb, 0xff, 0xfb, 0xff, 0xda, 0xff, 0xfa, 0xff, 0xfb, 0xff, 0xfa, 0xff, 0xda, 0xff, 0xfb, 0xff, 0xfa, 0xff, 0xfb, 0xff, 0xfb, 0xff, 0xfb, 0xff, 0xfb, 0xff, 0xfb, 0xff,
    0xfb, 0xff, 0xfb, 0xff, 0xfb, 0xff, 0xfb, 0xff, 0xfb, 0xff, 0xfc, 0xff, 0xfc, 0xff, 0xfc, 0xff, 0xfb, 0xff, 0xda, 0xff, 0xfc, 0xff, 0xfd, 0xff, 0xfc, 0xff, 0x56, 0xf7, 0x2d, 0xf6, 0xa8, 0xfd, 0xc9, 0xfd, 0xa9, 0xfd, 0x89, 0xfd, 0x29, 0xed,
    0x85, 0x72, 0xa2, 0x18, 0x22, 0x29, 0x87, 0x93, 0xeb, 0xfd, 0x4c, 0xfe, 0x23, 0x31, 0x00, 0x00, 0x07, 0x3a, 0xff, 0xff, 0xff, 0xff, 0xff, 0xff, 0xff, 0xff, 0xff, 0xff, 0xff, 0xff, 0xff, 0xff, 0xff, 0xff, 0xff, 0xff, 0xff, 0xff, 0xff, 0xff,
    0xff, 0xff, 0xff, 0xff, 0xff, 0xff, 0xff, 0xff, 0xff, 0xff, 0xff, 0xff, 0xff, 0xff, 0xff, 0xff, 0xff, 0xff, 0xff, 0xff, 0xff, 0xff, 0xde, 0xff, 0x24, 0x21, 0x00, 0x00, 0x42, 0x41, 0xc9, 0xfd, 0x09, 0xfe, 0x6b, 0xfe, 0xaa, 0xed, 0x06, 0x7b,
    0xc2, 0x18, 0xc3, 0x49, 0x08, 0xdd, 0xa9, 0xfd, 0xa9, 0xfd, 0xea, 0xfd, 0xeb, 0xf5, 0x8f, 0xf6, 0xfa, 0xff, 0xfd, 0xff, 0xfd, 0xff, 0xfd, 0xff, 0xfd, 0xff, 0xfd, 0xff, 0xfd, 0xff, 0xfc, 0xff, 0xfb, 0xff, 0xfb, 0xff, 0xfb, 0xff, 0xfb, 0xff,
    0xfc, 0xff, 0xfb, 0xff, 0xfb, 0xff, 0xfb, 0xff, 0xfb, 0xff, 0xfb, 0xff, 0xfb, 0xff, 0xfb, 0xff, 0xfb, 0xff, 0xfb, 0xff, 0xfb, 0xff, 0xfb, 0xff, 0xfb, 0xff, 0xfb, 0xff, 0xfb, 0xff, 0xfb, 0xff, 0xfb, 0xff, 0xfb, 0xff, 0xfb, 0xff, 0xfb, 0xff,
    0xfb, 0xff, 0xfb, 0xff, 0xfb, 0xff, 0xfb, 0xff, 0xfb, 0xff, 0xfb, 0xff, 0xfb, 0xff, 0xfb, 0xff, 0xfb, 0xff, 0xfb, 0xff, 0xfa, 0xff, 0xfa, 0xff, 0xfa, 0xff, 0xfb, 0xff, 0xfb, 0xff, 0xfb, 0xff, 0xfb, 0xff, 0xfb, 0xff, 0xfb, 0xff, 0xfb, 0xff,
    0xfb, 0xff, 0xfb, 0xff, 0xfb, 0xff, 0xfb, 0xff, 0xfb, 0xff, 0xfb, 0xff, 0xfb, 0xff, 0xfa, 0xff, 0xfb, 0xff, 0xfc, 0xff, 0xfb, 0xff, 0xfb, 0xff, 0xfb, 0xff, 0xfc, 0xff, 0xfb, 0xff, 0xb0, 0xf6, 0xc9, 0xf5, 0x89, 0xfd, 0xa9, 0xfd, 0xca, 0xfd,
    0xea, 0xfd, 0x28, 0xed, 0xc5, 0x82, 0x61, 0x10, 0xa2, 0x18, 0x65, 0x62, 0x20, 0x00, 0x00, 0x00, 0x34, 0xa5, 0xff, 0xff, 0xdf, 0xff, 0xff, 0xff, 0xff, 0xff, 0xff, 0xff, 0xff, 0xff, 0xff, 0xff, 0xff, 0xff, 0xff, 0xff, 0xff, 0xff, 0xff, 0xff,
    0xff, 0xff, 0xff, 0xff, 0xff, 0xff, 0xff, 0xff, 0xff, 0xff, 0xff, 0xff, 0xff, 0xff, 0xff, 0xff, 0xff, 0xff, 0xff, 0xff, 0xdf, 0xff, 0xff, 0xff, 0x30, 0x84, 0x00, 0x00, 0x41, 0x08, 0x29, 0xdd, 0xea, 0xfd, 0x06, 0x7b, 0x81, 0x10, 0x42, 0x31,
    0x48, 0xbc, 0xe9, 0xfd, 0xc9, 0xfd, 0xa9, 0xfd, 0x0b, 0xfe, 0x4d, 0xf6, 0x14, 0xf7, 0xfb, 0xff, 0xfc, 0xff, 0xfb, 0xff, 0xfb, 0xff, 0xfb, 0xff, 0xfb, 0xff, 0xfb, 0xff, 0xfb, 0xff, 0xfb, 0xff, 0xfc, 0xff, 0xfb, 0xff, 0xfb, 0xff, 0xfc, 0xff,
    0xfc, 0xff, 0xfb, 0xff, 0xfb, 0xff, 0xfb, 0xff, 0xfb, 0xff, 0xfb, 0xff, 0xfb, 0xff, 0xfb, 0xff, 0xfb, 0xff, 0xfb, 0xff, 0xfb, 0xff, 0xfb, 0xff, 0xfb, 0xff, 0xfb, 0xff, 0xfb, 0xff, 0xfb, 0xff, 0xfb, 0xff, 0xfb, 0xff, 0xfb, 0xff, 0xfb, 0xff,
    0xfb, 0xff, 0xfb, 0xff, 0xfb, 0xff, 0xfb, 0xff, 0xfb, 0xff, 0xfb, 0xff, 0xfb, 0xff, 0xfb, 0xff, 0xfb, 0xff, 0xfb, 0xff, 0xfa, 0xff, 0xfa, 0xff, 0xfb, 0xff, 0xfb, 0xff, 0xfb, 0xff, 0xfb, 0xff, 0xfb, 0xff, 0xfb, 0xff, 0xfb, 0xff, 0xfb, 0xff,
    0xfb, 0xff, 0xfb, 0xff, 0xfb, 0xff, 0xfb, 0xff, 0xfb, 0xff, 0xfb, 0xff, 0xfb, 0xff, 0xfb, 0xff, 0xfb, 0xff, 0xfb, 0xff, 0xfc, 0xff, 0xfc, 0xff, 0xfc, 0xff, 0xfb, 0xff, 0xfb, 0xff, 0xfb, 0xff, 0x36, 0xf7, 0xcb, 0xf5, 0x48, 0xfd, 0x89, 0xf5,
    0xaa, 0xf5, 0xca, 0xfd, 0x48, 0xfd, 0xa7, 0xf4, 0xc5, 0x92, 0x20, 0x08, 0x00, 0x00, 0x20, 0x00, 0x79, 0xce, 0xff, 0xff, 0xff, 0xff, 0xff, 0xff, 0xff, 0xff, 0xff, 0xff, 0xff, 0xff, 0xff, 0xff, 0xff, 0xff, 0xff, 0xff, 0xff, 0xff, 0xff, 0xff,
    0xff, 0xff, 0xff, 0xff, 0xff, 0xff, 0xff, 0xff, 0xff, 0xff, 0xff, 0xff, 0xff, 0xff, 0xff, 0xff, 0xff, 0xff, 0xff, 0xff, 0xff, 0xff, 0xff, 0xff, 0x5d, 0xef, 0xe3, 0x18, 0x00, 0x00, 0xa3, 0x41, 0x02, 0x21, 0xc1, 0x20, 0xc6, 0xab, 0xc9, 0xfd,
    0xe9, 0xfd, 0x89, 0xfd, 0xea, 0xf5, 0x0c, 0xf6, 0x2d, 0xf6, 0x77, 0xff, 0xfc, 0xff, 0xfb, 0xff, 0xfb, 0xff, 0xfb, 0xff, 0xfb, 0xff, 0xfb, 0xff, 0xfb, 0xff, 0xfb, 0xff, 0xfb, 0xff, 0xfb, 0xff, 0xfc, 0xff, 0xfc, 0xff, 0xfc, 0xff, 0xfc, 0xff,
    0xfc, 0xff, 0xfb, 0xff, 0xfb, 0xff, 0xfb, 0xff, 0xfb, 0xff, 0xfb, 0xff, 0xfb, 0xff, 0xfb, 0xff, 0xfb, 0xff, 0xfb, 0xff, 0xfb, 0xff, 0xfb, 0xff, 0xfb, 0xff, 0xfb, 0xff, 0xfb, 0xff, 0xfb, 0xff, 0xfb, 0xff, 0xfb, 0xff, 0xfb, 0xff, 0xfb, 0xff,
    0xfb, 0xff, 0xfb, 0xff, 0xfb, 0xff, 0xfb, 0xff, 0xfb, 0xff, 0xfb, 0xff, 0xfb, 0xff, 0xfb, 0xff, 0xfb, 0xff, 0xfb, 0xff, 0xfb, 0xff, 0xfa, 0xff, 0xfb, 0xff, 0xfb, 0xff, 0xfb, 0xff, 0xfb, 0xff, 0xfb, 0xff, 0xfb, 0xff, 0xfb, 0xff, 0xfb, 0xff,
    0xfb, 0xff, 0xfb, 0xff, 0xfb, 0xff, 0xfb, 0xff, 0xfb, 0xff, 0xfb, 0xff, 0xfb, 0xff, 0xfb, 0xff, 0xfb, 0xff, 0xfc, 0xff, 0xfc, 0xff, 0xfc, 0xff, 0xfb, 0xff, 0xfb, 0xff, 0xfb, 0xff, 0xfb, 0xff, 0xfc, 0xff, 0xb9, 0xff, 0x4f, 0xf6, 0x89, 0xf5,
    0xcb, 0xfd, 0xca, 0xf5, 0xcb, 0xed, 0x08, 0xfd, 0x87, 0xec, 0x81, 0x18, 0x00, 0x00, 0xa2, 0x10, 0x41, 0x08, 0x4c, 0x6b, 0x5d, 0xef, 0xff, 0xff, 0xff, 0xff, 0xff, 0xff, 0xff, 0xff, 0xff, 0xff, 0xff, 0xff, 0xff, 0xff, 0xff, 0xff, 0xff, 0xff,
    0xff, 0xff, 0xff, 0xff, 0xff, 0xff, 0xff, 0xff, 0xff, 0xff, 0xff, 0xff, 0xff, 0xff, 0xff, 0xff, 0xff, 0xff, 0xff, 0xff, 0xff, 0xff, 0xff, 0xff, 0xff, 0xff, 0x08, 0x42, 0x00, 0x00, 0x00, 0x00, 0xe6, 0x7a, 0xe9, 0xfd, 0xc8, 0xfd, 0x88, 0xfd,
    0xea, 0xfd, 0xea, 0xf5, 0xca, 0xf5, 0x6f, 0xf6, 0x98, 0xff, 0xfc, 0xff, 0xfb, 0xff, 0xfb, 0xff, 0xfc, 0xff, 0xfc, 0xff, 0xfb, 0xff, 0xfb, 0xff, 0xfb, 0xff, 0xfb, 0xff, 0xfb, 0xff, 0xfb, 0xff, 0xfb, 0xff, 0xfb, 0xff, 0xfb, 0xff, 0xfc, 0xff,
    0xfb, 0xff, 0xfb, 0xff, 0xfb, 0xff, 0xfb, 0xff, 0xfb, 0xff, 0xfb, 0xff, 0xfb, 0xff, 0xfb, 0xff, 0xfb, 0xff, 0xfb, 0xff, 0xfb, 0xff, 0xfb, 0xff, 0xfb, 0xff, 0xfb, 0xff, 0xfb, 0xff, 0xfb, 0xff, 0xfb, 0xff, 0xfb, 0xff, 0xfb, 0xff, 0xfb, 0xff,
    0xfb, 0xff, 0xfb, 0xff, 0xfb, 0xff, 0xfb, 0xff, 0xfb, 0xff, 0xfb, 0xff, 0xfb, 0xff, 0xfb, 0xff, 0xfb, 0xff, 0xfb, 0xff, 0xfb, 0xff, 0xfb, 0xff, 0xfb, 0xff, 0xfb, 0xff, 0xfb, 0xff, 0xfb, 0xff, 0xfb, 0xff, 0xfb, 0xff, 0xfb, 0xff, 0xfb, 0xff,
    0xfb, 0xff, 0xfb, 0xff, 0xfc, 0xff, 0xfb, 0xff, 0xfb, 0xff, 0xfb, 0xff, 0xfb, 0xff, 0xfb, 0xff, 0xfc, 0xff, 0xfc, 0xff, 0xfc, 0xff, 0xfc, 0xff, 0xfb, 0xff, 0xfb, 0xff, 0xfb, 0xff, 0xfb, 0xff, 0xfb, 0xff, 0xfb, 0xff, 0xfc, 0xff, 0xf4, 0xf6,
    0x0c, 0xf6, 0xaa, 0xfd, 0xaa, 0xf5, 0x2c, 0xfe, 0x24, 0x5a, 0x00, 0x00, 0x20, 0x00, 0x9a, 0xd6, 0x75, 0xad, 0xc3, 0x18, 0x61, 0x08, 0x54, 0xad, 0xff, 0xff, 0xff, 0xff, 0xff, 0xff, 0xff, 0xff, 0xff, 0xff, 0xff, 0xff, 0xff, 0xff, 0xff, 0xff,
    0xff, 0xff, 0xff, 0xff, 0xff, 0xff, 0xff, 0xff, 0xff, 0xff, 0xff, 0xff, 0xff, 0xff, 0xff, 0xff, 0xff, 0xff, 0xff, 0xff, 0xff, 0xff, 0x38, 0xc6, 0x65, 0x29, 0x24, 0x21, 0x61, 0x08, 0x00, 0x00, 0xc5, 0x72, 0x09, 0xfe, 0x68, 0xf5, 0xea, 0xfd,
    0xc9, 0xfd, 0x88, 0xf5, 0xd2, 0xf6, 0xfb, 0xff, 0xfc, 0xff, 0xfb, 0xff, 0xfc, 0xff, 0xfb, 0xff, 0xfb, 0xff, 0xfb, 0xff, 0xfb, 0xff, 0xfb, 0xff, 0xfb, 0xff, 0xfb, 0xff, 0xfb, 0xff, 0xfb, 0xff, 0xfb, 0xff, 0xfb, 0xff, 0xfb, 0xff, 0xfb, 0xff,
    0xfb, 0xff, 0xfb, 0xff, 0xfb, 0xff, 0xfb, 0xff, 0xfb, 0xff, 0xfb, 0xff, 0xfb, 0xff, 0xfb, 0xff, 0xfb, 0xff, 0xfb, 0xff, 0xfb, 0xff, 0xfb, 0xff, 0xfb, 0xff, 0xfb, 0xff, 0xfb, 0xff, 0xfb, 0xff, 0xfb, 0xff, 0xfb, 0xff, 0xfb, 0xff, 0xfb, 0xff,
    0xfb, 0xff, 0xfb, 0xff, 0xfb, 0xff, 0xfb, 0xff, 0xfb, 0xff, 0xfb, 0xff, 0xfb, 0xff, 0xfb, 0xff, 0xfb, 0xff, 0xfb, 0xff, 0xfb, 0xff, 0xfb, 0xff, 0xfb, 0xff, 0xfb, 0xff, 0xfb, 0xff, 0xfb, 0xff, 0xfb, 0xff, 0xfb, 0xff, 0xfb, 0xff, 0xfb, 0xff,
    0xfb, 0xff, 0xfb, 0xff, 0xfb, 0xff, 0xfb, 0xff, 0xfb, 0xff, 0xfb, 0xff, 0xfb, 0xff, 0xfb, 0xff, 0xfb, 0xff, 0xfb, 0xff, 0xfb, 0xff, 0xfb, 0xff, 0xfb, 0xff, 0xfb, 0xff, 0xfb, 0xff, 0xfb, 0xff, 0xfb, 0xff, 0xfb, 0xff, 0xfb, 0xff, 0xfc, 0xff,
    0xda, 0xff, 0xf3, 0xf6, 0xa9, 0xfd, 0x48, 0xcc, 0x41, 0x00, 0x00, 0x00, 0x2c, 0x63, 0xff, 0xff, 0xff, 0xff, 0xde, 0xf7, 0xef, 0x7b, 0x00, 0x00, 0xce, 0x7b, 0xff, 0xff, 0xff, 0xff, 0xff, 0xff, 0xff, 0xff, 0xff, 0xff, 0xff, 0xff, 0xff, 0xff,
    0xff, 0xff, 0xff, 0xff, 0xff, 0xff, 0xff, 0xff, 0xff, 0xff, 0xff, 0xff, 0xff, 0xff, 0xff, 0xff, 0xff, 0xff, 0xbe, 0xf7, 0x2c, 0x63, 0x40, 0x08, 0x4d, 0x6b, 0x9e, 0xf7, 0x4d, 0x6b, 0x00, 0x00, 0x20, 0x00, 0xc8, 0xc4, 0x4a, 0xfe, 0xa9, 0xf5,
    0x68, 0xfd, 0xd2, 0xf6, 0xfb, 0xff, 0xfc, 0xff, 0xfb, 0xff, 0xfc, 0xff, 0xfc, 0xff, 0xfb, 0xff, 0xfb, 0xff, 0xfb, 0xff, 0xfb, 0xff, 0xfb, 0xff, 0xfb, 0xff, 0xfb, 0xff, 0xfb, 0xff, 0xfb, 0xff, 0xfb, 0xff, 0xfb, 0xff, 0xfb, 0xff, 0xfb, 0xff,
    0xfb, 0xff, 0xfb, 0xff, 0xfb, 0xff, 0xfb, 0xff, 0xfb, 0xff, 0xfb, 0xff, 0xfb, 0xff, 0xfb, 0xff, 0xfb, 0xff, 0xfb, 0xff, 0xfb, 0xff, 0xfb, 0xff, 0xfb, 0xff, 0xfb, 0xff, 0xfb, 0xff, 0xfb, 0xff, 0xfb, 0xff, 0xfb, 0xff, 0xfb, 0xff, 0xfb, 0xff,
    0xfb, 0xff, 0xfb, 0xff, 0xfb, 0xff, 0xfb, 0xff, 0xfb, 0xff, 0xfb, 0xff, 0xfb, 0xff, 0xfb, 0xff, 0xfb, 0xff, 0xfb, 0xff, 0xfb, 0xff, 0xfb, 0xff, 0xfb, 0xff, 0xfb, 0xff, 0xfb, 0xff, 0xfb, 0xff, 0xfb, 0xff, 0xfb, 0xff, 0xfb, 0xff, 0xfb, 0xff,
    0xfb, 0xff, 0xfb, 0xff, 0xfb, 0xff, 0xfb, 0xff, 0xfb, 0xff, 0xfb, 0xff, 0xfb, 0xff, 0xfb, 0xff, 0xfb, 0xff, 0xfb, 0xff, 0xfb, 0xff, 0xfb, 0xff, 0xfb, 0xff, 0xfb, 0xff, 0xfb, 0xff, 0xfc, 0xff, 0xfc, 0xff, 0xfc, 0xff, 0xfc, 0xff, 0xfb, 0xff,
    0xfc, 0xff, 0xfd, 0xff, 0xd9, 0xff, 0x64, 0x31, 0x00, 0x00, 0x82, 0x10, 0x1c, 0xe7, 0xff, 0xff, 0xdf, 0xff, 0xff, 0xff, 0xff, 0xff, 0x79, 0xce, 0x34, 0xa5, 0xff, 0xff, 0xff, 0xff, 0xff, 0xff, 0xff, 0xff, 0xff, 0xff, 0xff, 0xff, 0xff, 0xff,
    0xff, 0xff, 0xff, 0xff, 0xff, 0xff, 0xff, 0xff, 0xff, 0xff, 0xff, 0xff, 0xff, 0xff, 0xff, 0xff, 0x9a, 0xd6, 0x03, 0x21, 0xa6, 0x31, 0x79, 0xce, 0xff, 0xff, 0xff, 0xff, 0x5c, 0xef, 0x82, 0x10, 0x00, 0x00, 0x43, 0x29, 0xc9, 0xfd, 0x88, 0xfd,
    0x35, 0xf7, 0xfb, 0xff, 0xfa, 0xff, 0xfb, 0xff, 0xfb, 0xff, 0xfb, 0xff, 0xfb, 0xff, 0xfb, 0xff, 0xfb, 0xff, 0xfb, 0xff, 0xfb, 0xff, 0xfb, 0xff, 0xfb, 0xff, 0xfb, 0xff, 0xfb, 0xff, 0xfb, 0xff, 0xfb, 0xff, 0xfb, 0xff, 0xfb, 0xff, 0xfb, 0xff,
    0xfb, 0xff, 0xfb, 0xff, 0xfb, 0xff, 0xfb, 0xff, 0xfb, 0xff, 0xfb, 0xff, 0xfb, 0xff, 0xfb, 0xff, 0xfb, 0xff, 0xfb, 0xff, 0xfb, 0xff, 0xfb, 0xff, 0xfb, 0xff, 0xfb, 0xff, 0xfb, 0xff, 0xfb, 0xff, 0xfb, 0xff, 0xfb, 0xff, 0xfb, 0xff, 0xfb, 0xff,
    0xfb, 0xff, 0xfb, 0xff, 0xfb, 0xff, 0xfb, 0xff, 0xfb, 0xff, 0xfb, 0xff, 0xfb, 0xff, 0xfb, 0xff, 0xfb, 0xff, 0xfb, 0xff, 0xfb, 0xff, 0xfb, 0xff, 0xfb, 0xff, 0xfb, 0xff, 0xfb, 0xff, 0xfb, 0xff, 0xfb, 0xff, 0xfb, 0xff, 0xfb, 0xff, 0xfb, 0xff,
    0xfb, 0xff, 0xfb, 0xff, 0xfb, 0xff, 0xfb, 0xff, 0xfb, 0xff, 0xfb, 0xff, 0xfb, 0xff, 0xfb, 0xff, 0xfb, 0xff, 0xfb, 0xff, 0xfb, 0xff, 0xfb, 0xff, 0xfb, 0xff, 0xfb, 0xff, 0xfc, 0xff, 0xfc, 0xff, 0xfc, 0xff, 0xfc, 0xff, 0xfc, 0xff, 0xfb, 0xff,
    0xdb, 0xff, 0xfe, 0xff, 0x0f, 0x7c, 0x00, 0x00, 0x00, 0x00, 0x92, 0x94, 0xff, 0xff, 0xdf, 0xff, 0xff, 0xff, 0xff, 0xff, 0xff, 0xff, 0xff, 0xff, 0xff, 0xff, 0xff, 0xff, 0xff, 0xff, 0xff, 0xff, 0xff, 0xff, 0xff, 0xff, 0xff, 0xff, 0xff, 0xff,
    0xff, 0xff, 0xff, 0xff, 0xff, 0xff, 0xff, 0xff, 0xff, 0xff, 0xff, 0xff, 0xff, 0xff, 0xff, 0xff, 0xf7, 0xbd, 0x91, 0x94, 0xff, 0xff, 0xff, 0xff, 0xdf, 0xff, 0xdf, 0xff, 0xff, 0xff, 0xd2, 0x94, 0x00, 0x00, 0x00, 0x00, 0xa5, 0x72, 0x96, 0xff,
    0xfc, 0xff, 0xfa, 0xff, 0xfa, 0xff, 0xfb, 0xff, 0xfb, 0xff, 0xfb, 0xff, 0xfb, 0xff, 0xfb, 0xff, 0xfb, 0xff, 0xfb, 0xff, 0xfb, 0xff, 0xfb, 0xff, 0xfb, 0xff, 0xfb, 0xff, 0xfb, 0xff, 0xfb, 0xff, 0xfb, 0xff, 0xfa, 0xff, 0xfb, 0xff, 0xfb, 0xff,
    0xfb, 0xff, 0xfb, 0xff, 0xfb, 0xff, 0xfb, 0xff, 0xfb, 0xff, 0xfb, 0xff, 0xfb, 0xff, 0xfb, 0xff, 0xfb, 0xff, 0xfb, 0xff, 0xfb, 0xff, 0xfb, 0xff, 0xfb, 0xff, 0xfb, 0xff, 0xfb, 0xff, 0xfb, 0xff, 0xfb, 0xff, 0xfb, 0xff, 0xfb, 0xff, 0xfb, 0xff,
    0xfa, 0xff, 0xfb, 0xff, 0xfb, 0xff, 0xfa, 0xff, 0xfb, 0xff, 0xfb, 0xff, 0xfb, 0xff, 0xfb, 0xff, 0xfb, 0xff, 0xfb, 0xff, 0xfb, 0xff, 0xfb, 0xff, 0xfb, 0xff, 0xfb, 0xff, 0xfb, 0xff, 0xfb, 0xff, 0xfb, 0xff, 0xfb, 0xff, 0xfb, 0xff, 0xfb, 0xff,
    0xfb, 0xff, 0xfb, 0xff, 0xfb, 0xff, 0xfb, 0xff, 0xfb, 0xff, 0xfb, 0xff, 0xfb, 0xff, 0xfb, 0xff, 0xfb, 0xff, 0xfb, 0xff, 0xfc, 0xff, 0xfb, 0xff, 0xfc, 0xff, 0xfc, 0xff, 0xfc, 0xff, 0xfc, 0xff, 0xfc, 0xff, 0xfb, 0xff, 0xfc, 0xff, 0xdb, 0xff,
    0xfd, 0xff, 0x56, 0xce, 0x20, 0x00, 0x00, 0x00, 0xe7, 0x39, 0xff, 0xff, 0xff, 0xff, 0xff, 0xff, 0xff, 0xff, 0xff, 0xff, 0xff, 0xff, 0xff, 0xff, 0xff, 0xff, 0xff, 0xff, 0xff, 0xff, 0xff, 0xff, 0xff, 0xff, 0xff, 0xff, 0xff, 0xff, 0xff, 0xff,
    0xff, 0xff, 0xff, 0xff, 0xff, 0xff, 0xff, 0xff, 0xff, 0xff, 0xff, 0xff, 0xff, 0xff, 0xff, 0xff, 0xff, 0xff, 0xff, 0xff, 0xff, 0xff, 0xff, 0xff, 0xff, 0xff, 0xff, 0xff, 0xff, 0xff, 0xff, 0xff, 0x8a, 0x52, 0x00, 0x00, 0x00, 0x00, 0x32, 0xa5,
    0xfd, 0xff, 0xda, 0xff, 0xfb, 0xff, 0xfa, 0xff, 0xfb, 0xff, 0xfb, 0xff, 0xfb, 0xff, 0xfb, 0xff, 0xfb, 0xff, 0xfb, 0xff, 0xfb, 0xff, 0xfb, 0xff, 0xfb, 0xff, 0xfb, 0xff, 0xfb, 0xff, 0xfb, 0xff, 0xfb, 0xff, 0xfa, 0xff, 0xfa, 0xff, 0xfb, 0xff,
    0xfb, 0xff, 0xfb, 0xff, 0xfb, 0xff, 0xfb, 0xff, 0xfb, 0xff, 0xfb, 0xff, 0xfb, 0xff, 0xfb, 0xff, 0xfb, 0xff, 0xfb, 0xff, 0xfb, 0xff, 0xfb, 0xff, 0xfb, 0xff, 0xfb, 0xff, 0xfb, 0xff, 0xfb, 0xff, 0xfb, 0xff, 0xfb, 0xff, 0xfb, 0xff, 0xfb, 0xff,
    0xfb, 0xff, 0xfb, 0xff, 0xfb, 0xff, 0xfb, 0xff, 0xfb, 0xff, 0xfb, 0xff, 0xfb, 0xff, 0xfb, 0xff, 0xfb, 0xff, 0xfb, 0xff, 0xfb, 0xff, 0xfb, 0xff, 0xfb, 0xff, 0xfb, 0xff, 0xfb, 0xff, 0xfb, 0xff, 0xfb, 0xff, 0xfb, 0xff, 0xfb, 0xff, 0xfb, 0xff,
    0xfb, 0xff, 0xfb, 0xff, 0xfb, 0xff, 0xfb, 0xff, 0xfb, 0xff, 0xfb, 0xff, 0xfb, 0xff, 0xfb, 0xff, 0xfb, 0xff, 0xfb, 0xff, 0xfb, 0xff, 0xfb, 0xff, 0xfc, 0xff, 0xfc, 0xff, 0xfc, 0xff, 0xfc, 0xff, 0xfb, 0xff, 0xfb, 0xff, 0xfb, 0xff, 0xfc, 0xff,
    0x19, 0xe7, 0x24, 0x21, 0x00, 0x00, 0x82, 0x10, 0xdb, 0xde, 0xff, 0xff, 0xff, 0xff, 0xff, 0xff, 0xff, 0xff, 0xff, 0xff, 0xff, 0xff, 0xff, 0xff, 0xff, 0xff, 0xff, 0xff, 0xff, 0xff, 0xff, 0xff, 0xff, 0xff, 0xff, 0xff, 0xff, 0xff, 0xff, 0xff,
    0xff, 0xff, 0xff, 0xff, 0xff, 0xff, 0xff, 0xff, 0xff, 0xff, 0xff, 0xff, 0xff, 0xff, 0xff, 0xff, 0xff, 0xff, 0xdf, 0xff, 0xff, 0xff, 0xff, 0xff, 0xff, 0xff, 0xff, 0xff, 0xff, 0xff, 0xff, 0xff, 0x9e, 0xf7, 0x65, 0x29, 0x00, 0x00, 0x20, 0x08,
    0xb4, 0xb5, 0xfe, 0xff, 0xda, 0xff, 0xfb, 0xff, 0xfb, 0xff, 0xfb, 0xff, 0xfb, 0xff, 0xfb, 0xff, 0xfb, 0xff, 0xfb, 0xff, 0xfb, 0xff, 0xfb, 0xff, 0xfb, 0xff, 0xfb, 0xff, 0xfb, 0xff, 0xfa, 0xff, 0xfa, 0xff, 0xfa, 0xff, 0xfa, 0xff, 0xfa, 0xff,
    0xfb, 0xff, 0xfb, 0xff, 0xfb, 0xff, 0xfb, 0xff, 0xfb, 0xff, 0xfb, 0xff, 0xfb, 0xff, 0xfb, 0xff, 0xfb, 0xff, 0xfb, 0xff, 0xfb, 0xff, 0xfb, 0xff, 0xfb, 0xff, 0xfb, 0xff, 0xfb, 0xff, 0xfb, 0xff, 0xfb, 0xff, 0xfb, 0xff, 0xfb, 0xff, 0xfb, 0xff,
    0xfb, 0xff, 0xfb, 0xff, 0xfb, 0xff, 0xfb, 0xff, 0xfb, 0xff, 0xfb, 0xff, 0xfb, 0xff, 0xfb, 0xff, 0xfb, 0xff, 0xfb, 0xff, 0xfb, 0xff, 0xfb, 0xff, 0xfb, 0xff, 0xfb, 0xff, 0xfb, 0xff, 0xfb, 0xff, 0xfb, 0xff, 0xfb, 0xff, 0xfa, 0xff, 0xfb, 0xff,
    0xfa, 0xff, 0xfb, 0xff, 0xfb, 0xff, 0xfb, 0xff, 0xfb, 0xff, 0xfb, 0xff, 0xfb, 0xff, 0xfb, 0xff, 0xfb, 0xff, 0xfb, 0xff, 0xfb, 0xff, 0xfb, 0xff, 0xfb, 0xff, 0xfb, 0xff, 0xfb, 0xff, 0xfb, 0xff, 0xfb, 0xff, 0xfb, 0xff, 0xfc, 0xff, 0x9b, 0xf7,
    0x65, 0x29, 0x00, 0x00, 0x00, 0x00, 0xb6, 0xb5, 0xff, 0xff, 0xff, 0xff, 0xff, 0xff, 0xff, 0xff, 0xff, 0xff, 0xff, 0xff, 0xff, 0xff, 0xff, 0xff, 0xff, 0xff, 0xff, 0xff, 0xff, 0xff, 0xff, 0xff, 0xff, 0xff, 0xff, 0xff, 0xff, 0xff, 0xff, 0xff,
    0xff, 0xff, 0xff, 0xff, 0xff, 0xff, 0xff, 0xff, 0xff, 0xff, 0xff, 0xff, 0xff, 0xff, 0xff, 0xff, 0xff, 0xff, 0xff, 0xff, 0xff, 0xff, 0xff, 0xff, 0xff, 0xff, 0xff, 0xff, 0xff, 0xff, 0xff, 0xff, 0xff, 0xff, 0xfb, 0xde, 0xe3, 0x18, 0x00, 0x00,
    0x61, 0x08, 0xd5, 0xbd, 0xfd, 0xff, 0xda, 0xff, 0xfb, 0xff, 0xfb, 0xff, 0xfb, 0xff, 0xfb, 0xff, 0xfb, 0xff, 0xfb, 0xff, 0xfb, 0xff, 0xfb, 0xff, 0xfb, 0xff, 0xfb, 0xff, 0xfa, 0xff, 0xfa, 0xff, 0xfa, 0xff, 0xfa, 0xff, 0xfb, 0xff, 0xfb, 0xff,
    0xfb, 0xff, 0xfb, 0xff, 0xfb, 0xff, 0xfa, 0xff, 0xfa, 0xff, 0xfb, 0xff, 0xfb, 0xff, 0xfb, 0xff, 0xfb, 0xff, 0xfb, 0xff, 0xfb, 0xff, 0xfb, 0xff, 0xfb, 0xff, 0xfb, 0xff, 0xfb, 0xff, 0xfb, 0xff, 0xfb, 0xff, 0xfb, 0xff, 0xfb, 0xff, 0xfb, 0xff,
    0xfb, 0xff, 0xfb, 0xff, 0xfb, 0xff, 0xfb, 0xff, 0xfb, 0xff, 0xfb, 0xff, 0xfb, 0xff, 0xfb, 0xff, 0xfb, 0xff, 0xfb, 0xff, 0xfb, 0xff, 0xfb, 0xff, 0xfb, 0xff, 0xfb, 0xff, 0xfb, 0xff, 0xfb, 0xff, 0xfb, 0xff, 0xfb, 0xff, 0xfb, 0xff, 0xfb, 0xff,
    0xfa, 0xff, 0xfb, 0xff, 0xfb, 0xff, 0xfb, 0xff, 0xfb, 0xff, 0xfb, 0xff, 0xfb, 0xff, 0xfb, 0xff, 0xfb, 0xff, 0xfb, 0xff, 0xfb, 0xff, 0xfb, 0xff, 0xfb, 0xff, 0xfb, 0xff, 0xfb, 0xff, 0xfb, 0xff, 0xda, 0xff, 0xfc, 0xff, 0x7a, 0xef, 0xc6, 0x39,
    0x00, 0x00, 0x00, 0x00, 0x92, 0x94, 0xff, 0xff, 0xdf, 0xff, 0xff, 0xff, 0xff, 0xff, 0xff, 0xff, 0xff, 0xff, 0xff, 0xff, 0xff, 0xff, 0xff, 0xff, 0xff, 0xff, 0xff, 0xff, 0xff, 0xff, 0xff, 0xff, 0xff, 0xff, 0xff, 0xff, 0xff, 0xff, 0xff, 0xff,
    0xff, 0xff, 0xff, 0xff, 0xff, 0xff, 0xff, 0xff, 0xff, 0xff, 0xff, 0xff, 0xff, 0xff, 0xff, 0xff, 0xff, 0xff, 0xff, 0xff, 0xff, 0xff, 0xff, 0xff, 0xff, 0xff, 0xff, 0xff, 0xff, 0xff, 0xff, 0xff, 0xff, 0xff, 0xff, 0xff, 0xba, 0xd6, 0xe3, 0x18,
    0x00, 0x00, 0x61, 0x08, 0x93, 0xb5, 0xfe, 0xff, 0xdb, 0xff, 0xfb, 0xff, 0xfb, 0xff, 0xfb, 0xff, 0xfb, 0xff, 0xfb, 0xff, 0xfb, 0xff, 0xfb, 0xff, 0xfb, 0xff, 0xfb, 0xff, 0xfb, 0xff, 0xfb, 0xff, 0xfb, 0xff, 0xfb, 0xff, 0xfb, 0xff, 0xfa, 0xff,
    0xfa, 0xff, 0xfb, 0xff, 0xfa, 0xff, 0xfb, 0xff, 0xfb, 0xff, 0xfb, 0xff, 0xfb, 0xff, 0xfb, 0xff, 0xfb, 0xff, 0xfb, 0xff, 0xfb, 0xff, 0xfb, 0xff, 0xfb, 0xff, 0xfb, 0xff, 0xfb, 0xff, 0xfb, 0xff, 0xfb, 0xff, 0xfb, 0xff, 0xfb, 0xff, 0xfb, 0xff,
    0xfb, 0xff, 0xfb, 0xff, 0xfb, 0xff, 0xfb, 0xff, 0xfb, 0xff, 0xfb, 0xff, 0xfb, 0xff, 0xfb, 0xff, 0xfb, 0xff, 0xfb, 0xff, 0xfb, 0xff, 0xfb, 0xff, 0xfb, 0xff, 0xfb, 0xff, 0xfb, 0xff, 0xfb, 0xff, 0xfb, 0xff, 0xfb, 0xff, 0xfb, 0xff, 0xfb, 0xff,
    0xfb, 0xff, 0xfb, 0xff, 0xfb, 0xff, 0xfb, 0xff, 0xfb, 0xff, 0xfb, 0xff, 0xfb, 0xff, 0xfb, 0xff, 0xfb, 0xff, 0xfb, 0xff, 0xfb, 0xff, 0xfb, 0xff, 0xfb, 0xff, 0xfb, 0xff, 0xfb, 0xff, 0xda, 0xff, 0xfc, 0xff, 0x5a, 0xef, 0x85, 0x31, 0x00, 0x00,
    0x00, 0x00, 0x10, 0x84, 0xff, 0xff, 0xdf, 0xff, 0xff, 0xff, 0xff, 0xff, 0xff, 0xff, 0xff, 0xff, 0xff, 0xff, 0xff, 0xff, 0xff, 0xff, 0xff, 0xff, 0xff, 0xff, 0xff, 0xff, 0xff, 0xff, 0xff, 0xff, 0xff, 0xff, 0xff, 0xff, 0xff, 0xff, 0xff, 0xff,
    0xff, 0xff, 0xff, 0xff, 0xff, 0xff, 0xff, 0xff, 0xff, 0xff, 0xff, 0xff, 0xff, 0xff, 0xff, 0xff, 0xff, 0xff, 0xff, 0xff, 0xff, 0xff, 0xff, 0xff, 0xff, 0xff, 0xff, 0xff, 0xff, 0xff, 0xff, 0xff, 0xff, 0xff, 0xff, 0xff, 0xff, 0xff, 0xda, 0xd6,
    0x24, 0x21, 0x00, 0x00, 0x20, 0x00, 0x90, 0x94, 0xfe, 0xff, 0xfc, 0xff, 0xfb, 0xff, 0xfb, 0xff, 0xfb, 0xff, 0xfb, 0xff, 0xfb, 0xff, 0xfb, 0xff, 0xfb, 0xff, 0xfb, 0xff, 0xfb, 0xff, 0xfb, 0xff, 0xfb, 0xff, 0xfb, 0xff, 0xfb, 0xff, 0xfa, 0xff,
    0xfa, 0xff, 0xfb, 0xff, 0xfa, 0xff, 0xfa, 0xff, 0xfb, 0xff, 0xfb, 0xff, 0xfb, 0xff, 0xfb, 0xff, 0xfb, 0xff, 0xfb, 0xff, 0xfb, 0xff, 0xfb, 0xff, 0xfb, 0xff, 0xfb, 0xff, 0xfb, 0xff, 0xfb, 0xff, 0xfb, 0xff, 0xfb, 0xff, 0xfb, 0xff, 0xfb, 0xff,
    0xfb, 0xff, 0xfb, 0xff, 0xfb, 0xff, 0xfb, 0xff, 0xfb, 0xff, 0xfb, 0xff, 0xfb, 0xff, 0xfb, 0xff, 0xfb, 0xff, 0xfb, 0xff, 0xfb, 0xff, 0xfb, 0xff, 0xfb, 0xff, 0xfb, 0xff, 0xfb, 0xff, 0xfb, 0xff, 0xfb, 0xff, 0xfb, 0xff, 0xfb, 0xff, 0xfb, 0xff,
    0xfb, 0xff, 0xfb, 0xff, 0xfb, 0xff, 0xfb, 0xff, 0xfb, 0xff, 0xfb, 0xff, 0xfb, 0xff, 0xfb, 0xff, 0xfb, 0xff, 0xfb, 0xff, 0xfb, 0xff, 0xfb, 0xff, 0xfb, 0xff, 0xfb, 0xff, 0xda, 0xff, 0xfd, 0xff, 0x77, 0xce, 0x24, 0x21, 0x00, 0x00, 0x00, 0x00,
    0xef, 0x7b, 0xff, 0xff, 0xdf, 0xff, 0xff, 0xff, 0xff, 0xff, 0xff, 0xff, 0xff, 0xff, 0xff, 0xff, 0xff, 0xff, 0xff, 0xff, 0xff, 0xff, 0xff, 0xff, 0xff, 0xff, 0xff, 0xff, 0xff, 0xff, 0xff, 0xff, 0xff, 0xff, 0xff, 0xff, 0xff, 0xff, 0xff, 0xff,
    0xff, 0xff, 0xff, 0xff, 0xff, 0xff, 0xff, 0xff, 0xff, 0xff, 0xff, 0xff, 0xff, 0xff, 0xff, 0xff, 0xff, 0xff, 0xff, 0xff, 0xff, 0xff, 0xff, 0xff, 0xff, 0xff, 0xff, 0xff, 0xff, 0xff, 0xff, 0xff, 0xff, 0xff, 0xff, 0xff, 0xff, 0xff, 0xff, 0xff,
    0x3c, 0xe7, 0xc7, 0x39, 0x00, 0x00, 0x00, 0x00, 0xea, 0x5a, 0x5a, 0xef, 0xfd, 0xff, 0xfb, 0xff, 0xfb, 0xff, 0xfb, 0xff, 0xfb, 0xff, 0xfb, 0xff, 0xfb, 0xff, 0xfb, 0xff, 0xfb, 0xff, 0xfb, 0xff, 0xfb, 0xff, 0xfb, 0xff, 0xfb, 0xff, 0xfa, 0xff,
    0xfb, 0xff, 0xfb, 0xff, 0xfb, 0xff, 0xfb, 0xff, 0xfb, 0xff, 0xfb, 0xff, 0xfb, 0xff, 0xfb, 0xff, 0xfb, 0xff, 0xfb, 0xff, 0xfb, 0xff, 0xfb, 0xff, 0xfb, 0xff, 0xfb, 0xff, 0xfb, 0xff, 0xfb, 0xff, 0xfb, 0xff, 0xfb, 0xff, 0xfb, 0xff, 0xfb, 0xff,
    0xfb, 0xff, 0xfb, 0xff, 0xfb, 0xff, 0xfb, 0xff, 0xfb, 0xff, 0xfb, 0xff, 0xfb, 0xff, 0xfb, 0xff, 0xfb, 0xff, 0xfb, 0xff, 0xfb, 0xff, 0xfb, 0xff, 0xfb, 0xff, 0xfb, 0xff, 0xfb, 0xff, 0xfb, 0xff, 0xfb, 0xff, 0xfb, 0xff, 0xfb, 0xff, 0xfb, 0xff,
    0xfb, 0xff, 0xfb, 0xff, 0xfb, 0xff, 0xfb, 0xff, 0xfb, 0xff, 0xfb, 0xff, 0xfb, 0xff, 0xfb, 0xff, 0xfb, 0xff, 0xfb, 0xff, 0xfb, 0xff, 0xfb, 0xff, 0xda, 0xff, 0xfb, 0xff, 0xfc, 0xff, 0x12, 0xa5, 0x81, 0x10, 0x00, 0x00, 0x00, 0x00, 0x92, 0x94,
    0xff, 0xff, 0xdf, 0xff, 0xff, 0xff, 0xff, 0xff, 0xff, 0xff, 0xff, 0xff, 0xff, 0xff, 0xff, 0xff, 0xff, 0xff, 0xff, 0xff, 0xff, 0xff, 0xff, 0xff, 0xff, 0xff, 0xff, 0xff, 0xff, 0xff, 0xff, 0xff, 0xff, 0xff, 0xff, 0xff, 0xff, 0xff, 0xff, 0xff,
    0xff, 0xff, 0xff, 0xff, 0xff, 0xff, 0xff, 0xff, 0xff, 0xff, 0xff, 0xff, 0xff, 0xff, 0xff, 0xff, 0xff, 0xff, 0xff, 0xff, 0xff, 0xff, 0xff, 0xff, 0xff, 0xff, 0xff, 0xff, 0xff, 0xff, 0xff, 0xff, 0xff, 0xff, 0xff, 0xff, 0xff, 0xff, 0xff, 0xff,
    0xff, 0xff, 0xbe, 0xf7, 0xeb, 0x5a, 0x00, 0x00, 0x00, 0x00, 0x03, 0x21, 0x52, 0xad, 0xfc, 0xff, 0xfc, 0xff, 0xdb, 0xff, 0xfb, 0xff, 0xfb, 0xff, 0xfb, 0xff, 0xfb, 0xff, 0xfb, 0xff, 0xfb, 0xff, 0xfb, 0xff, 0xfb, 0xff, 0xfb, 0xff, 0xfb, 0xff,
    0xfb, 0xff, 0xfb, 0xff, 0xfb, 0xff, 0xfb, 0xff, 0xfb, 0xff, 0xfb, 0xff, 0xfb, 0xff, 0xfb, 0xff, 0xfb, 0xff, 0xfb, 0xff, 0xfb, 0xff, 0xfb, 0xff, 0xfb, 0xff, 0xfb, 0xff, 0xfb, 0xff, 0xfb, 0xff, 0xfb, 0xff, 0xfb, 0xff, 0xfb, 0xff, 0xfb, 0xff,
    0xfb, 0xff, 0xfb, 0xff, 0xfb, 0xff, 0xfb, 0xff, 0xfb, 0xff, 0xfb, 0xff, 0xfb, 0xff, 0xfb, 0xff, 0xfb, 0xff, 0xfb, 0xff, 0xfb, 0xff, 0xfb, 0xff, 0xfb, 0xff, 0xfb, 0xff, 0xfb, 0xff, 0xfb, 0xff, 0xfb, 0xff, 0xfb, 0xff, 0xfb, 0xff, 0xfb, 0xff,
    0xfb, 0xff, 0xfb, 0xff, 0xfb, 0xff, 0xfb, 0xff, 0xfb, 0xff, 0xfb, 0xff, 0xfa, 0xff, 0xfb, 0xff, 0xfb, 0xff, 0xfb, 0xff, 0xfb, 0xff, 0xfb, 0xff, 0xfd, 0xff, 0x5a, 0xef, 0xea, 0x5a, 0x00, 0x00, 0x00, 0x00, 0xa2, 0x10, 0x95, 0xad, 0xff, 0xff,
    0xdf, 0xff, 0xff, 0xff, 0xff, 0xff, 0xff, 0xff, 0xff, 0xff, 0xff, 0xff, 0xff, 0xff, 0xff, 0xff, 0xff, 0xff, 0xff, 0xff, 0xff, 0xff, 0xff, 0xff, 0xff, 0xff, 0xff, 0xff, 0xff, 0xff, 0xff, 0xff, 0xff, 0xff, 0xff, 0xff, 0xff, 0xff, 0xff, 0xff,
    0xff, 0xff, 0xff, 0xff, 0xff, 0xff, 0xff, 0xff, 0xff, 0xff, 0xff, 0xff, 0xff, 0xff, 0xff, 0xff, 0xff, 0xff, 0xff, 0xff, 0xff, 0xff, 0xff, 0xff, 0xff, 0xff, 0xff, 0xff, 0xff, 0xff, 0xff, 0xff, 0xff, 0xff, 0xff, 0xff, 0xff, 0xff, 0xff, 0xff,
    0xff, 0xff, 0xff, 0xff, 0xff, 0xff, 0xb2, 0x94, 0x61, 0x08, 0x00, 0x00, 0x00, 0x00, 0xca, 0x5a, 0xf8, 0xde, 0xfd, 0xff, 0xfc, 0xff, 0xda, 0xff, 0xfa, 0xff, 0xfb, 0xff, 0xfb, 0xff, 0xfb, 0xff, 0xfb, 0xff, 0xfb, 0xff, 0xfb, 0xff, 0xfb, 0xff,
    0xfb, 0xff, 0xfb, 0xff, 0xfb, 0xff, 0xfb, 0xff, 0xfb, 0xff, 0xfb, 0xff, 0xfb, 0xff, 0xfb, 0xff, 0xfb, 0xff, 0xfb, 0xff, 0xfb, 0xff, 0xfb, 0xff, 0xfb, 0xff, 0xfb, 0xff, 0xfb, 0xff, 0xfb, 0xff, 0xfb, 0xff, 0xfb, 0xff, 0xfb, 0xff, 0xfb, 0xff,
    0xfb, 0xff, 0xfb, 0xff, 0xfb, 0xff, 0xfb, 0xff, 0xfb, 0xff, 0xfb, 0xff, 0xfb, 0xff, 0xfb, 0xff, 0xfb, 0xff, 0xfb, 0xff, 0xfb, 0xff, 0xfb, 0xff, 0xfc, 0xff, 0xfc, 0xff, 0xfb, 0xff, 0xfb, 0xff, 0xfb, 0xff, 0xfb, 0xff, 0xfb, 0xff, 0xfb, 0xff,
    0xfb, 0xff, 0xfb, 0xff, 0xfb, 0xff, 0xfb, 0xff, 0xfb, 0xff, 0xfb, 0xff, 0xfb, 0xff, 0xfb, 0xff, 0xda, 0xff, 0xfb, 0xff, 0xfd, 0xff, 0xdb, 0xff, 0xd1, 0x9c, 0xe3, 0x18, 0x00, 0x00, 0x00, 0x00, 0x28, 0x42, 0xfb, 0xde, 0xff, 0xff, 0xdf, 0xff,
    0xff, 0xff, 0xff, 0xff, 0xff, 0xff, 0xff, 0xff, 0xff, 0xff, 0xff, 0xff, 0xff, 0xff, 0xff, 0xff, 0xff, 0xff, 0xff, 0xff, 0xff, 0xff, 0xff, 0xff, 0xff, 0xff, 0xff, 0xff, 0xff, 0xff, 0xff, 0xff, 0xff, 0xff, 0xff, 0xff, 0xff, 0xff, 0xff, 0xff,
    0xff, 0xff, 0xff, 0xff, 0xff, 0xff, 0xff, 0xff, 0xff, 0xff, 0xff, 0xff, 0xff, 0xff, 0xff, 0xff, 0xff, 0xff, 0xff, 0xff, 0xff, 0xff, 0xff, 0xff, 0xff, 0xff, 0xff, 0xff, 0xff, 0xff, 0xff, 0xff, 0xff, 0xff, 0xff, 0xff, 0xff, 0xff, 0xff, 0xff,
    0xff, 0xff, 0xff, 0xff, 0xff, 0xff, 0xff, 0xff, 0x9a, 0xd6, 0x48, 0x42, 0x00, 0x00, 0x00, 0x00, 0x61, 0x08, 0x8c, 0x73, 0xf8, 0xde, 0xfd, 0xff, 0xfc, 0xff, 0xfb, 0xff, 0xda, 0xff, 0xfa, 0xff, 0xfa, 0xff, 0xfb, 0xff, 0xfb, 0xff, 0xfb, 0xff,
    0xfb, 0xff, 0xfb, 0xff, 0xfb, 0xff, 0xfb, 0xff, 0xfb, 0xff, 0xfb, 0xff, 0xfb, 0xff, 0xfb, 0xff, 0xfb, 0xff, 0xfb, 0xff, 0xfb, 0xff, 0xfb, 0xff, 0xfb, 0xff, 0xfb, 0xff, 0xfb, 0xff, 0xfb, 0xff, 0xfb, 0xff, 0xfb, 0xff, 0xfb, 0xff, 0xfb, 0xff,
    0xfb, 0xff, 0xfb, 0xff, 0xfb, 0xff, 0xfb, 0xff, 0xfb, 0xff, 0xfb, 0xff, 0xfb, 0xff, 0xfb, 0xff, 0xfb, 0xff, 0xfb, 0xff, 0xfb, 0xff, 0xfb, 0xff, 0xfb, 0xff, 0xfb, 0xff, 0xfb, 0xff, 0xfb, 0xff, 0xfb, 0xff, 0xfb, 0xff, 0xfb, 0xff, 0xfb, 0xff,
    0xfb, 0xff, 0xfb, 0xff, 0xfb, 0xff, 0xfb, 0xff, 0xfb, 0xff, 0xfa, 0xff, 0xda, 0xff, 0xfb, 0xff, 0xfc, 0xff, 0xfb, 0xff, 0x73, 0xad, 0x85, 0x31, 0x00, 0x00, 0x00, 0x00, 0x61, 0x08, 0xd3, 0x9c, 0xff, 0xff, 0xff, 0xff, 0xff, 0xff, 0xff, 0xff,
    0xff, 0xff, 0xff, 0xff, 0xff, 0xff, 0xff, 0xff, 0xff, 0xff, 0xff, 0xff, 0xff, 0xff, 0xff, 0xff, 0xff, 0xff, 0xff, 0xff, 0xff, 0xff, 0xff, 0xff, 0xff, 0xff, 0xff, 0xff, 0xff, 0xff, 0xff, 0xff, 0xff, 0xff, 0xff, 0xff, 0xff, 0xff, 0xff, 0xff,
    0xff, 0xff, 0xff, 0xff, 0xff, 0xff, 0xff, 0xff, 0xff, 0xff, 0xff, 0xff, 0xff, 0xff, 0xff, 0xff, 0xff, 0xff, 0xff, 0xff, 0xff, 0xff, 0xff, 0xff, 0xff, 0xff, 0xff, 0xff, 0xff, 0xff, 0xff, 0xff, 0xff, 0xff, 0xff, 0xff, 0xff, 0xff, 0xff, 0xff,
    0xff, 0xff, 0xff, 0xff, 0xff, 0xff, 0xdf, 0xff, 0xff, 0xff, 0xff, 0xff, 0x96, 0xb5, 0xe3, 0x18, 0x00, 0x00, 0x00, 0x00, 0x61, 0x08, 0x2b, 0x63, 0x77, 0xce, 0xfc, 0xff, 0xfc, 0xff, 0xfb, 0xff, 0xfa, 0xff, 0xda, 0xff, 0xfb, 0xff, 0xfb, 0xff,
    0xfb, 0xff, 0xfb, 0xff, 0xfb, 0xff, 0xfb, 0xff, 0xfb, 0xff, 0xfb, 0xff, 0xfb, 0xff, 0xfb, 0xff, 0xfb, 0xff, 0xfb, 0xff, 0xfb, 0xff, 0xfb, 0xff, 0xfb, 0xff, 0xfb, 0xff, 0xfb, 0xff, 0xfb, 0xff, 0xfb, 0xff, 0xfa, 0xff, 0xfb, 0xff, 0xfa, 0xff,
    0xfb, 0xff, 0xfb, 0xff, 0xfb, 0xff, 0xfb, 0xff, 0xfb, 0xff, 0xfb, 0xff, 0xfb, 0xff, 0xfb, 0xff, 0xfb, 0xff, 0xfb, 0xff, 0xfb, 0xff, 0xfb, 0xff, 0xfb, 0xff, 0xfb, 0xff, 0xfb, 0xff, 0xfb, 0xff, 0xfb, 0xff, 0xfb, 0xff, 0xfb, 0xff, 0xfb, 0xff,
    0xfb, 0xff, 0xfb, 0xff, 0xfb, 0xff, 0xda, 0xff, 0xfa, 0xff, 0xfb, 0xff, 0xfd, 0xff, 0x9a, 0xf7, 0xf1, 0x9c, 0xc6, 0x39, 0x00, 0x00, 0x00, 0x00, 0x81, 0x10, 0x20, 0x00, 0x00, 0x00, 0x4c, 0x6b, 0xbe, 0xf7, 0xff, 0xff, 0xff, 0xff, 0xff, 0xff,
    0xff, 0xff, 0xff, 0xff, 0xff, 0xff, 0xff, 0xff, 0xff, 0xff, 0xff, 0xff, 0xff, 0xff, 0xff, 0xff, 0xff, 0xff, 0xff, 0xff, 0xff, 0xff, 0xff, 0xff, 0xff, 0xff, 0xff, 0xff, 0xff, 0xff, 0xff, 0xff, 0xff, 0xff, 0xff, 0xff, 0xff, 0xff, 0xff, 0xff,
    0xff, 0xff, 0xff, 0xff, 0xff, 0xff, 0xff, 0xff, 0xff, 0xff, 0xff, 0xff, 0xff, 0xff, 0xff, 0xff, 0xff, 0xff, 0xff, 0xff, 0xff, 0xff, 0xff, 0xff, 0xff, 0xff, 0xff, 0xff, 0xff, 0xff, 0xff, 0xff, 0xff, 0xff, 0xff, 0xff, 0xff, 0xff, 0xff, 0xff,
    0xff, 0xff, 0xff, 0xff, 0xff, 0xff, 0xff, 0xff, 0xdf, 0xff, 0xff, 0xff, 0xd7, 0xbd, 0xa2, 0x10, 0x00, 0x00, 0xe2, 0x18, 0x00, 0x00, 0x00, 0x00, 0x00, 0x00, 0x27, 0x42, 0x12, 0xa5, 0x39, 0xe7, 0xfc, 0xff, 0xfd, 0xff, 0xfc, 0xff, 0xfb, 0xff,
    0xfb, 0xff, 0xfb, 0xff, 0xfb, 0xff, 0xfb, 0xff, 0xfb, 0xff, 0xfb, 0xff, 0xfb, 0xff, 0xfb, 0xff, 0xfb, 0xff, 0xfb, 0xff, 0xfb, 0xff, 0xfb, 0xff, 0xfb, 0xff, 0xfb, 0xff, 0xfb, 0xff, 0xfb, 0xff, 0xfa, 0xff, 0xfb, 0xff, 0xfb, 0xff, 0xfb, 0xff,
    0xfb, 0xff, 0xfb, 0xff, 0xfb, 0xff, 0xfb, 0xff, 0xfb, 0xff, 0xfb, 0xff, 0xfb, 0xff, 0xfb, 0xff, 0xfb, 0xff, 0xfb, 0xff, 0xfb, 0xff, 0xfb, 0xff, 0xfb, 0xff, 0xfb, 0xff, 0xfb, 0xff, 0xfb, 0xff, 0xfb, 0xff, 0xfb, 0xff, 0xfb, 0xff, 0xfb, 0xff,
    0xdb, 0xff, 0xfb, 0xff, 0xfc, 0xff, 0xfc, 0xff, 0xfc, 0xff, 0xd8, 0xde, 0x2f, 0x84, 0x04, 0x21, 0x00, 0x00, 0x00, 0x00, 0xa1, 0x20, 0x64, 0x82, 0x67, 0xe4, 0xa7, 0xa3, 0x20, 0x00, 0x00, 0x00, 0x28, 0x42, 0xbe, 0xf7, 0xff, 0xff, 0xff, 0xff,
    0xff, 0xff, 0xff, 0xff, 0xff, 0xff, 0xff, 0xff, 0xff, 0xff, 0xff, 0xff, 0xff, 0xff, 0xff, 0xff, 0xff, 0xff, 0xff, 0xff, 0xff, 0xff, 0xff, 0xff, 0xff, 0xff, 0xff, 0xff, 0xff, 0xff, 0xff, 0xff, 0xff, 0xff, 0xff, 0xff, 0xff, 0xff, 0xff, 0xff,
    0xff, 0xff, 0xff, 0xff, 0xff, 0xff, 0xff, 0xff, 0xff, 0xff, 0xff, 0xff, 0xff, 0xff, 0xff, 0xff, 0xff, 0xff, 0xff, 0xff, 0xff, 0xff, 0xff, 0xff, 0xff, 0xff, 0xff, 0xff, 0xff, 0xff, 0xff, 0xff, 0xff, 0xff, 0xff, 0xff, 0xff, 0xff, 0xff, 0xff,
    0xff, 0xff, 0xff, 0xff, 0xff, 0xff, 0xdf, 0xff, 0xff, 0xff, 0x54, 0xa5, 0x00, 0x00, 0x00, 0x00, 0x27, 0x6b, 0x4f, 0xf7, 0x89, 0xac, 0xa3, 0x49, 0x40, 0x08, 0x00, 0x00, 0x00, 0x00, 0x81, 0x10, 0x69, 0x4a, 0xd1, 0x9c, 0xf8, 0xde, 0xfc, 0xff,
    0xfd, 0xff, 0xfc, 0xff, 0xfc, 0xff, 0xfb, 0xff, 0xfa, 0xff, 0xfb, 0xff, 0xfb, 0xff, 0xfb, 0xff, 0xfa, 0xff, 0xfb, 0xff, 0xfa, 0xff, 0xfa, 0xff, 0xfa, 0xff, 0xfa, 0xff, 0xfa, 0xff, 0xfb, 0xff, 0xfb, 0xff, 0xfa, 0xff, 0xfa, 0xff, 0xfb, 0xff,
    0xfb, 0xff, 0xfa, 0xff, 0xfa, 0xff, 0xfb, 0xff, 0xfb, 0xff, 0xfb, 0xff, 0xfb, 0xff, 0xfb, 0xff, 0xfb, 0xff, 0xfb, 0xff, 0xfb, 0xff, 0xfb, 0xff, 0xfb, 0xff, 0xfb, 0xff, 0xfb, 0xff, 0xfb, 0xff, 0xfa, 0xff, 0xfa, 0xff, 0xfb, 0xff, 0xfc, 0xff,
    0xfd, 0xff, 0xfc, 0xff, 0xf8, 0xde, 0xd1, 0x9c, 0x07, 0x42, 0x00, 0x00, 0x00, 0x00, 0x00, 0x00, 0x63, 0x49, 0x06, 0xa3, 0x87, 0xf4, 0x48, 0xfd, 0x88, 0xfd, 0x0a, 0xfe, 0xe8, 0xab, 0x20, 0x00, 0x00, 0x00, 0x49, 0x4a, 0xdf, 0xff, 0xff, 0xff,
    0xff, 0xff, 0xff, 0xff, 0xff, 0xff, 0xff, 0xff, 0xff, 0xff, 0xff, 0xff, 0xff, 0xff, 0xff, 0xff, 0xff, 0xff, 0xff, 0xff, 0xff, 0xff, 0xff, 0xff, 0xff, 0xff, 0xff, 0xff, 0xff, 0xff, 0xff, 0xff, 0xff, 0xff, 0xff, 0xff, 0xff, 0xff, 0xff, 0xff,
    0xff, 0xff, 0xff, 0xff, 0xff, 0xff, 0xff, 0xff, 0xff, 0xff, 0xff, 0xff, 0xff, 0xff, 0xff, 0xff, 0xff, 0xff, 0xff, 0xff, 0xff, 0xff, 0xff, 0xff, 0xff, 0xff, 0xff, 0xff, 0xff, 0xff, 0xff, 0xff, 0xff, 0xff, 0xff, 0xff, 0xff, 0xff, 0xff, 0xff,
    0xff, 0xff, 0xff, 0xff, 0xdf, 0xff, 0xff, 0xff, 0xd7, 0xbd, 0x20, 0x00, 0x00, 0x00, 0x07, 0x6b, 0xef, 0xff, 0x2d, 0xff, 0x09, 0xfe, 0xc9, 0xfd, 0xc7, 0xdc, 0x88, 0x8b, 0x69, 0x4a, 0x41, 0x08, 0x00, 0x00, 0x00, 0x00, 0x00, 0x00, 0x85, 0x31,
    0x4b, 0x6b, 0x32, 0xa5, 0xb7, 0xd6, 0xfb, 0xff, 0xfa, 0xff, 0xfa, 0xff, 0xfa, 0xff, 0xfa, 0xff, 0xfa, 0xff, 0xfa, 0xff, 0xfa, 0xff, 0xfb, 0xff, 0xfb, 0xff, 0xfb, 0xff, 0xfb, 0xff, 0xfb, 0xff, 0xfb, 0xff, 0xfb, 0xff, 0xfb, 0xff, 0xfb, 0xff,
    0xfa, 0xff, 0xfa, 0xff, 0xfa, 0xff, 0xfa, 0xff, 0xfb, 0xff, 0xfb, 0xff, 0xfb, 0xff, 0xfa, 0xff, 0xfa, 0xff, 0xfa, 0xff, 0xfb, 0xff, 0xfb, 0xff, 0xfb, 0xff, 0xfb, 0xff, 0xfb, 0xff, 0xfa, 0xff, 0xfa, 0xff, 0xfb, 0xff, 0xdb, 0xff, 0x36, 0xc6,
    0x6c, 0x6b, 0x85, 0x31, 0x00, 0x00, 0x00, 0x00, 0x20, 0x00, 0x83, 0x41, 0xc5, 0x8a, 0x06, 0xd4, 0xe7, 0xfc, 0x68, 0xfd, 0xa8, 0xfd, 0xa8, 0xfd, 0xa9, 0xfd, 0x68, 0xfd, 0xea, 0xfd, 0xa8, 0x9b, 0x00, 0x00, 0x00, 0x00, 0x0b, 0x63, 0xff, 0xff,
    0xdf, 0xff, 0xff, 0xff, 0xff, 0xff, 0xff, 0xff, 0xff, 0xff, 0xff, 0xff, 0xff, 0xff, 0xff, 0xff, 0xff, 0xff, 0xff, 0xff, 0xff, 0xff, 0xff, 0xff, 0xff, 0xff, 0xff, 0xff, 0xff, 0xff, 0xff, 0xff, 0xff, 0xff, 0xff, 0xff, 0xff, 0xff, 0xff, 0xff,
    0xff, 0xff, 0xff, 0xff, 0xff, 0xff, 0xff, 0xff, 0xff, 0xff, 0xff, 0xff, 0xff, 0xff, 0xff, 0xff, 0xff, 0xff, 0xff, 0xff, 0xff, 0xff, 0xff, 0xff, 0xff, 0xff, 0xff, 0xff, 0xff, 0xff, 0xff, 0xff, 0xff, 0xff, 0xff, 0xff, 0xff, 0xff, 0xff, 0xff,
    0xff, 0xff, 0xff, 0xff, 0xff, 0xff, 0x99, 0xd6, 0x82, 0x10, 0x00, 0x00, 0xa6, 0x5a, 0xf0, 0xff, 0x4d, 0xff, 0x89, 0xfd, 0x47, 0xfd, 0x68, 0xfd, 0x87, 0xfd, 0xcf, 0xfe, 0xfc, 0xff, 0x1a, 0xe7, 0x94, 0xb5, 0xee, 0x7b, 0x68, 0x4a, 0x03, 0x21,
    0x00, 0x00, 0x00, 0x00, 0x61, 0x08, 0xaa, 0x52, 0x19, 0xe7, 0xfb, 0xff, 0xfa, 0xff, 0xfa, 0xff, 0xfa, 0xff, 0xfa, 0xff, 0x36, 0xff, 0x36, 0xff, 0x57, 0xff, 0x78, 0xff, 0xb9, 0xff, 0xb9, 0xff, 0xfa, 0xff, 0xd9, 0xff, 0xd9, 0xff, 0xd9, 0xff,
    0xd9, 0xff, 0xd9, 0xff, 0xd9, 0xff, 0xd9, 0xff, 0xb9, 0xff, 0x98, 0xff, 0x98, 0xff, 0xb8, 0xff, 0x98, 0xff, 0x98, 0xff, 0x99, 0xff, 0x99, 0xff, 0x57, 0xff, 0x36, 0xff, 0x78, 0xff, 0xb9, 0xff, 0xfa, 0xff, 0xb7, 0xd6, 0x6d, 0x6b, 0x86, 0x31,
    0x24, 0x21, 0x28, 0x42, 0xee, 0x7b, 0xf5, 0xbd, 0x18, 0xe7, 0x0c, 0xfe, 0x67, 0xfd, 0x88, 0xfd, 0x88, 0xfd, 0xa9, 0xfd, 0xa8, 0xfd, 0xa8, 0xfd, 0xa8, 0xfd, 0x89, 0xfd, 0x68, 0xfd, 0xea, 0xfd, 0x67, 0x8b, 0x20, 0x00, 0x00, 0x00, 0x71, 0x8c,
    0xff, 0xff, 0xdf, 0xff, 0xff, 0xff, 0xff, 0xff, 0xff, 0xff, 0xff, 0xff, 0xff, 0xff, 0xff, 0xff, 0xff, 0xff, 0xff, 0xff, 0xff, 0xff, 0xff, 0xff, 0xff, 0xff, 0xff, 0xff, 0xff, 0xff, 0xff, 0xff, 0xff, 0xff, 0xff, 0xff, 0xff, 0xff, 0xff, 0xff,
    0xff, 0xff, 0xff, 0xff, 0xff, 0xff, 0xff, 0xff, 0xff, 0xff, 0xff, 0xff, 0xff, 0xff, 0xff, 0xff, 0xff, 0xff, 0xff, 0xff, 0xff, 0xff, 0xff, 0xff, 0xff, 0xff, 0xff, 0xff, 0xff, 0xff, 0xff, 0xff, 0xff, 0xff, 0xff, 0xff, 0xff, 0xff, 0xff, 0xff,
    0xff, 0xff, 0xff, 0xff, 0x9d, 0xf7, 0x24, 0x21, 0x00, 0x00, 0xc4, 0x39, 0x90, 0xff, 0x6e, 0xff, 0xc9, 0xfd, 0x47, 0xfd, 0x68, 0xfd, 0x88, 0xfd, 0x89, 0xfd, 0xd3, 0xf6, 0xba, 0xff, 0xfc, 0xff, 0xfd, 0xff, 0xfd, 0xff, 0xfd, 0xff, 0xbb, 0xf7,
    0xf9, 0xde, 0x56, 0xce, 0xf5, 0xbd, 0xb7, 0xd6, 0xfb, 0xff, 0xfa, 0xff, 0xfb, 0xff, 0x16, 0xf7, 0xd4, 0xfe, 0x36, 0xff, 0xd4, 0xfe, 0x93, 0xfe, 0x93, 0xfe, 0x93, 0xfe, 0x93, 0xfe, 0x73, 0xfe, 0x93, 0xfe, 0x73, 0xfe, 0x73, 0xfe, 0x73, 0xfe,
    0x93, 0xfe, 0x93, 0xfe, 0x93, 0xfe, 0x93, 0xfe, 0x93, 0xfe, 0x93, 0xfe, 0x93, 0xfe, 0xb4, 0xfe, 0x93, 0xfe, 0x93, 0xfe, 0x93, 0xfe, 0x73, 0xfe, 0x52, 0xfe, 0xd4, 0xfe, 0xb8, 0xff, 0xfa, 0xff, 0xf9, 0xff, 0xb9, 0xf7, 0x7a, 0xef, 0x9a, 0xf7,
    0xfc, 0xff, 0xfd, 0xff, 0xfd, 0xff, 0xfd, 0xff, 0xd9, 0xff, 0x15, 0xf7, 0x89, 0xf5, 0x88, 0xfd, 0x88, 0xfd, 0x89, 0xfd, 0x89, 0xfd, 0xa9, 0xfd, 0xa9, 0xfd, 0x89, 0xfd, 0x89, 0xfd, 0xa9, 0xfd, 0x29, 0xfd, 0x63, 0x59, 0x00, 0x00, 0x00, 0x00,
    0x17, 0xc6, 0xff, 0xff, 0xff, 0xff, 0xff, 0xff, 0xff, 0xff, 0xff, 0xff, 0xff, 0xff, 0xff, 0xff, 0xff, 0xff, 0xff, 0xff, 0xff, 0xff, 0xff, 0xff, 0xff, 0xff, 0xff, 0xff, 0xff, 0xff, 0xff, 0xff, 0xff, 0xff, 0xff, 0xff, 0xff, 0xff, 0xff, 0xff,
    0xff, 0xff, 0xff, 0xff, 0xff, 0xff, 0xff, 0xff, 0xff, 0xff, 0xff, 0xff, 0xff, 0xff, 0xff, 0xff, 0xff, 0xff, 0xff, 0xff, 0xff, 0xff, 0xff, 0xff, 0xff, 0xff, 0xff, 0xff, 0xff, 0xff, 0xff, 0xff, 0xff, 0xff, 0xff, 0xff, 0xff, 0xff, 0xff, 0xff,
    0xdf, 0xff, 0xff, 0xff, 0xaa, 0x52, 0x00, 0x00, 0xc2, 0x18, 0xce, 0xe6, 0xaf, 0xff, 0x0a, 0xfe, 0x88, 0xfd, 0x88, 0xfd, 0x88, 0xfd, 0xa9, 0xfd, 0x68, 0xfd, 0xd3, 0xf6, 0xdc, 0xff, 0xdb, 0xff, 0xfb, 0xff, 0xdb, 0xff, 0xfb, 0xff, 0xfc, 0xff,
    0xfd, 0xff, 0xfd, 0xff, 0xfd, 0xff, 0xfc, 0xff, 0xfb, 0xff, 0xfa, 0xff, 0xfa, 0xff, 0xda, 0xff, 0xf6, 0xfe, 0x72, 0xfe, 0x73, 0xfe, 0x93, 0xfe, 0x73, 0xfe, 0x73, 0xfe, 0x72, 0xfe, 0x72, 0xfe, 0x72, 0xfe, 0x73, 0xfe, 0x73, 0xfe, 0x72, 0xfe,
    0x72, 0xfe, 0x73, 0xfe, 0x72, 0xfe, 0x72, 0xfe, 0x72, 0xfe, 0x72, 0xfe, 0x72, 0xfe, 0x72, 0xfe, 0x72, 0xfe, 0x72, 0xfe, 0x72, 0xfe, 0x93, 0xfe, 0x36, 0xff, 0xd9, 0xff, 0xfb, 0xff, 0xfa, 0xff, 0xfa, 0xff, 0xfb, 0xff, 0xfc, 0xff, 0xfc, 0xff,
    0xfc, 0xff, 0xfb, 0xff, 0xdb, 0xff, 0xdb, 0xff, 0x71, 0xee, 0x0c, 0xf6, 0xa9, 0xfd, 0x88, 0xfd, 0x88, 0xfd, 0x88, 0xfd, 0xa9, 0xfd, 0xa9, 0xfd, 0xa9, 0xfd, 0xa9, 0xfd, 0xc9, 0xfd, 0x87, 0xf4, 0xe3, 0xf2, 0xe4, 0xea, 0x81, 0x20, 0x00, 0x00,
    0x24, 0x21, 0xbe, 0xf7, 0xff, 0xff, 0xff, 0xff, 0xff, 0xff, 0xff, 0xff, 0xff, 0xff, 0xff, 0xff, 0xff, 0xff, 0xff, 0xff, 0xff, 0xff, 0xff, 0xff, 0xff, 0xff, 0xff, 0xff, 0xff, 0xff, 0xff, 0xff, 0xff, 0xff, 0xff, 0xff, 0xff, 0xff, 0xff, 0xff,
    0xff, 0xff, 0xff, 0xff, 0xff, 0xff, 0xff, 0xff, 0xff, 0xff, 0xff, 0xff, 0xff, 0xff, 0xff, 0xff, 0xff, 0xff, 0xff, 0xff, 0xff, 0xff, 0xff, 0xff, 0xff, 0xff, 0xff, 0xff, 0xff, 0xff, 0xff, 0xff, 0xff, 0xff, 0xff, 0xff, 0xff, 0xff, 0xff, 0xff,
    0xff, 0xff, 0x92, 0x94, 0x00, 0x00, 0x20, 0x00, 0x06, 0xab, 0x49, 0xfd, 0x2b, 0xf6, 0x09, 0xfe, 0xc9, 0xfd, 0xa8, 0xfd, 0xc9, 0xfd, 0x88, 0xfd, 0x88, 0xfd, 0xcb, 0xfd, 0x99, 0xf7, 0xfb, 0xff, 0xfb, 0xff, 0xfb, 0xff, 0xfb, 0xff, 0xfb, 0xff,
    0xfb, 0xff, 0xfb, 0xff, 0xfb, 0xff, 0xfb, 0xff, 0xfb, 0xff, 0xfa, 0xff, 0xfa, 0xff, 0xfb, 0xff, 0xfb, 0xff, 0x98, 0xff, 0xd4, 0xfe, 0x93, 0xfe, 0x72, 0xfe, 0x72, 0xfe, 0x72, 0xfe, 0x72, 0xfe, 0x73, 0xfe, 0x72, 0xfe, 0x72, 0xfe, 0x72, 0xfe,
    0x92, 0xfe, 0x93, 0xfe, 0x93, 0xfe, 0x92, 0xfe, 0x72, 0xfe, 0x92, 0xfe, 0x72, 0xfe, 0x72, 0xfe, 0x72, 0xfe, 0x72, 0xfe, 0xf5, 0xfe, 0xb8, 0xff, 0xfa, 0xff, 0xfb, 0xff, 0xfa, 0xff, 0xfb, 0xff, 0xfb, 0xff, 0xfb, 0xff, 0xfc, 0xff, 0xfc, 0xff,
    0xfc, 0xff, 0xfc, 0xff, 0xfb, 0xff, 0xfc, 0xff, 0x15, 0xf7, 0x88, 0xf5, 0x88, 0xfd, 0xa8, 0xfd, 0xa8, 0xfd, 0xa8, 0xfd, 0xa9, 0xfd, 0xa9, 0xfd, 0xa9, 0xfd, 0xc9, 0xfd, 0x06, 0xec, 0xe3, 0xea, 0xe4, 0xea, 0x04, 0xfb, 0x64, 0xba, 0x21, 0x00,
    0x00, 0x00, 0xae, 0x73, 0xff, 0xff, 0xdf, 0xff, 0xff, 0xff, 0xff, 0xff, 0xff, 0xff, 0xff, 0xff, 0xff, 0xff, 0xff, 0xff, 0xff, 0xff, 0xff, 0xff, 0xff, 0xff, 0xff, 0xff, 0xff, 0xff, 0xff, 0xff, 0xff, 0xff, 0xff, 0xff, 0xff, 0xff, 0xff, 0xff,
    0xff, 0xff, 0xff, 0xff, 0xff, 0xff, 0xff, 0xff, 0xff, 0xff, 0xff, 0xff, 0xff, 0xff, 0xff, 0xff, 0xff, 0xff, 0xff, 0xff, 0xff, 0xff, 0xff, 0xff, 0xff, 0xff, 0xff, 0xff, 0xff, 0xff, 0xff, 0xff, 0xff, 0xff, 0xff, 0xff, 0xff, 0xff, 0xff, 0xff,
    0xfb, 0xde, 0x61, 0x08, 0x00, 0x00, 0xc4, 0x69, 0xa5, 0xfb, 0xe3, 0xf2, 0x65, 0xf3, 0xe7, 0xf4, 0x09, 0xfe, 0xe9, 0xfd, 0xc9, 0xfd, 0x88, 0xfd, 0x89, 0xfd, 0xa9, 0xfd, 0x14, 0xf7, 0xdb, 0xff, 0xfb, 0xff, 0xfb, 0xff, 0xfb, 0xff, 0xfb, 0xff,
    0xfb, 0xff, 0xfb, 0xff, 0xfb, 0xff, 0xfb, 0xff, 0xfb, 0xff, 0xfa, 0xff, 0xfa, 0xff, 0xfa, 0xff, 0xfa, 0xff, 0xfb, 0xff, 0xfa, 0xff, 0xb9, 0xff, 0x36, 0xff, 0xd4, 0xfe, 0x93, 0xfe, 0x93, 0xfe, 0x93, 0xfe, 0x93, 0xfe, 0x93, 0xfe, 0x93, 0xfe,
    0x93, 0xfe, 0x93, 0xfe, 0x93, 0xfe, 0x72, 0xfe, 0x72, 0xfe, 0x72, 0xfe, 0x92, 0xfe, 0xb3, 0xfe, 0xf4, 0xfe, 0x98, 0xff, 0xfb, 0xff, 0xfb, 0xff, 0xfa, 0xff, 0xfa, 0xff, 0xfb, 0xff, 0xfb, 0xff, 0xfb, 0xff, 0xfb, 0xff, 0xfc, 0xff, 0xfc, 0xff,
    0xfc, 0xff, 0xfc, 0xff, 0xfb, 0xff, 0xfb, 0xff, 0xfd, 0xff, 0xf4, 0xf6, 0x68, 0xfd, 0xa9, 0xfd, 0xa8, 0xfd, 0xa8, 0xfd, 0xa9, 0xfd, 0xa9, 0xfd, 0x68, 0xfd, 0x05, 0xf4, 0x04, 0xf3, 0xe3, 0xf2, 0xe3, 0xf2, 0xc3, 0xf2, 0x44, 0xfb, 0xa3, 0x69,
    0x00, 0x00, 0x20, 0x00, 0x79, 0xce, 0xff, 0xff, 0xff, 0xff, 0xff, 0xff, 0xff, 0xff, 0xff, 0xff, 0xff, 0xff, 0xff, 0xff, 0xff, 0xff, 0xff, 0xff, 0xff, 0xff, 0xff, 0xff, 0xff, 0xff, 0xff, 0xff, 0xff, 0xff, 0xff, 0xff, 0xff, 0xff, 0xff, 0xff,
    0xff, 0xff, 0xff, 0xff, 0xff, 0xff, 0xff, 0xff, 0xff, 0xff, 0xff, 0xff, 0xff, 0xff, 0xff, 0xff, 0xff, 0xff, 0xff, 0xff, 0xff, 0xff, 0xff, 0xff, 0xff, 0xff, 0xff, 0xff, 0xff, 0xff, 0xff, 0xff, 0xff, 0xff, 0xff, 0xff, 0xff, 0xff, 0xff, 0xff,
    0x48, 0x4a, 0x00, 0x00, 0xa2, 0x28, 0x65, 0xf3, 0x23, 0xfb, 0x23, 0xfb, 0x24, 0xf3, 0x04, 0xf3, 0x87, 0xf4, 0xe9, 0xfd, 0xa9, 0xfd, 0x88, 0xfd, 0x88, 0xfd, 0x67, 0xfd, 0x0d, 0xf6, 0x77, 0xf7, 0xfb, 0xff, 0xfb, 0xff, 0xfb, 0xff, 0xfb, 0xff,
    0xfb, 0xff, 0xfb, 0xff, 0xfb, 0xff, 0xfb, 0xff, 0xfb, 0xff, 0xfb, 0xff, 0xfb, 0xff, 0xfa, 0xff, 0xfa, 0xff, 0xfa, 0xff, 0xfa, 0xff, 0xfb, 0xff, 0xfb, 0xff, 0xda, 0xff, 0xb9, 0xff, 0x57, 0xff, 0xf5, 0xfe, 0xb4, 0xfe, 0x93, 0xfe, 0x93, 0xfe,
    0x93, 0xfe, 0x93, 0xfe, 0xb3, 0xfe, 0xb4, 0xfe, 0xf5, 0xfe, 0x36, 0xff, 0x98, 0xff, 0xfa, 0xff, 0xfa, 0xff, 0xfb, 0xff, 0xfb, 0xff, 0xfa, 0xff, 0xfb, 0xff, 0xfb, 0xff, 0xfb, 0xff, 0xfb, 0xff, 0xfb, 0xff, 0xfc, 0xff, 0xfc, 0xff, 0xfc, 0xff,
    0xfc, 0xff, 0xfc, 0xff, 0xfc, 0xff, 0xfb, 0xff, 0xfb, 0xff, 0xfd, 0xff, 0x70, 0xf6, 0x87, 0xfd, 0xa8, 0xfd, 0x88, 0xfd, 0xa9, 0xfd, 0x68, 0xfd, 0xa5, 0xeb, 0xe3, 0xf2, 0x04, 0xfb, 0xe4, 0xfa, 0xe4, 0xf2, 0x04, 0xf3, 0x04, 0xf3, 0xe4, 0xea,
    0x81, 0x18, 0x00, 0x00, 0xe7, 0x39, 0xff, 0xff, 0xff, 0xff, 0xff, 0xff, 0xff, 0xff, 0xff, 0xff, 0xff, 0xff, 0xff, 0xff, 0xff, 0xff, 0xff, 0xff, 0xff, 0xff, 0xff, 0xff, 0xff, 0xff, 0xff, 0xff, 0xff, 0xff, 0xff, 0xff, 0xff, 0xff, 0xff, 0xff,
    0xff, 0xff, 0xff, 0xff, 0xff, 0xff, 0xff, 0xff, 0xff, 0xff, 0xff, 0xff, 0xff, 0xff, 0xff, 0xff, 0xff, 0xff, 0xff, 0xff, 0xff, 0xff, 0xff, 0xff, 0xff, 0xff, 0xff, 0xff, 0xff, 0xff, 0xff, 0xff, 0xff, 0xff, 0xff, 0xff, 0xff, 0xff, 0x34, 0xa5,
    0x00, 0x00, 0x20, 0x00, 0x84, 0xb2, 0x64, 0xfb, 0x23, 0xfb, 0x23, 0xfb, 0x44, 0xfb, 0x44, 0xfb, 0xe3, 0xfa, 0x06, 0xf4, 0xa9, 0xfd, 0x88, 0xfd, 0x68, 0xfd, 0x68, 0xfd, 0x68, 0xfd, 0x4f, 0xf6, 0xdb, 0xff, 0xfb, 0xff, 0xfb, 0xff, 0xfb, 0xff,
    0xfc, 0xff, 0xfb, 0xff, 0xfb, 0xff, 0xfb, 0xff, 0xfb, 0xff, 0xfb, 0xff, 0xfb, 0xff, 0xfa, 0xff, 0xfa, 0xff, 0xfb, 0xff, 0xfb, 0xff, 0xfb, 0xff, 0xfb, 0xff, 0xfb, 0xff, 0xfb, 0xff, 0xfb, 0xff, 0xfa, 0xff, 0xb9, 0xff, 0x78, 0xff, 0x57, 0xff,
    0x57, 0xff, 0x57, 0xff, 0xb9, 0xff, 0xda, 0xff, 0xfb, 0xff, 0xfb, 0xff, 0xfb, 0xff, 0xfb, 0xff, 0xfb, 0xff, 0xfb, 0xff, 0xfb, 0xff, 0xfa, 0xff, 0xfb, 0xff, 0xfb, 0xff, 0xfc, 0xff, 0xfc, 0xff, 0xfc, 0xff, 0xfc, 0xff, 0xfc, 0xff, 0xfc, 0xff,
    0xfc, 0xff, 0xfc, 0xff, 0xfc, 0xff, 0xfc, 0xff, 0xfb, 0xff, 0xfc, 0xff, 0xb9, 0xff, 0xa9, 0xfd, 0x88, 0xfd, 0xa8, 0xfd, 0x48, 0xfd, 0xc5, 0xf3, 0x24, 0xfb, 0x04, 0xfb, 0x04, 0xfb, 0x04, 0xfb, 0x04, 0xfb, 0x04, 0xf3, 0xe3, 0xf2, 0xe3, 0xfa,
    0x03, 0x92, 0x00, 0x00, 0x00, 0x00, 0x34, 0xa5, 0xff, 0xff, 0xdf, 0xff, 0xff, 0xff, 0xff, 0xff, 0xff, 0xff, 0xff, 0xff, 0xff, 0xff, 0xff, 0xff, 0xff, 0xff, 0xff, 0xff, 0xff, 0xff, 0xff, 0xff, 0xff, 0xff, 0xff, 0xff, 0xff, 0xff, 0xff, 0xff,
    0xff, 0xff, 0xff, 0xff, 0xff, 0xff, 0xff, 0xff, 0xff, 0xff, 0xff, 0xff, 0xff, 0xff, 0xff, 0xff, 0xff, 0xff, 0xff, 0xff, 0xff, 0xff, 0xff, 0xff, 0xff, 0xff, 0xff, 0xff, 0xff, 0xff, 0xff, 0xff, 0xff, 0xff, 0xff, 0xff, 0xbe, 0xf7, 0x24, 0x21,
    0x00, 0x00, 0x22, 0x49, 0x85, 0xfb, 0x24, 0xfb, 0x23, 0xfb, 0x23, 0xfb, 0x24, 0xfb, 0x23, 0xfb, 0x23, 0xfb, 0xe3, 0xfa, 0x26, 0xf4, 0x88, 0xfd, 0x68, 0xfd, 0x68, 0xfd, 0x88, 0xfd, 0x88, 0xfd, 0xd2, 0xf6, 0xfc, 0xff, 0xfb, 0xff, 0xfc, 0xff,
    0xfc, 0xff, 0xfc, 0xff, 0xfc, 0xff, 0xfb, 0xff, 0xfb, 0xff, 0xfb, 0xff, 0xfb, 0xff, 0xfb, 0xff, 0xfa, 0xff, 0xfa, 0xff, 0xfb, 0xff, 0xfb, 0xff, 0xfb, 0xff, 0xfb, 0xff, 0xfb, 0xff, 0xfb, 0xff, 0xfb, 0xff, 0xfb, 0xff, 0xfb, 0xff, 0xfb, 0xff,
    0xfb, 0xff, 0xfb, 0xff, 0xfc, 0xff, 0xfc, 0xff, 0xfb, 0xff, 0xfb, 0xff, 0xfb, 0xff, 0xfb, 0xff, 0xfb, 0xff, 0xfb, 0xff, 0xfb, 0xff, 0xfb, 0xff, 0xfb, 0xff, 0xfb, 0xff, 0xfb, 0xff, 0xfb, 0xff, 0xfc, 0xff, 0xfc, 0xff, 0xfc, 0xff, 0xfc, 0xff,
    0xfc, 0xff, 0xfc, 0xff, 0xfc, 0xff, 0xfc, 0xff, 0xfb, 0xff, 0xfc, 0xff, 0xb9, 0xff, 0xa9, 0xfd, 0x88, 0xfd, 0x68, 0xfd, 0xe5, 0xf3, 0x23, 0xf3, 0x24, 0xfb, 0x24, 0xfb, 0x24, 0xfb, 0x24, 0xfb, 0x04, 0xfb, 0xe3, 0xfa, 0xe3, 0xf2, 0xa4, 0xf3,
    0x8a, 0xf5, 0x43, 0x29, 0x00, 0x00, 0x65, 0x29, 0xdf, 0xff, 0xff, 0xff, 0xff, 0xff, 0xff, 0xff, 0xff, 0xff, 0xff, 0xff, 0xff, 0xff, 0xff, 0xff, 0xff, 0xff, 0xff, 0xff, 0xff, 0xff, 0xff, 0xff, 0xff, 0xff, 0xff, 0xff, 0xff, 0xff, 0xff, 0xff,
    0xff, 0xff, 0xff, 0xff, 0xff, 0xff, 0xff, 0xff, 0xff, 0xff, 0xff, 0xff, 0xff, 0xff, 0xff, 0xff, 0xff, 0xff, 0xff, 0xff, 0xff, 0xff, 0xff, 0xff, 0xff, 0xff, 0xff, 0xff, 0xff, 0xff, 0xff, 0xff, 0xdf, 0xff, 0xff, 0xff, 0x92, 0x94, 0x00, 0x00,
    0x41, 0x08, 0x0a, 0xcd, 0x46, 0xfc, 0x24, 0xf3, 0x03, 0xfb, 0x03, 0xfb, 0x44, 0xfb, 0x44, 0xfb, 0x23, 0xfb, 0x03, 0xfb, 0x03, 0xf3, 0xc7, 0xfc, 0xa8, 0xfd, 0x68, 0xfd, 0xa9, 0xfd, 0xa9, 0xf5, 0x71, 0xf6, 0xfc, 0xff, 0xfb, 0xff, 0xfc, 0xff,
    0xfc, 0xff, 0xfc, 0xff, 0xfb, 0xff, 0xfb, 0xff, 0xfb, 0xff, 0xfb, 0xff, 0xfb, 0xff, 0xfb, 0xff, 0xfb, 0xff, 0xfb, 0xff, 0xfb, 0xff, 0xfb, 0xff, 0xfb, 0xff, 0xfb, 0xff, 0xfb, 0xff, 0xfb, 0xff, 0xfb, 0xff, 0xfb, 0xff, 0xfb, 0xff, 0xfb, 0xff,
    0xfb, 0xff, 0xfb, 0xff, 0xfc, 0xff, 0xfc, 0xff, 0xfc, 0xff, 0xfc, 0xff, 0xfb, 0xff, 0xfb, 0xff, 0xfb, 0xff, 0xfb, 0xff, 0xfb, 0xff, 0xfb, 0xff, 0xfb, 0xff, 0xfb, 0xff, 0xfb, 0xff, 0xfb, 0xff, 0xfb, 0xff, 0xfc, 0xff, 0xfc, 0xff, 0xfc, 0xff,
    0xfc, 0xff, 0xfc, 0xff, 0xfc, 0xff, 0xfb, 0xff, 0xdb, 0xff, 0xfb, 0xff, 0x6f, 0xfe, 0x67, 0xfd, 0xc8, 0xfd, 0xe7, 0xf4, 0x84, 0xeb, 0x44, 0xf3, 0xe3, 0xfa, 0x03, 0xfb, 0xe3, 0xfa, 0x03, 0xfb, 0x44, 0xfb, 0xc5, 0xf3, 0xe7, 0xf4, 0xca, 0xfd,
    0x6a, 0xfe, 0x28, 0xac, 0x00, 0x00, 0x00, 0x00, 0x95, 0xb5, 0xff, 0xff, 0xdf, 0xff, 0xff, 0xff, 0xff, 0xff, 0xff, 0xff, 0xff, 0xff, 0xff, 0xff, 0xff, 0xff, 0xff, 0xff, 0xff, 0xff, 0xff, 0xff, 0xff, 0xff, 0xff, 0xff, 0xff, 0xff, 0xff, 0xff,
    0xff, 0xff, 0xff, 0xff, 0xff, 0xff, 0xff, 0xff, 0xff, 0xff, 0xff, 0xff, 0xff, 0xff, 0xff, 0xff, 0xff, 0xff, 0xff, 0xff, 0xff, 0xff, 0xff, 0xff, 0xff, 0xff, 0xff, 0xff, 0xff, 0xff, 0xff, 0xff, 0xff, 0xff, 0x7d, 0xef, 0xe3, 0x18, 0x00, 0x00,
    0xe7, 0x62, 0xef, 0xff, 0x0d, 0xf7, 0x49, 0xf5, 0xe5, 0xf3, 0x44, 0xfb, 0xe2, 0xfa, 0xe2, 0xfa, 0xe2, 0xfa, 0xe2, 0xfa, 0xa2, 0xf2, 0x86, 0xf4, 0xa8, 0xfd, 0xa9, 0xfd, 0xea, 0xfd, 0x2d, 0xf6, 0xba, 0xff, 0xfc, 0xff, 0xfb, 0xff, 0xfc, 0xff,
    0xfc, 0xff, 0xfc, 0xff, 0xfb, 0xff, 0xfb, 0xff, 0xfb, 0xff, 0xfb, 0xff, 0xfb, 0xff, 0xfb, 0xff, 0xfb, 0xff, 0xfb, 0xff, 0xfa, 0xff, 0xfb, 0xff, 0xfb, 0xff, 0xfb, 0xff, 0xfc, 0xff, 0xfb, 0xff, 0xfb, 0xff, 0xfb, 0xff, 0xfb, 0xff, 0xfc, 0xff,
    0xfc, 0xff, 0xfc, 0xff, 0xfc, 0xff, 0xfc, 0xff, 0xfc, 0xff, 0xfb, 0xff, 0xfb, 0xff, 0xfb, 0xff, 0xfb, 0xff, 0xfb, 0xff, 0xfb, 0xff, 0xfb, 0xff, 0xfb, 0xff, 0xfb, 0xff, 0xfb, 0xff, 0xfb, 0xff, 0xfb, 0xff, 0xfc, 0xff, 0xfc, 0xff, 0xfc, 0xff,
    0xfc, 0xff, 0xfb, 0xff, 0xfc, 0xff, 0xdb, 0xff, 0x56, 0xf7, 0x4e, 0xf6, 0x88, 0xfd, 0xa8, 0xfd, 0xa8, 0xfd, 0x68, 0xfd, 0x87, 0xf4, 0xe5, 0xeb, 0xc5, 0xf3, 0x06, 0xf4, 0x86, 0xf4, 0x28, 0xfd, 0xa9, 0xfd, 0x09, 0xfe, 0xe9, 0xfd, 0xc9, 0xfd,
    0xc9, 0xfd, 0xeb, 0xfd, 0x23, 0x29, 0x00, 0x00, 0x07, 0x42, 0xff, 0xff, 0xff, 0xff, 0xff, 0xff, 0xff, 0xff, 0xff, 0xff, 0xff, 0xff, 0xff, 0xff, 0xff, 0xff, 0xff, 0xff, 0xff, 0xff, 0xff, 0xff, 0xff, 0xff, 0xff, 0xff, 0xff, 0xff, 0xff, 0xff,
    0xff, 0xff, 0xff, 0xff, 0xff, 0xff, 0xff, 0xff, 0xff, 0xff, 0xff, 0xff, 0xff, 0xff, 0xff, 0xff, 0xff, 0xff, 0xff, 0xff, 0xff, 0xff, 0xff, 0xff, 0xff, 0xff, 0xff, 0xff, 0xff, 0xff, 0xdf, 0xff, 0xff, 0xff, 0x71, 0x8c, 0x00, 0x00, 0x61, 0x08,
    0x4d, 0xde, 0x8e, 0xff, 0x2d, 0xff, 0x4a, 0xfe, 0xc9, 0xfd, 0x68, 0xfd, 0xc7, 0xfc, 0x25, 0xfc, 0xe4, 0xf3, 0x25, 0xf4, 0x86, 0xfc, 0x68, 0xfd, 0x88, 0xfd, 0xca, 0xfd, 0x89, 0xf5, 0x57, 0xf7, 0xfc, 0xff, 0xfb, 0xff, 0xfc, 0xff, 0xfc, 0xff,
    0xfc, 0xff, 0xfc, 0xff, 0xfb, 0xff, 0xfb, 0xff, 0xfb, 0xff, 0xfb, 0xff, 0xfb, 0xff, 0xfb, 0xff, 0xfb, 0xff, 0xfb, 0xff, 0xfb, 0xff, 0xfa, 0xff, 0xfb, 0xff, 0xfb, 0xff, 0xfb, 0xff, 0xfb, 0xff, 0xfb, 0xff, 0xfb, 0xff, 0xfc, 0xff, 0xfc, 0xff,
    0xfc, 0xff, 0xfb, 0xff, 0xfb, 0xff, 0xfb, 0xff, 0xfb, 0xff, 0xfb, 0xff, 0xfb, 0xff, 0xfb, 0xff, 0xfb, 0xff, 0xfb, 0xff, 0xfb, 0xff, 0xfb, 0xff, 0xfb, 0xff, 0xfb, 0xff, 0xfb, 0xff, 0xfb, 0xff, 0xfb, 0xff, 0xfc, 0xff, 0xfc, 0xff, 0xfc, 0xff,
    0xfb, 0xff, 0xfc, 0xff, 0xfc, 0xff, 0xd3, 0xf6, 0x68, 0xfd, 0x67, 0xfd, 0xa8, 0xfd, 0xa8, 0xfd, 0xa8, 0xfd, 0xc8, 0xfd, 0xc8, 0xfd, 0xa8, 0xfd, 0xc9, 0xfd, 0xc9, 0xfd, 0x09, 0xfe, 0x09, 0xfe, 0x09, 0xfe, 0xe9, 0xfd, 0xc9, 0xfd, 0xc9, 0xfd,
    0xa9, 0xfd, 0x8b, 0xfe, 0xa8, 0x93, 0x00, 0x00, 0x20, 0x00, 0x38, 0xc6, 0xff, 0xff, 0xff, 0xff, 0xff, 0xff, 0xff, 0xff, 0xff, 0xff, 0xff, 0xff, 0xff, 0xff, 0xff, 0xff, 0xff, 0xff, 0xff, 0xff, 0xff, 0xff, 0xff, 0xff, 0xff, 0xff, 0xff, 0xff,
    0xff, 0xff, 0xff, 0xff, 0xff, 0xff, 0xff, 0xff, 0xff, 0xff, 0xff, 0xff, 0xff, 0xff, 0xff, 0xff, 0xff, 0xff, 0xff, 0xff, 0xff, 0xff, 0xff, 0xff, 0xff, 0xff, 0xff, 0xff, 0xff, 0xff, 0xff, 0xff, 0xdf, 0xff, 0x65, 0x29, 0x00, 0x00, 0x45, 0x5a,
    0xaf, 0xff, 0x4d, 0xff, 0x8b, 0xfe, 0xa8, 0xfd, 0xc8, 0xfd, 0xe9, 0xfd, 0x09, 0xfe, 0x09, 0xfe, 0xe9, 0xfd, 0xe9, 0xfd, 0xe9, 0xfd, 0xa9, 0xfd, 0x89, 0xfd, 0x68, 0xfd, 0xec, 0xf5, 0xda, 0xff, 0xfb, 0xff, 0xfb, 0xff, 0xfb, 0xff, 0xfb, 0xff,
    0xfc, 0xff, 0xfc, 0xff, 0xfb, 0xff, 0xfb, 0xff, 0xfb, 0xff, 0xfb, 0xff, 0xfb, 0xff, 0xfb, 0xff, 0xfb, 0xff, 0xfb, 0xff, 0xfb, 0xff, 0xfb, 0xff, 0xfb, 0xff, 0xfb, 0xff, 0xfb, 0xff, 0xfc, 0xff, 0xfc, 0xff, 0xfc, 0xff, 0xfc, 0xff, 0xfc, 0xff,
    0xfc, 0xff, 0xfb, 0xff, 0xfb, 0xff, 0xfb, 0xff, 0xfb, 0xff, 0xfa, 0xff, 0xfa, 0xff, 0xfb, 0xff, 0xfb, 0xff, 0xfb, 0xff, 0xfb, 0xff, 0xfb, 0xff, 0xfb, 0xff, 0xfb, 0xff, 0xfb, 0xff, 0xfb, 0xff, 0xfb, 0xff, 0xfb, 0xff, 0xfc, 0xff, 0xfb, 0xff,
    0xfc, 0xff, 0xba, 0xff, 0x70, 0xf6, 0x47, 0xfd, 0x68, 0xfd, 0x88, 0xfd, 0xa8, 0xfd, 0xa8, 0xfd, 0xa8, 0xfd, 0xa8, 0xfd, 0xa8, 0xfd, 0xa8, 0xfd, 0xa8, 0xfd, 0xa9, 0xfd, 0xa9, 0xfd, 0xc9, 0xfd, 0xc9, 0xfd, 0xc9, 0xfd, 0xe9, 0xfd, 0x0a, 0xfe,
    0xa9, 0xfd, 0xe7, 0xfc, 0xc7, 0xe3, 0x61, 0x10, 0x00, 0x00, 0x0c, 0x63, 0xff, 0xff, 0xff, 0xff, 0xff, 0xff, 0xff, 0xff, 0xff, 0xff, 0xff, 0xff, 0xff, 0xff, 0xff, 0xff, 0xff, 0xff, 0xff, 0xff, 0xff, 0xff, 0xff, 0xff, 0xff, 0xff, 0xff, 0xff,
    0xff, 0xff, 0xff, 0xff, 0xff, 0xff, 0xff, 0xff, 0xff, 0xff, 0xff, 0xff, 0xff, 0xff, 0xff, 0xff, 0xff, 0xff, 0xff, 0xff, 0xff, 0xff, 0xff, 0xff, 0xff, 0xff, 0xff, 0xff, 0xff, 0xff, 0xff, 0xff, 0xd6, 0xbd, 0x00, 0x00, 0x20, 0x00, 0x25, 0xc3,
    0x28, 0xfd, 0xac, 0xf6, 0x0a, 0xfe, 0xe9, 0xfd, 0xc9, 0xfd, 0xc9, 0xfd, 0xc9, 0xfd, 0xc9, 0xfd, 0xc9, 0xfd, 0xa8, 0xfd, 0xa9, 0xfd, 0xa9, 0xfd, 0xa9, 0xfd, 0x68, 0xfd, 0x6f, 0xf6, 0xfb, 0xff, 0xfa, 0xff, 0xfb, 0xff, 0xfb, 0xff, 0xfb, 0xff,
    0xfc, 0xff, 0xfc, 0xff, 0xfc, 0xff, 0xfb, 0xff, 0xfc, 0xff, 0xfc, 0xff, 0xfb, 0xff, 0xfb, 0xff, 0xfb, 0xff, 0xfb, 0xff, 0xfb, 0xff, 0xfb, 0xff, 0xfb, 0xff, 0xfb, 0xff, 0xfb, 0xff, 0xfc, 0xff, 0xfc, 0xff, 0xfb, 0xff, 0xfc, 0xff, 0xfc, 0xff,
    0xfb, 0xff, 0xfb, 0xff, 0xfb, 0xff, 0xfb, 0xff, 0xfb, 0xff, 0xfa, 0xff, 0xfa, 0xff, 0xfb, 0xff, 0xfb, 0xff, 0xfb, 0xff, 0xfb, 0xff, 0xfb, 0xff, 0xfb, 0xff, 0xfb, 0xff, 0xfb, 0xff, 0xfb, 0xff, 0xfb, 0xff, 0xfb, 0xff, 0xfc, 0xff, 0xfb, 0xff,
    0xfc, 0xff, 0xd2, 0xf6, 0x47, 0xfd, 0x67, 0xfd, 0x68, 0xfd, 0xa8, 0xfd, 0xa8, 0xfd, 0xa8, 0xfd, 0xa8, 0xfd, 0xa8, 0xfd, 0xa8, 0xfd, 0xa8, 0xfd, 0xa8, 0xfd, 0xa8, 0xfd, 0xa9, 0xfd, 0xa8, 0xfd, 0xc9, 0xfd, 0xe9, 0xfd, 0xa9, 0xfd, 0x87, 0xf4,
    0x85, 0xeb, 0xc4, 0xea, 0x24, 0xfb, 0x63, 0x61, 0x00, 0x00, 0xe3, 0x18, 0xbe, 0xf7, 0xff, 0xff, 0xff, 0xff, 0xff, 0xff, 0xff, 0xff, 0xff, 0xff, 0xff, 0xff, 0xff, 0xff, 0xff, 0xff, 0xff, 0xff, 0xff, 0xff, 0xff, 0xff, 0xff, 0xff, 0xff, 0xff,
    0xff, 0xff, 0xff, 0xff, 0xff, 0xff, 0xff, 0xff, 0xff, 0xff, 0xff, 0xff, 0xff, 0xff, 0xff, 0xff, 0xff, 0xff, 0xff, 0xff, 0xff, 0xff, 0xff, 0xff, 0xff, 0xff, 0xff, 0xff, 0xff, 0xff, 0xff, 0xff, 0x8a, 0x52, 0x00, 0x00, 0x22, 0x41, 0xa5, 0xfb,
    0xa5, 0xf3, 0xc6, 0xf3, 0x26, 0xf4, 0x48, 0xfd, 0xe9, 0xfd, 0xe9, 0xfd, 0xc9, 0xfd, 0xc9, 0xfd, 0xc9, 0xfd, 0xa8, 0xfd, 0xa9, 0xfd, 0xa8, 0xfd, 0xa9, 0xfd, 0x88, 0xfd, 0x0d, 0xf6, 0xda, 0xf7, 0xfc, 0xff, 0xfb, 0xff, 0xfb, 0xff, 0xfb, 0xff,
    0xfb, 0xff, 0xfb, 0xff, 0xfb, 0xff, 0xfb, 0xff, 0xfb, 0xff, 0xfb, 0xff, 0xfb, 0xff, 0xfb, 0xff, 0xfb, 0xff, 0xfb, 0xff, 0xfb, 0xff, 0xfb, 0xff, 0xfb, 0xff, 0xfb, 0xff, 0xfb, 0xff, 0xfc, 0xff, 0xfc, 0xff, 0xfb, 0xff, 0xfb, 0xff, 0xfb, 0xff,
    0xfb, 0xff, 0xfb, 0xff, 0xfb, 0xff, 0xfb, 0xff, 0xfb, 0xff, 0xfb, 0xff, 0xfb, 0xff, 0xfb, 0xff, 0xfb, 0xff, 0xfb, 0xff, 0xfb, 0xff, 0xfb, 0xff, 0xfb, 0xff, 0xfb, 0xff, 0xfb, 0xff, 0xfb, 0xff, 0xfb, 0xff, 0xfb, 0xff, 0xfb, 0xff, 0xfb, 0xff,
    0x99, 0xf7, 0xaa, 0xf5, 0x68, 0xfd, 0x68, 0xfd, 0x68, 0xfd, 0xc9, 0xfd, 0xa8, 0xfd, 0xa8, 0xfd, 0xa8, 0xfd, 0xa8, 0xfd, 0xa8, 0xfd, 0xa8, 0xfd, 0xa8, 0xfd, 0xa8, 0xfd, 0xa8, 0xfd, 0xc9, 0xfd, 0xa9, 0xfd, 0xc7, 0xf4, 0x64, 0xf3, 0xe3, 0xf2,
    0xc3, 0xf2, 0xc3, 0xf2, 0x23, 0xfb, 0x03, 0xaa, 0x00, 0x00, 0x00, 0x00, 0xd7, 0xbd, 0xff, 0xff, 0xff, 0xff, 0xff, 0xff, 0xff, 0xff, 0xff, 0xff, 0xff, 0xff, 0xff, 0xff, 0xff, 0xff, 0xff, 0xff, 0xff, 0xff, 0xff, 0xff, 0xff, 0xff, 0xff, 0xff,
    0xff, 0xff, 0xff, 0xff, 0xff, 0xff, 0xff, 0xff, 0xff, 0xff, 0xff, 0xff, 0xff, 0xff, 0xff, 0xff, 0xff, 0xff, 0xff, 0xff, 0xff, 0xff, 0xff, 0xff, 0xff, 0xff, 0xff, 0xff, 0xff, 0xff, 0x5d, 0xef, 0x61, 0x08, 0x00, 0x00, 0x24, 0x92, 0xa5, 0xfb,
    0x44, 0xfb, 0x23, 0xfb, 0x03, 0xfb, 0x44, 0xfb, 0x46, 0xf4, 0x48, 0xfd, 0xe9, 0xfd, 0xc9, 0xfd, 0xc9, 0xfd, 0x09, 0xfe, 0xc9, 0xfd, 0xa8, 0xfd, 0xa8, 0xfd, 0x88, 0xfd, 0x89, 0xfd, 0x6f, 0xfe, 0xf4, 0xf6, 0x78, 0xf7, 0xfc, 0xff, 0xfb, 0xff,
    0xfb, 0xff, 0xfb, 0xff, 0xfb, 0xff, 0xfb, 0xff, 0xfb, 0xff, 0xfb, 0xff, 0xfb, 0xff, 0xfb, 0xff, 0xfb, 0xff, 0xfb, 0xff, 0xfb, 0xff, 0xfb, 0xff, 0xfb, 0xff, 0xfb, 0xff, 0xfb, 0xff, 0xfc, 0xff, 0xfb, 0xff, 0xfb, 0xff, 0xfb, 0xff, 0xfb, 0xff,
    0xfb, 0xff, 0xfb, 0xff, 0xfa, 0xff, 0xfa, 0xff, 0xfa, 0xff, 0xfb, 0xff, 0xfb, 0xff, 0xfb, 0xff, 0xfb, 0xff, 0xfb, 0xff, 0xfb, 0xff, 0xfb, 0xff, 0xfb, 0xff, 0xfb, 0xff, 0xfb, 0xff, 0xfb, 0xff, 0xfb, 0xff, 0xfb, 0xff, 0xfb, 0xff, 0xfb, 0xff,
    0xfb, 0xff, 0x0d, 0xf6, 0x68, 0xfd, 0x68, 0xfd, 0x88, 0xfd, 0xa9, 0xfd, 0xa8, 0xfd, 0xa8, 0xfd, 0xa8, 0xfd, 0xa8, 0xfd, 0xc8, 0xfd, 0x09, 0xfe, 0xa8, 0xfd, 0xa8, 0xfd, 0xc9, 0xfd, 0xe7, 0xfc, 0x84, 0xf3, 0x03, 0xf3, 0xe3, 0xfa, 0x09, 0xf4,
    0x4b, 0xf4, 0x2a, 0xf4, 0xa7, 0xf3, 0xea, 0xe3, 0xa6, 0x39, 0x82, 0x10, 0x4d, 0x6b, 0xff, 0xff, 0xdf, 0xff, 0xff, 0xff, 0xff, 0xff, 0xdf, 0xff, 0xde, 0xff, 0xff, 0xff, 0xff, 0xff, 0xff, 0xff, 0xdf, 0xff, 0xdf, 0xff, 0xff, 0xff, 0xff, 0xff,
    0xff, 0xff, 0xff, 0xff, 0xff, 0xff, 0xff, 0xff, 0xff, 0xff, 0xff, 0xff, 0xff, 0xff, 0xff, 0xff, 0xff, 0xff, 0xff, 0xff, 0xff, 0xff, 0xff, 0xff, 0xff, 0xff, 0xdf, 0xff, 0xff, 0xff, 0x14, 0xa5, 0x00, 0x00, 0x40, 0x08, 0x05, 0xd3, 0x85, 0xfb,
    0x24, 0xfb, 0x24, 0xfb, 0x23, 0xfb, 0x43, 0xfb, 0xe6, 0xf3, 0xc5, 0xeb, 0x08, 0xf5, 0xe9, 0xfd, 0xa9, 0xfd, 0x28, 0xb4, 0xa9, 0xf5, 0xc8, 0xfd, 0xa8, 0xfd, 0x88, 0xfd, 0x88, 0xfd, 0x67, 0xfd, 0x68, 0xf5, 0x57, 0xf7, 0xfd, 0xff, 0xfb, 0xff,
    0xfb, 0xff, 0xfb, 0xff, 0xfb, 0xff, 0xfb, 0xff, 0xfb, 0xff, 0xfc, 0xff, 0xfb, 0xff, 0xfb, 0xff, 0xfb, 0xff, 0xfb, 0xff, 0xfb, 0xff, 0xfb, 0xff, 0xfb, 0xff, 0xfb, 0xff, 0xfb, 0xff, 0xfb, 0xff, 0xfb, 0xff, 0xfb, 0xff, 0xfb, 0xff, 0xfb, 0xff,
    0xfb, 0xff, 0xfa, 0xff, 0xfa, 0xff, 0xfa, 0xff, 0xfa, 0xff, 0xfb, 0xff, 0xfb, 0xff, 0xfb, 0xff, 0xfb, 0xff, 0xfb, 0xff, 0xfb, 0xff, 0xfb, 0xff, 0xfb, 0xff, 0xfb, 0xff, 0xfb, 0xff, 0xfb, 0xff, 0xfb, 0xff, 0xfb, 0xff, 0xfc, 0xff, 0xfb, 0xff,
    0xfc, 0xff, 0xb2, 0xf6, 0x68, 0xfd, 0x89, 0xfd, 0x88, 0xfd, 0x88, 0xfd, 0xa8, 0xfd, 0xa8, 0xfd, 0xa8, 0xfd, 0xc8, 0xfd, 0xe8, 0xdc, 0xa7, 0xa3, 0xc9, 0xfd, 0xc9, 0xfd, 0xc7, 0xf4, 0x23, 0xf3, 0x64, 0xf3, 0x44, 0xfb, 0xe3, 0xfa, 0x6c, 0xf4,
    0x71, 0xf5, 0x30, 0xf5, 0xc8, 0xeb, 0x30, 0xfd, 0x0f, 0x9c, 0xcb, 0x52, 0x44, 0x29, 0xdf, 0xff, 0xff, 0xff, 0xff, 0xff, 0xde, 0xff, 0xde, 0xff, 0xdf, 0xff, 0xde, 0xff, 0xde, 0xff, 0xde, 0xff, 0xdf, 0xff, 0xdf, 0xff, 0xff, 0xff, 0xff, 0xff,
    0xff, 0xff, 0xff, 0xff, 0xff, 0xff, 0xff, 0xff, 0xff, 0xff, 0xff, 0xff, 0xff, 0xff, 0xff, 0xff, 0xff, 0xff, 0xff, 0xff, 0xff, 0xff, 0xff, 0xff, 0xff, 0xff, 0xff, 0xff, 0xff, 0xff, 0x8a, 0x52, 0x00, 0x00, 0xe2, 0x38, 0x45, 0xfb, 0x03, 0xfb,
    0x03, 0xfb, 0x23, 0xfb, 0x23, 0xfb, 0x23, 0xfb, 0x43, 0xfb, 0x44, 0xf3, 0x26, 0xec, 0x2a, 0xfe, 0x28, 0xbc, 0x41, 0x08, 0x8a, 0xed, 0xc8, 0xfd, 0xa8, 0xfd, 0xa8, 0xfd, 0x88, 0xfd, 0x88, 0xfd, 0xaa, 0xf5, 0x98, 0xff, 0xfc, 0xff, 0xfb, 0xff,
    0xfb, 0xff, 0xfb, 0xff, 0xfb, 0xff, 0xfb, 0xff, 0xfb, 0xff, 0xfb, 0xff, 0xfb, 0xff, 0xfb, 0xff, 0xfb, 0xff, 0xfb, 0xff, 0xfb, 0xff, 0xfb, 0xff, 0xfb, 0xff, 0xfb, 0xff, 0xfb, 0xff, 0xfb, 0xff, 0xfb, 0xff, 0xfb, 0xff, 0xfb, 0xff, 0xfb, 0xff,
    0xfb, 0xff, 0xfb, 0xff, 0xfa, 0xff, 0xfa, 0xff, 0xfb, 0xff, 0xfb, 0xff, 0xfb, 0xff, 0xfb, 0xff, 0xfb, 0xff, 0xfb, 0xff, 0xfb, 0xff, 0xfb, 0xff, 0xfb, 0xff, 0xfb, 0xff, 0xfb, 0xff, 0xfb, 0xff, 0xfb, 0xff, 0xfc, 0xff, 0xfc, 0xff, 0xfb, 0xff,
    0xfc, 0xff, 0x57, 0xf7, 0xa9, 0xfd, 0xa9, 0xfd, 0x89, 0xfd, 0x88, 0xfd, 0x88, 0xfd, 0x88, 0xfd, 0x88, 0xfd, 0xc8, 0xfd, 0x48, 0xbc, 0x00, 0x00, 0xe9, 0xd4, 0xea, 0xfd, 0xc7, 0xf4, 0x64, 0xeb, 0x23, 0xf3, 0xe3, 0xfa, 0xa2, 0xfa, 0x6c, 0xfc,
    0xee, 0xf4, 0xef, 0xf4, 0xa8, 0xeb, 0x2f, 0xfd, 0xee, 0xa3, 0xaa, 0x4a, 0x24, 0x21, 0x9e, 0xf7, 0xff, 0xff, 0xdf, 0xff, 0xff, 0xff, 0xde, 0xff, 0xdf, 0xff, 0xde, 0xff, 0xde, 0xff, 0xde, 0xff, 0xbe, 0xf7, 0xdf, 0xff, 0xff, 0xff, 0xff, 0xff,
    0xff, 0xff, 0xff, 0xff, 0xff, 0xff, 0xff, 0xff, 0xff, 0xff, 0xff, 0xff, 0xff, 0xff, 0xff, 0xff, 0xff, 0xff, 0xff, 0xff, 0xff, 0xff, 0xff, 0xff, 0xff, 0xff, 0xff, 0xff, 0xbe, 0xf7, 0xe3, 0x18, 0x00, 0x00, 0xa5, 0x72, 0x46, 0xfc, 0x64, 0xf3,
    0x43, 0xf3, 0x23, 0xfb, 0x03, 0xfb, 0x64, 0xf3, 0xe5, 0xeb, 0x25, 0xec, 0x48, 0xf5, 0x0a, 0xfe, 0x24, 0x62, 0x22, 0x29, 0x2a, 0xfe, 0xa8, 0xfd, 0xc9, 0xfd, 0xa8, 0xfd, 0x88, 0xfd, 0xa9, 0xfd, 0xcb, 0xf5, 0x99, 0xf7, 0xfc, 0xff, 0xfb, 0xff,
    0xfb, 0xff, 0xfb, 0xff, 0xfb, 0xff, 0xfb, 0xff, 0xfb, 0xff, 0xfb, 0xff, 0xfb, 0xff, 0xfb, 0xff, 0xfb, 0xff, 0xfb, 0xff, 0xfb, 0xff, 0xfb, 0xff, 0xfb, 0xff, 0xfb, 0xff, 0xfb, 0xff, 0xfb, 0xff, 0xfb, 0xff, 0xfb, 0xff, 0xfb, 0xff, 0xfb, 0xff,
    0xfb, 0xff, 0xfb, 0xff, 0xfb, 0xff, 0xfb, 0xff, 0xfb, 0xff, 0xfb, 0xff, 0xfb, 0xff, 0xfb, 0xff, 0xfb, 0xff, 0xfb, 0xff, 0xfb, 0xff, 0xfb, 0xff, 0xfb, 0xff, 0xfb, 0xff, 0xfb, 0xff, 0xfb, 0xff, 0xfb, 0xff, 0xfb, 0xff, 0xfb, 0xff, 0xfb, 0xff,
    0xfc, 0xff, 0xdb, 0xff, 0x4e, 0xf6, 0xa8, 0xfd, 0xa9, 0xfd, 0xa9, 0xfd, 0xa8, 0xfd, 0x88, 0xfd, 0x88, 0xfd, 0x88, 0xfd, 0x6a, 0xf5, 0x20, 0x00, 0xc5, 0x72, 0x0a, 0xfe, 0xa9, 0xfd, 0x48, 0xfd, 0x66, 0xf4, 0x05, 0xf4, 0xc4, 0xfb, 0x6a, 0xf4,
    0xee, 0xf4, 0xad, 0xf4, 0x08, 0xec, 0x13, 0xfe, 0x2f, 0xcd, 0xc7, 0x39, 0x48, 0x4a, 0xdb, 0xde, 0xff, 0xff, 0xbe, 0xf7, 0xff, 0xff, 0xde, 0xff, 0xdf, 0xff, 0xde, 0xff, 0xde, 0xff, 0xde, 0xff, 0xde, 0xff, 0xdf, 0xff, 0xff, 0xff, 0xff, 0xff,
    0xff, 0xff, 0xff, 0xff, 0xff, 0xff, 0xff, 0xff, 0xff, 0xff, 0xff, 0xff, 0xff, 0xff, 0xff, 0xff, 0xff, 0xff, 0xff, 0xff, 0xff, 0xff, 0xff, 0xff, 0xff, 0xff, 0xff, 0xff, 0x79, 0xd6, 0x20, 0x00, 0x00, 0x00, 0x89, 0xbc, 0x4a, 0xfe, 0xa8, 0xfd,
    0x88, 0xfd, 0x47, 0xfd, 0x47, 0xfd, 0x68, 0xf5, 0x88, 0xfd, 0xa8, 0xfd, 0xa8, 0xfd, 0xa9, 0xfd, 0x81, 0x18, 0x24, 0x52, 0x2a, 0xfe, 0xa8, 0xfd, 0xa8, 0xfd, 0xa8, 0xfd, 0xa8, 0xfd, 0xa9, 0xfd, 0x2e, 0xf6, 0xdb, 0xff, 0xfc, 0xff, 0xfb, 0xff,
    0xfb, 0xff, 0xfc, 0xff, 0xfc, 0xff, 0xfb, 0xff, 0xfb, 0xff, 0xfb, 0xff, 0xfb, 0xff, 0xfb, 0xff, 0xfb, 0xff, 0xfb, 0xff, 0xfb, 0xff, 0xfb, 0xff, 0xfb, 0xff, 0xfb, 0xff, 0xfb, 0xff, 0xfb, 0xff, 0xfb, 0xff, 0xfb, 0xff, 0xfb, 0xff, 0xfb, 0xff,
    0xfb, 0xff, 0xfb, 0xff, 0xfb, 0xff, 0xfb, 0xff, 0xfb, 0xff, 0xfb, 0xff, 0xfb, 0xff, 0xfb, 0xff, 0xfb, 0xff, 0xfb, 0xff, 0xfb, 0xff, 0xfb, 0xff, 0xfb, 0xff, 0xfb, 0xff, 0xfb, 0xff, 0xfb, 0xff, 0xfc, 0xff, 0xfc, 0xff, 0xfb, 0xff, 0xfb, 0xff,
    0xfb, 0xff, 0xfc, 0xff, 0x90, 0xf6, 0xa8, 0xfd, 0xc9, 0xfd, 0xa9, 0xfd, 0xc9, 0xfd, 0x88, 0xfd, 0x88, 0xfd, 0x68, 0xfd, 0xaa, 0xfd, 0xe2, 0x20, 0x22, 0x29, 0xea, 0xfd, 0x88, 0xfd, 0xa8, 0xfd, 0xc9, 0xfd, 0xc9, 0xfd, 0xc8, 0xfd, 0x4f, 0xfe,
    0x50, 0xfe, 0x70, 0xfe, 0xec, 0xfd, 0x4f, 0xfe, 0x71, 0xfe, 0x07, 0x42, 0x24, 0x21, 0x30, 0x84, 0xff, 0xff, 0xbe, 0xf7, 0xdf, 0xff, 0xdf, 0xff, 0xdf, 0xff, 0xdf, 0xff, 0xdf, 0xff, 0xdf, 0xff, 0xdf, 0xff, 0xdf, 0xff, 0xff, 0xff, 0xff, 0xff,
    0xff, 0xff, 0xff, 0xff, 0xff, 0xff, 0xff, 0xff, 0xff, 0xff, 0xff, 0xff, 0xff, 0xff, 0xff, 0xff, 0xff, 0xff, 0xff, 0xff, 0xff, 0xff, 0xff, 0xff, 0xdf, 0xff, 0xff, 0xff, 0x34, 0xa5, 0x00, 0x00, 0x61, 0x10, 0x69, 0xe5, 0xe8, 0xfd, 0xa8, 0xfd,
    0xa8, 0xfd, 0xc9, 0xfd, 0xc9, 0xfd, 0xc9, 0xfd, 0xc8, 0xfd, 0x88, 0xfd, 0xc9, 0xfd, 0xc8, 0xdc, 0x00, 0x00, 0x66, 0x8b, 0x29, 0xfe, 0xa8, 0xfd, 0xa8, 0xfd, 0xa8, 0xfd, 0xa9, 0xfd, 0xa9, 0xfd, 0xd2, 0xf6, 0xfc, 0xff, 0xfb, 0xff, 0xfb, 0xff,
    0xfc, 0xff, 0xfc, 0xff, 0xfc, 0xff, 0xfb, 0xff, 0xfb, 0xff, 0xfb, 0xff, 0xfb, 0xff, 0xfa, 0xff, 0xfb, 0xff, 0xfb, 0xff, 0xfb, 0xff, 0xfb, 0xff, 0xfb, 0xff, 0xfb, 0xff, 0xfb, 0xff, 0xfb, 0xff, 0xfb, 0xff, 0xfb, 0xff, 0xfb, 0xff, 0xfb, 0xff,
    0xfb, 0xff, 0xfb, 0xff, 0xfb, 0xff, 0xfb, 0xff, 0xfb, 0xff, 0xfb, 0xff, 0xfb, 0xff, 0xfb, 0xff, 0xfb, 0xff, 0xfb, 0xff, 0xfb, 0xff, 0xfb, 0xff, 0xfb, 0xff, 0xfb, 0xff, 0xfb, 0xff, 0xfb, 0xff, 0xfb, 0xff, 0xfc, 0xff, 0xfb, 0xff, 0xfb, 0xff,
    0xfb, 0xff, 0xfc, 0xff, 0xf2, 0xf6, 0xa8, 0xfd, 0xc9, 0xfd, 0xa9, 0xfd, 0xc9, 0xfd, 0x88, 0xfd, 0x68, 0xfd, 0x68, 0xfd, 0xc9, 0xfd, 0x04, 0x5a, 0x20, 0x00, 0x89, 0xf5, 0xa8, 0xfd, 0xa8, 0xfd, 0xa8, 0xfd, 0xa8, 0xfd, 0xa8, 0xfd, 0xa8, 0xfd,
    0xa7, 0xfd, 0xa7, 0xfd, 0xa8, 0xfd, 0x88, 0xfd, 0xc9, 0xfd, 0xa3, 0x41, 0x00, 0x00, 0xaa, 0x52, 0xff, 0xff, 0xff, 0xff, 0xff, 0xff, 0xff, 0xff, 0xff, 0xff, 0xff, 0xff, 0xff, 0xff, 0xff, 0xff, 0xff, 0xff, 0xff, 0xff, 0xff, 0xff, 0xff, 0xff,
    0xff, 0xff, 0xff, 0xff, 0xff, 0xff, 0xff, 0xff, 0xff, 0xff, 0xff, 0xff, 0xff, 0xff, 0xff, 0xff, 0xff, 0xff, 0xff, 0xff, 0xff, 0xff, 0xff, 0xff, 0xdf, 0xff, 0xff, 0xff, 0xef, 0x7b, 0x00, 0x00, 0x43, 0x31, 0xe9, 0xfd, 0xc8, 0xfd, 0xa8, 0xfd,
    0xa8, 0xfd, 0xa8, 0xfd, 0xc8, 0xfd, 0xa8, 0xfd, 0xa8, 0xfd, 0x88, 0xfd, 0x09, 0xfe, 0xa6, 0xa3, 0x00, 0x00, 0x47, 0xb4, 0x09, 0xfe, 0xa8, 0xfd, 0xa8, 0xfd, 0xa8, 0xfd, 0xc9, 0xfd, 0xc9, 0xfd, 0x56, 0xff, 0xfc, 0xff, 0xfb, 0xff, 0xfb, 0xff,
    0xfc, 0xff, 0xfc, 0xff, 0xfc, 0xff, 0xfb, 0xff, 0xfb, 0xff, 0xfb, 0xff, 0xfb, 0xff, 0xfb, 0xff, 0xfb, 0xff, 0xfb, 0xff, 0xfb, 0xff, 0xfb, 0xff, 0xfb, 0xff, 0xfb, 0xff, 0xfb, 0xff, 0xfb, 0xff, 0xfb, 0xff, 0xfb, 0xff, 0xfb, 0xff, 0xfb, 0xff,
    0xfb, 0xff, 0xfb, 0xff, 0xfc, 0xff, 0xfc, 0xff, 0xfb, 0xff, 0xfb, 0xff, 0xfb, 0xff, 0xfb, 0xff, 0xfb, 0xff, 0xfb, 0xff, 0xfb, 0xff, 0xfb, 0xff, 0xfb, 0xff, 0xfb, 0xff, 0xfb, 0xff, 0xfb, 0xff, 0xfc, 0xff, 0xfb, 0xff, 0xfb, 0xff, 0xfb, 0xff,
    0xfb, 0xff, 0xfc, 0xff, 0x96, 0xff, 0xe9, 0xfd, 0xe9, 0xfd, 0xc9, 0xfd, 0xc9, 0xfd, 0xa8, 0xfd, 0x88, 0xfd, 0x68, 0xfd, 0xe9, 0xfd, 0x26, 0x8b, 0x00, 0x00, 0x09, 0xd5, 0xe9, 0xfd, 0xa8, 0xfd, 0xc8, 0xfd, 0xa8, 0xfd, 0xa8, 0xfd, 0xc9, 0xfd,
    0xc9, 0xfd, 0xc9, 0xfd, 0xc9, 0xfd, 0x89, 0xfd, 0x0a, 0xfe, 0x65, 0x62, 0x00, 0x00, 0xe7, 0x39, 0xff, 0xff, 0xff, 0xff, 0xff, 0xff, 0xff, 0xff, 0xff, 0xff, 0xff, 0xff, 0xff, 0xff, 0xff, 0xff, 0xff, 0xff, 0xff, 0xff, 0xff, 0xff, 0xff, 0xff,
    
};

const lv_img_dsc_t icon_cat_angry = {
  .header.magic = LV_IMAGE_HEADER_MAGIC,
  .header.cf = LV_COLOR_FORMAT_RGB565,
  .header.w = 120,
  .header.h = 120,
  .data_size = 28800,
  .data = icon_cat_angry_map,
};
