#ifdef __has_include
    #if __has_include("lvgl.h")
        #ifndef LV_LVGL_H_INCLUDE_SIMPLE
            #define LV_LVGL_H_INCLUDE_SIMPLE
        #endif
    #endif
#endif

#if defined(LV_LVGL_H_INCLUDE_SIMPLE)
    #include "lvgl.h"
#else
    #include "lvgl/lvgl.h"
#endif

#ifndef LV_ATTRIBUTE_MEM_ALIGN
#define LV_ATTRIBUTE_MEM_ALIGN
#endif

#ifndef LV_ATTRIBUTE_IMG_ICON_CAT_FEAR
#define LV_ATTRIBUTE_IMG_ICON_CAT_FEAR
#endif

const LV_ATTRIBUTE_MEM_ALIGN LV_ATTRIBUTE_LARGE_CONST LV_ATTRIBUTE_IMG_ICON_CAT_FEAR uint8_t icon_cat_fear_map[] = {
    0xff, 0xff, 0xff, 0xff, 0xff, 0xff, 0xff, 0xff, 0xff, 0xff, 0xff, 0xff, 0xff, 0xff, 0xff, 0xff, 0xff, 0xff, 0xff, 0xff, 0xff, 0xff, 0xff, 0xff, 0xff, 0xff, 0xff, 0xff, 0xff, 0xff, 0xff, 0xff, 0xff, 0xff, 0xff, 0xff, 0xff, 0xff, 0xff, 0xff,
    0xff, 0xff, 0xff, 0xff, 0xff, 0xff, 0xff, 0xff, 0xff, 0xff, 0xff, 0xff, 0xff, 0xff, 0xff, 0xff, 0xff, 0xff, 0xff, 0xff, 0xff, 0xff, 0xff, 0xff, 0xff, 0xff, 0xff, 0xff, 0xff, 0xff, 0xff, 0xff, 0xff, 0xff, 0xff, 0xff, 0xff, 0xff, 0xff, 0xff,
    0xff, 0xff, 0xff, 0xff, 0xff, 0xff, 0xff, 0xff, 0xff, 0xff, 0xff, 0xff, 0xff, 0xff, 0xff, 0xff, 0xff, 0xff, 0xff, 0xff, 0xff, 0xff, 0xff, 0xff, 0xff, 0xff, 0xff, 0xff, 0xff, 0xff, 0xff, 0xff, 0xff, 0xff, 0xff, 0xff, 0xff, 0xff, 0xff, 0xff,
    0xff, 0xff, 0xff, 0xff, 0xff, 0xff, 0xff, 0xff, 0xff, 0xff, 0xff, 0xff, 0xff, 0xff, 0xff, 0xff, 0xff, 0xff, 0xff, 0xff, 0xff, 0xff, 0xff, 0xff, 0xff, 0xff, 0xff, 0xff, 0xff, 0xff, 0xff, 0xff, 0xff, 0xff, 0xff, 0xff, 0xff, 0xff, 0xff, 0xff,
    0xff, 0xff, 0xff, 0xff, 0xff, 0xff, 0xff, 0xff, 0xff, 0xff, 0xff, 0xff, 0xff, 0xff, 0xff, 0xff, 0xff, 0xff, 0xff, 0xff, 0xff, 0xff, 0xff, 0xff, 0xff, 0xff, 0xff, 0xff, 0xff, 0xff, 0xff, 0xff, 0xff, 0xff, 0xff, 0xff, 0xff, 0xff, 0xff, 0xff,
    0xff, 0xff, 0xff, 0xff, 0xff, 0xff, 0xff, 0xff, 0xff, 0xff, 0xff, 0xff, 0xff, 0xff, 0xff, 0xff, 0xff, 0xff, 0xff, 0xff, 0xff, 0xff, 0xff, 0xff, 0xff, 0xff, 0xff, 0xff, 0xff, 0xff, 0xff, 0xff, 0xff, 0xff, 0xff, 0xff, 0xff, 0xff, 0xff, 0xff,
    0xff, 0xff, 0xff, 0xff, 0xff, 0xff, 0xff, 0xff, 0xff, 0xff, 0xff, 0xff, 0xff, 0xff, 0xff, 0xff, 0xff, 0xff, 0xff, 0xff, 0xff, 0xff, 0xff, 0xff, 0xff, 0xff, 0xff, 0xff, 0xff, 0xff, 0xff, 0xff, 0xff, 0xff, 0xff, 0xff, 0xff, 0xff, 0xff, 0xff,
    0xff, 0xff, 0xff, 0xff, 0xff, 0xff, 0xff, 0xff, 0xff, 0xff, 0xff, 0xff, 0xff, 0xff, 0xff, 0xff, 0xff, 0xff, 0xff, 0xff, 0xff, 0xff, 0xff, 0xff, 0xff, 0xff, 0xff, 0xff, 0xff, 0xff, 0xff, 0xff, 0xff, 0xff, 0xff, 0xff, 0xff, 0xff, 0xff, 0xff,
    0xff, 0xff, 0xff, 0xff, 0xff, 0xff, 0xff, 0xff, 0xff, 0xff, 0xff, 0xff, 0xff, 0xff, 0xff, 0xff, 0xff, 0xff, 0xff, 0xff, 0xff, 0xff, 0xff, 0xff, 0xff, 0xff, 0xff, 0xff, 0xff, 0xff, 0xff, 0xff, 0xff, 0xff, 0xff, 0xff, 0xff, 0xff, 0xff, 0xff,
    0xff, 0xff, 0xff, 0xff, 0xff, 0xff, 0xff, 0xff, 0xff, 0xff, 0xff, 0xff, 0xff, 0xff, 0xff, 0xff, 0xff, 0xff, 0xff, 0xff, 0xff, 0xff, 0xff, 0xff, 0xff, 0xff, 0xff, 0xff, 0xff, 0xff, 0xff, 0xff, 0xff, 0xff, 0xff, 0xff, 0xff, 0xff, 0xff, 0xff,
    0xff, 0xff, 0xff, 0xff, 0xff, 0xff, 0xff, 0xff, 0xff, 0xff, 0xff, 0xff, 0xff, 0xff, 0xff, 0xff, 0xff, 0xff, 0xff, 0xff, 0xff, 0xff, 0xff, 0xff, 0xff, 0xff, 0xff, 0xff, 0xff, 0xff, 0xff, 0xff, 0xff, 0xff, 0xff, 0xff, 0xff, 0xff, 0xff, 0xff,
    0xff, 0xff, 0xff, 0xff, 0xff, 0xff, 0xff, 0xff, 0xff, 0xff, 0xff, 0xff, 0xff, 0xff, 0xff, 0xff, 0xff, 0xff, 0xff, 0xff, 0xff, 0xff, 0xff, 0xff, 0xff, 0xff, 0xff, 0xff, 0xff, 0xff, 0xff, 0xff, 0xff, 0xff, 0xff, 0xff, 0xff, 0xff, 0xff, 0xff,
    0xff, 0xff, 0xff, 0xff, 0xff, 0xff, 0xff, 0xff, 0xff, 0xff, 0xff, 0xff, 0xff, 0xff, 0xff, 0xff, 0xff, 0xff, 0xff, 0xff, 0xff, 0xff, 0xff, 0xff, 0xff, 0xff, 0xff, 0xff, 0xff, 0xff, 0xff, 0xff, 0xff, 0xff, 0xff, 0xff, 0xff, 0xff, 0xff, 0xff,
    0xff, 0xff, 0xff, 0xff, 0xff, 0xff, 0xff, 0xff, 0xff, 0xff, 0xff, 0xff, 0xff, 0xff, 0xff, 0xff, 0xff, 0xff, 0xff, 0xff, 0xff, 0xff, 0xff, 0xff, 0xff, 0xff, 0xff, 0xff, 0xff, 0xff, 0xff, 0xff, 0xff, 0xff, 0xff, 0xff, 0xff, 0xff, 0xff, 0xff,
    0xff, 0xff, 0xff, 0xff, 0xff, 0xff, 0xff, 0xff, 0xff, 0xff, 0xff, 0xff, 0xff, 0xff, 0xff, 0xff, 0xff, 0xff, 0xff, 0xff, 0xff, 0xff, 0xff, 0xff, 0xff, 0xff, 0xff, 0xff, 0xff, 0xff, 0xff, 0xff, 0xff, 0xff, 0xff, 0xff, 0xff, 0xff, 0xff, 0xff,
    0xff, 0xff, 0xff, 0xff, 0xff, 0xff, 0xff, 0xff, 0xff, 0xff, 0xff, 0xff, 0xff, 0xff, 0xff, 0xff, 0xff, 0xff, 0xff, 0xff, 0xff, 0xff, 0xff, 0xff, 0xff, 0xff, 0xff, 0xff, 0xff, 0xff, 0xff, 0xff, 0xff, 0xff, 0xff, 0xff, 0xff, 0xff, 0xff, 0xff,
    0xff, 0xff, 0xff, 0xff, 0xff, 0xff, 0xff, 0xff, 0xff, 0xff, 0xff, 0xff, 0xff, 0xff, 0xff, 0xff, 0xff, 0xff, 0xff, 0xff, 0xff, 0xff, 0xff, 0xff, 0xff, 0xff, 0xff, 0xff, 0xff, 0xff, 0xff, 0xff, 0xff, 0xff, 0xff, 0xff, 0xff, 0xff, 0xff, 0xff,
    0xff, 0xff, 0xff, 0xff, 0xff, 0xff, 0xff, 0xff, 0xff, 0xff, 0xff, 0xff, 0xff, 0xff, 0xff, 0xff, 0xff, 0xff, 0xff, 0xff, 0xff, 0xff, 0xff, 0xff, 0xff, 0xff, 0xff, 0xff, 0xff, 0xff, 0xff, 0xff, 0xff, 0xff, 0xff, 0xff, 0xff, 0xff, 0xff, 0xff,
    0xff, 0xff, 0xff, 0xff, 0xff, 0xff, 0xff, 0xff, 0xff, 0xff, 0xff, 0xff, 0xff, 0xff, 0xff, 0xff, 0xff, 0xff, 0xff, 0xff, 0xff, 0xff, 0xff, 0xff, 0xff, 0xff, 0xff, 0xff, 0xff, 0xff, 0xff, 0xff, 0xff, 0xff, 0xff, 0xff, 0xff, 0xff, 0xff, 0xff,
    0xff, 0xff, 0xff, 0xff, 0xff, 0xff, 0xff, 0xff, 0xff, 0xff, 0xff, 0xff, 0xff, 0xff, 0xff, 0xff, 0xff, 0xff, 0xff, 0xff, 0xff, 0xff, 0xff, 0xff, 0xff, 0xff, 0xff, 0xff, 0xff, 0xff, 0xff, 0xff, 0xff, 0xff, 0xff, 0xff, 0xff, 0xff, 0xff, 0xff,
    0xff, 0xff, 0xff, 0xff, 0xff, 0xff, 0xff, 0xff, 0xff, 0xff, 0xff, 0xff, 0xff, 0xff, 0xff, 0xff, 0xff, 0xff, 0xff, 0xff, 0xff, 0xff, 0xff, 0xff, 0xff, 0xff, 0xff, 0xff, 0xff, 0xff, 0xff, 0xff, 0xff, 0xff, 0xff, 0xff, 0xff, 0xff, 0xff, 0xff,
    0xff, 0xff, 0xff, 0xff, 0xff, 0xff, 0xff, 0xff, 0xff, 0xff, 0xff, 0xff, 0xff, 0xff, 0xff, 0xff, 0xff, 0xff, 0xff, 0xff, 0xff, 0xff, 0xff, 0xff, 0xff, 0xff, 0xff, 0xff, 0xff, 0xff, 0xff, 0xff, 0xff, 0xff, 0xff, 0xff, 0xff, 0xff, 0xff, 0xff,
    0xff, 0xff, 0xff, 0xff, 0xff, 0xff, 0xff, 0xff, 0xff, 0xff, 0xff, 0xff, 0xff, 0xff, 0xff, 0xff, 0xff, 0xff, 0xff, 0xff, 0xff, 0xff, 0xff, 0xff, 0xff, 0xff, 0xff, 0xff, 0xff, 0xff, 0xff, 0xff, 0xff, 0xff, 0xff, 0xff, 0xff, 0xff, 0xff, 0xff,
    0xff, 0xff, 0xff, 0xff, 0xff, 0xff, 0xff, 0xff, 0xff, 0xff, 0xff, 0xff, 0xff, 0xff, 0xff, 0xff, 0xff, 0xff, 0xff, 0xff, 0xff, 0xff, 0xff, 0xff, 0xff, 0xff, 0xff, 0xff, 0xff, 0xff, 0xff, 0xff, 0xff, 0xff, 0xff, 0xff, 0xff, 0xff, 0xff, 0xff,
    0xff, 0xff, 0xff, 0xff, 0xff, 0xff, 0xff, 0xff, 0xff, 0xff, 0xff, 0xff, 0xff, 0xff, 0xff, 0xff, 0xff, 0xff, 0xff, 0xff, 0xff, 0xff, 0xff, 0xff, 0xff, 0xff, 0xff, 0xff, 0xff, 0xff, 0xff, 0xff, 0xff, 0xff, 0xff, 0xff, 0xff, 0xff, 0xff, 0xff,
    0xff, 0xff, 0xff, 0xff, 0xff, 0xff, 0xff, 0xff, 0xff, 0xff, 0xff, 0xff, 0xff, 0xff, 0xff, 0xff, 0xff, 0xff, 0xff, 0xff, 0xff, 0xff, 0xff, 0xff, 0xff, 0xff, 0xff, 0xff, 0xff, 0xff, 0xff, 0xff, 0xff, 0xff, 0xff, 0xff, 0xff, 0xff, 0xff, 0xff,
    0xff, 0xff, 0xff, 0xff, 0xff, 0xff, 0xff, 0xff, 0xff, 0xff, 0xff, 0xff, 0xff, 0xff, 0xff, 0xff, 0xff, 0xff, 0xff, 0xff, 0xff, 0xff, 0xff, 0xff, 0xff, 0xff, 0xff, 0xff, 0xff, 0xff, 0xff, 0xff, 0xff, 0xff, 0xff, 0xff, 0xff, 0xff, 0xff, 0xff,
    0xff, 0xff, 0xff, 0xff, 0xff, 0xff, 0xff, 0xff, 0xff, 0xff, 0xff, 0xff, 0xff, 0xff, 0xff, 0xff, 0xff, 0xff, 0xff, 0xff, 0xff, 0xff, 0xff, 0xff, 0xff, 0xff, 0xff, 0xff, 0xff, 0xff, 0xff, 0xff, 0xff, 0xff, 0xff, 0xff, 0xff, 0xff, 0xff, 0xff,
    0xff, 0xff, 0xff, 0xff, 0xff, 0xff, 0xff, 0xff, 0xff, 0xff, 0xff, 0xff, 0xff, 0xff, 0xff, 0xff, 0xff, 0xff, 0xff, 0xff, 0xff, 0xff, 0xff, 0xff, 0xff, 0xff, 0xff, 0xff, 0xff, 0xff, 0xff, 0xff, 0xff, 0xff, 0xff, 0xff, 0xff, 0xff, 0xff, 0xff,
    0xff, 0xff, 0xff, 0xff, 0xff, 0xff, 0xff, 0xff, 0xff, 0xff, 0xff, 0xff, 0xff, 0xff, 0xff, 0xff, 0xff, 0xff, 0xff, 0xff, 0xff, 0xff, 0xff, 0xff, 0xff, 0xff, 0xff, 0xff, 0xff, 0xff, 0xff, 0xff, 0xff, 0xff, 0xff, 0xff, 0xff, 0xff, 0xdf, 0xff,
    0xff, 0xff, 0xff, 0xff, 0xff, 0xff, 0xff, 0xff, 0xff, 0xff, 0xff, 0xff, 0xff, 0xff, 0xff, 0xff, 0xff, 0xff, 0xff, 0xff, 0xff, 0xff, 0xff, 0xff, 0xff, 0xff, 0xff, 0xff, 0xff, 0xff, 0xff, 0xff, 0xff, 0xff, 0xff, 0xff, 0xff, 0xff, 0xff, 0xff,
    0xff, 0xff, 0xff, 0xff, 0xff, 0xff, 0xff, 0xff, 0xff, 0xff, 0xff, 0xff, 0xff, 0xff, 0xff, 0xff, 0xff, 0xff, 0xff, 0xff, 0xff, 0xff, 0xff, 0xff, 0xff, 0xff, 0xff, 0xff, 0xff, 0xff, 0xff, 0xff, 0xff, 0xff, 0xff, 0xff, 0xff, 0xff, 0xff, 0xff,
    0xff, 0xff, 0xff, 0xff, 0xff, 0xff, 0xff, 0xff, 0xff, 0xff, 0xff, 0xff, 0xff, 0xff, 0xff, 0xff, 0xff, 0xff, 0xff, 0xff, 0xff, 0xff, 0xff, 0xff, 0xff, 0xff, 0xff, 0xff, 0xff, 0xff, 0xff, 0xff, 0xff, 0xff, 0xff, 0xff, 0xff, 0xff, 0xff, 0xff,
    0xff, 0xff, 0xff, 0xff, 0xff, 0xff, 0xff, 0xff, 0xff, 0xff, 0xff, 0xff, 0xff, 0xff, 0xff, 0xff, 0xff, 0xff, 0xff, 0xff, 0xff, 0xff, 0xff, 0xff, 0xff, 0xff, 0xff, 0xff, 0xff, 0xff, 0xff, 0xff, 0xff, 0xff, 0xff, 0xff, 0xff, 0xff, 0xff, 0xff,
    0xff, 0xff, 0xff, 0xff, 0xff, 0xff, 0xff, 0xff, 0xff, 0xff, 0xff, 0xff, 0xff, 0xff, 0xff, 0xff, 0xff, 0xff, 0xff, 0xff, 0xff, 0xff, 0xff, 0xff, 0xff, 0xff, 0xff, 0xff, 0xff, 0xff, 0xff, 0xff, 0xff, 0xff, 0xff, 0xff, 0xff, 0xff, 0xff, 0xff,
    0xff, 0xff, 0xff, 0xff, 0xff, 0xff, 0xff, 0xff, 0xff, 0xff, 0xff, 0xff, 0xff, 0xff, 0xff, 0xff, 0xff, 0xff, 0xff, 0xff, 0xff, 0xff, 0xff, 0xff, 0xff, 0xff, 0xff, 0xff, 0xff, 0xff, 0xff, 0xff, 0xff, 0xff, 0xff, 0xff, 0xff, 0xff, 0xdf, 0xff,
    0xff, 0xff, 0xff, 0xff, 0xff, 0xff, 0xff, 0xff, 0xff, 0xff, 0xff, 0xff, 0xff, 0xff, 0xff, 0xff, 0xff, 0xff, 0xff, 0xff, 0xff, 0xff, 0xff, 0xff, 0xff, 0xff, 0xff, 0xff, 0xff, 0xff, 0xff, 0xff, 0xff, 0xff, 0xff, 0xff, 0xff, 0xff, 0xff, 0xff,
    0xff, 0xff, 0xff, 0xff, 0xff, 0xff, 0xff, 0xff, 0xff, 0xff, 0xff, 0xff, 0xff, 0xff, 0xff, 0xff, 0xff, 0xff, 0xff, 0xff, 0xff, 0xff, 0xff, 0xff, 0xff, 0xff, 0xff, 0xff, 0xff, 0xff, 0xff, 0xff, 0xff, 0xff, 0xff, 0xff, 0xff, 0xff, 0xff, 0xff,
    0xff, 0xff, 0xff, 0xff, 0xff, 0xff, 0xff, 0xff, 0xff, 0xff, 0xff, 0xff, 0xff, 0xff, 0xff, 0xff, 0xff, 0xff, 0xff, 0xff, 0xff, 0xff, 0xff, 0xff, 0xff, 0xff, 0xff, 0xff, 0xff, 0xff, 0xff, 0xff, 0xff, 0xff, 0xff, 0xff, 0xff, 0xff, 0xff, 0xff,
    0xff, 0xff, 0xff, 0xff, 0xff, 0xff, 0xff, 0xff, 0xff, 0xff, 0xff, 0xff, 0xff, 0xff, 0xff, 0xff, 0xff, 0xff, 0xff, 0xff, 0xff, 0xff, 0xff, 0xff, 0xff, 0xff, 0xff, 0xff, 0xff, 0xff, 0xff, 0xff, 0xff, 0xff, 0xff, 0xff, 0xff, 0xff, 0xff, 0xff,
    0xff, 0xff, 0xff, 0xff, 0xff, 0xff, 0xff, 0xff, 0xff, 0xff, 0xff, 0xff, 0xff, 0xff, 0xff, 0xff, 0xff, 0xff, 0xff, 0xff, 0xff, 0xff, 0xff, 0xff, 0xff, 0xff, 0xff, 0xff, 0xff, 0xff, 0xff, 0xff, 0xff, 0xff, 0xff, 0xff, 0xff, 0xff, 0xff, 0xff,
    0xff, 0xff, 0xff, 0xff, 0xff, 0xff, 0xff, 0xff, 0xff, 0xff, 0xff, 0xff, 0xff, 0xff, 0xff, 0xff, 0xff, 0xff, 0xff, 0xff, 0xff, 0xff, 0xff, 0xff, 0xff, 0xff, 0xff, 0xff, 0xff, 0xff, 0xff, 0xff, 0xff, 0xff, 0xff, 0xff, 0xff, 0xff, 0xdf, 0xff,
    0xff, 0xff, 0xff, 0xff, 0xff, 0xff, 0xff, 0xff, 0xff, 0xff, 0xff, 0xff, 0xff, 0xff, 0xff, 0xff, 0xff, 0xff, 0xff, 0xff, 0xff, 0xff, 0xff, 0xff, 0xff, 0xff, 0xff, 0xff, 0xff, 0xff, 0xff, 0xff, 0xff, 0xff, 0xff, 0xff, 0xff, 0xff, 0xff, 0xff,
    0xff, 0xff, 0xff, 0xff, 0xff, 0xff, 0xff, 0xff, 0xff, 0xff, 0xff, 0xff, 0xff, 0xff, 0xff, 0xff, 0xff, 0xff, 0xff, 0xff, 0xff, 0xff, 0xff, 0xff, 0xff, 0xff, 0xff, 0xff, 0xff, 0xff, 0xff, 0xff, 0xff, 0xff, 0xff, 0xff, 0xff, 0xff, 0xff, 0xff,
    0xff, 0xff, 0xff, 0xff, 0xff, 0xff, 0xff, 0xff, 0xff, 0xff, 0xff, 0xff, 0xff, 0xff, 0xff, 0xff, 0xff, 0xff, 0xff, 0xff, 0xff, 0xff, 0xff, 0xff, 0xff, 0xff, 0xff, 0xff, 0xff, 0xff, 0xff, 0xff, 0xff, 0xff, 0xff, 0xff, 0xff, 0xff, 0xff, 0xff,
    0xff, 0xff, 0xff, 0xff, 0xff, 0xff, 0xff, 0xff, 0xff, 0xff, 0xff, 0xff, 0xff, 0xff, 0xff, 0xff, 0xff, 0xff, 0xff, 0xff, 0xff, 0xff, 0xff, 0xff, 0xff, 0xff, 0xff, 0xff, 0xff, 0xff, 0xff, 0xff, 0xff, 0xff, 0xff, 0xff, 0xff, 0xff, 0xff, 0xff,
    0xff, 0xff, 0xff, 0xff, 0xff, 0xff, 0xff, 0xff, 0xff, 0xff, 0xff, 0xff, 0xff, 0xff, 0xff, 0xff, 0xff, 0xff, 0xff, 0xff, 0xff, 0xff, 0xff, 0xff, 0xff, 0xff, 0xff, 0xff, 0xff, 0xff, 0xff, 0xff, 0xff, 0xff, 0xff, 0xff, 0xff, 0xff, 0xff, 0xff,
    0xff, 0xff, 0xff, 0xff, 0xff, 0xff, 0xff, 0xff, 0xff, 0xff, 0xff, 0xff, 0xff, 0xff, 0xff, 0xff, 0xff, 0xff, 0xff, 0xff, 0xff, 0xff, 0xff, 0xff, 0xff, 0xff, 0xff, 0xff, 0xff, 0xff, 0xff, 0xff, 0xff, 0xff, 0xff, 0xff, 0xff, 0xff, 0xdf, 0xff,
    0xff, 0xff, 0xff, 0xff, 0xff, 0xff, 0xff, 0xff, 0xff, 0xff, 0xff, 0xff, 0xff, 0xff, 0xff, 0xff, 0xff, 0xff, 0xff, 0xff, 0xff, 0xff, 0xff, 0xff, 0xff, 0xff, 0xff, 0xff, 0xff, 0xff, 0xff, 0xff, 0xff, 0xff, 0xff, 0xff, 0xff, 0xff, 0xff, 0xff,
    0xff, 0xff, 0xff, 0xff, 0xff, 0xff, 0xff, 0xff, 0xff, 0xff, 0xff, 0xff, 0xff, 0xff, 0xff, 0xff, 0xff, 0xff, 0xff, 0xff, 0xff, 0xff, 0xff, 0xff, 0xff, 0xff, 0xff, 0xff, 0xff, 0xff, 0xff, 0xff, 0xff, 0xff, 0xff, 0xff, 0xff, 0xff, 0xff, 0xff,
    0xff, 0xff, 0xff, 0xff, 0xff, 0xff, 0xff, 0xff, 0xff, 0xff, 0xff, 0xff, 0xff, 0xff, 0xff, 0xff, 0xff, 0xff, 0xff, 0xff, 0xff, 0xff, 0xff, 0xff, 0xff, 0xff, 0xff, 0xff, 0xff, 0xff, 0xff, 0xff, 0xff, 0xff, 0xff, 0xff, 0xff, 0xff, 0xff, 0xff,
    0xff, 0xff, 0xff, 0xff, 0xff, 0xff, 0xff, 0xff, 0xff, 0xff, 0xff, 0xff, 0xff, 0xff, 0xff, 0xff, 0xff, 0xff, 0xff, 0xff, 0xff, 0xff, 0xff, 0xff, 0xff, 0xff, 0xff, 0xff, 0xff, 0xff, 0xff, 0xff, 0xff, 0xff, 0xff, 0xff, 0xff, 0xff, 0xff, 0xff,
    0xff, 0xff, 0xff, 0xff, 0xff, 0xff, 0xff, 0xff, 0xff, 0xff, 0xff, 0xff, 0xff, 0xff, 0xff, 0xff, 0xff, 0xff, 0xff, 0xff, 0xff, 0xff, 0xff, 0xff, 0xff, 0xff, 0xff, 0xff, 0xff, 0xff, 0xff, 0xff, 0xff, 0xff, 0xff, 0xff, 0xff, 0xff, 0xff, 0xff,
    0xff, 0xff, 0xff, 0xff, 0xff, 0xff, 0xff, 0xff, 0xff, 0xff, 0xff, 0xff, 0xff, 0xff, 0xff, 0xff, 0xff, 0xff, 0xff, 0xff, 0xff, 0xff, 0xff, 0xff, 0xff, 0xff, 0xff, 0xff, 0xff, 0xff, 0xff, 0xff, 0xff, 0xff, 0xff, 0xff, 0xff, 0xff, 0xdf, 0xff,
    0xff, 0xff, 0xff, 0xff, 0xff, 0xff, 0xff, 0xff, 0xff, 0xff, 0xff, 0xff, 0xff, 0xff, 0xff, 0xff, 0xff, 0xff, 0xff, 0xff, 0xff, 0xff, 0xff, 0xff, 0xff, 0xff, 0xff, 0xff, 0xff, 0xff, 0xff, 0xff, 0xff, 0xff, 0xff, 0xff, 0xff, 0xff, 0xff, 0xff,
    0xff, 0xff, 0xff, 0xff, 0xff, 0xff, 0xff, 0xff, 0xff, 0xff, 0xff, 0xff, 0xff, 0xff, 0xff, 0xff, 0xff, 0xff, 0xff, 0xff, 0xff, 0xff, 0xff, 0xff, 0xff, 0xff, 0xff, 0xff, 0xff, 0xff, 0xff, 0xff, 0xff, 0xff, 0xff, 0xff, 0xff, 0xff, 0xff, 0xff,
    0xff, 0xff, 0xff, 0xff, 0xff, 0xff, 0xff, 0xff, 0xff, 0xff, 0xff, 0xff, 0xff, 0xff, 0xff, 0xff, 0xff, 0xff, 0xff, 0xff, 0xff, 0xff, 0xff, 0xff, 0xff, 0xff, 0xff, 0xff, 0xff, 0xff, 0xff, 0xff, 0xff, 0xff, 0xff, 0xff, 0xff, 0xff, 0xff, 0xff,
    0xff, 0xff, 0xff, 0xff, 0xff, 0xff, 0xff, 0xff, 0xff, 0xff, 0xff, 0xff, 0xff, 0xff, 0xff, 0xff, 0xff, 0xff, 0xff, 0xff, 0xff, 0xff, 0xff, 0xff, 0xff, 0xff, 0xff, 0xff, 0xff, 0xff, 0xff, 0xff, 0xff, 0xff, 0xff, 0xff, 0xff, 0xff, 0xff, 0xff,
    0xff, 0xff, 0xff, 0xff, 0xff, 0xff, 0xff, 0xff, 0xff, 0xff, 0xff, 0xff, 0xff, 0xff, 0xff, 0xff, 0xff, 0xff, 0xff, 0xff, 0xff, 0xff, 0xff, 0xff, 0xff, 0xff, 0xff, 0xff, 0xff, 0xff, 0xff, 0xff, 0xff, 0xff, 0xff, 0xff, 0xff, 0xff, 0xff, 0xff,
    0xff, 0xff, 0xff, 0xff, 0xff, 0xff, 0xff, 0xff, 0xff, 0xff, 0xff, 0xff, 0xff, 0xff, 0xff, 0xff, 0xff, 0xff, 0xfe, 0xff, 0xff, 0xff, 0xff, 0xff, 0xff, 0xff, 0xff, 0xff, 0xff, 0xff, 0xff, 0xff, 0xff, 0xff, 0xff, 0xff, 0xff, 0xff, 0xde, 0xff,
    0xff, 0xff, 0xff, 0xff, 0xff, 0xff, 0xff, 0xff, 0xff, 0xff, 0xff, 0xff, 0xff, 0xff, 0xff, 0xff, 0xff, 0xff, 0xff, 0xff, 0xff, 0xff, 0xff, 0xff, 0xff, 0xff, 0xff, 0xff, 0xff, 0xff, 0xff, 0xff, 0xff, 0xff, 0xff, 0xff, 0xff, 0xff, 0xff, 0xff,
    0xff, 0xff, 0xff, 0xff, 0xff, 0xff, 0xff, 0xff, 0xff, 0xff, 0xff, 0xff, 0xff, 0xff, 0xff, 0xff, 0xff, 0xff, 0xff, 0xff, 0xff, 0xff, 0xff, 0xff, 0xff, 0xff, 0xff, 0xff, 0xff, 0xff, 0xff, 0xff, 0xff, 0xff, 0xff, 0xff, 0xff, 0xff, 0xff, 0xff,
    0xff, 0xff, 0xff, 0xff, 0xff, 0xff, 0xff, 0xff, 0xff, 0xff, 0xfe, 0xff, 0xff, 0xff, 0xff, 0xff, 0xff, 0xff, 0xff, 0xff, 0xff, 0xff, 0xff, 0xff, 0xff, 0xff, 0xff, 0xff, 0xff, 0xff, 0xff, 0xff, 0xff, 0xff, 0xff, 0xff, 0xfe, 0xff, 0xfe, 0xff,
    0xff, 0xff, 0xff, 0xff, 0xff, 0xff, 0xff, 0xff, 0xff, 0xff, 0xff, 0xff, 0xff, 0xff, 0xff, 0xff, 0xff, 0xff, 0xff, 0xff, 0xff, 0xff, 0xff, 0xff, 0xff, 0xff, 0xff, 0xff, 0xde, 0xff, 0xff, 0xff, 0xff, 0xff, 0xff, 0xff, 0xff, 0xff, 0xff, 0xff,
    0xff, 0xff, 0xff, 0xff, 0xff, 0xff, 0xff, 0xff, 0xff, 0xff, 0xff, 0xff, 0xff, 0xff, 0xff, 0xff, 0xff, 0xff, 0xff, 0xff, 0xff, 0xff, 0xff, 0xff, 0xff, 0xff, 0xff, 0xff, 0xff, 0xff, 0xff, 0xff, 0xff, 0xff, 0xff, 0xff, 0xff, 0xff, 0xff, 0xff,
    0xff, 0xff, 0xff, 0xff, 0xfe, 0xff, 0xff, 0xff, 0xff, 0xff, 0xff, 0xff, 0xff, 0xff, 0xff, 0xff, 0xff, 0xff, 0xff, 0xff, 0xff, 0xff, 0xff, 0xff, 0xff, 0xff, 0xff, 0xff, 0xff, 0xff, 0xff, 0xff, 0xff, 0xff, 0xff, 0xff, 0xff, 0xff, 0xde, 0xff,
    0xff, 0xff, 0xff, 0xff, 0xff, 0xff, 0xff, 0xff, 0xff, 0xff, 0xff, 0xff, 0xff, 0xff, 0xff, 0xff, 0xff, 0xff, 0xff, 0xff, 0xff, 0xff, 0xff, 0xff, 0xff, 0xff, 0xff, 0xff, 0xff, 0xff, 0xff, 0xff, 0xff, 0xff, 0xff, 0xff, 0xff, 0xff, 0xff, 0xff,
    0xff, 0xff, 0xff, 0xff, 0xff, 0xff, 0xff, 0xff, 0xff, 0xff, 0xff, 0xff, 0xff, 0xff, 0xff, 0xff, 0xff, 0xff, 0xff, 0xff, 0xff, 0xff, 0xff, 0xff, 0xff, 0xff, 0xff, 0xff, 0xff, 0xff, 0xff, 0xff, 0xff, 0xff, 0xff, 0xff, 0xff, 0xff, 0xff, 0xff,
    0xff, 0xff, 0xff, 0xff, 0xff, 0xff, 0xff, 0xff, 0xff, 0xff, 0xff, 0xff, 0xff, 0xff, 0xff, 0xff, 0xff, 0xff, 0xff, 0xff, 0xff, 0xff, 0xff, 0xff, 0xff, 0xff, 0xff, 0xff, 0xff, 0xff, 0xff, 0xff, 0xff, 0xff, 0xff, 0xff, 0xff, 0xff, 0xff, 0xff,
    0xff, 0xff, 0xff, 0xff, 0xff, 0xff, 0xff, 0xff, 0xff, 0xff, 0xff, 0xff, 0xff, 0xff, 0xff, 0xff, 0xff, 0xff, 0xff, 0xff, 0xff, 0xff, 0xff, 0xff, 0xff, 0xff, 0xff, 0xff, 0xff, 0xff, 0xff, 0xff, 0xff, 0xff, 0xff, 0xff, 0xff, 0xff, 0xff, 0xff,
    0xff, 0xff, 0xff, 0xff, 0xff, 0xff, 0xff, 0xff, 0xff, 0xff, 0xff, 0xff, 0xff, 0xff, 0xff, 0xff, 0xff, 0xff, 0xfe, 0xff, 0xde, 0xff, 0xde, 0xff, 0xde, 0xff, 0xff, 0xff, 0xff, 0xff, 0xff, 0xff, 0xff, 0xff, 0xff, 0xff, 0xff, 0xff, 0xff, 0xff,
    0xff, 0xff, 0xff, 0xff, 0xff, 0xff, 0xff, 0xff, 0xfe, 0xff, 0xff, 0xff, 0xff, 0xff, 0xff, 0xff, 0xff, 0xff, 0xff, 0xff, 0xff, 0xff, 0xff, 0xff, 0xff, 0xff, 0xff, 0xff, 0xff, 0xff, 0xff, 0xff, 0xff, 0xff, 0xff, 0xff, 0xff, 0xff, 0xfe, 0xff,
    0xff, 0xff, 0xff, 0xff, 0xff, 0xff, 0xff, 0xff, 0xff, 0xff, 0xff, 0xff, 0xff, 0xff, 0xff, 0xff, 0xff, 0xff, 0xff, 0xff, 0xff, 0xff, 0xff, 0xff, 0xff, 0xff, 0xff, 0xff, 0xff, 0xff, 0xff, 0xff, 0xff, 0xff, 0xff, 0xff, 0xff, 0xff, 0xff, 0xff,
    0xff, 0xff, 0xff, 0xff, 0xff, 0xff, 0xff, 0xff, 0xff, 0xff, 0xfe, 0xff, 0xde, 0xff, 0xff, 0xff, 0xff, 0xff, 0xff, 0xff, 0xfe, 0xff, 0xde, 0xff, 0xff, 0xff, 0xff, 0xff, 0xff, 0xff, 0xff, 0xff, 0xff, 0xff, 0xff, 0xff, 0xff, 0xff, 0xff, 0xff,
    0xff, 0xff, 0xff, 0xff, 0xff, 0xff, 0xff, 0xff, 0xba, 0xd6, 0x95, 0xb5, 0xff, 0xff, 0xff, 0xff, 0xff, 0xff, 0xff, 0xff, 0xff, 0xff, 0xff, 0xff, 0xff, 0xff, 0xff, 0xff, 0xff, 0xff, 0xff, 0xff, 0xff, 0xff, 0xff, 0xff, 0xff, 0xff, 0xff, 0xff,
    0xff, 0xff, 0xff, 0xff, 0xff, 0xff, 0xff, 0xff, 0xff, 0xff, 0xff, 0xff, 0xff, 0xff, 0xff, 0xff, 0xff, 0xff, 0xff, 0xff, 0xff, 0xff, 0xff, 0xff, 0xff, 0xff, 0xdf, 0xff, 0xef, 0x83, 0x7d, 0xef, 0xff, 0xff, 0xff, 0xff, 0xff, 0xff, 0xff, 0xff,
    0xff, 0xff, 0xff, 0xff, 0xff, 0xff, 0xff, 0xff, 0xff, 0xff, 0xff, 0xff, 0xde, 0xff, 0xfe, 0xff, 0xff, 0xff, 0xff, 0xff, 0xff, 0xff, 0xff, 0xff, 0xff, 0xff, 0xff, 0xff, 0xdf, 0xff, 0xff, 0xff, 0xff, 0xff, 0xff, 0xff, 0xff, 0xff, 0xff, 0xff,
    0xff, 0xff, 0xff, 0xff, 0xff, 0xff, 0xff, 0xff, 0xff, 0xff, 0xfe, 0xff, 0xff, 0xff, 0xff, 0xff, 0xff, 0xff, 0xff, 0xff, 0xff, 0xff, 0xff, 0xff, 0xff, 0xff, 0xff, 0xff, 0xff, 0xff, 0xff, 0xff, 0xff, 0xff, 0xff, 0xff, 0xff, 0xff, 0xff, 0xff,
    0xff, 0xff, 0xff, 0xff, 0xff, 0xff, 0xff, 0xff, 0xff, 0xff, 0xff, 0xff, 0xff, 0xff, 0xff, 0xff, 0xff, 0xff, 0xff, 0xff, 0xff, 0xff, 0xff, 0xff, 0xff, 0xff, 0xff, 0xff, 0xff, 0xff, 0xff, 0xff, 0xff, 0xff, 0xff, 0xff, 0xff, 0xff, 0xff, 0xff,
    0xff, 0xff, 0xff, 0xff, 0xff, 0xff, 0xff, 0xff, 0xfe, 0xff, 0xff, 0xff, 0xff, 0xff, 0xff, 0xff, 0xde, 0xff, 0xff, 0xff, 0xff, 0xff, 0xff, 0xff, 0xff, 0xff, 0xfe, 0xff, 0xfe, 0xff, 0xff, 0xff, 0xff, 0xff, 0xff, 0xff, 0xff, 0xff, 0xff, 0xff,
    0xff, 0xff, 0xff, 0xff, 0xff, 0xff, 0xff, 0xff, 0xda, 0xde, 0x40, 0x08, 0x58, 0xce, 0xff, 0xff, 0xde, 0xff, 0xff, 0xff, 0xff, 0xff, 0xff, 0xff, 0xff, 0xff, 0xff, 0xff, 0xff, 0xff, 0xff, 0xff, 0xff, 0xff, 0xff, 0xff, 0xff, 0xff, 0xff, 0xff,
    0xff, 0xff, 0xff, 0xff, 0xff, 0xff, 0xff, 0xff, 0xff, 0xff, 0xff, 0xff, 0xff, 0xff, 0xff, 0xff, 0xff, 0xff, 0xff, 0xff, 0xff, 0xff, 0xde, 0xff, 0xff, 0xff, 0x71, 0x8c, 0xa6, 0x39, 0xdf, 0xff, 0xde, 0xff, 0xff, 0xff, 0xff, 0xff, 0xff, 0xff,
    0xff, 0xff, 0xff, 0xff, 0xff, 0xff, 0xff, 0xff, 0xfe, 0xff, 0xff, 0xff, 0xff, 0xff, 0xff, 0xff, 0x5d, 0xef, 0xf7, 0xbd, 0x14, 0xa5, 0xd3, 0x9c, 0x34, 0xa5, 0xfb, 0xde, 0xff, 0xff, 0xff, 0xff, 0xff, 0xff, 0xff, 0xff, 0xff, 0xff, 0xff, 0xff,
    0xff, 0xff, 0xff, 0xff, 0xff, 0xff, 0xff, 0xff, 0xff, 0xff, 0xff, 0xff, 0xfe, 0xff, 0xff, 0xff, 0xff, 0xff, 0xff, 0xff, 0xff, 0xff, 0xff, 0xff, 0xff, 0xff, 0xff, 0xff, 0xff, 0xff, 0xff, 0xff, 0xff, 0xff, 0xff, 0xff, 0xff, 0xff, 0xdf, 0xff,
    0xff, 0xff, 0xff, 0xff, 0xff, 0xff, 0xff, 0xff, 0xff, 0xff, 0xff, 0xff, 0xff, 0xff, 0xff, 0xff, 0xff, 0xff, 0xff, 0xff, 0xff, 0xff, 0xff, 0xff, 0xff, 0xff, 0xff, 0xff, 0xff, 0xff, 0xff, 0xff, 0xff, 0xff, 0xff, 0xff, 0xff, 0xff, 0xff, 0xff,
    0xff, 0xff, 0xff, 0xff, 0xff, 0xff, 0xfe, 0xff, 0xff, 0xff, 0xda, 0xde, 0xae, 0x73, 0xa6, 0x31, 0x04, 0x21, 0xa6, 0x31, 0x2c, 0x63, 0x34, 0xa5, 0x1c, 0xe7, 0xff, 0xff, 0xff, 0xff, 0xff, 0xff, 0xfe, 0xff, 0xff, 0xff, 0xff, 0xff, 0xff, 0xff,
    0xff, 0xff, 0xff, 0xff, 0xff, 0xff, 0xde, 0xff, 0xff, 0xff, 0xef, 0x7b, 0x24, 0x29, 0xff, 0xff, 0xff, 0xff, 0xff, 0xff, 0xff, 0xff, 0xff, 0xff, 0xff, 0xff, 0xff, 0xff, 0xff, 0xff, 0xff, 0xff, 0xff, 0xff, 0xff, 0xff, 0xff, 0xff, 0xff, 0xff,
    0xff, 0xff, 0xff, 0xff, 0xff, 0xff, 0xff, 0xff, 0xff, 0xff, 0xff, 0xff, 0xff, 0xff, 0xff, 0xff, 0xff, 0xff, 0xff, 0xff, 0xff, 0xff, 0xff, 0xff, 0x5d, 0xef, 0x03, 0x21, 0xba, 0xd6, 0xff, 0xff, 0xde, 0xff, 0xff, 0xff, 0xff, 0xff, 0xff, 0xff,
    0xff, 0xff, 0xff, 0xff, 0xff, 0xff, 0xff, 0xff, 0xff, 0xff, 0xff, 0xff, 0xb6, 0xb5, 0xcb, 0x5a, 0xc2, 0x18, 0x00, 0x00, 0x00, 0x00, 0x00, 0x00, 0x00, 0x00, 0x61, 0x08, 0xcf, 0x7b, 0xff, 0xff, 0xff, 0xff, 0xff, 0xff, 0xff, 0xff, 0xff, 0xff,
    0xff, 0xff, 0xff, 0xff, 0xff, 0xff, 0xff, 0xff, 0xfe, 0xff, 0xfe, 0xff, 0xfe, 0xff, 0xff, 0xff, 0xff, 0xff, 0xff, 0xff, 0xff, 0xff, 0xff, 0xff, 0xff, 0xff, 0xff, 0xff, 0xff, 0xff, 0xff, 0xff, 0xff, 0xff, 0xfe, 0xff, 0xff, 0xff, 0xff, 0xff,
    0xff, 0xff, 0xff, 0xff, 0xff, 0xff, 0xff, 0xff, 0xff, 0xff, 0xff, 0xff, 0xff, 0xff, 0xff, 0xff, 0xff, 0xff, 0xff, 0xff, 0xff, 0xff, 0xff, 0xff, 0xff, 0xff, 0xff, 0xff, 0xff, 0xff, 0xff, 0xff, 0xff, 0xff, 0xff, 0xff, 0xff, 0xff, 0xff, 0xff,
    0xff, 0xff, 0xff, 0xff, 0xfe, 0xff, 0xff, 0xff, 0xf3, 0x9c, 0x61, 0x08, 0x00, 0x00, 0x00, 0x00, 0x60, 0x08, 0x00, 0x00, 0x00, 0x00, 0x00, 0x00, 0x81, 0x10, 0xeb, 0x5a, 0x17, 0xc6, 0xff, 0xff, 0xff, 0xff, 0xfe, 0xff, 0xff, 0xff, 0xff, 0xff,
    0xff, 0xff, 0xff, 0xff, 0xff, 0xff, 0xff, 0xff, 0xff, 0xff, 0xdf, 0xff, 0xe3, 0x20, 0x0f, 0x84, 0xff, 0xff, 0xde, 0xff, 0xff, 0xff, 0xff, 0xff, 0xff, 0xff, 0xff, 0xff, 0xff, 0xff, 0xff, 0xff, 0xff, 0xff, 0xff, 0xff, 0xff, 0xff, 0xff, 0xff,
    0xff, 0xff, 0xff, 0xff, 0xff, 0xff, 0xff, 0xff, 0xff, 0xff, 0xff, 0xff, 0xff, 0xff, 0xff, 0xff, 0xff, 0xff, 0xff, 0xff, 0xde, 0xff, 0xff, 0xff, 0x2c, 0x63, 0xae, 0x73, 0xff, 0xff, 0xde, 0xff, 0xff, 0xff, 0xff, 0xff, 0xff, 0xff, 0xff, 0xff,
    0xff, 0xff, 0xde, 0xff, 0xff, 0xff, 0xff, 0xff, 0xd6, 0xbd, 0xa6, 0x31, 0x00, 0x00, 0x00, 0x00, 0x00, 0x00, 0x03, 0x21, 0x66, 0x52, 0x69, 0x73, 0x46, 0x52, 0x00, 0x00, 0x00, 0x00, 0x4d, 0x6b, 0xff, 0xff, 0xde, 0xff, 0xff, 0xff, 0xff, 0xff,
    0xff, 0xff, 0xff, 0xff, 0xff, 0xff, 0xff, 0xff, 0xfe, 0xff, 0xff, 0xff, 0xff, 0xff, 0xfe, 0xff, 0xfe, 0xff, 0xfe, 0xff, 0xff, 0xff, 0xfe, 0xff, 0xff, 0xff, 0xff, 0xff, 0xfe, 0xff, 0xff, 0xff, 0xff, 0xff, 0xff, 0xff, 0xff, 0xff, 0xdf, 0xff,
    0xff, 0xff, 0xff, 0xff, 0xff, 0xff, 0xff, 0xff, 0xff, 0xff, 0xff, 0xff, 0xff, 0xff, 0xff, 0xff, 0xff, 0xff, 0xff, 0xff, 0xff, 0xff, 0xff, 0xff, 0xff, 0xff, 0xff, 0xff, 0xfe, 0xff, 0xff, 0xff, 0xff, 0xff, 0xff, 0xff, 0xff, 0xff, 0xff, 0xff,
    0xff, 0xff, 0xde, 0xff, 0xff, 0xff, 0xb6, 0xb5, 0x00, 0x00, 0x00, 0x00, 0xc6, 0x62, 0x2a, 0xc5, 0xcb, 0xe5, 0xac, 0xdd, 0x6a, 0xa4, 0x66, 0x52, 0x41, 0x00, 0x00, 0x00, 0x00, 0x00, 0x48, 0x4a, 0xf7, 0xbd, 0xff, 0xff, 0xff, 0xff, 0xde, 0xff,
    0xff, 0xff, 0xff, 0xff, 0xff, 0xff, 0xff, 0xff, 0xde, 0xff, 0xff, 0xff, 0x38, 0xc6, 0x4c, 0x6b, 0xff, 0xff, 0xff, 0xff, 0xff, 0xff, 0xff, 0xff, 0xff, 0xff, 0xff, 0xff, 0xff, 0xff, 0xdf, 0xff, 0xff, 0xff, 0xff, 0xff, 0xff, 0xff, 0xff, 0xff,
    0xff, 0xff, 0xff, 0xff, 0xff, 0xff, 0xff, 0xff, 0xff, 0xff, 0xff, 0xff, 0xff, 0xff, 0xfe, 0xff, 0xff, 0xff, 0xff, 0xff, 0xff, 0xff, 0xff, 0xff, 0x18, 0xc6, 0xbe, 0xf7, 0xff, 0xff, 0xff, 0xff, 0xff, 0xff, 0xff, 0xff, 0xff, 0xff, 0xff, 0xff,
    0xff, 0xff, 0xff, 0xff, 0xba, 0xd6, 0xaa, 0x52, 0x00, 0x00, 0x00, 0x00, 0x00, 0x00, 0x46, 0x4a, 0x2d, 0xad, 0xae, 0xf6, 0xad, 0xfe, 0x4b, 0xfe, 0x4b, 0xfe, 0x4a, 0xb4, 0x82, 0x10, 0x00, 0x00, 0xf3, 0x9c, 0xff, 0xff, 0xde, 0xff, 0xff, 0xff,
    0xff, 0xff, 0xfe, 0xff, 0xfe, 0xff, 0xfe, 0xff, 0xff, 0xff, 0xff, 0xff, 0xff, 0xff, 0xff, 0xff, 0xfe, 0xff, 0xfe, 0xff, 0xfe, 0xff, 0xfe, 0xff, 0xff, 0xff, 0xff, 0xff, 0xfe, 0xff, 0xfe, 0xff, 0xff, 0xff, 0xff, 0xff, 0xff, 0xff, 0xdf, 0xff,
    0xff, 0xff, 0xff, 0xff, 0xff, 0xff, 0xff, 0xff, 0xff, 0xff, 0xff, 0xff, 0xff, 0xff, 0xff, 0xff, 0xff, 0xff, 0xff, 0xff, 0xff, 0xff, 0xff, 0xff, 0xff, 0xff, 0xff, 0xff, 0xfe, 0xff, 0xff, 0xff, 0xff, 0xff, 0xff, 0xff, 0xff, 0xff, 0xff, 0xff,
    0xff, 0xff, 0xff, 0xff, 0x7d, 0xef, 0xe3, 0x20, 0x00, 0x00, 0x47, 0x83, 0x6a, 0xfe, 0xc8, 0xfd, 0x87, 0xfd, 0xa8, 0xfd, 0x09, 0xfe, 0x6c, 0xfe, 0xcc, 0xdd, 0x48, 0x6b, 0x82, 0x08, 0x00, 0x00, 0x00, 0x00, 0xcb, 0x5a, 0xfb, 0xde, 0xff, 0xff,
    0xff, 0xff, 0xff, 0xff, 0xff, 0xff, 0xff, 0xff, 0xff, 0xff, 0xff, 0xff, 0xff, 0xff, 0xff, 0xff, 0xff, 0xff, 0xff, 0xff, 0xff, 0xff, 0xff, 0xff, 0xff, 0xff, 0xff, 0xff, 0xff, 0xff, 0xff, 0xff, 0xfe, 0xff, 0xff, 0xff, 0xff, 0xff, 0xff, 0xff,
    0xff, 0xff, 0xff, 0xff, 0xff, 0xff, 0xff, 0xff, 0xff, 0xff, 0xff, 0xff, 0xff, 0xff, 0xff, 0xff, 0xff, 0xff, 0xff, 0xff, 0xff, 0xff, 0xff, 0xff, 0xff, 0xff, 0xff, 0xff, 0xff, 0xff, 0xff, 0xff, 0xff, 0xff, 0xff, 0xff, 0xde, 0xff, 0xff, 0xff,
    0xdf, 0xff, 0x30, 0x84, 0x61, 0x08, 0x00, 0x00, 0x00, 0x00, 0xe5, 0x41, 0x6d, 0xbd, 0x71, 0xff, 0xac, 0xfe, 0xa8, 0xfd, 0x67, 0xfd, 0x68, 0xfd, 0x68, 0xf5, 0x2a, 0xfe, 0x47, 0x8b, 0x00, 0x00, 0xc3, 0x18, 0x9d, 0xf7, 0xff, 0xff, 0xff, 0xff,
    0xff, 0xff, 0xff, 0xff, 0xff, 0xff, 0xff, 0xff, 0xff, 0xff, 0xfe, 0xff, 0xff, 0xff, 0xff, 0xff, 0xff, 0xff, 0xfe, 0xff, 0xff, 0xff, 0xff, 0xff, 0xff, 0xff, 0xff, 0xff, 0xfe, 0xff, 0xff, 0xff, 0xff, 0xff, 0xff, 0xff, 0xff, 0xff, 0xdf, 0xff,
    0xff, 0xff, 0xff, 0xff, 0xff, 0xff, 0xff, 0xff, 0xff, 0xff, 0xff, 0xff, 0xff, 0xff, 0xff, 0xff, 0xff, 0xff, 0xff, 0xff, 0xff, 0xff, 0xff, 0xff, 0xff, 0xff, 0xff, 0xff, 0xff, 0xff, 0xff, 0xff, 0xff, 0xff, 0xff, 0xff, 0xff, 0xff, 0xff, 0xff,
    0xde, 0xff, 0xff, 0xff, 0xb2, 0x94, 0x00, 0x00, 0x22, 0x29, 0xc9, 0xfd, 0x87, 0xfd, 0x68, 0xfd, 0x88, 0xfd, 0x68, 0xfd, 0x68, 0xf5, 0x67, 0xfd, 0xa8, 0xfd, 0x8c, 0xfe, 0xcd, 0xdd, 0x66, 0x52, 0x00, 0x00, 0x00, 0x00, 0xa2, 0x10, 0x71, 0x8c,
    0xff, 0xff, 0xff, 0xff, 0xde, 0xff, 0xff, 0xff, 0xff, 0xff, 0xff, 0xff, 0xff, 0xff, 0xff, 0xff, 0xff, 0xff, 0xff, 0xff, 0xff, 0xff, 0xff, 0xff, 0xfe, 0xff, 0xff, 0xff, 0x75, 0xad, 0x34, 0xad, 0xff, 0xff, 0xde, 0xff, 0xff, 0xff, 0xff, 0xff,
    0xff, 0xff, 0xff, 0xff, 0x7d, 0xef, 0xfb, 0xde, 0xff, 0xff, 0xff, 0xff, 0xff, 0xff, 0xff, 0xff, 0xff, 0xff, 0xff, 0xff, 0xff, 0xff, 0xff, 0xff, 0xfe, 0xff, 0xff, 0xff, 0xff, 0xff, 0xff, 0xff, 0xff, 0xff, 0xde, 0xff, 0xff, 0xff, 0x99, 0xd6,
    0xa6, 0x31, 0x00, 0x00, 0x00, 0x00, 0xa2, 0x18, 0x6a, 0x9c, 0x70, 0xff, 0x4f, 0xff, 0xea, 0xfd, 0x67, 0xfd, 0x67, 0xfd, 0x88, 0xfd, 0x88, 0xfd, 0x89, 0xfd, 0x68, 0xfd, 0x8a, 0xfd, 0x23, 0x31, 0x00, 0x00, 0xb2, 0x9c, 0xff, 0xff, 0xde, 0xff,
    0xff, 0xff, 0xff, 0xff, 0xff, 0xff, 0xff, 0xff, 0xfe, 0xff, 0xfe, 0xff, 0xfe, 0xff, 0xfe, 0xff, 0xfe, 0xff, 0xfe, 0xff, 0xfe, 0xff, 0xfe, 0xff, 0xff, 0xff, 0xff, 0xff, 0xfe, 0xff, 0xff, 0xff, 0xff, 0xff, 0xff, 0xff, 0xff, 0xff, 0xdf, 0xff,
    0xff, 0xff, 0xff, 0xff, 0xff, 0xff, 0xff, 0xff, 0xff, 0xff, 0xff, 0xff, 0xff, 0xff, 0xff, 0xff, 0xff, 0xff, 0xff, 0xff, 0xff, 0xff, 0xff, 0xff, 0xff, 0xff, 0xff, 0xff, 0xff, 0xff, 0xff, 0xff, 0xff, 0xff, 0xff, 0xff, 0xff, 0xff, 0xff, 0xff,
    0xff, 0xff, 0xff, 0xff, 0xa6, 0x39, 0x00, 0x00, 0x26, 0x93, 0xab, 0xfd, 0x2c, 0xf5, 0x6b, 0xfd, 0x69, 0xfd, 0xa9, 0xfd, 0xc9, 0xfd, 0x68, 0xfd, 0x68, 0xfd, 0x47, 0xfd, 0xa8, 0xfd, 0x6c, 0xfe, 0xcb, 0xac, 0x64, 0x29, 0x00, 0x00, 0x00, 0x00,
    0x08, 0x42, 0xdb, 0xde, 0xff, 0xff, 0xde, 0xff, 0xff, 0xff, 0xff, 0xff, 0xff, 0xff, 0xff, 0xff, 0xff, 0xff, 0xff, 0xff, 0xff, 0xff, 0xff, 0xff, 0xfe, 0xff, 0xff, 0xff, 0x59, 0xce, 0x61, 0x10, 0x59, 0xce, 0xff, 0xff, 0xfe, 0xff, 0xfe, 0xff,
    0xff, 0xff, 0x5d, 0xef, 0x85, 0x31, 0x17, 0xc6, 0xff, 0xff, 0xfe, 0xff, 0xff, 0xff, 0xde, 0xff, 0xff, 0xff, 0xff, 0xff, 0xff, 0xff, 0xff, 0xff, 0xff, 0xff, 0xff, 0xff, 0xff, 0xff, 0xff, 0xff, 0xff, 0xff, 0xff, 0xff, 0x14, 0xa5, 0x81, 0x10,
    0x00, 0x00, 0x00, 0x00, 0x86, 0x5a, 0x8f, 0xe6, 0xb0, 0xff, 0x6b, 0xfe, 0x88, 0xfd, 0x67, 0xfd, 0x88, 0xfd, 0xea, 0xfd, 0x8a, 0xfd, 0x6b, 0xfd, 0x4d, 0xfd, 0x0c, 0xf5, 0xad, 0xfd, 0x07, 0x8b, 0x00, 0x00, 0x07, 0x42, 0xff, 0xff, 0xfe, 0xff,
    0xff, 0xff, 0xff, 0xff, 0xfe, 0xff, 0xff, 0xff, 0xff, 0xff, 0xff, 0xff, 0xff, 0xff, 0xfe, 0xff, 0xff, 0xff, 0xff, 0xff, 0xff, 0xff, 0xff, 0xff, 0xff, 0xff, 0xff, 0xff, 0xff, 0xff, 0xff, 0xff, 0xff, 0xff, 0xff, 0xff, 0xff, 0xff, 0xff, 0xff,
    0xff, 0xff, 0xff, 0xff, 0xff, 0xff, 0xff, 0xff, 0xff, 0xff, 0xff, 0xff, 0xff, 0xff, 0xff, 0xff, 0xff, 0xff, 0xff, 0xff, 0xff, 0xff, 0xff, 0xff, 0xff, 0xff, 0xff, 0xff, 0xff, 0xff, 0xff, 0xff, 0xff, 0xff, 0xff, 0xff, 0xff, 0xff, 0xff, 0xff,
    0xff, 0xff, 0x79, 0xce, 0x00, 0x00, 0x61, 0x10, 0xac, 0xe4, 0x2e, 0xfd, 0x0e, 0xf5, 0x0e, 0xf5, 0x2e, 0xfd, 0x09, 0xbc, 0x48, 0xbc, 0xea, 0xfd, 0x68, 0xfd, 0x68, 0xfd, 0x68, 0xfd, 0x68, 0xfd, 0x0a, 0xfe, 0x4e, 0xf6, 0x28, 0x6b, 0x00, 0x00,
    0x00, 0x00, 0xa2, 0x10, 0x54, 0xad, 0xff, 0xff, 0xff, 0xff, 0xff, 0xff, 0xff, 0xff, 0xff, 0xff, 0xff, 0xff, 0x3c, 0xe7, 0xff, 0xff, 0xff, 0xff, 0xde, 0xff, 0xde, 0xff, 0xff, 0xff, 0x71, 0x8c, 0xe3, 0x20, 0xde, 0xff, 0xdf, 0xff, 0xde, 0xff,
    0xdf, 0xff, 0x44, 0x29, 0xce, 0x7b, 0xff, 0xff, 0xde, 0xff, 0xfe, 0xff, 0xff, 0xff, 0xff, 0xff, 0xba, 0xd6, 0x3c, 0xe7, 0xff, 0xff, 0xff, 0xff, 0xff, 0xff, 0xff, 0xff, 0xfe, 0xff, 0xff, 0xff, 0xff, 0xff, 0xae, 0x73, 0x00, 0x00, 0x00, 0x00,
    0x81, 0x10, 0xab, 0xa4, 0x90, 0xff, 0x4f, 0xff, 0x0a, 0xfe, 0x67, 0xfd, 0x67, 0xfd, 0x88, 0xfd, 0xc9, 0xfd, 0x87, 0x9b, 0xa8, 0x7a, 0x2e, 0xfd, 0x0e, 0xf5, 0x0e, 0xf5, 0x4f, 0xfd, 0x6c, 0xcc, 0x20, 0x00, 0x40, 0x08, 0xda, 0xde, 0xff, 0xff,
    0xff, 0xff, 0xff, 0xff, 0xfe, 0xff, 0xfe, 0xff, 0xff, 0xff, 0xfe, 0xff, 0xfe, 0xff, 0xff, 0xff, 0xff, 0xff, 0xff, 0xff, 0xff, 0xff, 0xff, 0xff, 0xff, 0xff, 0xff, 0xff, 0xff, 0xff, 0xff, 0xff, 0xff, 0xff, 0xff, 0xff, 0xff, 0xff, 0xff, 0xff,
    0xff, 0xff, 0xff, 0xff, 0xff, 0xff, 0xff, 0xff, 0xff, 0xff, 0xff, 0xff, 0xff, 0xff, 0xff, 0xff, 0xff, 0xff, 0xff, 0xff, 0xff, 0xff, 0xff, 0xff, 0xff, 0xff, 0xff, 0xff, 0xff, 0xff, 0xff, 0xff, 0xff, 0xff, 0xff, 0xff, 0xff, 0xff, 0xde, 0xff,
    0xff, 0xff, 0x71, 0x8c, 0x00, 0x00, 0x05, 0x5a, 0x4e, 0xfd, 0xed, 0xf4, 0x2e, 0xfd, 0xee, 0xf4, 0xee, 0xfc, 0x6d, 0xd4, 0x03, 0x29, 0x45, 0x62, 0xaa, 0xfd, 0x88, 0xfd, 0x68, 0xfd, 0x68, 0xfd, 0x48, 0xf5, 0x67, 0xfd, 0x6c, 0xfe, 0x0a, 0x9c,
    0x61, 0x08, 0x00, 0x00, 0x00, 0x00, 0xce, 0x7b, 0xff, 0xff, 0xff, 0xff, 0xfe, 0xff, 0xfe, 0xff, 0xff, 0xff, 0xce, 0x7b, 0xa6, 0x39, 0xda, 0xde, 0xff, 0xff, 0xde, 0xff, 0xdf, 0xff, 0xff, 0xff, 0x65, 0x29, 0x8e, 0x73, 0xff, 0xff, 0xff, 0xff,
    0x2c, 0x63, 0xc6, 0x39, 0xff, 0xff, 0xff, 0xff, 0xff, 0xff, 0xff, 0xff, 0x5d, 0xef, 0x4d, 0x6b, 0x89, 0x52, 0xfb, 0xe6, 0xde, 0xff, 0xde, 0xff, 0xff, 0xff, 0xfe, 0xff, 0xff, 0xff, 0x9d, 0xef, 0x49, 0x4a, 0x00, 0x00, 0x00, 0x00, 0x84, 0x31,
    0x0d, 0xd6, 0x8f, 0xff, 0x0d, 0xff, 0xe9, 0xfd, 0x67, 0xfd, 0x67, 0xfd, 0xa8, 0xfd, 0x29, 0xed, 0xa3, 0x49, 0x24, 0x31, 0xce, 0xe4, 0x0e, 0xfd, 0xed, 0xf4, 0x0d, 0xf5, 0x2e, 0xfd, 0x2f, 0xf5, 0xe2, 0x20, 0x00, 0x00, 0x13, 0xa5, 0xff, 0xff,
    0xde, 0xff, 0xff, 0xff, 0xff, 0xff, 0xfe, 0xff, 0xfe, 0xff, 0xfe, 0xff, 0xfe, 0xff, 0xfe, 0xff, 0xfe, 0xff, 0xff, 0xff, 0xff, 0xff, 0xff, 0xff, 0xff, 0xff, 0xff, 0xff, 0xff, 0xff, 0xff, 0xff, 0xff, 0xff, 0xff, 0xff, 0xff, 0xff, 0xff, 0xff,
    0xff, 0xff, 0xff, 0xff, 0xff, 0xff, 0xff, 0xff, 0xff, 0xff, 0xff, 0xff, 0xff, 0xff, 0xff, 0xff, 0xff, 0xff, 0xff, 0xff, 0xff, 0xff, 0xff, 0xff, 0xff, 0xff, 0xff, 0xff, 0xff, 0xff, 0xff, 0xff, 0xff, 0xff, 0xff, 0xff, 0xff, 0xff, 0xff, 0xff,
    0xff, 0xff, 0x28, 0x4a, 0x00, 0x00, 0xe8, 0x8a, 0x4e, 0xfd, 0xed, 0xf4, 0x0e, 0xfd, 0xee, 0xfc, 0xcd, 0xf4, 0x0e, 0xfd, 0xee, 0xec, 0xa2, 0x20, 0x43, 0x39, 0x6a, 0xed, 0x88, 0xfd, 0x47, 0xf5, 0x67, 0xfd, 0x67, 0xfd, 0x27, 0xf5, 0xe9, 0xfd,
    0x0b, 0xcd, 0x23, 0x29, 0x00, 0x00, 0x00, 0x00, 0xeb, 0x5a, 0xdf, 0xff, 0xff, 0xff, 0xde, 0xff, 0xdf, 0xff, 0xff, 0xff, 0x71, 0x8c, 0xe3, 0x20, 0x17, 0xc6, 0xff, 0xff, 0xff, 0xff, 0xff, 0xff, 0xd7, 0xbd, 0x40, 0x08, 0xba, 0xde, 0xd7, 0xbd,
    0x20, 0x08, 0x18, 0xc6, 0x1b, 0xe7, 0x1b, 0xe7, 0x7d, 0xef, 0xf7, 0xbd, 0x03, 0x21, 0x2c, 0x63, 0xff, 0xff, 0xff, 0xff, 0xff, 0xff, 0xff, 0xff, 0xff, 0xff, 0xff, 0xff, 0x5d, 0xef, 0xa6, 0x39, 0x00, 0x00, 0x00, 0x00, 0x65, 0x5a, 0xee, 0xf6,
    0x4e, 0xff, 0xed, 0xfe, 0x0a, 0xfe, 0x67, 0xfd, 0x67, 0xfd, 0x88, 0xfd, 0x09, 0xe5, 0xa1, 0x20, 0x65, 0x41, 0x2f, 0xfd, 0x0e, 0xfd, 0xed, 0xf4, 0x0d, 0xf5, 0x0e, 0xf5, 0x0e, 0xf5, 0x6f, 0xfd, 0xc5, 0x51, 0x00, 0x00, 0x8d, 0x73, 0xff, 0xff,
    0xde, 0xff, 0xff, 0xff, 0xff, 0xff, 0xff, 0xff, 0xfe, 0xff, 0xff, 0xff, 0xff, 0xff, 0xff, 0xff, 0xfe, 0xff, 0xff, 0xff, 0xff, 0xff, 0xff, 0xff, 0xff, 0xff, 0xff, 0xff, 0xff, 0xff, 0xff, 0xff, 0xff, 0xff, 0xff, 0xff, 0xff, 0xff, 0xff, 0xff,
    0xff, 0xff, 0xff, 0xff, 0xff, 0xff, 0xff, 0xff, 0xff, 0xff, 0xff, 0xff, 0xff, 0xff, 0xff, 0xff, 0xff, 0xff, 0xff, 0xff, 0xff, 0xff, 0xff, 0xff, 0xff, 0xff, 0xff, 0xff, 0xff, 0xff, 0xff, 0xff, 0xff, 0xff, 0xff, 0xff, 0xff, 0xff, 0xff, 0xff,
    0x9e, 0xf7, 0x03, 0x21, 0x00, 0x00, 0xaa, 0xb3, 0x2e, 0xfd, 0xcd, 0xf4, 0xed, 0xf4, 0x0e, 0xfd, 0xee, 0xfc, 0xcd, 0xf4, 0x0d, 0xfd, 0xee, 0xe4, 0xa2, 0x18, 0x02, 0x31, 0x6a, 0xed, 0xa8, 0xfd, 0x67, 0xfd, 0x67, 0xfd, 0x47, 0xfd, 0x26, 0xf5,
    0xa8, 0xfd, 0x8b, 0xed, 0xa4, 0x41, 0x00, 0x00, 0x00, 0x00, 0x48, 0x4a, 0xbe, 0xf7, 0xff, 0xff, 0xff, 0xff, 0x3c, 0xe7, 0x79, 0xd6, 0xe7, 0x41, 0x20, 0x08, 0xca, 0x5a, 0xc7, 0x39, 0xe3, 0x18, 0x82, 0x08, 0x00, 0x00, 0x00, 0x00, 0x00, 0x00,
    0x00, 0x00, 0x41, 0x00, 0x00, 0x00, 0x61, 0x08, 0x82, 0x10, 0x00, 0x00, 0x00, 0x00, 0x08, 0x42, 0xaa, 0x5a, 0xae, 0x73, 0xf3, 0x9c, 0x17, 0xc6, 0xbe, 0xf7, 0x5d, 0xef, 0x86, 0x31, 0x00, 0x00, 0x00, 0x00, 0x06, 0x6b, 0x2d, 0xff, 0x0d, 0xff,
    0xed, 0xfe, 0x0a, 0xfe, 0x67, 0xfd, 0x67, 0xfd, 0xa8, 0xfd, 0x49, 0xed, 0xa1, 0x20, 0x24, 0x39, 0x4f, 0xfd, 0xee, 0xfc, 0xee, 0xf4, 0x0e, 0xf5, 0x0d, 0xf5, 0x0d, 0xf5, 0x0d, 0xf5, 0x90, 0xfd, 0xa8, 0x7a, 0x00, 0x00, 0x28, 0x4a, 0xff, 0xff,
    0xfe, 0xff, 0xff, 0xff, 0xff, 0xff, 0xff, 0xff, 0xff, 0xff, 0xff, 0xff, 0xff, 0xff, 0xff, 0xff, 0xff, 0xff, 0xff, 0xff, 0xff, 0xff, 0xff, 0xff, 0xff, 0xff, 0xff, 0xff, 0xff, 0xff, 0xff, 0xff, 0xff, 0xff, 0xff, 0xff, 0xff, 0xff, 0xdf, 0xff,
    0xff, 0xff, 0xff, 0xff, 0xff, 0xff, 0xff, 0xff, 0xff, 0xff, 0xff, 0xff, 0xff, 0xff, 0xff, 0xff, 0xff, 0xff, 0xff, 0xff, 0xff, 0xff, 0xff, 0xff, 0xff, 0xff, 0xff, 0xff, 0xff, 0xff, 0xff, 0xff, 0xff, 0xff, 0xff, 0xff, 0xff, 0xff, 0xff, 0xff,
    0x9a, 0xd6, 0x20, 0x00, 0x20, 0x00, 0x4c, 0xd4, 0x0e, 0xfd, 0xed, 0xf4, 0x0e, 0xfd, 0x0e, 0xfd, 0x0e, 0xfd, 0x0e, 0xfd, 0x0d, 0xfd, 0x0e, 0xfd, 0xee, 0xe4, 0x61, 0x10, 0x43, 0x39, 0xab, 0xf5, 0x67, 0xfd, 0x67, 0xfd, 0x67, 0xfd, 0x47, 0xfd,
    0x47, 0xfd, 0x67, 0xfd, 0x89, 0xfd, 0xe4, 0x51, 0x00, 0x00, 0x00, 0x00, 0x49, 0x4a, 0xef, 0x83, 0xa6, 0x31, 0x61, 0x08, 0x00, 0x00, 0x00, 0x00, 0x00, 0x00, 0x00, 0x00, 0x00, 0x00, 0xc1, 0x18, 0x42, 0x41, 0x42, 0x59, 0x22, 0x59, 0x22, 0x59,
    0x62, 0x69, 0x42, 0x61, 0x02, 0x49, 0x00, 0x00, 0xa1, 0x18, 0x02, 0x29, 0xa1, 0x18, 0x00, 0x00, 0x00, 0x00, 0x00, 0x00, 0x00, 0x00, 0x00, 0x00, 0x04, 0x21, 0x24, 0x29, 0x00, 0x00, 0x00, 0x00, 0x07, 0x6b, 0x4e, 0xff, 0x0d, 0xff, 0xcc, 0xfe,
    0x2a, 0xfe, 0xa8, 0xfd, 0x68, 0xfd, 0x87, 0xfd, 0xc9, 0xfd, 0x42, 0x39, 0xc2, 0x20, 0x2f, 0xf5, 0x0e, 0xfd, 0xee, 0xf4, 0x0e, 0xfd, 0x2e, 0xf5, 0x2e, 0xf5, 0x2e, 0xf5, 0x0e, 0xf5, 0x90, 0xfd, 0x8b, 0x9b, 0x00, 0x00, 0x24, 0x21, 0xbe, 0xff,
    0xff, 0xff, 0xff, 0xff, 0xff, 0xff, 0xff, 0xff, 0xff, 0xff, 0xff, 0xff, 0xff, 0xff, 0xff, 0xff, 0xff, 0xff, 0xff, 0xff, 0xff, 0xff, 0xff, 0xff, 0xff, 0xff, 0xff, 0xff, 0xff, 0xff, 0xff, 0xff, 0xff, 0xff, 0xff, 0xff, 0xff, 0xff, 0xdf, 0xff,
    0xff, 0xff, 0xff, 0xff, 0xff, 0xff, 0xff, 0xff, 0xff, 0xff, 0xff, 0xff, 0xff, 0xff, 0xfe, 0xff, 0xfe, 0xff, 0xff, 0xff, 0xff, 0xff, 0xff, 0xff, 0xff, 0xff, 0xff, 0xff, 0xff, 0xff, 0xff, 0xff, 0xff, 0xff, 0xff, 0xff, 0xfe, 0xff, 0xff, 0xff,
    0xd7, 0xbd, 0x00, 0x00, 0xa2, 0x18, 0xcd, 0xec, 0x0e, 0xfd, 0x0e, 0xf5, 0x0e, 0xfd, 0x0e, 0xfd, 0x0e, 0xfd, 0x2e, 0xfd, 0x2e, 0xfd, 0xed, 0xfc, 0x4e, 0xfd, 0x4c, 0xc4, 0x00, 0x00, 0x05, 0x5a, 0xea, 0xfd, 0x67, 0xfd, 0x67, 0xfd, 0x47, 0xfd,
    0x47, 0xfd, 0x27, 0xfd, 0x47, 0xfd, 0x89, 0xfd, 0xe3, 0x51, 0x00, 0x00, 0x00, 0x00, 0x00, 0x00, 0x00, 0x00, 0x60, 0x20, 0x62, 0x59, 0xe3, 0x81, 0x84, 0xb2, 0x65, 0x82, 0x24, 0x52, 0x6a, 0xfe, 0x88, 0xfd, 0x44, 0xfb, 0x44, 0xfb, 0x44, 0xfb,
    0x44, 0xfb, 0x64, 0xfb, 0x65, 0xfb, 0x45, 0x82, 0x48, 0xed, 0xa8, 0xfd, 0x08, 0xed, 0x45, 0xdb, 0xa4, 0xc2, 0x44, 0xa2, 0xa3, 0x71, 0x02, 0x41, 0x20, 0x08, 0x00, 0x00, 0x00, 0x00, 0xc5, 0x72, 0x8c, 0xfe, 0x4b, 0xfe, 0x4b, 0xfe, 0xc9, 0xfd,
    0x88, 0xfd, 0x88, 0xfd, 0x68, 0xfd, 0xc9, 0xfd, 0x44, 0x62, 0x00, 0x00, 0x8d, 0xd4, 0x2e, 0xfd, 0xee, 0xf4, 0x2e, 0xfd, 0x2e, 0xfd, 0x2e, 0xfd, 0x2e, 0xfd, 0x2e, 0xf5, 0x0e, 0xf5, 0x6f, 0xfd, 0xec, 0xbb, 0x00, 0x00, 0x41, 0x08, 0x1b, 0xe7,
    0xff, 0xff, 0xff, 0xff, 0xff, 0xff, 0xff, 0xff, 0xff, 0xff, 0xff, 0xff, 0xff, 0xff, 0xff, 0xff, 0xff, 0xff, 0xff, 0xff, 0xfe, 0xff, 0xff, 0xff, 0xff, 0xff, 0xff, 0xff, 0xff, 0xff, 0xff, 0xff, 0xff, 0xff, 0xff, 0xff, 0xff, 0xff, 0xff, 0xff,
    0xff, 0xff, 0xff, 0xff, 0xff, 0xff, 0xff, 0xff, 0xff, 0xff, 0xff, 0xff, 0xff, 0xff, 0xff, 0xff, 0xff, 0xff, 0xff, 0xff, 0xff, 0xff, 0xff, 0xff, 0xff, 0xff, 0xff, 0xff, 0xff, 0xff, 0xff, 0xff, 0xff, 0xff, 0xff, 0xff, 0xde, 0xff, 0xff, 0xff,
    0x34, 0xad, 0x00, 0x00, 0x03, 0x29, 0x0e, 0xf5, 0x0e, 0xfd, 0x0e, 0xfd, 0x0e, 0xfd, 0x0e, 0xfd, 0x0e, 0xfd, 0x0e, 0xfd, 0x0e, 0xfd, 0x0e, 0xfd, 0xed, 0xf4, 0x8f, 0xfd, 0x29, 0x8b, 0x00, 0x00, 0xa7, 0xa3, 0xc8, 0xfd, 0x46, 0xfd, 0x47, 0xfd,
    0x26, 0xfd, 0x47, 0xfd, 0x28, 0xf5, 0x27, 0xfd, 0x68, 0xf5, 0xc3, 0x49, 0x83, 0x41, 0x64, 0x9a, 0xc4, 0xd2, 0x24, 0xeb, 0x65, 0xfb, 0x64, 0xfb, 0x24, 0xfb, 0xe8, 0xfc, 0xc9, 0xed, 0xe8, 0xfd, 0x47, 0xfd, 0x04, 0xeb, 0x03, 0xf3, 0xe3, 0xf2,
    0x04, 0xf3, 0x24, 0xf3, 0x44, 0xf3, 0x06, 0xfc, 0x67, 0xfd, 0xa8, 0xfd, 0x48, 0xfd, 0x44, 0xfb, 0x23, 0xfb, 0x44, 0xfb, 0x44, 0xfb, 0x44, 0xfb, 0x45, 0xdb, 0x46, 0x9b, 0x66, 0x93, 0xe9, 0xfd, 0x67, 0xfd, 0x68, 0xfd, 0x68, 0xfd, 0x88, 0xfd,
    0x88, 0xfd, 0x68, 0xf5, 0xc9, 0xfd, 0x87, 0xa3, 0x00, 0x00, 0x69, 0x9b, 0x4e, 0xfd, 0xee, 0xfc, 0x4f, 0xfd, 0x2f, 0xfd, 0x2f, 0xf5, 0x2e, 0xf5, 0x2e, 0xf5, 0x2e, 0xf5, 0x0e, 0xf5, 0x4e, 0xfd, 0x6d, 0xd4, 0x20, 0x00, 0x00, 0x00, 0x99, 0xd6,
    0xff, 0xff, 0xfe, 0xff, 0xff, 0xff, 0xff, 0xff, 0xff, 0xff, 0xff, 0xff, 0xff, 0xff, 0xff, 0xff, 0xff, 0xff, 0xff, 0xff, 0xfe, 0xff, 0xff, 0xff, 0xff, 0xff, 0xff, 0xff, 0xfe, 0xff, 0xff, 0xff, 0xff, 0xff, 0xff, 0xff, 0xff, 0xff, 0xff, 0xff,
    0xff, 0xff, 0xff, 0xff, 0xff, 0xff, 0xff, 0xff, 0xff, 0xff, 0xff, 0xff, 0xff, 0xff, 0xff, 0xff, 0xff, 0xff, 0xff, 0xff, 0xff, 0xff, 0xff, 0xff, 0xff, 0xff, 0xff, 0xff, 0xff, 0xff, 0xff, 0xff, 0xff, 0xff, 0xff, 0xff, 0xde, 0xff, 0xff, 0xff,
    0x92, 0x94, 0x00, 0x00, 0x03, 0x31, 0x0e, 0xfd, 0xed, 0xfc, 0x0e, 0xfd, 0x2e, 0xfd, 0x0e, 0xfd, 0x0e, 0xfd, 0x0e, 0xfd, 0x0e, 0xfd, 0x2f, 0xfd, 0x90, 0xfd, 0x6f, 0xfd, 0x6f, 0xfd, 0x43, 0x39, 0x40, 0x08, 0x29, 0xed, 0x67, 0xfd, 0x26, 0xf5,
    0x47, 0xfd, 0x68, 0xfd, 0x68, 0xfd, 0x48, 0xf5, 0xa7, 0xfd, 0xc8, 0xfd, 0xca, 0xfd, 0xc5, 0xfb, 0x03, 0xfb, 0x03, 0xf3, 0x03, 0xeb, 0x04, 0xf3, 0xe4, 0xea, 0x66, 0xf4, 0x08, 0xfe, 0xe8, 0xfd, 0x48, 0xfd, 0x24, 0xeb, 0x03, 0xf3, 0x03, 0xf3,
    0x03, 0xf3, 0x24, 0xf3, 0x24, 0xf3, 0xa5, 0xf3, 0x67, 0xfd, 0xa8, 0xfd, 0x07, 0xf5, 0x23, 0xf3, 0x03, 0xf3, 0x03, 0xeb, 0x03, 0xeb, 0x03, 0xf3, 0x44, 0xf3, 0x68, 0xfd, 0xc9, 0xfd, 0x68, 0xfd, 0x88, 0xfd, 0xa9, 0xfd, 0xa9, 0xfd, 0xa9, 0xfd,
    0x88, 0xfd, 0xa8, 0xfd, 0x49, 0xed, 0x40, 0x08, 0x84, 0x49, 0x6f, 0xfd, 0x6f, 0xfd, 0xce, 0xe4, 0x2d, 0xc4, 0x2f, 0xf5, 0x2f, 0xf5, 0x2f, 0xf5, 0x2e, 0xf5, 0x2e, 0xf5, 0x0e, 0xf5, 0x4e, 0xfd, 0x8d, 0xdc, 0x41, 0x08, 0x00, 0x00, 0xb6, 0xb5,
    0xff, 0xff, 0xde, 0xff, 0xff, 0xff, 0xff, 0xff, 0xff, 0xff, 0xff, 0xff, 0xff, 0xff, 0xff, 0xff, 0xfe, 0xff, 0xfe, 0xff, 0xfe, 0xff, 0xff, 0xff, 0xff, 0xff, 0xfe, 0xff, 0xfe, 0xff, 0xff, 0xff, 0xff, 0xff, 0xff, 0xff, 0xff, 0xff, 0xdf, 0xff,
    0xff, 0xff, 0xff, 0xff, 0xff, 0xff, 0xff, 0xff, 0xff, 0xff, 0xff, 0xff, 0xff, 0xff, 0xff, 0xff, 0xff, 0xff, 0xff, 0xff, 0xff, 0xff, 0xff, 0xff, 0xff, 0xff, 0xff, 0xff, 0xff, 0xff, 0xff, 0xff, 0xff, 0xff, 0xff, 0xff, 0xde, 0xff, 0xff, 0xff,
    0x30, 0x8c, 0x00, 0x00, 0x23, 0x39, 0x0e, 0xfd, 0xed, 0xf4, 0xed, 0xfc, 0x0e, 0xfd, 0x0e, 0xfd, 0x2e, 0xfd, 0x2f, 0xfd, 0x2f, 0xfd, 0xae, 0xdc, 0x27, 0x62, 0x2a, 0x93, 0x0f, 0xf5, 0xee, 0xec, 0x00, 0x00, 0xc3, 0x51, 0x88, 0xfd, 0x26, 0xfd,
    0x68, 0xfd, 0xa8, 0xfd, 0xa9, 0xfd, 0xa8, 0xfd, 0x87, 0xfd, 0xa8, 0xfd, 0xa8, 0xfd, 0x85, 0xeb, 0xe3, 0xf2, 0x03, 0xf3, 0x04, 0xf3, 0x24, 0xf3, 0x04, 0xf3, 0x26, 0xf4, 0xe8, 0xfd, 0xe9, 0xfd, 0x68, 0xfd, 0x03, 0xf3, 0x03, 0xf3, 0x03, 0xf3,
    0x03, 0xf3, 0x23, 0xf3, 0x24, 0xf3, 0x05, 0xf4, 0x88, 0xfd, 0xa8, 0xfd, 0xe7, 0xf4, 0x23, 0xf3, 0x23, 0xf3, 0x23, 0xf3, 0x24, 0xf3, 0x23, 0xf3, 0x65, 0xeb, 0x28, 0xf5, 0x67, 0xfd, 0x68, 0xfd, 0x88, 0xfd, 0xa8, 0xfd, 0xa9, 0xfd, 0xc9, 0xfd,
    0x68, 0xf5, 0x0a, 0xfe, 0x04, 0x5a, 0x20, 0x00, 0x0d, 0xe5, 0x4e, 0xf5, 0x67, 0x72, 0x81, 0x10, 0xe5, 0x51, 0x0f, 0xed, 0x2f, 0xf5, 0x2e, 0xf5, 0x2e, 0xf5, 0x2e, 0xf5, 0x0e, 0xf5, 0x4e, 0xfd, 0x8d, 0xdc, 0x41, 0x10, 0x00, 0x00, 0x75, 0xad,
    0xff, 0xff, 0xde, 0xff, 0xff, 0xff, 0xff, 0xff, 0xff, 0xff, 0xff, 0xff, 0xff, 0xff, 0xff, 0xff, 0xff, 0xff, 0xfe, 0xff, 0xff, 0xff, 0xff, 0xff, 0xff, 0xff, 0xff, 0xff, 0xff, 0xff, 0xff, 0xff, 0xff, 0xff, 0xff, 0xff, 0xff, 0xff, 0xff, 0xff,
    0xff, 0xff, 0xff, 0xff, 0xff, 0xff, 0xff, 0xff, 0xff, 0xff, 0xff, 0xff, 0xff, 0xff, 0xff, 0xff, 0xff, 0xff, 0xff, 0xff, 0xff, 0xff, 0xff, 0xff, 0xff, 0xff, 0xfe, 0xff, 0xff, 0xff, 0xff, 0xff, 0xff, 0xff, 0xff, 0xff, 0xde, 0xff, 0xff, 0xff,
    0x30, 0x84, 0x00, 0x00, 0x84, 0x49, 0x2f, 0xfd, 0xed, 0xf4, 0x0d, 0xfd, 0x0e, 0xfd, 0x0e, 0xfd, 0x2f, 0xfd, 0x2f, 0xf5, 0x2f, 0xf5, 0xce, 0xe4, 0x26, 0x62, 0xa2, 0x18, 0x61, 0x10, 0x6a, 0x9b, 0x28, 0x8b, 0x40, 0x08, 0x08, 0xe5, 0x87, 0xfd,
    0x88, 0xfd, 0xa8, 0xfd, 0xa9, 0xfd, 0xa8, 0xfd, 0xa8, 0xfd, 0xa8, 0xfd, 0xc9, 0xfd, 0xc5, 0xeb, 0xe3, 0xf2, 0x03, 0xf3, 0x03, 0xf3, 0x24, 0xf3, 0x04, 0xf3, 0xe5, 0xf3, 0xc8, 0xfd, 0xc8, 0xfd, 0x68, 0xfd, 0x03, 0xf3, 0x03, 0xf3, 0x03, 0xf3,
    0x03, 0xf3, 0x24, 0xf3, 0x24, 0xf3, 0x26, 0xf4, 0xa8, 0xfd, 0xa8, 0xfd, 0xc7, 0xf4, 0x23, 0xf3, 0x23, 0xf3, 0x23, 0xf3, 0x23, 0xf3, 0x03, 0xf3, 0xa5, 0xf3, 0x68, 0xfd, 0x68, 0xfd, 0x68, 0xfd, 0x88, 0xfd, 0x88, 0xfd, 0x48, 0xed, 0xa9, 0xcc,
    0xca, 0xfd, 0xe9, 0xfd, 0xa5, 0x7a, 0x08, 0xb4, 0x2d, 0xe5, 0xe3, 0x28, 0x43, 0x39, 0x2b, 0xbc, 0x90, 0xfd, 0x70, 0xfd, 0x2f, 0xfd, 0x2f, 0xfd, 0x2e, 0xf5, 0x2e, 0xfd, 0x2e, 0xf5, 0x4f, 0xfd, 0xce, 0xe4, 0x61, 0x10, 0x00, 0x00, 0x75, 0xb5,
    0xff, 0xff, 0xfe, 0xff, 0xff, 0xff, 0xff, 0xff, 0xff, 0xff, 0xff, 0xff, 0xff, 0xff, 0xff, 0xff, 0xff, 0xff, 0xff, 0xff, 0xff, 0xff, 0xff, 0xff, 0xff, 0xff, 0xff, 0xff, 0xff, 0xff, 0xff, 0xff, 0xff, 0xff, 0xff, 0xff, 0xff, 0xff, 0xdf, 0xff,
    0xff, 0xff, 0xff, 0xff, 0xff, 0xff, 0xff, 0xff, 0xff, 0xff, 0xff, 0xff, 0xff, 0xff, 0xff, 0xff, 0xff, 0xff, 0xff, 0xff, 0xff, 0xff, 0xff, 0xff, 0xff, 0xff, 0xff, 0xff, 0xff, 0xff, 0xff, 0xff, 0xff, 0xff, 0xff, 0xff, 0xde, 0xff, 0xff, 0xff,
    0xce, 0x7b, 0x00, 0x00, 0x84, 0x49, 0x2f, 0xfd, 0xed, 0xf4, 0xee, 0xfc, 0x0e, 0xfd, 0x0e, 0xfd, 0x0f, 0xf5, 0x4f, 0xfd, 0x90, 0xfd, 0xb0, 0xfd, 0x31, 0xfe, 0xb0, 0xfd, 0x69, 0x93, 0xc4, 0x49, 0x69, 0xf5, 0x08, 0xe5, 0x88, 0xfd, 0xa8, 0xfd,
    0x88, 0xfd, 0x88, 0xfd, 0xa8, 0xfd, 0xa9, 0xfd, 0xa9, 0xfd, 0xa9, 0xfd, 0xe9, 0xfd, 0x46, 0xf4, 0xe3, 0xf2, 0x03, 0xf3, 0x03, 0xf3, 0x24, 0xf3, 0x24, 0xf3, 0xc5, 0xf3, 0xa8, 0xfd, 0xc8, 0xfd, 0xc9, 0xfd, 0xa5, 0xf3, 0x03, 0xf3, 0x03, 0xf3,
    0x03, 0xf3, 0x23, 0xf3, 0x04, 0xf3, 0x66, 0xf4, 0xa8, 0xfd, 0xc8, 0xfd, 0xa6, 0xf4, 0x03, 0xf3, 0x23, 0xf3, 0x24, 0xf3, 0x23, 0xf3, 0x03, 0xf3, 0x05, 0xf4, 0x88, 0xfd, 0x68, 0xfd, 0x88, 0xfd, 0x68, 0xfd, 0xc9, 0xfd, 0x67, 0xc4, 0xea, 0x9b,
    0xce, 0xf5, 0x08, 0xe5, 0xe9, 0xfd, 0xea, 0xfd, 0x89, 0xcc, 0xa7, 0xab, 0xac, 0xfd, 0x4d, 0xfd, 0x2c, 0xcc, 0x2d, 0xc4, 0xce, 0xe4, 0x2f, 0xfd, 0x2e, 0xfd, 0x2e, 0xfd, 0x2f, 0xf5, 0x4f, 0xfd, 0xae, 0xe4, 0x61, 0x10, 0x00, 0x00, 0x75, 0xad,
    0xff, 0xff, 0xde, 0xff, 0xff, 0xff, 0xff, 0xff, 0xff, 0xff, 0xff, 0xff, 0xff, 0xff, 0xff, 0xff, 0xff, 0xff, 0xff, 0xff, 0xff, 0xff, 0xff, 0xff, 0xff, 0xff, 0xff, 0xff, 0xff, 0xff, 0xff, 0xff, 0xff, 0xff, 0xff, 0xff, 0xff, 0xff, 0xdf, 0xff,
    0xff, 0xff, 0xff, 0xff, 0xff, 0xff, 0xff, 0xff, 0xff, 0xff, 0xff, 0xff, 0xff, 0xff, 0xff, 0xff, 0xff, 0xff, 0xff, 0xff, 0xff, 0xff, 0xff, 0xff, 0xff, 0xff, 0xff, 0xff, 0xff, 0xff, 0xff, 0xff, 0xff, 0xff, 0xff, 0xff, 0xde, 0xff, 0xff, 0xff,
    0xce, 0x7b, 0x00, 0x00, 0x64, 0x41, 0x2e, 0xfd, 0xed, 0xf4, 0xee, 0xfc, 0x0e, 0xfd, 0x0e, 0xfd, 0x2f, 0xfd, 0x8d, 0xdc, 0x68, 0x72, 0x06, 0x62, 0x87, 0x7a, 0xcd, 0xdc, 0x0d, 0xfe, 0xca, 0xfd, 0x87, 0xfd, 0xa7, 0xfd, 0xa8, 0xfd, 0xa9, 0xfd,
    0x88, 0xfd, 0x88, 0xfd, 0x88, 0xfd, 0x88, 0xfd, 0xa9, 0xfd, 0xc9, 0xfd, 0xe9, 0xfd, 0xc7, 0xf4, 0xe3, 0xf2, 0x03, 0xf3, 0x23, 0xf3, 0x24, 0xf3, 0x24, 0xf3, 0xe6, 0xf3, 0xa9, 0xfd, 0xa8, 0xfd, 0xc9, 0xfd, 0xc5, 0xf3, 0xe3, 0xf2, 0x03, 0xf3,
    0x03, 0xf3, 0x23, 0xf3, 0x24, 0xf3, 0x66, 0xf4, 0xa8, 0xfd, 0xc8, 0xfd, 0xa6, 0xf4, 0x03, 0xf3, 0x44, 0xf3, 0x24, 0xf3, 0x24, 0xf3, 0x23, 0xf3, 0xc7, 0xf4, 0xa8, 0xfd, 0x88, 0xfd, 0xa8, 0xfd, 0x68, 0xf5, 0xe9, 0xfd, 0xe6, 0xab, 0x6c, 0xa4,
    0x12, 0xe6, 0x26, 0x8b, 0xc9, 0xfd, 0x68, 0xf5, 0xa9, 0xfd, 0xa9, 0xfd, 0x8a, 0xfd, 0xa7, 0x7a, 0xc3, 0x18, 0x81, 0x10, 0x44, 0x39, 0xee, 0xec, 0x2f, 0xfd, 0x2f, 0xfd, 0x4f, 0xf5, 0x6f, 0xfd, 0x8e, 0xdc, 0x40, 0x08, 0x00, 0x00, 0xb6, 0xb5,
    0xff, 0xff, 0xde, 0xff, 0xff, 0xff, 0xff, 0xff, 0xff, 0xff, 0xff, 0xff, 0xff, 0xff, 0xff, 0xff, 0xff, 0xff, 0xff, 0xff, 0xff, 0xff, 0xff, 0xff, 0xff, 0xff, 0xff, 0xff, 0xff, 0xff, 0xff, 0xff, 0xff, 0xff, 0xff, 0xff, 0xff, 0xff, 0xdf, 0xff,
    0xff, 0xff, 0xff, 0xff, 0xff, 0xff, 0xff, 0xff, 0xff, 0xff, 0xff, 0xff, 0xff, 0xff, 0xff, 0xff, 0xff, 0xff, 0xff, 0xff, 0xff, 0xff, 0xff, 0xff, 0xff, 0xff, 0xff, 0xff, 0xff, 0xff, 0xff, 0xff, 0xff, 0xff, 0xff, 0xff, 0xde, 0xff, 0xff, 0xff,
    0x0f, 0x84, 0x00, 0x00, 0x43, 0x39, 0x0e, 0xfd, 0xed, 0xf4, 0xee, 0xf4, 0x0e, 0xfd, 0x0e, 0xfd, 0x4f, 0xfd, 0x0b, 0xc4, 0xe5, 0x59, 0x05, 0x5a, 0x25, 0x5a, 0xc9, 0xd4, 0xa9, 0xfd, 0x68, 0xfd, 0x88, 0xfd, 0x88, 0xfd, 0x88, 0xfd, 0xa9, 0xfd,
    0x89, 0xfd, 0x88, 0xfd, 0x89, 0xfd, 0x88, 0xfd, 0x88, 0xfd, 0xc9, 0xfd, 0xe9, 0xfd, 0x68, 0xfd, 0x24, 0xf3, 0x03, 0xf3, 0x24, 0xf3, 0x24, 0xf3, 0x24, 0xf3, 0xe6, 0xf3, 0xa9, 0xfd, 0xa8, 0xfd, 0xe9, 0xfd, 0x66, 0xf4, 0x03, 0xf3, 0x23, 0xf3,
    0x23, 0xf3, 0x23, 0xf3, 0x64, 0xf3, 0x07, 0xf5, 0x88, 0xfd, 0xc8, 0xfd, 0xa6, 0xf4, 0x03, 0xf3, 0x24, 0xf3, 0x24, 0xf3, 0x44, 0xf3, 0xa4, 0xf3, 0x48, 0xfd, 0x88, 0xfd, 0x88, 0xfd, 0x88, 0xfd, 0x88, 0xfd, 0xc9, 0xfd, 0x67, 0xc4, 0xc9, 0x6a,
    0x8f, 0xa4, 0x85, 0x72, 0xe9, 0xfd, 0x68, 0xf5, 0x68, 0xfd, 0x67, 0xf5, 0x88, 0xfd, 0x49, 0xf5, 0x4b, 0xed, 0xcc, 0xe4, 0xad, 0xe4, 0x2f, 0xfd, 0x2f, 0xfd, 0x2f, 0xfd, 0x0e, 0xf5, 0x4f, 0xfd, 0x4d, 0xcc, 0x00, 0x00, 0x00, 0x00, 0x58, 0xce,
    0xff, 0xff, 0xde, 0xff, 0xff, 0xff, 0xff, 0xff, 0xff, 0xff, 0xfe, 0xff, 0xde, 0xff, 0xff, 0xff, 0xff, 0xff, 0xff, 0xff, 0xff, 0xff, 0xff, 0xff, 0xff, 0xff, 0xff, 0xff, 0xff, 0xff, 0xff, 0xff, 0xff, 0xff, 0xff, 0xff, 0xff, 0xff, 0xdf, 0xff,
    0xff, 0xff, 0xff, 0xff, 0xff, 0xff, 0xff, 0xff, 0xff, 0xff, 0xff, 0xff, 0xff, 0xff, 0xff, 0xff, 0xff, 0xff, 0xff, 0xff, 0xff, 0xff, 0xff, 0xff, 0xff, 0xff, 0xff, 0xff, 0xff, 0xff, 0xff, 0xff, 0xff, 0xff, 0xff, 0xff, 0xde, 0xff, 0xff, 0xff,
    0x30, 0x8c, 0x00, 0x00, 0x03, 0x29, 0x0e, 0xf5, 0xed, 0xfc, 0xed, 0xf4, 0xee, 0xfc, 0x0e, 0xfd, 0x0e, 0xf5, 0x0e, 0xfd, 0x8e, 0xfd, 0xeb, 0xfd, 0x0a, 0xfe, 0xc9, 0xfd, 0x88, 0xfd, 0x89, 0xfd, 0x88, 0xfd, 0x88, 0xfd, 0xa8, 0xfd, 0xa9, 0xfd,
    0xa9, 0xfd, 0x89, 0xfd, 0x88, 0xfd, 0x88, 0xfd, 0x88, 0xfd, 0xa8, 0xfd, 0xc9, 0xfd, 0xc9, 0xfd, 0xe5, 0xf3, 0x03, 0xf3, 0x24, 0xf3, 0x44, 0xf3, 0x44, 0xf3, 0xe5, 0xf3, 0xa8, 0xfd, 0x88, 0xfd, 0xe9, 0xfd, 0xa6, 0xf4, 0x03, 0xf3, 0x44, 0xf3,
    0x24, 0xf3, 0x23, 0xf3, 0x44, 0xf3, 0x48, 0xfd, 0xa8, 0xfd, 0xc9, 0xfd, 0x86, 0xf4, 0x03, 0xf3, 0x23, 0xf3, 0x24, 0xf3, 0x23, 0xf3, 0x25, 0xf4, 0xa9, 0xfd, 0x88, 0xfd, 0x88, 0xfd, 0xa8, 0xfd, 0xa9, 0xfd, 0x89, 0xfd, 0xc9, 0xfd, 0x86, 0x9b,
    0x04, 0x5a, 0xe8, 0xdc, 0xa9, 0xfd, 0x88, 0xfd, 0x88, 0xfd, 0x67, 0xfd, 0x67, 0xfd, 0x87, 0xfd, 0x68, 0xfd, 0x69, 0xfd, 0x4c, 0xfd, 0x2f, 0xf5, 0x2f, 0xfd, 0x2e, 0xfd, 0x0e, 0xf5, 0x6f, 0xfd, 0xec, 0xb3, 0x00, 0x00, 0x20, 0x08, 0xda, 0xde,
    0xff, 0xff, 0xff, 0xff, 0xff, 0xff, 0xff, 0xff, 0xde, 0xff, 0xff, 0xff, 0xff, 0xff, 0xff, 0xff, 0xff, 0xff, 0xff, 0xff, 0xff, 0xff, 0xff, 0xff, 0xff, 0xff, 0xff, 0xff, 0xff, 0xff, 0xff, 0xff, 0xff, 0xff, 0xff, 0xff, 0xff, 0xff, 0xdf, 0xff,
    0xff, 0xff, 0xff, 0xff, 0xff, 0xff, 0xff, 0xff, 0xff, 0xff, 0xff, 0xff, 0xff, 0xff, 0xff, 0xff, 0xff, 0xff, 0xff, 0xff, 0xff, 0xff, 0xff, 0xff, 0xff, 0xff, 0xff, 0xff, 0xff, 0xff, 0xff, 0xff, 0xff, 0xff, 0xff, 0xff, 0xde, 0xff, 0xff, 0xff,
    0x71, 0x8c, 0x00, 0x00, 0xa2, 0x18, 0xcd, 0xec, 0xed, 0xfc, 0xed, 0xf4, 0xed, 0xfc, 0x0e, 0xfd, 0x0e, 0xf5, 0x2d, 0xf5, 0x69, 0xfd, 0x67, 0xfd, 0x68, 0xfd, 0x68, 0xfd, 0x88, 0xfd, 0x88, 0xfd, 0x88, 0xfd, 0x88, 0xfd, 0xa8, 0xfd, 0xa8, 0xfd,
    0xa8, 0xfd, 0xa8, 0xfd, 0x88, 0xfd, 0x88, 0xfd, 0x88, 0xfd, 0x88, 0xfd, 0x88, 0xfd, 0xc9, 0xfd, 0xc7, 0xf4, 0x03, 0xf3, 0x23, 0xf3, 0x44, 0xf3, 0x44, 0xf3, 0x06, 0xf4, 0xa8, 0xfd, 0x88, 0xfd, 0xe9, 0xfd, 0x28, 0xf5, 0x43, 0xf3, 0x23, 0xf3,
    0x64, 0xf3, 0x23, 0xf3, 0x64, 0xf3, 0x68, 0xfd, 0x88, 0xfd, 0xe9, 0xfd, 0x66, 0xf4, 0x03, 0xf3, 0x23, 0xf3, 0x44, 0xf3, 0x23, 0xeb, 0xe7, 0xf4, 0xc9, 0xfd, 0x88, 0xfd, 0xa8, 0xfd, 0xa9, 0xfd, 0xa9, 0xfd, 0x89, 0xfd, 0x88, 0xfd, 0xe9, 0xfd,
    0x0a, 0xfe, 0xc9, 0xfd, 0x88, 0xfd, 0xa8, 0xfd, 0x88, 0xfd, 0x68, 0xfd, 0x67, 0xfd, 0x68, 0xfd, 0x68, 0xfd, 0x67, 0xfd, 0x68, 0xfd, 0x4b, 0xf5, 0x2e, 0xf5, 0x0e, 0xf5, 0xee, 0xf4, 0x6f, 0xfd, 0x6a, 0x9b, 0x00, 0x00, 0x61, 0x08, 0x1b, 0xe7,
    0xff, 0xff, 0xff, 0xff, 0xff, 0xff, 0xfe, 0xff, 0xff, 0xff, 0x3c, 0xe7, 0x28, 0x42, 0xba, 0xde, 0xff, 0xff, 0xfe, 0xff, 0xff, 0xff, 0xff, 0xff, 0xff, 0xff, 0xff, 0xff, 0xfe, 0xff, 0xff, 0xff, 0xff, 0xff, 0xff, 0xff, 0xff, 0xff, 0xff, 0xff,
    0xff, 0xff, 0xff, 0xff, 0xff, 0xff, 0xff, 0xff, 0xff, 0xff, 0xff, 0xff, 0xff, 0xff, 0xff, 0xff, 0xff, 0xff, 0xff, 0xff, 0xff, 0xff, 0xff, 0xff, 0xff, 0xff, 0xff, 0xff, 0xff, 0xff, 0xff, 0xff, 0xff, 0xff, 0xff, 0xff, 0xde, 0xff, 0xff, 0xff,
    0x34, 0xa5, 0x00, 0x00, 0x41, 0x08, 0x6d, 0xdc, 0x0e, 0xfd, 0xed, 0xf4, 0xed, 0xfc, 0x0e, 0xfd, 0x6c, 0xfd, 0x88, 0xfd, 0x88, 0xfd, 0x88, 0xfd, 0x88, 0xfd, 0x68, 0xfd, 0x68, 0xfd, 0x88, 0xfd, 0x88, 0xfd, 0x88, 0xfd, 0xa8, 0xfd, 0xa8, 0xfd,
    0xa8, 0xfd, 0xa9, 0xfd, 0xa8, 0xfd, 0x88, 0xfd, 0x88, 0xfd, 0xa8, 0xfd, 0xa8, 0xfd, 0xa9, 0xfd, 0x89, 0xfd, 0xa4, 0xf3, 0x23, 0xf3, 0x64, 0xf3, 0x44, 0xf3, 0xc7, 0xf4, 0xc8, 0xfd, 0xa8, 0xfd, 0xe9, 0xfd, 0x68, 0xfd, 0x43, 0xf3, 0x23, 0xf3,
    0x44, 0xf3, 0x23, 0xf3, 0xc5, 0xf3, 0x88, 0xfd, 0x88, 0xfd, 0xc9, 0xfd, 0xa7, 0xf4, 0x03, 0xf3, 0x44, 0xf3, 0x03, 0xf3, 0xc5, 0xeb, 0xa9, 0xfd, 0x88, 0xfd, 0xa8, 0xfd, 0xa9, 0xfd, 0xa9, 0xfd, 0xa9, 0xfd, 0xa9, 0xfd, 0xa9, 0xfd, 0x88, 0xfd,
    0xa9, 0xfd, 0xa8, 0xfd, 0xa8, 0xfd, 0xa8, 0xfd, 0xa8, 0xfd, 0x88, 0xfd, 0x88, 0xfd, 0x88, 0xfd, 0x88, 0xfd, 0x68, 0xfd, 0x88, 0xfd, 0x88, 0xfd, 0x69, 0xf5, 0x2d, 0xf5, 0x2e, 0xfd, 0x8f, 0xfd, 0xc8, 0x82, 0x00, 0x00, 0x65, 0x29, 0xff, 0xff,
    0xff, 0xff, 0xff, 0xff, 0xff, 0xff, 0xff, 0xff, 0xfb, 0xde, 0x82, 0x10, 0xeb, 0x5a, 0xdf, 0xff, 0xff, 0xff, 0xff, 0xff, 0xff, 0xff, 0xff, 0xff, 0xff, 0xff, 0xff, 0xff, 0xff, 0xff, 0xff, 0xff, 0xff, 0xff, 0xff, 0xff, 0xff, 0xff, 0xff, 0xff,
    0xff, 0xff, 0xff, 0xff, 0xff, 0xff, 0xff, 0xff, 0xff, 0xff, 0xff, 0xff, 0xff, 0xff, 0xfe, 0xff, 0xff, 0xff, 0xff, 0xff, 0xff, 0xff, 0xff, 0xff, 0xff, 0xff, 0xff, 0xff, 0xff, 0xff, 0xff, 0xff, 0xff, 0xff, 0xff, 0xff, 0xde, 0xff, 0xff, 0xff,
    0x38, 0xc6, 0x00, 0x00, 0x20, 0x00, 0x2c, 0xc4, 0x2e, 0xfd, 0xed, 0xf4, 0x0e, 0xfd, 0x6b, 0xfd, 0x88, 0xfd, 0x88, 0xfd, 0x88, 0xfd, 0x88, 0xfd, 0x88, 0xfd, 0x68, 0xfd, 0x68, 0xfd, 0x88, 0xfd, 0x88, 0xfd, 0x88, 0xfd, 0xa8, 0xfd, 0x88, 0xfd,
    0xc9, 0xfd, 0xc9, 0xfd, 0x88, 0xfd, 0xa8, 0xfd, 0xa8, 0xfd, 0xa8, 0xfd, 0xa9, 0xfd, 0xa9, 0xfd, 0xc9, 0xfd, 0xe7, 0xf4, 0x43, 0xf3, 0x23, 0xf3, 0xa5, 0xf3, 0x48, 0xfd, 0xa8, 0xfd, 0xa8, 0xfd, 0xe9, 0xfd, 0x68, 0xfd, 0x64, 0xf3, 0x44, 0xf3,
    0x44, 0xf3, 0x03, 0xf3, 0x46, 0xf4, 0xa8, 0xfd, 0x68, 0xfd, 0xa8, 0xfd, 0x07, 0xf5, 0x03, 0xf3, 0x23, 0xf3, 0xc5, 0xeb, 0x28, 0xf5, 0x88, 0xfd, 0x88, 0xfd, 0xa9, 0xfd, 0xa9, 0xfd, 0xa9, 0xfd, 0xa9, 0xfd, 0xc9, 0xfd, 0xa9, 0xfd, 0xe9, 0xfd,
    0xe9, 0xfd, 0xc9, 0xfd, 0xa9, 0xfd, 0xa8, 0xfd, 0xa8, 0xfd, 0x88, 0xfd, 0x88, 0xfd, 0x88, 0xfd, 0x67, 0xfd, 0x68, 0xfd, 0x88, 0xfd, 0x88, 0xfd, 0x68, 0xfd, 0x69, 0xfd, 0xcc, 0xe4, 0x70, 0xfd, 0x46, 0x6a, 0x00, 0x00, 0x28, 0x4a, 0xff, 0xff,
    0xff, 0xff, 0xff, 0xff, 0xff, 0xff, 0x1c, 0xe7, 0x82, 0x10, 0x6d, 0x6b, 0xff, 0xff, 0xff, 0xff, 0xff, 0xff, 0xff, 0xff, 0xff, 0xff, 0xff, 0xff, 0xfe, 0xff, 0xff, 0xff, 0xff, 0xff, 0xff, 0xff, 0xff, 0xff, 0xff, 0xff, 0xff, 0xff, 0xff, 0xff,
    0xff, 0xff, 0xff, 0xff, 0xff, 0xff, 0xff, 0xff, 0xff, 0xff, 0xff, 0xff, 0xff, 0xff, 0xff, 0xff, 0xff, 0xff, 0xde, 0xff, 0xff, 0xff, 0x17, 0xc6, 0x28, 0x42, 0x3c, 0xe7, 0xff, 0xff, 0xde, 0xff, 0xff, 0xff, 0xff, 0xff, 0xff, 0xff, 0xff, 0xff,
    0x1b, 0xe7, 0x61, 0x08, 0x00, 0x00, 0xcb, 0xab, 0xd0, 0xfd, 0x4d, 0xfd, 0x6a, 0xfd, 0x67, 0xfd, 0x68, 0xfd, 0x88, 0xfd, 0x88, 0xfd, 0x88, 0xfd, 0x88, 0xfd, 0x88, 0xfd, 0x88, 0xfd, 0x88, 0xfd, 0x88, 0xfd, 0x88, 0xfd, 0x88, 0xfd, 0xc9, 0xfd,
    0xa8, 0xd4, 0xe9, 0xd4, 0x09, 0xfe, 0x88, 0xfd, 0xa9, 0xfd, 0xa8, 0xfd, 0xa8, 0xfd, 0x88, 0xfd, 0x88, 0xfd, 0xa8, 0xfd, 0xe7, 0xf4, 0x66, 0xf4, 0x08, 0xf5, 0xa9, 0xfd, 0x88, 0xfd, 0xa8, 0xfd, 0xa9, 0xfd, 0xc9, 0xfd, 0x26, 0xf4, 0x44, 0xf3,
    0x44, 0xf3, 0x44, 0xf3, 0xe7, 0xf4, 0x88, 0xfd, 0x88, 0xfd, 0x88, 0xfd, 0xa8, 0xfd, 0x26, 0xf4, 0xe5, 0xf3, 0x68, 0xfd, 0x88, 0xfd, 0x88, 0xfd, 0xa8, 0xfd, 0xa9, 0xfd, 0xa9, 0xfd, 0xa9, 0xfd, 0xa9, 0xfd, 0xa9, 0xfd, 0x2a, 0xfe, 0x88, 0xcc,
    0x29, 0xe5, 0xe9, 0xfd, 0xa9, 0xfd, 0xa9, 0xfd, 0xa8, 0xfd, 0x88, 0xfd, 0x88, 0xfd, 0x88, 0xfd, 0x88, 0xfd, 0x68, 0xfd, 0x68, 0xfd, 0x88, 0xfd, 0x68, 0xfd, 0xa8, 0xfd, 0x68, 0xc4, 0x24, 0x31, 0xc2, 0x20, 0x00, 0x00, 0x0f, 0x84, 0xff, 0xff,
    0xde, 0xff, 0xff, 0xff, 0xff, 0xff, 0xeb, 0x5a, 0xce, 0x7b, 0xff, 0xff, 0xde, 0xff, 0xde, 0xff, 0xde, 0xff, 0xff, 0xff, 0xff, 0xff, 0xff, 0xff, 0xff, 0xff, 0xff, 0xff, 0xff, 0xff, 0xff, 0xff, 0xff, 0xff, 0xff, 0xff, 0xff, 0xff, 0xff, 0xff,
    0xff, 0xff, 0xff, 0xff, 0xff, 0xff, 0xff, 0xff, 0xff, 0xff, 0xff, 0xff, 0xff, 0xff, 0xff, 0xff, 0xff, 0xff, 0xff, 0xff, 0xff, 0xff, 0xbe, 0xf7, 0xca, 0x5a, 0x81, 0x10, 0xba, 0xd6, 0xff, 0xff, 0xfe, 0xff, 0xff, 0xff, 0xff, 0xff, 0xff, 0xff,
    0xbe, 0xf7, 0x04, 0x21, 0x00, 0x00, 0x09, 0x83, 0x8a, 0xa3, 0x68, 0xcc, 0xc8, 0xfd, 0x67, 0xfd, 0x88, 0xfd, 0x88, 0xfd, 0x88, 0xfd, 0x88, 0xfd, 0xa9, 0xfd, 0xa9, 0xfd, 0x88, 0xfd, 0x88, 0xfd, 0x88, 0xfd, 0x88, 0xfd, 0x89, 0xfd, 0xa9, 0xfd,
    0x09, 0xdd, 0x43, 0x39, 0xc7, 0xa3, 0x2a, 0xfe, 0x88, 0xfd, 0xa8, 0xfd, 0x88, 0xfd, 0x88, 0xfd, 0x88, 0xfd, 0x88, 0xfd, 0x88, 0xfd, 0xa9, 0xfd, 0x89, 0xfd, 0x88, 0xfd, 0xa8, 0xfd, 0xa9, 0xfd, 0xa8, 0xfd, 0xc8, 0xfd, 0xa7, 0xf4, 0x24, 0xf3,
    0x24, 0xfb, 0xc5, 0xf3, 0x68, 0xfd, 0x88, 0xfd, 0x88, 0xfd, 0x88, 0xfd, 0xa8, 0xfd, 0xa8, 0xfd, 0xa9, 0xfd, 0x88, 0xfd, 0x88, 0xfd, 0xa8, 0xfd, 0xa8, 0xfd, 0xa8, 0xfd, 0xa9, 0xfd, 0xa8, 0xfd, 0xa8, 0xfd, 0x2a, 0xfe, 0x06, 0x83, 0x63, 0x41,
    0x89, 0xed, 0xc9, 0xfd, 0xa9, 0xfd, 0xc9, 0xfd, 0xa9, 0xfd, 0xa9, 0xfd, 0x88, 0xfd, 0x88, 0xfd, 0x88, 0xfd, 0x88, 0xfd, 0x88, 0xfd, 0xa9, 0xfd, 0xca, 0xfd, 0x88, 0xfd, 0xe9, 0xfd, 0x87, 0x9b, 0x00, 0x00, 0x00, 0x00, 0xb2, 0x9c, 0xff, 0xff,
    0xde, 0xff, 0xff, 0xff, 0xff, 0xff, 0x9d, 0xf7, 0xff, 0xff, 0xfe, 0xff, 0xfe, 0xff, 0xff, 0xff, 0xff, 0xff, 0xff, 0xff, 0xff, 0xff, 0xff, 0xff, 0xff, 0xff, 0xff, 0xff, 0xff, 0xff, 0xff, 0xff, 0xff, 0xff, 0xff, 0xff, 0xff, 0xff, 0xff, 0xff,
    0xff, 0xff, 0xff, 0xff, 0xff, 0xff, 0xff, 0xff, 0xff, 0xff, 0xff, 0xff, 0xfe, 0xff, 0xff, 0xff, 0xff, 0xff, 0xff, 0xff, 0xff, 0xff, 0xff, 0xff, 0xff, 0xff, 0x4c, 0x6b, 0x41, 0x08, 0x9a, 0xd6, 0xff, 0xff, 0xfe, 0xff, 0xff, 0xff, 0xde, 0xff,
    0xff, 0xff, 0xeb, 0x5a, 0x00, 0x00, 0x20, 0x00, 0xe2, 0x20, 0xeb, 0xe5, 0x2a, 0xfe, 0xa8, 0xfd, 0xa8, 0xfd, 0x88, 0xfd, 0x88, 0xfd, 0xa9, 0xfd, 0xa9, 0xfd, 0x88, 0xfd, 0x88, 0xfd, 0x88, 0xfd, 0xa8, 0xfd, 0xa9, 0xfd, 0xa9, 0xfd, 0x88, 0xfd,
    0xe9, 0xfd, 0x09, 0xd5, 0x61, 0x10, 0x06, 0x83, 0x2a, 0xfe, 0xa8, 0xfd, 0x88, 0xfd, 0x88, 0xfd, 0x88, 0xfd, 0x88, 0xfd, 0x88, 0xfd, 0x68, 0xfd, 0x88, 0xfd, 0x88, 0xfd, 0xa8, 0xfd, 0xa9, 0xfd, 0xa8, 0xfd, 0xa8, 0xfd, 0x68, 0xfd, 0x05, 0xf4,
    0x23, 0xf3, 0xc7, 0xf4, 0x88, 0xfd, 0x88, 0xfd, 0x88, 0xfd, 0xa8, 0xfd, 0xa9, 0xfd, 0x88, 0xfd, 0x88, 0xfd, 0x88, 0xfd, 0x88, 0xfd, 0xa8, 0xfd, 0xa8, 0xfd, 0xa8, 0xfd, 0x88, 0xfd, 0xc9, 0xfd, 0x0a, 0xfe, 0x44, 0x62, 0xc2, 0x20, 0x69, 0xed,
    0xe9, 0xfd, 0xa9, 0xfd, 0xca, 0xfd, 0xc9, 0xfd, 0xa9, 0xfd, 0xa9, 0xfd, 0xa9, 0xfd, 0xa9, 0xfd, 0xa9, 0xfd, 0x88, 0xfd, 0x88, 0xfd, 0xa8, 0xfd, 0xa9, 0xfd, 0xca, 0xfd, 0x89, 0xfd, 0x09, 0xfe, 0xe8, 0xa3, 0x00, 0x00, 0x41, 0x08, 0x34, 0xa5,
    0xff, 0xff, 0xde, 0xff, 0xff, 0xff, 0xff, 0xff, 0xfe, 0xff, 0xff, 0xff, 0xff, 0xff, 0x18, 0xc6, 0x4d, 0x6b, 0x1c, 0xe7, 0xff, 0xff, 0xff, 0xff, 0xff, 0xff, 0xff, 0xff, 0xff, 0xff, 0xff, 0xff, 0xff, 0xff, 0xff, 0xff, 0xff, 0xff, 0xff, 0xff,
    0xff, 0xff, 0xff, 0xff, 0xff, 0xff, 0xff, 0xff, 0xff, 0xff, 0xff, 0xff, 0xff, 0xff, 0xff, 0xff, 0xff, 0xff, 0xfe, 0xff, 0xff, 0xff, 0xff, 0xff, 0xff, 0xff, 0xff, 0xff, 0xcf, 0x7b, 0xc2, 0x18, 0x9d, 0xf7, 0xff, 0xff, 0xff, 0xff, 0xdf, 0xff,
    0xff, 0xff, 0x2c, 0x63, 0x00, 0x00, 0xe2, 0x20, 0x6d, 0xe6, 0xcc, 0xfe, 0xa8, 0xfd, 0x88, 0xfd, 0x88, 0xfd, 0x88, 0xfd, 0xa8, 0xfd, 0x88, 0xfd, 0x88, 0xfd, 0x88, 0xfd, 0x88, 0xfd, 0x88, 0xfd, 0x88, 0xfd, 0xa9, 0xfd, 0xa8, 0xfd, 0x88, 0xfd,
    0x68, 0xf5, 0xe9, 0xfd, 0xe9, 0xcc, 0x21, 0x08, 0x44, 0x62, 0xea, 0xfd, 0xa8, 0xfd, 0x88, 0xfd, 0x88, 0xfd, 0x88, 0xfd, 0x88, 0xfd, 0x88, 0xfd, 0x88, 0xfd, 0xa8, 0xfd, 0xa8, 0xfd, 0xa8, 0xfd, 0xa9, 0xfd, 0x88, 0xfd, 0xa8, 0xfd, 0x68, 0xfd,
    0x28, 0xf5, 0x89, 0xfd, 0x88, 0xfd, 0x88, 0xfd, 0xa8, 0xfd, 0xa8, 0xfd, 0x88, 0xfd, 0x88, 0xfd, 0x88, 0xfd, 0xa8, 0xfd, 0xa8, 0xfd, 0xa8, 0xfd, 0xa9, 0xfd, 0x88, 0xfd, 0xe9, 0xfd, 0xca, 0xf5, 0x63, 0x39, 0xa1, 0x18, 0x69, 0xe5, 0xc8, 0xfd,
    0x88, 0xfd, 0xa9, 0xfd, 0xc9, 0xfd, 0xc9, 0xfd, 0xa9, 0xfd, 0xa9, 0xfd, 0xa9, 0xfd, 0xa9, 0xfd, 0xa9, 0xfd, 0xa8, 0xfd, 0xa8, 0xfd, 0x49, 0xed, 0x48, 0xf5, 0xa8, 0xfd, 0xca, 0xf5, 0x88, 0xfd, 0x09, 0xfe, 0xc7, 0xa3, 0x00, 0x00, 0x20, 0x00,
    0x34, 0xa5, 0xff, 0xff, 0xde, 0xff, 0xfe, 0xff, 0xff, 0xff, 0xfb, 0xe6, 0xaa, 0x52, 0x24, 0x29, 0xae, 0x7b, 0x9d, 0xf7, 0xff, 0xff, 0xff, 0xff, 0xff, 0xff, 0xff, 0xff, 0xff, 0xff, 0xff, 0xff, 0xff, 0xff, 0xff, 0xff, 0xff, 0xff, 0xdf, 0xff,
    0xff, 0xff, 0xff, 0xff, 0xff, 0xff, 0xff, 0xff, 0xff, 0xff, 0xff, 0xff, 0xff, 0xff, 0xff, 0xff, 0xff, 0xff, 0xff, 0xff, 0xff, 0xff, 0xff, 0xff, 0xde, 0xff, 0xff, 0xff, 0xff, 0xff, 0x58, 0xce, 0xbe, 0xf7, 0xff, 0xff, 0xde, 0xff, 0xff, 0xff,
    0xcf, 0x7b, 0x00, 0x00, 0xc2, 0x18, 0x6e, 0xde, 0x6e, 0xff, 0xa9, 0xfd, 0x88, 0xfd, 0xa8, 0xfd, 0x88, 0xfd, 0x88, 0xfd, 0x88, 0xfd, 0x88, 0xfd, 0x88, 0xfd, 0x88, 0xfd, 0x88, 0xfd, 0x88, 0xfd, 0x88, 0xfd, 0x88, 0xfd, 0x88, 0xf5, 0x88, 0xfd,
    0xa8, 0xfd, 0xa9, 0xfd, 0x4a, 0xfe, 0x29, 0xdd, 0x40, 0x08, 0xa3, 0x49, 0xca, 0xf5, 0xc8, 0xfd, 0x88, 0xfd, 0xa8, 0xfd, 0xa8, 0xfd, 0xa8, 0xfd, 0x88, 0xfd, 0xa8, 0xfd, 0xa8, 0xfd, 0xa9, 0xfd, 0xa9, 0xfd, 0xe9, 0xfd, 0x88, 0xfd, 0x88, 0xfd,
    0xa8, 0xfd, 0x88, 0xfd, 0x88, 0xfd, 0xa8, 0xfd, 0xa8, 0xfd, 0xa8, 0xfd, 0x88, 0xfd, 0x88, 0xfd, 0xa8, 0xfd, 0xa8, 0xfd, 0xa8, 0xfd, 0xa8, 0xfd, 0x88, 0xfd, 0x0a, 0xfe, 0x4a, 0xdd, 0x02, 0x29, 0x42, 0x31, 0x0b, 0xfe, 0x6a, 0xfe, 0x09, 0xfe,
    0x09, 0xfe, 0xe9, 0xfd, 0xa9, 0xfd, 0xa9, 0xfd, 0xa9, 0xfd, 0xa9, 0xfd, 0xa9, 0xfd, 0xa8, 0xfd, 0x88, 0xfd, 0x88, 0xfd, 0xe9, 0xfd, 0x08, 0xb4, 0xc8, 0xd4, 0xe9, 0xfd, 0x88, 0xfd, 0x88, 0xfd, 0x68, 0xf5, 0x29, 0xfe, 0x67, 0x8b, 0x00, 0x00,
    0x40, 0x08, 0x17, 0xc6, 0xff, 0xff, 0xde, 0xff, 0xff, 0xff, 0x99, 0xd6, 0x34, 0xa5, 0xbe, 0xf7, 0xff, 0xff, 0xfe, 0xff, 0xde, 0xff, 0xff, 0xff, 0xff, 0xff, 0xff, 0xff, 0xff, 0xff, 0xff, 0xff, 0xff, 0xff, 0xff, 0xff, 0xff, 0xff, 0xdf, 0xff,
    0xff, 0xff, 0xff, 0xff, 0xff, 0xff, 0xff, 0xff, 0xff, 0xff, 0xfe, 0xff, 0xfe, 0xff, 0xff, 0xff, 0xff, 0xff, 0x17, 0xc6, 0xda, 0xde, 0xff, 0xff, 0xff, 0xff, 0xff, 0xff, 0xfe, 0xff, 0xff, 0xff, 0xff, 0xff, 0xde, 0xff, 0xff, 0xff, 0x30, 0x84,
    0x00, 0x00, 0x81, 0x10, 0x2e, 0xd6, 0xaf, 0xff, 0x0a, 0xfe, 0xa8, 0xfd, 0xa9, 0xfd, 0xa8, 0xfd, 0xa8, 0xfd, 0x88, 0xfd, 0xa8, 0xfd, 0xa8, 0xfd, 0xa8, 0xfd, 0x88, 0xfd, 0x88, 0xfd, 0x88, 0xfd, 0x88, 0xfd, 0xc8, 0xfd, 0x09, 0xfe, 0xca, 0xfd,
    0x29, 0xe5, 0x88, 0xcc, 0x68, 0xbc, 0x29, 0xdd, 0x8a, 0xbc, 0xa2, 0x18, 0x43, 0x39, 0x4a, 0xe5, 0x09, 0xfe, 0x88, 0xfd, 0xa8, 0xfd, 0xa8, 0xfd, 0xa8, 0xfd, 0x88, 0xfd, 0xa8, 0xfd, 0xa9, 0xfd, 0xc9, 0xfd, 0xe7, 0xab, 0x68, 0xf5, 0x88, 0xfd,
    0x88, 0xfd, 0x88, 0xfd, 0xa8, 0xfd, 0x88, 0xfd, 0x88, 0xfd, 0x88, 0xfd, 0x88, 0xfd, 0xa8, 0xfd, 0xa8, 0xfd, 0xa9, 0xfd, 0xa8, 0xfd, 0xa8, 0xfd, 0x2a, 0xfe, 0x69, 0xbc, 0xa2, 0x18, 0x03, 0x21, 0xc8, 0xa3, 0x25, 0x83, 0x84, 0x72, 0xe5, 0x82,
    0xc7, 0xa3, 0x09, 0xdd, 0x0a, 0xfe, 0x2a, 0xfe, 0xc9, 0xfd, 0xa8, 0xfd, 0xa8, 0xfd, 0xa8, 0xfd, 0xa8, 0xfd, 0x88, 0xfd, 0xe9, 0xfd, 0x46, 0x8b, 0x4b, 0xdd, 0xad, 0xed, 0x68, 0xed, 0x88, 0xfd, 0x88, 0xfd, 0x87, 0xfd, 0x4a, 0xfe, 0xa6, 0x6a,
    0x00, 0x00, 0xa2, 0x18, 0xba, 0xd6, 0xff, 0xff, 0xfe, 0xff, 0xff, 0xff, 0xff, 0xff, 0xff, 0xff, 0xff, 0xff, 0xff, 0xff, 0xff, 0xff, 0xff, 0xff, 0xff, 0xff, 0xff, 0xff, 0xff, 0xff, 0xff, 0xff, 0xfe, 0xff, 0xff, 0xff, 0xff, 0xff, 0xdf, 0xff,
    0xff, 0xff, 0xff, 0xff, 0xff, 0xff, 0xff, 0xff, 0xff, 0xff, 0xff, 0xff, 0xff, 0xff, 0xfe, 0xff, 0xff, 0xff, 0xef, 0x7b, 0x82, 0x10, 0x08, 0x42, 0x75, 0xad, 0xde, 0xf7, 0xff, 0xff, 0xff, 0xff, 0xde, 0xff, 0xff, 0xff, 0x75, 0xad, 0x00, 0x00,
    0x20, 0x00, 0x4b, 0xbd, 0xaf, 0xff, 0x4b, 0xfe, 0xc9, 0xfd, 0xc9, 0xfd, 0xa9, 0xfd, 0xa8, 0xfd, 0xa8, 0xfd, 0xa8, 0xfd, 0xa8, 0xfd, 0xa8, 0xfd, 0x88, 0xfd, 0xa8, 0xfd, 0x88, 0xfd, 0xa8, 0xfd, 0x0a, 0xfe, 0x09, 0xdd, 0xa5, 0x72, 0xc1, 0x20,
    0x00, 0x00, 0x00, 0x00, 0x00, 0x00, 0x00, 0x00, 0x00, 0x00, 0x40, 0x10, 0x00, 0x00, 0xc2, 0x20, 0x89, 0xbc, 0x2a, 0xfe, 0xa8, 0xfd, 0x88, 0xfd, 0xa8, 0xfd, 0x88, 0xfd, 0x88, 0xfd, 0x88, 0xf5, 0x0a, 0xfe, 0x24, 0x5a, 0xc7, 0xab, 0xe9, 0xfd,
    0xa8, 0xfd, 0x28, 0xe5, 0x07, 0xb4, 0xc9, 0xfd, 0x88, 0xf5, 0x88, 0xfd, 0x88, 0xfd, 0x88, 0xfd, 0xa8, 0xfd, 0x88, 0xfd, 0xc9, 0xfd, 0x0a, 0xfe, 0x47, 0x8b, 0x00, 0x00, 0x00, 0x00, 0x00, 0x00, 0x00, 0x00, 0x21, 0x00, 0x82, 0x08, 0x21, 0x00,
    0x00, 0x00, 0x00, 0x00, 0x02, 0x31, 0xa7, 0x9b, 0xca, 0xfd, 0xe9, 0xfd, 0x88, 0xfd, 0xa8, 0xfd, 0xa8, 0xfd, 0x88, 0xfd, 0xc9, 0xfd, 0x85, 0x72, 0xcd, 0xed, 0x32, 0xbd, 0xa7, 0x9b, 0x09, 0xfe, 0x88, 0xfd, 0x88, 0xfd, 0xa8, 0xfd, 0xca, 0xf5,
    0x43, 0x31, 0x00, 0x00, 0x45, 0x29, 0xbe, 0xf7, 0xff, 0xff, 0xde, 0xff, 0xdf, 0xff, 0x5d, 0xef, 0x71, 0x8c, 0x4d, 0x6b, 0xf3, 0x9c, 0xff, 0xff, 0xff, 0xff, 0xff, 0xff, 0xff, 0xff, 0xff, 0xff, 0xff, 0xff, 0xff, 0xff, 0xff, 0xff, 0xff, 0xff,
    0xff, 0xff, 0xff, 0xff, 0xff, 0xff, 0xff, 0xff, 0xff, 0xff, 0xff, 0xff, 0xff, 0xff, 0xff, 0xff, 0xff, 0xff, 0xff, 0xff, 0xdb, 0xde, 0xef, 0x7b, 0x86, 0x31, 0x38, 0xc6, 0xff, 0xff, 0xde, 0xff, 0xff, 0xff, 0xba, 0xd6, 0x82, 0x10, 0x00, 0x00,
    0x09, 0x94, 0xd0, 0xff, 0x6b, 0xfe, 0xc9, 0xfd, 0xc9, 0xfd, 0xa8, 0xfd, 0x88, 0xfd, 0xa8, 0xfd, 0xa8, 0xfd, 0xa8, 0xfd, 0xa8, 0xfd, 0xa8, 0xfd, 0x88, 0xfd, 0x88, 0xf5, 0xe9, 0xfd, 0x8a, 0xed, 0x85, 0x6a, 0x00, 0x00, 0x00, 0x00, 0xe7, 0x39,
    0x10, 0x84, 0x55, 0xad, 0xd6, 0xbd, 0x95, 0xb5, 0x71, 0x8c, 0xcb, 0x5a, 0xc3, 0x18, 0x00, 0x00, 0x00, 0x00, 0x67, 0x93, 0x0a, 0xfe, 0xe8, 0xfd, 0x88, 0xfd, 0x88, 0xfd, 0x88, 0xfd, 0xa8, 0xfd, 0x29, 0xfe, 0x26, 0x8b, 0x44, 0x62, 0xe9, 0xfd,
    0xe9, 0xfd, 0xc6, 0xa3, 0xc5, 0x7a, 0x09, 0xfe, 0x88, 0xfd, 0x88, 0xfd, 0x88, 0xfd, 0x88, 0xfd, 0x88, 0xfd, 0x09, 0xfe, 0x6a, 0xed, 0x25, 0x5a, 0x00, 0x00, 0x00, 0x00, 0x48, 0x4a, 0xb2, 0x94, 0x9a, 0xd6, 0x7d, 0xf7, 0xbe, 0xff, 0x5c, 0xef,
    0x58, 0xce, 0x51, 0x8c, 0x66, 0x29, 0x00, 0x00, 0xe2, 0x28, 0xa9, 0xc4, 0x09, 0xfe, 0x88, 0xfd, 0xa8, 0xfd, 0xa8, 0xfd, 0xe9, 0xfd, 0x65, 0x62, 0xf0, 0xed, 0x97, 0xe6, 0xc7, 0x6a, 0xea, 0xfd, 0xa9, 0xfd, 0xa8, 0xfd, 0x88, 0xfd, 0xc8, 0xfd,
    0x09, 0xd5, 0x81, 0x10, 0x00, 0x00, 0x6d, 0x6b, 0xff, 0xff, 0xde, 0xff, 0xff, 0xff, 0x3c, 0xe7, 0xae, 0x73, 0x2c, 0x63, 0xd2, 0x9c, 0xff, 0xff, 0xfe, 0xff, 0xff, 0xff, 0xff, 0xff, 0xff, 0xff, 0xff, 0xff, 0xff, 0xff, 0xff, 0xff, 0xde, 0xff,
    0xff, 0xff, 0xff, 0xff, 0xff, 0xff, 0xff, 0xff, 0xfe, 0xff, 0xff, 0xff, 0xff, 0xff, 0xff, 0xff, 0xff, 0xff, 0xff, 0xff, 0xff, 0xff, 0xff, 0xff, 0xff, 0xff, 0xdf, 0xff, 0xff, 0xff, 0xff, 0xff, 0xbe, 0xf7, 0x85, 0x31, 0x00, 0x00, 0xa6, 0x62,
    0xb0, 0xff, 0xac, 0xfe, 0xa9, 0xfd, 0xc9, 0xfd, 0xc9, 0xfd, 0xa8, 0xfd, 0x88, 0xfd, 0x88, 0xfd, 0xa8, 0xfd, 0xa8, 0xfd, 0xa8, 0xfd, 0xa8, 0xfd, 0x88, 0xf5, 0xe9, 0xfd, 0xa9, 0xcc, 0xa1, 0x18, 0x00, 0x00, 0x2c, 0x63, 0xda, 0xde, 0xff, 0xff,
    0xff, 0xff, 0xff, 0xff, 0xff, 0xff, 0xff, 0xff, 0xff, 0xff, 0xff, 0xff, 0x7d, 0xef, 0xb2, 0x94, 0xa2, 0x10, 0x00, 0x00, 0xc4, 0x49, 0x29, 0xdd, 0x2a, 0xfe, 0xa8, 0xfd, 0xe9, 0xfd, 0x29, 0xe5, 0xe9, 0xfd, 0xa6, 0x9b, 0xe4, 0x51, 0xe9, 0xfd,
    0xe9, 0xfd, 0x46, 0x8b, 0x45, 0x62, 0x0a, 0xfe, 0x09, 0xe5, 0xea, 0xfd, 0xa8, 0xfd, 0xc8, 0xfd, 0x0a, 0xfe, 0x28, 0xb4, 0xc2, 0x20, 0x00, 0x00, 0x08, 0x42, 0x38, 0xc6, 0xff, 0xff, 0xff, 0xff, 0xff, 0xff, 0xff, 0xff, 0xff, 0xff, 0xff, 0xff,
    0xff, 0xff, 0xff, 0xff, 0xff, 0xff, 0x75, 0xad, 0xc3, 0x18, 0x00, 0x00, 0x08, 0xa4, 0x2a, 0xfe, 0xa8, 0xfd, 0xa8, 0xfd, 0x2a, 0xfe, 0xe5, 0x7a, 0xcd, 0x83, 0x94, 0xc5, 0x05, 0x52, 0xea, 0xfd, 0x89, 0xfd, 0xa8, 0xfd, 0x88, 0xfd, 0x88, 0xf5,
    0x0a, 0xfe, 0xa8, 0x9b, 0x00, 0x00, 0x00, 0x00, 0xd6, 0xbd, 0xff, 0xff, 0xde, 0xff, 0xff, 0xff, 0xff, 0xff, 0xff, 0xff, 0xff, 0xff, 0xff, 0xff, 0xff, 0xff, 0xff, 0xff, 0xff, 0xff, 0xff, 0xff, 0xff, 0xff, 0xff, 0xff, 0xfe, 0xff, 0xdf, 0xff,
    0xff, 0xff, 0xff, 0xff, 0xff, 0xff, 0xff, 0xff, 0xfe, 0xff, 0xff, 0xff, 0xff, 0xff, 0xff, 0xff, 0xff, 0xff, 0xff, 0xff, 0xff, 0xff, 0xdf, 0xff, 0xff, 0xff, 0xff, 0xff, 0xde, 0xff, 0xff, 0xff, 0x8d, 0x6b, 0x00, 0x00, 0x23, 0x29, 0x30, 0xf7,
    0x2e, 0xff, 0xc9, 0xfd, 0xa9, 0xfd, 0xa9, 0xfd, 0xa9, 0xfd, 0xa8, 0xfd, 0x88, 0xfd, 0x88, 0xfd, 0xa8, 0xfd, 0xa8, 0xfd, 0xa8, 0xfd, 0x88, 0xfd, 0xe9, 0xfd, 0x89, 0xc4, 0x20, 0x08, 0xa2, 0x10, 0xf7, 0xc5, 0xff, 0xff, 0xff, 0xff, 0xff, 0xff,
    0xde, 0xff, 0xde, 0xff, 0xde, 0xff, 0xde, 0xff, 0xde, 0xff, 0xdf, 0xff, 0xff, 0xff, 0xff, 0xff, 0x1c, 0xe7, 0x28, 0x42, 0x00, 0x00, 0x61, 0x10, 0x06, 0x83, 0xaa, 0xed, 0xa6, 0xa3, 0x04, 0x5a, 0x4a, 0xfe, 0x26, 0x8b, 0x24, 0x5a, 0xe9, 0xfd,
    0xc9, 0xfd, 0x07, 0xb4, 0x02, 0x29, 0x4b, 0xfe, 0xa7, 0xa3, 0x45, 0x62, 0x8a, 0xed, 0x09, 0xdd, 0x24, 0x5a, 0x00, 0x00, 0x00, 0x00, 0xcf, 0x7b, 0xff, 0xff, 0xff, 0xff, 0xfe, 0xff, 0xde, 0xff, 0xde, 0xff, 0xff, 0xff, 0xff, 0xff, 0xde, 0xff,
    0xde, 0xff, 0xde, 0xff, 0xfe, 0xff, 0xff, 0xff, 0x5d, 0xef, 0xe7, 0x39, 0x00, 0x00, 0x69, 0xb4, 0x0a, 0xfe, 0xa8, 0xfd, 0xc8, 0xfd, 0x89, 0xed, 0x65, 0x6a, 0xa4, 0x41, 0x48, 0xbc, 0xe9, 0xfd, 0x88, 0xfd, 0xa8, 0xfd, 0x88, 0xfd, 0x88, 0xfd,
    0x88, 0xfd, 0x2b, 0xfe, 0x05, 0x52, 0x00, 0x00, 0x24, 0x21, 0x9e, 0xf7, 0xff, 0xff, 0xde, 0xff, 0xde, 0xff, 0xde, 0xff, 0xde, 0xff, 0xff, 0xff, 0xff, 0xff, 0xff, 0xff, 0xff, 0xff, 0xff, 0xff, 0xff, 0xff, 0xff, 0xff, 0xff, 0xff, 0xde, 0xff,
    0xff, 0xff, 0xff, 0xff, 0xff, 0xff, 0xff, 0xff, 0xff, 0xff, 0xff, 0xff, 0xff, 0xff, 0xff, 0xff, 0xff, 0xff, 0xff, 0xff, 0xff, 0xff, 0xff, 0xff, 0xff, 0xff, 0xde, 0xff, 0xff, 0xff, 0xf7, 0xbd, 0x00, 0x00, 0x20, 0x00, 0x4c, 0xbd, 0xb0, 0xff,
    0x4b, 0xfe, 0x89, 0xfd, 0xa9, 0xfd, 0xa9, 0xfd, 0xa8, 0xfd, 0xa8, 0xfd, 0x88, 0xfd, 0xa8, 0xfd, 0xa8, 0xfd, 0xa8, 0xfd, 0x88, 0xfd, 0xc8, 0xfd, 0x4a, 0xe5, 0x61, 0x10, 0xe3, 0x18, 0xfb, 0xde, 0xff, 0xff, 0xde, 0xff, 0xff, 0xff, 0xff, 0xff,
    0xff, 0xff, 0xff, 0xff, 0xff, 0xff, 0xff, 0xff, 0xff, 0xff, 0xff, 0xff, 0xff, 0xff, 0xde, 0xff, 0xff, 0xff, 0xdf, 0xff, 0x28, 0x42, 0x00, 0x00, 0xa2, 0x18, 0xa2, 0x18, 0x43, 0x31, 0xe8, 0xd4, 0xc9, 0xf5, 0x63, 0x39, 0x27, 0xbc, 0xc9, 0xfd,
    0x88, 0xfd, 0xc9, 0xfd, 0x22, 0x31, 0x66, 0x93, 0x2b, 0xfe, 0x65, 0x6a, 0xc2, 0x18, 0x41, 0x08, 0x81, 0x10, 0x00, 0x00, 0x30, 0x84, 0xff, 0xff, 0xff, 0xff, 0xde, 0xff, 0xff, 0xff, 0xff, 0xff, 0xff, 0xff, 0xff, 0xff, 0xff, 0xff, 0xff, 0xff,
    0xff, 0xff, 0xff, 0xff, 0xff, 0xff, 0xde, 0xff, 0xff, 0xff, 0xbe, 0xf7, 0x65, 0x29, 0x41, 0x10, 0x4a, 0xe5, 0xc9, 0xfd, 0xa8, 0xfd, 0xc9, 0xfd, 0xe9, 0xfd, 0xa9, 0xfd, 0xe9, 0xfd, 0x88, 0xfd, 0xa8, 0xfd, 0xa9, 0xfd, 0xa9, 0xfd, 0x88, 0xfd,
    0x88, 0xfd, 0xc8, 0xfd, 0x2a, 0xdd, 0x81, 0x10, 0x00, 0x00, 0xae, 0x73, 0xff, 0xff, 0xde, 0xff, 0xff, 0xff, 0xff, 0xff, 0xff, 0xff, 0xff, 0xff, 0xff, 0xff, 0xff, 0xff, 0xff, 0xff, 0xff, 0xff, 0xff, 0xff, 0xff, 0xff, 0xff, 0xff, 0xdf, 0xff,
    0xff, 0xff, 0xff, 0xff, 0xff, 0xff, 0xff, 0xff, 0xff, 0xff, 0xff, 0xff, 0xff, 0xff, 0xff, 0xff, 0x3c, 0xe7, 0x69, 0x4a, 0xeb, 0x62, 0xbe, 0xf7, 0xff, 0xff, 0xff, 0xff, 0xdf, 0xff, 0x86, 0x31, 0x00, 0x00, 0xe7, 0x6a, 0xb0, 0xff, 0xac, 0xfe,
    0xc9, 0xfd, 0x89, 0xfd, 0xa9, 0xfd, 0xa9, 0xfd, 0xa8, 0xfd, 0xa8, 0xfd, 0xa8, 0xfd, 0xa8, 0xfd, 0xa8, 0xfd, 0xa8, 0xfd, 0x88, 0xfd, 0xe9, 0xfd, 0xa3, 0x41, 0x20, 0x00, 0x9a, 0xd6, 0xff, 0xff, 0xde, 0xff, 0xff, 0xff, 0xff, 0xff, 0xff, 0xff,
    0xff, 0xff, 0xff, 0xff, 0xff, 0xff, 0xff, 0xff, 0xff, 0xff, 0xde, 0xff, 0xde, 0xff, 0xde, 0xff, 0xde, 0xff, 0xff, 0xff, 0x5d, 0xef, 0xc3, 0x18, 0x87, 0x93, 0x09, 0xd5, 0x89, 0xf5, 0xe9, 0xfd, 0xc8, 0xd4, 0x07, 0xac, 0xc9, 0xfd, 0x88, 0xfd,
    0x88, 0xfd, 0xc9, 0xfd, 0x09, 0xdd, 0x45, 0x62, 0x29, 0xe5, 0x2a, 0xfe, 0x88, 0xcc, 0xc9, 0xd4, 0x03, 0x5a, 0x29, 0x42, 0xff, 0xff, 0xde, 0xff, 0xfe, 0xff, 0xde, 0xff, 0xde, 0xff, 0xde, 0xff, 0xff, 0xff, 0xff, 0xff, 0xff, 0xff, 0xff, 0xff,
    0xff, 0xff, 0xff, 0xff, 0xff, 0xff, 0xff, 0xff, 0xde, 0xff, 0xff, 0xff, 0xba, 0xd6, 0x00, 0x00, 0x04, 0x5a, 0x2a, 0xfe, 0xa8, 0xfd, 0xa8, 0xfd, 0x88, 0xfd, 0xa8, 0xfd, 0x88, 0xfd, 0xa9, 0xfd, 0xa9, 0xfd, 0xca, 0xfd, 0xc9, 0xfd, 0xa8, 0xfd,
    0x88, 0xfd, 0x88, 0xfd, 0x2a, 0xfe, 0x88, 0x93, 0x00, 0x00, 0x40, 0x08, 0xba, 0xde, 0xff, 0xff, 0xde, 0xff, 0xff, 0xff, 0xff, 0xff, 0xff, 0xff, 0xff, 0xff, 0xfe, 0xff, 0xff, 0xff, 0xff, 0xff, 0xff, 0xff, 0xfe, 0xff, 0xff, 0xff, 0xdf, 0xff,
    0xff, 0xff, 0xff, 0xff, 0xff, 0xff, 0xff, 0xff, 0xff, 0xff, 0xff, 0xff, 0xff, 0xff, 0xff, 0xff, 0x5c, 0xef, 0x75, 0xad, 0x1c, 0xe7, 0xff, 0xff, 0xde, 0xff, 0xff, 0xff, 0x13, 0x9d, 0x00, 0x00, 0xa1, 0x10, 0x8e, 0xee, 0x4e, 0xff, 0xea, 0xfd,
    0x89, 0xfd, 0xa9, 0xfd, 0xea, 0xfd, 0xa9, 0xfd, 0x88, 0xfd, 0x88, 0xfd, 0xa8, 0xfd, 0xa8, 0xfd, 0xa8, 0xfd, 0x88, 0xfd, 0xe9, 0xfd, 0x28, 0xbc, 0x00, 0x00, 0x71, 0x94, 0xff, 0xff, 0xde, 0xff, 0xff, 0xff, 0xff, 0xff, 0xff, 0xff, 0xff, 0xff,
    0xff, 0xff, 0xff, 0xff, 0xff, 0xff, 0xff, 0xff, 0xff, 0xff, 0xff, 0xff, 0xff, 0xff, 0xff, 0xff, 0xff, 0xff, 0xde, 0xff, 0xff, 0xff, 0xd3, 0x9c, 0xa0, 0x18, 0xea, 0xfd, 0x88, 0xfd, 0x68, 0xfd, 0xa8, 0xfd, 0xc9, 0xfd, 0x88, 0xfd, 0x88, 0xfd,
    0x88, 0xfd, 0x88, 0xfd, 0xc9, 0xfd, 0xe9, 0xfd, 0x69, 0xf5, 0x88, 0xfd, 0xe9, 0xfd, 0x09, 0xdd, 0x41, 0x08, 0xfb, 0xde, 0xff, 0xff, 0xde, 0xff, 0xff, 0xff, 0xff, 0xff, 0xff, 0xff, 0xff, 0xff, 0xff, 0xff, 0xff, 0xff, 0xff, 0xff, 0xff, 0xff,
    0xff, 0xff, 0xff, 0xff, 0xff, 0xff, 0xff, 0xff, 0xff, 0xff, 0xde, 0xff, 0xff, 0xff, 0x8e, 0x73, 0x00, 0x00, 0xe9, 0xd4, 0xe9, 0xfd, 0xa8, 0xfd, 0xa9, 0xfd, 0xa9, 0xfd, 0xa8, 0xfd, 0xa8, 0xfd, 0xa9, 0xfd, 0xa9, 0xfd, 0xa9, 0xfd, 0xa8, 0xfd,
    0x88, 0xfd, 0x88, 0xfd, 0xa8, 0xfd, 0xcb, 0xf5, 0x03, 0x29, 0x00, 0x00, 0xca, 0x5a, 0xff, 0xff, 0xde, 0xff, 0xff, 0xff, 0xff, 0xff, 0xff, 0xff, 0xfe, 0xff, 0xff, 0xff, 0xff, 0xff, 0xff, 0xff, 0xff, 0xff, 0xff, 0xff, 0xff, 0xff, 0xdf, 0xff,
    0xff, 0xff, 0xff, 0xff, 0xff, 0xff, 0xff, 0xff, 0xff, 0xff, 0xff, 0xff, 0xff, 0xff, 0xff, 0xff, 0xff, 0xff, 0xff, 0xff, 0xff, 0xff, 0xff, 0xff, 0xff, 0xff, 0x9e, 0xf7, 0x24, 0x21, 0x00, 0x00, 0xe9, 0x8b, 0xaf, 0xff, 0x6b, 0xfe, 0x89, 0xfd,
    0xa9, 0xfd, 0x0a, 0xfe, 0xe9, 0xfd, 0xa9, 0xfd, 0xa8, 0xfd, 0xa8, 0xfd, 0xa8, 0xfd, 0xa8, 0xfd, 0xa9, 0xfd, 0x88, 0xfd, 0xea, 0xfd, 0x22, 0x31, 0x04, 0x21, 0xdf, 0xff, 0xdf, 0xff, 0xff, 0xff, 0xff, 0xff, 0xff, 0xff, 0xff, 0xff, 0xff, 0xff,
    0xff, 0xff, 0xff, 0xff, 0xff, 0xff, 0xff, 0xff, 0xff, 0xff, 0xb6, 0xb5, 0x10, 0x84, 0x95, 0xb5, 0xff, 0xff, 0xff, 0xff, 0xff, 0xff, 0xdf, 0xff, 0xe4, 0x18, 0xe6, 0xab, 0xc9, 0xfd, 0x68, 0xfd, 0x88, 0xfd, 0x88, 0xf5, 0x88, 0xfd, 0x88, 0xfd,
    0x88, 0xfd, 0x88, 0xfd, 0x88, 0xfd, 0x88, 0xfd, 0x88, 0xfd, 0x68, 0xfd, 0x2a, 0xfe, 0x43, 0x62, 0x6a, 0x4a, 0xff, 0xff, 0xde, 0xff, 0xff, 0xff, 0xff, 0xff, 0xb2, 0x94, 0x2c, 0x63, 0x91, 0x94, 0xbe, 0xf7, 0xff, 0xff, 0xff, 0xff, 0xff, 0xff,
    0xff, 0xff, 0xff, 0xff, 0xff, 0xff, 0xff, 0xff, 0xff, 0xff, 0xfe, 0xff, 0xff, 0xff, 0x3c, 0xe7, 0x20, 0x00, 0xa5, 0x72, 0x0a, 0xfe, 0x88, 0xfd, 0xa8, 0xfd, 0xa8, 0xfd, 0xa8, 0xfd, 0xa8, 0xfd, 0xa8, 0xfd, 0xa9, 0xfd, 0xa8, 0xfd, 0x88, 0xfd,
    0x88, 0xfd, 0x88, 0xfd, 0x68, 0xfd, 0x09, 0xfe, 0xa8, 0x9b, 0x00, 0x00, 0x40, 0x08, 0xba, 0xd6, 0xff, 0xff, 0xde, 0xff, 0xff, 0xff, 0xff, 0xff, 0xfe, 0xff, 0xff, 0xff, 0xff, 0xff, 0xff, 0xff, 0xff, 0xff, 0xff, 0xff, 0xff, 0xff, 0xdf, 0xff,
    0xff, 0xff, 0xff, 0xff, 0xff, 0xff, 0xff, 0xff, 0xff, 0xff, 0xff, 0xff, 0xff, 0xff, 0xff, 0xff, 0xff, 0xff, 0xde, 0xff, 0xff, 0xff, 0xde, 0xff, 0xff, 0xff, 0xb2, 0x94, 0x00, 0x00, 0xc2, 0x18, 0xad, 0xf6, 0xec, 0xfe, 0xea, 0xfd, 0xa9, 0xfd,
    0xc9, 0xfd, 0xe9, 0xfd, 0xc9, 0xfd, 0xa8, 0xfd, 0xa8, 0xfd, 0xa8, 0xfd, 0xa8, 0xfd, 0xa8, 0xfd, 0x88, 0xfd, 0xc8, 0xfd, 0xe9, 0xdc, 0x00, 0x00, 0x51, 0x8c, 0xff, 0xff, 0xde, 0xff, 0xff, 0xff, 0xff, 0xff, 0xff, 0xff, 0xff, 0xff, 0xff, 0xff,
    0xff, 0xff, 0xff, 0xff, 0xff, 0xff, 0xff, 0xff, 0xae, 0x73, 0xe3, 0x18, 0x00, 0x00, 0x00, 0x00, 0x8d, 0x73, 0xff, 0xff, 0xbe, 0xf7, 0xff, 0xff, 0x2d, 0x63, 0xe2, 0x59, 0x09, 0xfe, 0x68, 0xf5, 0x88, 0xfd, 0x88, 0xfd, 0xa8, 0xfd, 0x88, 0xfd,
    0x88, 0xfd, 0xa8, 0xfd, 0xa9, 0xfd, 0x88, 0xfd, 0x88, 0xfd, 0x88, 0xfd, 0xca, 0xfd, 0xe1, 0x28, 0x34, 0xa5, 0xff, 0xff, 0xde, 0xff, 0xff, 0xff, 0xcf, 0x7b, 0x65, 0x29, 0x00, 0x00, 0x00, 0x00, 0x48, 0x4a, 0xdf, 0xff, 0xff, 0xff, 0xff, 0xff,
    0xff, 0xff, 0xff, 0xff, 0xff, 0xff, 0xff, 0xff, 0xff, 0xff, 0xff, 0xff, 0xfe, 0xff, 0xff, 0xff, 0xe8, 0x39, 0xc0, 0x28, 0xea, 0xfd, 0x88, 0xfd, 0x88, 0xfd, 0xa8, 0xfd, 0xa8, 0xfd, 0xa8, 0xfd, 0xa8, 0xfd, 0xa9, 0xfd, 0xa9, 0xfd, 0xa9, 0xfd,
    0xa9, 0xfd, 0xa9, 0xfd, 0xa8, 0xfd, 0xc8, 0xfd, 0xcb, 0xf5, 0x03, 0x29, 0x00, 0x00, 0x6d, 0x6b, 0xff, 0xff, 0xde, 0xff, 0xff, 0xff, 0xff, 0xff, 0xfe, 0xff, 0xfe, 0xff, 0xff, 0xff, 0xfe, 0xff, 0xff, 0xff, 0xff, 0xff, 0xff, 0xff, 0xdf, 0xff,
    0xff, 0xff, 0xff, 0xff, 0xff, 0xff, 0xff, 0xff, 0xff, 0xff, 0xff, 0xff, 0xff, 0xff, 0xff, 0xff, 0xff, 0xff, 0xff, 0xff, 0xff, 0xff, 0xff, 0xff, 0xff, 0xff, 0x85, 0x31, 0x00, 0x00, 0x67, 0x7b, 0x6d, 0xff, 0x4b, 0xfe, 0xa9, 0xfd, 0xa8, 0xfd,
    0xc8, 0xfd, 0xc8, 0xfd, 0xc9, 0xfd, 0xa8, 0xfd, 0xa8, 0xfd, 0xa8, 0xfd, 0xa8, 0xfd, 0xa9, 0xfd, 0x88, 0xfd, 0x09, 0xfe, 0x86, 0x9b, 0x00, 0x00, 0xb9, 0xd6, 0xff, 0xff, 0xff, 0xff, 0xff, 0xff, 0xff, 0xff, 0xff, 0xff, 0xff, 0xff, 0xff, 0xff,
    0xff, 0xff, 0xfe, 0xff, 0xff, 0xff, 0xba, 0xd6, 0x20, 0x08, 0xf7, 0xbd, 0x44, 0x29, 0x00, 0x00, 0x00, 0x00, 0xda, 0xde, 0xff, 0xff, 0xff, 0xff, 0xf3, 0x9c, 0x01, 0x31, 0xc9, 0xfd, 0x68, 0xfd, 0x88, 0xfd, 0x88, 0xfd, 0x88, 0xfd, 0x88, 0xfd,
    0xa8, 0xfd, 0xa8, 0xfd, 0x88, 0xfd, 0x88, 0xfd, 0x68, 0xfd, 0x88, 0xfd, 0x29, 0xed, 0xa1, 0x18, 0xba, 0xd6, 0xff, 0xff, 0xff, 0xff, 0xfb, 0xde, 0x65, 0x31, 0xb6, 0xb5, 0x61, 0x08, 0x20, 0x00, 0x00, 0x00, 0xd6, 0xbd, 0xff, 0xff, 0xde, 0xff,
    0xff, 0xff, 0xff, 0xff, 0xff, 0xff, 0xff, 0xff, 0xff, 0xff, 0xff, 0xff, 0xde, 0xff, 0xff, 0xff, 0x0f, 0x84, 0x00, 0x00, 0x69, 0xed, 0xa8, 0xfd, 0x88, 0xfd, 0x88, 0xfd, 0xa8, 0xfd, 0xa9, 0xfd, 0xc9, 0xfd, 0xe9, 0xfd, 0xe9, 0xfd, 0xc9, 0xfd,
    0x89, 0xfd, 0x69, 0xf5, 0x48, 0xf5, 0x27, 0xf5, 0xca, 0xfd, 0x47, 0x8b, 0x00, 0x00, 0xc2, 0x18, 0x7d, 0xef, 0xff, 0xff, 0xfe, 0xff, 0xff, 0xff, 0xff, 0xff, 0xfe, 0xff, 0xff, 0xff, 0xff, 0xff, 0xff, 0xff, 0xff, 0xff, 0xff, 0xff, 0xdf, 0xff,
    0xff, 0xff, 0xff, 0xff, 0xff, 0xff, 0xff, 0xff, 0xfe, 0xff, 0xff, 0xff, 0xff, 0xff, 0xff, 0xff, 0xff, 0xff, 0xff, 0xff, 0xde, 0xff, 0xff, 0xff, 0xb6, 0xb5, 0x00, 0x00, 0x40, 0x08, 0xec, 0xdd, 0x0c, 0xff, 0xca, 0xfd, 0x88, 0xfd, 0x88, 0xfd,
    0x88, 0xfd, 0x88, 0xfd, 0xa8, 0xfd, 0xa8, 0xfd, 0xa8, 0xfd, 0xa9, 0xfd, 0xa9, 0xfd, 0xa8, 0xfd, 0x88, 0xfd, 0x2a, 0xfe, 0x64, 0x6a, 0x82, 0x08, 0xbe, 0xff, 0xff, 0xff, 0xff, 0xff, 0xff, 0xff, 0xff, 0xff, 0xff, 0xff, 0xff, 0xff, 0xff, 0xff,
    0xff, 0xff, 0xde, 0xff, 0xff, 0xff, 0xb6, 0xb5, 0x00, 0x00, 0x61, 0x08, 0x00, 0x00, 0x20, 0x00, 0x00, 0x00, 0x17, 0xc6, 0xff, 0xff, 0xff, 0xff, 0xd7, 0xb5, 0xe1, 0x28, 0xa9, 0xfd, 0x68, 0xfd, 0x67, 0xfd, 0x88, 0xfd, 0x0b, 0xfe, 0x8f, 0xf6,
    0xd2, 0xf6, 0xd2, 0xf6, 0x70, 0xf6, 0xcb, 0xf5, 0x47, 0xfd, 0x88, 0xfd, 0xe8, 0xe4, 0xc2, 0x20, 0x3c, 0xe7, 0xff, 0xff, 0xff, 0xff, 0x9a, 0xd6, 0x00, 0x00, 0x00, 0x00, 0x00, 0x00, 0x20, 0x00, 0x00, 0x00, 0xf3, 0x9c, 0xff, 0xff, 0xde, 0xff,
    0xff, 0xff, 0xff, 0xff, 0xff, 0xff, 0xff, 0xff, 0xff, 0xff, 0xff, 0xff, 0xde, 0xff, 0xff, 0xff, 0xf3, 0x9c, 0x00, 0x00, 0xe8, 0xd4, 0xc8, 0xfd, 0xa8, 0xfd, 0xc8, 0xfd, 0xa8, 0xfd, 0x88, 0xfd, 0x07, 0xf5, 0x86, 0xf4, 0x26, 0xf4, 0xc5, 0xf3,
    0x85, 0xeb, 0x85, 0xf3, 0x84, 0xeb, 0xa5, 0xeb, 0xa4, 0xf3, 0x65, 0xdb, 0x61, 0x18, 0x00, 0x00, 0xb2, 0x94, 0xff, 0xff, 0xde, 0xff, 0xff, 0xff, 0xff, 0xff, 0xff, 0xff, 0xff, 0xff, 0xff, 0xff, 0xff, 0xff, 0xff, 0xff, 0xff, 0xff, 0xdf, 0xff,
    0xff, 0xff, 0xff, 0xff, 0xff, 0xff, 0xff, 0xff, 0xff, 0xff, 0xff, 0xff, 0xff, 0xff, 0xff, 0xff, 0xff, 0xff, 0xff, 0xff, 0xfe, 0xff, 0xff, 0xff, 0xca, 0x5a, 0x00, 0x00, 0x66, 0x52, 0x6f, 0xff, 0xac, 0xfe, 0xe9, 0xfd, 0xc9, 0xfd, 0xa8, 0xfd,
    0xa8, 0xfd, 0xc8, 0xfd, 0xc9, 0xfd, 0xa8, 0xfd, 0xa8, 0xfd, 0xa9, 0xfd, 0xa9, 0xfd, 0xa9, 0xfd, 0x88, 0xfd, 0x0a, 0xfe, 0xe3, 0x59, 0x05, 0x21, 0xff, 0xff, 0xff, 0xff, 0xff, 0xff, 0xff, 0xff, 0xff, 0xff, 0xff, 0xff, 0xff, 0xff, 0xff, 0xff,
    0xff, 0xff, 0xff, 0xff, 0xff, 0xff, 0x1c, 0xe7, 0x20, 0x00, 0x00, 0x00, 0x20, 0x08, 0x00, 0x00, 0xa2, 0x18, 0x7d, 0xf7, 0xff, 0xff, 0xff, 0xff, 0xd7, 0xb5, 0x01, 0x31, 0xa9, 0xfd, 0x47, 0xfd, 0x2c, 0xfe, 0x13, 0xff, 0xf8, 0xff, 0xfa, 0xff,
    0xfb, 0xff, 0xfc, 0xff, 0xfc, 0xff, 0xf9, 0xff, 0xd2, 0xf6, 0xa9, 0xfd, 0xe7, 0xe4, 0xe2, 0x20, 0x3c, 0xe7, 0xff, 0xff, 0xff, 0xff, 0xde, 0xff, 0x45, 0x29, 0x00, 0x00, 0x20, 0x00, 0x00, 0x00, 0x20, 0x00, 0xdb, 0xde, 0xff, 0xff, 0xfe, 0xff,
    0xff, 0xff, 0xff, 0xff, 0xff, 0xff, 0xff, 0xff, 0xff, 0xff, 0xff, 0xff, 0xde, 0xff, 0xff, 0xff, 0x13, 0xa5, 0x00, 0x00, 0xe8, 0xd4, 0xe9, 0xfd, 0x88, 0xfd, 0xa7, 0xf4, 0x05, 0xf4, 0x84, 0xf3, 0x44, 0xf3, 0x03, 0xf3, 0x03, 0xf3, 0x03, 0xf3,
    0x24, 0xf3, 0x24, 0xf3, 0x44, 0xf3, 0x64, 0xf3, 0x24, 0xeb, 0x85, 0xfb, 0x83, 0x61, 0x00, 0x00, 0xe7, 0x41, 0xff, 0xff, 0xff, 0xff, 0xff, 0xff, 0xfe, 0xff, 0xde, 0xff, 0xde, 0xff, 0xde, 0xff, 0xde, 0xff, 0xff, 0xff, 0xff, 0xff, 0xff, 0xff,
    0xff, 0xff, 0xff, 0xff, 0xff, 0xff, 0xde, 0xff, 0xde, 0xff, 0xde, 0xff, 0xde, 0xff, 0xff, 0xff, 0xff, 0xff, 0xff, 0xff, 0xff, 0xff, 0x1c, 0xe7, 0x61, 0x08, 0x00, 0x00, 0x66, 0xab, 0x28, 0xfd, 0xc8, 0xec, 0x46, 0xec, 0x66, 0xf4, 0x66, 0xf4,
    0xc7, 0xf4, 0x07, 0xf5, 0x48, 0xf5, 0x88, 0xf5, 0xa9, 0xfd, 0xc9, 0xfd, 0xc9, 0xfd, 0xa8, 0xfd, 0x88, 0xfd, 0x2a, 0xfe, 0x03, 0x5a, 0x04, 0x19, 0xff, 0xff, 0xff, 0xff, 0xff, 0xff, 0xff, 0xff, 0xff, 0xff, 0xff, 0xff, 0xff, 0xff, 0xff, 0xff,
    0xff, 0xff, 0xff, 0xff, 0xde, 0xff, 0xff, 0xff, 0xf3, 0x9c, 0x61, 0x08, 0x00, 0x00, 0xa2, 0x10, 0x96, 0xb5, 0xff, 0xff, 0xbe, 0xf7, 0xff, 0xff, 0x14, 0x9d, 0x81, 0x49, 0xc8, 0xfd, 0x6f, 0xf6, 0xf9, 0xff, 0xfa, 0xff, 0x14, 0xbe, 0xd1, 0x94,
    0x2f, 0x84, 0x2f, 0x84, 0x12, 0x9d, 0xd8, 0xd6, 0xfd, 0xff, 0x77, 0xff, 0x0d, 0xf6, 0xe1, 0x28, 0x79, 0xce, 0xff, 0xff, 0xde, 0xff, 0xff, 0xff, 0x79, 0xce, 0xa6, 0x31, 0x20, 0x00, 0xc3, 0x18, 0x34, 0xa5, 0xff, 0xff, 0xde, 0xff, 0xff, 0xff,
    0xff, 0xff, 0xff, 0xff, 0xff, 0xff, 0xff, 0xff, 0xff, 0xff, 0xff, 0xff, 0xde, 0xff, 0xff, 0xff, 0x71, 0x8c, 0x00, 0x00, 0x29, 0xe5, 0x48, 0xfd, 0xc5, 0xf3, 0x44, 0xf3, 0x44, 0xf3, 0x23, 0xf3, 0x44, 0xf3, 0x24, 0xf3, 0x23, 0xf3, 0x24, 0xf3,
    0x44, 0xf3, 0x44, 0xf3, 0x44, 0xf3, 0x44, 0xf3, 0x44, 0xf3, 0x64, 0xfb, 0x85, 0xba, 0x00, 0x00, 0x20, 0x00, 0x99, 0xd6, 0xff, 0xff, 0xff, 0xff, 0xff, 0xff, 0xff, 0xff, 0xff, 0xff, 0xff, 0xff, 0xff, 0xff, 0xff, 0xff, 0xff, 0xff, 0xff, 0xff,
    0xff, 0xff, 0xff, 0xff, 0xff, 0xff, 0xff, 0xff, 0xff, 0xff, 0xff, 0xff, 0xff, 0xff, 0xff, 0xff, 0xff, 0xff, 0xbe, 0xf7, 0xdf, 0xff, 0x92, 0x94, 0x00, 0x00, 0x81, 0x18, 0x43, 0xeb, 0x84, 0xfb, 0x64, 0xeb, 0x23, 0xf3, 0x23, 0xf3, 0x23, 0xf3,
    0x64, 0xeb, 0x44, 0xeb, 0x84, 0xeb, 0xa5, 0xeb, 0x05, 0xec, 0xc7, 0xf4, 0x48, 0xfd, 0xc9, 0xfd, 0x88, 0xfd, 0x09, 0xfe, 0xa4, 0x7a, 0x62, 0x08, 0xbe, 0xf7, 0xff, 0xff, 0xff, 0xff, 0xff, 0xff, 0xff, 0xff, 0xff, 0xff, 0xff, 0xff, 0xff, 0xff,
    0xff, 0xff, 0xff, 0xff, 0xff, 0xff, 0xff, 0xff, 0xff, 0xff, 0x1b, 0xe7, 0xd7, 0xbd, 0x5c, 0xef, 0xff, 0xff, 0xff, 0xff, 0xde, 0xff, 0xff, 0xff, 0x4d, 0x63, 0xe5, 0x72, 0x95, 0xff, 0xd9, 0xff, 0x79, 0xef, 0x68, 0x52, 0x03, 0x49, 0x43, 0x71,
    0x83, 0x89, 0xa3, 0x89, 0x63, 0x71, 0x02, 0x39, 0xb0, 0x9c, 0xfc, 0xff, 0xfb, 0xff, 0xc5, 0x41, 0x91, 0x8c, 0xff, 0xff, 0xde, 0xff, 0xff, 0xff, 0xff, 0xff, 0xff, 0xff, 0xba, 0xd6, 0x7d, 0xef, 0xff, 0xff, 0xfe, 0xff, 0xff, 0xff, 0xff, 0xff,
    0xff, 0xff, 0xff, 0xff, 0xff, 0xff, 0xff, 0xff, 0xff, 0xff, 0xff, 0xff, 0xde, 0xff, 0xff, 0xff, 0x0c, 0x63, 0x40, 0x10, 0xc9, 0xfd, 0x46, 0xf4, 0xe3, 0xf2, 0x44, 0xfb, 0x44, 0xf3, 0x44, 0xf3, 0x44, 0xf3, 0x44, 0xf3, 0x44, 0xf3, 0x44, 0xf3,
    0x44, 0xf3, 0x44, 0xf3, 0x44, 0xf3, 0x44, 0xf3, 0x44, 0xf3, 0x24, 0xf3, 0x25, 0xeb, 0xa1, 0x20, 0x00, 0x00, 0x51, 0x8c, 0xff, 0xff, 0xbe, 0xf7, 0xdb, 0xde, 0xb6, 0xb5, 0x92, 0x94, 0x6d, 0x6b, 0xcf, 0x7b, 0x3c, 0xe7, 0xff, 0xff, 0xdf, 0xff,
    0xff, 0xff, 0xff, 0xff, 0xbe, 0xf7, 0x96, 0xb5, 0x75, 0xad, 0xf7, 0xbd, 0x99, 0xd6, 0x5d, 0xef, 0xff, 0xff, 0xff, 0xff, 0xff, 0xff, 0x28, 0x4a, 0x00, 0x00, 0x82, 0x61, 0xa4, 0xfb, 0xa4, 0xeb, 0x64, 0xf3, 0x44, 0xf3, 0x44, 0xf3, 0x43, 0xf3,
    0x43, 0xf3, 0x64, 0xf3, 0x44, 0xf3, 0x23, 0xf3, 0x43, 0xf3, 0x84, 0xf3, 0xa5, 0xf3, 0x87, 0xf4, 0x88, 0xfd, 0xe9, 0xfd, 0xe7, 0xab, 0x00, 0x00, 0x99, 0xd6, 0xff, 0xff, 0xde, 0xff, 0xff, 0xff, 0xff, 0xff, 0xff, 0xff, 0xff, 0xff, 0xff, 0xff,
    0xff, 0xff, 0xff, 0xff, 0xff, 0xff, 0xff, 0xff, 0xde, 0xff, 0xff, 0xff, 0xff, 0xff, 0xff, 0xff, 0xde, 0xff, 0xff, 0xff, 0xff, 0xff, 0xdf, 0xff, 0x65, 0x29, 0x13, 0xce, 0xfb, 0xff, 0xfc, 0xff, 0x6f, 0x8c, 0xc1, 0x48, 0x0a, 0xfc, 0x67, 0xfb,
    0x67, 0xfb, 0x47, 0xfb, 0xe9, 0xfb, 0x04, 0xa2, 0x85, 0x29, 0xfc, 0xff, 0xfd, 0xff, 0xb0, 0x94, 0xc7, 0x39, 0xff, 0xff, 0xff, 0xff, 0xff, 0xff, 0xff, 0xff, 0xff, 0xff, 0xff, 0xff, 0xff, 0xff, 0xde, 0xff, 0xff, 0xff, 0xff, 0xff, 0xff, 0xff,
    0xff, 0xff, 0xff, 0xff, 0xff, 0xff, 0xff, 0xff, 0xff, 0xff, 0xff, 0xff, 0xff, 0xff, 0xff, 0xff, 0xc3, 0x18, 0xc2, 0x51, 0x09, 0xfe, 0x47, 0xf5, 0x66, 0xf4, 0x84, 0xf3, 0x44, 0xf3, 0x44, 0xf3, 0x23, 0xfb, 0x43, 0xf3, 0x44, 0xf3, 0x64, 0xf3,
    0x64, 0xf3, 0x44, 0xf3, 0x44, 0xf3, 0x64, 0xfb, 0x84, 0xfb, 0xa5, 0xfb, 0xa6, 0xfb, 0x22, 0x49, 0x00, 0x00, 0x44, 0x29, 0x48, 0x4a, 0xc3, 0x18, 0x61, 0x08, 0xc3, 0x18, 0x85, 0x31, 0xeb, 0x62, 0x91, 0x94, 0x5d, 0xef, 0xff, 0xff, 0xdf, 0xff,
    0xff, 0xff, 0xff, 0xff, 0x1c, 0xe7, 0x0b, 0x63, 0x65, 0x29, 0x24, 0x21, 0xc2, 0x18, 0x81, 0x10, 0xe3, 0x18, 0xe7, 0x39, 0x6d, 0x6b, 0x61, 0x08, 0x00, 0x00, 0x84, 0xaa, 0xe5, 0xfb, 0xe5, 0xfb, 0x84, 0xfb, 0x44, 0xfb, 0x24, 0xf3, 0x23, 0xf3,
    0x43, 0xf3, 0x64, 0xf3, 0x64, 0xf3, 0x43, 0xf3, 0x43, 0xf3, 0x43, 0xf3, 0x23, 0xf3, 0x23, 0xf3, 0xc7, 0xf4, 0xc8, 0xfd, 0x49, 0xed, 0x00, 0x00, 0x10, 0x84, 0xff, 0xff, 0xde, 0xff, 0xff, 0xff, 0xff, 0xff, 0xff, 0xff, 0xff, 0xff, 0xff, 0xff,
    0xff, 0xff, 0xff, 0xff, 0xff, 0xff, 0xff, 0xff, 0xff, 0xff, 0xde, 0xff, 0xde, 0xff, 0xde, 0xff, 0xff, 0xff, 0xde, 0xff, 0xff, 0xff, 0x34, 0xa5, 0xc6, 0x39, 0xfc, 0xff, 0xba, 0xff, 0xfb, 0xff, 0x77, 0xce, 0xa2, 0x18, 0xe4, 0x99, 0x89, 0xfb,
    0x27, 0xfb, 0x68, 0xfb, 0x65, 0xba, 0x61, 0x18, 0xf5, 0xbd, 0xfc, 0xff, 0xda, 0xff, 0x9a, 0xf7, 0xe3, 0x18, 0x38, 0xce, 0xff, 0xff, 0xde, 0xff, 0xff, 0xff, 0xff, 0xff, 0xfe, 0xff, 0xff, 0xff, 0xff, 0xff, 0xff, 0xff, 0xff, 0xff, 0xff, 0xff,
    0xff, 0xff, 0xff, 0xff, 0xff, 0xff, 0xff, 0xff, 0xff, 0xff, 0xde, 0xff, 0xff, 0xff, 0xd6, 0xbd, 0x00, 0x00, 0x27, 0xb4, 0x09, 0xfe, 0xa8, 0xfd, 0xa8, 0xfd, 0x27, 0xfd, 0xc7, 0xfc, 0x66, 0xf4, 0x25, 0xf4, 0xa4, 0xf3, 0x64, 0xf3, 0x43, 0xf3,
    0xa4, 0xfb, 0xc5, 0xfb, 0xc5, 0xfb, 0x45, 0xeb, 0x43, 0xaa, 0x42, 0x59, 0xa1, 0x28, 0x41, 0x10, 0x00, 0x00, 0x00, 0x00, 0xeb, 0x62, 0x54, 0xad, 0xba, 0xd6, 0xbe, 0xf7, 0xff, 0xff, 0xff, 0xff, 0xff, 0xff, 0xff, 0xff, 0xfe, 0xff, 0xff, 0xff,
    0xff, 0xff, 0xff, 0xff, 0xff, 0xff, 0xff, 0xff, 0xff, 0xff, 0xff, 0xff, 0x5c, 0xef, 0x58, 0xce, 0x34, 0xa5, 0x6d, 0x6b, 0x03, 0x21, 0x00, 0x00, 0x00, 0x00, 0x61, 0x18, 0x02, 0x39, 0xc3, 0x71, 0x84, 0xb2, 0x24, 0xeb, 0x84, 0xfb, 0x84, 0xfb,
    0x43, 0xfb, 0x23, 0xf3, 0x23, 0xf3, 0x23, 0xf3, 0x23, 0xf3, 0x23, 0xf3, 0x84, 0xf3, 0x25, 0xf4, 0x48, 0xf5, 0xa8, 0xfd, 0x2a, 0xfe, 0x24, 0x5a, 0xa3, 0x10, 0xbe, 0xf7, 0xff, 0xff, 0xfe, 0xff, 0xff, 0xff, 0xff, 0xff, 0xff, 0xff, 0xff, 0xff,
    0xff, 0xff, 0xff, 0xff, 0xff, 0xff, 0xff, 0xff, 0xff, 0xff, 0xff, 0xff, 0xff, 0xff, 0xff, 0xff, 0xfe, 0xff, 0xff, 0xff, 0xff, 0xff, 0x44, 0x29, 0x93, 0xb5, 0xfc, 0xff, 0xda, 0xff, 0xda, 0xff, 0xfc, 0xff, 0x77, 0xce, 0xc7, 0x31, 0x03, 0x51,
    0xa7, 0xc2, 0xa3, 0x81, 0x24, 0x29, 0x16, 0xbe, 0xfc, 0xff, 0xda, 0xff, 0xba, 0xff, 0xfd, 0xff, 0x6f, 0x94, 0x65, 0x29, 0xff, 0xff, 0xdf, 0xff, 0xff, 0xff, 0xff, 0xff, 0xff, 0xff, 0xff, 0xff, 0xff, 0xff, 0xff, 0xff, 0xff, 0xff, 0xff, 0xff,
    0xff, 0xff, 0xff, 0xff, 0xff, 0xff, 0xff, 0xff, 0xfe, 0xff, 0xdf, 0xff, 0xff, 0xff, 0x86, 0x31, 0xa1, 0x28, 0x68, 0xfc, 0x68, 0xf4, 0x88, 0xf4, 0x28, 0xfd, 0xa8, 0xfd, 0xa8, 0xfd, 0x88, 0xfd, 0x68, 0xf5, 0x68, 0xf5, 0x68, 0xfd, 0x48, 0xfd,
    0x47, 0xe4, 0xc4, 0x9a, 0x22, 0x49, 0x61, 0x18, 0xa1, 0x20, 0x42, 0x51, 0x84, 0xaa, 0xa5, 0xaa, 0x00, 0x00, 0x00, 0x00, 0xda, 0xde, 0xff, 0xff, 0xff, 0xff, 0xff, 0xff, 0xfe, 0xff, 0xde, 0xff, 0xde, 0xff, 0xff, 0xff, 0xff, 0xff, 0xff, 0xff,
    0xff, 0xff, 0xff, 0xff, 0xff, 0xff, 0xde, 0xff, 0xff, 0xff, 0xff, 0xff, 0xff, 0xff, 0xff, 0xff, 0xff, 0xff, 0xff, 0xff, 0x10, 0x84, 0x00, 0x00, 0xc1, 0x30, 0xc4, 0xba, 0xc3, 0x79, 0x02, 0x41, 0x61, 0x18, 0x41, 0x18, 0xe1, 0x40, 0x03, 0x92,
    0x24, 0xdb, 0xc5, 0xfb, 0xa4, 0xfb, 0x64, 0xf3, 0xc5, 0xf3, 0x46, 0xf4, 0x48, 0xfd, 0xca, 0xfd, 0x89, 0xfd, 0x09, 0xf5, 0x29, 0xfd, 0x69, 0xd4, 0x00, 0x00, 0x8d, 0x73, 0xff, 0xff, 0xde, 0xff, 0xff, 0xff, 0xff, 0xff, 0xff, 0xff, 0xff, 0xff,
    0xff, 0xff, 0xff, 0xff, 0xff, 0xff, 0xff, 0xff, 0xff, 0xff, 0xff, 0xff, 0xff, 0xff, 0xde, 0xff, 0xff, 0xff, 0xff, 0xff, 0xaa, 0x52, 0xc9, 0x5a, 0xfd, 0xff, 0xda, 0xff, 0xda, 0xff, 0xda, 0xff, 0xda, 0xff, 0xfc, 0xff, 0xfc, 0xff, 0xd1, 0x94,
    0xa2, 0x10, 0x4c, 0x63, 0x5a, 0xef, 0xfc, 0xff, 0xba, 0xff, 0xda, 0xff, 0xda, 0xff, 0xda, 0xff, 0xfd, 0xff, 0x07, 0x42, 0xeb, 0x5a, 0xff, 0xff, 0xff, 0xff, 0xde, 0xff, 0xff, 0xff, 0xff, 0xff, 0xff, 0xff, 0xff, 0xff, 0xff, 0xff, 0xff, 0xff,
    0xff, 0xff, 0xff, 0xff, 0xff, 0xff, 0xde, 0xff, 0xff, 0xff, 0xff, 0xff, 0x8d, 0x73, 0x00, 0x00, 0x86, 0xca, 0xc6, 0xfa, 0xa6, 0xf2, 0xc6, 0xf2, 0x07, 0xf3, 0x08, 0xf4, 0x09, 0xfd, 0x88, 0xfd, 0x68, 0xfd, 0x88, 0xfd, 0x87, 0xcc, 0x04, 0x5a,
    0xa1, 0x18, 0xc1, 0x30, 0xa2, 0x71, 0xa4, 0xc2, 0x64, 0xfb, 0x85, 0xfb, 0x84, 0xfb, 0x45, 0xeb, 0x81, 0x18, 0x00, 0x00, 0x50, 0x8c, 0xff, 0xff, 0xbe, 0xff, 0xff, 0xff, 0xff, 0xff, 0xff, 0xff, 0xff, 0xff, 0xff, 0xff, 0xff, 0xff, 0xdf, 0xff,
    0xff, 0xff, 0xff, 0xff, 0xff, 0xff, 0xff, 0xff, 0xff, 0xff, 0xff, 0xff, 0xff, 0xff, 0xde, 0xff, 0xde, 0xff, 0xff, 0xff, 0xc7, 0x39, 0x00, 0x00, 0x62, 0x61, 0xc5, 0xfb, 0xa5, 0xfb, 0xa5, 0xfb, 0x64, 0xf3, 0xc4, 0xc2, 0xc3, 0x71, 0xc1, 0x28,
    0x41, 0x10, 0x02, 0x39, 0xe5, 0xa2, 0x29, 0xf5, 0x89, 0xfd, 0x0a, 0xfe, 0x8a, 0xfd, 0xe8, 0xf3, 0x47, 0xf3, 0x07, 0xf3, 0xe7, 0xea, 0x47, 0xfb, 0xe5, 0x91, 0x00, 0x00, 0x92, 0x94, 0xff, 0xff, 0xff, 0xff, 0xde, 0xff, 0xff, 0xff, 0xff, 0xff,
    0xff, 0xff, 0xff, 0xff, 0xff, 0xff, 0xff, 0xff, 0xff, 0xff, 0xde, 0xff, 0xde, 0xff, 0xff, 0xff, 0xff, 0xff, 0x2c, 0x63, 0x23, 0x29, 0xbb, 0xf7, 0xdb, 0xff, 0xdb, 0xff, 0xdb, 0xff, 0xda, 0xff, 0xba, 0xff, 0xda, 0xff, 0xfc, 0xff, 0xff, 0xff,
    0x07, 0x42, 0x39, 0xef, 0xff, 0xff, 0xfb, 0xff, 0xda, 0xff, 0xba, 0xff, 0xda, 0xff, 0xdb, 0xff, 0xfb, 0xff, 0x7b, 0xef, 0xe3, 0x20, 0xeb, 0x62, 0xff, 0xff, 0xff, 0xff, 0xfe, 0xff, 0xde, 0xff, 0xfe, 0xff, 0xff, 0xff, 0xff, 0xff, 0xde, 0xff,
    0xde, 0xff, 0xde, 0xff, 0xde, 0xff, 0xff, 0xff, 0xff, 0xff, 0xae, 0x73, 0x00, 0x00, 0xe5, 0x99, 0xc6, 0xf2, 0x66, 0xd2, 0xc6, 0xfa, 0xa6, 0xf2, 0xa6, 0xf2, 0xa6, 0xf2, 0x07, 0xf3, 0xe8, 0xf3, 0x48, 0xf5, 0x88, 0xfd, 0x06, 0x8b, 0x06, 0x83,
    0xc8, 0xd4, 0x68, 0xfd, 0x07, 0xfd, 0x26, 0xfc, 0x84, 0xf3, 0x44, 0xeb, 0x24, 0xeb, 0x44, 0xfb, 0xe1, 0x38, 0x00, 0x00, 0xeb, 0x62, 0xff, 0xff, 0xde, 0xff, 0xff, 0xff, 0xff, 0xff, 0xff, 0xff, 0xff, 0xff, 0xff, 0xff, 0xff, 0xff, 0xdf, 0xff,
    0xff, 0xff, 0xff, 0xff, 0xff, 0xff, 0xff, 0xff, 0xff, 0xff, 0xff, 0xff, 0xff, 0xff, 0xfe, 0xff, 0xff, 0xff, 0x9d, 0xef, 0xc2, 0x18, 0x00, 0x00, 0xe3, 0x89, 0xe5, 0xfb, 0x85, 0xeb, 0x23, 0xf3, 0x43, 0xfb, 0x83, 0xfb, 0x05, 0xfc, 0x67, 0xfc,
    0x87, 0xd4, 0x46, 0x83, 0x06, 0x7b, 0xaa, 0xfd, 0xca, 0xfd, 0x69, 0xf4, 0x07, 0xf3, 0xe7, 0xf2, 0xc7, 0xf2, 0xc7, 0xf2, 0xc7, 0xf2, 0x05, 0xaa, 0x28, 0xfb, 0xa4, 0x79, 0x00, 0x00, 0xae, 0x7b, 0xde, 0xff, 0xff, 0xff, 0xff, 0xff, 0xff, 0xff,
    0xde, 0xff, 0xde, 0xff, 0xde, 0xff, 0xde, 0xff, 0xff, 0xff, 0xff, 0xff, 0xff, 0xff, 0xdb, 0xde, 0xe8, 0x39, 0x23, 0x29, 0x59, 0xef, 0xfc, 0xff, 0xda, 0xff, 0xfb, 0xff, 0xda, 0xff, 0xfb, 0xff, 0xfd, 0xff, 0xfc, 0xff, 0x36, 0xce, 0xd1, 0x9c,
    0x81, 0x10, 0x2b, 0x6b, 0x53, 0xad, 0xd8, 0xde, 0xfd, 0xff, 0xfd, 0xff, 0xdb, 0xff, 0xdb, 0xff, 0xda, 0xff, 0xfc, 0xff, 0x3a, 0xef, 0x85, 0x31, 0x65, 0x29, 0x18, 0xc6, 0xff, 0xff, 0xff, 0xff, 0xff, 0xff, 0xff, 0xff, 0xff, 0xff, 0xff, 0xff,
    0xff, 0xff, 0xff, 0xff, 0xff, 0xff, 0x79, 0xd6, 0x28, 0x42, 0x00, 0x00, 0x26, 0xa2, 0xe7, 0xf2, 0x63, 0x69, 0xc7, 0xe2, 0xc6, 0xfa, 0xa6, 0xf2, 0xa6, 0xf2, 0xa6, 0xf2, 0xa6, 0xf2, 0xe7, 0xf2, 0x08, 0xf4, 0x68, 0xfd, 0xc9, 0xfd, 0x09, 0xfe,
    0xc8, 0xfd, 0x88, 0xfd, 0x88, 0xf5, 0x88, 0xf5, 0x68, 0xf5, 0x28, 0xf5, 0xc7, 0xf4, 0xa7, 0xfc, 0xa3, 0x59, 0x00, 0x00, 0x28, 0x42, 0xff, 0xff, 0xfe, 0xff, 0xff, 0xff, 0xff, 0xff, 0xff, 0xff, 0xff, 0xff, 0xff, 0xff, 0xff, 0xff, 0xff, 0xff,
    0xff, 0xff, 0xff, 0xff, 0xff, 0xff, 0xff, 0xff, 0xff, 0xff, 0xff, 0xff, 0xff, 0xff, 0xff, 0xff, 0xff, 0xff, 0xdb, 0xde, 0x40, 0x08, 0x00, 0x00, 0x63, 0xaa, 0xe4, 0xfb, 0x84, 0xeb, 0xc4, 0xf3, 0x65, 0xf4, 0xe7, 0xf4, 0x28, 0xf5, 0xa9, 0xfd,
    0xe9, 0xfd, 0x2a, 0xfe, 0x2a, 0xfe, 0xca, 0xfd, 0x08, 0xf4, 0x86, 0xf2, 0x07, 0xf3, 0x07, 0xf3, 0xc7, 0xf2, 0xc7, 0xf2, 0xc6, 0xfa, 0x05, 0xaa, 0x64, 0x69, 0x69, 0xfb, 0x46, 0xa2, 0x00, 0x00, 0x04, 0x19, 0x92, 0x94, 0x1b, 0xe7, 0xff, 0xff,
    0xff, 0xff, 0xff, 0xff, 0xff, 0xff, 0xff, 0xff, 0xde, 0xff, 0x38, 0xc6, 0x0c, 0x5b, 0x20, 0x00, 0x66, 0x5a, 0x99, 0xf7, 0xfc, 0xff, 0xda, 0xff, 0xfb, 0xff, 0xda, 0xff, 0xfc, 0xff, 0x5a, 0xef, 0xee, 0x83, 0xe3, 0x18, 0xe3, 0x18, 0x28, 0x42,
    0x8d, 0x73, 0xcb, 0x5a, 0xa6, 0x39, 0xa2, 0x18, 0x85, 0x31, 0x33, 0xa5, 0xfd, 0xff, 0xfb, 0xff, 0xdb, 0xff, 0xda, 0xff, 0xfb, 0xff, 0xdb, 0xff, 0x8b, 0x73, 0x20, 0x08, 0xc7, 0x39, 0x72, 0x8c, 0x58, 0xce, 0x3c, 0xe7, 0x9d, 0xf7, 0x5d, 0xef,
    0x9a, 0xd6, 0xf3, 0x9c, 0x69, 0x42, 0x00, 0x00, 0x60, 0x30, 0xa7, 0xd2, 0xa7, 0xca, 0xe2, 0x48, 0x66, 0xca, 0xc7, 0xfa, 0xa6, 0xf2, 0xa6, 0xfa, 0xa6, 0xf2, 0xa6, 0xf2, 0xa6, 0xf2, 0xe6, 0xf2, 0x27, 0xf3, 0xa8, 0xf4, 0x88, 0xfd, 0x68, 0xf5,
    0x88, 0xfd, 0x88, 0xfd, 0x68, 0xfd, 0x68, 0xfd, 0x88, 0xfd, 0xa8, 0xfd, 0xa8, 0xfd, 0x2a, 0xfe, 0xa5, 0x72, 0x00, 0x00, 0x85, 0x31, 0xff, 0xff, 0xff, 0xff, 0xff, 0xff, 0xff, 0xff, 0xff, 0xff, 0xff, 0xff, 0xff, 0xff, 0xff, 0xff, 0xff, 0xff,
    0xff, 0xff, 0xff, 0xff, 0xff, 0xff, 0xff, 0xff, 0xff, 0xff, 0xff, 0xff, 0xff, 0xff, 0xde, 0xff, 0xff, 0xff, 0xf7, 0xbd, 0x00, 0x00, 0x00, 0x00, 0x48, 0xbc, 0x0a, 0xfe, 0x68, 0xf5, 0xa8, 0xfd, 0xc9, 0xfd, 0xc9, 0xfd, 0xc9, 0xfd, 0xa9, 0xfd,
    0xa9, 0xfd, 0xa8, 0xfd, 0xc9, 0xfd, 0x48, 0xf4, 0xc6, 0xf2, 0xe6, 0xf2, 0xc6, 0xf2, 0xa6, 0xf2, 0xa7, 0xf2, 0xa6, 0xf2, 0xa6, 0xf2, 0xe7, 0xfa, 0x05, 0x9a, 0x03, 0x49, 0x87, 0xca, 0xe7, 0xe2, 0x22, 0x61, 0x00, 0x00, 0x41, 0x00, 0xa6, 0x29,
    0xcb, 0x52, 0x2d, 0x63, 0xeb, 0x5a, 0x29, 0x42, 0xe4, 0x18, 0x00, 0x00, 0x20, 0x39, 0x8a, 0xb4, 0xd9, 0xff, 0xfb, 0xff, 0xda, 0xff, 0xfb, 0xff, 0xda, 0xff, 0xfd, 0xff, 0xb4, 0xbd, 0xe3, 0x18, 0x82, 0x10, 0xf3, 0x9c, 0xdf, 0xf7, 0xff, 0xff,
    0xff, 0xff, 0xff, 0xff, 0xff, 0xff, 0x5d, 0xe7, 0x30, 0x7c, 0x00, 0x00, 0x48, 0x4a, 0x5a, 0xef, 0xfc, 0xff, 0xda, 0xff, 0xda, 0xff, 0xfb, 0xff, 0xfd, 0xff, 0x53, 0xd6, 0x64, 0x62, 0x80, 0x18, 0x20, 0x00, 0x41, 0x00, 0x82, 0x08, 0x62, 0x08,
    0x00, 0x00, 0x00, 0x08, 0x80, 0x38, 0x05, 0xaa, 0xa7, 0xe2, 0xa4, 0x81, 0xe2, 0x48, 0x86, 0xd2, 0x07, 0xfb, 0x65, 0xea, 0xc3, 0xe1, 0x86, 0xf2, 0xa6, 0xfa, 0xa6, 0xf2, 0xa6, 0xf2, 0xa6, 0xf2, 0xc6, 0xf2, 0x67, 0xf3, 0x49, 0xfd, 0xa9, 0xfd,
    0x88, 0xfd, 0x88, 0xfd, 0x88, 0xfd, 0x88, 0xfd, 0x88, 0xfd, 0x88, 0xfd, 0x88, 0xfd, 0x09, 0xfe, 0xc5, 0x7a, 0x00, 0x00, 0xc2, 0x18, 0x7d, 0xef, 0xff, 0xff, 0xff, 0xff, 0xff, 0xff, 0xff, 0xff, 0xff, 0xff, 0xff, 0xff, 0xff, 0xff, 0xff, 0xff,
    0xff, 0xff, 0xff, 0xff, 0xff, 0xff, 0xff, 0xff, 0xff, 0xff, 0xff, 0xff, 0xff, 0xff, 0xde, 0xff, 0xff, 0xff, 0x34, 0xa5, 0x00, 0x00, 0x41, 0x08, 0x2c, 0xde, 0x4d, 0xff, 0xe9, 0xfd, 0xa8, 0xfd, 0xa8, 0xfd, 0xa8, 0xfd, 0xa9, 0xfd, 0xa9, 0xfd,
    0xa9, 0xfd, 0xe9, 0xfd, 0x28, 0xfd, 0xe6, 0xea, 0xc6, 0xf2, 0xa6, 0xf2, 0xa6, 0xf2, 0xa6, 0xf2, 0xa6, 0xf2, 0xc7, 0xf2, 0x45, 0xea, 0xe4, 0xe1, 0x28, 0xfb, 0x86, 0xca, 0x43, 0x61, 0x84, 0x71, 0x66, 0xc2, 0x87, 0xd2, 0xa4, 0x91, 0xe1, 0x50,
    0xe1, 0x30, 0xc0, 0x20, 0x21, 0x31, 0xc2, 0x51, 0x45, 0x8b, 0xe9, 0xd4, 0xf2, 0xfe, 0xfa, 0xff, 0xfb, 0xff, 0xda, 0xff, 0xdb, 0xff, 0xda, 0xff, 0xfd, 0xff, 0x53, 0xad, 0x00, 0x00, 0xa2, 0x10, 0x3c, 0xdf, 0xff, 0xff, 0xfb, 0xf6, 0xba, 0xee,
    0x79, 0xee, 0x58, 0xee, 0x58, 0xee, 0x99, 0xf6, 0x1c, 0xf7, 0xfb, 0xd6, 0x61, 0x00, 0x65, 0x29, 0x5a, 0xef, 0xfb, 0xff, 0xda, 0xff, 0xdb, 0xff, 0xba, 0xff, 0xfb, 0xff, 0xf9, 0xff, 0x6f, 0xfe, 0xe8, 0xdc, 0x06, 0xb4, 0x85, 0xa3, 0xa6, 0xa3,
    0xa6, 0xba, 0x86, 0xe2, 0xe7, 0xf2, 0x25, 0xb2, 0x84, 0x71, 0x05, 0x9a, 0x25, 0xea, 0x25, 0xf2, 0xe7, 0xfa, 0xe7, 0xfa, 0x65, 0xea, 0x63, 0xd1, 0x65, 0xea, 0xa6, 0xf2, 0xa6, 0xf2, 0xa6, 0xf2, 0xc6, 0xf2, 0xe7, 0xf2, 0x88, 0xf4, 0xa9, 0xf5,
    0x68, 0xf5, 0x88, 0xfd, 0x88, 0xfd, 0x88, 0xfd, 0x88, 0xfd, 0x88, 0xfd, 0x88, 0xfd, 0x0a, 0xfe, 0x66, 0x93, 0x00, 0x00, 0x61, 0x08, 0x1b, 0xe7, 0xff, 0xff, 0xfe, 0xff, 0xff, 0xff, 0xff, 0xff, 0xff, 0xff, 0xff, 0xff, 0xff, 0xff, 0xdf, 0xff,
    0xff, 0xff, 0xff, 0xff, 0xff, 0xff, 0xfe, 0xff, 0xff, 0xff, 0xff, 0xff, 0xff, 0xff, 0xde, 0xff, 0xff, 0xff, 0x91, 0x94, 0x00, 0x00, 0x61, 0x10, 0x4c, 0xe6, 0xec, 0xfe, 0xc9, 0xfd, 0xc8, 0xfd, 0xc9, 0xfd, 0xc9, 0xfd, 0xa9, 0xfd, 0xa8, 0xfd,
    0x88, 0xfd, 0xa8, 0xfd, 0x07, 0xf4, 0xa6, 0xf2, 0xa6, 0xf2, 0x86, 0xf2, 0x86, 0xf2, 0xa6, 0xf2, 0xc7, 0xfa, 0x24, 0xea, 0xa3, 0xd9, 0xa6, 0xf2, 0xc7, 0xf2, 0x07, 0xfb, 0xc6, 0xfa, 0x46, 0xca, 0x05, 0xaa, 0x86, 0xe2, 0x07, 0xfb, 0x27, 0xfb,
    0xe9, 0xfc, 0x0a, 0xfe, 0xe9, 0xfd, 0x09, 0xfe, 0x6c, 0xfe, 0x55, 0xff, 0xdb, 0xff, 0xda, 0xff, 0xda, 0xff, 0xfb, 0xff, 0xda, 0xff, 0xfc, 0xff, 0x57, 0xce, 0x20, 0x00, 0x81, 0x30, 0x26, 0xc2, 0x88, 0xc2, 0x06, 0xd2, 0xc4, 0xd9, 0xc4, 0xe1,
    0xa4, 0xe1, 0xa4, 0xd9, 0xa4, 0xd9, 0xa4, 0xe1, 0x84, 0xc9, 0x91, 0xbc, 0x47, 0x9a, 0x00, 0x10, 0xe6, 0x39, 0xdc, 0xff, 0xdb, 0xff, 0xdb, 0xff, 0xdb, 0xff, 0xba, 0xff, 0xda, 0xff, 0xda, 0xff, 0x55, 0xff, 0x8d, 0xfe, 0x08, 0xfe, 0x88, 0xfd,
    0x27, 0xfb, 0xa6, 0xfa, 0xa6, 0xea, 0x45, 0xd2, 0x65, 0xf2, 0x28, 0xfb, 0xe7, 0xfa, 0xa3, 0xd9, 0xc4, 0xe1, 0xe7, 0xfa, 0xe7, 0xfa, 0x65, 0xea, 0x05, 0xe2, 0xc6, 0xf2, 0x86, 0xf2, 0xa6, 0xf2, 0xc6, 0xf2, 0x07, 0xf3, 0x08, 0xfc, 0x2a, 0xfe,
    0x2a, 0xfe, 0x2a, 0xfe, 0x09, 0xfe, 0xe9, 0xfd, 0xe9, 0xfd, 0xc8, 0xfd, 0x88, 0xfd, 0x09, 0xfe, 0xa7, 0x9b, 0x00, 0x00, 0x40, 0x08, 0xda, 0xde, 0xff, 0xff, 0xde, 0xff, 0xff, 0xff, 0xff, 0xff, 0xff, 0xff, 0xff, 0xff, 0xff, 0xff, 0xdf, 0xff,
    0xff, 0xff, 0xff, 0xff, 0xff, 0xff, 0xfe, 0xff, 0xff, 0xff, 0xff, 0xff, 0xff, 0xff, 0xde, 0xff, 0xff, 0xff, 0x71, 0x8c, 0x00, 0x00, 0x61, 0x08, 0x2c, 0xde, 0xcc, 0xfe, 0xa9, 0xfd, 0xa9, 0xfd, 0xc9, 0xfd, 0xe9, 0xfd, 0xe9, 0xfd, 0x09, 0xfe,
    0x29, 0xfe, 0x09, 0xfe, 0x46, 0xf3, 0x86, 0xf2, 0x86, 0xf2, 0x86, 0xf2, 0x86, 0xf2, 0xa6, 0xfa, 0x04, 0xea, 0xa3, 0xd9, 0xc7, 0xf2, 0xe7, 0xfa, 0xe7, 0xfa, 0x25, 0xea, 0x83, 0xe1, 0xa6, 0xfa, 0xe7, 0xfa, 0xe7, 0xf2, 0xa6, 0xea, 0x86, 0xf2,
    0xa7, 0xf3, 0xa9, 0xfd, 0xca, 0xfd, 0x90, 0xf6, 0x98, 0xf7, 0xfb, 0xff, 0xda, 0xff, 0xda, 0xff, 0xdb, 0xff, 0xdb, 0xff, 0xdb, 0xff, 0xbb, 0xf7, 0x65, 0x29, 0x00, 0x08, 0xe6, 0xc9, 0x05, 0xfa, 0xa4, 0xe9, 0xc4, 0xe9, 0xe5, 0xe9, 0xe5, 0xe9,
    0x05, 0xea, 0x05, 0xea, 0x05, 0xea, 0x05, 0xea, 0x05, 0xea, 0x83, 0xd9, 0x25, 0xfa, 0xa5, 0xa9, 0x00, 0x00, 0xce, 0x7b, 0xfd, 0xff, 0xba, 0xff, 0xdb, 0xff, 0xdb, 0xff, 0xdb, 0xff, 0xdb, 0xff, 0xfc, 0xff, 0xbb, 0xff, 0x98, 0xf7, 0x2e, 0xed,
    0xa6, 0xf2, 0xc7, 0xf2, 0xc6, 0xf2, 0xc6, 0xfa, 0x63, 0xd9, 0x86, 0xea, 0x07, 0xfb, 0x07, 0xfb, 0xa3, 0xe1, 0x45, 0xea, 0xe7, 0xf2, 0xc7, 0xf2, 0xc7, 0xf2, 0xa6, 0xf2, 0xa6, 0xf2, 0xa6, 0xf2, 0x85, 0xf2, 0xa6, 0xfa, 0xa6, 0xba, 0x47, 0x83,
    0x67, 0x8b, 0xc8, 0x9b, 0x07, 0xac, 0x88, 0xc4, 0x09, 0xdd, 0x89, 0xf5, 0xc9, 0xfd, 0x8a, 0xfe, 0x27, 0xb4, 0x00, 0x00, 0x20, 0x08, 0xba, 0xd6, 0xdf, 0xff, 0xde, 0xff, 0xfe, 0xff, 0xff, 0xff, 0xff, 0xff, 0xff, 0xff, 0xff, 0xff, 0xdf, 0xff,
    0xff, 0xff, 0xff, 0xff, 0xff, 0xff, 0xff, 0xff, 0xff, 0xff, 0xff, 0xff, 0xff, 0xff, 0xde, 0xff, 0xff, 0xff, 0x71, 0x94, 0x00, 0x00, 0x61, 0x10, 0x4c, 0xe6, 0x0d, 0xff, 0x2a, 0xfe, 0x6b, 0xfe, 0x2a, 0xfe, 0xa9, 0xf5, 0x09, 0xdd, 0x48, 0xb4,
    0xc7, 0x9b, 0x46, 0x93, 0xa6, 0xea, 0xa6, 0xf2, 0x86, 0xf2, 0x86, 0xf2, 0xa6, 0xfa, 0x65, 0xf2, 0xc3, 0xe1, 0xa6, 0xf2, 0xc7, 0xfa, 0xc7, 0xfa, 0x66, 0xea, 0x42, 0xd9, 0x86, 0xf2, 0xa6, 0xf2, 0xe7, 0xf2, 0xe7, 0xf2, 0xa7, 0xf2, 0xa6, 0xf2,
    0xa8, 0xf3, 0xb3, 0xf6, 0x56, 0xff, 0xda, 0xff, 0xda, 0xff, 0xda, 0xff, 0xda, 0xff, 0xdb, 0xff, 0xdb, 0xff, 0xba, 0xff, 0xfd, 0xff, 0x6f, 0x8c, 0x00, 0x00, 0x43, 0x81, 0x05, 0xfa, 0xc5, 0xe1, 0xe5, 0xe1, 0xe5, 0xe1, 0xe5, 0xe1, 0x05, 0xea,
    0x05, 0xea, 0x05, 0xea, 0x05, 0xea, 0x05, 0xe2, 0x05, 0xe2, 0x05, 0xea, 0xe5, 0xe1, 0x46, 0xfa, 0xc2, 0x50, 0x20, 0x00, 0xd8, 0xde, 0xfb, 0xff, 0xda, 0xff, 0xdb, 0xff, 0xdb, 0xff, 0xdb, 0xff, 0xdb, 0xff, 0xba, 0xff, 0xfd, 0xff, 0x71, 0xed,
    0x86, 0xf2, 0xe7, 0xf2, 0xc6, 0xf2, 0x07, 0xf3, 0x86, 0xea, 0xe4, 0xe1, 0xe7, 0xfa, 0xe7, 0xfa, 0xe7, 0xf2, 0xa6, 0xf2, 0xc7, 0xf2, 0xa6, 0xf2, 0xa6, 0xf2, 0xa6, 0xf2, 0xa6, 0xf2, 0xa6, 0xf2, 0x85, 0xf2, 0xa6, 0xf2, 0x85, 0xba, 0x24, 0x7a,
    0x63, 0x51, 0xe1, 0x30, 0xc2, 0x20, 0x61, 0x10, 0x41, 0x08, 0x81, 0x10, 0xe2, 0x20, 0xe3, 0x51, 0xc3, 0x49, 0x00, 0x00, 0x20, 0x00, 0xda, 0xde, 0xff, 0xff, 0xff, 0xff, 0xff, 0xff, 0xff, 0xff, 0xde, 0xff, 0xfe, 0xff, 0xff, 0xff, 0xdf, 0xff,
    0xff, 0xff, 0xff, 0xff, 0xff, 0xff, 0xff, 0xff, 0xff, 0xff, 0xfe, 0xff, 0xde, 0xff, 0xde, 0xf7, 0xff, 0xff, 0xd2, 0x9c, 0x00, 0x00, 0x41, 0x08, 0xcc, 0xd5, 0xcc, 0xdd, 0xe7, 0xa3, 0x44, 0x62, 0x22, 0x31, 0x81, 0x10, 0x41, 0x08, 0x61, 0x18,
    0x43, 0x41, 0xe4, 0x71, 0xc6, 0xea, 0xc7, 0xfa, 0x86, 0xf2, 0xa6, 0xf2, 0xa6, 0xf2, 0x85, 0xf2, 0xc6, 0xf2, 0xc7, 0xf2, 0xa7, 0xf2, 0xc7, 0xf2, 0xa3, 0xe1, 0x45, 0xea, 0xa7, 0xf2, 0xa7, 0xf2, 0xe7, 0xf2, 0xa7, 0xf2, 0xc7, 0xf2, 0xc7, 0xfa,
    0xa9, 0xf3, 0x9a, 0xff, 0xfb, 0xff, 0xda, 0xff, 0xda, 0xff, 0xdb, 0xff, 0xdb, 0xff, 0xdb, 0xff, 0xdb, 0xff, 0xfb, 0xff, 0x9a, 0xf7, 0xe3, 0x18, 0x40, 0x18, 0x26, 0xe2, 0xe5, 0xe9, 0xe5, 0xe1, 0xe5, 0xe1, 0xe5, 0xe1, 0xe4, 0xe1, 0xe5, 0xe9,
    0xe5, 0xe9, 0xe5, 0xe9, 0x05, 0xea, 0xe5, 0xe9, 0xe5, 0xe1, 0xe5, 0xe1, 0xe5, 0xe1, 0x05, 0xf2, 0x05, 0xc2, 0x00, 0x00, 0x0a, 0x63, 0xfd, 0xff, 0xba, 0xff, 0xdb, 0xff, 0xdb, 0xff, 0xdb, 0xff, 0xdb, 0xff, 0xda, 0xff, 0xfc, 0xff, 0x71, 0xed,
    0x66, 0xf2, 0xe7, 0xf2, 0xc7, 0xf2, 0xe7, 0xf2, 0xe7, 0xf2, 0xc7, 0xf2, 0xc7, 0xf2, 0xc7, 0xf2, 0xc7, 0xf2, 0xc7, 0xf2, 0xc7, 0xf2, 0xa6, 0xf2, 0xa6, 0xf2, 0xa6, 0xf2, 0xa6, 0xf2, 0xa6, 0xf2, 0x85, 0xf2, 0xa5, 0xf2, 0x25, 0xfb, 0xa5, 0xfb,
    0xa5, 0xfb, 0x84, 0xfb, 0xc5, 0xf3, 0xa6, 0xe3, 0x04, 0xc3, 0x64, 0x9a, 0xe3, 0x71, 0x22, 0x39, 0x40, 0x10, 0x00, 0x00, 0x00, 0x00, 0x03, 0x21, 0xeb, 0x62, 0x14, 0xa5, 0xfb, 0xde, 0xff, 0xff, 0xff, 0xff, 0xff, 0xff, 0xff, 0xff, 0xff, 0xff,
    0xff, 0xff, 0xff, 0xff, 0xff, 0xff, 0xfe, 0xff, 0xff, 0xff, 0xff, 0xff, 0xff, 0xff, 0xff, 0xff, 0x7d, 0xef, 0x8e, 0x73, 0x00, 0x00, 0x20, 0x00, 0xc2, 0x18, 0xa2, 0x18, 0xe2, 0x18, 0x83, 0x31, 0x44, 0x62, 0xc4, 0x9a, 0x44, 0xcb, 0xa5, 0xeb,
    0x26, 0xfc, 0xc6, 0xfb, 0x26, 0xfb, 0xc7, 0xf2, 0xa6, 0xf2, 0xa6, 0xf2, 0xa6, 0xf2, 0xa6, 0xf2, 0xc6, 0xf2, 0xc7, 0xf2, 0xa6, 0xf2, 0xc7, 0xf2, 0xa6, 0xf2, 0xa6, 0xf2, 0xa6, 0xf2, 0xa7, 0xf2, 0xa7, 0xf2, 0xa7, 0xf2, 0xc7, 0xf2, 0xa6, 0xf2,
    0x2b, 0xec, 0xda, 0xff, 0xda, 0xff, 0xda, 0xff, 0xdb, 0xff, 0xdb, 0xff, 0xdb, 0xff, 0xdb, 0xff, 0xbb, 0xff, 0xfd, 0xff, 0x12, 0xa5, 0x00, 0x00, 0x64, 0x81, 0x05, 0xfa, 0xc5, 0xe1, 0xe5, 0xe1, 0xe5, 0xe1, 0xe5, 0xe1, 0xe5, 0xe1, 0xe5, 0xe9,
    0xe5, 0xe9, 0xe5, 0xe9, 0xe5, 0xe9, 0xe5, 0xe9, 0xe5, 0xe9, 0xe5, 0xe9, 0xe5, 0xe9, 0xe5, 0xe1, 0x46, 0xf2, 0xa2, 0x48, 0x41, 0x00, 0x18, 0xe7, 0xfb, 0xff, 0xda, 0xff, 0xdb, 0xff, 0xdb, 0xff, 0xdb, 0xff, 0xdb, 0xff, 0xfc, 0xff, 0x75, 0xf6,
    0x86, 0xea, 0xc7, 0xf2, 0xc6, 0xf2, 0xc7, 0xf2, 0xe7, 0xf2, 0xe7, 0xf2, 0xc7, 0xf2, 0xc7, 0xf2, 0xc7, 0xf2, 0xc7, 0xf2, 0xc6, 0xf2, 0xc6, 0xf2, 0xa6, 0xf2, 0xa6, 0xf2, 0xa6, 0xf2, 0xa6, 0xf2, 0x85, 0xf2, 0xa5, 0xf2, 0x25, 0xf3, 0x44, 0xf3,
    0x24, 0xf3, 0x23, 0xf3, 0x23, 0xf3, 0x44, 0xfb, 0x64, 0xfb, 0x64, 0xfb, 0xc5, 0xfb, 0x26, 0xfc, 0x24, 0x82, 0x00, 0x00, 0xa2, 0x10, 0xcf, 0x7b, 0x28, 0x42, 0x81, 0x10, 0x61, 0x08, 0x65, 0x29, 0xcf, 0x7b, 0x5d, 0xef, 0xff, 0xff, 0xdf, 0xff,
    0xff, 0xff, 0xff, 0xff, 0xff, 0xff, 0xff, 0xff, 0xff, 0xff, 0xda, 0xde, 0x92, 0x94, 0xe7, 0x39, 0x81, 0x10, 0x41, 0x08, 0x00, 0x00, 0x00, 0x00, 0x4a, 0x9c, 0xeb, 0xed, 0xe8, 0xf4, 0x87, 0xfc, 0x46, 0xfc, 0xa4, 0xfb, 0x44, 0xfb, 0x44, 0xf3,
    0x44, 0xeb, 0x24, 0xf3, 0x05, 0xf3, 0xc7, 0xf2, 0xa6, 0xf2, 0xa6, 0xfa, 0xa6, 0xf2, 0xa6, 0xf2, 0xc6, 0xfa, 0xc7, 0xfa, 0xc7, 0xf2, 0xc7, 0xf2, 0xc7, 0xf2, 0xa6, 0xf2, 0xc7, 0xf2, 0xa7, 0xf2, 0xa7, 0xf2, 0xa7, 0xf2, 0xc7, 0xf2, 0x65, 0xf2,
    0x0f, 0xf5, 0xfb, 0xff, 0xda, 0xff, 0xdb, 0xff, 0xdb, 0xff, 0xdb, 0xff, 0xdb, 0xff, 0xdb, 0xff, 0xdb, 0xff, 0xfc, 0xff, 0x27, 0x42, 0x00, 0x08, 0x06, 0xd2, 0xe5, 0xe9, 0xe5, 0xe1, 0xe5, 0xe1, 0xe5, 0xe9, 0xe5, 0xe9, 0xe5, 0xe9, 0xe5, 0xe9,
    0xe5, 0xe9, 0xe5, 0xe9, 0xe5, 0xe9, 0xe5, 0xe9, 0xe5, 0xe9, 0xe5, 0xe9, 0xe5, 0xe9, 0xe5, 0xe1, 0x25, 0xf2, 0xc5, 0xa9, 0x00, 0x00, 0x4f, 0x8c, 0xfc, 0xff, 0xda, 0xff, 0xfb, 0xff, 0xdb, 0xff, 0xdb, 0xff, 0xdb, 0xff, 0xdb, 0xff, 0xba, 0xff,
    0xcb, 0xf3, 0xe7, 0xf2, 0xc7, 0xf2, 0xc7, 0xf2, 0xe7, 0xf2, 0xc7, 0xf2, 0xc7, 0xf2, 0xc7, 0xf2, 0xc7, 0xf2, 0xc7, 0xf2, 0xc6, 0xf2, 0xc6, 0xfa, 0xa6, 0xf2, 0xa6, 0xf2, 0xa6, 0xf2, 0xa6, 0xf2, 0xc6, 0xf2, 0xe5, 0xf2, 0x04, 0xf3, 0x64, 0xf3,
    0x64, 0xf3, 0x44, 0xf3, 0x44, 0xf3, 0x44, 0xf3, 0x24, 0xf3, 0x24, 0xeb, 0x04, 0xeb, 0x44, 0xfb, 0x22, 0x59, 0x00, 0x00, 0x44, 0x29, 0xff, 0xff, 0xff, 0xff, 0x9e, 0xf7, 0x17, 0xc6, 0xcf, 0x7b, 0xa6, 0x31, 0x58, 0xce, 0xff, 0xff, 0xde, 0xff,
    0xff, 0xff, 0xff, 0xff, 0xdf, 0xff, 0x13, 0xa5, 0x66, 0x31, 0x61, 0x08, 0x65, 0x29, 0x6d, 0x6b, 0x18, 0xc6, 0xd6, 0xbd, 0x00, 0x00, 0x00, 0x00, 0xc6, 0xbb, 0x45, 0xfc, 0x43, 0xf3, 0x23, 0xf3, 0x23, 0xeb, 0x44, 0xeb, 0x44, 0xf3, 0x24, 0xf3,
    0x24, 0xf3, 0x23, 0xf3, 0x04, 0xf3, 0x07, 0xf3, 0xc6, 0xf2, 0xa5, 0xfa, 0xa6, 0xf2, 0xa6, 0xf2, 0xc6, 0xfa, 0xc7, 0xfa, 0xc7, 0xf2, 0xc7, 0xf2, 0xc7, 0xf2, 0xc7, 0xf2, 0xc7, 0xf2, 0xe7, 0xf2, 0xc7, 0xf2, 0xa7, 0xf2, 0xa7, 0xf2, 0xc6, 0xea,
    0xf7, 0xf6, 0xfb, 0xff, 0xda, 0xff, 0xfb, 0xff, 0xdb, 0xff, 0xdb, 0xff, 0xdb, 0xff, 0xdb, 0xff, 0xfc, 0xff, 0xf8, 0xe6, 0x20, 0x00, 0xa2, 0x48, 0x26, 0xf2, 0xe5, 0xe1, 0xe5, 0xe1, 0xe5, 0xe1, 0xe5, 0xe9, 0xe5, 0xe9, 0xe5, 0xe9, 0xe5, 0xe9,
    0xe5, 0xe9, 0xe5, 0xe9, 0x05, 0xea, 0xe5, 0xe9, 0x05, 0xea, 0x05, 0xea, 0x05, 0xea, 0xe5, 0xe9, 0x05, 0xea, 0x26, 0xe2, 0x20, 0x10, 0x85, 0x31, 0xfc, 0xff, 0xda, 0xff, 0xfb, 0xff, 0xdb, 0xff, 0xdb, 0xff, 0xdb, 0xff, 0xdb, 0xff, 0xfc, 0xff,
    0xd3, 0xed, 0x28, 0xf3, 0x08, 0xfb, 0xc7, 0xf2, 0xe7, 0xf2, 0xc7, 0xf2, 0xc7, 0xf2, 0xc6, 0xf2, 0xc6, 0xfa, 0xc6, 0xfa, 0xc6, 0xf2, 0xe7, 0xfa, 0xe7, 0xf2, 0xa6, 0xf2, 0x86, 0xf2, 0x86, 0xf2, 0xc6, 0xf2, 0x47, 0xf4, 0xe5, 0xf3, 0x44, 0xf3,
    0x84, 0xf3, 0x44, 0xf3, 0x44, 0xf3, 0x44, 0xf3, 0x44, 0xf3, 0x44, 0xf3, 0x23, 0xf3, 0x44, 0xf3, 0xe1, 0x40, 0x00, 0x00, 0xe7, 0x41, 0xff, 0xff, 0xde, 0xff, 0xff, 0xff, 0xff, 0xff, 0xff, 0xff, 0xff, 0xff, 0xff, 0xff, 0xff, 0xff, 0xdf, 0xff,
    0xff, 0xff, 0xff, 0xff, 0x7d, 0xef, 0xca, 0x52, 0xcf, 0x7b, 0x79, 0xce, 0xff, 0xff, 0xff, 0xff, 0xff, 0xff, 0x1b, 0xe7, 0x40, 0x08, 0x00, 0x00, 0xc2, 0x81, 0x84, 0xfb, 0x64, 0xeb, 0x44, 0xf3, 0x44, 0xf3, 0x44, 0xf3, 0x44, 0xf3, 0x44, 0xf3,
    0x03, 0xf3, 0x63, 0xf3, 0x86, 0xf4, 0x07, 0xf3, 0xc6, 0xf2, 0xa6, 0xfa, 0xa6, 0xfa, 0xa6, 0xfa, 0xc6, 0xf2, 0xe7, 0xf2, 0xc7, 0xf2, 0xa6, 0xf2, 0xa6, 0xf2, 0xa6, 0xf2, 0xc6, 0xf2, 0xc6, 0xf2, 0xc6, 0xfa, 0xe7, 0xfa, 0xa6, 0xf2, 0x10, 0xed,
    0xfc, 0xff, 0xda, 0xff, 0xda, 0xff, 0xdb, 0xff, 0xdb, 0xff, 0xdb, 0xff, 0xdb, 0xff, 0xda, 0xff, 0xfd, 0xff, 0x12, 0xa5, 0x00, 0x00, 0x64, 0x91, 0x05, 0xf2, 0xe4, 0xe1, 0xe5, 0xe9, 0xe5, 0xe9, 0xe5, 0xe9, 0xe5, 0xe9, 0xe5, 0xe9, 0xe5, 0xe9,
    0xe5, 0xe9, 0xe5, 0xe9, 0xe5, 0xe9, 0x05, 0xea, 0x05, 0xea, 0x05, 0xea, 0x05, 0xea, 0x05, 0xea, 0x05, 0xe2, 0x46, 0xfa, 0xe2, 0x58, 0x00, 0x00, 0xb7, 0xde, 0xfc, 0xff, 0xdb, 0xff, 0xdb, 0xff, 0xdb, 0xff, 0xdb, 0xff, 0xdb, 0xff, 0xdb, 0xff,
    0xbb, 0xff, 0x6d, 0xe4, 0xe7, 0xf2, 0xe7, 0xfa, 0xc7, 0xfa, 0xc7, 0xf2, 0xc7, 0xf2, 0xc6, 0xf2, 0xc6, 0xfa, 0x07, 0xf3, 0x07, 0xf3, 0xe7, 0xf2, 0xc7, 0xf2, 0xa6, 0xf2, 0xa6, 0xf2, 0x86, 0xf2, 0xc6, 0xf3, 0x68, 0xfd, 0x48, 0xfd, 0x46, 0xf4,
    0x84, 0xf3, 0x44, 0xf3, 0x44, 0xf3, 0x44, 0xf3, 0x44, 0xf3, 0x44, 0xf3, 0x44, 0xf3, 0x24, 0xe3, 0x81, 0x20, 0x00, 0x00, 0x6d, 0x73, 0xff, 0xff, 0xde, 0xff, 0xff, 0xff, 0xde, 0xff, 0xde, 0xff, 0xde, 0xff, 0xff, 0xff, 0xff, 0xff, 0xdf, 0xff,
    0xff, 0xff, 0xff, 0xff, 0xff, 0xff, 0xff, 0xff, 0xff, 0xff, 0xff, 0xff, 0xff, 0xff, 0xde, 0xff, 0xdf, 0xff, 0xde, 0xff, 0x45, 0x29, 0x00, 0x00, 0x62, 0x59, 0x84, 0xfb, 0x23, 0xf3, 0x23, 0xf3, 0x23, 0xf3, 0x44, 0xf3, 0x24, 0xfb, 0x24, 0xf3,
    0xe5, 0xf3, 0x27, 0xfd, 0xc8, 0xfd, 0x27, 0xf4, 0xc6, 0xf2, 0xc6, 0xfa, 0xc6, 0xfa, 0xc6, 0xfa, 0xa6, 0xf2, 0xc6, 0xf2, 0xa6, 0xf2, 0xa6, 0xf2, 0xa6, 0xf2, 0xa6, 0xf2, 0xc7, 0xf2, 0xe7, 0xf2, 0xe7, 0xfa, 0x86, 0xf2, 0xeb, 0xe3, 0xba, 0xff,
    0xda, 0xff, 0xda, 0xff, 0xda, 0xff, 0xda, 0xff, 0xdb, 0xff, 0xdb, 0xff, 0xdb, 0xff, 0xba, 0xff, 0xfd, 0xff, 0xea, 0x62, 0x00, 0x00, 0xe5, 0xc9, 0x05, 0xea, 0xe5, 0xe1, 0xe5, 0xe9, 0xe5, 0xe9, 0xe5, 0xe9, 0xe5, 0xe9, 0xe5, 0xe9, 0xe5, 0xe9,
    0xe5, 0xe9, 0x05, 0xea, 0x05, 0xea, 0x05, 0xea, 0x05, 0xea, 0x05, 0xea, 0xe5, 0xe9, 0x05, 0xea, 0x05, 0xe2, 0x46, 0xfa, 0xa4, 0x99, 0x00, 0x00, 0xd1, 0x9c, 0xfc, 0xff, 0xba, 0xff, 0xdb, 0xff, 0xfb, 0xff, 0xdb, 0xff, 0xdb, 0xff, 0xdb, 0xff,
    0xfb, 0xff, 0x99, 0xf7, 0xee, 0xec, 0x07, 0xf3, 0xc6, 0xfa, 0x07, 0xf3, 0xc7, 0xf2, 0xc7, 0xf2, 0xe7, 0xf2, 0x27, 0xf3, 0x28, 0xf3, 0xc7, 0xf2, 0xa7, 0xf2, 0xa6, 0xf2, 0x66, 0xf2, 0x87, 0xf3, 0x68, 0xfd, 0x68, 0xfd, 0x68, 0xfd, 0x68, 0xfd,
    0x08, 0xf5, 0x26, 0xf4, 0x84, 0xf3, 0x23, 0xf3, 0x44, 0xf3, 0x24, 0xf3, 0x64, 0xfb, 0xa4, 0xc2, 0x20, 0x00, 0x00, 0x00, 0x34, 0xa5, 0xff, 0xff, 0xde, 0xff, 0xff, 0xff, 0xff, 0xff, 0xff, 0xff, 0xff, 0xff, 0xff, 0xff, 0xff, 0xff, 0xdf, 0xff,
    0xff, 0xff, 0xff, 0xff, 0xff, 0xff, 0xff, 0xff, 0xde, 0xff, 0xfe, 0xff, 0xff, 0xff, 0xff, 0xff, 0xde, 0xff, 0xff, 0xff, 0xcb, 0x5a, 0x00, 0x00, 0xc1, 0x28, 0x44, 0xf3, 0x23, 0xf3, 0x23, 0xf3, 0x23, 0xf3, 0x03, 0xf3, 0x64, 0xf3, 0xa7, 0xf4,
    0x89, 0xfd, 0x68, 0xfd, 0x68, 0xfd, 0xa8, 0xfd, 0x27, 0xf4, 0xe7, 0xf2, 0xe6, 0xfa, 0xa5, 0xfa, 0xc6, 0xf2, 0xc6, 0xf2, 0xa6, 0xf2, 0xa6, 0xf2, 0x86, 0xf2, 0xa6, 0xf2, 0xe7, 0xfa, 0xa6, 0xfa, 0x85, 0xf2, 0xeb, 0xeb, 0x59, 0xf7, 0xfb, 0xff,
    0xda, 0xff, 0xda, 0xff, 0xda, 0xff, 0xda, 0xff, 0xdb, 0xff, 0xdb, 0xff, 0xdb, 0xff, 0xdb, 0xff, 0xfc, 0xff, 0x85, 0x29, 0x00, 0x18, 0x05, 0xe2, 0xe5, 0xe9, 0xe5, 0xe9, 0xe5, 0xe9, 0x05, 0xea, 0xe5, 0xe9, 0xe5, 0xe9, 0xe5, 0xe9, 0xe5, 0xe9,
    0xe5, 0xe9, 0x05, 0xea, 0x05, 0xea, 0x05, 0xea, 0x05, 0xea, 0xe5, 0xe9, 0xe5, 0xe9, 0x05, 0xea, 0x05, 0xea, 0x25, 0xf2, 0x05, 0xca, 0x00, 0x00, 0xea, 0x5a, 0xfc, 0xff, 0xba, 0xff, 0xdb, 0xff, 0xdb, 0xff, 0xdb, 0xff, 0xdb, 0xff, 0xdb, 0xff,
    0xdb, 0xff, 0xfb, 0xff, 0xfb, 0xff, 0x13, 0xf6, 0x89, 0xf3, 0xc6, 0xf2, 0x65, 0xf2, 0x86, 0xf2, 0x86, 0xf2, 0xe7, 0xfa, 0xe7, 0xf2, 0xc7, 0xf2, 0x66, 0xf2, 0xa6, 0xf2, 0x07, 0xf4, 0x48, 0xfd, 0x68, 0xfd, 0x68, 0xfd, 0x68, 0xfd, 0x68, 0xfd,
    0xe9, 0xfd, 0xea, 0xfd, 0x68, 0xfd, 0x66, 0xf4, 0x84, 0xf3, 0x03, 0xf3, 0x64, 0xfb, 0xe3, 0x89, 0x00, 0x00, 0x40, 0x08, 0xda, 0xde, 0xff, 0xff, 0xfe, 0xff, 0xff, 0xff, 0xff, 0xff, 0xff, 0xff, 0xff, 0xff, 0xff, 0xff, 0xff, 0xff, 0xdf, 0xff,
    0xff, 0xff, 0xff, 0xff, 0xff, 0xff, 0xff, 0xff, 0xff, 0xff, 0xff, 0xff, 0xff, 0xff, 0xff, 0xff, 0xde, 0xff, 0xff, 0xff, 0xb2, 0x94, 0x00, 0x00, 0x20, 0x00, 0xc3, 0xca, 0x43, 0xfb, 0xe3, 0xea, 0x03, 0xf3, 0x25, 0xf4, 0x48, 0xfd, 0x88, 0xf5,
    0xa8, 0xfd, 0xe9, 0xfd, 0x88, 0xfd, 0x67, 0xfd, 0xa8, 0xfd, 0xa8, 0xf4, 0x67, 0xf3, 0xe7, 0xf2, 0xa5, 0xf2, 0x85, 0xfa, 0xa6, 0xfa, 0xa6, 0xf2, 0x85, 0xf2, 0x44, 0xf2, 0xa5, 0xf2, 0x89, 0xf3, 0x10, 0xf5, 0x9a, 0xff, 0xfb, 0xff, 0xda, 0xff,
    0xda, 0xff, 0xda, 0xff, 0xdb, 0xff, 0xdb, 0xff, 0xdb, 0xff, 0xdb, 0xff, 0xda, 0xff, 0xfb, 0xff, 0x39, 0xe7, 0x41, 0x00, 0xa1, 0x48, 0x25, 0xf2, 0xe5, 0xe1, 0xe5, 0xe9, 0x05, 0xea, 0x05, 0xea, 0x05, 0xea, 0xe5, 0xe9, 0xe5, 0xe9, 0xe5, 0xe9,
    0x05, 0xea, 0x05, 0xea, 0x05, 0xea, 0x05, 0xea, 0x05, 0xea, 0x05, 0xea, 0x05, 0xea, 0x05, 0xea, 0x05, 0xea, 0x05, 0xea, 0x26, 0xe2, 0x00, 0x10, 0x65, 0x29, 0xfb, 0xff, 0xda, 0xff, 0xdb, 0xff, 0xdb, 0xff, 0xdb, 0xff, 0xdb, 0xff, 0xdb, 0xff,
    0xdb, 0xff, 0xdb, 0xff, 0xda, 0xff, 0xfc, 0xff, 0x79, 0xff, 0x13, 0xf6, 0x2c, 0xec, 0xaa, 0xf3, 0xaa, 0xeb, 0xa9, 0xf3, 0xca, 0xf3, 0x0b, 0xf4, 0x0f, 0xf5, 0x6c, 0xf5, 0x67, 0xfd, 0x69, 0xfd, 0x69, 0xfd, 0x69, 0xf5, 0xa9, 0xfd, 0xc7, 0xb3,
    0xe4, 0x51, 0x48, 0xbc, 0xea, 0xfd, 0x0a, 0xfe, 0x48, 0xfd, 0x05, 0xf4, 0x84, 0xfb, 0xe2, 0x38, 0x00, 0x00, 0xa6, 0x39, 0xff, 0xff, 0xff, 0xff, 0xff, 0xff, 0xff, 0xff, 0xff, 0xff, 0xff, 0xff, 0xff, 0xff, 0xff, 0xff, 0xff, 0xff, 0xdf, 0xff,
    0xff, 0xff, 0xff, 0xff, 0xff, 0xff, 0xff, 0xff, 0xff, 0xff, 0xff, 0xff, 0xff, 0xff, 0xff, 0xff, 0xff, 0xff, 0xff, 0xff, 0xba, 0xd6, 0x20, 0x08, 0x00, 0x00, 0xe2, 0x81, 0x43, 0xfb, 0x63, 0xeb, 0xe7, 0xf4, 0xa8, 0xfd, 0xa8, 0xfd, 0x09, 0xfe,
    0x29, 0xe5, 0xe7, 0xab, 0x68, 0xfd, 0x68, 0xfd, 0x88, 0xfd, 0xc9, 0xfd, 0x89, 0xfd, 0x6c, 0xf5, 0x0f, 0xf5, 0x4c, 0xec, 0x69, 0xeb, 0x89, 0xf3, 0xca, 0xf3, 0x8d, 0xf4, 0xf3, 0xf5, 0xba, 0xff, 0xfc, 0xff, 0xdb, 0xff, 0xda, 0xff, 0xfa, 0xff,
    0xfb, 0xff, 0xdb, 0xff, 0xdb, 0xff, 0xdb, 0xff, 0xdb, 0xff, 0xdb, 0xff, 0xba, 0xff, 0xfc, 0xff, 0x36, 0xce, 0x00, 0x00, 0x23, 0x69, 0x25, 0xfa, 0xe5, 0xe1, 0xe5, 0xe9, 0x05, 0xea, 0x05, 0xea, 0x05, 0xea, 0x05, 0xea, 0xe5, 0xe9, 0xe5, 0xe9,
    0x05, 0xea, 0x05, 0xea, 0xe5, 0xe9, 0x05, 0xea, 0x05, 0xea, 0x05, 0xea, 0x05, 0xea, 0x05, 0xea, 0x05, 0xea, 0x05, 0xe2, 0x46, 0xf2, 0x81, 0x40, 0x61, 0x00, 0x39, 0xef, 0xfb, 0xff, 0xdb, 0xff, 0xdb, 0xff, 0xdb, 0xff, 0xdb, 0xff, 0xdb, 0xff,
    0xdb, 0xff, 0xdb, 0xff, 0xdb, 0xff, 0xdb, 0xff, 0xfb, 0xff, 0xfb, 0xff, 0xfb, 0xff, 0xba, 0xff, 0x79, 0xf7, 0x38, 0xf7, 0x79, 0xff, 0xba, 0xff, 0xfb, 0xff, 0xb7, 0xff, 0x0d, 0xf6, 0x48, 0xf5, 0x69, 0xfd, 0x89, 0xfd, 0x89, 0xfd, 0x28, 0xf5,
    0x25, 0x93, 0xe2, 0x20, 0x22, 0x29, 0x66, 0x93, 0x69, 0xf5, 0x0a, 0xfe, 0x87, 0xdc, 0x41, 0x08, 0x00, 0x00, 0xce, 0x7b, 0xff, 0xff, 0xde, 0xff, 0xff, 0xff, 0xff, 0xff, 0xff, 0xff, 0xff, 0xff, 0xff, 0xff, 0xff, 0xff, 0xff, 0xff, 0xdf, 0xff,
    0xff, 0xff, 0xff, 0xff, 0xff, 0xff, 0xff, 0xff, 0xff, 0xff, 0xff, 0xff, 0xff, 0xff, 0xff, 0xff, 0xff, 0xff, 0xff, 0xff, 0xff, 0xff, 0xc6, 0x39, 0x00, 0x00, 0xe2, 0x30, 0xa7, 0xfc, 0x68, 0xfd, 0xc8, 0xfd, 0x29, 0xfe, 0x89, 0xf5, 0xe5, 0x7a,
    0xc2, 0x20, 0xe5, 0x82, 0xa8, 0xfd, 0x88, 0xfd, 0xc9, 0xfd, 0xca, 0xfd, 0xea, 0xfd, 0x13, 0xff, 0xfb, 0xff, 0xda, 0xff, 0x79, 0xf7, 0x9a, 0xff, 0xba, 0xff, 0xfc, 0xff, 0xfc, 0xff, 0xfb, 0xff, 0xdb, 0xff, 0xdb, 0xff, 0xdb, 0xff, 0xdb, 0xff,
    0xdb, 0xff, 0xdb, 0xff, 0xdb, 0xff, 0xdb, 0xff, 0xdb, 0xff, 0xdb, 0xff, 0xba, 0xff, 0xfd, 0xff, 0x32, 0xad, 0x00, 0x00, 0x64, 0x89, 0x25, 0xfa, 0xe5, 0xe1, 0x05, 0xea, 0x05, 0xea, 0x05, 0xea, 0x05, 0xea, 0x05, 0xea, 0x05, 0xea, 0x05, 0xea,
    0x05, 0xea, 0x05, 0xea, 0x05, 0xea, 0x05, 0xea, 0x05, 0xea, 0x05, 0xea, 0x05, 0xea, 0x05, 0xea, 0x05, 0xea, 0x05, 0xe2, 0x46, 0xfa, 0x03, 0x61, 0x00, 0x00, 0x76, 0xd6, 0xfc, 0xff, 0xdb, 0xff, 0xdb, 0xff, 0xdb, 0xff, 0xdb, 0xff, 0xdb, 0xff,
    0xdb, 0xff, 0xdb, 0xff, 0xdb, 0xff, 0xdb, 0xff, 0xdb, 0xff, 0xda, 0xff, 0xda, 0xff, 0xda, 0xff, 0xda, 0xff, 0xfb, 0xff, 0xfb, 0xff, 0xda, 0xff, 0xba, 0xff, 0xda, 0xff, 0xd9, 0xff, 0xb2, 0xf6, 0xaa, 0xf5, 0x69, 0xf5, 0x69, 0xfd, 0x68, 0xfd,
    0xc9, 0xfd, 0x48, 0xfd, 0x05, 0x93, 0xa1, 0x20, 0x81, 0x10, 0x66, 0x93, 0xe6, 0x7a, 0x00, 0x00, 0x20, 0x00, 0x79, 0xce, 0xff, 0xff, 0xff, 0xff, 0xff, 0xff, 0xff, 0xff, 0xff, 0xff, 0xfe, 0xff, 0xff, 0xff, 0xff, 0xff, 0xff, 0xff, 0xff, 0xff,
    0xff, 0xff, 0xff, 0xff, 0xff, 0xff, 0xff, 0xff, 0xff, 0xff, 0xff, 0xff, 0xff, 0xff, 0xff, 0xff, 0xff, 0xff, 0xde, 0xff, 0xff, 0xff, 0xb2, 0x94, 0x00, 0x00, 0x20, 0x00, 0x88, 0xc4, 0x49, 0xfe, 0xa9, 0xf5, 0x26, 0x8b, 0xa2, 0x18, 0x83, 0x41,
    0xa7, 0xd4, 0xc9, 0xfd, 0x68, 0xf5, 0xa9, 0xf5, 0x0b, 0xfe, 0x4d, 0xfe, 0x15, 0xf7, 0xda, 0xff, 0xda, 0xff, 0xda, 0xff, 0xfa, 0xff, 0xfa, 0xff, 0xda, 0xff, 0xda, 0xff, 0xda, 0xff, 0xda, 0xff, 0xdb, 0xff, 0xdb, 0xff, 0xdb, 0xff, 0xdb, 0xff,
    0xdb, 0xff, 0xdb, 0xff, 0xdb, 0xff, 0xdb, 0xff, 0xdb, 0xff, 0xdb, 0xff, 0xba, 0xf7, 0xfd, 0xff, 0x4f, 0x8c, 0x00, 0x00, 0xa4, 0xa1, 0x25, 0xf2, 0xe5, 0xe1, 0x05, 0xea, 0x05, 0xea, 0x05, 0xea, 0x05, 0xea, 0x05, 0xea, 0x05, 0xea, 0x05, 0xea,
    0x05, 0xea, 0x05, 0xea, 0x05, 0xea, 0x05, 0xea, 0x05, 0xea, 0x05, 0xea, 0x05, 0xea, 0x05, 0xea, 0x05, 0xea, 0x05, 0xe2, 0x46, 0xfa, 0x43, 0x81, 0x00, 0x00, 0x73, 0xb5, 0xfc, 0xff, 0xba, 0xff, 0xdb, 0xff, 0xdb, 0xff, 0xdb, 0xff, 0xdb, 0xff,
    0xdb, 0xff, 0xdb, 0xff, 0xdb, 0xff, 0xdb, 0xff, 0xdb, 0xff, 0xdb, 0xff, 0xdb, 0xff, 0xdb, 0xff, 0xdb, 0xff, 0xdb, 0xff, 0xdb, 0xff, 0xda, 0xff, 0xda, 0xff, 0xda, 0xff, 0xda, 0xff, 0xda, 0xff, 0x36, 0xf7, 0x0e, 0xf6, 0x27, 0xf5, 0x89, 0xf5,
    0x89, 0xf5, 0x89, 0xfd, 0x88, 0xfd, 0x07, 0xfd, 0xe5, 0x92, 0x81, 0x18, 0x20, 0x00, 0x00, 0x00, 0x08, 0x42, 0xff, 0xff, 0xff, 0xff, 0xde, 0xff, 0xff, 0xff, 0xff, 0xff, 0xff, 0xff, 0xff, 0xff, 0xff, 0xff, 0xff, 0xff, 0xff, 0xff, 0xdf, 0xff,
    0xff, 0xff, 0xff, 0xff, 0xff, 0xff, 0xff, 0xff, 0xff, 0xff, 0xff, 0xff, 0xff, 0xff, 0xff, 0xff, 0xff, 0xff, 0xff, 0xff, 0xff, 0xff, 0x9e, 0xf7, 0xe3, 0x18, 0x00, 0x00, 0x24, 0x5a, 0x27, 0xac, 0xa1, 0x18, 0x01, 0x31, 0x05, 0xb4, 0xe8, 0xfd,
    0xa8, 0xfd, 0xa9, 0xf5, 0x0b, 0xf6, 0xeb, 0xf5, 0x4e, 0xf6, 0x98, 0xff, 0xda, 0xff, 0xda, 0xff, 0xda, 0xff, 0xda, 0xff, 0xda, 0xff, 0xda, 0xff, 0xda, 0xff, 0xdb, 0xff, 0xdb, 0xff, 0xdb, 0xff, 0xdb, 0xff, 0xdb, 0xff, 0xdb, 0xff, 0xdb, 0xff,
    0xfb, 0xff, 0xdb, 0xff, 0xdb, 0xff, 0xdb, 0xff, 0xfb, 0xff, 0xdb, 0xff, 0xba, 0xff, 0xfd, 0xff, 0xcd, 0x7b, 0x00, 0x00, 0xc5, 0xb9, 0x05, 0xf2, 0x05, 0xea, 0x05, 0xea, 0x05, 0xea, 0x05, 0xea, 0x05, 0xea, 0x05, 0xea, 0x05, 0xea, 0x05, 0xea,
    0x05, 0xea, 0x05, 0xea, 0x05, 0xea, 0x05, 0xea, 0x25, 0xea, 0x25, 0xea, 0x05, 0xea, 0x25, 0xea, 0x25, 0xea, 0x05, 0xea, 0x45, 0xfa, 0x84, 0x99, 0x00, 0x00, 0xf1, 0xa4, 0xfc, 0xff, 0xba, 0xff, 0xdb, 0xff, 0xdb, 0xff, 0xdb, 0xff, 0xdb, 0xff,
    0xdb, 0xff, 0xdb, 0xff, 0xdc, 0xff, 0xdc, 0xff, 0xdb, 0xff, 0xdb, 0xff, 0xdb, 0xff, 0xdb, 0xff, 0xdb, 0xff, 0xdb, 0xff, 0xdb, 0xff, 0xdb, 0xff, 0xdb, 0xff, 0xdb, 0xff, 0xdb, 0xff, 0xda, 0xff, 0xda, 0xff, 0xb9, 0xff, 0x70, 0xf6, 0x48, 0xf5,
    0xca, 0xfd, 0xa9, 0xfd, 0xca, 0xf5, 0x48, 0xf5, 0x87, 0xfd, 0xc6, 0xbb, 0x00, 0x00, 0x00, 0x00, 0x20, 0x00, 0xce, 0x7b, 0x9e, 0xf7, 0xff, 0xff, 0xfe, 0xff, 0xff, 0xff, 0xff, 0xff, 0xff, 0xff, 0xff, 0xff, 0xfe, 0xff, 0xff, 0xff, 0xdf, 0xff,
    0xff, 0xff, 0xff, 0xff, 0xff, 0xff, 0xff, 0xff, 0xff, 0xff, 0xff, 0xff, 0xff, 0xff, 0xff, 0xff, 0xff, 0xff, 0xff, 0xff, 0xde, 0xff, 0xff, 0xff, 0x51, 0x8c, 0x00, 0x00, 0x20, 0x00, 0x81, 0x18, 0x65, 0x93, 0xa7, 0xfd, 0xc7, 0xfd, 0x87, 0xfd,
    0xe9, 0xfd, 0x2c, 0xf6, 0x0c, 0xf6, 0x4f, 0xf6, 0x99, 0xff, 0xdb, 0xff, 0xda, 0xff, 0xda, 0xff, 0xdb, 0xff, 0xdb, 0xff, 0xdb, 0xff, 0xdb, 0xff, 0xdb, 0xff, 0xdb, 0xff, 0xdb, 0xff, 0xdb, 0xff, 0xdb, 0xff, 0xdb, 0xff, 0xdb, 0xff, 0xfb, 0xff,
    0xdb, 0xff, 0xdb, 0xff, 0xdb, 0xff, 0xdb, 0xff, 0xda, 0xff, 0xdb, 0xff, 0xba, 0xff, 0xfd, 0xff, 0x4c, 0x6b, 0x00, 0x00, 0xe5, 0xc1, 0x05, 0xf2, 0xe5, 0xe9, 0x05, 0xea, 0x05, 0xea, 0x05, 0xea, 0x05, 0xea, 0x05, 0xea, 0x05, 0xea, 0x05, 0xea,
    0x05, 0xea, 0x05, 0xea, 0x05, 0xea, 0x05, 0xea, 0x05, 0xea, 0x05, 0xea, 0x05, 0xea, 0x25, 0xea, 0x25, 0xea, 0x05, 0xea, 0x45, 0xfa, 0xa5, 0xa9, 0x00, 0x00, 0x4f, 0x94, 0xfc, 0xff, 0xba, 0xff, 0xda, 0xff, 0xdb, 0xff, 0xdb, 0xff, 0xdb, 0xff,
    0xfb, 0xff, 0xfc, 0xff, 0xdb, 0xff, 0xdb, 0xff, 0xdb, 0xff, 0xdb, 0xff, 0xdb, 0xff, 0xdb, 0xff, 0xdb, 0xff, 0xdc, 0xff, 0xdc, 0xff, 0xfc, 0xff, 0xdb, 0xff, 0xdb, 0xff, 0xdb, 0xff, 0xda, 0xff, 0xda, 0xff, 0xda, 0xff, 0xfb, 0xff, 0xf4, 0xf6,
    0x0d, 0xf6, 0xa9, 0xfd, 0xea, 0xfd, 0x0c, 0xf6, 0x89, 0xfd, 0x83, 0x49, 0x00, 0x00, 0xc2, 0x18, 0x51, 0x8c, 0xa2, 0x10, 0xa2, 0x10, 0x14, 0xa5, 0xff, 0xff, 0xff, 0xff, 0xff, 0xff, 0xff, 0xff, 0xff, 0xff, 0xff, 0xff, 0xff, 0xff, 0xdf, 0xff,
    0xff, 0xff, 0xff, 0xff, 0xff, 0xff, 0xff, 0xff, 0xff, 0xff, 0xff, 0xff, 0xff, 0xff, 0xff, 0xff, 0xff, 0xff, 0xff, 0xff, 0xff, 0xff, 0x9a, 0xd6, 0xc7, 0x39, 0x00, 0x00, 0x00, 0x00, 0x44, 0x62, 0x28, 0xfe, 0x46, 0xfd, 0x67, 0xfd, 0x0a, 0xfe,
    0xea, 0xfd, 0x0c, 0xf6, 0xf4, 0xf6, 0xba, 0xff, 0xfb, 0xff, 0xda, 0xff, 0xdb, 0xff, 0xda, 0xff, 0xdb, 0xff, 0xdb, 0xff, 0xfb, 0xff, 0xdb, 0xff, 0xdb, 0xff, 0xdb, 0xff, 0xdb, 0xff, 0xdb, 0xff, 0xdb, 0xff, 0xdb, 0xff, 0xdb, 0xff, 0xdb, 0xff,
    0xdb, 0xff, 0xdb, 0xff, 0xdb, 0xff, 0xdb, 0xff, 0xda, 0xff, 0xda, 0xff, 0xba, 0xff, 0xfd, 0xff, 0x0b, 0x63, 0x00, 0x00, 0xe5, 0xc1, 0x05, 0xf2, 0xe5, 0xe9, 0x05, 0xea, 0x05, 0xea, 0x05, 0xea, 0x05, 0xea, 0x05, 0xea, 0x05, 0xea, 0x05, 0xea,
    0x05, 0xea, 0x05, 0xea, 0x05, 0xea, 0x05, 0xea, 0x05, 0xea, 0x05, 0xea, 0x05, 0xea, 0x05, 0xea, 0x05, 0xea, 0x05, 0xea, 0x46, 0xfa, 0xc5, 0xb1, 0x00, 0x00, 0xed, 0x83, 0xfc, 0xff, 0xb9, 0xff, 0xda, 0xff, 0xdb, 0xff, 0xdb, 0xff, 0xdb, 0xff,
    0xdb, 0xff, 0xfb, 0xff, 0xdb, 0xff, 0xdb, 0xff, 0xdb, 0xff, 0xdb, 0xff, 0xdb, 0xff, 0xdb, 0xff, 0xdb, 0xff, 0xdb, 0xff, 0xdc, 0xff, 0xdb, 0xff, 0xfb, 0xff, 0xdb, 0xff, 0xda, 0xff, 0xdb, 0xff, 0xdb, 0xff, 0xda, 0xff, 0xda, 0xff, 0xfb, 0xff,
    0x98, 0xff, 0xb1, 0xf6, 0xcb, 0xf5, 0xa8, 0xfd, 0x69, 0xbc, 0x00, 0x00, 0x00, 0x00, 0x30, 0x84, 0xff, 0xff, 0x9e, 0xf7, 0xae, 0x73, 0x00, 0x00, 0xca, 0x5a, 0x5d, 0xef, 0xff, 0xff, 0xff, 0xff, 0xff, 0xff, 0xff, 0xff, 0xff, 0xff, 0xdf, 0xff,
    0xff, 0xff, 0xff, 0xff, 0xff, 0xff, 0xff, 0xff, 0xff, 0xff, 0xff, 0xff, 0xff, 0xff, 0xfe, 0xff, 0xff, 0xff, 0xff, 0xff, 0xcf, 0x7b, 0x20, 0x00, 0x4c, 0x6b, 0xaa, 0x52, 0x00, 0x00, 0x20, 0x08, 0x87, 0xcc, 0xe8, 0xfd, 0xca, 0xf5, 0xa8, 0xfd,
    0xa9, 0xfd, 0xf4, 0xf6, 0xfb, 0xff, 0xfb, 0xff, 0xdb, 0xff, 0xdb, 0xff, 0xdb, 0xff, 0xdb, 0xff, 0xdb, 0xff, 0xdb, 0xff, 0xfb, 0xff, 0xdb, 0xff, 0xdb, 0xff, 0xdb, 0xff, 0xfb, 0xff, 0xdb, 0xff, 0xdb, 0xff, 0xdb, 0xff, 0xdb, 0xff, 0xdb, 0xff,
    0xdb, 0xff, 0xdb, 0xff, 0xdb, 0xff, 0xdb, 0xff, 0xdb, 0xff, 0xda, 0xff, 0xba, 0xff, 0xfd, 0xff, 0x6c, 0x6b, 0x00, 0x00, 0xc5, 0xc1, 0x05, 0xf2, 0xe5, 0xe9, 0x05, 0xea, 0x05, 0xea, 0x05, 0xea, 0x05, 0xea, 0x05, 0xea, 0x05, 0xea, 0x05, 0xea,
    0x05, 0xea, 0x05, 0xea, 0x05, 0xea, 0x05, 0xea, 0x05, 0xea, 0x05, 0xea, 0x05, 0xea, 0x25, 0xea, 0x05, 0xea, 0x05, 0xea, 0x45, 0xfa, 0xe5, 0xb1, 0x00, 0x00, 0xed, 0x83, 0xfc, 0xff, 0xba, 0xff, 0xfa, 0xff, 0xda, 0xff, 0xdb, 0xff, 0xfb, 0xff,
    0xdb, 0xff, 0xdb, 0xff, 0xdb, 0xff, 0xdb, 0xff, 0xdb, 0xff, 0xdb, 0xff, 0xdb, 0xff, 0xdb, 0xff, 0xdb, 0xff, 0xdb, 0xff, 0xdb, 0xff, 0xdb, 0xff, 0xdb, 0xff, 0xdb, 0xff, 0xdb, 0xff, 0xfb, 0xff, 0xdb, 0xff, 0xdb, 0xff, 0xdb, 0xff, 0xda, 0xff,
    0xfb, 0xff, 0xfb, 0xff, 0x77, 0xff, 0x90, 0xfe, 0x22, 0x31, 0x00, 0x00, 0xc2, 0x18, 0x9d, 0xf7, 0xdf, 0xff, 0xff, 0xff, 0xff, 0xff, 0x79, 0xce, 0x65, 0x31, 0xb2, 0x94, 0xff, 0xff, 0xde, 0xff, 0xff, 0xff, 0xff, 0xff, 0xff, 0xff, 0xdf, 0xff,
    0xff, 0xff, 0xff, 0xff, 0xff, 0xff, 0xff, 0xff, 0xff, 0xff, 0xff, 0xff, 0xfe, 0xff, 0xff, 0xff, 0x79, 0xce, 0x44, 0x29, 0x24, 0x21, 0xb6, 0xbd, 0xff, 0xff, 0xda, 0xde, 0x20, 0x08, 0x00, 0x00, 0xe5, 0x41, 0x4c, 0xfe, 0x87, 0xfd, 0xca, 0xf5,
    0x36, 0xff, 0xda, 0xff, 0xdb, 0xff, 0xdb, 0xff, 0xdb, 0xff, 0xdb, 0xff, 0xdb, 0xff, 0xdb, 0xff, 0xdb, 0xff, 0xfb, 0xff, 0xdb, 0xff, 0xfb, 0xff, 0xdb, 0xff, 0xdb, 0xff, 0xdb, 0xff, 0xdb, 0xff, 0xdb, 0xff, 0xda, 0xff, 0xda, 0xff, 0xdb, 0xff,
    0xdb, 0xff, 0xdb, 0xff, 0xdb, 0xff, 0xdb, 0xff, 0xda, 0xff, 0xda, 0xff, 0xba, 0xf7, 0xfd, 0xff, 0xed, 0x7b, 0x00, 0x00, 0xa5, 0xb1, 0x25, 0xfa, 0x05, 0xea, 0x05, 0xea, 0x05, 0xea, 0x05, 0xea, 0x05, 0xea, 0x05, 0xea, 0x05, 0xea, 0x05, 0xea,
    0x05, 0xea, 0x05, 0xea, 0x25, 0xea, 0x25, 0xea, 0x25, 0xea, 0x25, 0xea, 0x25, 0xea, 0x25, 0xea, 0x25, 0xea, 0x05, 0xea, 0x45, 0xfa, 0xc4, 0xa9, 0x00, 0x00, 0x2e, 0x8c, 0xfc, 0xff, 0xb9, 0xff, 0xfa, 0xff, 0xda, 0xff, 0xda, 0xff, 0xdb, 0xff,
    0xdb, 0xff, 0xdb, 0xff, 0xdb, 0xff, 0xdb, 0xff, 0xdb, 0xff, 0xdb, 0xff, 0xdb, 0xff, 0xdb, 0xff, 0xdb, 0xff, 0xdb, 0xff, 0xdb, 0xff, 0xdb, 0xff, 0xdb, 0xff, 0xdb, 0xff, 0xdc, 0xff, 0xdb, 0xff, 0xdb, 0xff, 0xdb, 0xff, 0xdb, 0xff, 0xdb, 0xff,
    0xda, 0xff, 0xb9, 0xff, 0xfd, 0xff, 0x6f, 0x8c, 0x00, 0x00, 0x00, 0x00, 0xb2, 0x94, 0xff, 0xff, 0xde, 0xff, 0xff, 0xff, 0xde, 0xff, 0xff, 0xff, 0xff, 0xff, 0xde, 0xff, 0xff, 0xff, 0xff, 0xff, 0xff, 0xff, 0xff, 0xff, 0xff, 0xff, 0xdf, 0xff,
    0xff, 0xff, 0xff, 0xff, 0xff, 0xff, 0xff, 0xff, 0xff, 0xff, 0xfe, 0xff, 0xff, 0xff, 0x1b, 0xe7, 0xc3, 0x18, 0x2c, 0x63, 0xdf, 0xff, 0xff, 0xff, 0xde, 0xf7, 0xff, 0xff, 0x8e, 0x73, 0x00, 0x00, 0x00, 0x00, 0x87, 0x9b, 0x4c, 0xfe, 0x57, 0xf7,
    0xfb, 0xff, 0xda, 0xff, 0xda, 0xff, 0xdb, 0xff, 0xdb, 0xff, 0xdb, 0xff, 0xdb, 0xff, 0xdb, 0xff, 0xdb, 0xff, 0xdb, 0xff, 0xdb, 0xff, 0xfb, 0xff, 0xfc, 0xff, 0xfb, 0xff, 0xdb, 0xff, 0xdb, 0xff, 0xdb, 0xff, 0xfb, 0xff, 0xda, 0xff, 0xda, 0xff,
    0xda, 0xff, 0xda, 0xff, 0xda, 0xff, 0xda, 0xff, 0xda, 0xff, 0xda, 0xff, 0xba, 0xff, 0xfd, 0xff, 0x90, 0x94, 0x00, 0x00, 0x84, 0x99, 0x25, 0xfa, 0xe5, 0xe9, 0x05, 0xea, 0x05, 0xea, 0x05, 0xea, 0x05, 0xea, 0x05, 0xea, 0x05, 0xea, 0x05, 0xea,
    0x05, 0xea, 0x05, 0xea, 0x25, 0xea, 0x25, 0xea, 0x25, 0xea, 0x25, 0xea, 0x25, 0xea, 0x25, 0xea, 0x05, 0xea, 0x05, 0xea, 0x45, 0xfa, 0xa4, 0x99, 0x00, 0x00, 0xb0, 0x9c, 0xfc, 0xff, 0xb9, 0xff, 0xda, 0xff, 0xda, 0xff, 0xda, 0xff, 0xda, 0xff,
    0xdb, 0xff, 0xdb, 0xff, 0xdb, 0xff, 0xdb, 0xff, 0xdb, 0xff, 0xdb, 0xff, 0xdb, 0xff, 0xdb, 0xff, 0xdb, 0xff, 0xdb, 0xff, 0xdb, 0xff, 0xdb, 0xff, 0xdb, 0xff, 0xdc, 0xff, 0xdc, 0xff, 0xdb, 0xff, 0xdb, 0xff, 0xdb, 0xff, 0xdb, 0xff, 0xdb, 0xff,
    0xba, 0xff, 0xfc, 0xff, 0x97, 0xd6, 0x40, 0x08, 0x00, 0x00, 0xa6, 0x39, 0xdf, 0xff, 0xff, 0xff, 0xff, 0xff, 0xff, 0xff, 0xff, 0xff, 0xde, 0xff, 0xff, 0xff, 0xff, 0xff, 0xff, 0xff, 0xff, 0xff, 0xff, 0xff, 0xff, 0xff, 0xff, 0xff, 0xff, 0xff,
    0xff, 0xff, 0xff, 0xff, 0xff, 0xff, 0xff, 0xff, 0xff, 0xff, 0xff, 0xff, 0xff, 0xff, 0x9d, 0xf7, 0xfb, 0xde, 0xff, 0xff, 0xff, 0xff, 0xfe, 0xff, 0xff, 0xff, 0xff, 0xff, 0x9e, 0xf7, 0x04, 0x21, 0x00, 0x00, 0x40, 0x08, 0x14, 0xce, 0xfc, 0xff,
    0xba, 0xff, 0xda, 0xff, 0xda, 0xff, 0xdb, 0xff, 0xdb, 0xff, 0xdb, 0xff, 0xda, 0xff, 0xda, 0xff, 0xda, 0xff, 0xdb, 0xff, 0xdb, 0xff, 0xdb, 0xff, 0xdb, 0xff, 0xdb, 0xff, 0xdb, 0xff, 0xda, 0xff, 0xda, 0xff, 0xda, 0xff, 0xda, 0xff, 0xda, 0xff,
    0xda, 0xff, 0xda, 0xff, 0xda, 0xff, 0xda, 0xff, 0xda, 0xff, 0xda, 0xff, 0xba, 0xff, 0xfc, 0xff, 0x73, 0xb5, 0x00, 0x00, 0x64, 0x81, 0x25, 0xfa, 0xe5, 0xe9, 0x05, 0xea, 0x05, 0xea, 0x05, 0xea, 0x05, 0xea, 0x05, 0xea, 0x05, 0xea, 0x05, 0xea,
    0x05, 0xea, 0x05, 0xea, 0x05, 0xea, 0x25, 0xea, 0x25, 0xea, 0x25, 0xea, 0x25, 0xea, 0x25, 0xea, 0x05, 0xea, 0x05, 0xea, 0x45, 0xfa, 0x64, 0x89, 0x00, 0x00, 0x72, 0xb5, 0xfb, 0xff, 0xb9, 0xff, 0xda, 0xff, 0xda, 0xff, 0xda, 0xff, 0xda, 0xff,
    0xda, 0xff, 0xda, 0xff, 0xdb, 0xff, 0xdb, 0xff, 0xdb, 0xff, 0xdb, 0xff, 0xdb, 0xff, 0xdb, 0xff, 0xdb, 0xff, 0xdb, 0xff, 0xdb, 0xff, 0xdb, 0xff, 0xdb, 0xff, 0xdb, 0xff, 0xdb, 0xff, 0xdb, 0xff, 0xdb, 0xff, 0xdb, 0xff, 0xdb, 0xff, 0xda, 0xff,
    0xdb, 0xff, 0xdc, 0xff, 0x85, 0x31, 0x00, 0x00, 0x20, 0x00, 0x79, 0xce, 0xff, 0xff, 0xde, 0xff, 0xff, 0xff, 0xff, 0xff, 0xff, 0xff, 0xff, 0xff, 0xff, 0xff, 0xff, 0xff, 0xff, 0xff, 0xff, 0xff, 0xff, 0xff, 0xff, 0xff, 0xff, 0xff, 0xff, 0xff,
    0xff, 0xff, 0xff, 0xff, 0xff, 0xff, 0xff, 0xff, 0xff, 0xff, 0xff, 0xff, 0xff, 0xff, 0xff, 0xff, 0xff, 0xff, 0xde, 0xff, 0xff, 0xff, 0xff, 0xff, 0xff, 0xff, 0xfe, 0xff, 0xff, 0xff, 0x18, 0xc6, 0x20, 0x00, 0x00, 0x00, 0x44, 0x29, 0x5a, 0xef,
    0xfb, 0xff, 0xda, 0xff, 0xda, 0xff, 0xda, 0xff, 0xdb, 0xff, 0xda, 0xff, 0xda, 0xff, 0xda, 0xff, 0xda, 0xff, 0xda, 0xff, 0xdb, 0xff, 0xdb, 0xff, 0xda, 0xff, 0xda, 0xff, 0xda, 0xff, 0xda, 0xff, 0xda, 0xff, 0xda, 0xff, 0xda, 0xff, 0xda, 0xff,
    0xda, 0xff, 0xda, 0xff, 0xda, 0xff, 0xda, 0xff, 0xda, 0xff, 0xda, 0xff, 0xda, 0xff, 0xfb, 0xff, 0x97, 0xd6, 0x00, 0x00, 0xe2, 0x58, 0x25, 0xfa, 0xe5, 0xe9, 0x05, 0xea, 0x05, 0xea, 0x05, 0xea, 0x05, 0xea, 0x05, 0xea, 0x05, 0xea, 0x05, 0xea,
    0x05, 0xea, 0x05, 0xea, 0x05, 0xea, 0x05, 0xea, 0x25, 0xea, 0x05, 0xea, 0x05, 0xea, 0x25, 0xea, 0x05, 0xea, 0x05, 0xea, 0x46, 0xfa, 0x03, 0x61, 0x00, 0x00, 0x76, 0xd6, 0xfb, 0xff, 0xd9, 0xff, 0xda, 0xff, 0xda, 0xff, 0xda, 0xff, 0xda, 0xff,
    0xda, 0xff, 0xda, 0xff, 0xda, 0xff, 0xda, 0xff, 0xdb, 0xff, 0xdb, 0xff, 0xdb, 0xff, 0xdb, 0xff, 0xdb, 0xff, 0xdb, 0xff, 0xdb, 0xff, 0xdb, 0xff, 0xdb, 0xff, 0xda, 0xff, 0xdb, 0xff, 0xdb, 0xff, 0xdb, 0xff, 0xda, 0xff, 0xba, 0xff, 0xda, 0xff,
    0xfc, 0xff, 0xa9, 0x5a, 0x00, 0x00, 0x00, 0x00, 0x30, 0x84, 0xff, 0xff, 0xde, 0xff, 0xff, 0xff, 0xff, 0xff, 0xff, 0xff, 0xff, 0xff, 0xff, 0xff, 0xff, 0xff, 0xff, 0xff, 0xff, 0xff, 0xff, 0xff, 0xff, 0xff, 0xff, 0xff, 0xff, 0xff, 0xde, 0xff,
    0xff, 0xff, 0xff, 0xff, 0xff, 0xff, 0xff, 0xff, 0xff, 0xff, 0xff, 0xff, 0xff, 0xff, 0xfe, 0xff, 0xfe, 0xff, 0xff, 0xff, 0xff, 0xff, 0xff, 0xff, 0xff, 0xff, 0xff, 0xff, 0xfe, 0xff, 0xff, 0xff, 0xd3, 0x9c, 0x00, 0x00, 0x00, 0x00, 0xe6, 0x39,
    0xbb, 0xf7, 0xfb, 0xff, 0xda, 0xff, 0xdb, 0xff, 0xda, 0xff, 0xda, 0xff, 0xfb, 0xff, 0xda, 0xff, 0xda, 0xff, 0xda, 0xff, 0xda, 0xff, 0xdb, 0xff, 0xda, 0xff, 0xda, 0xff, 0xda, 0xff, 0xda, 0xff, 0xda, 0xff, 0xda, 0xff, 0xda, 0xff, 0xda, 0xff,
    0xda, 0xff, 0xda, 0xff, 0xda, 0xff, 0xda, 0xff, 0xda, 0xff, 0xda, 0xff, 0xda, 0xff, 0xfa, 0xff, 0xba, 0xf7, 0xe3, 0x18, 0x20, 0x18, 0x26, 0xea, 0xe5, 0xe9, 0xe5, 0xe9, 0xe5, 0xe9, 0x05, 0xea, 0x05, 0xea, 0x05, 0xea, 0x05, 0xea, 0x05, 0xea,
    0x05, 0xea, 0x05, 0xea, 0x05, 0xea, 0x05, 0xea, 0x05, 0xea, 0x05, 0xea, 0x05, 0xea, 0x05, 0xea, 0x05, 0xea, 0x05, 0xea, 0x46, 0xf2, 0x61, 0x30, 0xa2, 0x08, 0x79, 0xf7, 0xfa, 0xff, 0xda, 0xff, 0xda, 0xff, 0xda, 0xff, 0xda, 0xff, 0xda, 0xff,
    0xda, 0xff, 0xda, 0xff, 0xda, 0xff, 0xda, 0xff, 0xdb, 0xff, 0xdb, 0xff, 0xda, 0xff, 0xda, 0xff, 0xda, 0xff, 0xdb, 0xff, 0xdb, 0xff, 0xdb, 0xff, 0xda, 0xff, 0xda, 0xff, 0xda, 0xff, 0xda, 0xff, 0xda, 0xff, 0xda, 0xff, 0xba, 0xff, 0xfd, 0xff,
    0x4b, 0x6b, 0x00, 0x00, 0x00, 0x00, 0xaa, 0x5a, 0xff, 0xff, 0xde, 0xff, 0xff, 0xff, 0xff, 0xff, 0xff, 0xff, 0xff, 0xff, 0xfe, 0xff, 0xfe, 0xff, 0xfe, 0xff, 0xfe, 0xff, 0xff, 0xff, 0xff, 0xff, 0xfe, 0xff, 0xfe, 0xff, 0xff, 0xff, 0xde, 0xff,
    0xff, 0xff, 0xff, 0xff, 0xff, 0xff, 0xff, 0xff, 0xff, 0xff, 0xff, 0xff, 0xff, 0xff, 0xfe, 0xff, 0xff, 0xff, 0xff, 0xff, 0xff, 0xff, 0xff, 0xff, 0xff, 0xff, 0xff, 0xff, 0xff, 0xff, 0xdf, 0xff, 0xff, 0xff, 0x0f, 0x84, 0x00, 0x00, 0x00, 0x00,
    0x07, 0x42, 0xbb, 0xf7, 0xfc, 0xff, 0xdb, 0xff, 0xdb, 0xff, 0xda, 0xff, 0xda, 0xff, 0xda, 0xff, 0xda, 0xff, 0xda, 0xff, 0xda, 0xff, 0xda, 0xff, 0xda, 0xff, 0xda, 0xff, 0xda, 0xff, 0xda, 0xff, 0xda, 0xff, 0xda, 0xff, 0xda, 0xff, 0xda, 0xff,
    0xda, 0xff, 0xda, 0xff, 0xda, 0xff, 0xda, 0xff, 0xda, 0xff, 0xda, 0xff, 0xda, 0xff, 0xb9, 0xff, 0xfc, 0xff, 0xca, 0x5a, 0x00, 0x00, 0xe5, 0xc1, 0x05, 0xf2, 0x05, 0xea, 0x05, 0xea, 0x05, 0xea, 0x05, 0xea, 0x05, 0xea, 0x05, 0xea, 0x05, 0xea,
    0x25, 0xea, 0x25, 0xea, 0x25, 0xea, 0x25, 0xea, 0x25, 0xea, 0x25, 0xea, 0x05, 0xea, 0x05, 0xea, 0x05, 0xea, 0x25, 0xf2, 0x26, 0xd2, 0x00, 0x00, 0x27, 0x42, 0xfb, 0xff, 0xda, 0xff, 0xda, 0xff, 0xd9, 0xff, 0xda, 0xff, 0xda, 0xff, 0xda, 0xff,
    0xda, 0xff, 0xda, 0xff, 0xda, 0xff, 0xda, 0xff, 0xda, 0xff, 0xda, 0xff, 0xda, 0xff, 0xda, 0xff, 0xda, 0xff, 0xda, 0xff, 0xda, 0xff, 0xda, 0xff, 0xda, 0xff, 0xda, 0xff, 0xda, 0xff, 0xda, 0xff, 0xba, 0xff, 0xda, 0xff, 0xfd, 0xff, 0x8d, 0x73,
    0x00, 0x00, 0x00, 0x00, 0x08, 0x42, 0xbe, 0xff, 0xff, 0xff, 0xff, 0xff, 0xff, 0xff, 0xff, 0xff, 0xfe, 0xff, 0xff, 0xff, 0xfe, 0xff, 0xfe, 0xff, 0xfe, 0xff, 0xfe, 0xff, 0xfe, 0xff, 0xff, 0xff, 0xff, 0xff, 0xff, 0xff, 0xff, 0xff, 0xde, 0xff,
    0xff, 0xff, 0xff, 0xff, 0xff, 0xff, 0xff, 0xff, 0xff, 0xff, 0xff, 0xff, 0xff, 0xff, 0xff, 0xff, 0xff, 0xff, 0xff, 0xff, 0xff, 0xff, 0xff, 0xff, 0xff, 0xff, 0xff, 0xff, 0xff, 0xff, 0xff, 0xff, 0xdf, 0xff, 0xff, 0xff, 0xef, 0x7b, 0x00, 0x00,
    0x00, 0x00, 0x07, 0x42, 0x5a, 0xef, 0xfc, 0xff, 0xba, 0xff, 0xda, 0xff, 0xda, 0xff, 0xda, 0xff, 0xda, 0xff, 0xda, 0xff, 0xda, 0xff, 0xda, 0xff, 0xdb, 0xff, 0xdb, 0xff, 0xdb, 0xff, 0xda, 0xff, 0xda, 0xff, 0xda, 0xff, 0xda, 0xff, 0xda, 0xff,
    0xda, 0xff, 0xda, 0xff, 0xda, 0xff, 0xda, 0xff, 0xda, 0xff, 0xda, 0xff, 0xda, 0xff, 0xba, 0xff, 0xfc, 0xff, 0x53, 0xb5, 0x00, 0x00, 0x43, 0x71, 0x45, 0xfa, 0x05, 0xe2, 0x05, 0xea, 0x05, 0xea, 0x05, 0xea, 0x05, 0xea, 0x05, 0xea, 0x05, 0xea,
    0x25, 0xea, 0x25, 0xea, 0x26, 0xea, 0x25, 0xea, 0x25, 0xea, 0x25, 0xea, 0x25, 0xea, 0x25, 0xea, 0x05, 0xea, 0x46, 0xfa, 0x84, 0x89, 0x00, 0x00, 0x2e, 0x8c, 0xfc, 0xff, 0xb9, 0xff, 0xda, 0xff, 0xda, 0xff, 0xda, 0xff, 0xda, 0xff, 0xda, 0xff,
    0xda, 0xff, 0xda, 0xff, 0xda, 0xff, 0xda, 0xff, 0xda, 0xff, 0xda, 0xff, 0xda, 0xff, 0xda, 0xff, 0xda, 0xff, 0xda, 0xff, 0xda, 0xff, 0xda, 0xff, 0xda, 0xff, 0xda, 0xff, 0xda, 0xff, 0xb9, 0xff, 0xda, 0xff, 0xfc, 0xff, 0x6c, 0x6b, 0x00, 0x00,
    0x00, 0x00, 0xa6, 0x31, 0x9d, 0xf7, 0xff, 0xff, 0xfe, 0xff, 0xff, 0xff, 0xff, 0xff, 0xfe, 0xff, 0xfe, 0xff, 0xff, 0xff, 0xff, 0xff, 0xfe, 0xff, 0xfe, 0xff, 0xff, 0xff, 0xff, 0xff, 0xfe, 0xff, 0xfe, 0xff, 0xff, 0xff, 0xff, 0xff, 0xff, 0xff,
    0xff, 0xff, 0xff, 0xff, 0xff, 0xff, 0xff, 0xff, 0xff, 0xff, 0xff, 0xff, 0xff, 0xff, 0xff, 0xff, 0xff, 0xff, 0xff, 0xff, 0xff, 0xff, 0xff, 0xff, 0xff, 0xff, 0xff, 0xff, 0xff, 0xff, 0xff, 0xff, 0xff, 0xff, 0xff, 0xff, 0xff, 0xff, 0x0f, 0x84,
    0x00, 0x00, 0x00, 0x00, 0x64, 0x29, 0xb8, 0xde, 0xfd, 0xff, 0xda, 0xff, 0xda, 0xff, 0xdb, 0xff, 0xda, 0xff, 0xda, 0xff, 0xda, 0xff, 0xda, 0xff, 0xda, 0xff, 0xfb, 0xff, 0xfb, 0xff, 0xda, 0xff, 0xda, 0xff, 0xda, 0xff, 0xda, 0xff, 0xda, 0xff,
    0xda, 0xff, 0xda, 0xff, 0xda, 0xff, 0xda, 0xff, 0xda, 0xff, 0xda, 0xff, 0xda, 0xff, 0xda, 0xff, 0xfa, 0xff, 0x9a, 0xf7, 0xe3, 0x18, 0x40, 0x10, 0x26, 0xda, 0x05, 0xf2, 0x05, 0xea, 0x05, 0xea, 0x05, 0xea, 0x05, 0xea, 0x05, 0xea, 0x05, 0xea,
    0x25, 0xea, 0x25, 0xea, 0x25, 0xea, 0x25, 0xea, 0x25, 0xea, 0x05, 0xea, 0x05, 0xea, 0x25, 0xea, 0x25, 0xea, 0x46, 0xf2, 0x81, 0x28, 0x41, 0x08, 0xd7, 0xe6, 0xfb, 0xff, 0xd9, 0xff, 0xda, 0xff, 0xda, 0xff, 0xda, 0xff, 0xda, 0xff, 0xda, 0xff,
    0xda, 0xff, 0xda, 0xff, 0xda, 0xff, 0xda, 0xff, 0xda, 0xff, 0xda, 0xff, 0xda, 0xff, 0xda, 0xff, 0xda, 0xff, 0xda, 0xff, 0xda, 0xff, 0xda, 0xff, 0xda, 0xff, 0xda, 0xff, 0xb9, 0xff, 0xfb, 0xff, 0xbb, 0xf7, 0xca, 0x5a, 0x00, 0x00, 0x00, 0x00,
    0x86, 0x31, 0x5c, 0xef, 0xff, 0xff, 0xfe, 0xff, 0xff, 0xff, 0xff, 0xff, 0xff, 0xff, 0xff, 0xff, 0xff, 0xff, 0xff, 0xff, 0xff, 0xff, 0xff, 0xff, 0xff, 0xff, 0xfe, 0xff, 0xfe, 0xff, 0xff, 0xff, 0xff, 0xff, 0xff, 0xff, 0xff, 0xff, 0xdf, 0xff,
    0xff, 0xff, 0xff, 0xff, 0xff, 0xff, 0xff, 0xff, 0xff, 0xff, 0xff, 0xff, 0xff, 0xff, 0xff, 0xff, 0xff, 0xff, 0xff, 0xff, 0xff, 0xff, 0xff, 0xff, 0xff, 0xff, 0xff, 0xff, 0xff, 0xff, 0xff, 0xff, 0xff, 0xff, 0xff, 0xff, 0xde, 0xff, 0xff, 0xff,
    0xb2, 0x9c, 0x20, 0x00, 0x00, 0x00, 0xc2, 0x18, 0xf2, 0xa4, 0xfd, 0xff, 0xfb, 0xff, 0xba, 0xff, 0xda, 0xff, 0xda, 0xff, 0xda, 0xff, 0xda, 0xff, 0xda, 0xff, 0xda, 0xff, 0xfb, 0xff, 0xda, 0xff, 0xda, 0xff, 0xda, 0xff, 0xda, 0xff, 0xda, 0xff,
    0xda, 0xff, 0xda, 0xff, 0xda, 0xff, 0xda, 0xff, 0xda, 0xff, 0xda, 0xff, 0xda, 0xff, 0xda, 0xff, 0xba, 0xff, 0xfc, 0xff, 0xb0, 0x9c, 0x00, 0x00, 0x23, 0x69, 0x46, 0xfa, 0x05, 0xea, 0x05, 0xea, 0x05, 0xea, 0x05, 0xea, 0x05, 0xea, 0x05, 0xea,
    0x25, 0xea, 0x25, 0xea, 0x25, 0xea, 0x25, 0xea, 0x25, 0xea, 0x05, 0xea, 0x05, 0xea, 0x05, 0xe2, 0x66, 0xfa, 0xa5, 0x99, 0x00, 0x00, 0x0a, 0x63, 0xfc, 0xff, 0xb9, 0xff, 0xda, 0xff, 0xda, 0xff, 0xda, 0xff, 0xdb, 0xff, 0xda, 0xff, 0xda, 0xff,
    0xda, 0xff, 0xda, 0xff, 0xda, 0xff, 0xda, 0xff, 0xda, 0xff, 0xda, 0xff, 0xda, 0xff, 0xda, 0xff, 0xda, 0xff, 0xda, 0xff, 0xda, 0xff, 0xda, 0xff, 0xba, 0xff, 0xba, 0xff, 0xfc, 0xff, 0xf8, 0xde, 0xc6, 0x39, 0x00, 0x00, 0x00, 0x00, 0x28, 0x42,
    0x9d, 0xf7, 0xff, 0xff, 0xfe, 0xff, 0xff, 0xff, 0xff, 0xff, 0xff, 0xff, 0xff, 0xff, 0xff, 0xff, 0xff, 0xff, 0xff, 0xff, 0xff, 0xff, 0xff, 0xff, 0xff, 0xff, 0xff, 0xff, 0xfe, 0xff, 0xff, 0xff, 0xff, 0xff, 0xff, 0xff, 0xff, 0xff, 0xdf, 0xff,
    0xff, 0xff, 0xff, 0xff, 0xff, 0xff, 0xff, 0xff, 0xff, 0xff, 0xff, 0xff, 0xff, 0xff, 0xfe, 0xff, 0xfe, 0xff, 0xff, 0xff, 0xff, 0xff, 0xff, 0xff, 0xff, 0xff, 0xff, 0xff, 0xff, 0xff, 0xff, 0xff, 0xff, 0xff, 0xff, 0xff, 0xff, 0xff, 0xde, 0xff,
    0xff, 0xff, 0xd6, 0xbd, 0x03, 0x21, 0x00, 0x00, 0x00, 0x00, 0x0b, 0x63, 0x5a, 0xef, 0xfc, 0xff, 0xda, 0xff, 0xba, 0xff, 0xda, 0xff, 0xda, 0xff, 0xda, 0xff, 0xda, 0xff, 0xda, 0xff, 0xda, 0xff, 0xda, 0xff, 0xda, 0xff, 0xda, 0xff, 0xda, 0xff,
    0xda, 0xff, 0xda, 0xff, 0xda, 0xff, 0xda, 0xff, 0xda, 0xff, 0xda, 0xff, 0xda, 0xff, 0xda, 0xff, 0xda, 0xff, 0xda, 0xff, 0xfc, 0xff, 0x07, 0x42, 0x00, 0x00, 0xc5, 0xa9, 0x45, 0xfa, 0x05, 0xea, 0x05, 0xea, 0x05, 0xea, 0x05, 0xea, 0x05, 0xea,
    0x25, 0xea, 0x25, 0xea, 0x25, 0xea, 0x25, 0xea, 0x05, 0xea, 0x05, 0xea, 0x05, 0xe2, 0x46, 0xfa, 0x26, 0xd2, 0x41, 0x18, 0xa2, 0x10, 0x18, 0xe7, 0xfa, 0xff, 0xda, 0xff, 0xda, 0xff, 0xda, 0xff, 0xda, 0xff, 0xda, 0xff, 0xdb, 0xff, 0xda, 0xff,
    0xda, 0xff, 0xda, 0xff, 0xda, 0xff, 0xda, 0xff, 0xda, 0xff, 0xda, 0xff, 0xda, 0xff, 0xda, 0xff, 0xda, 0xff, 0xda, 0xff, 0xda, 0xff, 0xba, 0xff, 0xfb, 0xff, 0xfc, 0xff, 0x12, 0xa5, 0xc2, 0x18, 0x00, 0x00, 0x00, 0x00, 0x6d, 0x6b, 0xdf, 0xff,
    0xff, 0xff, 0xfe, 0xff, 0xff, 0xff, 0xff, 0xff, 0xff, 0xff, 0xff, 0xff, 0xfe, 0xff, 0xfe, 0xff, 0xff, 0xff, 0xff, 0xff, 0xff, 0xff, 0xff, 0xff, 0xff, 0xff, 0xff, 0xff, 0xff, 0xff, 0xff, 0xff, 0xff, 0xff, 0xff, 0xff, 0xff, 0xff, 0xff, 0xff,
    0xff, 0xff, 0xff, 0xff, 0xff, 0xff, 0xff, 0xff, 0xff, 0xff, 0xff, 0xff, 0xff, 0xff, 0xff, 0xff, 0xfe, 0xff, 0xff, 0xff, 0xff, 0xff, 0xff, 0xff, 0xff, 0xff, 0xff, 0xff, 0xff, 0xff, 0xff, 0xff, 0xff, 0xff, 0xff, 0xff, 0xff, 0xff, 0xff, 0xff,
    0xde, 0xff, 0xff, 0xff, 0x3c, 0xe7, 0x49, 0x4a, 0x00, 0x00, 0x00, 0x00, 0x24, 0x21, 0x52, 0xad, 0xfb, 0xff, 0xfb, 0xff, 0xda, 0xff, 0xb9, 0xff, 0xda, 0xff, 0xda, 0xff, 0xda, 0xff, 0xda, 0xff, 0xda, 0xff, 0xda, 0xff, 0xda, 0xff, 0xda, 0xff,
    0xda, 0xff, 0xdb, 0xff, 0xdb, 0xff, 0xda, 0xff, 0xda, 0xff, 0xda, 0xff, 0xda, 0xff, 0xda, 0xff, 0xdb, 0xff, 0xda, 0xff, 0xfb, 0xff, 0x19, 0xe7, 0x24, 0x21, 0x00, 0x00, 0xc5, 0xa9, 0x46, 0xfa, 0x25, 0xf2, 0x05, 0xea, 0x05, 0xea, 0x05, 0xea,
    0x05, 0xea, 0x05, 0xea, 0x05, 0xea, 0x05, 0xea, 0x05, 0xea, 0x05, 0xf2, 0x46, 0xfa, 0x26, 0xda, 0x61, 0x20, 0x00, 0x00, 0x73, 0xb5, 0xfc, 0xff, 0xb9, 0xff, 0xda, 0xff, 0xda, 0xff, 0xda, 0xff, 0xda, 0xff, 0xda, 0xff, 0xdb, 0xff, 0xdb, 0xff,
    0xdb, 0xff, 0xdb, 0xff, 0xda, 0xff, 0xda, 0xff, 0xda, 0xff, 0xda, 0xff, 0xda, 0xff, 0xda, 0xff, 0xda, 0xff, 0xb9, 0xff, 0xfb, 0xff, 0xfc, 0xff, 0x56, 0xce, 0x68, 0x52, 0x00, 0x00, 0x00, 0x00, 0xa2, 0x10, 0x14, 0xa5, 0xff, 0xff, 0xff, 0xff,
    0xff, 0xff, 0xff, 0xff, 0xff, 0xff, 0xff, 0xff, 0xff, 0xff, 0xfe, 0xff, 0xfe, 0xff, 0xfe, 0xff, 0xfe, 0xff, 0xff, 0xff, 0xff, 0xff, 0xff, 0xff, 0xff, 0xff, 0xff, 0xff, 0xff, 0xff, 0xff, 0xff, 0xff, 0xff, 0xff, 0xff, 0xff, 0xff, 0xff, 0xff,
    0xff, 0xff, 0xff, 0xff, 0xff, 0xff, 0xff, 0xff, 0xff, 0xff, 0xff, 0xff, 0xff, 0xff, 0xfe, 0xff, 0xfe, 0xff, 0xff, 0xff, 0xff, 0xff, 0xff, 0xff, 0xff, 0xff, 0xff, 0xff, 0xff, 0xff, 0xff, 0xff, 0xff, 0xff, 0xff, 0xff, 0xff, 0xff, 0xff, 0xff,
    0xff, 0xff, 0xde, 0xff, 0xff, 0xff, 0xff, 0xff, 0xb2, 0x94, 0xc2, 0x18, 0x00, 0x00, 0x00, 0x00, 0x07, 0x42, 0xb4, 0xbd, 0xfb, 0xff, 0xfb, 0xff, 0xda, 0xff, 0xb9, 0xff, 0xba, 0xff, 0xda, 0xff, 0xda, 0xff, 0xda, 0xff, 0xda, 0xff, 0xda, 0xff,
    0xda, 0xff, 0xda, 0xff, 0xdb, 0xff, 0xda, 0xff, 0xda, 0xff, 0xda, 0xff, 0xda, 0xff, 0xda, 0xff, 0xda, 0xff, 0xfb, 0xff, 0xda, 0xff, 0xfc, 0xff, 0xf9, 0xe6, 0xa6, 0x31, 0x00, 0x00, 0xe2, 0x68, 0x26, 0xda, 0x66, 0xfa, 0x46, 0xfa, 0x46, 0xfa,
    0x26, 0xfa, 0x26, 0xfa, 0x26, 0xfa, 0x46, 0xfa, 0x46, 0xfa, 0x26, 0xe2, 0x64, 0x89, 0x00, 0x08, 0x41, 0x00, 0x32, 0xad, 0xfc, 0xff, 0xd9, 0xff, 0xda, 0xff, 0xda, 0xff, 0xda, 0xff, 0xda, 0xff, 0xda, 0xff, 0xda, 0xff, 0xda, 0xff, 0xdb, 0xff,
    0xdb, 0xff, 0xdb, 0xff, 0xda, 0xff, 0xda, 0xff, 0xda, 0xff, 0xda, 0xff, 0xba, 0xff, 0xba, 0xff, 0xfb, 0xff, 0xfc, 0xff, 0xb7, 0xde, 0x4b, 0x6b, 0x20, 0x00, 0x00, 0x00, 0x20, 0x00, 0x08, 0x42, 0x5d, 0xef, 0xff, 0xff, 0xfe, 0xff, 0xff, 0xff,
    0xff, 0xff, 0xff, 0xff, 0xff, 0xff, 0xfe, 0xff, 0xff, 0xff, 0xfe, 0xff, 0xfe, 0xff, 0xff, 0xff, 0xfe, 0xff, 0xfe, 0xff, 0xff, 0xff, 0xff, 0xff, 0xff, 0xff, 0xff, 0xff, 0xff, 0xff, 0xff, 0xff, 0xff, 0xff, 0xff, 0xff, 0xff, 0xff, 0xdf, 0xff,
    0xff, 0xff, 0xff, 0xff, 0xff, 0xff, 0xff, 0xff, 0xff, 0xff, 0xff, 0xff, 0xff, 0xff, 0xff, 0xff, 0xff, 0xff, 0xff, 0xff, 0xff, 0xff, 0xff, 0xff, 0xff, 0xff, 0xff, 0xff, 0xff, 0xff, 0xff, 0xff, 0xff, 0xff, 0xff, 0xff, 0xff, 0xff, 0xff, 0xff,
    0xff, 0xff, 0xff, 0xff, 0xff, 0xff, 0xfe, 0xff, 0xff, 0xff, 0x5d, 0xef, 0x0b, 0x63, 0x20, 0x00, 0x00, 0x00, 0x00, 0x00, 0xe6, 0x41, 0x31, 0xad, 0x79, 0xef, 0xfc, 0xff, 0xfb, 0xff, 0xda, 0xff, 0xb9, 0xff, 0xda, 0xff, 0xda, 0xff, 0xdb, 0xff,
    0xdb, 0xff, 0xda, 0xff, 0xda, 0xff, 0xda, 0xff, 0xda, 0xff, 0xda, 0xff, 0xda, 0xff, 0xda, 0xff, 0xda, 0xff, 0xda, 0xff, 0xfb, 0xff, 0xda, 0xff, 0xfb, 0xff, 0xbb, 0xff, 0x2e, 0x84, 0xa2, 0x08, 0x00, 0x00, 0x40, 0x38, 0x02, 0x71, 0x64, 0x99,
    0x84, 0xa9, 0x64, 0xa9, 0x44, 0x99, 0x03, 0x79, 0x61, 0x40, 0x00, 0x08, 0x00, 0x00, 0x68, 0x4a, 0x97, 0xd6, 0xfc, 0xff, 0xda, 0xff, 0xda, 0xff, 0xda, 0xff, 0xda, 0xff, 0xda, 0xff, 0xda, 0xff, 0xda, 0xff, 0xda, 0xff, 0xda, 0xff, 0xda, 0xff,
    0xda, 0xff, 0xda, 0xff, 0xda, 0xff, 0xda, 0xff, 0xb9, 0xff, 0xda, 0xff, 0xfb, 0xff, 0xfc, 0xff, 0x76, 0xce, 0x2b, 0x6b, 0x41, 0x08, 0x00, 0x00, 0x00, 0x00, 0x81, 0x18, 0x00, 0x00, 0x04, 0x21, 0x75, 0xad, 0xff, 0xff, 0xde, 0xff, 0xff, 0xff,
    0xff, 0xff, 0xff, 0xff, 0xff, 0xff, 0xfe, 0xff, 0xff, 0xff, 0xff, 0xff, 0xff, 0xff, 0xff, 0xff, 0xfe, 0xff, 0xff, 0xff, 0xff, 0xff, 0xff, 0xff, 0xfe, 0xff, 0xff, 0xff, 0xff, 0xff, 0xff, 0xff, 0xff, 0xff, 0xff, 0xff, 0xff, 0xff, 0xdf, 0xff,
    0xff, 0xff, 0xff, 0xff, 0xff, 0xff, 0xff, 0xff, 0xff, 0xff, 0xff, 0xff, 0xff, 0xff, 0xff, 0xff, 0xff, 0xff, 0xff, 0xff, 0xff, 0xff, 0xff, 0xff, 0xff, 0xff, 0xff, 0xff, 0xff, 0xff, 0xff, 0xff, 0xff, 0xff, 0xff, 0xff, 0xff, 0xff, 0xff, 0xff,
    0xff, 0xff, 0xff, 0xff, 0xff, 0xff, 0xde, 0xff, 0xff, 0xff, 0x7d, 0xef, 0x48, 0x4a, 0x00, 0x00, 0xe2, 0x20, 0x61, 0x10, 0x00, 0x00, 0x00, 0x00, 0x03, 0x21, 0xed, 0x7b, 0x56, 0xce, 0xdb, 0xff, 0xfd, 0xff, 0xfc, 0xff, 0xdb, 0xff, 0xba, 0xff,
    0xba, 0xff, 0xda, 0xff, 0xda, 0xff, 0xda, 0xff, 0xda, 0xff, 0xda, 0xff, 0xda, 0xff, 0xda, 0xff, 0xda, 0xff, 0xda, 0xff, 0xda, 0xff, 0xda, 0xff, 0xda, 0xff, 0xda, 0xff, 0xfc, 0xff, 0x59, 0xf7, 0x11, 0xa5, 0xea, 0x52, 0x65, 0x21, 0xc3, 0x10,
    0x82, 0x08, 0x82, 0x08, 0xa2, 0x10, 0x44, 0x19, 0x48, 0x42, 0xee, 0x7b, 0x76, 0xd6, 0xfc, 0xff, 0xfb, 0xff, 0xda, 0xff, 0xda, 0xff, 0xda, 0xff, 0xda, 0xff, 0xda, 0xff, 0xda, 0xff, 0xd9, 0xff, 0xda, 0xff, 0xda, 0xff, 0xda, 0xff, 0xda, 0xff,
    0xba, 0xff, 0xba, 0xff, 0xfa, 0xff, 0xfb, 0xff, 0xfc, 0xff, 0xdb, 0xff, 0xb4, 0xbd, 0x89, 0x52, 0x00, 0x00, 0x00, 0x00, 0x00, 0x00, 0x42, 0x41, 0x25, 0xab, 0xe8, 0xec, 0xe4, 0x59, 0x00, 0x00, 0x00, 0x00, 0x13, 0xa5, 0xff, 0xff, 0xde, 0xff,
    0xff, 0xff, 0xff, 0xff, 0xff, 0xff, 0xff, 0xff, 0xff, 0xff, 0xff, 0xff, 0xfe, 0xff, 0xff, 0xff, 0xff, 0xff, 0xff, 0xff, 0xff, 0xff, 0xff, 0xff, 0xfe, 0xff, 0xff, 0xff, 0xff, 0xff, 0xff, 0xff, 0xff, 0xff, 0xff, 0xff, 0xff, 0xff, 0xdf, 0xff,
    0xff, 0xff, 0xff, 0xff, 0xff, 0xff, 0xff, 0xff, 0xff, 0xff, 0xff, 0xff, 0xfe, 0xff, 0xff, 0xff, 0xff, 0xff, 0xff, 0xff, 0xff, 0xff, 0xff, 0xff, 0xff, 0xff, 0xff, 0xff, 0xff, 0xff, 0xff, 0xff, 0xff, 0xff, 0xfe, 0xff, 0xff, 0xff, 0xff, 0xff,
    0xff, 0xff, 0xff, 0xff, 0xfe, 0xff, 0xff, 0xff, 0x3c, 0xe7, 0x45, 0x29, 0x00, 0x00, 0x43, 0x29, 0xad, 0xe6, 0x0c, 0xde, 0xa5, 0x72, 0xa2, 0x18, 0x00, 0x00, 0x00, 0x00, 0x20, 0x00, 0xc6, 0x39, 0x4f, 0x8c, 0x76, 0xce, 0xdb, 0xff, 0xfd, 0xff,
    0xfc, 0xff, 0xfb, 0xff, 0xfa, 0xff, 0xda, 0xff, 0xda, 0xff, 0xda, 0xff, 0xda, 0xff, 0xd9, 0xff, 0xd9, 0xff, 0xd9, 0xff, 0xd9, 0xff, 0xda, 0xff, 0xda, 0xff, 0xd9, 0xff, 0xb9, 0xff, 0xfa, 0xff, 0xfc, 0xff, 0xfc, 0xff, 0xfb, 0xff, 0x9a, 0xf7,
    0x59, 0xef, 0x59, 0xef, 0x79, 0xf7, 0xda, 0xff, 0xfc, 0xff, 0xfc, 0xff, 0xfa, 0xff, 0xd9, 0xff, 0xd9, 0xff, 0xd9, 0xff, 0xda, 0xff, 0xd9, 0xff, 0xd9, 0xff, 0xd9, 0xff, 0xd9, 0xff, 0xd9, 0xff, 0xd9, 0xff, 0xda, 0xff, 0xda, 0xff, 0xfb, 0xff,
    0xfc, 0xff, 0xfc, 0xff, 0xdb, 0xff, 0x15, 0xc6, 0x8d, 0x73, 0x45, 0x29, 0x00, 0x00, 0x00, 0x00, 0xa1, 0x20, 0x44, 0x72, 0xc6, 0xc3, 0x27, 0xfd, 0x67, 0xfd, 0x88, 0xfd, 0xaa, 0xfd, 0xe4, 0x49, 0x00, 0x00, 0x00, 0x00, 0xb6, 0xb5, 0xff, 0xff,
    0xde, 0xff, 0xff, 0xff, 0xff, 0xff, 0xff, 0xff, 0xff, 0xff, 0xfe, 0xff, 0xfe, 0xff, 0xfe, 0xff, 0xff, 0xff, 0xff, 0xff, 0xfe, 0xff, 0xff, 0xff, 0xff, 0xff, 0xff, 0xff, 0xff, 0xff, 0xff, 0xff, 0xff, 0xff, 0xff, 0xff, 0xff, 0xff, 0xdf, 0xff,
    0xff, 0xff, 0xff, 0xff, 0xff, 0xff, 0xff, 0xff, 0xff, 0xff, 0xff, 0xff, 0xff, 0xff, 0xff, 0xff, 0xff, 0xff, 0xff, 0xff, 0xff, 0xff, 0xfe, 0xff, 0xff, 0xff, 0xff, 0xff, 0xff, 0xff, 0xff, 0xff, 0xff, 0xff, 0xff, 0xff, 0xfe, 0xff, 0xff, 0xff,
    0xff, 0xff, 0xff, 0xff, 0xff, 0xff, 0x7d, 0xef, 0x86, 0x31, 0x00, 0x00, 0x23, 0x29, 0x8d, 0xe6, 0x6d, 0xff, 0x08, 0xfe, 0xc7, 0xfd, 0x28, 0xed, 0xa7, 0xa3, 0xc8, 0x62, 0x03, 0x21, 0x00, 0x00, 0x00, 0x00, 0x00, 0x00, 0x65, 0x29, 0x2b, 0x63,
    0x90, 0x94, 0x77, 0xd6, 0xba, 0xff, 0xfb, 0xff, 0xd9, 0xff, 0xd9, 0xff, 0xda, 0xff, 0xd9, 0xff, 0xd9, 0xff, 0xd9, 0xff, 0xd9, 0xff, 0xd9, 0xff, 0xfa, 0xff, 0xd9, 0xff, 0xd9, 0xff, 0xd9, 0xff, 0xb9, 0xff, 0xb8, 0xff, 0xd9, 0xff, 0xf9, 0xff,
    0xfa, 0xff, 0xfa, 0xff, 0xf9, 0xff, 0xd9, 0xff, 0xd9, 0xff, 0xb9, 0xff, 0xd9, 0xff, 0xda, 0xff, 0xda, 0xff, 0xd9, 0xff, 0xda, 0xff, 0xda, 0xff, 0xd9, 0xff, 0xd9, 0xff, 0xd9, 0xff, 0xd9, 0xff, 0xda, 0xff, 0xfa, 0xff, 0xfb, 0xff, 0x3a, 0xef,
    0x12, 0xa5, 0x2b, 0x63, 0x24, 0x21, 0x00, 0x00, 0x00, 0x00, 0x61, 0x10, 0x04, 0x5a, 0xa6, 0xab, 0xc7, 0xf4, 0x47, 0xfd, 0x67, 0xfd, 0x47, 0xfd, 0x47, 0xf5, 0x47, 0xf5, 0x88, 0xfd, 0xaa, 0xf5, 0x83, 0x39, 0x00, 0x00, 0x61, 0x08, 0x58, 0xce,
    0xff, 0xff, 0xfe, 0xff, 0xff, 0xff, 0xff, 0xff, 0xff, 0xff, 0xff, 0xff, 0xfe, 0xff, 0xfe, 0xff, 0xff, 0xff, 0xff, 0xff, 0xfe, 0xff, 0xfe, 0xff, 0xff, 0xff, 0xff, 0xff, 0xff, 0xff, 0xff, 0xff, 0xff, 0xff, 0xff, 0xff, 0xff, 0xff, 0xff, 0xff,
    0xff, 0xff, 0xff, 0xff, 0xff, 0xff, 0xff, 0xff, 0xff, 0xff, 0xff, 0xff, 0xff, 0xff, 0xff, 0xff, 0xfe, 0xff, 0xfe, 0xff, 0xfe, 0xff, 0xfe, 0xff, 0xfe, 0xff, 0xfe, 0xff, 0xfe, 0xff, 0xfe, 0xff, 0xff, 0xff, 0xfe, 0xff, 0xff, 0xff, 0xff, 0xff,
    0xff, 0xff, 0xff, 0xff, 0xdf, 0xff, 0x28, 0x42, 0x00, 0x00, 0x03, 0x21, 0x8d, 0xe6, 0x8d, 0xff, 0xe9, 0xfd, 0x26, 0xfd, 0x47, 0xfd, 0x87, 0xfd, 0xea, 0xfd, 0x96, 0xff, 0x5a, 0xef, 0x93, 0xb5, 0xad, 0x73, 0x07, 0x42, 0xe3, 0x18, 0x00, 0x00,
    0x00, 0x00, 0x21, 0x08, 0x85, 0x31, 0x32, 0xad, 0xda, 0xff, 0xd9, 0xff, 0xd9, 0xff, 0xfa, 0xff, 0xda, 0xff, 0x98, 0xff, 0x36, 0xff, 0x57, 0xff, 0x57, 0xff, 0x98, 0xff, 0x98, 0xff, 0xb9, 0xff, 0xd9, 0xff, 0xd9, 0xff, 0xd9, 0xff, 0xb9, 0xff,
    0xb9, 0xff, 0xb9, 0xff, 0xd9, 0xff, 0xb9, 0xff, 0xb8, 0xff, 0x98, 0xff, 0x98, 0xff, 0x98, 0xff, 0x99, 0xff, 0x78, 0xff, 0x78, 0xff, 0x78, 0xff, 0x77, 0xff, 0x57, 0xff, 0x98, 0xff, 0x99, 0xff, 0xda, 0xff, 0x99, 0xf7, 0x4f, 0x94, 0xe7, 0x39,
    0x82, 0x08, 0x03, 0x21, 0x27, 0x42, 0x2f, 0x84, 0xd4, 0xbd, 0xee, 0xed, 0x88, 0xfd, 0x87, 0xfd, 0x67, 0xfd, 0x47, 0xfd, 0x47, 0xfd, 0x47, 0xfd, 0x47, 0xfd, 0x68, 0xfd, 0x67, 0xfd, 0xa8, 0xfd, 0x49, 0xe5, 0x02, 0x21, 0x00, 0x00, 0xe3, 0x18,
    0x3c, 0xe7, 0xff, 0xff, 0xfe, 0xff, 0xff, 0xff, 0xfe, 0xff, 0xfe, 0xff, 0xfe, 0xff, 0xfe, 0xff, 0xff, 0xff, 0xff, 0xff, 0xff, 0xff, 0xff, 0xff, 0xff, 0xff, 0xff, 0xff, 0xff, 0xff, 0xff, 0xff, 0xff, 0xff, 0xff, 0xff, 0xff, 0xff, 0xdf, 0xff,
    0xff, 0xff, 0xff, 0xff, 0xff, 0xff, 0xff, 0xff, 0xff, 0xff, 0xff, 0xff, 0xff, 0xff, 0xff, 0xff, 0xff, 0xff, 0xff, 0xff, 0xff, 0xff, 0xff, 0xff, 0xff, 0xff, 0xff, 0xff, 0xfe, 0xff, 0xff, 0xff, 0xff, 0xff, 0xff, 0xff, 0xff, 0xff, 0xff, 0xff,
    0xde, 0xff, 0xff, 0xff, 0x2c, 0x63, 0x00, 0x00, 0x81, 0x10, 0xec, 0xd5, 0x8d, 0xff, 0x0a, 0xfe, 0x47, 0xfd, 0x67, 0xfd, 0x68, 0xfd, 0x68, 0xfd, 0x0d, 0xf6, 0x78, 0xf7, 0xfb, 0xff, 0xfc, 0xff, 0xfc, 0xff, 0xfc, 0xff, 0x79, 0xf7, 0x56, 0xce,
    0xb4, 0xbd, 0xf1, 0x9c, 0xd0, 0x9c, 0x96, 0xd6, 0xda, 0xff, 0xd9, 0xff, 0xb9, 0xff, 0x16, 0xf7, 0x16, 0xff, 0x16, 0xff, 0xb4, 0xfe, 0xb4, 0xf6, 0x93, 0xf6, 0x73, 0xf6, 0x73, 0xf6, 0x93, 0xf6, 0xb4, 0xfe, 0x93, 0xf6, 0x93, 0xfe, 0x93, 0xfe,
    0x94, 0xf6, 0xb4, 0xf6, 0xb4, 0xfe, 0xb4, 0xfe, 0xb3, 0xfe, 0xb3, 0xfe, 0x93, 0xfe, 0xd5, 0xf6, 0xd5, 0xfe, 0xb4, 0xfe, 0xb4, 0xfe, 0x94, 0xfe, 0x93, 0xfe, 0xb4, 0xfe, 0x77, 0xff, 0xb8, 0xff, 0xd9, 0xff, 0x99, 0xf7, 0xb7, 0xde, 0xb6, 0xde,
    0x39, 0xef, 0xdb, 0xff, 0xfc, 0xff, 0xfe, 0xff, 0xd9, 0xff, 0x13, 0xf7, 0xca, 0xf5, 0x47, 0xfd, 0x48, 0xfd, 0x47, 0xfd, 0x67, 0xfd, 0x67, 0xfd, 0x67, 0xfd, 0x68, 0xfd, 0x67, 0xfd, 0x67, 0xf5, 0xe8, 0xfd, 0xc7, 0xc3, 0x20, 0x08, 0x00, 0x00,
    0x07, 0x42, 0xff, 0xff, 0xfe, 0xff, 0xff, 0xff, 0xff, 0xff, 0xff, 0xff, 0xff, 0xff, 0xff, 0xff, 0xff, 0xff, 0xff, 0xff, 0xff, 0xff, 0xff, 0xff, 0xff, 0xff, 0xff, 0xff, 0xff, 0xff, 0xff, 0xff, 0xff, 0xff, 0xff, 0xff, 0xff, 0xff, 0xff, 0xff,
    0xff, 0xff, 0xff, 0xff, 0xff, 0xff, 0xff, 0xff, 0xff, 0xff, 0xff, 0xff, 0xff, 0xff, 0xfe, 0xff, 0xff, 0xff, 0xff, 0xff, 0xff, 0xff, 0xff, 0xff, 0xff, 0xff, 0xff, 0xff, 0xff, 0xff, 0xff, 0xff, 0xff, 0xff, 0xff, 0xff, 0xff, 0xff, 0xde, 0xff,
    0xff, 0xff, 0xf3, 0x9c, 0x00, 0x00, 0x41, 0x00, 0x2a, 0xb5, 0xad, 0xff, 0x2a, 0xf6, 0x47, 0xfd, 0x47, 0xfd, 0x67, 0xfd, 0x88, 0xfd, 0x68, 0xfd, 0x2d, 0xfe, 0xb9, 0xff, 0xba, 0xff, 0xda, 0xff, 0xda, 0xff, 0xda, 0xff, 0xfb, 0xff, 0xfc, 0xff,
    0xfc, 0xff, 0xfd, 0xff, 0xfd, 0xff, 0xfc, 0xff, 0xda, 0xff, 0xd9, 0xff, 0xd9, 0xff, 0x57, 0xff, 0x93, 0xfe, 0x73, 0xfe, 0x93, 0xfe, 0x73, 0xf6, 0x73, 0xf6, 0x52, 0xf6, 0x32, 0xf6, 0x52, 0xf6, 0x52, 0xf6, 0x52, 0xf6, 0x52, 0xf6, 0x32, 0xf6,
    0x52, 0xf6, 0x32, 0xfe, 0x52, 0xfe, 0x73, 0xfe, 0x73, 0xfe, 0x73, 0xfe, 0x73, 0xfe, 0x93, 0xfe, 0x93, 0xfe, 0x93, 0xfe, 0x73, 0xfe, 0x73, 0xfe, 0xd5, 0xfe, 0x57, 0xff, 0xb9, 0xff, 0xd9, 0xff, 0xd9, 0xff, 0xda, 0xff, 0xfb, 0xff, 0xfb, 0xff,
    0xfb, 0xff, 0xfb, 0xff, 0xda, 0xff, 0xdb, 0xff, 0x16, 0xf7, 0x4f, 0xf6, 0xeb, 0xfd, 0x48, 0xfd, 0x47, 0xfd, 0x47, 0xfd, 0x47, 0xfd, 0x67, 0xfd, 0x67, 0xfd, 0x68, 0xfd, 0x88, 0xfd, 0xa8, 0xfd, 0x25, 0xec, 0x24, 0xfb, 0xa3, 0x81, 0x00, 0x00,
    0x00, 0x00, 0x71, 0x8c, 0xff, 0xff, 0xde, 0xff, 0xff, 0xff, 0xff, 0xff, 0xff, 0xff, 0xff, 0xff, 0xff, 0xff, 0xff, 0xff, 0xff, 0xff, 0xff, 0xff, 0xff, 0xff, 0xff, 0xff, 0xff, 0xff, 0xff, 0xff, 0xff, 0xff, 0xff, 0xff, 0xff, 0xff, 0xdf, 0xff,
    0xff, 0xff, 0xff, 0xff, 0xff, 0xff, 0xff, 0xff, 0xff, 0xff, 0xff, 0xff, 0xff, 0xff, 0xff, 0xff, 0xff, 0xff, 0xff, 0xff, 0xff, 0xff, 0xff, 0xff, 0xff, 0xff, 0xff, 0xff, 0xff, 0xff, 0xff, 0xff, 0xff, 0xff, 0xff, 0xff, 0xff, 0xff, 0xff, 0xff,
    0xba, 0xd6, 0x41, 0x08, 0x00, 0x00, 0xe3, 0x69, 0xaa, 0xfd, 0x6a, 0xf6, 0xc8, 0xfd, 0x68, 0xfd, 0x68, 0xfd, 0x88, 0xfd, 0x88, 0xfd, 0x88, 0xfd, 0xa9, 0xfd, 0x35, 0xf7, 0xdb, 0xff, 0xdb, 0xff, 0xdb, 0xff, 0xdb, 0xff, 0xdb, 0xff, 0xdb, 0xff,
    0xda, 0xff, 0xba, 0xff, 0xbb, 0xff, 0xdb, 0xff, 0xda, 0xff, 0xda, 0xff, 0xd9, 0xff, 0xfa, 0xff, 0xb9, 0xff, 0xd4, 0xfe, 0x73, 0xfe, 0x73, 0xfe, 0x52, 0xf6, 0x53, 0xf6, 0x53, 0xfe, 0x73, 0xfe, 0x73, 0xfe, 0x73, 0xfe, 0x53, 0xfe, 0x52, 0xfe,
    0x53, 0xfe, 0x73, 0xfe, 0x93, 0xfe, 0x94, 0xfe, 0x94, 0xfe, 0x93, 0xfe, 0x94, 0xfe, 0x93, 0xfe, 0x73, 0xfe, 0x93, 0xfe, 0xb4, 0xfe, 0x36, 0xff, 0x98, 0xff, 0xd9, 0xff, 0xda, 0xff, 0xd9, 0xff, 0xd9, 0xff, 0xda, 0xff, 0xda, 0xff, 0xda, 0xff,
    0xda, 0xff, 0xdb, 0xff, 0xda, 0xff, 0xfb, 0xff, 0x57, 0xf7, 0xab, 0xf5, 0xaa, 0xfd, 0x68, 0xfd, 0x68, 0xfd, 0x48, 0xfd, 0x68, 0xfd, 0x67, 0xfd, 0x67, 0xfd, 0x88, 0xfd, 0x68, 0xf5, 0xc5, 0xeb, 0xe3, 0xea, 0xc3, 0xea, 0x04, 0xf3, 0x02, 0x49,
    0x00, 0x00, 0x41, 0x08, 0xda, 0xde, 0xff, 0xff, 0xfe, 0xff, 0xff, 0xff, 0xff, 0xff, 0xff, 0xff, 0xff, 0xff, 0xff, 0xff, 0xff, 0xff, 0xfe, 0xff, 0xff, 0xff, 0xff, 0xff, 0xff, 0xff, 0xff, 0xff, 0xff, 0xff, 0xff, 0xff, 0xff, 0xff, 0xff, 0xff,
    0xff, 0xff, 0xff, 0xff, 0xff, 0xff, 0xff, 0xff, 0xff, 0xff, 0xff, 0xff, 0xff, 0xff, 0xff, 0xff, 0xff, 0xff, 0xff, 0xff, 0xff, 0xff, 0xff, 0xff, 0xff, 0xff, 0xff, 0xff, 0xff, 0xff, 0xff, 0xff, 0xff, 0xff, 0xff, 0xff, 0xff, 0xff, 0xdf, 0xff,
    0x07, 0x42, 0x00, 0x00, 0x81, 0x20, 0x45, 0xeb, 0x04, 0xeb, 0x84, 0xeb, 0xe7, 0xf4, 0xc8, 0xfd, 0x88, 0xfd, 0x88, 0xfd, 0x68, 0xfd, 0x88, 0xfd, 0xa9, 0xfd, 0x91, 0xf6, 0xba, 0xff, 0xdb, 0xff, 0xdb, 0xff, 0xda, 0xff, 0xdb, 0xff, 0xfb, 0xff,
    0xdb, 0xff, 0xdb, 0xff, 0xdb, 0xff, 0xdb, 0xff, 0xdb, 0xff, 0xda, 0xff, 0xda, 0xff, 0xd9, 0xff, 0xd9, 0xff, 0xd9, 0xff, 0x98, 0xff, 0x37, 0xff, 0xb4, 0xf6, 0x93, 0xf6, 0x93, 0xfe, 0x93, 0xfe, 0x93, 0xfe, 0x93, 0xfe, 0x93, 0xfe, 0x73, 0xfe,
    0x73, 0xfe, 0x93, 0xfe, 0x94, 0xfe, 0x94, 0xfe, 0x94, 0xfe, 0x93, 0xfe, 0x93, 0xfe, 0x93, 0xfe, 0x94, 0xfe, 0x16, 0xff, 0xb8, 0xff, 0xd9, 0xff, 0xd9, 0xff, 0xd9, 0xff, 0xd9, 0xff, 0xda, 0xff, 0xda, 0xff, 0xda, 0xff, 0xda, 0xff, 0xda, 0xff,
    0xda, 0xff, 0xdb, 0xff, 0xdb, 0xff, 0xda, 0xff, 0xfb, 0xff, 0x15, 0xf7, 0xcb, 0xfd, 0x89, 0xfd, 0x88, 0xfd, 0x68, 0xfd, 0x68, 0xfd, 0x68, 0xfd, 0x88, 0xfd, 0x27, 0xf5, 0xc5, 0xeb, 0x03, 0xeb, 0xe3, 0xea, 0xc3, 0xea, 0xe3, 0xf2, 0xe5, 0xda,
    0x61, 0x10, 0x00, 0x00, 0x48, 0x4a, 0xff, 0xff, 0xfe, 0xff, 0xff, 0xff, 0xfe, 0xff, 0xff, 0xff, 0xff, 0xff, 0xfe, 0xff, 0xfe, 0xff, 0xfe, 0xff, 0xff, 0xff, 0xff, 0xff, 0xff, 0xff, 0xff, 0xff, 0xff, 0xff, 0xff, 0xff, 0xff, 0xff, 0xdf, 0xff,
    0xff, 0xff, 0xff, 0xff, 0xff, 0xff, 0xff, 0xff, 0xff, 0xff, 0xff, 0xff, 0xff, 0xff, 0xff, 0xff, 0xff, 0xff, 0xff, 0xff, 0xff, 0xff, 0xff, 0xff, 0xff, 0xff, 0xff, 0xff, 0xff, 0xff, 0xff, 0xff, 0xff, 0xff, 0xde, 0xff, 0xff, 0xff, 0x30, 0x84,
    0x00, 0x00, 0x20, 0x00, 0x64, 0xaa, 0x23, 0xfb, 0x03, 0xeb, 0x23, 0xf3, 0x24, 0xeb, 0x87, 0xf4, 0xc8, 0xfd, 0x87, 0xfd, 0x68, 0xfd, 0x68, 0xfd, 0x88, 0xfd, 0xeb, 0xfd, 0xd4, 0xf6, 0x99, 0xf7, 0xda, 0xff, 0xda, 0xff, 0xda, 0xff, 0xdb, 0xff,
    0xdb, 0xff, 0xdb, 0xff, 0xdb, 0xff, 0xdb, 0xff, 0xdb, 0xff, 0xda, 0xff, 0xda, 0xff, 0xda, 0xff, 0xd9, 0xff, 0xd9, 0xff, 0xfa, 0xff, 0xfa, 0xff, 0xda, 0xff, 0x78, 0xff, 0x36, 0xff, 0xf5, 0xfe, 0xb4, 0xfe, 0x93, 0xfe, 0x93, 0xfe, 0x93, 0xfe,
    0x73, 0xfe, 0x94, 0xfe, 0xb4, 0xfe, 0xb4, 0xfe, 0xb4, 0xfe, 0xd5, 0xfe, 0x16, 0xff, 0x57, 0xff, 0x98, 0xff, 0xd9, 0xff, 0xd9, 0xff, 0xd9, 0xff, 0xd9, 0xff, 0xd9, 0xff, 0xda, 0xff, 0xda, 0xff, 0xda, 0xff, 0xdb, 0xff, 0xdb, 0xff, 0xdb, 0xff,
    0xdb, 0xff, 0xdb, 0xff, 0xdb, 0xff, 0xda, 0xff, 0xda, 0xff, 0xfc, 0xff, 0xd3, 0xfe, 0x69, 0xfd, 0x89, 0xfd, 0x68, 0xfd, 0x68, 0xfd, 0x68, 0xfd, 0x27, 0xf5, 0x84, 0xeb, 0x03, 0xf3, 0x03, 0xf3, 0xe3, 0xf2, 0xe3, 0xf2, 0xe3, 0xea, 0x65, 0xfb,
    0xe3, 0x89, 0x00, 0x00, 0x00, 0x00, 0x95, 0xb5, 0xff, 0xff, 0xde, 0xff, 0xff, 0xff, 0xff, 0xff, 0xff, 0xff, 0xfe, 0xff, 0xfe, 0xff, 0xfe, 0xff, 0xff, 0xff, 0xff, 0xff, 0xff, 0xff, 0xff, 0xff, 0xff, 0xff, 0xff, 0xff, 0xff, 0xff, 0xdf, 0xff,
    0xff, 0xff, 0xff, 0xff, 0xff, 0xff, 0xff, 0xff, 0xff, 0xff, 0xff, 0xff, 0xff, 0xff, 0xff, 0xff, 0xff, 0xff, 0xff, 0xff, 0xff, 0xff, 0xff, 0xff, 0xff, 0xff, 0xff, 0xff, 0xff, 0xff, 0xff, 0xff, 0xff, 0xff, 0xff, 0xff, 0x1c, 0xe7, 0x61, 0x10,
    0x00, 0x00, 0x42, 0x59, 0x64, 0xfb, 0x03, 0xf3, 0x03, 0xf3, 0x23, 0xf3, 0x44, 0xf3, 0x03, 0xf3, 0x05, 0xf4, 0x88, 0xfd, 0x88, 0xfd, 0x68, 0xfd, 0x67, 0xfd, 0x68, 0xfd, 0x0d, 0xf6, 0x99, 0xf7, 0xda, 0xff, 0xda, 0xff, 0xda, 0xff, 0xdb, 0xff,
    0xdb, 0xff, 0xdb, 0xff, 0xdb, 0xff, 0xdb, 0xff, 0xda, 0xff, 0xda, 0xff, 0xda, 0xff, 0xda, 0xff, 0xda, 0xff, 0xda, 0xff, 0xda, 0xff, 0xda, 0xff, 0xda, 0xff, 0xfa, 0xff, 0xfb, 0xff, 0xda, 0xff, 0x99, 0xff, 0x36, 0xff, 0xf5, 0xfe, 0xd5, 0xfe,
    0xd5, 0xfe, 0xd5, 0xfe, 0x36, 0xff, 0x78, 0xff, 0x98, 0xff, 0xb9, 0xff, 0xda, 0xff, 0xfa, 0xff, 0xfa, 0xff, 0xda, 0xff, 0xda, 0xff, 0xda, 0xff, 0xda, 0xff, 0xda, 0xff, 0xda, 0xff, 0xfb, 0xff, 0xdb, 0xff, 0xdb, 0xff, 0xdb, 0xff, 0xdb, 0xff,
    0xdb, 0xff, 0xdb, 0xff, 0xda, 0xff, 0xda, 0xff, 0xda, 0xff, 0xda, 0xff, 0xb9, 0xff, 0xeb, 0xfd, 0x68, 0xfd, 0x68, 0xfd, 0x68, 0xfd, 0x27, 0xf5, 0xe5, 0xf3, 0x23, 0xf3, 0x03, 0xf3, 0x03, 0xf3, 0x03, 0xf3, 0x03, 0xf3, 0x03, 0xf3, 0x03, 0xf3,
    0x04, 0xf3, 0x81, 0x28, 0x00, 0x00, 0x24, 0x21, 0xbe, 0xf7, 0xff, 0xff, 0xff, 0xff, 0xff, 0xff, 0xfe, 0xff, 0xfe, 0xff, 0xfe, 0xff, 0xfe, 0xff, 0xfe, 0xff, 0xff, 0xff, 0xff, 0xff, 0xff, 0xff, 0xff, 0xff, 0xff, 0xff, 0xff, 0xff, 0xdf, 0xff,
    0xff, 0xff, 0xff, 0xff, 0xff, 0xff, 0xff, 0xff, 0xff, 0xff, 0xff, 0xff, 0xff, 0xff, 0xff, 0xff, 0xff, 0xff, 0xff, 0xff, 0xff, 0xff, 0xff, 0xff, 0xff, 0xff, 0xff, 0xff, 0xff, 0xff, 0xff, 0xff, 0xfe, 0xff, 0xff, 0xff, 0x0c, 0x63, 0x00, 0x00,
    0x40, 0x10, 0xe4, 0xda, 0x24, 0xfb, 0x03, 0xf3, 0x23, 0xf3, 0x23, 0xf3, 0x23, 0xf3, 0x23, 0xf3, 0xe3, 0xf2, 0x06, 0xf4, 0x88, 0xfd, 0x67, 0xfd, 0x67, 0xfd, 0x68, 0xfd, 0x89, 0xfd, 0x71, 0xf6, 0xba, 0xff, 0xda, 0xff, 0xda, 0xff, 0xdb, 0xff,
    0xdb, 0xff, 0xdb, 0xff, 0xdb, 0xff, 0xdb, 0xff, 0xda, 0xff, 0xda, 0xff, 0xda, 0xff, 0xda, 0xff, 0xda, 0xff, 0xda, 0xff, 0xda, 0xff, 0xdb, 0xff, 0xdb, 0xff, 0xdb, 0xff, 0xda, 0xff, 0xda, 0xff, 0xfa, 0xff, 0xfb, 0xff, 0xda, 0xff, 0xda, 0xff,
    0xba, 0xff, 0xb9, 0xff, 0xda, 0xff, 0xfa, 0xff, 0xfa, 0xff, 0xfa, 0xff, 0xfa, 0xff, 0xda, 0xff, 0xda, 0xff, 0xda, 0xff, 0xdb, 0xff, 0xdb, 0xff, 0xfb, 0xff, 0xdb, 0xff, 0xdb, 0xff, 0xdb, 0xff, 0xdb, 0xff, 0xdb, 0xff, 0xdb, 0xff, 0xdb, 0xff,
    0xdb, 0xff, 0xdb, 0xff, 0xda, 0xff, 0xda, 0xff, 0xda, 0xff, 0xd9, 0xff, 0xfa, 0xff, 0x4e, 0xfe, 0x47, 0xfd, 0x68, 0xfd, 0x27, 0xf5, 0xc4, 0xeb, 0x23, 0xf3, 0x23, 0xf3, 0x23, 0xf3, 0x44, 0xf3, 0x23, 0xf3, 0x23, 0xf3, 0x03, 0xf3, 0xc3, 0xea,
    0xa5, 0xfb, 0x67, 0xa3, 0x00, 0x00, 0x00, 0x00, 0x91, 0x94, 0xff, 0xff, 0xde, 0xff, 0xff, 0xff, 0xff, 0xff, 0xfe, 0xff, 0xff, 0xff, 0xfe, 0xff, 0xfe, 0xff, 0xff, 0xff, 0xff, 0xff, 0xff, 0xff, 0xff, 0xff, 0xff, 0xff, 0xff, 0xff, 0xdf, 0xff,
    0xff, 0xff, 0xff, 0xff, 0xff, 0xff, 0xff, 0xff, 0xff, 0xff, 0xff, 0xff, 0xff, 0xff, 0xff, 0xff, 0xff, 0xff, 0xff, 0xff, 0xff, 0xff, 0xff, 0xff, 0xff, 0xff, 0xff, 0xff, 0xff, 0xff, 0xfe, 0xff, 0xff, 0xff, 0xba, 0xd6, 0x40, 0x08, 0x00, 0x00,
    0x85, 0x82, 0xa5, 0xfb, 0x03, 0xf3, 0x24, 0xf3, 0x24, 0xf3, 0x44, 0xf3, 0x44, 0xf3, 0x24, 0xf3, 0x23, 0xf3, 0x03, 0xf3, 0x66, 0xf4, 0x68, 0xfd, 0x47, 0xfd, 0x68, 0xfd, 0x8a, 0xfd, 0x8b, 0xf5, 0x98, 0xff, 0xfb, 0xff, 0xda, 0xff, 0xdb, 0xff,
    0xdb, 0xff, 0xdb, 0xff, 0xdb, 0xff, 0xda, 0xff, 0xda, 0xff, 0xda, 0xff, 0xda, 0xff, 0xda, 0xff, 0xda, 0xff, 0xda, 0xff, 0xdb, 0xff, 0xdb, 0xff, 0xdb, 0xff, 0xdb, 0xff, 0xdb, 0xff, 0xda, 0xff, 0xda, 0xff, 0xda, 0xff, 0xda, 0xff, 0xda, 0xff,
    0xdb, 0xff, 0xfa, 0xff, 0xda, 0xff, 0xdb, 0xff, 0xfb, 0xff, 0xda, 0xff, 0xfb, 0xff, 0xdb, 0xff, 0xdb, 0xff, 0xdb, 0xff, 0xdb, 0xff, 0xdb, 0xff, 0xfb, 0xff, 0xfb, 0xff, 0xfb, 0xff, 0xfb, 0xff, 0xdb, 0xff, 0xdb, 0xff, 0xdb, 0xff, 0xdb, 0xff,
    0xdb, 0xff, 0xdb, 0xff, 0xdb, 0xff, 0xdb, 0xff, 0xda, 0xff, 0xfb, 0xff, 0xb9, 0xff, 0xaa, 0xfd, 0x47, 0xfd, 0x88, 0xfd, 0x66, 0xf4, 0x64, 0xeb, 0x43, 0xf3, 0x44, 0xf3, 0x44, 0xf3, 0x24, 0xf3, 0x23, 0xf3, 0x03, 0xf3, 0x64, 0xf3, 0x26, 0xf4,
    0x48, 0xf5, 0x0b, 0xfe, 0x63, 0x39, 0x00, 0x00, 0x24, 0x21, 0xbe, 0xf7, 0xff, 0xff, 0xff, 0xff, 0xff, 0xff, 0xff, 0xff, 0xff, 0xff, 0xff, 0xff, 0xff, 0xff, 0xff, 0xff, 0xff, 0xff, 0xff, 0xff, 0xff, 0xff, 0xff, 0xff, 0xff, 0xff, 0xdf, 0xff,
    0xff, 0xff, 0xff, 0xff, 0xff, 0xff, 0xff, 0xff, 0xff, 0xff, 0xff, 0xff, 0xff, 0xff, 0xff, 0xff, 0xff, 0xff, 0xff, 0xff, 0xff, 0xff, 0xff, 0xff, 0xff, 0xff, 0xff, 0xff, 0xff, 0xff, 0xfe, 0xff, 0xff, 0xff, 0xaa, 0x52, 0x00, 0x00, 0xe2, 0x20,
    0xce, 0xf6, 0xeb, 0xfd, 0xc5, 0xeb, 0x24, 0xf3, 0x24, 0xf3, 0x24, 0xf3, 0x44, 0xf3, 0x24, 0xf3, 0x23, 0xf3, 0x03, 0xf3, 0x83, 0xf3, 0x48, 0xf5, 0x68, 0xfd, 0xa9, 0xfd, 0xaa, 0xf5, 0x30, 0xf6, 0xdb, 0xff, 0xda, 0xff, 0xda, 0xff, 0xdb, 0xff,
    0xdb, 0xff, 0xdb, 0xff, 0xda, 0xff, 0xda, 0xff, 0xda, 0xff, 0xda, 0xff, 0xda, 0xff, 0xda, 0xff, 0xda, 0xff, 0xda, 0xff, 0xdb, 0xff, 0xdb, 0xff, 0xdb, 0xff, 0xdb, 0xff, 0xdb, 0xff, 0xda, 0xff, 0xda, 0xff, 0xda, 0xff, 0xda, 0xff, 0xdb, 0xff,
    0xdb, 0xff, 0xfb, 0xff, 0xfb, 0xff, 0xfb, 0xff, 0xfb, 0xff, 0xfb, 0xff, 0xfb, 0xff, 0xfb, 0xff, 0xfb, 0xff, 0xdb, 0xff, 0xdb, 0xff, 0xdb, 0xff, 0xdb, 0xff, 0xdb, 0xff, 0xdb, 0xff, 0xfb, 0xff, 0xdb, 0xff, 0xdb, 0xff, 0xdb, 0xff, 0xdb, 0xff,
    0xdb, 0xff, 0xda, 0xff, 0xda, 0xff, 0xdb, 0xff, 0xba, 0xf7, 0x99, 0xf7, 0x4f, 0xfe, 0x47, 0xfd, 0x68, 0xfd, 0x87, 0xfd, 0x05, 0xec, 0x84, 0xeb, 0x64, 0xf3, 0x64, 0xf3, 0x64, 0xf3, 0xa4, 0xf3, 0xe4, 0xf3, 0x65, 0xf4, 0x27, 0xf5, 0xc9, 0xfd,
    0x88, 0xfd, 0x09, 0xfe, 0xe8, 0xab, 0x00, 0x00, 0x00, 0x00, 0xd2, 0x9c, 0xff, 0xff, 0xde, 0xff, 0xff, 0xff, 0xff, 0xff, 0xfe, 0xff, 0xff, 0xff, 0xff, 0xff, 0xfe, 0xff, 0xff, 0xff, 0xff, 0xff, 0xff, 0xff, 0xff, 0xff, 0xff, 0xff, 0xdf, 0xff,
    0xff, 0xff, 0xff, 0xff, 0xff, 0xff, 0xff, 0xff, 0xff, 0xff, 0xff, 0xff, 0xff, 0xff, 0xff, 0xff, 0xff, 0xff, 0xff, 0xff, 0xff, 0xff, 0xff, 0xff, 0xff, 0xff, 0xff, 0xff, 0xfe, 0xff, 0xff, 0xff, 0x9a, 0xd6, 0x20, 0x08, 0x00, 0x00, 0xe8, 0x93,
    0x8e, 0xff, 0x0d, 0xff, 0x0a, 0xfe, 0x07, 0xfd, 0x46, 0xf4, 0xa4, 0xf3, 0x43, 0xf3, 0x23, 0xf3, 0x43, 0xf3, 0x43, 0xf3, 0x25, 0xf4, 0x47, 0xfd, 0xa9, 0xfd, 0xcb, 0xfd, 0xec, 0xf5, 0x98, 0xff, 0xda, 0xff, 0xda, 0xff, 0xdb, 0xff, 0xdb, 0xff,
    0xdb, 0xff, 0xdb, 0xff, 0xdb, 0xff, 0xda, 0xff, 0xda, 0xff, 0xda, 0xff, 0xda, 0xff, 0xda, 0xff, 0xda, 0xff, 0xda, 0xff, 0xda, 0xff, 0xda, 0xff, 0xdb, 0xff, 0xdb, 0xff, 0xdb, 0xff, 0xda, 0xff, 0xda, 0xff, 0xda, 0xff, 0xdb, 0xff, 0xdb, 0xff,
    0xfb, 0xff, 0xfb, 0xff, 0xdb, 0xff, 0xdb, 0xff, 0xfb, 0xff, 0xfb, 0xff, 0xda, 0xff, 0xdb, 0xff, 0xdb, 0xff, 0xdb, 0xff, 0xdb, 0xff, 0xdb, 0xff, 0xdb, 0xff, 0xdb, 0xff, 0xdb, 0xff, 0xdb, 0xff, 0xdb, 0xff, 0xdb, 0xff, 0xdb, 0xff, 0xdb, 0xff,
    0xdb, 0xff, 0xda, 0xff, 0xda, 0xff, 0xba, 0xf7, 0xb2, 0xf6, 0xaa, 0xfd, 0x67, 0xfd, 0x68, 0xfd, 0x67, 0xfd, 0x67, 0xfd, 0x47, 0xf5, 0xe7, 0xf4, 0xa6, 0xf4, 0xe7, 0xf4, 0xe7, 0xf4, 0x68, 0xf5, 0x88, 0xfd, 0xa8, 0xfd, 0xa8, 0xfd, 0x88, 0xfd,
    0x88, 0xfd, 0xa8, 0xfd, 0xca, 0xf5, 0x02, 0x21, 0x00, 0x00, 0x85, 0x31, 0xdf, 0xff, 0xff, 0xff, 0xff, 0xff, 0xff, 0xff, 0xff, 0xff, 0xff, 0xff, 0xff, 0xff, 0xfe, 0xff, 0xff, 0xff, 0xff, 0xff, 0xff, 0xff, 0xff, 0xff, 0xff, 0xff, 0xff, 0xff,
    0xff, 0xff, 0xff, 0xff, 0xff, 0xff, 0xff, 0xff, 0xff, 0xff, 0xfe, 0xff, 0xfe, 0xff, 0xff, 0xff, 0xff, 0xff, 0xff, 0xff, 0xff, 0xff, 0xff, 0xff, 0xff, 0xff, 0xff, 0xff, 0xde, 0xff, 0xff, 0xff, 0x6d, 0x6b, 0x00, 0x00, 0xe2, 0x18, 0xad, 0xf6,
    0xed, 0xfe, 0xcc, 0xfe, 0xe9, 0xfd, 0xa8, 0xfd, 0xa8, 0xfd, 0x88, 0xfd, 0x27, 0xfd, 0xe6, 0xf4, 0xe7, 0xf4, 0x28, 0xf5, 0x88, 0xfd, 0x68, 0xfd, 0xaa, 0xfd, 0x68, 0xfd, 0x92, 0xfe, 0xfb, 0xff, 0xda, 0xff, 0xda, 0xff, 0xdb, 0xff, 0xdb, 0xff,
    0xdb, 0xff, 0xdb, 0xff, 0xdb, 0xff, 0xdb, 0xff, 0xda, 0xff, 0xdb, 0xff, 0xda, 0xff, 0xda, 0xff, 0xda, 0xff, 0xda, 0xff, 0xda, 0xff, 0xda, 0xff, 0xdb, 0xff, 0xdb, 0xff, 0xdb, 0xff, 0xda, 0xff, 0xdb, 0xff, 0xfb, 0xff, 0xdb, 0xff, 0xdb, 0xff,
    0xdb, 0xff, 0xdb, 0xff, 0xdb, 0xff, 0xdb, 0xff, 0xdb, 0xff, 0xda, 0xff, 0xda, 0xff, 0xda, 0xff, 0xdb, 0xff, 0xdb, 0xff, 0xdb, 0xff, 0xdb, 0xff, 0xdb, 0xff, 0xdb, 0xff, 0xdb, 0xff, 0xdb, 0xff, 0xdb, 0xff, 0xdb, 0xff, 0xdb, 0xff, 0xdb, 0xff,
    0xdb, 0xff, 0xda, 0xff, 0xb9, 0xff, 0x6f, 0xf6, 0x47, 0xfd, 0x46, 0xfd, 0x67, 0xfd, 0x67, 0xfd, 0x67, 0xfd, 0x67, 0xfd, 0x88, 0xfd, 0x88, 0xfd, 0x88, 0xfd, 0xa8, 0xfd, 0xa8, 0xfd, 0x88, 0xfd, 0x88, 0xfd, 0x87, 0xfd, 0x88, 0xfd, 0x88, 0xfd,
    0x88, 0xfd, 0xa9, 0xfd, 0x2a, 0xfe, 0xc5, 0x7a, 0x00, 0x00, 0x00, 0x00, 0xd6, 0xbd, 0xff, 0xff, 0xde, 0xff, 0xff, 0xff, 0xff, 0xff, 0xff, 0xff, 0xff, 0xff, 0xff, 0xff, 0xff, 0xff, 0xff, 0xff, 0xff, 0xff, 0xff, 0xff, 0xff, 0xff, 0xdf, 0xff,
    0xff, 0xff, 0xff, 0xff, 0xff, 0xff, 0xff, 0xff, 0xfe, 0xff, 0xfe, 0xff, 0xfe, 0xff, 0xfe, 0xff, 0xff, 0xff, 0xff, 0xff, 0xff, 0xff, 0xff, 0xff, 0xff, 0xff, 0xff, 0xff, 0xff, 0xff, 0x5d, 0xef, 0xa2, 0x10, 0x00, 0x00, 0xa5, 0x7a, 0xcc, 0xfe,
    0xed, 0xfe, 0x6b, 0xfe, 0x88, 0xfd, 0x88, 0xfd, 0x88, 0xfd, 0x88, 0xfd, 0xa8, 0xfd, 0xa8, 0xfd, 0xa8, 0xfd, 0x88, 0xfd, 0x68, 0xfd, 0x68, 0xfd, 0x67, 0xfd, 0x68, 0xfd, 0xf4, 0xf6, 0xda, 0xff, 0xda, 0xff, 0xda, 0xff, 0xda, 0xff, 0xdb, 0xff,
    0xdb, 0xff, 0xdb, 0xff, 0xdb, 0xff, 0xdb, 0xff, 0xda, 0xff, 0xda, 0xff, 0xda, 0xff, 0xda, 0xff, 0xda, 0xff, 0xd9, 0xff, 0xd9, 0xff, 0xda, 0xff, 0xda, 0xff, 0xdb, 0xff, 0xdb, 0xff, 0xdb, 0xff, 0xdb, 0xff, 0xdb, 0xff, 0xdb, 0xff, 0xdb, 0xff,
    0xdb, 0xff, 0xdb, 0xff, 0xdb, 0xff, 0xdb, 0xff, 0xdb, 0xff, 0xda, 0xff, 0xda, 0xff, 0xdb, 0xff, 0xdb, 0xff, 0xdb, 0xff, 0xdb, 0xff, 0xdb, 0xff, 0xdb, 0xff, 0xdb, 0xff, 0xdb, 0xff, 0xdb, 0xff, 0xdb, 0xff, 0xdb, 0xff, 0xdb, 0xff, 0xdb, 0xff,
    0xda, 0xff, 0xb9, 0xff, 0x2e, 0xf6, 0x26, 0xfd, 0x47, 0xfd, 0x47, 0xfd, 0x67, 0xfd, 0x67, 0xfd, 0x67, 0xfd, 0x68, 0xfd, 0x68, 0xfd, 0x67, 0xfd, 0x67, 0xfd, 0x67, 0xfd, 0x68, 0xfd, 0x88, 0xfd, 0x88, 0xfd, 0x88, 0xfd, 0x88, 0xfd, 0xa8, 0xfd,
    0x67, 0xfd, 0xc6, 0xf4, 0x04, 0xfc, 0x03, 0xd3, 0x00, 0x08, 0x00, 0x00, 0x0b, 0x63, 0xff, 0xff, 0xde, 0xff, 0xff, 0xff, 0xff, 0xff, 0xff, 0xff, 0xff, 0xff, 0xff, 0xff, 0xff, 0xff, 0xff, 0xff, 0xff, 0xff, 0xff, 0xff, 0xff, 0xff, 0xff, 0xff,
    0xff, 0xff, 0xff, 0xff, 0xff, 0xff, 0xff, 0xff, 0xfe, 0xff, 0xff, 0xff, 0xff, 0xff, 0xff, 0xff, 0xff, 0xff, 0xff, 0xff, 0xff, 0xff, 0xff, 0xff, 0xff, 0xff, 0xde, 0xff, 0xff, 0xff, 0xd2, 0x9c, 0x00, 0x00, 0x40, 0x08, 0x45, 0xdb, 0x67, 0xfc,
    0x89, 0xf5, 0x88, 0xf5, 0xa8, 0xfd, 0xa8, 0xfd, 0x88, 0xfd, 0x88, 0xfd, 0x88, 0xfd, 0x88, 0xfd, 0x88, 0xfd, 0x88, 0xfd, 0x68, 0xfd, 0x68, 0xfd, 0x68, 0xfd, 0x68, 0xf5, 0x15, 0xf7, 0xfa, 0xff, 0xda, 0xff, 0xda, 0xff, 0xda, 0xff, 0xda, 0xff,
    0xdb, 0xff, 0xdb, 0xff, 0xdb, 0xff, 0xdb, 0xff, 0xdb, 0xff, 0xda, 0xff, 0xda, 0xff, 0xda, 0xff, 0xda, 0xff, 0xda, 0xff, 0xda, 0xff, 0xda, 0xff, 0xda, 0xff, 0xdb, 0xff, 0xdb, 0xff, 0xdb, 0xff, 0xdb, 0xff, 0xdb, 0xff, 0xdb, 0xff, 0xdb, 0xff,
    0xdb, 0xff, 0xdb, 0xff, 0xdb, 0xff, 0xdb, 0xff, 0xdb, 0xff, 0xdb, 0xff, 0xdb, 0xff, 0xdb, 0xff, 0xdb, 0xff, 0xdb, 0xff, 0xdb, 0xff, 0xdb, 0xff, 0xda, 0xff, 0xdb, 0xff, 0xdb, 0xff, 0xdb, 0xff, 0xdb, 0xff, 0xdb, 0xff, 0xdb, 0xff, 0xda, 0xff,
    0xfb, 0xff, 0xf4, 0xf6, 0x67, 0xfd, 0x67, 0xfd, 0x47, 0xfd, 0x67, 0xfd, 0x67, 0xfd, 0x68, 0xfd, 0x88, 0xfd, 0x88, 0xfd, 0x68, 0xfd, 0x88, 0xfd, 0x88, 0xfd, 0x88, 0xfd, 0x88, 0xfd, 0x88, 0xfd, 0x88, 0xfd, 0xa8, 0xfd, 0x88, 0xfd, 0x4a, 0xf5,
    0xca, 0xec, 0x2a, 0xec, 0x86, 0xf3, 0x28, 0xf4, 0x06, 0x5a, 0xc3, 0x10, 0x03, 0x21, 0x9d, 0xf7, 0xff, 0xff, 0xde, 0xff, 0xde, 0xff, 0xde, 0xff, 0xbe, 0xf7, 0xde, 0xff, 0xff, 0xff, 0xff, 0xff, 0xdf, 0xff, 0xde, 0xff, 0xff, 0xff, 0xff, 0xff,
    0xff, 0xff, 0xff, 0xff, 0xff, 0xff, 0xff, 0xff, 0xff, 0xff, 0xff, 0xff, 0xff, 0xff, 0xff, 0xff, 0xff, 0xff, 0xff, 0xff, 0xff, 0xff, 0xff, 0xff, 0xff, 0xff, 0xff, 0xff, 0xff, 0xff, 0x07, 0x42, 0x00, 0x00, 0x22, 0x49, 0xa5, 0xfb, 0x64, 0xeb,
    0x84, 0xeb, 0xa5, 0xeb, 0x46, 0xf4, 0x27, 0xf5, 0xa9, 0xfd, 0x88, 0xfd, 0x88, 0xfd, 0x88, 0xfd, 0x68, 0xf5, 0x68, 0xfd, 0x68, 0xfd, 0x68, 0xfd, 0x68, 0xfd, 0x48, 0xf5, 0x71, 0xf6, 0xfc, 0xff, 0xdb, 0xff, 0xba, 0xff, 0xda, 0xff, 0xda, 0xff,
    0xda, 0xff, 0xda, 0xff, 0xda, 0xff, 0xdb, 0xff, 0xda, 0xff, 0xda, 0xff, 0xda, 0xff, 0xda, 0xff, 0xda, 0xff, 0xda, 0xff, 0xda, 0xff, 0xda, 0xff, 0xda, 0xff, 0xdb, 0xff, 0xdb, 0xff, 0xdb, 0xff, 0xdb, 0xff, 0xdb, 0xff, 0xdb, 0xff, 0xdb, 0xff,
    0xdb, 0xff, 0xdb, 0xff, 0xda, 0xff, 0xfa, 0xff, 0xda, 0xff, 0xdb, 0xff, 0xdb, 0xff, 0xdb, 0xff, 0xdb, 0xff, 0xdb, 0xff, 0xda, 0xff, 0xda, 0xff, 0xda, 0xff, 0xda, 0xff, 0xda, 0xff, 0xda, 0xff, 0xdb, 0xff, 0xdb, 0xff, 0xdb, 0xff, 0xda, 0xff,
    0xda, 0xff, 0x4e, 0xf6, 0x88, 0xfd, 0x68, 0xfd, 0x68, 0xfd, 0x88, 0xfd, 0x88, 0xfd, 0x88, 0xfd, 0x68, 0xfd, 0x67, 0xfd, 0x67, 0xfd, 0x68, 0xfd, 0x88, 0xfd, 0x88, 0xfd, 0x88, 0xfd, 0xa8, 0xfd, 0xa8, 0xfd, 0x07, 0xf5, 0xa4, 0xeb, 0x29, 0xec,
    0xee, 0xec, 0x0f, 0xed, 0xc7, 0xeb, 0xac, 0xfc, 0x2e, 0xac, 0xec, 0x52, 0x00, 0x00, 0x17, 0xc6, 0xff, 0xff, 0xbe, 0xf7, 0xbe, 0xf7, 0xbe, 0xf7, 0xbe, 0xf7, 0xbe, 0xf7, 0xbe, 0xf7, 0xbe, 0xf7, 0xbe, 0xf7, 0xde, 0xff, 0xdf, 0xff, 0xff, 0xff,
    0xff, 0xff, 0xff, 0xff, 0xff, 0xff, 0xff, 0xff, 0xff, 0xff, 0xff, 0xff, 0xff, 0xff, 0xff, 0xff, 0xff, 0xff, 0xff, 0xff, 0xff, 0xff, 0xff, 0xff, 0xff, 0xff, 0xff, 0xff, 0xfb, 0xde, 0x40, 0x08, 0x00, 0x00, 0x23, 0x92, 0xa5, 0xfb, 0x64, 0xf3,
    0x64, 0xf3, 0x44, 0xf3, 0x43, 0xf3, 0xc5, 0xeb, 0xa7, 0xec, 0x88, 0xfd, 0xa8, 0xfd, 0x88, 0xfd, 0xc8, 0xfd, 0xa8, 0xfd, 0x68, 0xfd, 0x88, 0xfd, 0x68, 0xfd, 0x67, 0xfd, 0x8a, 0xf5, 0x91, 0xf6, 0xd4, 0xf6, 0x99, 0xff, 0xdb, 0xff, 0xda, 0xff,
    0xda, 0xff, 0xda, 0xff, 0xda, 0xff, 0xda, 0xff, 0xda, 0xff, 0xda, 0xff, 0xda, 0xff, 0xda, 0xff, 0xda, 0xff, 0xda, 0xff, 0xda, 0xff, 0xda, 0xff, 0xda, 0xff, 0xdb, 0xff, 0xdb, 0xff, 0xdb, 0xff, 0xdb, 0xff, 0xdb, 0xff, 0xdb, 0xff, 0xdb, 0xff,
    0xda, 0xff, 0xda, 0xff, 0xda, 0xff, 0xfa, 0xff, 0xda, 0xff, 0xdb, 0xff, 0xdb, 0xff, 0xdb, 0xff, 0xdb, 0xff, 0xdb, 0xff, 0xda, 0xff, 0xda, 0xff, 0xda, 0xff, 0xda, 0xff, 0xda, 0xff, 0xdb, 0xff, 0xdb, 0xff, 0xdb, 0xff, 0xdb, 0xff, 0xda, 0xff,
    0xfb, 0xff, 0xd3, 0xf6, 0x68, 0xfd, 0x68, 0xfd, 0x68, 0xfd, 0x88, 0xfd, 0x88, 0xfd, 0x88, 0xfd, 0x68, 0xfd, 0x67, 0xfd, 0x68, 0xfd, 0xe9, 0xfd, 0xa8, 0xfd, 0x88, 0xfd, 0xa8, 0xfd, 0x47, 0xfd, 0xe5, 0xf3, 0x44, 0xeb, 0xe2, 0xea, 0x6a, 0xf4,
    0x0e, 0xf5, 0x0f, 0xf5, 0xa7, 0xeb, 0xcb, 0xfc, 0xce, 0xd4, 0x0c, 0x63, 0x20, 0x00, 0x34, 0xa5, 0xff, 0xff, 0xbe, 0xf7, 0xde, 0xff, 0xbe, 0xf7, 0xde, 0xff, 0xde, 0xff, 0xdd, 0xff, 0xde, 0xff, 0xbe, 0xf7, 0xde, 0xff, 0xff, 0xff, 0xff, 0xff,
    0xff, 0xff, 0xff, 0xff, 0xff, 0xff, 0xff, 0xff, 0xff, 0xff, 0xff, 0xff, 0xff, 0xff, 0xff, 0xff, 0xff, 0xff, 0xff, 0xff, 0xff, 0xff, 0xff, 0xff, 0xde, 0xff, 0xff, 0xff, 0x54, 0xad, 0x00, 0x00, 0x20, 0x08, 0x04, 0xd3, 0x84, 0xfb, 0x44, 0xf3,
    0x44, 0xf3, 0x43, 0xf3, 0x43, 0xf3, 0xc4, 0xf3, 0xe5, 0xeb, 0xa7, 0xf4, 0x88, 0xfd, 0xe9, 0xfd, 0x27, 0xb4, 0xc7, 0xd4, 0xa8, 0xfd, 0x67, 0xfd, 0x67, 0xfd, 0x68, 0xfd, 0x67, 0xfd, 0x68, 0xf5, 0x4f, 0xf6, 0xdb, 0xff, 0xdb, 0xff, 0xdb, 0xff,
    0xda, 0xff, 0xda, 0xff, 0xda, 0xff, 0xda, 0xff, 0xda, 0xff, 0xda, 0xff, 0xda, 0xff, 0xda, 0xff, 0xda, 0xff, 0xda, 0xff, 0xda, 0xff, 0xda, 0xff, 0xda, 0xff, 0xdb, 0xff, 0xdb, 0xff, 0xdb, 0xff, 0xdb, 0xff, 0xdb, 0xff, 0xdb, 0xff, 0xdb, 0xff,
    0xdb, 0xff, 0xda, 0xff, 0xda, 0xff, 0xda, 0xff, 0xda, 0xff, 0xda, 0xff, 0xdb, 0xff, 0xdb, 0xff, 0xdb, 0xff, 0xda, 0xff, 0xdb, 0xff, 0xda, 0xff, 0xda, 0xff, 0xda, 0xff, 0xda, 0xff, 0xda, 0xff, 0xdb, 0xff, 0xdb, 0xff, 0xdb, 0xff, 0xda, 0xff,
    0xfb, 0xff, 0x16, 0xf7, 0x68, 0xfd, 0x88, 0xfd, 0x67, 0xfd, 0x67, 0xfd, 0x68, 0xfd, 0x68, 0xfd, 0x68, 0xfd, 0x68, 0xfd, 0xa9, 0xfd, 0x86, 0x9b, 0xa8, 0xcc, 0xc8, 0xfd, 0x88, 0xfd, 0xe5, 0xf3, 0x84, 0xf3, 0x84, 0xf3, 0x03, 0xf3, 0x08, 0xf4,
    0xed, 0xf4, 0xac, 0xec, 0x86, 0xeb, 0x0d, 0xf5, 0xcc, 0xf4, 0x89, 0x62, 0x45, 0x21, 0x30, 0x84, 0xbe, 0xf7, 0xde, 0xff, 0xde, 0xff, 0xbe, 0xf7, 0xbe, 0xf7, 0xbe, 0xf7, 0xbe, 0xf7, 0xbe, 0xf7, 0xbe, 0xf7, 0xbe, 0xf7, 0xde, 0xff, 0xfe, 0xff,
    0xff, 0xff, 0xff, 0xff, 0xff, 0xff, 0xff, 0xff, 0xff, 0xff, 0xff, 0xff, 0xff, 0xff, 0xff, 0xff, 0xff, 0xff, 0xff, 0xff, 0xff, 0xff, 0xff, 0xff, 0xde, 0xff, 0xff, 0xff, 0x0c, 0x63, 0x00, 0x00, 0xc1, 0x30, 0x44, 0xfb, 0x24, 0xf3, 0x24, 0xf3,
    0x23, 0xf3, 0x23, 0xf3, 0x43, 0xf3, 0x63, 0xf3, 0xa3, 0xf3, 0x05, 0xec, 0x88, 0xfd, 0xa9, 0xf5, 0x81, 0x10, 0x27, 0xb4, 0xc8, 0xfd, 0x67, 0xfd, 0x67, 0xfd, 0x68, 0xfd, 0x88, 0xfd, 0x89, 0xf5, 0x50, 0xf6, 0xdb, 0xff, 0xda, 0xff, 0xda, 0xff,
    0xdb, 0xff, 0xdb, 0xff, 0xda, 0xff, 0xda, 0xff, 0xda, 0xff, 0xda, 0xff, 0xda, 0xff, 0xda, 0xff, 0xda, 0xff, 0xdb, 0xff, 0xda, 0xff, 0xda, 0xff, 0xda, 0xff, 0xdb, 0xff, 0xdb, 0xff, 0xdb, 0xff, 0xdb, 0xff, 0xdb, 0xff, 0xdb, 0xff, 0xdb, 0xff,
    0xdb, 0xff, 0xdb, 0xff, 0xdb, 0xff, 0xfb, 0xff, 0xda, 0xff, 0xda, 0xff, 0xdb, 0xff, 0xdb, 0xff, 0xdb, 0xff, 0xdb, 0xff, 0xda, 0xff, 0xda, 0xff, 0xda, 0xff, 0xda, 0xff, 0xda, 0xff, 0xda, 0xff, 0xdb, 0xff, 0xda, 0xff, 0xdb, 0xff, 0xda, 0xff,
    0xda, 0xff, 0xba, 0xff, 0xec, 0xf5, 0x68, 0xfd, 0x88, 0xfd, 0x68, 0xfd, 0x67, 0xfd, 0x67, 0xfd, 0x67, 0xfd, 0x47, 0xf5, 0xc9, 0xfd, 0x42, 0x39, 0xa3, 0x49, 0x09, 0xfe, 0x87, 0xfd, 0x05, 0xec, 0x64, 0xeb, 0x23, 0xf3, 0x03, 0xf3, 0x49, 0xf4,
    0xed, 0xf4, 0xec, 0xf4, 0x08, 0xf4, 0x4a, 0xec, 0x0c, 0xfd, 0x29, 0x93, 0x45, 0x21, 0x03, 0x21, 0xda, 0xde, 0xff, 0xff, 0xbe, 0xf7, 0xbe, 0xf7, 0xbe, 0xf7, 0xbe, 0xf7, 0xbe, 0xf7, 0xbe, 0xf7, 0xbe, 0xff, 0xbe, 0xf7, 0xde, 0xff, 0xde, 0xff,
    0xff, 0xff, 0xff, 0xff, 0xff, 0xff, 0xff, 0xff, 0xff, 0xff, 0xff, 0xff, 0xff, 0xff, 0xff, 0xff, 0xff, 0xff, 0xff, 0xff, 0xff, 0xff, 0xff, 0xff, 0xff, 0xff, 0xff, 0xff, 0x45, 0x29, 0x00, 0x00, 0x43, 0x72, 0x65, 0xfc, 0x84, 0xf3, 0x64, 0xf3,
    0x63, 0xf3, 0x43, 0xf3, 0x63, 0xf3, 0x05, 0xec, 0x46, 0xec, 0xe7, 0xf4, 0xe9, 0xfd, 0xe6, 0xb3, 0x00, 0x00, 0x28, 0xe5, 0x87, 0xfd, 0x67, 0xfd, 0x67, 0xfd, 0x67, 0xfd, 0x68, 0xfd, 0x69, 0xf5, 0xb2, 0xf6, 0xfb, 0xff, 0xda, 0xff, 0xdb, 0xff,
    0xdb, 0xff, 0xdb, 0xff, 0xdb, 0xff, 0xda, 0xff, 0xda, 0xff, 0xda, 0xff, 0xfa, 0xff, 0xfa, 0xff, 0xda, 0xff, 0xda, 0xff, 0xda, 0xff, 0xda, 0xff, 0xda, 0xff, 0xdb, 0xff, 0xfb, 0xff, 0xdb, 0xff, 0xdb, 0xff, 0xda, 0xff, 0xda, 0xff, 0xda, 0xff,
    0xda, 0xff, 0xdb, 0xff, 0xdb, 0xff, 0xdb, 0xff, 0xda, 0xff, 0xfa, 0xff, 0xdb, 0xff, 0xdb, 0xff, 0xdb, 0xff, 0xda, 0xff, 0xda, 0xff, 0xda, 0xff, 0xda, 0xff, 0xda, 0xff, 0xdb, 0xff, 0xda, 0xff, 0xdb, 0xff, 0xdb, 0xff, 0xdb, 0xff, 0xda, 0xff,
    0xda, 0xff, 0xfb, 0xff, 0xb2, 0xf6, 0x67, 0xfd, 0x88, 0xfd, 0x88, 0xfd, 0x88, 0xfd, 0x88, 0xfd, 0x67, 0xfd, 0x47, 0xf5, 0xc9, 0xfd, 0xc5, 0x7a, 0x20, 0x08, 0x48, 0xed, 0x87, 0xfd, 0xa8, 0xfd, 0x07, 0xf5, 0x45, 0xf4, 0x25, 0xf4, 0xe4, 0xf3,
    0x04, 0xf4, 0xe4, 0xf3, 0x04, 0xf4, 0x25, 0xf4, 0xc6, 0xfc, 0x85, 0xab, 0x00, 0x00, 0x00, 0x00, 0xf7, 0xbd, 0xff, 0xff, 0xde, 0xff, 0xfe, 0xff, 0xde, 0xff, 0xde, 0xff, 0xff, 0xff, 0xff, 0xff, 0xff, 0xff, 0xff, 0xff, 0xfe, 0xff, 0xde, 0xff,
    0xdf, 0xff, 0xff, 0xff, 0xff, 0xff, 0xff, 0xff, 0xff, 0xff, 0xff, 0xff, 0xff, 0xff, 0xff, 0xff, 0xff, 0xff, 0xff, 0xff, 0xff, 0xff, 0xdf, 0xff, 0xff, 0xff, 0x1b, 0xe7, 0x61, 0x10, 0x00, 0x00, 0x06, 0xb4, 0xe7, 0xfd, 0x67, 0xf5, 0x47, 0xfd,
    0x47, 0xfd, 0x07, 0xf5, 0x07, 0xf5, 0x48, 0xf5, 0xa9, 0xfd, 0x89, 0xfd, 0xe9, 0xfd, 0x44, 0x62, 0x81, 0x10, 0x88, 0xfd, 0x87, 0xfd, 0x87, 0xfd, 0x67, 0xfd, 0x67, 0xfd, 0x67, 0xfd, 0xaa, 0xf5, 0x36, 0xf7, 0xdb, 0xff, 0xda, 0xff, 0xdb, 0xff,
    0xdb, 0xff, 0xdb, 0xff, 0xdb, 0xff, 0xdb, 0xff, 0xda, 0xff, 0xda, 0xff, 0xda, 0xff, 0xda, 0xff, 0xda, 0xff, 0xda, 0xff, 0xda, 0xff, 0xdb, 0xff, 0xdb, 0xff, 0xdb, 0xff, 0xdb, 0xff, 0xdb, 0xff, 0xdb, 0xff, 0xdb, 0xff, 0xdb, 0xff, 0xdb, 0xff,
    0xdb, 0xff, 0xdb, 0xff, 0xdb, 0xff, 0xdb, 0xff, 0xdb, 0xff, 0xdb, 0xff, 0xdb, 0xff, 0xdb, 0xff, 0xdb, 0xff, 0xdb, 0xff, 0xda, 0xff, 0xdb, 0xff, 0xdb, 0xff, 0xdb, 0xff, 0xdb, 0xff, 0xdb, 0xff, 0xdb, 0xff, 0xdb, 0xff, 0xdb, 0xff, 0xdb, 0xff,
    0xda, 0xff, 0xfb, 0xff, 0x16, 0xf7, 0x89, 0xfd, 0xa8, 0xfd, 0x88, 0xfd, 0xa8, 0xfd, 0x88, 0xfd, 0x87, 0xfd, 0x47, 0xf5, 0xc8, 0xfd, 0xa6, 0xa3, 0x00, 0x00, 0x47, 0xbc, 0xc8, 0xfd, 0x88, 0xfd, 0xc8, 0xfd, 0xc8, 0xfd, 0xa8, 0xfd, 0xa8, 0xfd,
    0xa8, 0xfd, 0xa8, 0xfd, 0x88, 0xfd, 0x88, 0xf5, 0xa8, 0xfd, 0xc8, 0xdc, 0x41, 0x08, 0x00, 0x00, 0x92, 0x94, 0xff, 0xff, 0xde, 0xff, 0xff, 0xff, 0xff, 0xff, 0xff, 0xff, 0xff, 0xff, 0xff, 0xff, 0xff, 0xff, 0xff, 0xff, 0xff, 0xff, 0xdf, 0xff,
    
};

const lv_img_dsc_t icon_cat_fear = {
  .header.magic = LV_IMAGE_HEADER_MAGIC,
  .header.cf = LV_COLOR_FORMAT_RGB565,
  .header.w = 120,
  .header.h = 120,
  .data_size = 28800,
  .data = icon_cat_fear_map,
};
