#ifdef __has_include
    #if __has_include("lvgl.h")
        #ifndef LV_LVGL_H_INCLUDE_SIMPLE
            #define LV_LVGL_H_INCLUDE_SIMPLE
        #endif
    #endif
#endif

#if defined(LV_LVGL_H_INCLUDE_SIMPLE)
    #include "lvgl.h"
#else
    #include "lvgl/lvgl.h"
#endif

#ifndef LV_ATTRIBUTE_MEM_ALIGN
#define LV_ATTRIBUTE_MEM_ALIGN
#endif

#ifndef LV_ATTRIBUTE_IMG_ICON_CAT_DEJECTED
#define LV_ATTRIBUTE_IMG_ICON_CAT_DEJECTED
#endif

const LV_ATTRIBUTE_MEM_ALIGN LV_ATTRIBUTE_LARGE_CONST LV_ATTRIBUTE_IMG_ICON_CAT_DEJECTED uint8_t icon_cat_dejected_map[] = {
    0xff, 0xff, 0xff, 0xff, 0xff, 0xff, 0xff, 0xff, 0xff, 0xff, 0xff, 0xff, 0xff, 0xff, 0xff, 0xff, 0xff, 0xff, 0xff, 0xff, 0xff, 0xff, 0xff, 0xff, 0xff, 0xff, 0xff, 0xff, 0xff, 0xff, 0xff, 0xff, 0xff, 0xff, 0xff, 0xff, 0xff, 0xff, 0xff, 0xff,
    0xff, 0xff, 0xff, 0xff, 0xff, 0xff, 0xff, 0xff, 0xff, 0xff, 0xff, 0xff, 0xff, 0xff, 0xff, 0xff, 0xff, 0xff, 0xff, 0xff, 0xff, 0xff, 0xff, 0xff, 0xff, 0xff, 0xff, 0xff, 0xff, 0xff, 0xff, 0xff, 0xff, 0xff, 0xff, 0xff, 0xff, 0xff, 0xff, 0xff,
    0xff, 0xff, 0xff, 0xff, 0xff, 0xff, 0xff, 0xff, 0xff, 0xff, 0xff, 0xff, 0xff, 0xff, 0xff, 0xff, 0xff, 0xff, 0xff, 0xff, 0xff, 0xff, 0xff, 0xff, 0xff, 0xff, 0xff, 0xff, 0xff, 0xff, 0xff, 0xff, 0xff, 0xff, 0xff, 0xff, 0xff, 0xff, 0xff, 0xff,
    0xff, 0xff, 0xff, 0xff, 0xff, 0xff, 0xff, 0xff, 0xff, 0xff, 0xff, 0xff, 0xff, 0xff, 0xff, 0xff, 0xff, 0xff, 0xff, 0xff, 0xff, 0xff, 0xff, 0xff, 0xff, 0xff, 0xff, 0xff, 0xff, 0xff, 0xff, 0xff, 0xff, 0xff, 0xff, 0xff, 0xff, 0xff, 0xff, 0xff,
    0xff, 0xff, 0xff, 0xff, 0xff, 0xff, 0xff, 0xff, 0xff, 0xff, 0xff, 0xff, 0xff, 0xff, 0xff, 0xff, 0xff, 0xff, 0xff, 0xff, 0xff, 0xff, 0xff, 0xff, 0xff, 0xff, 0xff, 0xff, 0xff, 0xff, 0xff, 0xff, 0xff, 0xff, 0xff, 0xff, 0xff, 0xff, 0xff, 0xff,
    0xff, 0xff, 0xff, 0xff, 0xff, 0xff, 0xff, 0xff, 0xff, 0xff, 0xff, 0xff, 0xff, 0xff, 0xff, 0xff, 0xff, 0xff, 0xff, 0xff, 0xff, 0xff, 0xff, 0xff, 0xff, 0xff, 0xff, 0xff, 0xff, 0xff, 0xff, 0xff, 0xff, 0xff, 0xff, 0xff, 0xff, 0xff, 0xff, 0xff,
    0xff, 0xff, 0xff, 0xff, 0xff, 0xff, 0xff, 0xff, 0xff, 0xff, 0xff, 0xff, 0xff, 0xff, 0xff, 0xff, 0xff, 0xff, 0xff, 0xff, 0xff, 0xff, 0xff, 0xff, 0xff, 0xff, 0xff, 0xff, 0xff, 0xff, 0xff, 0xff, 0xff, 0xff, 0xff, 0xff, 0xff, 0xff, 0xff, 0xff,
    0xff, 0xff, 0xff, 0xff, 0xff, 0xff, 0xff, 0xff, 0xff, 0xff, 0xff, 0xff, 0xff, 0xff, 0xff, 0xff, 0xff, 0xff, 0xff, 0xff, 0xff, 0xff, 0xff, 0xff, 0xff, 0xff, 0xff, 0xff, 0xff, 0xff, 0xff, 0xff, 0xff, 0xff, 0xff, 0xff, 0xff, 0xff, 0xff, 0xff,
    0xff, 0xff, 0xff, 0xff, 0xff, 0xff, 0xff, 0xff, 0xff, 0xff, 0xff, 0xff, 0xff, 0xff, 0xff, 0xff, 0xff, 0xff, 0xff, 0xff, 0xff, 0xff, 0xff, 0xff, 0xff, 0xff, 0xff, 0xff, 0xff, 0xff, 0xff, 0xff, 0xff, 0xff, 0xff, 0xff, 0xff, 0xff, 0xff, 0xff,
    0xff, 0xff, 0xff, 0xff, 0xff, 0xff, 0xff, 0xff, 0xff, 0xff, 0xff, 0xff, 0xff, 0xff, 0xff, 0xff, 0xff, 0xff, 0xff, 0xff, 0xff, 0xff, 0xff, 0xff, 0xff, 0xff, 0xff, 0xff, 0xff, 0xff, 0xff, 0xff, 0xff, 0xff, 0xff, 0xff, 0xff, 0xff, 0xff, 0xff,
    0xff, 0xff, 0xff, 0xff, 0xff, 0xff, 0xff, 0xff, 0xff, 0xff, 0xff, 0xff, 0xff, 0xff, 0xff, 0xff, 0xff, 0xff, 0xff, 0xff, 0xff, 0xff, 0xff, 0xff, 0xff, 0xff, 0xff, 0xff, 0xff, 0xff, 0xff, 0xff, 0xff, 0xff, 0xff, 0xff, 0xff, 0xff, 0xff, 0xff,
    0xff, 0xff, 0xff, 0xff, 0xff, 0xff, 0xff, 0xff, 0xff, 0xff, 0xff, 0xff, 0xff, 0xff, 0xff, 0xff, 0xff, 0xff, 0xff, 0xff, 0xff, 0xff, 0xff, 0xff, 0xff, 0xff, 0xff, 0xff, 0xff, 0xff, 0xff, 0xff, 0xff, 0xff, 0xff, 0xff, 0xff, 0xff, 0xff, 0xff,
    0xff, 0xff, 0xff, 0xff, 0xff, 0xff, 0xff, 0xff, 0xff, 0xff, 0xff, 0xff, 0xff, 0xff, 0xff, 0xff, 0xff, 0xff, 0xff, 0xff, 0xff, 0xff, 0xff, 0xff, 0xff, 0xff, 0xff, 0xff, 0xff, 0xff, 0xff, 0xff, 0xff, 0xff, 0xff, 0xff, 0xff, 0xff, 0xff, 0xff,
    0xff, 0xff, 0xff, 0xff, 0xff, 0xff, 0xff, 0xff, 0xff, 0xff, 0xff, 0xff, 0xff, 0xff, 0xff, 0xff, 0xff, 0xff, 0xff, 0xff, 0xff, 0xff, 0xff, 0xff, 0xff, 0xff, 0xff, 0xff, 0xff, 0xff, 0xff, 0xff, 0xff, 0xff, 0xff, 0xff, 0xff, 0xff, 0xff, 0xff,
    0xff, 0xff, 0xff, 0xff, 0xff, 0xff, 0xff, 0xff, 0xff, 0xff, 0xff, 0xff, 0xff, 0xff, 0xff, 0xff, 0xff, 0xff, 0xff, 0xff, 0xff, 0xff, 0xff, 0xff, 0xff, 0xff, 0xff, 0xff, 0xff, 0xff, 0xff, 0xff, 0xff, 0xff, 0xff, 0xff, 0xff, 0xff, 0xff, 0xff,
    0xff, 0xff, 0xff, 0xff, 0xff, 0xff, 0xff, 0xff, 0xff, 0xff, 0xff, 0xff, 0xff, 0xff, 0xff, 0xff, 0xff, 0xff, 0xff, 0xff, 0xff, 0xff, 0xff, 0xff, 0xff, 0xff, 0xff, 0xff, 0xff, 0xff, 0xff, 0xff, 0xff, 0xff, 0xff, 0xff, 0xff, 0xff, 0xff, 0xff,
    0xff, 0xff, 0xff, 0xff, 0xff, 0xff, 0xff, 0xff, 0xff, 0xff, 0xff, 0xff, 0xff, 0xff, 0xff, 0xff, 0xff, 0xff, 0xff, 0xff, 0xff, 0xff, 0xff, 0xff, 0xff, 0xff, 0xff, 0xff, 0xff, 0xff, 0xff, 0xff, 0xff, 0xff, 0xff, 0xff, 0xff, 0xff, 0xff, 0xff,
    0xff, 0xff, 0xff, 0xff, 0xff, 0xff, 0xff, 0xff, 0xff, 0xff, 0xff, 0xff, 0xff, 0xff, 0xff, 0xff, 0xff, 0xff, 0xff, 0xff, 0xff, 0xff, 0xff, 0xff, 0xff, 0xff, 0xff, 0xff, 0xff, 0xff, 0xff, 0xff, 0xff, 0xff, 0xff, 0xff, 0xff, 0xff, 0xff, 0xff,
    0xff, 0xff, 0xff, 0xff, 0xff, 0xff, 0xff, 0xff, 0xff, 0xff, 0xff, 0xff, 0xff, 0xff, 0xff, 0xff, 0xff, 0xff, 0xff, 0xff, 0xff, 0xff, 0xff, 0xff, 0xff, 0xff, 0xff, 0xff, 0xff, 0xff, 0xff, 0xff, 0xff, 0xff, 0xff, 0xff, 0xff, 0xff, 0xff, 0xff,
    0xff, 0xff, 0xff, 0xff, 0xff, 0xff, 0xff, 0xff, 0xff, 0xff, 0xff, 0xff, 0xff, 0xff, 0xff, 0xff, 0xff, 0xff, 0xff, 0xff, 0xff, 0xff, 0xff, 0xff, 0xff, 0xff, 0xff, 0xff, 0xff, 0xff, 0xff, 0xff, 0xff, 0xff, 0xff, 0xff, 0xff, 0xff, 0xff, 0xff,
    0xff, 0xff, 0xff, 0xff, 0xff, 0xff, 0xff, 0xff, 0xff, 0xff, 0xff, 0xff, 0xff, 0xff, 0x3c, 0xe7, 0x7d, 0xef, 0xff, 0xff, 0xff, 0xff, 0xff, 0xff, 0xff, 0xff, 0xff, 0xff, 0xff, 0xff, 0xff, 0xff, 0xff, 0xff, 0xff, 0xff, 0xff, 0xff, 0xff, 0xff,
    0xff, 0xff, 0xff, 0xff, 0xff, 0xff, 0xff, 0xff, 0xff, 0xff, 0xff, 0xff, 0xff, 0xff, 0xff, 0xff, 0xb6, 0xb5, 0x71, 0x8c, 0xff, 0xff, 0xff, 0xff, 0xff, 0xff, 0xff, 0xff, 0xff, 0xff, 0xff, 0xff, 0xff, 0xff, 0xff, 0xff, 0xff, 0xff, 0xff, 0xff,
    0xff, 0xff, 0xff, 0xff, 0xff, 0xff, 0xff, 0xff, 0xff, 0xff, 0xff, 0xff, 0xff, 0xff, 0xff, 0xff, 0xff, 0xff, 0xff, 0xff, 0xff, 0xff, 0xff, 0xff, 0xff, 0xff, 0xff, 0xff, 0xff, 0xff, 0xff, 0xff, 0xff, 0xff, 0xff, 0xff, 0xff, 0xff, 0xff, 0xff,
    0xff, 0xff, 0xff, 0xff, 0xff, 0xff, 0xff, 0xff, 0xff, 0xff, 0xff, 0xff, 0xff, 0xff, 0xff, 0xff, 0xff, 0xff, 0xff, 0xff, 0xff, 0xff, 0xff, 0xff, 0xff, 0xff, 0xff, 0xff, 0xff, 0xff, 0xff, 0xff, 0xff, 0xff, 0xff, 0xff, 0xff, 0xff, 0xff, 0xff,
    0xff, 0xff, 0xff, 0xff, 0xff, 0xff, 0xff, 0xff, 0xff, 0xff, 0xff, 0xff, 0xff, 0xff, 0xff, 0xff, 0xff, 0xff, 0xff, 0xff, 0xff, 0xff, 0xff, 0xff, 0xff, 0xff, 0xff, 0xff, 0xff, 0xff, 0xff, 0xff, 0xff, 0xff, 0xff, 0xff, 0xff, 0xff, 0xff, 0xff,
    0xff, 0xff, 0xff, 0xff, 0xff, 0xff, 0xff, 0xff, 0xff, 0xff, 0xff, 0xff, 0xff, 0xff, 0xff, 0xff, 0xff, 0xff, 0xff, 0xff, 0xff, 0xff, 0xff, 0xff, 0xff, 0xff, 0xff, 0xff, 0xff, 0xff, 0xff, 0xff, 0xff, 0xff, 0xff, 0xff, 0xff, 0xff, 0xff, 0xff,
    0xff, 0xff, 0xff, 0xff, 0xff, 0xff, 0xff, 0xff, 0xdb, 0xde, 0x91, 0x94, 0xef, 0x7b, 0x95, 0xb5, 0x5d, 0xef, 0xff, 0xff, 0xff, 0xff, 0xff, 0xff, 0xff, 0xff, 0xff, 0xff, 0xff, 0xff, 0xff, 0xff, 0xff, 0xff, 0xff, 0xff, 0xdf, 0xff, 0xdf, 0xff,
    0xff, 0xff, 0xff, 0xff, 0xff, 0xff, 0xff, 0xff, 0xff, 0xff, 0xff, 0xff, 0xdf, 0xff, 0xdf, 0xff, 0xf3, 0x9c, 0xba, 0xd6, 0xff, 0xff, 0xff, 0xff, 0xff, 0xff, 0xba, 0xd6, 0xf7, 0xbd, 0xff, 0xff, 0xff, 0xff, 0xff, 0xff, 0xff, 0xff, 0xff, 0xff,
    0xff, 0xff, 0xff, 0xff, 0xff, 0xff, 0xff, 0xff, 0xff, 0xff, 0xff, 0xff, 0xff, 0xff, 0xff, 0xff, 0xff, 0xff, 0xff, 0xff, 0xff, 0xff, 0xff, 0xff, 0xff, 0xff, 0xff, 0xff, 0xff, 0xff, 0xff, 0xff, 0xff, 0xff, 0xff, 0xff, 0xff, 0xff, 0xff, 0xff,
    0xff, 0xff, 0xff, 0xff, 0xff, 0xff, 0xff, 0xff, 0xff, 0xff, 0xff, 0xff, 0xff, 0xff, 0xff, 0xff, 0xff, 0xff, 0xff, 0xff, 0xff, 0xff, 0xff, 0xff, 0xff, 0xff, 0xff, 0xff, 0xff, 0xff, 0xff, 0xff, 0xff, 0xff, 0xff, 0xff, 0xff, 0xff, 0xff, 0xff,
    0xff, 0xff, 0xff, 0xff, 0xff, 0xff, 0xff, 0xff, 0xff, 0xff, 0xff, 0xff, 0xff, 0xff, 0xff, 0xff, 0xff, 0xff, 0xff, 0xff, 0xff, 0xff, 0xff, 0xff, 0xff, 0xff, 0xff, 0xff, 0xff, 0xff, 0xff, 0xff, 0xff, 0xff, 0xff, 0xff, 0xff, 0xff, 0xff, 0xff,
    0xff, 0xff, 0xff, 0xff, 0xff, 0xff, 0xff, 0xff, 0xff, 0xff, 0xff, 0xff, 0xff, 0xff, 0xff, 0xff, 0xff, 0xff, 0xff, 0xff, 0xff, 0xff, 0xff, 0xff, 0xff, 0xff, 0xff, 0xff, 0xff, 0xff, 0xff, 0xff, 0xff, 0xff, 0xff, 0xff, 0xff, 0xff, 0xff, 0xff,
    0xff, 0xff, 0xff, 0xff, 0x1c, 0xe7, 0x4d, 0x6b, 0xaa, 0x52, 0x34, 0xa5, 0x9e, 0xf7, 0xff, 0xff, 0xff, 0xff, 0xff, 0xff, 0xff, 0xff, 0xff, 0xff, 0xff, 0xff, 0xff, 0xff, 0xdf, 0xff, 0xff, 0xff, 0xff, 0xff, 0xff, 0xff, 0xff, 0xff, 0xff, 0xff,
    0xff, 0xff, 0xff, 0xff, 0xff, 0xff, 0xff, 0xff, 0xff, 0xff, 0xff, 0xff, 0xff, 0xff, 0xff, 0xff, 0xff, 0xff, 0xff, 0xff, 0xff, 0xff, 0xdf, 0xff, 0xdf, 0xff, 0xce, 0x7b, 0xb6, 0xb5, 0xff, 0xff, 0xff, 0xff, 0xff, 0xff, 0xff, 0xff, 0xff, 0xff,
    0xff, 0xff, 0xff, 0xff, 0xff, 0xff, 0xff, 0xff, 0xff, 0xff, 0xff, 0xff, 0xff, 0xff, 0xff, 0xff, 0xff, 0xff, 0xff, 0xff, 0xff, 0xff, 0xff, 0xff, 0xff, 0xff, 0xff, 0xff, 0xff, 0xff, 0xff, 0xff, 0xff, 0xff, 0xff, 0xff, 0xff, 0xff, 0xff, 0xff,
    0xff, 0xff, 0xff, 0xff, 0xff, 0xff, 0xff, 0xff, 0xff, 0xff, 0xff, 0xff, 0xff, 0xff, 0xff, 0xff, 0xff, 0xff, 0xff, 0xff, 0xff, 0xff, 0xff, 0xff, 0xff, 0xff, 0xff, 0xff, 0xff, 0xff, 0xff, 0xff, 0xff, 0xff, 0xff, 0xff, 0xff, 0xff, 0xff, 0xff,
    0xff, 0xff, 0xff, 0xff, 0xff, 0xff, 0xff, 0xff, 0xff, 0xff, 0xff, 0xff, 0xff, 0xff, 0xff, 0xff, 0xff, 0xff, 0xff, 0xff, 0xff, 0xff, 0xff, 0xff, 0xff, 0xff, 0xff, 0xff, 0xff, 0xff, 0xff, 0xff, 0xff, 0xff, 0xff, 0xff, 0xff, 0xff, 0xff, 0xff,
    0xff, 0xff, 0xff, 0xff, 0xff, 0xff, 0xff, 0xff, 0xff, 0xff, 0xff, 0xff, 0xff, 0xff, 0xff, 0xff, 0xff, 0xff, 0xff, 0xff, 0xff, 0xff, 0xff, 0xff, 0xff, 0xff, 0xff, 0xff, 0xff, 0xff, 0xff, 0xff, 0xff, 0xff, 0xff, 0xff, 0xff, 0xff, 0xff, 0xff,
    0xff, 0xff, 0xd3, 0x9c, 0x65, 0x29, 0xd2, 0x9c, 0xff, 0xff, 0xff, 0xff, 0xff, 0xff, 0xf7, 0xbd, 0xf7, 0xbd, 0xbe, 0xf7, 0xff, 0xff, 0xff, 0xff, 0xff, 0xff, 0xff, 0xff, 0xff, 0xff, 0xff, 0xff, 0x1c, 0xe7, 0x95, 0xad, 0x30, 0x84, 0x2c, 0x63,
    0x69, 0x4a, 0x28, 0x42, 0x07, 0x3a, 0x07, 0x42, 0x28, 0x42, 0x89, 0x52, 0x2c, 0x63, 0x51, 0x8c, 0xb6, 0xb5, 0x5c, 0xef, 0xff, 0xff, 0xff, 0xff, 0xff, 0xff, 0xff, 0xff, 0xff, 0xff, 0xff, 0xff, 0xff, 0xff, 0x55, 0xad, 0xda, 0xde, 0xff, 0xff,
    0xff, 0xff, 0xff, 0xff, 0xff, 0xff, 0xff, 0xff, 0xff, 0xff, 0xff, 0xff, 0xff, 0xff, 0xff, 0xff, 0xff, 0xff, 0xff, 0xff, 0xff, 0xff, 0xff, 0xff, 0xff, 0xff, 0xff, 0xff, 0xff, 0xff, 0xff, 0xff, 0xff, 0xff, 0xff, 0xff, 0xff, 0xff, 0xff, 0xff,
    0xff, 0xff, 0xff, 0xff, 0xff, 0xff, 0xff, 0xff, 0xff, 0xff, 0xff, 0xff, 0xff, 0xff, 0xff, 0xff, 0xff, 0xff, 0xff, 0xff, 0xff, 0xff, 0xff, 0xff, 0xff, 0xff, 0xff, 0xff, 0xff, 0xff, 0xff, 0xff, 0xff, 0xff, 0xff, 0xff, 0xff, 0xff, 0xff, 0xff,
    0xff, 0xff, 0xff, 0xff, 0xff, 0xff, 0xff, 0xff, 0xff, 0xff, 0xff, 0xff, 0xff, 0xff, 0xff, 0xff, 0xff, 0xff, 0xff, 0xff, 0xff, 0xff, 0xff, 0xff, 0xff, 0xff, 0xff, 0xff, 0xff, 0xff, 0xff, 0xff, 0xff, 0xff, 0xff, 0xff, 0xff, 0xff, 0xff, 0xff,
    0xff, 0xff, 0xff, 0xff, 0xff, 0xff, 0xff, 0xff, 0xff, 0xff, 0xff, 0xff, 0xff, 0xff, 0xff, 0xff, 0xff, 0xff, 0xff, 0xff, 0xff, 0xff, 0xff, 0xff, 0xff, 0xff, 0xff, 0xff, 0xff, 0xff, 0xff, 0xff, 0xff, 0xff, 0xff, 0xff, 0xff, 0xff, 0xff, 0xff,
    0xae, 0x73, 0xa6, 0x31, 0x1c, 0xe7, 0xff, 0xff, 0xff, 0xff, 0xb6, 0xb5, 0x8d, 0x73, 0x34, 0xa5, 0x7d, 0xef, 0xff, 0xff, 0xdf, 0xff, 0xff, 0xff, 0xff, 0xff, 0xdb, 0xde, 0x10, 0x84, 0x28, 0x42, 0xa6, 0x31, 0x89, 0x4a, 0xae, 0x73, 0xf3, 0x9c,
    0xb6, 0xb5, 0x18, 0xc6, 0x58, 0xce, 0x59, 0xce, 0x18, 0xc6, 0x75, 0xad, 0x71, 0x8c, 0x6d, 0x6b, 0x48, 0x42, 0x85, 0x31, 0x28, 0x42, 0x71, 0x8c, 0x3c, 0xe7, 0xff, 0xff, 0xff, 0xff, 0xdf, 0xff, 0xff, 0xff, 0xb6, 0xb5, 0xe7, 0x39, 0x91, 0x94,
    0xff, 0xff, 0xff, 0xff, 0xff, 0xff, 0xff, 0xff, 0xff, 0xff, 0xff, 0xff, 0xdf, 0xff, 0xff, 0xff, 0xff, 0xff, 0xff, 0xff, 0xff, 0xff, 0xff, 0xff, 0xff, 0xff, 0xff, 0xff, 0xff, 0xff, 0xff, 0xff, 0xff, 0xff, 0xff, 0xff, 0xff, 0xff, 0xff, 0xff,
    0xff, 0xff, 0xff, 0xff, 0xff, 0xff, 0xff, 0xff, 0xff, 0xff, 0xff, 0xff, 0xff, 0xff, 0xff, 0xff, 0xff, 0xff, 0xff, 0xff, 0xff, 0xff, 0xff, 0xff, 0xff, 0xff, 0xff, 0xff, 0xff, 0xff, 0xff, 0xff, 0xff, 0xff, 0xff, 0xff, 0xff, 0xff, 0xff, 0xff,
    0xff, 0xff, 0xff, 0xff, 0xff, 0xff, 0xff, 0xff, 0xff, 0xff, 0xff, 0xff, 0xff, 0xff, 0xff, 0xff, 0xff, 0xff, 0xff, 0xff, 0xff, 0xff, 0xff, 0xff, 0xff, 0xff, 0xff, 0xff, 0xff, 0xff, 0xff, 0xff, 0xff, 0xff, 0xff, 0xff, 0xff, 0xff, 0xff, 0xff,
    0xff, 0xff, 0xff, 0xff, 0xff, 0xff, 0xff, 0xff, 0xff, 0xff, 0xff, 0xff, 0xff, 0xff, 0xff, 0xff, 0xff, 0xff, 0xff, 0xff, 0xff, 0xff, 0xff, 0xff, 0xff, 0xff, 0xff, 0xff, 0xff, 0xff, 0xff, 0xff, 0xff, 0xff, 0xff, 0xff, 0xff, 0xff, 0x50, 0x8c,
    0x07, 0x42, 0xff, 0xff, 0xff, 0xff, 0xdf, 0xff, 0x6d, 0x6b, 0x2c, 0x63, 0x3c, 0xe7, 0xff, 0xff, 0xff, 0xff, 0xff, 0xff, 0xff, 0xff, 0x99, 0xd6, 0xaa, 0x52, 0x86, 0x31, 0x4d, 0x6b, 0xf7, 0xbd, 0xbe, 0xf7, 0xff, 0xff, 0xff, 0xff, 0xff, 0xff,
    0xff, 0xff, 0xff, 0xff, 0xff, 0xff, 0xff, 0xff, 0xff, 0xff, 0xff, 0xff, 0xff, 0xff, 0xff, 0xff, 0xff, 0xff, 0x7d, 0xef, 0x75, 0xad, 0xcb, 0x5a, 0x65, 0x29, 0x0b, 0x63, 0x1b, 0xe7, 0xff, 0xff, 0xdf, 0xff, 0xff, 0xff, 0x9d, 0xf7, 0x8d, 0x73,
    0x7d, 0xef, 0xff, 0xff, 0xff, 0xff, 0xff, 0xff, 0xff, 0xff, 0xff, 0xff, 0xff, 0xff, 0xff, 0xff, 0xff, 0xff, 0xff, 0xff, 0xff, 0xff, 0xdf, 0xff, 0xfb, 0xde, 0x34, 0xa5, 0xf7, 0xbd, 0xbe, 0xf7, 0xff, 0xff, 0xff, 0xff, 0xff, 0xff, 0xff, 0xff,
    0xff, 0xff, 0xff, 0xff, 0xff, 0xff, 0xff, 0xff, 0xff, 0xff, 0xff, 0xff, 0xff, 0xff, 0xff, 0xff, 0xff, 0xff, 0xff, 0xff, 0xff, 0xff, 0xff, 0xff, 0xff, 0xff, 0xff, 0xff, 0xff, 0xff, 0xff, 0xff, 0xff, 0xff, 0xff, 0xff, 0xff, 0xff, 0xff, 0xff,
    0xff, 0xff, 0xff, 0xff, 0xff, 0xff, 0xff, 0xff, 0xff, 0xff, 0xff, 0xff, 0xff, 0xff, 0xff, 0xff, 0xff, 0xff, 0xff, 0xff, 0xff, 0xff, 0xff, 0xff, 0xff, 0xff, 0xff, 0xff, 0xff, 0xff, 0xff, 0xff, 0xff, 0xff, 0xff, 0xff, 0xff, 0xff, 0xff, 0xff,
    0xff, 0xff, 0xff, 0xff, 0xff, 0xff, 0xff, 0xff, 0x3c, 0xe7, 0xdf, 0xff, 0xff, 0xff, 0xff, 0xff, 0xff, 0xff, 0xff, 0xff, 0xff, 0xff, 0xff, 0xff, 0xff, 0xff, 0xff, 0xff, 0xff, 0xff, 0xff, 0xff, 0xff, 0xff, 0xff, 0xff, 0x3c, 0xe7, 0xca, 0x5a,
    0xde, 0xff, 0xff, 0xff, 0xbe, 0xf7, 0x48, 0x4a, 0xef, 0x7b, 0xff, 0xff, 0xff, 0xff, 0xdf, 0xff, 0xff, 0xff, 0xff, 0xff, 0x6d, 0x6b, 0x65, 0x29, 0x92, 0x94, 0x9e, 0xf7, 0xff, 0xff, 0xff, 0xff, 0xff, 0xff, 0xff, 0xff, 0xff, 0xff, 0xff, 0xff,
    0xff, 0xff, 0xbe, 0xf7, 0xbe, 0xf7, 0xff, 0xff, 0xff, 0xff, 0xff, 0xff, 0xff, 0xff, 0xff, 0xff, 0xdf, 0xff, 0xff, 0xff, 0xff, 0xff, 0xff, 0xff, 0x3c, 0xe7, 0xae, 0x73, 0x04, 0x21, 0x91, 0x94, 0xff, 0xff, 0xdf, 0xff, 0xff, 0xff, 0xff, 0xff,
    0xff, 0xff, 0xff, 0xff, 0xff, 0xff, 0xff, 0xff, 0xff, 0xff, 0x1b, 0xe7, 0xf3, 0x9c, 0x34, 0xa5, 0x18, 0xc6, 0x5d, 0xef, 0xff, 0xff, 0xff, 0xff, 0xff, 0xff, 0xda, 0xde, 0xb2, 0x94, 0x0b, 0x63, 0x10, 0x84, 0x3c, 0xe7, 0xff, 0xff, 0xff, 0xff,
    0xff, 0xff, 0xff, 0xff, 0xff, 0xff, 0xff, 0xff, 0xff, 0xff, 0xff, 0xff, 0xff, 0xff, 0xff, 0xff, 0xff, 0xff, 0xff, 0xff, 0xff, 0xff, 0xff, 0xff, 0xff, 0xff, 0xff, 0xff, 0xff, 0xff, 0xff, 0xff, 0xff, 0xff, 0xff, 0xff, 0xff, 0xff, 0xff, 0xff,
    0xff, 0xff, 0xff, 0xff, 0xff, 0xff, 0xff, 0xff, 0xff, 0xff, 0xff, 0xff, 0xff, 0xff, 0xff, 0xff, 0xff, 0xff, 0xff, 0xff, 0xff, 0xff, 0xff, 0xff, 0xff, 0xff, 0xff, 0xff, 0xff, 0xff, 0xff, 0xff, 0xff, 0xff, 0xff, 0xff, 0xff, 0xff, 0xff, 0xff,
    0xff, 0xff, 0xff, 0xff, 0xd7, 0xbd, 0xef, 0x7b, 0x75, 0xad, 0xbe, 0xf7, 0xff, 0xff, 0xff, 0xff, 0xff, 0xff, 0xdf, 0xff, 0x99, 0xd6, 0x75, 0xad, 0x9a, 0xd6, 0xff, 0xff, 0xff, 0xff, 0xff, 0xff, 0xff, 0xff, 0xff, 0xff, 0xff, 0xff, 0xdf, 0xff,
    0xff, 0xff, 0xff, 0xff, 0x69, 0x4a, 0x0f, 0x84, 0xff, 0xff, 0xdf, 0xff, 0xff, 0xff, 0xff, 0xff, 0x7d, 0xef, 0x86, 0x31, 0xeb, 0x5a, 0x9e, 0xf7, 0xff, 0xff, 0xff, 0xff, 0xff, 0xff, 0xff, 0xff, 0xff, 0xff, 0xd7, 0xbd, 0xae, 0x73, 0x8a, 0x52,
    0x08, 0x42, 0xc7, 0x39, 0xe7, 0x39, 0x07, 0x42, 0x69, 0x4a, 0x6d, 0x6b, 0x75, 0xad, 0xbe, 0xf7, 0xff, 0xff, 0xff, 0xff, 0xdf, 0xff, 0xff, 0xff, 0xff, 0xff, 0xff, 0xff, 0xdb, 0xde, 0x65, 0x29, 0x6d, 0x6b, 0xff, 0xff, 0xdf, 0xff, 0xff, 0xff,
    0xff, 0xff, 0xff, 0xff, 0xff, 0xff, 0xff, 0xff, 0xff, 0xff, 0x3c, 0xe7, 0x34, 0xa5, 0x10, 0x84, 0xca, 0x5a, 0x07, 0x42, 0x69, 0x4a, 0x30, 0x84, 0xdb, 0xde, 0xff, 0xff, 0xff, 0xff, 0x9e, 0xf7, 0xd2, 0x9c, 0x07, 0x42, 0xef, 0x7b, 0xff, 0xff,
    0xff, 0xff, 0xff, 0xff, 0xff, 0xff, 0xff, 0xff, 0xff, 0xff, 0xff, 0xff, 0xff, 0xff, 0xff, 0xff, 0xff, 0xff, 0xff, 0xff, 0xff, 0xff, 0xff, 0xff, 0xff, 0xff, 0xff, 0xff, 0xff, 0xff, 0xff, 0xff, 0xff, 0xff, 0xff, 0xff, 0xff, 0xff, 0xff, 0xff,
    0xff, 0xff, 0xff, 0xff, 0xff, 0xff, 0xff, 0xff, 0xff, 0xff, 0xff, 0xff, 0xff, 0xff, 0xff, 0xff, 0xff, 0xff, 0xff, 0xff, 0xff, 0xff, 0xff, 0xff, 0xff, 0xff, 0xff, 0xff, 0xff, 0xff, 0xff, 0xff, 0xff, 0xff, 0xff, 0xff, 0xdf, 0xff, 0xff, 0xff,
    0xdb, 0xde, 0xca, 0x5a, 0x4c, 0x6b, 0xba, 0xd6, 0xff, 0xff, 0xff, 0xff, 0xff, 0xff, 0xb6, 0xb5, 0x2c, 0x63, 0x28, 0x42, 0xaa, 0x52, 0x30, 0x84, 0x9a, 0xd6, 0xff, 0xff, 0xff, 0xff, 0xff, 0xff, 0xff, 0xff, 0x5c, 0xef, 0x1b, 0xe7, 0xff, 0xff,
    0xff, 0xff, 0xb2, 0x9c, 0x28, 0x42, 0xff, 0xff, 0xdf, 0xff, 0xff, 0xff, 0xff, 0xff, 0xdf, 0xff, 0x86, 0x31, 0x10, 0x84, 0xff, 0xff, 0xff, 0xff, 0xdf, 0xff, 0xff, 0xff, 0xff, 0xff, 0x30, 0x84, 0xc7, 0x39, 0x69, 0x4a, 0x10, 0x84, 0xd6, 0xbd,
    0xfb, 0xde, 0x9e, 0xf7, 0x9e, 0xf7, 0xfb, 0xde, 0xd7, 0xbd, 0x71, 0x8c, 0x69, 0x4a, 0x86, 0x31, 0x10, 0x84, 0xff, 0xff, 0xff, 0xff, 0xff, 0xff, 0xff, 0xff, 0xdf, 0xff, 0xff, 0xff, 0xdf, 0xff, 0x44, 0x21, 0x71, 0x8c, 0xff, 0xff, 0xff, 0xff,
    0xff, 0xff, 0xff, 0xff, 0xff, 0xff, 0xff, 0xff, 0xff, 0xff, 0xff, 0xff, 0xff, 0xff, 0xff, 0xff, 0xff, 0xff, 0xbe, 0xf7, 0x17, 0xc6, 0xae, 0x73, 0xc6, 0x39, 0x69, 0x4a, 0xd6, 0xbd, 0xff, 0xff, 0xff, 0xff, 0x7d, 0xef, 0x2c, 0x63, 0xa6, 0x31,
    0xfb, 0xde, 0xff, 0xff, 0xff, 0xff, 0xff, 0xff, 0xff, 0xff, 0xff, 0xff, 0xff, 0xff, 0xff, 0xff, 0xff, 0xff, 0xff, 0xff, 0xff, 0xff, 0xff, 0xff, 0xff, 0xff, 0xff, 0xff, 0xff, 0xff, 0xff, 0xff, 0xff, 0xff, 0xff, 0xff, 0xff, 0xff, 0xff, 0xff,
    0xff, 0xff, 0xff, 0xff, 0xff, 0xff, 0xff, 0xff, 0xff, 0xff, 0xff, 0xff, 0xff, 0xff, 0xff, 0xff, 0xff, 0xff, 0xff, 0xff, 0xff, 0xff, 0xff, 0xff, 0xff, 0xff, 0xff, 0xff, 0xff, 0xff, 0xff, 0xff, 0xff, 0xff, 0xff, 0xff, 0xff, 0xff, 0xd3, 0x9c,
    0x85, 0x29, 0x55, 0xad, 0xff, 0xff, 0xff, 0xff, 0xff, 0xff, 0xf3, 0x9c, 0xe7, 0x39, 0x28, 0x42, 0xd3, 0x9c, 0x3c, 0xe7, 0xff, 0xff, 0xff, 0xff, 0xff, 0xff, 0xff, 0xff, 0xff, 0xff, 0xff, 0xff, 0xff, 0xff, 0x3c, 0xe7, 0x3c, 0xe7, 0xff, 0xff,
    0xdf, 0xff, 0xa6, 0x39, 0x99, 0xd6, 0xff, 0xff, 0xff, 0xff, 0xdf, 0xff, 0xff, 0xff, 0x30, 0x84, 0x8a, 0x52, 0xff, 0xff, 0xdf, 0xff, 0xff, 0xff, 0xff, 0xff, 0x1b, 0xe7, 0x86, 0x31, 0xcb, 0x5a, 0x9a, 0xd6, 0xff, 0xff, 0xff, 0xff, 0xff, 0xff,
    0x5c, 0xef, 0x99, 0xd6, 0xdb, 0xde, 0xff, 0xff, 0xff, 0xff, 0xff, 0xff, 0xff, 0xff, 0xdb, 0xde, 0xaa, 0x52, 0xc6, 0x39, 0x7d, 0xef, 0xff, 0xff, 0xff, 0xff, 0xff, 0xff, 0xdf, 0xff, 0xff, 0xff, 0xdb, 0xde, 0xe3, 0x18, 0x7d, 0xef, 0xff, 0xff,
    0xff, 0xff, 0xff, 0xff, 0x1b, 0xe7, 0xff, 0xff, 0xff, 0xff, 0xff, 0xff, 0xff, 0xff, 0xdf, 0xff, 0xff, 0xff, 0xff, 0xff, 0xff, 0xff, 0xff, 0xff, 0xde, 0xff, 0xd3, 0x9c, 0xa6, 0x31, 0x69, 0x4a, 0xfb, 0xde, 0xff, 0xff, 0xff, 0xff, 0xf3, 0x9c,
    0xc2, 0x18, 0x58, 0xce, 0xff, 0xff, 0xff, 0xff, 0xff, 0xff, 0xff, 0xff, 0xff, 0xff, 0xff, 0xff, 0xff, 0xff, 0xff, 0xff, 0xff, 0xff, 0xff, 0xff, 0xff, 0xff, 0xff, 0xff, 0xff, 0xff, 0xff, 0xff, 0xff, 0xff, 0xff, 0xff, 0xff, 0xff, 0xff, 0xff,
    0xff, 0xff, 0xff, 0xff, 0xff, 0xff, 0xff, 0xff, 0xff, 0xff, 0xff, 0xff, 0xff, 0xff, 0xff, 0xff, 0xff, 0xff, 0xff, 0xff, 0xff, 0xff, 0xff, 0xff, 0xff, 0xff, 0xff, 0xff, 0xff, 0xff, 0xff, 0xff, 0xff, 0xff, 0xff, 0xff, 0x6d, 0x6b, 0xc6, 0x39,
    0x3c, 0xe7, 0xff, 0xff, 0xff, 0xff, 0x18, 0xc6, 0xa6, 0x31, 0x48, 0x4a, 0xf7, 0xbd, 0xff, 0xff, 0xff, 0xff, 0xff, 0xff, 0xff, 0xff, 0xdf, 0xff, 0xff, 0xff, 0xff, 0xff, 0xff, 0xff, 0xff, 0xff, 0xff, 0xff, 0xff, 0xff, 0xff, 0xff, 0xff, 0xff,
    0xdb, 0xde, 0xe7, 0x39, 0xff, 0xff, 0xff, 0xff, 0xff, 0xff, 0xff, 0xff, 0xff, 0xff, 0xc6, 0x39, 0x59, 0xce, 0xff, 0xff, 0xdf, 0xff, 0xff, 0xff, 0x9e, 0xf7, 0x65, 0x29, 0xb2, 0x94, 0xff, 0xff, 0xff, 0xff, 0xff, 0xff, 0x75, 0xad, 0x08, 0x42,
    0x07, 0x42, 0x8a, 0x52, 0x89, 0x52, 0xe7, 0x39, 0x51, 0x8c, 0xff, 0xff, 0xdf, 0xff, 0xff, 0xff, 0xff, 0xff, 0x0b, 0x63, 0xcb, 0x5a, 0xff, 0xff, 0xff, 0xff, 0xff, 0xff, 0xff, 0xff, 0xff, 0xff, 0xff, 0xff, 0x28, 0x42, 0xb6, 0xb5, 0xff, 0xff,
    0xff, 0xff, 0xff, 0xff, 0x75, 0xad, 0xbe, 0xf7, 0xff, 0xff, 0xff, 0xff, 0xff, 0xff, 0xff, 0xff, 0xff, 0xff, 0xdf, 0xff, 0xdf, 0xff, 0xbe, 0xf7, 0xff, 0xff, 0xff, 0xff, 0xff, 0xff, 0xef, 0x7b, 0xe3, 0x18, 0x14, 0xa5, 0xff, 0xff, 0xff, 0xff,
    0xd6, 0xbd, 0xe3, 0x18, 0xdb, 0xde, 0xff, 0xff, 0xff, 0xff, 0xff, 0xff, 0xff, 0xff, 0xff, 0xff, 0xff, 0xff, 0xff, 0xff, 0xff, 0xff, 0xff, 0xff, 0xff, 0xff, 0xff, 0xff, 0xff, 0xff, 0xff, 0xff, 0xff, 0xff, 0xff, 0xff, 0xff, 0xff, 0xff, 0xff,
    0xff, 0xff, 0xff, 0xff, 0xff, 0xff, 0xff, 0xff, 0xff, 0xff, 0xff, 0xff, 0xff, 0xff, 0xff, 0xff, 0xff, 0xff, 0xff, 0xff, 0xff, 0xff, 0xff, 0xff, 0xff, 0xff, 0xff, 0xff, 0xff, 0xff, 0xdf, 0xff, 0xff, 0xff, 0x6d, 0x6b, 0x28, 0x42, 0xff, 0xff,
    0xff, 0xff, 0xff, 0xff, 0xef, 0x7b, 0xe3, 0x18, 0x34, 0xa5, 0xff, 0xff, 0xff, 0xff, 0xff, 0xff, 0xff, 0xff, 0xff, 0xff, 0xff, 0xff, 0xff, 0xff, 0xdf, 0xff, 0xff, 0xff, 0xff, 0xff, 0xff, 0xff, 0xff, 0xff, 0xff, 0xff, 0xff, 0xff, 0xff, 0xff,
    0x1c, 0xe7, 0x85, 0x31, 0xdf, 0xff, 0xff, 0xff, 0xff, 0xff, 0xff, 0xff, 0xff, 0xff, 0xe7, 0x39, 0x38, 0xc6, 0xff, 0xff, 0xbe, 0xff, 0xff, 0xff, 0xd2, 0x9c, 0xaa, 0x52, 0xff, 0xff, 0xbe, 0xf7, 0xff, 0xff, 0x75, 0xad, 0x85, 0x31, 0xba, 0xd6,
    0xff, 0xff, 0xff, 0xff, 0xdf, 0xff, 0xfb, 0xde, 0xe7, 0x39, 0xf3, 0x9c, 0xff, 0xff, 0xde, 0xff, 0xdf, 0xff, 0x7d, 0xef, 0x65, 0x29, 0xde, 0xff, 0xff, 0xff, 0xff, 0xff, 0xff, 0xff, 0xff, 0xff, 0xff, 0xff, 0x28, 0x42, 0xb6, 0xb5, 0xff, 0xff,
    0xff, 0xff, 0xff, 0xff, 0xff, 0xff, 0xff, 0xff, 0xff, 0xff, 0xff, 0xff, 0xff, 0xff, 0xff, 0xff, 0xff, 0xff, 0xff, 0xff, 0xff, 0xff, 0xff, 0xff, 0xff, 0xff, 0xff, 0xff, 0xff, 0xff, 0xff, 0xff, 0x79, 0xce, 0xe3, 0x18, 0x0f, 0x84, 0xff, 0xff,
    0xff, 0xff, 0x95, 0xad, 0xc6, 0x39, 0xbe, 0xf7, 0xff, 0xff, 0xff, 0xff, 0xff, 0xff, 0xff, 0xff, 0xff, 0xff, 0xff, 0xff, 0xff, 0xff, 0xff, 0xff, 0xff, 0xff, 0xff, 0xff, 0xff, 0xff, 0xff, 0xff, 0xff, 0xff, 0xff, 0xff, 0xff, 0xff, 0xff, 0xff,
    0xff, 0xff, 0xff, 0xff, 0xff, 0xff, 0xff, 0xff, 0xff, 0xff, 0xff, 0xff, 0xff, 0xff, 0xff, 0xff, 0xff, 0xff, 0xff, 0xff, 0xff, 0xff, 0xff, 0xff, 0xff, 0xff, 0xff, 0xff, 0xff, 0xff, 0xff, 0xff, 0x71, 0x8c, 0x08, 0x42, 0xff, 0xff, 0xff, 0xff,
    0xff, 0xff, 0xaa, 0x52, 0xa6, 0x31, 0x3c, 0xe7, 0xff, 0xff, 0xff, 0xff, 0xff, 0xff, 0xdf, 0xff, 0x1c, 0xe7, 0xfb, 0xde, 0x9e, 0xf7, 0xff, 0xff, 0xff, 0xff, 0xff, 0xff, 0xff, 0xff, 0xff, 0xff, 0xff, 0xff, 0xff, 0xff, 0xff, 0xff, 0xff, 0xff,
    0xff, 0xff, 0x48, 0x4a, 0xb2, 0x94, 0xff, 0xff, 0xdf, 0xff, 0xdf, 0xff, 0xff, 0xff, 0x91, 0x94, 0xe6, 0x39, 0xff, 0xff, 0xff, 0xff, 0xff, 0xff, 0x34, 0xa5, 0x28, 0x42, 0xff, 0xff, 0xff, 0xff, 0xff, 0xff, 0x14, 0xa5, 0xe7, 0x39, 0x96, 0xb5,
    0x54, 0xad, 0xc7, 0x39, 0x59, 0xce, 0xff, 0xff, 0x2c, 0x63, 0x0f, 0x84, 0xff, 0xff, 0xbe, 0xf7, 0xff, 0xff, 0xd6, 0xbd, 0xc6, 0x39, 0xff, 0xff, 0xff, 0xff, 0xff, 0xff, 0xdf, 0xff, 0xff, 0xff, 0x79, 0xce, 0x44, 0x29, 0xbe, 0xf7, 0xff, 0xff,
    0xff, 0xff, 0xff, 0xff, 0xff, 0xff, 0xff, 0xff, 0xff, 0xff, 0xff, 0xff, 0xff, 0xff, 0x9d, 0xf7, 0xd7, 0xbd, 0x50, 0x8c, 0x6d, 0x6b, 0x6d, 0x73, 0xd2, 0x9c, 0x5c, 0xef, 0xff, 0xff, 0xde, 0xff, 0xff, 0xff, 0x5d, 0xef, 0x24, 0x21, 0x51, 0x8c,
    0xff, 0xff, 0xff, 0xff, 0xb2, 0x94, 0xb6, 0xb5, 0xff, 0xff, 0xff, 0xff, 0xff, 0xff, 0xff, 0xff, 0xff, 0xff, 0xff, 0xff, 0xff, 0xff, 0xff, 0xff, 0xff, 0xff, 0xff, 0xff, 0xff, 0xff, 0xff, 0xff, 0xff, 0xff, 0xff, 0xff, 0xff, 0xff, 0xff, 0xff,
    0xff, 0xff, 0xff, 0xff, 0xff, 0xff, 0xff, 0xff, 0xff, 0xff, 0xff, 0xff, 0xff, 0xff, 0xff, 0xff, 0xff, 0xff, 0xff, 0xff, 0xff, 0xff, 0xff, 0xff, 0xff, 0xff, 0xff, 0xff, 0xff, 0xff, 0x79, 0xce, 0xe7, 0x39, 0xbe, 0xf7, 0xff, 0xff, 0xff, 0xff,
    0xaa, 0x52, 0x28, 0x42, 0xff, 0xff, 0xff, 0xff, 0xff, 0xff, 0xbe, 0xf7, 0xef, 0x83, 0x24, 0x21, 0x00, 0x00, 0x00, 0x00, 0xa2, 0x10, 0x49, 0x4a, 0x92, 0x94, 0xfb, 0xde, 0xff, 0xff, 0xff, 0xff, 0xff, 0xff, 0xff, 0xff, 0xff, 0xff, 0xff, 0xff,
    0xff, 0xff, 0xfb, 0xde, 0xe3, 0x18, 0xd6, 0xbd, 0xff, 0xff, 0xff, 0xff, 0xdf, 0xff, 0xff, 0xff, 0xca, 0x5a, 0x69, 0x4a, 0x5c, 0xef, 0xff, 0xff, 0xff, 0xff, 0x8a, 0x52, 0x89, 0x52, 0xba, 0xd6, 0xff, 0xff, 0xff, 0xff, 0x79, 0xce, 0x30, 0x84,
    0x71, 0x8c, 0xba, 0xd6, 0x7d, 0xef, 0xce, 0x7b, 0xa6, 0x31, 0x7d, 0xef, 0xdf, 0xff, 0xff, 0xff, 0x3c, 0xe7, 0xe3, 0x18, 0xb6, 0xb5, 0xff, 0xff, 0xff, 0xff, 0xdf, 0xff, 0xff, 0xff, 0x7d, 0xef, 0x24, 0x21, 0x95, 0xb5, 0xff, 0xff, 0xff, 0xff,
    0xff, 0xff, 0xff, 0xff, 0xff, 0xff, 0xff, 0xff, 0xff, 0xff, 0x79, 0xce, 0x4d, 0x6b, 0xe3, 0x18, 0x00, 0x00, 0x00, 0x00, 0x00, 0x00, 0x00, 0x00, 0x00, 0x00, 0xc2, 0x18, 0x34, 0xa5, 0xff, 0xff, 0xdf, 0xff, 0xff, 0xff, 0x5d, 0xef, 0xc2, 0x18,
    0xb6, 0xbd, 0xff, 0xff, 0xff, 0xff, 0x9d, 0xf7, 0xff, 0xff, 0xff, 0xff, 0xff, 0xff, 0xff, 0xff, 0xff, 0xff, 0xff, 0xff, 0xff, 0xff, 0xff, 0xff, 0xff, 0xff, 0xff, 0xff, 0xff, 0xff, 0xff, 0xff, 0xff, 0xff, 0xff, 0xff, 0xff, 0xff, 0xff, 0xff,
    0xff, 0xff, 0xff, 0xff, 0xff, 0xff, 0xff, 0xff, 0xff, 0xff, 0xff, 0xff, 0xff, 0xff, 0xff, 0xff, 0xff, 0xff, 0xff, 0xff, 0xff, 0xff, 0xff, 0xff, 0xff, 0xff, 0xff, 0xff, 0xff, 0xff, 0x75, 0xad, 0x99, 0xd6, 0xff, 0xff, 0xff, 0xff, 0xef, 0x7b,
    0xa6, 0x31, 0xff, 0xff, 0xff, 0xff, 0xff, 0xff, 0x1c, 0xe7, 0x65, 0x29, 0x00, 0x00, 0x00, 0x00, 0x83, 0x31, 0xc4, 0x31, 0xa2, 0x08, 0x00, 0x00, 0x00, 0x00, 0x81, 0x10, 0xeb, 0x5a, 0x17, 0xc6, 0xff, 0xff, 0xff, 0xff, 0xff, 0xff, 0xff, 0xff,
    0xff, 0xff, 0xff, 0xff, 0x59, 0xce, 0x65, 0x29, 0x30, 0x84, 0xff, 0xff, 0xff, 0xff, 0xff, 0xff, 0xff, 0xff, 0x50, 0x8c, 0xe7, 0x39, 0x71, 0x8c, 0xfb, 0xde, 0xff, 0xff, 0x51, 0x8c, 0xe7, 0x39, 0x28, 0x42, 0x6d, 0x6b, 0xb2, 0x94, 0x14, 0xa5,
    0x71, 0x8c, 0x2c, 0x63, 0xe7, 0x39, 0x6d, 0x6b, 0xbe, 0xf7, 0xff, 0xff, 0xff, 0xff, 0x55, 0xad, 0x24, 0x21, 0xd2, 0x9c, 0xff, 0xff, 0xff, 0xff, 0xff, 0xff, 0xff, 0xff, 0x9a, 0xd6, 0xc6, 0x39, 0xf3, 0x9c, 0xff, 0xff, 0xff, 0xff, 0xff, 0xff,
    0xff, 0xff, 0xff, 0xff, 0xff, 0xff, 0xba, 0xd6, 0xeb, 0x5a, 0x40, 0x00, 0x00, 0x00, 0x00, 0x00, 0x63, 0x29, 0xa9, 0x73, 0xab, 0x9c, 0x6a, 0x9c, 0x45, 0x52, 0x00, 0x00, 0x00, 0x00, 0x54, 0xad, 0xff, 0xff, 0xde, 0xff, 0xff, 0xff, 0x38, 0xc6,
    0x44, 0x29, 0x9e, 0xf7, 0xff, 0xff, 0xff, 0xff, 0xff, 0xff, 0xff, 0xff, 0xff, 0xff, 0xff, 0xff, 0xff, 0xff, 0xff, 0xff, 0xff, 0xff, 0xff, 0xff, 0xff, 0xff, 0xff, 0xff, 0xff, 0xff, 0xff, 0xff, 0xff, 0xff, 0xff, 0xff, 0xff, 0xff, 0xff, 0xff,
    0xff, 0xff, 0xff, 0xff, 0xff, 0xff, 0xff, 0xff, 0xff, 0xff, 0xff, 0xff, 0xff, 0xff, 0xff, 0xff, 0xff, 0xff, 0xff, 0xff, 0xff, 0xff, 0xff, 0xff, 0xff, 0xff, 0xff, 0xff, 0xff, 0xff, 0xff, 0xff, 0xff, 0xff, 0xff, 0xff, 0x79, 0xce, 0x03, 0x21,
    0x7d, 0xef, 0xff, 0xff, 0xdf, 0xff, 0xdf, 0xff, 0xc6, 0x39, 0x00, 0x00, 0xe5, 0x41, 0xab, 0xd5, 0x4b, 0xfe, 0x6c, 0xfe, 0x2e, 0xee, 0xed, 0xac, 0xa8, 0x52, 0x21, 0x00, 0x00, 0x00, 0x00, 0x00, 0xaa, 0x52, 0x59, 0xce, 0xff, 0xff, 0xff, 0xff,
    0xff, 0xff, 0xff, 0xff, 0xff, 0xff, 0x9e, 0xf7, 0x8d, 0x73, 0xca, 0x5a, 0x75, 0xad, 0x9e, 0xf7, 0xff, 0xff, 0xff, 0xff, 0x7d, 0xef, 0x34, 0xa5, 0x91, 0x94, 0xba, 0xd6, 0xff, 0xff, 0xff, 0xff, 0x59, 0xce, 0xf3, 0x9c, 0x30, 0x84, 0xef, 0x7b,
    0x92, 0x94, 0x17, 0xc6, 0xff, 0xff, 0xff, 0xff, 0xdf, 0xff, 0x75, 0xad, 0x69, 0x4a, 0x08, 0x42, 0x59, 0xce, 0xff, 0xff, 0xff, 0xff, 0xff, 0xff, 0x9e, 0xf7, 0x34, 0xa5, 0xeb, 0x5a, 0x38, 0xc6, 0xff, 0xff, 0xff, 0xff, 0xff, 0xff, 0xff, 0xff,
    0xff, 0xff, 0x9e, 0xf7, 0xcf, 0x7b, 0x81, 0x08, 0x00, 0x00, 0x00, 0x00, 0x05, 0x42, 0x8d, 0xb5, 0x50, 0xff, 0x0d, 0xff, 0x8b, 0xfe, 0x6a, 0xfe, 0x6b, 0xfe, 0x07, 0x7b, 0x00, 0x00, 0x81, 0x10, 0x1c, 0xe7, 0xff, 0xff, 0xdf, 0xff, 0xff, 0xff,
    0xae, 0x73, 0x50, 0x8c, 0xff, 0xff, 0xdf, 0xff, 0xff, 0xff, 0xff, 0xff, 0xff, 0xff, 0xff, 0xff, 0xff, 0xff, 0xff, 0xff, 0xff, 0xff, 0xff, 0xff, 0xff, 0xff, 0xff, 0xff, 0xff, 0xff, 0xff, 0xff, 0xff, 0xff, 0xff, 0xff, 0xff, 0xff, 0xff, 0xff,
    0xff, 0xff, 0xff, 0xff, 0xff, 0xff, 0xff, 0xff, 0xff, 0xff, 0xff, 0xff, 0xff, 0xff, 0xff, 0xff, 0xff, 0xff, 0xff, 0xff, 0xff, 0xff, 0xff, 0xff, 0xff, 0xff, 0xbe, 0xff, 0xfb, 0xde, 0xff, 0xff, 0xdf, 0xff, 0xff, 0xff, 0x28, 0x42, 0x75, 0xad,
    0xff, 0xff, 0xde, 0xff, 0xff, 0xff, 0x71, 0x8c, 0x00, 0x00, 0x23, 0x29, 0xea, 0xf5, 0x08, 0xfe, 0x88, 0xfd, 0x88, 0xfd, 0xa8, 0xfd, 0x2a, 0xfe, 0xad, 0xfe, 0xee, 0xd5, 0x29, 0x63, 0x41, 0x00, 0x00, 0x00, 0x20, 0x00, 0x4d, 0x6b, 0x5d, 0xef,
    0xff, 0xff, 0xff, 0xff, 0xff, 0xff, 0xff, 0xff, 0xff, 0xff, 0x1c, 0xe7, 0xd2, 0x9c, 0xd6, 0xbd, 0xff, 0xff, 0xdf, 0xff, 0xff, 0xff, 0xff, 0xff, 0xff, 0xff, 0xff, 0xff, 0xff, 0xff, 0xff, 0xff, 0xff, 0xff, 0xff, 0xff, 0xbe, 0xf7, 0xdf, 0xff,
    0x7d, 0xef, 0x9a, 0xd6, 0xf3, 0x9c, 0xeb, 0x5a, 0xc7, 0x39, 0x89, 0x52, 0x75, 0xad, 0xff, 0xff, 0xff, 0xff, 0xff, 0xff, 0xff, 0xff, 0xdf, 0xff, 0xd6, 0xbd, 0xb6, 0xb5, 0xff, 0xff, 0xff, 0xff, 0xff, 0xff, 0xff, 0xff, 0xff, 0xff, 0xff, 0xff,
    0xb6, 0xb5, 0x45, 0x29, 0x00, 0x00, 0x00, 0x00, 0x64, 0x31, 0x4d, 0xad, 0xf2, 0xff, 0x4e, 0xff, 0xc9, 0xfd, 0x68, 0xfd, 0x88, 0xfd, 0xa8, 0xfd, 0xa8, 0xfd, 0x0a, 0xfe, 0xc4, 0x41, 0x00, 0x00, 0x6d, 0x6b, 0xff, 0xff, 0xdf, 0xff, 0xff, 0xff,
    0x9d, 0xf7, 0x4c, 0x6b, 0xde, 0xff, 0xff, 0xff, 0xff, 0xff, 0xff, 0xff, 0xff, 0xff, 0xff, 0xff, 0xff, 0xff, 0xff, 0xff, 0xff, 0xff, 0xff, 0xff, 0xff, 0xff, 0xff, 0xff, 0xff, 0xff, 0xff, 0xff, 0xff, 0xff, 0xff, 0xff, 0xff, 0xff, 0xff, 0xff,
    0xff, 0xff, 0xff, 0xff, 0xff, 0xff, 0xff, 0xff, 0xff, 0xff, 0xff, 0xff, 0xff, 0xff, 0xff, 0xff, 0xff, 0xff, 0xff, 0xff, 0xff, 0xff, 0xff, 0xff, 0xff, 0xff, 0x9d, 0xf7, 0x9a, 0xd6, 0xff, 0xff, 0xff, 0xff, 0x59, 0xce, 0xaa, 0x52, 0xff, 0xff,
    0xdf, 0xff, 0xff, 0xff, 0xbe, 0xf7, 0x04, 0x21, 0x00, 0x00, 0x27, 0xb4, 0x08, 0xfe, 0x88, 0xfd, 0xa8, 0xfd, 0xa8, 0xfd, 0x88, 0xfd, 0x68, 0xfd, 0x67, 0xfd, 0xe8, 0xfd, 0xac, 0xfe, 0xcd, 0xcd, 0x46, 0x42, 0x00, 0x00, 0x00, 0x00, 0x03, 0x21,
    0x34, 0xa5, 0xff, 0xff, 0xff, 0xff, 0xff, 0xff, 0xff, 0xff, 0xff, 0xff, 0xff, 0xff, 0xff, 0xff, 0xff, 0xff, 0xff, 0xff, 0xdf, 0xff, 0xff, 0xff, 0xff, 0xff, 0xff, 0xff, 0xff, 0xff, 0x5d, 0xef, 0xff, 0xff, 0xb6, 0xb5, 0x2c, 0x63, 0xaa, 0x52,
    0x48, 0x4a, 0xca, 0x5a, 0x0c, 0x63, 0xb2, 0x94, 0x3c, 0xe7, 0xff, 0xff, 0xff, 0xff, 0xff, 0xff, 0xdf, 0xff, 0xff, 0xff, 0xff, 0xff, 0xff, 0xff, 0xff, 0xff, 0xff, 0xff, 0xff, 0xff, 0xff, 0xff, 0xff, 0xff, 0xff, 0xff, 0xde, 0xff, 0x8e, 0x73,
    0x00, 0x00, 0x00, 0x00, 0x61, 0x08, 0x0a, 0x84, 0xb1, 0xf7, 0xf1, 0xff, 0x4b, 0xfe, 0x88, 0xfd, 0x88, 0xfd, 0xc9, 0xfd, 0xe9, 0xfd, 0xa8, 0xfd, 0x89, 0xfd, 0xc9, 0xfd, 0x69, 0xc4, 0x00, 0x00, 0x61, 0x08, 0x5c, 0xef, 0xff, 0xff, 0xff, 0xff,
    0xff, 0xff, 0xf7, 0xc5, 0x3c, 0xef, 0xff, 0xff, 0xff, 0xff, 0xff, 0xff, 0xff, 0xff, 0xff, 0xff, 0xff, 0xff, 0xff, 0xff, 0xff, 0xff, 0xff, 0xff, 0xff, 0xff, 0xff, 0xff, 0xff, 0xff, 0xff, 0xff, 0xff, 0xff, 0xff, 0xff, 0xff, 0xff, 0xff, 0xff,
    0xff, 0xff, 0xff, 0xff, 0xff, 0xff, 0xff, 0xff, 0xff, 0xff, 0xff, 0xff, 0xff, 0xff, 0xff, 0xff, 0xff, 0xff, 0xff, 0xff, 0xff, 0xff, 0xff, 0xff, 0xff, 0xff, 0xff, 0xff, 0xff, 0xff, 0xdf, 0xff, 0xff, 0xff, 0x92, 0x94, 0xb6, 0xb5, 0xff, 0xff,
    0xdf, 0xff, 0xff, 0xff, 0xd6, 0xbd, 0x00, 0x00, 0xe2, 0x20, 0x8b, 0xfd, 0x6d, 0xfd, 0x4e, 0xfd, 0x6c, 0xfd, 0x89, 0xfd, 0xe9, 0xfd, 0xe9, 0xfd, 0x88, 0xfd, 0x88, 0xfd, 0x67, 0xfd, 0x09, 0xfe, 0xee, 0xfe, 0xcc, 0x9c, 0xe3, 0x18, 0x00, 0x00,
    0x00, 0x00, 0x0b, 0x63, 0x7d, 0xef, 0xff, 0xff, 0xdf, 0xff, 0xff, 0xff, 0xff, 0xff, 0xff, 0xff, 0xff, 0xff, 0xff, 0xff, 0xff, 0xff, 0xff, 0xff, 0xff, 0xff, 0xff, 0xff, 0xdf, 0xff, 0x8a, 0x52, 0x13, 0xa5, 0xff, 0xff, 0xff, 0xff, 0xff, 0xff,
    0xff, 0xff, 0x9e, 0xf7, 0x2c, 0x63, 0xd2, 0x9c, 0xd2, 0x9c, 0xbe, 0xf7, 0xdf, 0xff, 0xff, 0xff, 0xff, 0xff, 0xff, 0xff, 0xff, 0xff, 0xff, 0xff, 0xff, 0xff, 0xff, 0xff, 0xff, 0xff, 0xdf, 0xff, 0xff, 0xff, 0xba, 0xd6, 0xa6, 0x31, 0x00, 0x00,
    0x00, 0x00, 0xe5, 0x41, 0x4f, 0xce, 0xf2, 0xff, 0x4e, 0xff, 0xc9, 0xfd, 0x88, 0xfd, 0x88, 0xfd, 0x2a, 0xfe, 0x69, 0xed, 0xc9, 0xd4, 0x6e, 0xfd, 0x2f, 0xfd, 0x4e, 0xfd, 0x6d, 0xfd, 0x23, 0x31, 0x00, 0x00, 0xd2, 0x9c, 0xff, 0xff, 0xdf, 0xff,
    0xff, 0xff, 0xff, 0xff, 0xff, 0xff, 0xff, 0xff, 0xff, 0xff, 0xff, 0xff, 0xff, 0xff, 0xff, 0xff, 0xff, 0xff, 0xff, 0xff, 0xff, 0xff, 0xff, 0xff, 0xff, 0xff, 0xff, 0xff, 0xff, 0xff, 0xff, 0xff, 0xff, 0xff, 0xff, 0xff, 0xff, 0xff, 0xff, 0xff,
    0xff, 0xff, 0xff, 0xff, 0xff, 0xff, 0xff, 0xff, 0xff, 0xff, 0xff, 0xff, 0xff, 0xff, 0xff, 0xff, 0xff, 0xff, 0xff, 0xff, 0xff, 0xff, 0xff, 0xff, 0xff, 0xff, 0xff, 0xff, 0xff, 0xff, 0xff, 0xff, 0xff, 0xff, 0x58, 0xce, 0x9e, 0xf7, 0xff, 0xff,
    0xdf, 0xff, 0xff, 0xff, 0x4c, 0x6b, 0x00, 0x00, 0xc8, 0x7a, 0xb0, 0xfd, 0x2f, 0xfd, 0x4f, 0xfd, 0x2f, 0xfd, 0x2f, 0xf5, 0x86, 0x72, 0x07, 0xb4, 0x09, 0xfe, 0x88, 0xfd, 0xa8, 0xfd, 0x88, 0xfd, 0x88, 0xfd, 0x6b, 0xfe, 0x4e, 0xe6, 0x66, 0x4a,
    0x00, 0x00, 0x00, 0x00, 0x45, 0x29, 0x79, 0xce, 0xff, 0xff, 0xff, 0xff, 0x1c, 0xe7, 0x71, 0x8c, 0xd7, 0xbd, 0x9a, 0xd6, 0xb6, 0xb5, 0xff, 0xff, 0xff, 0xff, 0xdf, 0xff, 0xff, 0xff, 0x9a, 0xd6, 0x20, 0x00, 0x17, 0xc6, 0xbe, 0xf7, 0xd3, 0x9c,
    0x0f, 0x84, 0xa2, 0x10, 0x69, 0x4a, 0x92, 0x94, 0xfb, 0xde, 0xff, 0xff, 0xff, 0xff, 0x7d, 0xef, 0xef, 0x7b, 0x9a, 0xd6, 0xff, 0xff, 0xff, 0xff, 0xff, 0xff, 0xff, 0xff, 0xdf, 0xff, 0xff, 0xff, 0xb6, 0xb5, 0xa2, 0x10, 0x00, 0x00, 0x00, 0x00,
    0xa9, 0x7b, 0xb1, 0xff, 0xf1, 0xff, 0xcd, 0xfe, 0xa8, 0xfd, 0x68, 0xfd, 0x88, 0xfd, 0x0a, 0xfe, 0xa7, 0x9b, 0x44, 0x31, 0x2d, 0xc4, 0x70, 0xfd, 0x2f, 0xfd, 0x2f, 0xfd, 0xb0, 0xfd, 0xa8, 0x7a, 0x00, 0x00, 0xaa, 0x52, 0xff, 0xff, 0xff, 0xff,
    0xff, 0xff, 0xff, 0xff, 0xff, 0xff, 0xff, 0xff, 0xff, 0xff, 0xff, 0xff, 0xff, 0xff, 0xff, 0xff, 0xff, 0xff, 0xff, 0xff, 0xff, 0xff, 0xff, 0xff, 0xff, 0xff, 0xff, 0xff, 0xff, 0xff, 0xff, 0xff, 0xff, 0xff, 0xff, 0xff, 0xff, 0xff, 0xff, 0xff,
    0xff, 0xff, 0xff, 0xff, 0xff, 0xff, 0xff, 0xff, 0xff, 0xff, 0xff, 0xff, 0xff, 0xff, 0xff, 0xff, 0xff, 0xff, 0xff, 0xff, 0xff, 0xff, 0xff, 0xff, 0xff, 0xff, 0xff, 0xff, 0xff, 0xff, 0xff, 0xff, 0xff, 0xff, 0xff, 0xff, 0xff, 0xff, 0xff, 0xff,
    0xff, 0xff, 0xdf, 0xff, 0x65, 0x29, 0x00, 0x00, 0x0c, 0xb4, 0x90, 0xfd, 0x2f, 0xfd, 0x4f, 0xfd, 0x0f, 0xfd, 0x4f, 0xfd, 0x2d, 0xc4, 0x82, 0x18, 0x85, 0x6a, 0xea, 0xfd, 0xa8, 0xfd, 0xa8, 0xfd, 0xa8, 0xfd, 0x47, 0xfd, 0xc8, 0xfd, 0xad, 0xfe,
    0x89, 0x7b, 0x21, 0x00, 0x00, 0x00, 0x61, 0x08, 0x34, 0xa5, 0xff, 0xff, 0xbe, 0xf7, 0xdb, 0xde, 0x1b, 0xe7, 0xba, 0xd6, 0x65, 0x29, 0x69, 0x4a, 0xbe, 0xf7, 0xff, 0xff, 0xff, 0xff, 0xff, 0xff, 0xf3, 0x9c, 0xe3, 0x18, 0xff, 0xff, 0xff, 0xff,
    0xaa, 0x52, 0x0c, 0x63, 0xff, 0xff, 0xff, 0xff, 0xff, 0xff, 0xff, 0xff, 0x14, 0xa5, 0x65, 0x29, 0x30, 0x84, 0xbe, 0xf7, 0xff, 0xff, 0xdf, 0xff, 0xff, 0xff, 0xdf, 0xff, 0xff, 0xff, 0xb2, 0x94, 0x00, 0x00, 0x00, 0x00, 0x81, 0x10, 0x6d, 0xb5,
    0xf1, 0xff, 0x90, 0xff, 0xcd, 0xfe, 0x88, 0xfd, 0x68, 0xfd, 0x88, 0xfd, 0xea, 0xfd, 0x65, 0x62, 0x41, 0x10, 0x8e, 0xcc, 0x90, 0xfd, 0x2f, 0xfd, 0x4f, 0xfd, 0x2f, 0xfd, 0xb0, 0xfd, 0xec, 0xab, 0x00, 0x00, 0x24, 0x21, 0xde, 0xff, 0xff, 0xff,
    0xff, 0xff, 0xff, 0xff, 0xff, 0xff, 0xdf, 0xff, 0xff, 0xff, 0xff, 0xff, 0xff, 0xff, 0xff, 0xff, 0xff, 0xff, 0xff, 0xff, 0xff, 0xff, 0xff, 0xff, 0xff, 0xff, 0xff, 0xff, 0xff, 0xff, 0xff, 0xff, 0xff, 0xff, 0xff, 0xff, 0xff, 0xff, 0xff, 0xff,
    0xff, 0xff, 0xff, 0xff, 0xff, 0xff, 0xff, 0xff, 0xff, 0xff, 0xff, 0xff, 0xff, 0xff, 0xff, 0xff, 0xff, 0xff, 0xff, 0xff, 0xff, 0xff, 0xff, 0xff, 0xff, 0xff, 0xff, 0xff, 0xff, 0xff, 0xff, 0xff, 0xff, 0xff, 0xff, 0xff, 0xff, 0xff, 0xff, 0xff,
    0xff, 0xff, 0xda, 0xde, 0x20, 0x00, 0x41, 0x08, 0xee, 0xe4, 0x6f, 0xfd, 0x4f, 0xfd, 0x4f, 0xfd, 0x2f, 0xfd, 0x0f, 0xfd, 0x90, 0xfd, 0xce, 0xdc, 0x21, 0x08, 0xe4, 0x51, 0xe9, 0xfd, 0xa8, 0xfd, 0x88, 0xfd, 0x87, 0xfd, 0x67, 0xfd, 0x67, 0xfd,
    0x6a, 0xfe, 0xab, 0xac, 0xa2, 0x10, 0x00, 0x00, 0x00, 0x00, 0x50, 0x8c, 0xff, 0xff, 0xff, 0xff, 0xff, 0xff, 0xff, 0xff, 0xff, 0xff, 0xcb, 0x5a, 0xa6, 0x39, 0xfb, 0xde, 0xba, 0xd6, 0xb6, 0xb5, 0x75, 0xad, 0x41, 0x08, 0x6d, 0x6b, 0x50, 0x8c,
    0x00, 0x00, 0xae, 0x73, 0x30, 0x84, 0x30, 0x84, 0x14, 0xa5, 0x4c, 0x6b, 0x00, 0x00, 0x91, 0x94, 0xbe, 0xf7, 0xbe, 0xf7, 0xff, 0xff, 0xff, 0xff, 0xff, 0xff, 0xff, 0xff, 0x51, 0x8c, 0x00, 0x00, 0x00, 0x00, 0x03, 0x21, 0x2e, 0xd6, 0xf0, 0xff,
    0x4f, 0xff, 0xcd, 0xfe, 0xa8, 0xfd, 0x88, 0xfd, 0x68, 0xfd, 0xc9, 0xfd, 0xe4, 0x51, 0x41, 0x08, 0xef, 0xdc, 0x91, 0xfd, 0x2f, 0xfd, 0x4f, 0xfd, 0x4f, 0xfd, 0x4f, 0xfd, 0x90, 0xfd, 0xae, 0xd4, 0x20, 0x00, 0x20, 0x00, 0xda, 0xde, 0xff, 0xff,
    0xff, 0xff, 0x5d, 0xef, 0x8a, 0x52, 0xfb, 0xde, 0xff, 0xff, 0xff, 0xff, 0xff, 0xff, 0xff, 0xff, 0xff, 0xff, 0xff, 0xff, 0xff, 0xff, 0xff, 0xff, 0xff, 0xff, 0xff, 0xff, 0xff, 0xff, 0xff, 0xff, 0xff, 0xff, 0xff, 0xff, 0xff, 0xff, 0xff, 0xff,
    0xff, 0xff, 0xff, 0xff, 0xff, 0xff, 0xff, 0xff, 0xff, 0xff, 0xff, 0xff, 0xff, 0xff, 0xff, 0xff, 0xff, 0xff, 0xff, 0xff, 0xff, 0xff, 0xff, 0xff, 0xff, 0xff, 0xff, 0xff, 0xff, 0xff, 0xff, 0xff, 0xff, 0xff, 0xff, 0xff, 0xff, 0xff, 0xdf, 0xff,
    0xff, 0xff, 0x54, 0xad, 0x00, 0x00, 0x23, 0x29, 0x70, 0xfd, 0x4f, 0xfd, 0x4f, 0xfd, 0x4f, 0xfd, 0x2f, 0xfd, 0x2f, 0xfd, 0x0f, 0xfd, 0x70, 0xfd, 0xad, 0xd4, 0x21, 0x08, 0xc4, 0x49, 0xea, 0xfd, 0x87, 0xfd, 0x67, 0xfd, 0x67, 0xfd, 0x67, 0xfd,
    0x47, 0xfd, 0x09, 0xfe, 0x2b, 0xd5, 0xe2, 0x20, 0x00, 0x00, 0x00, 0x00, 0xcf, 0x7b, 0xff, 0xff, 0xda, 0xde, 0x14, 0xa5, 0xce, 0x7b, 0x69, 0x4a, 0x00, 0x00, 0x40, 0x00, 0x20, 0x00, 0x00, 0x00, 0x00, 0x00, 0x00, 0x00, 0x00, 0x00, 0x00, 0x00,
    0x00, 0x00, 0x00, 0x00, 0x00, 0x00, 0x00, 0x00, 0x00, 0x00, 0x00, 0x00, 0x00, 0x00, 0x20, 0x00, 0x20, 0x00, 0xe3, 0x18, 0xe7, 0x39, 0x6d, 0x6b, 0xb6, 0xbd, 0x30, 0x84, 0x00, 0x00, 0x00, 0x00, 0x43, 0x29, 0xcf, 0xe6, 0xd0, 0xff, 0x4f, 0xff,
    0xcd, 0xfe, 0xc9, 0xfd, 0xa8, 0xfd, 0x88, 0xfd, 0xea, 0xfd, 0x24, 0x62, 0x20, 0x00, 0xae, 0xd4, 0x90, 0xfd, 0x0f, 0xfd, 0x2f, 0xfd, 0x2f, 0xfd, 0x4f, 0xfd, 0x4f, 0xfd, 0x6f, 0xfd, 0x50, 0xf5, 0xc2, 0x18, 0x00, 0x00, 0xb6, 0xb5, 0xff, 0xff,
    0xff, 0xff, 0xef, 0x7b, 0x91, 0x94, 0xff, 0xff, 0xdf, 0xff, 0xff, 0xff, 0xff, 0xff, 0xff, 0xff, 0xff, 0xff, 0xdf, 0xff, 0xff, 0xff, 0xff, 0xff, 0xff, 0xff, 0xff, 0xff, 0xff, 0xff, 0xff, 0xff, 0xff, 0xff, 0xff, 0xff, 0xff, 0xff, 0xff, 0xff,
    0xff, 0xff, 0xff, 0xff, 0xff, 0xff, 0xff, 0xff, 0xff, 0xff, 0xff, 0xff, 0xff, 0xff, 0xff, 0xff, 0xff, 0xff, 0xff, 0xff, 0xff, 0xff, 0xff, 0xff, 0xff, 0xff, 0xff, 0xff, 0xff, 0xff, 0xff, 0xff, 0xff, 0xff, 0xff, 0xff, 0xff, 0xff, 0xdf, 0xff,
    0xff, 0xff, 0xcf, 0x7b, 0x00, 0x00, 0xc5, 0x49, 0x90, 0xfd, 0x2e, 0xfd, 0x4f, 0xfd, 0x4f, 0xfd, 0x4f, 0xfd, 0x4f, 0xfd, 0x70, 0xfd, 0x0f, 0xfd, 0x90, 0xfd, 0x4c, 0xc4, 0x00, 0x00, 0x85, 0x6a, 0x09, 0xfe, 0x67, 0xfd, 0x67, 0xfd, 0x67, 0xfd,
    0x67, 0xfd, 0x47, 0xfd, 0xa8, 0xfd, 0x29, 0xe5, 0x02, 0x29, 0x00, 0x00, 0x00, 0x00, 0x45, 0x29, 0x20, 0x00, 0x00, 0x00, 0x00, 0x00, 0x00, 0x00, 0x81, 0x18, 0x61, 0x10, 0x41, 0x00, 0x67, 0x83, 0x86, 0x9b, 0x43, 0xaa, 0x84, 0xba, 0x84, 0xba,
    0xa4, 0xc2, 0xa4, 0xc2, 0x85, 0xb2, 0x82, 0x18, 0x65, 0x5a, 0x26, 0x7b, 0x24, 0x5a, 0x22, 0x41, 0xa1, 0x28, 0x20, 0x08, 0x00, 0x00, 0x00, 0x00, 0x00, 0x00, 0x00, 0x00, 0x00, 0x00, 0x23, 0x29, 0xae, 0xe6, 0x8f, 0xff, 0x2f, 0xff, 0xac, 0xfe,
    0xea, 0xfd, 0xc9, 0xfd, 0x88, 0xfd, 0x09, 0xfe, 0xe5, 0x82, 0x00, 0x00, 0x4d, 0xc4, 0xb1, 0xfd, 0x0f, 0xfd, 0x4f, 0xfd, 0x4f, 0xfd, 0x4f, 0xfd, 0x4f, 0xfd, 0x4f, 0xfd, 0x4f, 0xfd, 0x90, 0xfd, 0x64, 0x39, 0x00, 0x00, 0x71, 0x8c, 0xff, 0xff,
    0xdf, 0xff, 0x9d, 0xf7, 0xff, 0xff, 0xff, 0xff, 0xff, 0xff, 0xff, 0xff, 0xbe, 0xf7, 0x5d, 0xef, 0xff, 0xff, 0xff, 0xff, 0xff, 0xff, 0xff, 0xff, 0xff, 0xff, 0xff, 0xff, 0xff, 0xff, 0xff, 0xff, 0xff, 0xff, 0xff, 0xff, 0xff, 0xff, 0xff, 0xff,
    0xff, 0xff, 0xff, 0xff, 0xff, 0xff, 0xff, 0xff, 0xff, 0xff, 0xff, 0xff, 0xff, 0xff, 0xff, 0xff, 0xff, 0xff, 0xff, 0xff, 0xff, 0xff, 0xff, 0xff, 0xff, 0xff, 0xff, 0xff, 0xff, 0xff, 0xff, 0xff, 0xff, 0xff, 0xff, 0xff, 0xff, 0xff, 0xdf, 0xff,
    0xff, 0xff, 0xeb, 0x62, 0x00, 0x00, 0x88, 0x72, 0x90, 0xfd, 0x2e, 0xfd, 0x4f, 0xfd, 0x4f, 0xfd, 0x4f, 0xfd, 0x2f, 0xfd, 0x2f, 0xfd, 0x2f, 0xfd, 0xee, 0xfc, 0x70, 0xfd, 0x8a, 0xa3, 0x00, 0x00, 0x46, 0x8b, 0xe8, 0xfd, 0x47, 0xfd, 0x67, 0xfd,
    0x67, 0xfd, 0x67, 0xfd, 0x47, 0xfd, 0x87, 0xfd, 0x29, 0xe5, 0xe2, 0x20, 0x00, 0x00, 0x00, 0x00, 0xc1, 0x28, 0xa3, 0x61, 0x44, 0x9a, 0xe5, 0xca, 0x25, 0xeb, 0x27, 0xec, 0xa7, 0x8b, 0xac, 0xfe, 0x4a, 0xfe, 0x64, 0xfb, 0x64, 0xfb, 0x64, 0xfb,
    0x85, 0xfb, 0x84, 0xfb, 0x44, 0xfb, 0x45, 0xc3, 0x4a, 0xfe, 0x8a, 0xfe, 0x2a, 0xfe, 0xa5, 0xfb, 0x65, 0xfb, 0x25, 0xeb, 0xc4, 0xca, 0x24, 0x92, 0x83, 0x51, 0x81, 0x10, 0x22, 0x31, 0xaa, 0xe5, 0x2a, 0xfe, 0x0a, 0xfe, 0x0a, 0xfe, 0xc9, 0xfd,
    0xa8, 0xfd, 0x88, 0xfd, 0xe8, 0xfd, 0x07, 0xb4, 0x00, 0x00, 0x09, 0x8b, 0xb0, 0xfd, 0x0f, 0xf5, 0x2f, 0xfd, 0x4f, 0xfd, 0x4f, 0xfd, 0x4f, 0xfd, 0x4f, 0xfd, 0x4f, 0xfd, 0x4f, 0xfd, 0xb0, 0xfd, 0xe5, 0x51, 0x00, 0x00, 0x4d, 0x6b, 0xff, 0xff,
    0xdf, 0xff, 0xff, 0xff, 0xdf, 0xff, 0xff, 0xff, 0x58, 0xce, 0x69, 0x4a, 0xa6, 0x31, 0xc7, 0x39, 0xe7, 0x39, 0x0c, 0x63, 0xdb, 0xde, 0xff, 0xff, 0xdf, 0xff, 0xff, 0xff, 0x9e, 0xf7, 0xff, 0xff, 0xff, 0xff, 0xff, 0xff, 0xff, 0xff, 0xff, 0xff,
    0xff, 0xff, 0xff, 0xff, 0xff, 0xff, 0xff, 0xff, 0xff, 0xff, 0xff, 0xff, 0xff, 0xff, 0xdf, 0xff, 0xd2, 0x9c, 0xb2, 0x94, 0xff, 0xff, 0xff, 0xff, 0xff, 0xff, 0xff, 0xff, 0xff, 0xff, 0xfb, 0xde, 0x79, 0xce, 0xff, 0xff, 0xff, 0xff, 0xff, 0xff,
    0xff, 0xff, 0x69, 0x4a, 0x00, 0x00, 0xe8, 0x82, 0x8f, 0xfd, 0x2e, 0xfd, 0x90, 0xfd, 0x6f, 0xfd, 0x4f, 0xfd, 0x4f, 0xfd, 0x2f, 0xfd, 0x2f, 0xfd, 0x2f, 0xfd, 0x0f, 0xfd, 0x90, 0xfd, 0x26, 0x62, 0x00, 0x00, 0x88, 0xcc, 0xa8, 0xfd, 0x47, 0xfd,
    0x67, 0xfd, 0x47, 0xfd, 0x67, 0xfd, 0x48, 0xfd, 0xc8, 0xfd, 0x09, 0xdd, 0xc8, 0x9b, 0x27, 0xdc, 0x65, 0xfb, 0xa5, 0xfb, 0x85, 0xfb, 0x64, 0xfb, 0x03, 0xfb, 0x26, 0xfc, 0x8a, 0xfe, 0x09, 0xfe, 0xc9, 0xf5, 0x64, 0xf3, 0x44, 0xfb, 0x44, 0xfb,
    0x44, 0xfb, 0x44, 0xf3, 0x24, 0xfb, 0xe5, 0xfb, 0xe9, 0xfd, 0x09, 0xfe, 0x48, 0xf5, 0x23, 0xfb, 0x24, 0xfb, 0x23, 0xfb, 0x44, 0xfb, 0x44, 0xfb, 0xe5, 0xfb, 0x49, 0xed, 0xaa, 0xf5, 0x0a, 0xfe, 0xc9, 0xfd, 0xc9, 0xfd, 0xc9, 0xfd, 0xc9, 0xfd,
    0xa8, 0xfd, 0xa8, 0xfd, 0x69, 0xf5, 0x61, 0x10, 0x84, 0x41, 0x90, 0xfd, 0x6f, 0xfd, 0xb1, 0xfd, 0x70, 0xfd, 0x4f, 0xfd, 0x4f, 0xfd, 0x4f, 0xfd, 0x4f, 0xfd, 0x4f, 0xfd, 0x4f, 0xfd, 0xb1, 0xfd, 0x47, 0x62, 0x00, 0x00, 0x8a, 0x52, 0xff, 0xff,
    0xff, 0xff, 0xff, 0xff, 0xff, 0xff, 0x54, 0xad, 0x03, 0x21, 0xd2, 0x9c, 0x1c, 0xe7, 0x9d, 0xf7, 0xba, 0xd6, 0x10, 0x84, 0x03, 0x21, 0xd3, 0x9c, 0xff, 0xff, 0xff, 0xff, 0x18, 0xc6, 0xb2, 0x94, 0xff, 0xff, 0xff, 0xff, 0xff, 0xff, 0xff, 0xff,
    0xff, 0xff, 0xff, 0xff, 0xff, 0xff, 0xff, 0xff, 0xff, 0xff, 0xff, 0xff, 0xff, 0xff, 0xbe, 0xf7, 0x95, 0xb5, 0xbe, 0xf7, 0xff, 0xff, 0xff, 0xff, 0xff, 0xff, 0xdf, 0xff, 0xdf, 0xff, 0xda, 0xde, 0xa6, 0x31, 0xf3, 0x9c, 0xff, 0xff, 0xdf, 0xff,
    0xff, 0xff, 0xc7, 0x39, 0x00, 0x00, 0x29, 0x93, 0x8f, 0xfd, 0x2e, 0xfd, 0x6f, 0xfd, 0x4f, 0xfd, 0x4f, 0xfd, 0x4f, 0xfd, 0x50, 0xfd, 0x50, 0xfd, 0xce, 0xec, 0xce, 0xec, 0x90, 0xfd, 0x90, 0xfd, 0x81, 0x18, 0x02, 0x29, 0xa9, 0xfd, 0x47, 0xfd,
    0x67, 0xfd, 0x88, 0xfd, 0xc9, 0xfd, 0xc9, 0xfd, 0xc9, 0xfd, 0xe9, 0xfd, 0x8b, 0xfe, 0xa7, 0xfc, 0xe3, 0xf2, 0x23, 0xf3, 0x24, 0xf3, 0x24, 0xfb, 0x03, 0xfb, 0xc5, 0xfb, 0x09, 0xfe, 0x09, 0xfe, 0xe9, 0xfd, 0xa5, 0xfb, 0x44, 0xfb, 0x44, 0xfb,
    0x24, 0xfb, 0x24, 0xfb, 0x24, 0xfb, 0xc5, 0xfb, 0xe9, 0xfd, 0x09, 0xfe, 0x07, 0xfd, 0x03, 0xfb, 0x24, 0xfb, 0x24, 0xfb, 0x03, 0xfb, 0x03, 0xf3, 0x84, 0xf3, 0xc9, 0xfd, 0xc9, 0xfd, 0xc9, 0xfd, 0xc9, 0xfd, 0x0a, 0xfe, 0x0a, 0xfe, 0xea, 0xfd,
    0xa8, 0xfd, 0x0a, 0xfe, 0x04, 0x5a, 0x00, 0x00, 0xee, 0xe4, 0xb1, 0xfd, 0x2c, 0xc4, 0xc5, 0x51, 0x29, 0x93, 0x90, 0xfd, 0x4f, 0xfd, 0x4f, 0xfd, 0x4f, 0xfd, 0x4f, 0xfd, 0x2f, 0xfd, 0xb1, 0xfd, 0x88, 0x72, 0x00, 0x00, 0xe7, 0x39, 0xff, 0xff,
    0xff, 0xff, 0xff, 0xff, 0xdb, 0xde, 0x03, 0x21, 0xdb, 0xde, 0xff, 0xff, 0xff, 0xff, 0xff, 0xff, 0xff, 0xff, 0xff, 0xff, 0xdb, 0xde, 0x03, 0x21, 0xb2, 0x94, 0xff, 0xff, 0xff, 0xff, 0xca, 0x5a, 0xd6, 0xbd, 0xff, 0xff, 0xff, 0xff, 0xff, 0xff,
    0xff, 0xff, 0xff, 0xff, 0xff, 0xff, 0xff, 0xff, 0xff, 0xff, 0xff, 0xff, 0xf7, 0xc5, 0x7d, 0xef, 0xff, 0xff, 0xff, 0xff, 0xff, 0xff, 0xff, 0xff, 0xff, 0xff, 0xff, 0xff, 0xff, 0xff, 0xff, 0xff, 0x9e, 0xf7, 0xf7, 0xbd, 0xff, 0xff, 0xff, 0xff,
    0xff, 0xff, 0xa6, 0x31, 0x00, 0x00, 0x6a, 0x9b, 0x90, 0xfd, 0x2e, 0xfd, 0x4f, 0xfd, 0x4f, 0xfd, 0x2f, 0xfd, 0x2f, 0xfd, 0x2f, 0xfd, 0x90, 0xfd, 0xa8, 0x7a, 0x61, 0x10, 0x64, 0x39, 0x2c, 0xbc, 0x6c, 0xc4, 0x00, 0x00, 0x25, 0x8b, 0x08, 0xfe,
    0x88, 0xfd, 0xc9, 0xfd, 0xc9, 0xfd, 0xc9, 0xfd, 0xc9, 0xfd, 0xc9, 0xfd, 0xe9, 0xfd, 0x86, 0xf4, 0xe3, 0xf2, 0x23, 0xfb, 0x24, 0xfb, 0x24, 0xfb, 0x03, 0xfb, 0xa5, 0xfb, 0xe9, 0xfd, 0x09, 0xfe, 0xe9, 0xfd, 0x64, 0xfb, 0x44, 0xfb, 0x44, 0xfb,
    0x23, 0xfb, 0x44, 0xfb, 0x24, 0xfb, 0x06, 0xfc, 0xe9, 0xfd, 0x0a, 0xfe, 0xe7, 0xf4, 0x03, 0xfb, 0x24, 0xfb, 0x24, 0xfb, 0x24, 0xfb, 0xe3, 0xfa, 0xe5, 0xfb, 0xc9, 0xfd, 0xa9, 0xfd, 0xc9, 0xfd, 0xe9, 0xfd, 0xe9, 0xfd, 0xea, 0xfd, 0xc9, 0xfd,
    0xe9, 0xfd, 0x09, 0xe5, 0x20, 0x00, 0xa8, 0xa3, 0x4e, 0xf5, 0xe6, 0x59, 0x61, 0x08, 0x06, 0x52, 0xae, 0xd4, 0x50, 0xfd, 0x2f, 0xfd, 0x50, 0xfd, 0x4f, 0xfd, 0x4f, 0xfd, 0x2f, 0xfd, 0xb1, 0xfd, 0x88, 0x72, 0x00, 0x00, 0xc6, 0x39, 0xff, 0xff,
    0xdf, 0xff, 0xff, 0xff, 0xae, 0x73, 0xce, 0x7b, 0xff, 0xff, 0xde, 0xff, 0xff, 0xff, 0xff, 0xff, 0xff, 0xff, 0xff, 0xff, 0xff, 0xff, 0x3c, 0xe7, 0xe3, 0x18, 0x9a, 0xd6, 0xff, 0xff, 0x79, 0xce, 0x48, 0x4a, 0xff, 0xff, 0xff, 0xff, 0xff, 0xff,
    0xff, 0xff, 0xff, 0xff, 0xff, 0xff, 0xff, 0xff, 0xff, 0xff, 0x55, 0xad, 0x71, 0x8c, 0xff, 0xff, 0xdf, 0xff, 0xff, 0xff, 0xff, 0xff, 0xff, 0xff, 0x18, 0xc6, 0x14, 0xa5, 0x96, 0xb5, 0x3c, 0xe7, 0xff, 0xff, 0xff, 0xff, 0xff, 0xff, 0xff, 0xff,
    0xff, 0xff, 0x85, 0x31, 0x00, 0x00, 0x6a, 0x9b, 0x90, 0xfd, 0x2e, 0xfd, 0x2f, 0xfd, 0x2f, 0xfd, 0x2f, 0xfd, 0x2f, 0xfd, 0x50, 0xfd, 0x90, 0xfd, 0xb0, 0xfd, 0xad, 0xcc, 0x46, 0x5a, 0x00, 0x00, 0x2b, 0xb4, 0xa8, 0x93, 0x28, 0xac, 0x29, 0xfe,
    0xc9, 0xfd, 0xc9, 0xfd, 0xc9, 0xfd, 0xc9, 0xfd, 0xc9, 0xfd, 0xc9, 0xfd, 0x0a, 0xfe, 0x48, 0xfd, 0x03, 0xf3, 0x23, 0xfb, 0x23, 0xfb, 0x24, 0xfb, 0x24, 0xfb, 0x64, 0xfb, 0xc9, 0xfd, 0x09, 0xfe, 0x09, 0xfe, 0xe5, 0xfb, 0x24, 0xfb, 0x23, 0xfb,
    0x23, 0xfb, 0x23, 0xfb, 0x03, 0xfb, 0x46, 0xfc, 0x09, 0xfe, 0x09, 0xfe, 0xc7, 0xf4, 0x03, 0xfb, 0x24, 0xfb, 0x24, 0xfb, 0x24, 0xfb, 0xe3, 0xfa, 0x25, 0xf4, 0x09, 0xfe, 0xc9, 0xfd, 0xc9, 0xfd, 0xc9, 0xfd, 0xe9, 0xfd, 0xc9, 0xfd, 0xc9, 0xfd,
    0xc9, 0xfd, 0xa9, 0xfd, 0xc9, 0xcc, 0x4c, 0xfe, 0xc6, 0x7a, 0xa4, 0x49, 0x4d, 0xe5, 0x72, 0xfe, 0xd2, 0xfd, 0xb1, 0xfd, 0x91, 0xfd, 0x30, 0xfd, 0x4f, 0xfd, 0x4f, 0xfd, 0x2f, 0xfd, 0xb1, 0xfd, 0x88, 0x72, 0x00, 0x00, 0xc6, 0x39, 0xff, 0xff,
    0xdf, 0xff, 0xff, 0xff, 0xaa, 0x52, 0x75, 0xb5, 0xff, 0xff, 0xff, 0xff, 0x10, 0x84, 0xe7, 0x39, 0x89, 0x52, 0x38, 0xc6, 0xff, 0xff, 0xff, 0xff, 0xd3, 0x9c, 0x48, 0x4a, 0xff, 0xff, 0xff, 0xff, 0x69, 0x4a, 0x18, 0xc6, 0xff, 0xff, 0xff, 0xff,
    0xff, 0xff, 0xff, 0xff, 0xff, 0xff, 0xff, 0xff, 0xfb, 0xde, 0x89, 0x52, 0xdf, 0xff, 0xff, 0xff, 0xdf, 0xff, 0xff, 0xff, 0x55, 0xad, 0x07, 0x42, 0xaa, 0x52, 0x30, 0x84, 0xf3, 0x9c, 0x17, 0xc6, 0xff, 0xff, 0xff, 0xff, 0xff, 0xff, 0xff, 0xff,
    0xff, 0xff, 0x44, 0x29, 0x00, 0x00, 0x6a, 0x9b, 0x90, 0xfd, 0x0e, 0xfd, 0x2f, 0xfd, 0x2f, 0xfd, 0x0f, 0xfd, 0x2f, 0xfd, 0xae, 0xe4, 0x2d, 0xc4, 0x4d, 0xcc, 0x2f, 0xed, 0x30, 0xfe, 0x0c, 0xdd, 0x29, 0xdd, 0x6a, 0xfe, 0x2a, 0xfe, 0xc9, 0xfd,
    0xc9, 0xfd, 0xc9, 0xfd, 0xc9, 0xfd, 0xc9, 0xfd, 0xe9, 0xfd, 0xe9, 0xfd, 0x0a, 0xfe, 0xa9, 0xfd, 0x44, 0xf3, 0x23, 0xfb, 0x23, 0xfb, 0x23, 0xfb, 0x24, 0xfb, 0x64, 0xfb, 0xa9, 0xfd, 0x09, 0xfe, 0x2a, 0xfe, 0x25, 0xfc, 0x03, 0xfb, 0x23, 0xfb,
    0x23, 0xfb, 0x23, 0xfb, 0x03, 0xfb, 0x86, 0xfc, 0x09, 0xfe, 0x0a, 0xfe, 0xa7, 0xfc, 0x03, 0xfb, 0x44, 0xfb, 0x24, 0xfb, 0x03, 0xfb, 0xe3, 0xfa, 0x07, 0xf5, 0x09, 0xfe, 0xc9, 0xfd, 0xe9, 0xfd, 0xc9, 0xfd, 0xc9, 0xfd, 0xc9, 0xfd, 0xc9, 0xfd,
    0xc9, 0xfd, 0xc9, 0xfd, 0xe9, 0xfd, 0xa9, 0xfd, 0x69, 0xf5, 0x0a, 0xfe, 0x2b, 0xed, 0xe6, 0x51, 0x43, 0x31, 0x44, 0x39, 0xab, 0xab, 0x90, 0xfd, 0x2f, 0xfd, 0x70, 0xfd, 0x4f, 0xfd, 0xb1, 0xfd, 0x88, 0x72, 0x00, 0x00, 0xe7, 0x39, 0xff, 0xff,
    0xdf, 0xff, 0xff, 0xff, 0x2c, 0x63, 0x13, 0xa5, 0xff, 0xff, 0x96, 0xb5, 0xa6, 0x31, 0xba, 0xd6, 0x75, 0xad, 0x03, 0x21, 0xf7, 0xbd, 0xff, 0xff, 0xdf, 0xff, 0x85, 0x31, 0x99, 0xd6, 0xff, 0xff, 0x50, 0x8c, 0x0f, 0x84, 0xff, 0xff, 0xdf, 0xff,
    0xff, 0xff, 0xff, 0xff, 0xff, 0xff, 0xff, 0xff, 0x2c, 0x63, 0x75, 0xad, 0xff, 0xff, 0xdf, 0xff, 0xff, 0xff, 0xae, 0x73, 0xa6, 0x31, 0x38, 0xc6, 0xff, 0xff, 0xff, 0xff, 0xff, 0xff, 0xff, 0xff, 0xff, 0xff, 0xff, 0xff, 0xff, 0xff, 0xff, 0xff,
    0xff, 0xff, 0x85, 0x31, 0x00, 0x00, 0x4a, 0x93, 0x90, 0xfd, 0x0e, 0xfd, 0x2f, 0xfd, 0x2f, 0xfd, 0x0f, 0xfd, 0x4f, 0xfd, 0xe6, 0x51, 0x61, 0x08, 0x61, 0x08, 0x05, 0x52, 0x8b, 0xed, 0x0a, 0xfe, 0xe9, 0xfd, 0xc9, 0xfd, 0xc9, 0xfd, 0xe9, 0xfd,
    0xe9, 0xfd, 0xc9, 0xfd, 0xc9, 0xfd, 0xc9, 0xfd, 0xc9, 0xfd, 0xe9, 0xfd, 0xe9, 0xfd, 0xe9, 0xfd, 0xc4, 0xfb, 0x03, 0xfb, 0x23, 0xfb, 0x23, 0xfb, 0x23, 0xfb, 0x85, 0xfb, 0xc9, 0xfd, 0xe9, 0xfd, 0x0a, 0xfe, 0x86, 0xf4, 0x03, 0xfb, 0x23, 0xfb,
    0x23, 0xfb, 0x23, 0xfb, 0x44, 0xfb, 0xe7, 0xfc, 0x09, 0xfe, 0x09, 0xfe, 0xa7, 0xfc, 0x04, 0xfb, 0x24, 0xfb, 0x24, 0xfb, 0x23, 0xfb, 0x84, 0xf3, 0xa9, 0xfd, 0xe9, 0xfd, 0xe9, 0xfd, 0xe9, 0xfd, 0xe9, 0xfd, 0xe9, 0xfd, 0xc9, 0xfd, 0xc9, 0xfd,
    0xc9, 0xfd, 0xc9, 0xfd, 0xa9, 0xfd, 0xa8, 0xfd, 0xa9, 0xfd, 0xa8, 0xfd, 0x4a, 0xed, 0xc9, 0xa3, 0x6a, 0x93, 0xe9, 0x82, 0x2d, 0xc4, 0x70, 0xfd, 0x50, 0xfd, 0x70, 0xfd, 0x4f, 0xfd, 0xb0, 0xfd, 0x26, 0x62, 0x00, 0x00, 0x48, 0x4a, 0xff, 0xff,
    0xdf, 0xff, 0xff, 0xff, 0x55, 0xad, 0x89, 0x52, 0xff, 0xff, 0x75, 0xad, 0xeb, 0x5a, 0xff, 0xff, 0xff, 0xff, 0xb6, 0xb5, 0xc7, 0x39, 0xff, 0xff, 0xff, 0xff, 0x4c, 0x6b, 0x51, 0x8c, 0xff, 0xff, 0xd6, 0xbd, 0x6d, 0x6b, 0xff, 0xff, 0xdf, 0xff,
    0xff, 0xff, 0xff, 0xff, 0xff, 0xff, 0xdb, 0xde, 0x07, 0x42, 0xff, 0xff, 0xdf, 0xff, 0xff, 0xff, 0x71, 0x8c, 0xc6, 0x39, 0xdf, 0xff, 0xff, 0xff, 0xff, 0xff, 0x99, 0xce, 0x18, 0xc6, 0x9e, 0xf7, 0xff, 0xff, 0xff, 0xff, 0xff, 0xff, 0xff, 0xff,
    0xff, 0xff, 0xa6, 0x31, 0x00, 0x00, 0xe8, 0x82, 0x90, 0xfd, 0x0e, 0xfd, 0x2f, 0xfd, 0x2f, 0xfd, 0x2f, 0xfd, 0x2f, 0xfd, 0x0f, 0xf5, 0x0e, 0xed, 0x2b, 0xe5, 0xaa, 0xf5, 0xc9, 0xfd, 0xc9, 0xfd, 0xc9, 0xfd, 0xc9, 0xfd, 0xc9, 0xfd, 0xe9, 0xfd,
    0xe9, 0xfd, 0xc9, 0xfd, 0xe9, 0xfd, 0xe9, 0xfd, 0xc9, 0xfd, 0xc9, 0xfd, 0xe9, 0xfd, 0x09, 0xfe, 0x66, 0xfc, 0x03, 0xfb, 0x44, 0xfb, 0x44, 0xfb, 0x64, 0xfb, 0xa5, 0xfb, 0xc9, 0xfd, 0xe9, 0xfd, 0x0a, 0xfe, 0xe7, 0xf4, 0x03, 0xfb, 0x24, 0xfb,
    0x23, 0xfb, 0x44, 0xfb, 0x64, 0xf3, 0x89, 0xfd, 0xe9, 0xfd, 0x0a, 0xfe, 0x87, 0xf4, 0xe3, 0xfa, 0x24, 0xfb, 0x24, 0xfb, 0x23, 0xfb, 0x46, 0xf4, 0xe9, 0xfd, 0xc9, 0xfd, 0xc9, 0xfd, 0xc9, 0xfd, 0xc9, 0xfd, 0xe9, 0xfd, 0xe9, 0xfd, 0xc9, 0xfd,
    0xc9, 0xfd, 0xc9, 0xfd, 0xc9, 0xfd, 0xc9, 0xfd, 0xa9, 0xfd, 0xa8, 0xfd, 0xc8, 0xfd, 0x2a, 0xfe, 0x2c, 0xfe, 0xef, 0xfd, 0x91, 0xfd, 0x50, 0xfd, 0x70, 0xfd, 0x50, 0xfd, 0x2f, 0xfd, 0x90, 0xfd, 0xa5, 0x49, 0x00, 0x00, 0x0b, 0x63, 0xff, 0xff,
    0xdf, 0xff, 0xff, 0xff, 0xff, 0xff, 0xe7, 0x39, 0xf3, 0x9c, 0xff, 0xff, 0x0f, 0x84, 0x89, 0x52, 0x18, 0xc6, 0xff, 0xff, 0xc6, 0x39, 0x3c, 0xe7, 0xff, 0xff, 0x71, 0x8c, 0x6d, 0x6b, 0xff, 0xff, 0x59, 0xce, 0xef, 0x7b, 0xff, 0xff, 0xdf, 0xff,
    0xff, 0xff, 0xdf, 0xff, 0xff, 0xff, 0x71, 0x8c, 0xcf, 0x7b, 0xff, 0xff, 0xff, 0xff, 0x1c, 0xe7, 0x24, 0x21, 0x5d, 0xef, 0xff, 0xff, 0xda, 0xde, 0x08, 0x42, 0xc7, 0x39, 0x48, 0x4a, 0xa6, 0x31, 0xd3, 0x9c, 0xff, 0xff, 0xff, 0xff, 0xff, 0xff,
    0xff, 0xff, 0xe7, 0x39, 0x00, 0x00, 0x67, 0x72, 0x90, 0xfd, 0x0e, 0xfd, 0x2f, 0xfd, 0x2f, 0xfd, 0x2f, 0xfd, 0x0f, 0xfd, 0x6e, 0xfd, 0xcb, 0xfd, 0xe9, 0xfd, 0xc9, 0xfd, 0xc9, 0xfd, 0xc9, 0xfd, 0xe9, 0xfd, 0xc9, 0xfd, 0xc9, 0xfd, 0xc9, 0xfd,
    0xc9, 0xfd, 0xc9, 0xfd, 0xe9, 0xfd, 0xc9, 0xfd, 0xc9, 0xfd, 0xc9, 0xfd, 0xc9, 0xfd, 0xe9, 0xfd, 0x48, 0xfd, 0x44, 0xfb, 0x23, 0xfb, 0x43, 0xfb, 0x64, 0xfb, 0xa5, 0xfb, 0xc9, 0xfd, 0xe9, 0xfd, 0x09, 0xfe, 0x48, 0xfd, 0x64, 0xfb, 0x03, 0xfb,
    0x44, 0xfb, 0x24, 0xfb, 0x64, 0xf3, 0xa9, 0xfd, 0xe9, 0xfd, 0x0a, 0xfe, 0x66, 0xf4, 0x03, 0xfb, 0x24, 0xfb, 0x44, 0xfb, 0x24, 0xf3, 0x08, 0xfd, 0xe9, 0xfd, 0xc9, 0xfd, 0xc9, 0xfd, 0xe9, 0xfd, 0xe9, 0xfd, 0xe9, 0xfd, 0xe9, 0xfd, 0xe9, 0xfd,
    0xe9, 0xfd, 0xc9, 0xfd, 0xc9, 0xfd, 0xc9, 0xfd, 0xc9, 0xfd, 0xc9, 0xfd, 0xc8, 0xfd, 0xa8, 0xfd, 0xa8, 0xfd, 0x89, 0xfd, 0x8b, 0xfd, 0x6f, 0xfd, 0x50, 0xfd, 0x4f, 0xfd, 0x2f, 0xfd, 0x4f, 0xfd, 0x23, 0x31, 0x00, 0x00, 0x6d, 0x6b, 0xff, 0xff,
    0xdf, 0xff, 0xff, 0xff, 0xff, 0xff, 0xfb, 0xde, 0x24, 0x21, 0x92, 0x94, 0xff, 0xff, 0xbe, 0xf7, 0xff, 0xff, 0x38, 0xc6, 0xa6, 0x31, 0xde, 0xff, 0xff, 0xff, 0x71, 0x8c, 0x6d, 0x6b, 0xff, 0xff, 0xba, 0xd6, 0x95, 0xb5, 0xff, 0xff, 0xff, 0xff,
    0xff, 0xff, 0xff, 0xff, 0xff, 0xff, 0x2c, 0x63, 0xb6, 0xb5, 0xff, 0xff, 0xff, 0xff, 0xef, 0x7b, 0xae, 0x73, 0xff, 0xff, 0x5c, 0xef, 0x44, 0x29, 0xf3, 0x9c, 0xff, 0xff, 0xff, 0xff, 0xba, 0xd6, 0x24, 0x21, 0x34, 0xa5, 0xff, 0xff, 0xdf, 0xff,
    0xff, 0xff, 0x89, 0x52, 0x00, 0x00, 0xc5, 0x51, 0x90, 0xfd, 0x2e, 0xfd, 0x2f, 0xfd, 0x2f, 0xfd, 0x2f, 0xfd, 0x8d, 0xfd, 0xc9, 0xfd, 0xc9, 0xfd, 0xa9, 0xfd, 0xc9, 0xfd, 0xc9, 0xfd, 0xc9, 0xfd, 0xc9, 0xfd, 0xc9, 0xfd, 0xc9, 0xfd, 0xc9, 0xfd,
    0xc9, 0xfd, 0xe9, 0xfd, 0xe9, 0xfd, 0xe9, 0xfd, 0xc9, 0xfd, 0xc9, 0xfd, 0xc9, 0xfd, 0xc9, 0xfd, 0x0a, 0xfe, 0x05, 0xf4, 0x23, 0xfb, 0x44, 0xfb, 0x64, 0xfb, 0x46, 0xfc, 0x09, 0xfe, 0xc9, 0xfd, 0x09, 0xfe, 0xa9, 0xfd, 0x84, 0xfb, 0xe3, 0xfa,
    0x44, 0xfb, 0x24, 0xfb, 0xa4, 0xfb, 0xea, 0xfd, 0xc9, 0xfd, 0x0a, 0xfe, 0x87, 0xf4, 0x03, 0xfb, 0x44, 0xfb, 0x03, 0xfb, 0xe5, 0xf3, 0xe9, 0xfd, 0xc9, 0xfd, 0xc9, 0xfd, 0xc9, 0xfd, 0xe9, 0xfd, 0xe9, 0xfd, 0xe9, 0xfd, 0xc9, 0xfd, 0xc9, 0xfd,
    0xc9, 0xfd, 0xc9, 0xfd, 0xc9, 0xfd, 0xc9, 0xfd, 0xc9, 0xfd, 0xc9, 0xfd, 0xc9, 0xfd, 0xc9, 0xfd, 0xc9, 0xfd, 0xc9, 0xfd, 0xc8, 0xfd, 0xaa, 0xfd, 0x8e, 0xfd, 0x50, 0xfd, 0x4f, 0xfd, 0xee, 0xec, 0xa2, 0x18, 0x00, 0x00, 0xb2, 0x94, 0xff, 0xff,
    0xff, 0xff, 0xff, 0xff, 0x5c, 0xef, 0xff, 0xff, 0x9e, 0xf7, 0x8a, 0x52, 0xc7, 0x39, 0x0f, 0x84, 0xce, 0x7b, 0x24, 0x21, 0x95, 0xb5, 0xff, 0xff, 0xff, 0xff, 0x0b, 0x63, 0xb2, 0x94, 0xff, 0xff, 0xdb, 0xde, 0xfb, 0xde, 0xff, 0xff, 0xff, 0xff,
    0xff, 0xff, 0xff, 0xff, 0xff, 0xff, 0x69, 0x4a, 0x79, 0xce, 0xff, 0xff, 0xff, 0xff, 0x69, 0x4a, 0xb6, 0xb5, 0xff, 0xff, 0xcf, 0x7b, 0xae, 0x73, 0xdf, 0xff, 0x6d, 0x6b, 0x18, 0xc6, 0xff, 0xff, 0x79, 0xce, 0x85, 0x31, 0xdf, 0xff, 0xdf, 0xff,
    0xff, 0xff, 0x6d, 0x6b, 0x00, 0x00, 0x44, 0x31, 0x6f, 0xfd, 0x2e, 0xfd, 0x2f, 0xfd, 0x2f, 0xfd, 0x8c, 0xfd, 0xc9, 0xfd, 0xc9, 0xfd, 0xc9, 0xfd, 0xc9, 0xfd, 0xc9, 0xfd, 0xc9, 0xfd, 0xc9, 0xfd, 0xc9, 0xfd, 0xc9, 0xfd, 0xc9, 0xfd, 0xc9, 0xfd,
    0xc9, 0xfd, 0xe9, 0xfd, 0xe9, 0xfd, 0xe9, 0xfd, 0xe9, 0xfd, 0xe9, 0xfd, 0xe9, 0xfd, 0xc9, 0xfd, 0x09, 0xfe, 0x69, 0xf5, 0x43, 0xf3, 0x23, 0xfb, 0x44, 0xfb, 0xc7, 0xfc, 0x09, 0xfe, 0xe9, 0xfd, 0xe9, 0xfd, 0xc9, 0xfd, 0x84, 0xf3, 0x23, 0xfb,
    0x44, 0xfb, 0x03, 0xfb, 0x46, 0xfc, 0xe9, 0xfd, 0xc9, 0xfd, 0x0a, 0xfe, 0xe7, 0xfc, 0x03, 0xfb, 0x23, 0xfb, 0xa5, 0xf3, 0x69, 0xfd, 0xe9, 0xfd, 0xc9, 0xfd, 0xe9, 0xfd, 0xe9, 0xfd, 0xc9, 0xfd, 0xc9, 0xfd, 0xea, 0xfd, 0xc9, 0xfd, 0xc9, 0xfd,
    0xc9, 0xfd, 0xe9, 0xfd, 0xe9, 0xfd, 0xc9, 0xfd, 0xc9, 0xfd, 0xc9, 0xfd, 0xc9, 0xfd, 0xc8, 0xfd, 0xc8, 0xfd, 0xc8, 0xfd, 0xc9, 0xfd, 0xc9, 0xfd, 0xc9, 0xfd, 0x6c, 0xfd, 0xb0, 0xfd, 0xad, 0xdc, 0x20, 0x00, 0x00, 0x00, 0xf7, 0xbd, 0xff, 0xff,
    0xff, 0xff, 0xda, 0xde, 0xaa, 0x52, 0xaa, 0x52, 0x9a, 0xd6, 0xff, 0xff, 0x79, 0xce, 0x51, 0x8c, 0x50, 0x8c, 0xda, 0xde, 0xff, 0xff, 0xff, 0xff, 0x3c, 0xe7, 0x24, 0x21, 0x5d, 0xef, 0xff, 0xff, 0xdf, 0xff, 0xff, 0xff, 0xff, 0xff, 0xff, 0xff,
    0xff, 0xff, 0xff, 0xff, 0xff, 0xff, 0x49, 0x4a, 0x59, 0xce, 0xff, 0xff, 0xff, 0xff, 0x69, 0x4a, 0x38, 0xc6, 0xff, 0xff, 0xca, 0x5a, 0x75, 0xad, 0x9e, 0xf7, 0x75, 0xad, 0xe7, 0x41, 0x7d, 0xef, 0xff, 0xff, 0xc7, 0x39, 0xdb, 0xde, 0xff, 0xff,
    0xff, 0xff, 0xf3, 0x9c, 0x00, 0x00, 0xa2, 0x18, 0x4f, 0xf5, 0xd0, 0xfd, 0x6e, 0xfd, 0xaa, 0xfd, 0xc8, 0xfd, 0xa8, 0xfd, 0xc9, 0xfd, 0xc9, 0xfd, 0xc9, 0xfd, 0xc9, 0xfd, 0xc9, 0xfd, 0xc9, 0xfd, 0xc9, 0xfd, 0xc9, 0xfd, 0xc9, 0xfd, 0xc9, 0xfd,
    0xc9, 0xfd, 0xc9, 0xfd, 0xc9, 0xfd, 0xc9, 0xfd, 0xe9, 0xfd, 0xc9, 0xfd, 0xe9, 0xfd, 0xe9, 0xfd, 0xe9, 0xfd, 0x09, 0xfe, 0x28, 0xf5, 0xe5, 0xf3, 0x66, 0xfc, 0xc9, 0xfd, 0xe9, 0xfd, 0xe9, 0xfd, 0xe9, 0xfd, 0xea, 0xfd, 0x46, 0xf4, 0x44, 0xfb,
    0x44, 0xfb, 0x24, 0xfb, 0x07, 0xfd, 0xe9, 0xfd, 0xc9, 0xfd, 0xc9, 0xfd, 0xc9, 0xfd, 0x05, 0xf4, 0xc5, 0xf3, 0x89, 0xfd, 0xe9, 0xfd, 0xc9, 0xfd, 0xe9, 0xfd, 0xea, 0xfd, 0xe9, 0xfd, 0xe9, 0xfd, 0xe9, 0xfd, 0xc9, 0xfd, 0xca, 0xfd, 0xc9, 0xfd,
    0xc9, 0xfd, 0xc9, 0xfd, 0xe9, 0xfd, 0xc9, 0xfd, 0xc9, 0xfd, 0xc9, 0xfd, 0xc9, 0xfd, 0xc9, 0xfd, 0xc9, 0xfd, 0xc9, 0xfd, 0xc9, 0xfd, 0xc9, 0xfd, 0xa8, 0xfd, 0xc9, 0xfd, 0x05, 0x5a, 0x85, 0x41, 0x00, 0x00, 0x81, 0x10, 0x3c, 0xe7, 0xff, 0xff,
    0xff, 0xff, 0xff, 0xff, 0x5d, 0xef, 0x44, 0x29, 0xa6, 0x31, 0x2c, 0x63, 0x1c, 0xe7, 0xff, 0xff, 0xff, 0xff, 0xff, 0xff, 0xff, 0xff, 0x1c, 0xe7, 0x65, 0x29, 0xb2, 0x94, 0xff, 0xff, 0xff, 0xff, 0xff, 0xff, 0xff, 0xff, 0xff, 0xff, 0xff, 0xff,
    0xff, 0xff, 0xdf, 0xff, 0xff, 0xff, 0xeb, 0x5a, 0x54, 0xad, 0xff, 0xff, 0xff, 0xff, 0xcb, 0x5a, 0xf3, 0x9c, 0xff, 0xff, 0x34, 0xa5, 0xc6, 0x39, 0x5d, 0xef, 0x59, 0xce, 0x07, 0x42, 0x9e, 0xf7, 0xdf, 0xff, 0xa6, 0x31, 0x3c, 0xe7, 0xff, 0xff,
    0xff, 0xff, 0x38, 0xc6, 0x00, 0x00, 0x20, 0x00, 0x4d, 0xbc, 0x6a, 0x9b, 0x49, 0xed, 0xc8, 0xfd, 0xa8, 0xfd, 0xc9, 0xfd, 0xc9, 0xfd, 0xc9, 0xfd, 0xc9, 0xfd, 0xea, 0xfd, 0xe9, 0xfd, 0xc9, 0xfd, 0xc9, 0xfd, 0xc9, 0xfd, 0xc9, 0xfd, 0xc9, 0xfd,
    0xc9, 0xfd, 0xc9, 0xfd, 0xc9, 0xfd, 0xc9, 0xfd, 0xc9, 0xfd, 0xc9, 0xfd, 0xc9, 0xfd, 0xe9, 0xfd, 0xe9, 0xfd, 0xc9, 0xfd, 0xea, 0xfd, 0xea, 0xfd, 0xea, 0xfd, 0xe9, 0xfd, 0xe9, 0xfd, 0xe9, 0xfd, 0xc9, 0xfd, 0x0a, 0xfe, 0x08, 0xf5, 0x23, 0xfb,
    0x24, 0xfb, 0xa4, 0xfb, 0xc9, 0xfd, 0xe9, 0xfd, 0xc9, 0xfd, 0xc9, 0xfd, 0xe9, 0xfd, 0xc9, 0xfd, 0xa9, 0xfd, 0xc9, 0xfd, 0xc9, 0xfd, 0xe9, 0xfd, 0xe9, 0xfd, 0xe9, 0xfd, 0xe9, 0xfd, 0xe9, 0xfd, 0xe9, 0xfd, 0xc9, 0xfd, 0xc9, 0xfd, 0xc9, 0xfd,
    0xca, 0xfd, 0xc9, 0xfd, 0xea, 0xfd, 0xca, 0xfd, 0xca, 0xfd, 0xe9, 0xfd, 0xc9, 0xfd, 0xc9, 0xfd, 0xc9, 0xfd, 0xc9, 0xfd, 0xc9, 0xfd, 0x0a, 0xfe, 0xea, 0xfd, 0xe9, 0xfd, 0xa9, 0xc4, 0x20, 0x00, 0x00, 0x00, 0x65, 0x29, 0xff, 0xff, 0xff, 0xff,
    0xff, 0xff, 0xdb, 0xde, 0xff, 0xff, 0xd2, 0x9c, 0x71, 0x8c, 0x92, 0x94, 0xa6, 0x31, 0x08, 0x42, 0x6d, 0x6b, 0xef, 0x7b, 0x0c, 0x63, 0x85, 0x31, 0x92, 0x94, 0xff, 0xff, 0xff, 0xff, 0xff, 0xff, 0xff, 0xff, 0xff, 0xff, 0xff, 0xff, 0xff, 0xff,
    0xff, 0xff, 0xdf, 0xff, 0xff, 0xff, 0xb2, 0x94, 0x0b, 0x5b, 0xff, 0xff, 0xff, 0xff, 0xb6, 0xb5, 0x85, 0x31, 0xff, 0xff, 0xff, 0xff, 0x30, 0x84, 0xe7, 0x39, 0x28, 0x42, 0x59, 0xce, 0xff, 0xff, 0x50, 0x8c, 0xeb, 0x5a, 0xff, 0xff, 0xdf, 0xff,
    0xff, 0xff, 0xbe, 0xf7, 0x04, 0x21, 0x20, 0x00, 0x00, 0x00, 0x63, 0x31, 0xad, 0xf6, 0x4b, 0xfe, 0xc9, 0xfd, 0xe9, 0xfd, 0xc9, 0xfd, 0xc9, 0xfd, 0xea, 0xfd, 0xea, 0xfd, 0xe9, 0xfd, 0xc9, 0xfd, 0xc9, 0xfd, 0xc9, 0xfd, 0xc9, 0xfd, 0xc9, 0xfd,
    0xc9, 0xfd, 0xc9, 0xfd, 0xc9, 0xfd, 0xc9, 0xfd, 0xc9, 0xfd, 0xc9, 0xfd, 0xc9, 0xfd, 0xc9, 0xfd, 0xc9, 0xfd, 0xc8, 0xfd, 0xc9, 0xfd, 0xc9, 0xfd, 0xc9, 0xfd, 0xc9, 0xfd, 0xe9, 0xfd, 0xe9, 0xfd, 0xc9, 0xfd, 0xc9, 0xfd, 0xca, 0xfd, 0x26, 0xf4,
    0x23, 0xfb, 0xe7, 0xfc, 0x09, 0xfe, 0xe9, 0xfd, 0xe9, 0xfd, 0xe9, 0xfd, 0xc9, 0xfd, 0xa9, 0xfd, 0xc9, 0xfd, 0xc9, 0xfd, 0xc9, 0xfd, 0xe9, 0xfd, 0xe9, 0xfd, 0xe9, 0xfd, 0xe9, 0xfd, 0xe9, 0xfd, 0xe9, 0xfd, 0xe9, 0xfd, 0xc9, 0xfd, 0xc9, 0xfd,
    0xea, 0xfd, 0xca, 0xfd, 0xea, 0xfd, 0xea, 0xfd, 0xca, 0xfd, 0xc9, 0xfd, 0xc9, 0xfd, 0xc9, 0xfd, 0xc9, 0xfd, 0xc9, 0xfd, 0xc9, 0xfd, 0xc9, 0xfd, 0xea, 0xfd, 0xea, 0xfd, 0x2a, 0xfe, 0x0a, 0xd5, 0xc2, 0x18, 0x00, 0x00, 0xeb, 0x5a, 0xdf, 0xff,
    0xff, 0xff, 0x92, 0x94, 0x85, 0x31, 0xb6, 0xb5, 0x28, 0x42, 0xff, 0xff, 0xdf, 0xff, 0xd7, 0xbd, 0x71, 0x8c, 0x0f, 0x84, 0xf3, 0x9c, 0x5d, 0xef, 0xff, 0xff, 0xff, 0xff, 0xff, 0xff, 0xff, 0xff, 0xff, 0xff, 0xff, 0xff, 0xff, 0xff, 0xff, 0xff,
    0xff, 0xff, 0xff, 0xff, 0xff, 0xff, 0x7d, 0xef, 0x44, 0x29, 0x1c, 0xe7, 0xff, 0xff, 0xff, 0xff, 0xeb, 0x5a, 0x28, 0x42, 0x7d, 0xef, 0xff, 0xff, 0xff, 0xff, 0xff, 0xff, 0xff, 0xff, 0x50, 0x8c, 0x44, 0x29, 0x5d, 0xef, 0xff, 0xff, 0xff, 0xff,
    0xff, 0xff, 0xdf, 0xff, 0xa6, 0x31, 0x00, 0x00, 0x83, 0x31, 0x30, 0xf7, 0x2e, 0xff, 0xe9, 0xfd, 0xe9, 0xfd, 0xc9, 0xfd, 0xc9, 0xfd, 0xe9, 0xfd, 0xe9, 0xfd, 0xe9, 0xfd, 0xe9, 0xfd, 0xc9, 0xfd, 0xc9, 0xfd, 0xc9, 0xfd, 0xc9, 0xfd, 0xc9, 0xfd,
    0xc9, 0xfd, 0xc9, 0xfd, 0xc9, 0xfd, 0xc9, 0xfd, 0xc9, 0xfd, 0xc9, 0xfd, 0xc9, 0xfd, 0xc9, 0xfd, 0xc9, 0xfd, 0x6d, 0xfe, 0xea, 0xfd, 0xc9, 0xfd, 0xc9, 0xfd, 0xc9, 0xfd, 0xc9, 0xfd, 0xe9, 0xfd, 0xc9, 0xfd, 0xc9, 0xfd, 0xc9, 0xfd, 0xc9, 0xfd,
    0x48, 0xfd, 0xc9, 0xfd, 0xe9, 0xfd, 0xe9, 0xfd, 0xe9, 0xfd, 0xc9, 0xfd, 0xc9, 0xfd, 0xc9, 0xfd, 0xc9, 0xfd, 0xc9, 0xfd, 0xa8, 0xfd, 0xe9, 0xfd, 0xe9, 0xfd, 0xe9, 0xfd, 0xe9, 0xfd, 0xe9, 0xfd, 0xe9, 0xfd, 0xe9, 0xfd, 0xc9, 0xfd, 0xc9, 0xfd,
    0xc9, 0xfd, 0xc9, 0xfd, 0xc9, 0xfd, 0xca, 0xfd, 0xe9, 0xfd, 0xc9, 0xfd, 0xc9, 0xfd, 0xe9, 0xfd, 0xc9, 0xfd, 0xc9, 0xfd, 0xc9, 0xfd, 0xc9, 0xfd, 0xa8, 0xfd, 0x0a, 0xfe, 0xea, 0xfd, 0x09, 0xfe, 0x0a, 0xd5, 0x81, 0x10, 0x00, 0x00, 0xeb, 0x5a,
    0x17, 0xbe, 0xcf, 0x7b, 0xc7, 0x39, 0x28, 0x42, 0xc7, 0x39, 0x7d, 0xef, 0xff, 0xff, 0xff, 0xff, 0xff, 0xff, 0xff, 0xff, 0xff, 0xff, 0xff, 0xff, 0xff, 0xff, 0xff, 0xff, 0xff, 0xff, 0xff, 0xff, 0xff, 0xff, 0xff, 0xff, 0xff, 0xff, 0xff, 0xff,
    0xff, 0xff, 0xff, 0xff, 0xff, 0xff, 0xff, 0xff, 0xf3, 0x9c, 0xe7, 0x39, 0xff, 0xff, 0xff, 0xff, 0xff, 0xff, 0xce, 0x73, 0x85, 0x31, 0x0c, 0x63, 0xce, 0x7b, 0x2c, 0x63, 0xa6, 0x31, 0x24, 0x21, 0x9e, 0xf7, 0xff, 0xff, 0xff, 0xff, 0xff, 0xff,
    0xdf, 0xff, 0x69, 0x4a, 0x00, 0x00, 0x63, 0x31, 0x30, 0xef, 0x90, 0xff, 0xc9, 0xfd, 0xc9, 0xfd, 0xc9, 0xfd, 0xc9, 0xfd, 0xc9, 0xfd, 0xe9, 0xfd, 0xe9, 0xfd, 0xe9, 0xfd, 0xe9, 0xfd, 0xe9, 0xfd, 0xc9, 0xfd, 0xc9, 0xfd, 0xc9, 0xfd, 0xc9, 0xfd,
    0xc9, 0xfd, 0xc9, 0xfd, 0xc9, 0xfd, 0xc9, 0xfd, 0xc9, 0xfd, 0xc9, 0xfd, 0xc9, 0xfd, 0xc9, 0xfd, 0xa8, 0xfd, 0xaf, 0xfe, 0x52, 0xff, 0xc9, 0xfd, 0xe9, 0xfd, 0xe9, 0xfd, 0xe9, 0xfd, 0xe9, 0xfd, 0xc9, 0xfd, 0xc9, 0xfd, 0xc9, 0xfd, 0xc9, 0xfd,
    0xc9, 0xfd, 0xc9, 0xfd, 0xc9, 0xfd, 0xe9, 0xfd, 0xe9, 0xfd, 0xe9, 0xfd, 0xc9, 0xfd, 0xc9, 0xfd, 0xc9, 0xfd, 0x88, 0xfd, 0xae, 0xfe, 0x6c, 0xfe, 0xc8, 0xfd, 0xe9, 0xfd, 0xe9, 0xfd, 0xe9, 0xfd, 0xe9, 0xfd, 0xe9, 0xfd, 0xc9, 0xfd, 0xc9, 0xfd,
    0xe9, 0xfd, 0xc9, 0xfd, 0xc9, 0xfd, 0xc9, 0xfd, 0xe9, 0xfd, 0xc9, 0xfd, 0xc9, 0xfd, 0xc9, 0xfd, 0xc9, 0xfd, 0xc9, 0xfd, 0xc9, 0xfd, 0xc9, 0xfd, 0xc9, 0xfd, 0xa8, 0xfd, 0xc9, 0xfd, 0x88, 0xfd, 0xe9, 0xfd, 0x2a, 0xe5, 0x02, 0x29, 0x00, 0x00,
    0x61, 0x08, 0x49, 0x4a, 0x38, 0xc6, 0xff, 0xff, 0x9d, 0xf7, 0xff, 0xff, 0xff, 0xff, 0xff, 0xff, 0xdf, 0xff, 0xdf, 0xff, 0xdf, 0xff, 0xff, 0xff, 0xff, 0xff, 0xff, 0xff, 0xff, 0xff, 0xff, 0xff, 0xff, 0xff, 0xff, 0xff, 0xff, 0xff, 0xff, 0xff,
    0xff, 0xff, 0xff, 0xff, 0xff, 0xff, 0xff, 0xff, 0xff, 0xff, 0x30, 0x84, 0xca, 0x5a, 0x1c, 0xe7, 0xff, 0xff, 0xff, 0xff, 0xfb, 0xde, 0xf3, 0x9c, 0x71, 0x8c, 0x95, 0xb5, 0xa6, 0x31, 0x71, 0x8c, 0x14, 0xa5, 0xba, 0xd6, 0xdf, 0xff, 0xff, 0xff,
    0x0b, 0x63, 0x00, 0x00, 0x43, 0x29, 0x30, 0xef, 0xd0, 0xff, 0x0a, 0xfe, 0xc8, 0xfd, 0xe9, 0xfd, 0xc9, 0xfd, 0xc9, 0xfd, 0xe9, 0xfd, 0xe9, 0xfd, 0xe9, 0xfd, 0xe9, 0xfd, 0xe9, 0xfd, 0xc9, 0xfd, 0xc9, 0xfd, 0xc9, 0xfd, 0xc9, 0xfd, 0xc9, 0xfd,
    0xc9, 0xfd, 0xc9, 0xfd, 0xc9, 0xfd, 0xc9, 0xfd, 0xc9, 0xfd, 0xc9, 0xfd, 0xc9, 0xfd, 0xc9, 0xfd, 0xc9, 0xfd, 0xa9, 0xfd, 0x53, 0xff, 0xcf, 0xfe, 0xa8, 0xfd, 0xe9, 0xfd, 0xc9, 0xfd, 0xe9, 0xfd, 0xc9, 0xfd, 0xc9, 0xfd, 0xc9, 0xfd, 0xc8, 0xfd,
    0xa8, 0xfd, 0xc9, 0xfd, 0xc9, 0xfd, 0xc9, 0xfd, 0xe9, 0xfd, 0xe9, 0xfd, 0xc9, 0xfd, 0xc9, 0xfd, 0xa8, 0xfd, 0xf0, 0xfe, 0x11, 0xff, 0xc8, 0xfd, 0xc9, 0xfd, 0xc9, 0xfd, 0xc9, 0xfd, 0xc9, 0xfd, 0xe9, 0xfd, 0xe9, 0xfd, 0xe9, 0xfd, 0xe9, 0xfd,
    0xe9, 0xfd, 0xc9, 0xfd, 0xc9, 0xfd, 0xc9, 0xfd, 0xe9, 0xfd, 0xc9, 0xfd, 0xc9, 0xfd, 0xc9, 0xfd, 0xc9, 0xfd, 0xc9, 0xfd, 0xc9, 0xfd, 0xc9, 0xfd, 0xc9, 0xfd, 0xa9, 0xfd, 0xa8, 0xfd, 0xa8, 0xfd, 0x88, 0xfd, 0x88, 0xc4, 0x63, 0x39, 0x20, 0x00,
    0x40, 0x08, 0xf3, 0x9c, 0xff, 0xff, 0xff, 0xff, 0xff, 0xff, 0xff, 0xff, 0xff, 0xff, 0xff, 0xff, 0xff, 0xff, 0xff, 0xff, 0xff, 0xff, 0xff, 0xff, 0xff, 0xff, 0xff, 0xff, 0xff, 0xff, 0xff, 0xff, 0xff, 0xff, 0xff, 0xff, 0xff, 0xff, 0xff, 0xff,
    0xff, 0xff, 0xff, 0xff, 0xff, 0xff, 0xff, 0xff, 0xff, 0xff, 0xff, 0xff, 0x17, 0xc6, 0x34, 0xa5, 0xdf, 0xff, 0xdf, 0xff, 0xff, 0xff, 0xff, 0xff, 0xff, 0xff, 0xff, 0xff, 0x0b, 0x63, 0xca, 0x5a, 0x03, 0x21, 0xfb, 0xde, 0xff, 0xff, 0xcf, 0x7b,
    0x00, 0x00, 0xa1, 0x10, 0x8f, 0xde, 0xf1, 0xff, 0x6b, 0xfe, 0xc9, 0xfd, 0x0a, 0xfe, 0xe9, 0xfd, 0xe9, 0xfd, 0xe9, 0xfd, 0xe9, 0xfd, 0xe9, 0xfd, 0xe9, 0xfd, 0xc9, 0xfd, 0xc9, 0xfd, 0xc9, 0xfd, 0xc8, 0xfd, 0xc8, 0xfd, 0xc8, 0xfd, 0xc9, 0xfd,
    0xc9, 0xfd, 0xc9, 0xfd, 0xc9, 0xfd, 0xc9, 0xfd, 0xc9, 0xfd, 0xc9, 0xfd, 0xc9, 0xfd, 0xc9, 0xfd, 0xc9, 0xfd, 0xa8, 0xfd, 0x0b, 0xfe, 0x73, 0xff, 0x2c, 0xfe, 0xa8, 0xfd, 0xc9, 0xfd, 0xc9, 0xfd, 0xc9, 0xfd, 0xc9, 0xfd, 0xc9, 0xfd, 0xc9, 0xfd,
    0xc8, 0xfd, 0xc9, 0xfd, 0xc9, 0xfd, 0xc9, 0xfd, 0xc9, 0xfd, 0xc9, 0xfd, 0xc9, 0xfd, 0xa8, 0xfd, 0xcf, 0xfe, 0x32, 0xff, 0xa8, 0xfd, 0xc9, 0xfd, 0xc9, 0xfd, 0xc9, 0xfd, 0xc9, 0xfd, 0xc9, 0xfd, 0xc9, 0xfd, 0xe9, 0xfd, 0xe9, 0xfd, 0xe9, 0xfd,
    0xc9, 0xfd, 0xc9, 0xfd, 0xc9, 0xfd, 0xc9, 0xfd, 0xc9, 0xfd, 0xc9, 0xfd, 0xc9, 0xfd, 0xc9, 0xfd, 0xc9, 0xfd, 0xc9, 0xfd, 0xc9, 0xfd, 0xc9, 0xfd, 0xc9, 0xfd, 0xc9, 0xfd, 0xc9, 0xfd, 0xa9, 0xf5, 0x66, 0x93, 0x64, 0x6a, 0xc8, 0xc4, 0x47, 0x8b,
    0x00, 0x00, 0x00, 0x00, 0xd6, 0xbd, 0xff, 0xff, 0xdf, 0xff, 0xff, 0xff, 0xff, 0xff, 0xff, 0xff, 0xff, 0xff, 0x79, 0xce, 0x9e, 0xf7, 0xff, 0xff, 0xff, 0xff, 0xff, 0xff, 0xff, 0xff, 0xff, 0xff, 0xff, 0xff, 0xff, 0xff, 0xff, 0xff, 0xff, 0xff,
    0xff, 0xff, 0xff, 0xff, 0xff, 0xff, 0xff, 0xff, 0xff, 0xff, 0xff, 0xff, 0xff, 0xff, 0xff, 0xff, 0xff, 0xff, 0xff, 0xff, 0xff, 0xff, 0xdf, 0xff, 0xdf, 0xff, 0xdf, 0xff, 0xff, 0xff, 0x58, 0xce, 0x65, 0x29, 0xae, 0x73, 0xca, 0x52, 0x20, 0x00,
    0x81, 0x10, 0x8d, 0xbd, 0xf1, 0xff, 0x8c, 0xfe, 0xe9, 0xfd, 0x2a, 0xfe, 0x0a, 0xfe, 0xe9, 0xfd, 0xe9, 0xfd, 0xe9, 0xfd, 0xe9, 0xfd, 0xe8, 0xfd, 0xc9, 0xfd, 0xc9, 0xfd, 0xc8, 0xfd, 0xc8, 0xfd, 0xc8, 0xfd, 0xc8, 0xfd, 0xc9, 0xfd, 0xc9, 0xfd,
    0xc9, 0xfd, 0xe9, 0xfd, 0xc9, 0xfd, 0xc9, 0xfd, 0xc9, 0xfd, 0xc9, 0xfd, 0xc9, 0xfd, 0xc9, 0xfd, 0xc9, 0xfd, 0xc9, 0xfd, 0xa8, 0xfd, 0x4c, 0xfe, 0xf0, 0xfe, 0xc8, 0xfd, 0xc9, 0xfd, 0xc9, 0xfd, 0xc9, 0xfd, 0xc9, 0xfd, 0xc9, 0xfd, 0xc9, 0xfd,
    0xc9, 0xfd, 0xc9, 0xfd, 0xc9, 0xfd, 0xc9, 0xfd, 0xc9, 0xfd, 0xc9, 0xfd, 0xc8, 0xfd, 0x0b, 0xfe, 0xf0, 0xfe, 0xc9, 0xfd, 0xc9, 0xfd, 0xc9, 0xfd, 0xc9, 0xfd, 0xc9, 0xfd, 0xc9, 0xfd, 0xc9, 0xfd, 0xc9, 0xfd, 0xc9, 0xfd, 0xe9, 0xfd, 0xe9, 0xfd,
    0xc9, 0xfd, 0xc9, 0xfd, 0xc9, 0xfd, 0xc9, 0xfd, 0xc9, 0xfd, 0xc9, 0xfd, 0xc9, 0xfd, 0xc9, 0xfd, 0xc9, 0xfd, 0xc9, 0xfd, 0xc8, 0xfd, 0xc9, 0xfd, 0xc9, 0xfd, 0xc9, 0xfd, 0xc9, 0xfd, 0xc9, 0xfd, 0xa9, 0xfd, 0x29, 0xfe, 0x09, 0xfe, 0x2b, 0xfe,
    0xe5, 0x49, 0x00, 0x00, 0xc3, 0x18, 0x5c, 0xef, 0xff, 0xff, 0xdf, 0xff, 0xff, 0xff, 0x9a, 0xd6, 0x28, 0x42, 0xaa, 0x52, 0x1c, 0xe7, 0xff, 0xff, 0xff, 0xff, 0xff, 0xff, 0xff, 0xff, 0xff, 0xff, 0xff, 0xff, 0xff, 0xff, 0xff, 0xff, 0xff, 0xff,
    0xff, 0xff, 0xff, 0xff, 0xff, 0xff, 0xff, 0xff, 0xff, 0xff, 0xff, 0xff, 0xff, 0xff, 0xff, 0xff, 0xff, 0xff, 0xff, 0xff, 0xff, 0xff, 0xff, 0xff, 0xff, 0xff, 0xff, 0xff, 0xff, 0xff, 0x5c, 0xef, 0x51, 0x8c, 0xce, 0x7b, 0x00, 0x00, 0x00, 0x00,
    0x05, 0x42, 0xf3, 0xff, 0x4e, 0xff, 0xe9, 0xfd, 0x0a, 0xfe, 0x0a, 0xfe, 0xe9, 0xfd, 0xe9, 0xfd, 0xe9, 0xfd, 0xe9, 0xfd, 0xc9, 0xfd, 0xc8, 0xfd, 0xc8, 0xfd, 0xc8, 0xfd, 0xc8, 0xfd, 0xc8, 0xfd, 0xa8, 0xfd, 0xa8, 0xfd, 0xc9, 0xfd, 0xc9, 0xfd,
    0xc9, 0xfd, 0xc9, 0xfd, 0xc9, 0xfd, 0xe9, 0xfd, 0xe9, 0xfd, 0xc9, 0xfd, 0xc9, 0xfd, 0xc9, 0xfd, 0xc9, 0xfd, 0xc9, 0xfd, 0xc9, 0xfd, 0xa8, 0xfd, 0xea, 0xfd, 0xc9, 0xfd, 0xc9, 0xfd, 0xc9, 0xfd, 0xc9, 0xfd, 0xc9, 0xfd, 0xc9, 0xfd, 0xc9, 0xfd,
    0xc9, 0xfd, 0xc9, 0xfd, 0xc9, 0xfd, 0xe9, 0xfd, 0xe9, 0xfd, 0xc9, 0xfd, 0xc9, 0xfd, 0xe9, 0xfd, 0xc9, 0xfd, 0xc9, 0xfd, 0xc9, 0xfd, 0xc9, 0xfd, 0xc9, 0xfd, 0xc9, 0xfd, 0xe9, 0xfd, 0xc9, 0xfd, 0xc9, 0xfd, 0xc9, 0xfd, 0xc9, 0xfd, 0xe9, 0xfd,
    0xc9, 0xfd, 0xc9, 0xfd, 0xc9, 0xfd, 0xc9, 0xfd, 0xc9, 0xfd, 0xc9, 0xfd, 0xc9, 0xfd, 0xc8, 0xfd, 0xc9, 0xfd, 0xc9, 0xfd, 0xc9, 0xfd, 0xc9, 0xfd, 0xc9, 0xfd, 0xc9, 0xfd, 0xc9, 0xfd, 0xc9, 0xfd, 0xc9, 0xfd, 0xa8, 0xfd, 0xa8, 0xfd, 0xe9, 0xfd,
    0xab, 0xed, 0xc2, 0x18, 0x00, 0x00, 0xaa, 0x52, 0xff, 0xff, 0xdf, 0xff, 0xff, 0xff, 0x3c, 0xef, 0xba, 0xd6, 0xff, 0xff, 0xff, 0xff, 0xff, 0xff, 0xff, 0xff, 0xff, 0xff, 0xff, 0xff, 0xff, 0xff, 0xff, 0xff, 0xff, 0xff, 0xff, 0xff, 0xff, 0xff,
    0xff, 0xff, 0xff, 0xff, 0xff, 0xff, 0xff, 0xff, 0xff, 0xff, 0xff, 0xff, 0xff, 0xff, 0xff, 0xff, 0xff, 0xff, 0xff, 0xff, 0xfb, 0xde, 0xba, 0xd6, 0xff, 0xff, 0xff, 0xff, 0xff, 0xff, 0xff, 0xff, 0xff, 0xff, 0x69, 0x4a, 0x00, 0x00, 0x66, 0x52,
    0xa8, 0x73, 0x66, 0x52, 0x28, 0xa4, 0xc9, 0xf5, 0xea, 0xfd, 0xc9, 0xfd, 0xe9, 0xfd, 0xe9, 0xfd, 0xe9, 0xfd, 0xc9, 0xfd, 0xc9, 0xfd, 0xc8, 0xfd, 0xc8, 0xfd, 0xc8, 0xfd, 0xc9, 0xfd, 0xc8, 0xfd, 0xa8, 0xfd, 0xa9, 0xfd, 0xc9, 0xfd, 0xc9, 0xfd,
    0xc9, 0xfd, 0xc9, 0xfd, 0xc9, 0xfd, 0xc9, 0xfd, 0xc9, 0xfd, 0xc9, 0xfd, 0xc9, 0xfd, 0xc9, 0xfd, 0xc9, 0xfd, 0xc9, 0xfd, 0xe9, 0xfd, 0xe9, 0xfd, 0xc9, 0xfd, 0xc9, 0xfd, 0xc9, 0xfd, 0xc9, 0xfd, 0xc9, 0xfd, 0xc9, 0xfd, 0xc9, 0xfd, 0xc9, 0xfd,
    0xc9, 0xfd, 0xc9, 0xfd, 0xc9, 0xfd, 0xe9, 0xfd, 0xe9, 0xfd, 0xc9, 0xfd, 0xc9, 0xfd, 0xc9, 0xfd, 0xc9, 0xfd, 0xe9, 0xfd, 0xc9, 0xfd, 0xc9, 0xfd, 0xc9, 0xfd, 0xc9, 0xfd, 0xe9, 0xfd, 0xe9, 0xfd, 0xc9, 0xfd, 0xc9, 0xfd, 0xc9, 0xfd, 0xc9, 0xfd,
    0xc9, 0xfd, 0xc9, 0xfd, 0xc9, 0xfd, 0xc9, 0xfd, 0xc9, 0xfd, 0xc9, 0xfd, 0xc9, 0xfd, 0xc8, 0xfd, 0xc8, 0xfd, 0xc8, 0xfd, 0xc8, 0xfd, 0xc9, 0xfd, 0xc9, 0xfd, 0xc9, 0xfd, 0xc9, 0xfd, 0xc9, 0xfd, 0xc9, 0xfd, 0xc8, 0xfd, 0xc9, 0xfd, 0xa9, 0xfd,
    0x2a, 0xfe, 0x49, 0xb4, 0x00, 0x00, 0x00, 0x00, 0x54, 0xad, 0xff, 0xff, 0xff, 0xff, 0xff, 0xff, 0xff, 0xff, 0xf3, 0x9c, 0xae, 0x73, 0x9e, 0xf7, 0xff, 0xff, 0xff, 0xff, 0xff, 0xff, 0xff, 0xff, 0xff, 0xff, 0xff, 0xff, 0xff, 0xff, 0xff, 0xff,
    0xff, 0xff, 0xff, 0xff, 0xff, 0xff, 0xff, 0xff, 0xff, 0xff, 0xff, 0xff, 0xff, 0xff, 0xff, 0xff, 0xff, 0xff, 0xff, 0xff, 0xd6, 0xbd, 0x0f, 0x84, 0xff, 0xff, 0xff, 0xff, 0xdf, 0xff, 0xff, 0xff, 0x10, 0x84, 0x00, 0x00, 0xc2, 0x18, 0xee, 0xee,
    0xf0, 0xff, 0xeb, 0xe5, 0x88, 0xc4, 0x89, 0xf5, 0xe9, 0xfd, 0xc9, 0xfd, 0xc9, 0xfd, 0xe9, 0xfd, 0xe9, 0xfd, 0xe9, 0xfd, 0xc8, 0xfd, 0xc9, 0xfd, 0xc8, 0xfd, 0xc8, 0xfd, 0xc8, 0xfd, 0xc9, 0xfd, 0xc9, 0xfd, 0xc9, 0xfd, 0xc9, 0xfd, 0xc9, 0xfd,
    0xc9, 0xfd, 0xc9, 0xfd, 0xc9, 0xfd, 0xc9, 0xfd, 0xc9, 0xfd, 0xc9, 0xfd, 0xc9, 0xfd, 0xc9, 0xfd, 0xc9, 0xfd, 0xc9, 0xfd, 0xc9, 0xfd, 0xa9, 0xfd, 0xe9, 0xfd, 0xe9, 0xfd, 0xc9, 0xfd, 0xc9, 0xfd, 0xc9, 0xfd, 0xc9, 0xfd, 0xc9, 0xfd, 0xc9, 0xfd,
    0xc9, 0xfd, 0xc9, 0xfd, 0xc9, 0xfd, 0xe9, 0xfd, 0xc9, 0xfd, 0xc9, 0xfd, 0xc9, 0xfd, 0xe9, 0xfd, 0xe9, 0xfd, 0xc9, 0xfd, 0xc9, 0xfd, 0xe9, 0xfd, 0xc9, 0xfd, 0xc9, 0xfd, 0xc9, 0xfd, 0xc9, 0xfd, 0xc9, 0xfd, 0xc9, 0xfd, 0xc9, 0xfd, 0xc9, 0xfd,
    0xc9, 0xfd, 0xc9, 0xfd, 0xc9, 0xfd, 0xc9, 0xfd, 0xc9, 0xfd, 0xc9, 0xfd, 0xc9, 0xfd, 0xe9, 0xfd, 0xc8, 0xfd, 0xc8, 0xfd, 0xc9, 0xfd, 0xc9, 0xfd, 0xc9, 0xfd, 0xc9, 0xfd, 0xc9, 0xfd, 0xc9, 0xfd, 0xc9, 0xfd, 0xc9, 0xfd, 0xc9, 0xfd, 0xc9, 0xfd,
    0xa9, 0xfd, 0x4c, 0xfe, 0x45, 0x5a, 0x00, 0x00, 0xe3, 0x18, 0x7d, 0xef, 0xff, 0xff, 0xff, 0xff, 0xff, 0xff, 0xf7, 0xbd, 0x75, 0xad, 0xde, 0xff, 0xff, 0xff, 0xff, 0xff, 0xff, 0xff, 0xff, 0xff, 0xff, 0xff, 0xff, 0xff, 0xff, 0xff, 0xff, 0xff,
    0xff, 0xff, 0xff, 0xff, 0xff, 0xff, 0xff, 0xff, 0xff, 0xff, 0xff, 0xff, 0xff, 0xff, 0x5d, 0xef, 0x79, 0xce, 0x5d, 0xef, 0xff, 0xff, 0xff, 0xff, 0xff, 0xff, 0xff, 0xff, 0xff, 0xff, 0xdb, 0xde, 0x61, 0x08, 0x00, 0x00, 0xcb, 0xa4, 0xf0, 0xff,
    0xac, 0xf6, 0x0a, 0xfe, 0x2a, 0xfe, 0xe9, 0xfd, 0xc9, 0xfd, 0xc9, 0xfd, 0xc9, 0xfd, 0xc9, 0xfd, 0xe9, 0xfd, 0xe9, 0xfd, 0xc9, 0xfd, 0xc9, 0xfd, 0xc9, 0xfd, 0xc8, 0xfd, 0xc8, 0xfd, 0xc8, 0xfd, 0xc8, 0xfd, 0xc9, 0xfd, 0xc9, 0xfd, 0xc9, 0xfd,
    0xc9, 0xfd, 0xc9, 0xfd, 0xc9, 0xfd, 0xc9, 0xfd, 0xc9, 0xfd, 0xc9, 0xfd, 0xc9, 0xfd, 0xc9, 0xfd, 0xc9, 0xfd, 0xc9, 0xfd, 0xca, 0xfd, 0x68, 0xfd, 0x88, 0xfd, 0xe9, 0xfd, 0xc9, 0xfd, 0xc9, 0xfd, 0xc9, 0xfd, 0xc9, 0xfd, 0xc9, 0xfd, 0xc9, 0xfd,
    0xc9, 0xfd, 0xc9, 0xfd, 0xc9, 0xfd, 0xc9, 0xfd, 0xc9, 0xfd, 0xc9, 0xfd, 0xc9, 0xfd, 0xea, 0xfd, 0x68, 0xfd, 0x89, 0xfd, 0xe9, 0xfd, 0xc9, 0xfd, 0xc9, 0xfd, 0xc9, 0xfd, 0xc9, 0xfd, 0xc9, 0xfd, 0xc9, 0xfd, 0xc9, 0xfd, 0xc9, 0xfd, 0xc9, 0xfd,
    0xc9, 0xfd, 0xc9, 0xfd, 0xc9, 0xfd, 0xc9, 0xfd, 0xc9, 0xfd, 0xc9, 0xfd, 0xc9, 0xfd, 0xe9, 0xfd, 0xe9, 0xfd, 0xc9, 0xfd, 0xc9, 0xfd, 0xc9, 0xfd, 0xc9, 0xfd, 0xc9, 0xfd, 0xc9, 0xfd, 0xc9, 0xfd, 0xea, 0xfd, 0xea, 0xfd, 0xc9, 0xfd, 0xc9, 0xfd,
    0xa9, 0xfd, 0xea, 0xfd, 0x6b, 0xe5, 0xa2, 0x10, 0x00, 0x00, 0xce, 0x7b, 0xff, 0xff, 0xff, 0xff, 0xff, 0xff, 0xff, 0xff, 0xff, 0xff, 0xff, 0xff, 0xff, 0xff, 0xff, 0xff, 0xff, 0xff, 0xff, 0xff, 0xff, 0xff, 0xff, 0xff, 0xff, 0xff, 0xff, 0xff,
    0xff, 0xff, 0xff, 0xff, 0xff, 0xff, 0xff, 0xff, 0xff, 0xff, 0xff, 0xff, 0xff, 0xff, 0x17, 0xc6, 0x08, 0x42, 0xaa, 0x52, 0x38, 0xc6, 0xff, 0xff, 0xff, 0xff, 0xff, 0xff, 0xff, 0xff, 0xeb, 0x5a, 0x00, 0x00, 0x05, 0x42, 0xb1, 0xff, 0x4f, 0xff,
    0x0a, 0xfe, 0xc9, 0xfd, 0x0a, 0xfe, 0xea, 0xfd, 0xe9, 0xfd, 0xc9, 0xfd, 0xc9, 0xfd, 0xc9, 0xfd, 0xe9, 0xfd, 0xe9, 0xfd, 0xc9, 0xfd, 0xc9, 0xfd, 0xc9, 0xfd, 0xc9, 0xfd, 0xc8, 0xfd, 0xc9, 0xfd, 0xc9, 0xfd, 0xc9, 0xfd, 0xc9, 0xfd, 0xc9, 0xfd,
    0xc9, 0xfd, 0xc9, 0xfd, 0xc9, 0xfd, 0xc9, 0xfd, 0xc9, 0xfd, 0xc9, 0xfd, 0xc9, 0xfd, 0xc9, 0xfd, 0xc9, 0xfd, 0xc9, 0xfd, 0xc9, 0xfd, 0xc9, 0xfd, 0xa9, 0xfd, 0xc9, 0xfd, 0xc9, 0xfd, 0xc9, 0xfd, 0xc9, 0xfd, 0xc9, 0xfd, 0xc9, 0xfd, 0xc9, 0xfd,
    0xc9, 0xfd, 0xc9, 0xfd, 0xc9, 0xfd, 0xc9, 0xfd, 0xc9, 0xfd, 0xc9, 0xfd, 0xc9, 0xfd, 0xa9, 0xfd, 0x48, 0xfd, 0xc9, 0xfd, 0xc9, 0xfd, 0xc9, 0xfd, 0xc9, 0xfd, 0xc9, 0xfd, 0xc9, 0xfd, 0xc9, 0xfd, 0xc9, 0xfd, 0xc9, 0xfd, 0xc9, 0xfd, 0xc9, 0xfd,
    0xc9, 0xfd, 0xc9, 0xfd, 0xc9, 0xfd, 0xc9, 0xfd, 0xc9, 0xfd, 0xc9, 0xfd, 0xc9, 0xfd, 0xc9, 0xfd, 0xe9, 0xfd, 0xc9, 0xfd, 0xc9, 0xfd, 0xc9, 0xfd, 0xc9, 0xfd, 0xc9, 0xfd, 0xc9, 0xfd, 0xe9, 0xfd, 0xea, 0xfd, 0xe9, 0xfd, 0xe9, 0xfd, 0xe9, 0xfd,
    0xc9, 0xfd, 0xa9, 0xfd, 0x4b, 0xfe, 0x07, 0x83, 0x00, 0x00, 0x61, 0x08, 0x1b, 0xe7, 0xff, 0xff, 0xff, 0xff, 0xff, 0xff, 0xff, 0xff, 0xff, 0xff, 0xff, 0xff, 0xff, 0xff, 0xff, 0xff, 0xff, 0xff, 0xff, 0xff, 0xff, 0xff, 0xff, 0xff, 0xff, 0xff,
    0xff, 0xff, 0xff, 0xff, 0xff, 0xff, 0xff, 0xff, 0xff, 0xff, 0xff, 0xff, 0xff, 0xff, 0xff, 0xff, 0xff, 0xff, 0xff, 0xff, 0xff, 0xff, 0xff, 0xff, 0xff, 0xff, 0xff, 0xff, 0x59, 0xce, 0x20, 0x00, 0x20, 0x00, 0xad, 0xc5, 0xd0, 0xff, 0x6c, 0xfe,
    0xc9, 0xfd, 0x2a, 0xfe, 0x4a, 0xfe, 0x0a, 0xfe, 0xe9, 0xfd, 0xe9, 0xfd, 0xc9, 0xfd, 0xc9, 0xfd, 0xc9, 0xfd, 0xc9, 0xfd, 0xc9, 0xfd, 0xc9, 0xfd, 0xc9, 0xfd, 0xc9, 0xfd, 0xc9, 0xfd, 0xc9, 0xfd, 0xc9, 0xfd, 0xc9, 0xfd, 0xc9, 0xfd, 0xc9, 0xfd,
    0xc9, 0xfd, 0xc9, 0xfd, 0xc9, 0xfd, 0xa9, 0xfd, 0xa9, 0xfd, 0xa9, 0xfd, 0xa9, 0xfd, 0xa9, 0xfd, 0xa9, 0xfd, 0xa9, 0xfd, 0xa9, 0xfd, 0xc9, 0xfd, 0xe9, 0xfd, 0xc9, 0xfd, 0xc9, 0xfd, 0xc9, 0xfd, 0xc9, 0xfd, 0xc9, 0xfd, 0xc9, 0xfd, 0xc9, 0xfd,
    0xc9, 0xfd, 0xc9, 0xfd, 0xc9, 0xfd, 0xc9, 0xfd, 0xc9, 0xfd, 0xc9, 0xfd, 0xa9, 0xfd, 0xa9, 0xfd, 0xc9, 0xfd, 0xc9, 0xfd, 0xe9, 0xfd, 0xc9, 0xfd, 0xc9, 0xfd, 0xc9, 0xfd, 0xc9, 0xfd, 0xc9, 0xfd, 0xc9, 0xfd, 0xa9, 0xfd, 0xa9, 0xfd, 0xa9, 0xfd,
    0xa9, 0xfd, 0xc9, 0xfd, 0xc9, 0xfd, 0xc9, 0xfd, 0xc9, 0xfd, 0xc9, 0xfd, 0xc9, 0xfd, 0xc9, 0xfd, 0xe9, 0xfd, 0xc9, 0xfd, 0xc9, 0xfd, 0xc9, 0xfd, 0xe9, 0xfd, 0xc9, 0xfd, 0xc9, 0xfd, 0xc9, 0xfd, 0xea, 0xfd, 0xea, 0xfd, 0xe9, 0xfd, 0xe9, 0xfd,
    0xc9, 0xfd, 0xc9, 0xfd, 0xc9, 0xfd, 0x6a, 0xed, 0xa2, 0x18, 0x00, 0x00, 0x6d, 0x6b, 0xff, 0xff, 0xff, 0xff, 0xff, 0xff, 0xff, 0xff, 0xff, 0xff, 0xff, 0xff, 0xff, 0xff, 0xff, 0xff, 0xff, 0xff, 0xff, 0xff, 0xff, 0xff, 0xff, 0xff, 0xff, 0xff,
    0xff, 0xff, 0xff, 0xff, 0xff, 0xff, 0xff, 0xff, 0xff, 0xff, 0xff, 0xff, 0xff, 0xff, 0xff, 0xff, 0xff, 0xff, 0xff, 0xff, 0xff, 0xff, 0xff, 0xff, 0xff, 0xff, 0xff, 0xff, 0x69, 0x4a, 0x00, 0x00, 0x45, 0x4a, 0xd0, 0xff, 0x0e, 0xff, 0x0a, 0xfe,
    0xea, 0xfd, 0x4b, 0xfe, 0x2a, 0xfe, 0x0a, 0xfe, 0xe9, 0xfd, 0xe9, 0xfd, 0xe9, 0xfd, 0xc9, 0xfd, 0xc9, 0xfd, 0xc9, 0xfd, 0xc9, 0xfd, 0xc9, 0xfd, 0xc9, 0xfd, 0xc9, 0xfd, 0xc9, 0xfd, 0xc9, 0xfd, 0xa9, 0xfd, 0xa9, 0xfd, 0xa9, 0xfd, 0xa9, 0xfd,
    0xc9, 0xfd, 0xc9, 0xfd, 0xe9, 0xfd, 0x09, 0xfe, 0x29, 0xfe, 0x29, 0xfe, 0x2a, 0xfe, 0x2a, 0xfe, 0x2a, 0xfe, 0x0a, 0xfe, 0x0a, 0xfe, 0xea, 0xfd, 0xca, 0xfd, 0xca, 0xfd, 0xe9, 0xfd, 0xc9, 0xfd, 0xc9, 0xfd, 0xc9, 0xfd, 0xc9, 0xfd, 0xc9, 0xfd,
    0xc9, 0xfd, 0xc9, 0xfd, 0xc9, 0xfd, 0xc9, 0xfd, 0xc9, 0xfd, 0xc9, 0xfd, 0xc9, 0xfd, 0xca, 0xfd, 0xaa, 0xf5, 0xca, 0xfd, 0xaa, 0xf5, 0xca, 0xf5, 0xea, 0xfd, 0xea, 0xfd, 0xea, 0xfd, 0x0a, 0xfe, 0x2a, 0xfe, 0x2a, 0xfe, 0x4a, 0xfe, 0x4a, 0xfe,
    0x4a, 0xfe, 0x2a, 0xfe, 0x2a, 0xfe, 0x0a, 0xfe, 0xe9, 0xfd, 0xc9, 0xfd, 0xc9, 0xfd, 0xc9, 0xfd, 0xc9, 0xfd, 0xc9, 0xfd, 0xc9, 0xfd, 0xc9, 0xfd, 0xc9, 0xfd, 0xc9, 0xfd, 0xc9, 0xfd, 0xc9, 0xfd, 0xc9, 0xfd, 0xe9, 0xfd, 0xea, 0xfd, 0x0a, 0xfe,
    0x09, 0xfe, 0x09, 0xfe, 0xe9, 0xfd, 0x8a, 0xfe, 0x27, 0x7b, 0x00, 0x00, 0xa2, 0x10, 0x7d, 0xef, 0xff, 0xff, 0xff, 0xff, 0xff, 0xff, 0xff, 0xff, 0xff, 0xff, 0xff, 0xff, 0xff, 0xff, 0xff, 0xff, 0xff, 0xff, 0xff, 0xff, 0xff, 0xff, 0xff, 0xff,
    0xff, 0xff, 0xff, 0xff, 0xff, 0xff, 0xff, 0xff, 0xff, 0xff, 0xff, 0xff, 0xff, 0xff, 0xff, 0xff, 0xff, 0xff, 0xff, 0xff, 0xff, 0xff, 0xff, 0xff, 0xff, 0xff, 0x99, 0xd6, 0x00, 0x00, 0x20, 0x00, 0x8c, 0xc5, 0xaf, 0xff, 0x6c, 0xfe, 0xe9, 0xfd,
    0x0a, 0xfe, 0x0a, 0xfe, 0x0a, 0xfe, 0xea, 0xfd, 0xe9, 0xfd, 0xe9, 0xfd, 0xe9, 0xfd, 0xe9, 0xfd, 0xc9, 0xfd, 0xc9, 0xfd, 0xc9, 0xfd, 0xc9, 0xfd, 0xc9, 0xfd, 0xc9, 0xfd, 0xc9, 0xfd, 0xe9, 0xfd, 0x09, 0xfe, 0x2a, 0xfe, 0x4a, 0xfe, 0x2a, 0xfe,
    0x0a, 0xfe, 0xc9, 0xfd, 0x49, 0xe5, 0xa8, 0xcc, 0x27, 0xb4, 0x86, 0x9b, 0x05, 0x83, 0x84, 0x6a, 0x04, 0x5a, 0xa3, 0x41, 0x63, 0x39, 0xe1, 0x20, 0x80, 0x18, 0xc2, 0x20, 0x47, 0xb4, 0x0a, 0xfe, 0xc9, 0xfd, 0xc9, 0xfd, 0xc9, 0xfd, 0xc9, 0xfd,
    0xc9, 0xfd, 0xc9, 0xfd, 0xc9, 0xfd, 0xc9, 0xfd, 0xc9, 0xfd, 0xe9, 0xfd, 0xe9, 0xd4, 0x02, 0x29, 0x40, 0x08, 0x20, 0x08, 0x81, 0x10, 0xc1, 0x18, 0x60, 0x10, 0xc1, 0x20, 0x02, 0x29, 0x42, 0x39, 0xa3, 0x41, 0x04, 0x52, 0x65, 0x6a, 0xc5, 0x7a,
    0x46, 0x93, 0xe7, 0xab, 0x89, 0xc4, 0x09, 0xdd, 0x8a, 0xed, 0xea, 0xfd, 0x4a, 0xfe, 0x4a, 0xfe, 0x49, 0xfe, 0xe9, 0xfd, 0xc9, 0xfd, 0xc9, 0xfd, 0xc9, 0xfd, 0xe9, 0xfd, 0xe9, 0xfd, 0x09, 0xfe, 0x09, 0xfe, 0xe9, 0xfd, 0xc9, 0xfd, 0x89, 0xfd,
    0x68, 0xfd, 0x28, 0xfd, 0x08, 0xf5, 0x48, 0xfd, 0xe9, 0xe4, 0x61, 0x10, 0x00, 0x00, 0x91, 0x94, 0xff, 0xff, 0xdf, 0xff, 0xff, 0xff, 0xff, 0xff, 0xff, 0xff, 0xff, 0xff, 0xff, 0xff, 0xff, 0xff, 0xff, 0xff, 0xff, 0xff, 0xff, 0xff, 0xff, 0xff,
    0xff, 0xff, 0xff, 0xff, 0xff, 0xff, 0xff, 0xff, 0xff, 0xff, 0xff, 0xff, 0xff, 0xff, 0xff, 0xff, 0xff, 0xff, 0xff, 0xff, 0xff, 0xff, 0xff, 0xff, 0xff, 0xff, 0x6d, 0x6b, 0x00, 0x00, 0x84, 0x31, 0x70, 0xff, 0x0e, 0xff, 0x0a, 0xfe, 0xe9, 0xfd,
    0xe9, 0xfd, 0xc9, 0xfd, 0xc9, 0xfd, 0xc9, 0xfd, 0xc9, 0xfd, 0xc9, 0xfd, 0xe9, 0xfd, 0xe9, 0xfd, 0xc9, 0xfd, 0xc9, 0xfd, 0xc9, 0xfd, 0xe9, 0xfd, 0x29, 0xfe, 0x4a, 0xfe, 0x0a, 0xfe, 0x8a, 0xed, 0xc9, 0xcc, 0xe7, 0xa3, 0xe5, 0x7a, 0xe3, 0x51,
    0x01, 0x29, 0x40, 0x10, 0x00, 0x00, 0x00, 0x00, 0x00, 0x00, 0x00, 0x00, 0x00, 0x00, 0x00, 0x00, 0x00, 0x00, 0x00, 0x00, 0x00, 0x00, 0x24, 0x21, 0xa6, 0x31, 0x20, 0x00, 0xe9, 0xd4, 0x09, 0xfe, 0xc9, 0xfd, 0xc9, 0xfd, 0xa8, 0xfd, 0xc9, 0xfd,
    0x0b, 0xfe, 0xea, 0xfd, 0xc9, 0xfd, 0xa8, 0xfd, 0xa8, 0xfd, 0xc9, 0xfd, 0x49, 0xed, 0x61, 0x10, 0x8a, 0x52, 0xcb, 0x52, 0x82, 0x10, 0x00, 0x00, 0x49, 0x4a, 0xc3, 0x10, 0x00, 0x00, 0x00, 0x00, 0x00, 0x00, 0x00, 0x00, 0x00, 0x00, 0x00, 0x00,
    0x00, 0x00, 0x00, 0x00, 0x00, 0x00, 0x00, 0x00, 0x00, 0x00, 0x80, 0x18, 0x62, 0x39, 0xa5, 0x72, 0xe7, 0xa3, 0xa9, 0xed, 0xe9, 0xfd, 0xc9, 0xfd, 0xe9, 0xfd, 0xc9, 0xfd, 0x68, 0xfd, 0xe7, 0xf4, 0x46, 0xf4, 0xe5, 0xfb, 0x85, 0xf3, 0x64, 0xf3,
    0x64, 0xf3, 0x44, 0xf3, 0x65, 0xf3, 0x44, 0xeb, 0xa5, 0xfb, 0x83, 0x61, 0x00, 0x00, 0x65, 0x31, 0xdf, 0xff, 0xff, 0xff, 0xff, 0xff, 0xff, 0xff, 0xff, 0xff, 0xff, 0xff, 0xff, 0xff, 0xff, 0xff, 0xff, 0xff, 0xff, 0xff, 0xff, 0xff, 0xff, 0xff,
    0xff, 0xff, 0xff, 0xff, 0xff, 0xff, 0xff, 0xff, 0xff, 0xff, 0xff, 0xff, 0xff, 0xff, 0xff, 0xff, 0xff, 0xff, 0xff, 0xff, 0xff, 0xff, 0xff, 0xff, 0x7d, 0xef, 0xa2, 0x10, 0x00, 0x00, 0x6a, 0x9c, 0x6f, 0xff, 0x6c, 0xf6, 0xe9, 0xfd, 0xe9, 0xfd,
    0xe9, 0xfd, 0x09, 0xfe, 0x09, 0xfe, 0x0a, 0xfe, 0xe9, 0xfd, 0xe9, 0xfd, 0xc9, 0xfd, 0xc9, 0xfd, 0xc9, 0xfd, 0xc9, 0xfd, 0xe9, 0xfd, 0x89, 0xed, 0x66, 0x93, 0xe3, 0x51, 0x80, 0x18, 0x00, 0x00, 0x00, 0x00, 0x00, 0x00, 0x00, 0x00, 0x41, 0x00,
    0x04, 0x19, 0x28, 0x42, 0xc7, 0x31, 0x00, 0x00, 0xe7, 0x39, 0x71, 0x8c, 0x81, 0x10, 0x20, 0x00, 0x20, 0x00, 0x00, 0x00, 0x20, 0x00, 0x3c, 0xe7, 0xbe, 0xff, 0x61, 0x08, 0xe8, 0xd4, 0x09, 0xfe, 0xa8, 0xfd, 0x0a, 0xfe, 0xb0, 0xfe, 0x34, 0xf7,
    0x98, 0xff, 0x98, 0xff, 0x34, 0xf7, 0x8f, 0xf6, 0xea, 0xfd, 0xa8, 0xfd, 0x49, 0xed, 0x81, 0x10, 0x1b, 0xdf, 0xff, 0xff, 0xaa, 0x52, 0x40, 0x08, 0xf3, 0xa4, 0xa6, 0x31, 0x00, 0x00, 0x20, 0x00, 0x20, 0x00, 0x20, 0x00, 0xa6, 0x31, 0x3c, 0xe7,
    0x99, 0xd6, 0x17, 0xc6, 0x34, 0xa5, 0x50, 0x84, 0x4d, 0x6b, 0x69, 0x4a, 0x66, 0x29, 0x00, 0x00, 0x20, 0x00, 0x48, 0xb4, 0x2a, 0xfe, 0xc9, 0xfd, 0xa7, 0xf4, 0xe5, 0xf3, 0x64, 0xf3, 0x03, 0xfb, 0x03, 0xfb, 0x03, 0xfb, 0x24, 0xfb, 0x44, 0xfb,
    0x44, 0xfb, 0x44, 0xfb, 0x44, 0xfb, 0x44, 0xf3, 0x64, 0xfb, 0xa4, 0xba, 0x00, 0x00, 0x00, 0x00, 0x18, 0xc6, 0xff, 0xff, 0xdf, 0xff, 0xdf, 0xff, 0xdf, 0xff, 0xff, 0xff, 0xff, 0xff, 0xff, 0xff, 0xff, 0xff, 0xff, 0xff, 0xff, 0xff, 0xff, 0xff,
    0xff, 0xff, 0xff, 0xff, 0xff, 0xff, 0xff, 0xff, 0xdf, 0xff, 0xdf, 0xff, 0xdf, 0xff, 0xdf, 0xff, 0xdf, 0xff, 0xff, 0xff, 0xdf, 0xff, 0xff, 0xff, 0xd3, 0x9c, 0x00, 0x00, 0x61, 0x10, 0x67, 0xec, 0xa7, 0xfc, 0x26, 0xf4, 0xc5, 0xf3, 0xe5, 0xf3,
    0x26, 0xfc, 0x86, 0xf4, 0xa6, 0xf4, 0x28, 0xfd, 0x48, 0xfd, 0x88, 0xfd, 0xe9, 0xfd, 0xe9, 0xfd, 0xc9, 0xfd, 0xc9, 0xfd, 0x09, 0xfe, 0x88, 0xc4, 0x00, 0x00, 0xa3, 0x08, 0x8a, 0x52, 0xae, 0x73, 0xd2, 0x9c, 0xd6, 0xbd, 0xda, 0xde, 0x7d, 0xf7,
    0xdf, 0xff, 0xff, 0xff, 0xd6, 0xbd, 0x00, 0x00, 0x41, 0x08, 0x41, 0x08, 0x00, 0x00, 0x00, 0x00, 0x20, 0x00, 0x00, 0x00, 0x03, 0x21, 0xdf, 0xff, 0xfb, 0xde, 0x61, 0x08, 0xe8, 0xdc, 0xe9, 0xfd, 0xf2, 0xfe, 0xd8, 0xff, 0xfd, 0xff, 0xfe, 0xff,
    0xff, 0xff, 0xff, 0xff, 0xff, 0xff, 0xfe, 0xff, 0xba, 0xff, 0x4e, 0xfe, 0x47, 0xf5, 0x60, 0x10, 0xf7, 0xbd, 0xdf, 0xff, 0x91, 0x94, 0x00, 0x00, 0x00, 0x00, 0x00, 0x00, 0x00, 0x00, 0x00, 0x00, 0x40, 0x00, 0x00, 0x00, 0x8e, 0x73, 0xff, 0xff,
    0xff, 0xff, 0xff, 0xff, 0xff, 0xff, 0xff, 0xff, 0xff, 0xff, 0xff, 0xff, 0xff, 0xff, 0x04, 0x21, 0x66, 0x93, 0x6b, 0xfe, 0xa9, 0xfd, 0xe5, 0xf3, 0x24, 0xfb, 0x24, 0xfb, 0x24, 0xfb, 0x23, 0xfb, 0x43, 0xfb, 0x44, 0xfb, 0x24, 0xfb, 0x44, 0xfb,
    0x64, 0xfb, 0x44, 0xfb, 0x44, 0xfb, 0x44, 0xfb, 0x44, 0xfb, 0x85, 0xf3, 0xc2, 0x28, 0x00, 0x00, 0x6d, 0x6b, 0xff, 0xff, 0xff, 0xff, 0xff, 0xff, 0xff, 0xff, 0xff, 0xff, 0xff, 0xff, 0xff, 0xff, 0xff, 0xff, 0xff, 0xff, 0xff, 0xff, 0xff, 0xff,
    0xff, 0xff, 0xff, 0xff, 0xff, 0xff, 0xff, 0xff, 0xff, 0xff, 0xff, 0xff, 0xff, 0xff, 0xff, 0xff, 0xff, 0xff, 0xff, 0xff, 0xff, 0xff, 0xff, 0xff, 0x07, 0x42, 0x00, 0x00, 0x62, 0x51, 0x05, 0xfc, 0xc5, 0xfb, 0x64, 0xfb, 0x44, 0xfb, 0x24, 0xfb,
    0x44, 0xfb, 0x64, 0xfb, 0x64, 0xfb, 0x84, 0xfb, 0x85, 0xf3, 0xa5, 0xf3, 0x26, 0xf4, 0xe8, 0xfc, 0xe9, 0xfd, 0xe9, 0xfd, 0xa9, 0xfd, 0x6b, 0xfe, 0xe3, 0x51, 0xcb, 0x52, 0xff, 0xff, 0xff, 0xff, 0xff, 0xff, 0xff, 0xff, 0xff, 0xff, 0xff, 0xff,
    0xff, 0xff, 0xff, 0xff, 0x7d, 0xef, 0xc3, 0x18, 0x00, 0x00, 0x20, 0x00, 0x00, 0x00, 0x20, 0x00, 0x40, 0x00, 0x00, 0x00, 0x51, 0x8c, 0xff, 0xff, 0x76, 0xad, 0xa0, 0x18, 0x4d, 0xfe, 0x76, 0xff, 0xfc, 0xff, 0xbb, 0xf7, 0xf2, 0x94, 0x4c, 0x63,
    0xaa, 0x52, 0x8a, 0x52, 0x6d, 0x6b, 0x74, 0xa5, 0xfe, 0xff, 0xdc, 0xff, 0x14, 0xff, 0x43, 0x31, 0x10, 0x7c, 0xff, 0xff, 0x9d, 0xf7, 0x85, 0x29, 0x00, 0x00, 0x20, 0x00, 0x00, 0x00, 0x00, 0x00, 0x00, 0x00, 0x82, 0x10, 0xfb, 0xde, 0xff, 0xff,
    0xdf, 0xff, 0xff, 0xff, 0xdf, 0xff, 0xdf, 0xff, 0xdf, 0xff, 0xdf, 0xff, 0xfb, 0xde, 0x00, 0x00, 0xc9, 0xcc, 0x2a, 0xfe, 0xc9, 0xfd, 0x06, 0xf4, 0x24, 0xfb, 0x24, 0xfb, 0x23, 0xfb, 0x23, 0xfb, 0x44, 0xfb, 0x44, 0xfb, 0x44, 0xfb, 0x44, 0xfb,
    0x44, 0xfb, 0x44, 0xfb, 0x44, 0xfb, 0x44, 0xfb, 0x44, 0xfb, 0xc5, 0xfb, 0x04, 0x82, 0x00, 0x00, 0x24, 0x29, 0x7d, 0xef, 0x58, 0xce, 0x92, 0x94, 0x4d, 0x6b, 0x48, 0x4a, 0xc6, 0x31, 0xa6, 0x31, 0x17, 0xc6, 0xff, 0xff, 0xff, 0xff, 0xff, 0xff,
    0xff, 0xff, 0xff, 0xff, 0xff, 0xff, 0xfb, 0xde, 0x0b, 0x5b, 0x8a, 0x52, 0x2c, 0x63, 0xef, 0x7b, 0xd3, 0x9c, 0xf7, 0xbd, 0x1c, 0xe7, 0xfb, 0xde, 0x61, 0x08, 0x00, 0x00, 0xc4, 0xba, 0x04, 0xfc, 0xa4, 0xfb, 0x44, 0xfb, 0x64, 0xfb, 0x44, 0xfb,
    0x64, 0xfb, 0x64, 0xfb, 0x84, 0xfb, 0x64, 0xfb, 0x44, 0xfb, 0x64, 0xfb, 0x85, 0xfb, 0x64, 0xfb, 0x46, 0xf4, 0xc9, 0xfd, 0xa9, 0xfd, 0x4a, 0xfe, 0xc5, 0x72, 0xe3, 0x18, 0xdf, 0xff, 0xdf, 0xff, 0xdf, 0xff, 0xff, 0xff, 0xff, 0xff, 0xff, 0xff,
    0xff, 0xff, 0xff, 0xff, 0xff, 0xff, 0x96, 0xb5, 0x41, 0x08, 0x00, 0x00, 0x00, 0x00, 0x00, 0x00, 0x00, 0x00, 0x0b, 0x63, 0xdf, 0xff, 0xff, 0xff, 0xcb, 0x52, 0xe8, 0x62, 0xfc, 0xff, 0xfc, 0xff, 0xf9, 0xde, 0xa6, 0x39, 0x43, 0x61, 0x05, 0x9a,
    0x66, 0xba, 0x45, 0xba, 0x04, 0x9a, 0xe2, 0x48, 0x2c, 0x63, 0xfe, 0xff, 0xff, 0xff, 0xf1, 0x9c, 0xe3, 0x18, 0xff, 0xff, 0xff, 0xff, 0x3c, 0xe7, 0x89, 0x52, 0x20, 0x00, 0x00, 0x00, 0x00, 0x00, 0xa6, 0x31, 0x58, 0xce, 0xff, 0xff, 0xff, 0xff,
    0xff, 0xff, 0xff, 0xff, 0xff, 0xff, 0xff, 0xff, 0xdf, 0xff, 0xff, 0xff, 0xae, 0x73, 0xa0, 0x18, 0x2b, 0xfe, 0xe9, 0xfd, 0xe9, 0xfd, 0xc9, 0xfd, 0xe7, 0xfc, 0x05, 0xfc, 0xa4, 0xfb, 0x43, 0xfb, 0x23, 0xfb, 0x03, 0xfb, 0x23, 0xfb, 0x23, 0xfb,
    0x24, 0xfb, 0x64, 0xfb, 0x84, 0xfb, 0x84, 0xfb, 0x44, 0xf3, 0xc4, 0xca, 0x63, 0x61, 0x00, 0x00, 0x20, 0x00, 0xa2, 0x10, 0xa2, 0x10, 0x44, 0x29, 0x49, 0x4a, 0x6d, 0x6b, 0xf3, 0x9c, 0x18, 0xc6, 0x9d, 0xf7, 0xff, 0xff, 0xff, 0xff, 0xff, 0xff,
    0xff, 0xff, 0xff, 0xff, 0xff, 0xff, 0x5c, 0xef, 0xf3, 0x9c, 0xae, 0x73, 0xeb, 0x5a, 0x28, 0x42, 0x65, 0x29, 0xa2, 0x10, 0x41, 0x08, 0xa2, 0x10, 0x00, 0x00, 0x20, 0x00, 0x23, 0x92, 0x24, 0xdb, 0x85, 0xfb, 0xa5, 0xfb, 0xa4, 0xfb, 0x84, 0xfb,
    0x44, 0xfb, 0x44, 0xfb, 0x64, 0xfb, 0x44, 0xfb, 0x44, 0xfb, 0x64, 0xfb, 0x44, 0xfb, 0x23, 0xfb, 0xc5, 0xf3, 0xa8, 0xfd, 0xc9, 0xfd, 0x09, 0xfe, 0x09, 0xd5, 0x00, 0x00, 0xd6, 0xbd, 0xff, 0xff, 0xdf, 0xff, 0xff, 0xff, 0xff, 0xff, 0xff, 0xff,
    0xff, 0xff, 0xff, 0xff, 0xff, 0xff, 0xff, 0xff, 0xba, 0xd6, 0x8e, 0x73, 0x28, 0x42, 0xca, 0x52, 0x55, 0xad, 0xff, 0xff, 0xff, 0xff, 0xba, 0xd6, 0xa2, 0x10, 0x19, 0xe7, 0xfc, 0xff, 0xfe, 0xff, 0x12, 0x9d, 0x40, 0x20, 0xad, 0xfc, 0xe9, 0xfb,
    0x88, 0xfb, 0x88, 0xfb, 0x4b, 0xfc, 0x25, 0xa2, 0xc6, 0x31, 0xfe, 0xff, 0xdc, 0xff, 0xdd, 0xff, 0xe3, 0x18, 0x0f, 0x84, 0xff, 0xff, 0xff, 0xff, 0xff, 0xff, 0xba, 0xd6, 0xd6, 0xbd, 0x59, 0xce, 0xff, 0xff, 0xff, 0xff, 0xff, 0xff, 0xff, 0xff,
    0xff, 0xff, 0xff, 0xff, 0xff, 0xff, 0xdf, 0xff, 0xff, 0xff, 0xdb, 0xde, 0x21, 0x00, 0xa7, 0x9b, 0xca, 0xfd, 0x49, 0xfd, 0x89, 0xfd, 0xc9, 0xfd, 0x09, 0xfe, 0xe9, 0xfd, 0xa9, 0xfd, 0x48, 0xfd, 0xe7, 0xfc, 0x66, 0xf4, 0x25, 0xfc, 0x46, 0xfc,
    0x26, 0xfc, 0x45, 0xe3, 0x23, 0x9a, 0x22, 0x51, 0x61, 0x18, 0x40, 0x10, 0xc1, 0x30, 0x41, 0x08, 0x00, 0x00, 0x6d, 0x6b, 0x7d, 0xef, 0xff, 0xff, 0xff, 0xff, 0xff, 0xff, 0xff, 0xff, 0xff, 0xff, 0xff, 0xff, 0xff, 0xff, 0xff, 0xff, 0xff, 0xff,
    0xff, 0xff, 0xff, 0xff, 0xff, 0xff, 0xff, 0xff, 0xff, 0xff, 0xff, 0xff, 0xff, 0xff, 0xff, 0xff, 0xff, 0xff, 0x9e, 0xf7, 0x79, 0xce, 0x08, 0x42, 0x00, 0x00, 0x61, 0x10, 0xa1, 0x20, 0x41, 0x08, 0x81, 0x20, 0x22, 0x49, 0xe3, 0x89, 0xc4, 0xd2,
    0x84, 0xfb, 0xa4, 0xfb, 0x64, 0xfb, 0x23, 0xfb, 0x23, 0xfb, 0x64, 0xfb, 0xa4, 0xfb, 0xa7, 0xf4, 0xc9, 0xfd, 0x29, 0xfe, 0xe9, 0xfd, 0xc9, 0xfd, 0x4b, 0xfe, 0x03, 0x4a, 0x04, 0x19, 0xff, 0xff, 0xff, 0xff, 0xff, 0xff, 0xff, 0xff, 0xff, 0xff,
    0xff, 0xff, 0xff, 0xff, 0xff, 0xff, 0xff, 0xff, 0xff, 0xff, 0xff, 0xff, 0xff, 0xff, 0xff, 0xff, 0xff, 0xff, 0xff, 0xff, 0xff, 0xff, 0x24, 0x21, 0x4f, 0x8c, 0xfe, 0xff, 0xdb, 0xff, 0xfc, 0xff, 0x7b, 0xef, 0xa6, 0x31, 0x02, 0x51, 0x89, 0xeb,
    0xa9, 0xfb, 0xa9, 0xfb, 0xe4, 0x91, 0xa2, 0x18, 0x98, 0xd6, 0xfd, 0xff, 0xdb, 0xff, 0xfd, 0xff, 0x57, 0xce, 0x00, 0x00, 0x54, 0xad, 0xff, 0xff, 0xdf, 0xff, 0xff, 0xff, 0xff, 0xff, 0xff, 0xff, 0xff, 0xff, 0xff, 0xff, 0xff, 0xff, 0xff, 0xff,
    0xff, 0xff, 0xff, 0xff, 0xdf, 0xff, 0xff, 0xff, 0x9d, 0xf7, 0x45, 0x19, 0xe1, 0x40, 0x09, 0xfc, 0x27, 0xfb, 0x27, 0xfb, 0x47, 0xfb, 0xc8, 0xfb, 0x89, 0xfc, 0x89, 0xfd, 0x09, 0xfe, 0xe9, 0xfd, 0xe9, 0xfd, 0x29, 0xfe, 0x8a, 0xe5, 0x46, 0x83,
    0x43, 0x39, 0x61, 0x18, 0xa1, 0x28, 0x82, 0x61, 0x63, 0xaa, 0x04, 0xe3, 0x85, 0xfb, 0xe2, 0x38, 0x00, 0x00, 0x0c, 0x63, 0xff, 0xff, 0xdf, 0xff, 0xff, 0xff, 0xdf, 0xff, 0xff, 0xff, 0xff, 0xff, 0xff, 0xff, 0xff, 0xff, 0xff, 0xff, 0xff, 0xff,
    0xff, 0xff, 0xff, 0xff, 0xff, 0xff, 0xff, 0xff, 0xff, 0xff, 0xdf, 0xff, 0xdf, 0xff, 0xff, 0xff, 0xff, 0xff, 0xff, 0xff, 0xff, 0xff, 0x07, 0x42, 0x00, 0x00, 0xc3, 0x71, 0xe5, 0xfb, 0x24, 0xdb, 0x83, 0xaa, 0xa2, 0x69, 0xe1, 0x30, 0x61, 0x10,
    0xa1, 0x20, 0x62, 0x61, 0x04, 0xc3, 0x66, 0xfc, 0xc7, 0xfc, 0x48, 0xfd, 0x0a, 0xfe, 0x4b, 0xfe, 0x4a, 0xfd, 0x28, 0xfc, 0x08, 0xfc, 0xc8, 0xfb, 0xc8, 0xfb, 0x4a, 0xec, 0x40, 0x10, 0xca, 0x52, 0xff, 0xff, 0xff, 0xff, 0xdf, 0xff, 0xff, 0xff,
    0xff, 0xff, 0xff, 0xff, 0xff, 0xff, 0xff, 0xff, 0xff, 0xff, 0xdf, 0xff, 0xdf, 0xff, 0xdf, 0xff, 0xff, 0xff, 0xff, 0xff, 0xe7, 0x39, 0x48, 0x4a, 0xfe, 0xff, 0xdb, 0xff, 0xfb, 0xff, 0xfb, 0xff, 0xfc, 0xff, 0x9b, 0xf7, 0x0b, 0x5b, 0xc2, 0x28,
    0x05, 0x8a, 0x23, 0x59, 0xc6, 0x31, 0xd9, 0xde, 0xfd, 0xff, 0xfb, 0xff, 0xfc, 0xff, 0xfb, 0xff, 0xfe, 0xff, 0xb4, 0xb5, 0x41, 0x08, 0x30, 0x84, 0xff, 0xff, 0xff, 0xff, 0xff, 0xff, 0xdf, 0xff, 0xdf, 0xff, 0xdf, 0xff, 0xdf, 0xff, 0xff, 0xff,
    0xff, 0xff, 0xff, 0xff, 0xff, 0xff, 0x9a, 0xd6, 0x45, 0x21, 0x81, 0x28, 0x89, 0xfb, 0x66, 0xba, 0x86, 0xda, 0x07, 0xfb, 0xe7, 0xfa, 0xe7, 0xfa, 0xe7, 0xfa, 0x68, 0xfb, 0xa9, 0xfc, 0xa9, 0xfd, 0x09, 0xfe, 0xa8, 0xc4, 0x23, 0x31, 0xa3, 0x41,
    0x46, 0x8b, 0x06, 0xd4, 0xc5, 0xfb, 0x84, 0xfb, 0x43, 0xfb, 0x23, 0xfb, 0x64, 0xfb, 0x83, 0x69, 0x00, 0x00, 0x65, 0x29, 0xff, 0xff, 0xff, 0xff, 0xff, 0xff, 0xff, 0xff, 0xff, 0xff, 0xff, 0xff, 0xff, 0xff, 0xff, 0xff, 0xff, 0xff, 0xff, 0xff,
    0xff, 0xff, 0xff, 0xff, 0xff, 0xff, 0xff, 0xff, 0xff, 0xff, 0xff, 0xff, 0xff, 0xff, 0xff, 0xff, 0xff, 0xff, 0xff, 0xff, 0x3c, 0xe7, 0x61, 0x08, 0x00, 0x00, 0x43, 0xa2, 0xc5, 0xfb, 0xa4, 0xfb, 0xa4, 0xfb, 0xc4, 0xfb, 0xa4, 0xfb, 0x65, 0xe3,
    0x84, 0x92, 0xc3, 0x41, 0xe2, 0x20, 0xc7, 0x9b, 0x4b, 0xfe, 0x2b, 0xfe, 0x8a, 0xfd, 0xe8, 0xfb, 0x07, 0xfb, 0xe8, 0xfa, 0xe7, 0xfa, 0x08, 0xfb, 0xc7, 0xf2, 0x48, 0xeb, 0x69, 0xdb, 0x00, 0x08, 0x08, 0x3a, 0xfb, 0xde, 0xff, 0xff, 0xff, 0xff,
    0xff, 0xff, 0xff, 0xff, 0xdf, 0xff, 0xff, 0xff, 0xff, 0xff, 0xff, 0xff, 0xff, 0xff, 0xff, 0xff, 0x58, 0xc6, 0x65, 0x29, 0xea, 0x62, 0xfd, 0xff, 0xfb, 0xff, 0xfb, 0xff, 0xfc, 0xff, 0xfb, 0xff, 0xfb, 0xff, 0xfb, 0xff, 0xfe, 0xff, 0x98, 0xd6,
    0x04, 0x11, 0x2f, 0x7c, 0xfe, 0xff, 0xfd, 0xff, 0xfb, 0xff, 0xfc, 0xff, 0xfc, 0xff, 0xfb, 0xff, 0xfb, 0xff, 0xfc, 0xff, 0xd4, 0xbd, 0x27, 0x42, 0x86, 0x31, 0xd3, 0x9c, 0x3c, 0xef, 0xff, 0xff, 0xff, 0xff, 0xff, 0xff, 0xff, 0xff, 0xff, 0xff,
    0xff, 0xff, 0x9a, 0xd6, 0x6d, 0x63, 0x41, 0x00, 0x43, 0x59, 0xca, 0xfb, 0x86, 0xb2, 0x44, 0x61, 0x28, 0xf3, 0xe7, 0xfa, 0xe7, 0xfa, 0xe7, 0xfa, 0xe7, 0xfa, 0xc7, 0xfa, 0xc7, 0xfa, 0x08, 0xf4, 0xc9, 0xfd, 0x89, 0xed, 0x69, 0xed, 0x4a, 0xfe,
    0x49, 0xfe, 0xe9, 0xfd, 0x88, 0xfd, 0x27, 0xfd, 0xc7, 0xf4, 0x46, 0xf4, 0x25, 0xfc, 0x23, 0x8a, 0x00, 0x00, 0xa2, 0x10, 0x7d, 0xef, 0xff, 0xff, 0xff, 0xff, 0xff, 0xff, 0xff, 0xff, 0xff, 0xff, 0xff, 0xff, 0xff, 0xff, 0xff, 0xff, 0xff, 0xff,
    0xff, 0xff, 0xff, 0xff, 0xff, 0xff, 0xff, 0xff, 0xff, 0xff, 0xff, 0xff, 0xff, 0xff, 0xff, 0xff, 0xff, 0xff, 0xff, 0xff, 0x38, 0xc6, 0x00, 0x00, 0x00, 0x00, 0x83, 0xc2, 0x83, 0xfb, 0x43, 0xfb, 0x63, 0xfb, 0xa4, 0xf3, 0x25, 0xf4, 0xc7, 0xfc,
    0xa8, 0xfd, 0x6a, 0xfe, 0xea, 0xf5, 0xa9, 0xf5, 0x0a, 0xfe, 0x89, 0xfc, 0x07, 0xfb, 0x48, 0xfb, 0x28, 0xfb, 0x08, 0xfb, 0x08, 0xfb, 0x07, 0xfb, 0x28, 0xfb, 0xa4, 0x79, 0x08, 0xd3, 0xa9, 0xf3, 0xc1, 0x38, 0x41, 0x00, 0xae, 0x73, 0xba, 0xde,
    0xff, 0xff, 0xff, 0xff, 0xff, 0xff, 0xff, 0xff, 0xff, 0xff, 0x9e, 0xf7, 0xd7, 0xbd, 0x6a, 0x4a, 0xc2, 0x18, 0x0e, 0x84, 0xb1, 0x9c, 0x36, 0xc6, 0xfc, 0xff, 0xfb, 0xff, 0xfc, 0xff, 0xfc, 0xff, 0xfb, 0xff, 0xfb, 0xff, 0xdb, 0xff, 0xfe, 0xff,
    0xe7, 0x39, 0xd5, 0xbd, 0xfe, 0xff, 0xdb, 0xff, 0xfc, 0xff, 0xfc, 0xff, 0xfb, 0xff, 0xfb, 0xff, 0xfc, 0xff, 0xd8, 0xde, 0xca, 0x5a, 0xcd, 0x7b, 0x4c, 0x94, 0x42, 0x31, 0x62, 0x08, 0xa7, 0x31, 0x0d, 0x5b, 0x6e, 0x6b, 0x6e, 0x6b, 0xab, 0x52,
    0x86, 0x29, 0x61, 0x10, 0xe1, 0x48, 0x08, 0xd3, 0xca, 0xfb, 0xe5, 0x89, 0x03, 0x41, 0x08, 0xeb, 0x08, 0xfb, 0xe7, 0xfa, 0x08, 0xfb, 0xc7, 0xfa, 0xc7, 0xfa, 0xc7, 0xfa, 0xe7, 0xfa, 0x08, 0xfb, 0x68, 0xfc, 0x09, 0xfe, 0xe9, 0xfd, 0xc9, 0xfd,
    0xa8, 0xfd, 0xc8, 0xfd, 0xc9, 0xfd, 0xe9, 0xfd, 0x09, 0xfe, 0xe9, 0xfd, 0x29, 0xfe, 0x07, 0xb4, 0x00, 0x00, 0x40, 0x08, 0xfb, 0xde, 0xff, 0xff, 0xff, 0xff, 0xff, 0xff, 0xff, 0xff, 0xff, 0xff, 0xff, 0xff, 0xff, 0xff, 0xff, 0xff, 0xff, 0xff,
    0xff, 0xff, 0xff, 0xff, 0xff, 0xff, 0xff, 0xff, 0xff, 0xff, 0xff, 0xff, 0xff, 0xff, 0xff, 0xff, 0xdf, 0xff, 0xff, 0xff, 0x34, 0xa5, 0x00, 0x00, 0x61, 0x08, 0x07, 0xd4, 0x48, 0xfd, 0x07, 0xfd, 0x88, 0xfd, 0xe9, 0xfd, 0x0a, 0xfe, 0x09, 0xfe,
    0x09, 0xfe, 0xe9, 0xfd, 0xe9, 0xfd, 0x0a, 0xfe, 0x68, 0xfc, 0xe7, 0xfa, 0x07, 0xfb, 0x08, 0xfb, 0xe7, 0xfa, 0xe7, 0xfa, 0xe7, 0xfa, 0x08, 0xfb, 0x28, 0xfb, 0x08, 0xe3, 0x02, 0x49, 0x45, 0xa2, 0x0a, 0xfc, 0xc7, 0xba, 0xa0, 0x30, 0x61, 0x08,
    0x45, 0x21, 0x29, 0x42, 0xab, 0x52, 0x6a, 0x4a, 0xc7, 0x31, 0xe4, 0x18, 0xa1, 0x18, 0x06, 0x6b, 0x70, 0xbd, 0x07, 0x42, 0xee, 0x7b, 0xbc, 0xf7, 0xfc, 0xff, 0xfc, 0xff, 0xfc, 0xff, 0xfc, 0xff, 0xfb, 0xff, 0xfb, 0xff, 0xfb, 0xff, 0xdd, 0xff,
    0xa6, 0x31, 0x12, 0xa5, 0xfd, 0xff, 0xdb, 0xff, 0xfb, 0xff, 0xfb, 0xff, 0xfb, 0xff, 0xfb, 0xff, 0xfb, 0xff, 0xfc, 0xff, 0x9b, 0xf7, 0x8d, 0x6b, 0xe5, 0x41, 0x70, 0xde, 0xe8, 0xc4, 0x04, 0x83, 0x43, 0x62, 0xa2, 0x49, 0xa2, 0x49, 0x03, 0x5a,
    0x65, 0x92, 0x28, 0xd3, 0x68, 0xe3, 0x46, 0xa2, 0x02, 0x49, 0x64, 0x69, 0x69, 0xf3, 0x48, 0xfb, 0x07, 0xfb, 0xe4, 0xe9, 0x45, 0xf2, 0x08, 0xfb, 0xc7, 0xfa, 0xc7, 0xfa, 0xc7, 0xfa, 0x07, 0xfb, 0x27, 0xfb, 0xe8, 0xfc, 0xe9, 0xfd, 0xc9, 0xfd,
    0xc9, 0xfd, 0xc9, 0xfd, 0xc9, 0xfd, 0xc9, 0xfd, 0xc9, 0xfd, 0xc9, 0xfd, 0x29, 0xfe, 0x88, 0xc4, 0x00, 0x00, 0x00, 0x00, 0x38, 0xc6, 0xff, 0xff, 0xff, 0xff, 0xff, 0xff, 0xff, 0xff, 0xff, 0xff, 0xff, 0xff, 0xff, 0xff, 0xff, 0xff, 0xff, 0xff,
    0xff, 0xff, 0xff, 0xff, 0xff, 0xff, 0xff, 0xff, 0xff, 0xff, 0xff, 0xff, 0xff, 0xff, 0xff, 0xff, 0xdf, 0xff, 0xff, 0xff, 0x10, 0x84, 0x00, 0x00, 0xe2, 0x18, 0x50, 0xef, 0x8f, 0xff, 0x29, 0xfe, 0x09, 0xfe, 0x09, 0xfe, 0xe9, 0xfd, 0xe9, 0xfd,
    0xe9, 0xfd, 0xe9, 0xfd, 0x0a, 0xfe, 0x29, 0xfd, 0xc6, 0xfa, 0x07, 0xfb, 0xe7, 0xfa, 0xe7, 0xfa, 0xe7, 0xfa, 0xe7, 0xfa, 0x28, 0xfb, 0x24, 0xf2, 0x86, 0xf2, 0x69, 0xfb, 0x28, 0xeb, 0x84, 0x61, 0x23, 0x49, 0x65, 0x9a, 0x47, 0xd3, 0x27, 0xc3,
    0x67, 0xa3, 0xe4, 0x82, 0x83, 0x72, 0xe4, 0x7a, 0x86, 0x9b, 0x87, 0xc4, 0x2b, 0xfe, 0x71, 0xe6, 0x04, 0x21, 0x12, 0xa5, 0xff, 0xff, 0xfc, 0xff, 0xfc, 0xff, 0xfc, 0xff, 0xfc, 0xff, 0xfb, 0xff, 0xfc, 0xff, 0xfb, 0xff, 0xdb, 0xff, 0xfe, 0xff,
    0xe7, 0x39, 0x93, 0xb5, 0xff, 0xff, 0xdb, 0xff, 0xfb, 0xff, 0xfc, 0xff, 0xfb, 0xff, 0xfb, 0xff, 0xfb, 0xff, 0xfb, 0xff, 0xfb, 0xff, 0xff, 0xff, 0xf2, 0x9c, 0xe7, 0x39, 0x33, 0xff, 0x6a, 0xfe, 0x28, 0xfe, 0x29, 0xfe, 0x6a, 0xfe, 0x8a, 0xfd,
    0x46, 0x92, 0x84, 0x69, 0x43, 0x59, 0xc5, 0x81, 0x08, 0xd3, 0x68, 0xfb, 0xc4, 0xe9, 0x07, 0xfb, 0x48, 0xfb, 0x07, 0xfb, 0x63, 0xe1, 0x05, 0xf2, 0x07, 0xfb, 0xc7, 0xfa, 0xc7, 0xfa, 0xc7, 0xfa, 0xe7, 0xfa, 0xe8, 0xfb, 0xe9, 0xfd, 0xc9, 0xfd,
    0xc9, 0xfd, 0xc9, 0xfd, 0xc9, 0xfd, 0xc9, 0xfd, 0xc9, 0xfd, 0xc8, 0xfd, 0x09, 0xfe, 0x09, 0xd5, 0x21, 0x00, 0x00, 0x00, 0x75, 0xad, 0xff, 0xff, 0xdf, 0xff, 0xff, 0xff, 0xff, 0xff, 0xff, 0xff, 0xff, 0xff, 0xff, 0xff, 0xff, 0xff, 0xff, 0xff,
    0xff, 0xff, 0xff, 0xff, 0xff, 0xff, 0xff, 0xff, 0xff, 0xff, 0xff, 0xff, 0xff, 0xff, 0xff, 0xff, 0xdf, 0xff, 0xff, 0xff, 0x8e, 0x73, 0x00, 0x00, 0x43, 0x29, 0x70, 0xff, 0xed, 0xfe, 0xc9, 0xfd, 0xe9, 0xfd, 0xe9, 0xfd, 0xe9, 0xfd, 0xe9, 0xfd,
    0xe9, 0xfd, 0xc9, 0xfd, 0xe9, 0xfd, 0xc7, 0xfb, 0xe7, 0xfa, 0xe7, 0xfa, 0xc7, 0xfa, 0xc7, 0xfa, 0xc7, 0xfa, 0xe7, 0xfa, 0xe3, 0xe9, 0xe4, 0xe1, 0x08, 0xfb, 0x28, 0xfb, 0x28, 0xfb, 0x28, 0xfb, 0xc7, 0xd2, 0xa4, 0x81, 0x43, 0x59, 0x63, 0x61,
    0xe6, 0x9a, 0x2b, 0xfe, 0x4a, 0xfe, 0x4a, 0xfe, 0x29, 0xfe, 0x6d, 0xfe, 0xd9, 0xff, 0x13, 0x9d, 0x73, 0xad, 0xfe, 0xff, 0xdb, 0xff, 0xfb, 0xff, 0xfc, 0xff, 0xfc, 0xff, 0xfc, 0xff, 0xfc, 0xff, 0xfb, 0xff, 0xfb, 0xff, 0xfe, 0xff, 0xfa, 0xde,
    0xa2, 0x10, 0x48, 0x4a, 0xd9, 0xde, 0xfe, 0xff, 0xfc, 0xff, 0xfb, 0xff, 0xfb, 0xff, 0xfb, 0xff, 0xfb, 0xff, 0xfb, 0xff, 0xfb, 0xff, 0xfb, 0xff, 0xfd, 0xff, 0x39, 0xe7, 0xbc, 0xf7, 0x98, 0xff, 0x90, 0xf6, 0xca, 0xfd, 0xa7, 0xfd, 0x88, 0xf4,
    0xc7, 0xf2, 0xe7, 0xf2, 0x68, 0xfb, 0xa6, 0xfa, 0xc6, 0xfa, 0x68, 0xfb, 0x86, 0xea, 0x42, 0xe1, 0x07, 0xfb, 0x69, 0xfb, 0x08, 0xfb, 0xa3, 0xe1, 0x86, 0xfa, 0xe7, 0xfa, 0xc7, 0xfa, 0xe7, 0xfa, 0x07, 0xfb, 0x68, 0xfb, 0x0a, 0xfe, 0x6a, 0xfe,
    0x4a, 0xfe, 0x29, 0xfe, 0x09, 0xfe, 0x09, 0xfe, 0xe9, 0xfd, 0xc8, 0xfd, 0xe8, 0xfd, 0x29, 0xdd, 0x61, 0x08, 0x00, 0x00, 0x13, 0xa5, 0xff, 0xff, 0xdf, 0xff, 0xff, 0xff, 0xff, 0xff, 0xff, 0xff, 0xff, 0xff, 0xff, 0xff, 0xff, 0xff, 0xff, 0xff,
    0xff, 0xff, 0xff, 0xff, 0xff, 0xff, 0xff, 0xff, 0xff, 0xff, 0xff, 0xff, 0xff, 0xff, 0xff, 0xff, 0xdf, 0xff, 0xff, 0xff, 0x6d, 0x6b, 0x00, 0x00, 0x63, 0x29, 0x70, 0xff, 0xcd, 0xfe, 0xc9, 0xfd, 0xc9, 0xfd, 0xe9, 0xfd, 0x09, 0xfe, 0x29, 0xfe,
    0x2a, 0xfe, 0x6a, 0xfe, 0xa9, 0xfd, 0x07, 0xfb, 0xc7, 0xfa, 0xc7, 0xfa, 0xc7, 0xfa, 0xc7, 0xfa, 0xc6, 0xfa, 0xa3, 0xe9, 0x25, 0xea, 0x49, 0xfb, 0x28, 0xfb, 0x28, 0xfb, 0xa3, 0xe1, 0x04, 0xea, 0x28, 0xfb, 0x48, 0xfb, 0x28, 0xfb, 0xe7, 0xfa,
    0x27, 0xf3, 0x68, 0xfd, 0xa8, 0xfd, 0x0b, 0xf6, 0x14, 0xff, 0xfb, 0xff, 0xfc, 0xff, 0xfc, 0xff, 0xfd, 0xff, 0xfb, 0xff, 0xfb, 0xff, 0xfb, 0xff, 0xfc, 0xff, 0xfc, 0xff, 0xfc, 0xff, 0xfb, 0xff, 0xfc, 0xff, 0xfd, 0xff, 0x0f, 0x84, 0x81, 0x10,
    0xca, 0x5a, 0x69, 0x4a, 0x81, 0x10, 0xca, 0x5a, 0x7a, 0xef, 0xfd, 0xff, 0xfb, 0xff, 0xfb, 0xff, 0xfb, 0xff, 0xfb, 0xff, 0xfb, 0xff, 0xfb, 0xff, 0xfb, 0xff, 0xfc, 0xff, 0xfc, 0xff, 0xfc, 0xff, 0xfc, 0xff, 0xd9, 0xff, 0x55, 0xff, 0x2a, 0xf4,
    0xc7, 0xfa, 0xe7, 0xfa, 0x28, 0xfb, 0x65, 0xea, 0x42, 0xd9, 0x68, 0xfb, 0xa9, 0xfb, 0x66, 0xea, 0x83, 0xe1, 0x48, 0xfb, 0x28, 0xfb, 0x08, 0xfb, 0xc7, 0xfa, 0xe7, 0xfa, 0xc7, 0xfa, 0xc7, 0xfa, 0xe7, 0xfa, 0xe7, 0xea, 0xc7, 0xa3, 0x08, 0xa4,
    0x48, 0xb4, 0xa8, 0xbc, 0x29, 0xdd, 0xaa, 0xed, 0x0a, 0xfe, 0x2a, 0xfe, 0x8a, 0xfe, 0xc9, 0xfd, 0x81, 0x10, 0x00, 0x00, 0xd3, 0x9c, 0xdf, 0xff, 0xbe, 0xf7, 0xff, 0xff, 0xff, 0xff, 0xff, 0xff, 0xff, 0xff, 0xff, 0xff, 0xff, 0xff, 0xff, 0xff,
    0xff, 0xff, 0xff, 0xff, 0xff, 0xff, 0xff, 0xff, 0xff, 0xff, 0xff, 0xff, 0xff, 0xff, 0xff, 0xff, 0xdf, 0xff, 0xff, 0xff, 0x4c, 0x6b, 0x00, 0x00, 0x84, 0x31, 0x90, 0xff, 0x0d, 0xff, 0x4a, 0xfe, 0x8a, 0xfe, 0x4a, 0xfe, 0xea, 0xfd, 0x69, 0xe5,
    0xa8, 0xcc, 0x27, 0xac, 0xa7, 0xb3, 0xe7, 0xfa, 0xe7, 0xfa, 0xc7, 0xfa, 0xc7, 0xfa, 0xe7, 0xfa, 0xe3, 0xe9, 0x04, 0xea, 0x69, 0xfb, 0x28, 0xfb, 0x28, 0xfb, 0xe4, 0xe9, 0xc4, 0xe1, 0xe7, 0xfa, 0xc7, 0xfa, 0x07, 0xfb, 0xc7, 0xfa, 0xc7, 0xfa,
    0xe7, 0xfa, 0xae, 0xfd, 0x55, 0xff, 0xda, 0xff, 0xfc, 0xff, 0xfc, 0xff, 0xfb, 0xff, 0xfb, 0xff, 0xfb, 0xff, 0xfb, 0xff, 0xfb, 0xff, 0xfb, 0xff, 0xfb, 0xff, 0xfc, 0xff, 0xfb, 0xff, 0xfc, 0xff, 0xbc, 0xf7, 0x07, 0x42, 0x03, 0x21, 0x36, 0xc6,
    0xfd, 0xff, 0xfd, 0xff, 0xb8, 0xd6, 0x69, 0x4a, 0xc2, 0x18, 0x57, 0xce, 0xfd, 0xff, 0xfb, 0xff, 0xfb, 0xff, 0xfb, 0xff, 0xfb, 0xff, 0xfb, 0xff, 0xfc, 0xff, 0xfc, 0xff, 0xfc, 0xff, 0xfb, 0xff, 0xfb, 0xff, 0xfc, 0xff, 0xfd, 0xff, 0x6d, 0xf4,
    0xc6, 0xfa, 0x07, 0xfb, 0xe7, 0xfa, 0x48, 0xfb, 0xe4, 0xe9, 0x66, 0xf2, 0x69, 0xfb, 0x49, 0xfb, 0xe7, 0xf2, 0x08, 0xfb, 0x08, 0xfb, 0x08, 0xfb, 0xe8, 0xfa, 0xc7, 0xfa, 0xc7, 0xfa, 0xa7, 0xfa, 0xc7, 0xfa, 0x07, 0xe3, 0x04, 0x6a, 0x63, 0x41,
    0xe2, 0x28, 0xa2, 0x18, 0x61, 0x08, 0x61, 0x08, 0xa2, 0x10, 0x42, 0x29, 0x24, 0x52, 0xc6, 0x72, 0x41, 0x08, 0x00, 0x00, 0x14, 0xa5, 0xff, 0xff, 0xff, 0xff, 0xff, 0xff, 0xff, 0xff, 0xdf, 0xff, 0xff, 0xff, 0xff, 0xff, 0xff, 0xff, 0xff, 0xff,
    0xff, 0xff, 0xff, 0xff, 0xff, 0xff, 0xff, 0xff, 0xff, 0xff, 0xff, 0xff, 0xff, 0xff, 0xdf, 0xff, 0xdf, 0xff, 0xff, 0xff, 0xce, 0x73, 0x00, 0x00, 0x23, 0x29, 0xcf, 0xee, 0x6b, 0xcd, 0xa6, 0x9b, 0x44, 0x62, 0x63, 0x31, 0xa2, 0x10, 0x61, 0x08,
    0xa1, 0x18, 0x23, 0x39, 0x25, 0x8a, 0x07, 0xfb, 0xe7, 0xfa, 0xc7, 0xfa, 0xc7, 0xfa, 0xc7, 0xfa, 0xc7, 0xfa, 0x28, 0xfb, 0x08, 0xfb, 0x28, 0xfb, 0xa6, 0xf2, 0x83, 0xe9, 0xe7, 0xfa, 0xc7, 0xfa, 0x08, 0xfb, 0x08, 0xfb, 0xc7, 0xfa, 0xe8, 0xfa,
    0xc6, 0xfa, 0x14, 0xf6, 0xfd, 0xff, 0xfb, 0xff, 0xfb, 0xff, 0xfc, 0xff, 0xfc, 0xff, 0xfc, 0xff, 0xfc, 0xff, 0xfb, 0xff, 0xfb, 0xff, 0xfb, 0xff, 0xfb, 0xff, 0xfb, 0xff, 0xfb, 0xff, 0x7b, 0xef, 0x85, 0x31, 0x48, 0x4a, 0xdc, 0xff, 0xfd, 0xff,
    0xdb, 0xff, 0xfb, 0xff, 0xfc, 0xff, 0xfe, 0xff, 0x90, 0x94, 0x61, 0x08, 0xd8, 0xde, 0xfc, 0xff, 0xfb, 0xff, 0xfb, 0xff, 0xfb, 0xff, 0xfb, 0xff, 0xfc, 0xff, 0xfc, 0xff, 0xfc, 0xff, 0xfc, 0xff, 0xfc, 0xff, 0xfb, 0xff, 0xfc, 0xff, 0x8d, 0xf4,
    0xa6, 0xfa, 0x07, 0xfb, 0x08, 0xfb, 0x08, 0xfb, 0x28, 0xfb, 0x08, 0xfb, 0x28, 0xfb, 0x08, 0xfb, 0x28, 0xfb, 0x08, 0xfb, 0x08, 0xfb, 0x08, 0xfb, 0xe7, 0xfa, 0xc7, 0xfa, 0xc7, 0xfa, 0xa7, 0xfa, 0xa7, 0xfa, 0x07, 0xfb, 0xe6, 0xfb, 0xe5, 0xfb,
    0xe6, 0xfb, 0xe6, 0xf3, 0x65, 0xdb, 0x05, 0xbb, 0x43, 0x8a, 0xc3, 0x61, 0xe2, 0x30, 0x41, 0x08, 0x20, 0x00, 0x00, 0x00, 0xc3, 0x18, 0xcb, 0x5a, 0xf3, 0x9c, 0xba, 0xd6, 0xff, 0xff, 0xff, 0xff, 0xff, 0xff, 0xff, 0xff, 0xff, 0xff, 0xff, 0xff,
    0xff, 0xff, 0xff, 0xff, 0xff, 0xff, 0xff, 0xff, 0xff, 0xff, 0xff, 0xff, 0xff, 0xff, 0xff, 0xff, 0xff, 0xff, 0x1b, 0xe7, 0xaa, 0x52, 0x00, 0x00, 0x40, 0x08, 0xa2, 0x10, 0xa2, 0x10, 0x03, 0x19, 0xe4, 0x41, 0x24, 0x62, 0xe5, 0x9a, 0x86, 0xcb,
    0xc6, 0xeb, 0xe6, 0xfb, 0x86, 0xfb, 0x07, 0xfb, 0xc7, 0xfa, 0xc7, 0xfa, 0xc7, 0xfa, 0xe7, 0xfa, 0x08, 0xfb, 0xe8, 0xfa, 0xe8, 0xfa, 0x08, 0xfb, 0xe8, 0xfa, 0xe8, 0xfa, 0xe7, 0xfa, 0xe7, 0xfa, 0x08, 0xfb, 0xe7, 0xfa, 0xe7, 0xfa, 0xe7, 0xfa,
    0xe7, 0xf2, 0xb6, 0xf6, 0xfc, 0xff, 0xfb, 0xff, 0xfc, 0xff, 0xfc, 0xff, 0xfc, 0xff, 0xfc, 0xff, 0xfb, 0xff, 0xfb, 0xff, 0xfb, 0xff, 0xfb, 0xff, 0xfb, 0xff, 0xfb, 0xff, 0xfd, 0xff, 0x93, 0xb5, 0x2b, 0x6b, 0xfe, 0xff, 0xfb, 0xff, 0xda, 0xff,
    0xfb, 0xff, 0xfb, 0xff, 0xfb, 0xff, 0xfb, 0xff, 0xfe, 0xff, 0x35, 0xc6, 0x18, 0xe7, 0xfc, 0xff, 0xfb, 0xff, 0xfb, 0xff, 0xfb, 0xff, 0xfb, 0xff, 0xfb, 0xff, 0xfc, 0xff, 0xfc, 0xff, 0xfc, 0xff, 0xfc, 0xff, 0xfb, 0xff, 0xfd, 0xff, 0xb2, 0xf5,
    0xa6, 0xfa, 0x08, 0xfb, 0xe7, 0xfa, 0x08, 0xfb, 0x28, 0xfb, 0x28, 0xfb, 0x08, 0xfb, 0x08, 0xfb, 0x08, 0xfb, 0x08, 0xfb, 0x08, 0xfb, 0xe7, 0xfa, 0xe7, 0xfa, 0xc7, 0xfa, 0xc7, 0xfa, 0xa6, 0xfa, 0xa6, 0xfa, 0x26, 0xfb, 0x64, 0xf3, 0x64, 0xfb,
    0x64, 0xfb, 0x64, 0xfb, 0x84, 0xfb, 0xa5, 0xfb, 0xc5, 0xfb, 0xe5, 0xfb, 0x26, 0xfc, 0x46, 0xc3, 0x00, 0x00, 0x00, 0x00, 0xcb, 0x5a, 0x69, 0x4a, 0xc2, 0x10, 0x40, 0x08, 0x04, 0x21, 0x0c, 0x63, 0xba, 0xd6, 0xff, 0xff, 0xff, 0xff, 0xff, 0xff,
    0xff, 0xff, 0xff, 0xff, 0xff, 0xff, 0xff, 0xff, 0xff, 0xff, 0xdf, 0xff, 0xf7, 0xbd, 0x6d, 0x6b, 0x45, 0x29, 0x82, 0x10, 0x61, 0x08, 0x00, 0x00, 0x41, 0x08, 0x0b, 0xb5, 0x0c, 0xee, 0x6a, 0xfd, 0x87, 0xfc, 0x25, 0xfc, 0xc5, 0xfb, 0x84, 0xfb,
    0x64, 0xfb, 0x44, 0xf3, 0x25, 0xfb, 0xe6, 0xfa, 0xc7, 0xfa, 0xe7, 0xfa, 0xc7, 0xfa, 0xe7, 0xfa, 0xe7, 0xfa, 0xe7, 0xfa, 0xe7, 0xfa, 0xe7, 0xfa, 0x08, 0xfb, 0xe8, 0xfa, 0xc7, 0xfa, 0xe7, 0xfa, 0xe7, 0xfa, 0xe7, 0xfa, 0xe7, 0xfa, 0xa6, 0xfa,
    0x48, 0xf3, 0x9a, 0xff, 0xfc, 0xff, 0xfb, 0xff, 0xfb, 0xff, 0xfc, 0xff, 0xfc, 0xff, 0xfc, 0xff, 0xfb, 0xff, 0xfb, 0xff, 0xfb, 0xff, 0xfb, 0xff, 0xfb, 0xff, 0xfb, 0xff, 0xfb, 0xff, 0xfc, 0xff, 0xfd, 0xff, 0xfb, 0xff, 0xfb, 0xff, 0xfb, 0xff,
    0xfb, 0xff, 0xfb, 0xff, 0xfb, 0xff, 0xfb, 0xff, 0xfb, 0xff, 0xfd, 0xff, 0xfc, 0xff, 0xfb, 0xff, 0xfb, 0xff, 0xfb, 0xff, 0xfb, 0xff, 0xfb, 0xff, 0xfc, 0xff, 0xfc, 0xff, 0xfc, 0xff, 0xfc, 0xff, 0xfc, 0xff, 0xfc, 0xff, 0xfd, 0xff, 0x79, 0xff,
    0x68, 0xf3, 0x08, 0xfb, 0xe7, 0xfa, 0x08, 0xfb, 0x08, 0xfb, 0x08, 0xfb, 0x08, 0xfb, 0x08, 0xfb, 0x08, 0xfb, 0xe8, 0xfa, 0xe7, 0xfa, 0xe7, 0xfa, 0xc7, 0xfa, 0xc7, 0xfa, 0xa7, 0xfa, 0xa7, 0xfa, 0xe7, 0xfa, 0x04, 0xfb, 0x64, 0xfb, 0x84, 0xfb,
    0x64, 0xfb, 0x64, 0xfb, 0x64, 0xfb, 0x64, 0xfb, 0x64, 0xfb, 0x43, 0xf3, 0x84, 0xfb, 0x43, 0xaa, 0x00, 0x00, 0x00, 0x00, 0xba, 0xd6, 0xff, 0xff, 0xdf, 0xff, 0x99, 0xd6, 0x92, 0x94, 0xc7, 0x39, 0xf3, 0x9c, 0xff, 0xff, 0xff, 0xff, 0xff, 0xff,
    0xff, 0xff, 0xff, 0xff, 0xff, 0xff, 0x7d, 0xef, 0x6d, 0x6b, 0xc3, 0x18, 0x81, 0x10, 0x08, 0x42, 0x51, 0x8c, 0xdb, 0xde, 0xf3, 0x9c, 0x00, 0x00, 0x40, 0x00, 0x47, 0xdc, 0x05, 0xfc, 0x44, 0xfb, 0x44, 0xf3, 0x64, 0xf3, 0x64, 0xf3, 0x64, 0xfb,
    0x64, 0xfb, 0x44, 0xfb, 0x44, 0xfb, 0x26, 0xfb, 0x07, 0xfb, 0xe7, 0xfa, 0xc7, 0xfa, 0xc7, 0xfa, 0xe7, 0xfa, 0xe7, 0xfa, 0x08, 0xfb, 0xe7, 0xfa, 0xe7, 0xfa, 0xe7, 0xfa, 0xe7, 0xfa, 0xe7, 0xfa, 0xe7, 0xfa, 0xe7, 0xfa, 0xe7, 0xfa, 0x85, 0xfa,
    0x30, 0xf5, 0xfd, 0xff, 0xfb, 0xff, 0xfb, 0xff, 0xfb, 0xff, 0xfc, 0xff, 0xfc, 0xff, 0xfb, 0xff, 0xfb, 0xff, 0xfb, 0xff, 0xfb, 0xff, 0xfb, 0xff, 0xfb, 0xff, 0xfb, 0xff, 0xfb, 0xff, 0xfb, 0xff, 0xfb, 0xff, 0xfb, 0xff, 0xfb, 0xff, 0xfb, 0xff,
    0xfb, 0xff, 0xfb, 0xff, 0xfb, 0xff, 0xfb, 0xff, 0xfb, 0xff, 0xfb, 0xff, 0xfb, 0xff, 0xfb, 0xff, 0xfb, 0xff, 0xfb, 0xff, 0xfb, 0xff, 0xfb, 0xff, 0xfc, 0xff, 0xfc, 0xff, 0xfc, 0xff, 0xfc, 0xff, 0xfc, 0xff, 0xfc, 0xff, 0xfc, 0xff, 0xfd, 0xff,
    0x71, 0xed, 0x27, 0xf3, 0x08, 0xfb, 0xe7, 0xfa, 0xe8, 0xfa, 0xe8, 0xfa, 0x08, 0xfb, 0xe8, 0xfa, 0xe8, 0xfa, 0xe7, 0xfa, 0xe7, 0xfa, 0x07, 0xfb, 0xe7, 0xfa, 0xa7, 0xfa, 0xc7, 0xfa, 0xa7, 0xfa, 0x08, 0xfc, 0xc7, 0xfc, 0x85, 0xfb, 0x64, 0xfb,
    0x64, 0xfb, 0x64, 0xfb, 0x64, 0xfb, 0x44, 0xfb, 0x44, 0xfb, 0x44, 0xfb, 0xa4, 0xfb, 0xe3, 0x81, 0x00, 0x00, 0x40, 0x08, 0xfb, 0xde, 0xff, 0xff, 0xff, 0xff, 0xff, 0xff, 0xff, 0xff, 0xff, 0xff, 0xff, 0xff, 0xff, 0xff, 0xff, 0xff, 0xff, 0xff,
    0xff, 0xff, 0xff, 0xff, 0xff, 0xff, 0x3c, 0xe7, 0x6d, 0x6b, 0x55, 0xad, 0x7d, 0xef, 0xff, 0xff, 0xff, 0xff, 0xff, 0xff, 0x38, 0xc6, 0x00, 0x00, 0x00, 0x00, 0x64, 0xa2, 0xe5, 0xfb, 0xa5, 0xfb, 0x84, 0xfb, 0x84, 0xfb, 0x64, 0xfb, 0x44, 0xfb,
    0x24, 0xfb, 0x03, 0xfb, 0x26, 0xfc, 0xc8, 0xfc, 0xe7, 0xfa, 0x07, 0xfb, 0xe7, 0xfa, 0xc7, 0xfa, 0xc7, 0xfa, 0xe7, 0xfa, 0x07, 0xfb, 0xc7, 0xfa, 0xc7, 0xfa, 0xc7, 0xfa, 0xc7, 0xfa, 0xc7, 0xfa, 0xe7, 0xfa, 0xe7, 0xfa, 0x07, 0xfb, 0xea, 0xeb,
    0xbb, 0xff, 0xfc, 0xff, 0xfb, 0xff, 0xfb, 0xff, 0xfb, 0xff, 0xfb, 0xff, 0xfb, 0xff, 0xfb, 0xff, 0xfb, 0xff, 0xfb, 0xff, 0xfb, 0xff, 0xfb, 0xff, 0xfb, 0xff, 0xfb, 0xff, 0xfb, 0xff, 0xfb, 0xff, 0xfb, 0xff, 0xfb, 0xff, 0xfb, 0xff, 0xfb, 0xff,
    0xfb, 0xff, 0xfb, 0xff, 0xfb, 0xff, 0xfb, 0xff, 0xfb, 0xff, 0xfb, 0xff, 0xfc, 0xff, 0xfc, 0xff, 0xfb, 0xff, 0xfb, 0xff, 0xfb, 0xff, 0xfb, 0xff, 0xfb, 0xff, 0xfb, 0xff, 0xfc, 0xff, 0xfc, 0xff, 0xfc, 0xff, 0xfc, 0xff, 0xfc, 0xff, 0xfc, 0xff,
    0xbb, 0xff, 0xad, 0xec, 0x27, 0xfb, 0xe7, 0xfa, 0xe7, 0xfa, 0xe7, 0xfa, 0xe7, 0xfa, 0xe7, 0xfa, 0xe7, 0xfa, 0x28, 0xfb, 0x08, 0xfb, 0xe7, 0xfa, 0xc7, 0xfa, 0xc7, 0xfa, 0xa6, 0xfa, 0x67, 0xfb, 0x89, 0xfd, 0x09, 0xfe, 0x68, 0xfd, 0x46, 0xfc,
    0x84, 0xfb, 0x44, 0xfb, 0x44, 0xfb, 0x44, 0xfb, 0x44, 0xfb, 0x44, 0xfb, 0x85, 0xfb, 0x42, 0x59, 0x00, 0x00, 0x44, 0x29, 0xdf, 0xff, 0xff, 0xff, 0xff, 0xff, 0xff, 0xff, 0xdf, 0xff, 0xff, 0xff, 0xff, 0xff, 0xff, 0xff, 0xff, 0xff, 0xff, 0xff,
    0xff, 0xff, 0xff, 0xff, 0xff, 0xff, 0xff, 0xff, 0xff, 0xff, 0xff, 0xff, 0xff, 0xff, 0xff, 0xff, 0xdf, 0xff, 0xff, 0xff, 0x7d, 0xef, 0xa2, 0x10, 0x00, 0x00, 0x03, 0x7a, 0xe5, 0xfb, 0x64, 0xfb, 0x44, 0xfb, 0x64, 0xfb, 0x64, 0xfb, 0x23, 0xfb,
    0x64, 0xfb, 0xc7, 0xfc, 0xea, 0xfd, 0x0a, 0xfe, 0x48, 0xfc, 0x07, 0xfb, 0x07, 0xfb, 0xe7, 0xfa, 0xc7, 0xfa, 0xc7, 0xfa, 0xc7, 0xfa, 0xc7, 0xfa, 0xc7, 0xfa, 0xc7, 0xfa, 0xc7, 0xfa, 0x08, 0xfb, 0x08, 0xfb, 0xe7, 0xfa, 0x48, 0xf3, 0xd7, 0xf6,
    0xfc, 0xff, 0xfb, 0xff, 0xfc, 0xff, 0xfb, 0xff, 0xfc, 0xff, 0xfc, 0xff, 0xfb, 0xff, 0xfb, 0xff, 0xfc, 0xff, 0xfb, 0xff, 0xfb, 0xff, 0xfb, 0xff, 0xfc, 0xff, 0xfb, 0xff, 0xfb, 0xff, 0xfb, 0xff, 0xfb, 0xff, 0xfb, 0xff, 0xfb, 0xff, 0xfb, 0xff,
    0xfb, 0xff, 0xfb, 0xff, 0xfb, 0xff, 0xfb, 0xff, 0xfc, 0xff, 0xfc, 0xff, 0xfc, 0xff, 0xfb, 0xff, 0xfb, 0xff, 0xfb, 0xff, 0xfb, 0xff, 0xfb, 0xff, 0xfb, 0xff, 0xfb, 0xff, 0xfb, 0xff, 0xfc, 0xff, 0xfc, 0xff, 0xfc, 0xff, 0xfc, 0xff, 0xfb, 0xff,
    0xfc, 0xff, 0xbb, 0xff, 0x0f, 0xed, 0xe7, 0xf2, 0xe7, 0xfa, 0x28, 0xfb, 0xe8, 0xfa, 0xe8, 0xfa, 0xe7, 0xfa, 0x28, 0xfb, 0xe8, 0xfa, 0xc7, 0xfa, 0xc7, 0xfa, 0xa7, 0xfa, 0x26, 0xfb, 0x69, 0xfd, 0xe9, 0xfd, 0xa9, 0xfd, 0xe9, 0xfd, 0x0a, 0xfe,
    0x69, 0xfd, 0x67, 0xf4, 0x84, 0xfb, 0x23, 0xfb, 0x44, 0xfb, 0x44, 0xfb, 0x44, 0xf3, 0xa1, 0x20, 0x00, 0x00, 0xeb, 0x5a, 0xff, 0xff, 0xff, 0xff, 0xff, 0xff, 0xff, 0xff, 0xff, 0xff, 0xff, 0xff, 0xff, 0xff, 0xff, 0xff, 0xff, 0xff, 0xff, 0xff,
    0xff, 0xff, 0xff, 0xff, 0xff, 0xff, 0xff, 0xff, 0xdf, 0xff, 0xff, 0xff, 0xff, 0xff, 0xff, 0xff, 0xff, 0xff, 0xff, 0xff, 0xff, 0xff, 0x07, 0x42, 0x00, 0x00, 0x22, 0x41, 0xa5, 0xfb, 0x44, 0xfb, 0x44, 0xfb, 0x23, 0xfb, 0x43, 0xfb, 0x66, 0xfc,
    0xa9, 0xfd, 0xe9, 0xfd, 0xa9, 0xfd, 0xc9, 0xfd, 0xea, 0xfd, 0x28, 0xf4, 0x27, 0xf3, 0xe7, 0xfa, 0xc7, 0xfa, 0xe7, 0xfa, 0xe7, 0xfa, 0xe7, 0xfa, 0xe7, 0xfa, 0xc7, 0xfa, 0xc7, 0xfa, 0xc7, 0xfa, 0xa6, 0xfa, 0xca, 0xf3, 0xd7, 0xf6, 0xfc, 0xff,
    0xfb, 0xff, 0xfb, 0xff, 0xfb, 0xff, 0xfb, 0xff, 0xfc, 0xff, 0xfc, 0xff, 0xfc, 0xff, 0xfb, 0xff, 0xfb, 0xff, 0xfb, 0xff, 0xfb, 0xff, 0xfb, 0xff, 0xfc, 0xff, 0xfc, 0xff, 0xfb, 0xff, 0xfb, 0xff, 0xfb, 0xff, 0xfb, 0xff, 0xfb, 0xff, 0xfc, 0xff,
    0xfb, 0xff, 0xfb, 0xff, 0xfb, 0xff, 0xfb, 0xff, 0xfc, 0xff, 0xfc, 0xff, 0xfb, 0xff, 0xfb, 0xff, 0xfb, 0xff, 0xfb, 0xff, 0xfb, 0xff, 0xfb, 0xff, 0xfb, 0xff, 0xfb, 0xff, 0xfb, 0xff, 0xfb, 0xff, 0xfb, 0xff, 0xfc, 0xff, 0xfc, 0xff, 0xfc, 0xff,
    0xfb, 0xff, 0xfc, 0xff, 0xfc, 0xff, 0x55, 0xf6, 0x2b, 0xf4, 0x28, 0xfb, 0xa6, 0xfa, 0x86, 0xfa, 0xc6, 0xfa, 0x07, 0xfb, 0xe7, 0xfa, 0xc6, 0xfa, 0xc6, 0xfa, 0x07, 0xfc, 0x89, 0xfd, 0xc9, 0xfd, 0xa9, 0xfd, 0xc9, 0xfd, 0x89, 0xf5, 0x49, 0xe5,
    0x6b, 0xfe, 0x6b, 0xfe, 0x89, 0xfd, 0x46, 0xf4, 0x44, 0xf3, 0x43, 0xfb, 0xa4, 0xc2, 0x20, 0x00, 0x00, 0x00, 0xf3, 0x9c, 0xff, 0xff, 0xdf, 0xff, 0xff, 0xff, 0xff, 0xff, 0xff, 0xff, 0xff, 0xff, 0xff, 0xff, 0xff, 0xff, 0xff, 0xff, 0xff, 0xff,
    0xff, 0xff, 0xff, 0xff, 0xff, 0xff, 0xff, 0xff, 0xff, 0xff, 0xff, 0xff, 0xff, 0xff, 0xff, 0xff, 0xff, 0xff, 0xdf, 0xff, 0xff, 0xff, 0xcf, 0x7b, 0x00, 0x00, 0x61, 0x10, 0x24, 0xe3, 0x44, 0xfb, 0x03, 0xfb, 0xe4, 0xfb, 0x48, 0xfd, 0xe9, 0xfd,
    0x09, 0xfe, 0x4a, 0xfe, 0x0a, 0xfe, 0xc9, 0xfd, 0xa9, 0xfd, 0xea, 0xfd, 0x09, 0xf5, 0xe8, 0xf3, 0x88, 0xfb, 0xe6, 0xfa, 0xe7, 0xfa, 0xe6, 0xfa, 0xe7, 0xfa, 0xe7, 0xfa, 0xa6, 0xfa, 0xeb, 0xf3, 0x92, 0xf5, 0x9a, 0xff, 0xfc, 0xff, 0xfb, 0xff,
    0xfb, 0xff, 0xfb, 0xff, 0xfb, 0xff, 0xfb, 0xff, 0xfb, 0xff, 0xfb, 0xff, 0xfb, 0xff, 0xfb, 0xff, 0xfb, 0xff, 0xfb, 0xff, 0xfc, 0xff, 0xfb, 0xff, 0xfb, 0xff, 0xfb, 0xff, 0xfb, 0xff, 0xfb, 0xff, 0xfb, 0xff, 0xfb, 0xff, 0xfc, 0xff, 0xfc, 0xff,
    0xfc, 0xff, 0xfb, 0xff, 0xfc, 0xff, 0xfc, 0xff, 0xfc, 0xff, 0xfc, 0xff, 0xfc, 0xff, 0xfb, 0xff, 0xfb, 0xff, 0xfb, 0xff, 0xfb, 0xff, 0xfb, 0xff, 0xfb, 0xff, 0xfb, 0xff, 0xfb, 0xff, 0xfb, 0xff, 0xfc, 0xff, 0xfc, 0xff, 0xfc, 0xff, 0xfc, 0xff,
    0xfb, 0xff, 0xfb, 0xff, 0xfb, 0xff, 0xfc, 0xff, 0xfc, 0xff, 0xf7, 0xf6, 0x71, 0xf5, 0x10, 0xf5, 0x8d, 0xf4, 0x4c, 0xf4, 0x0e, 0xf5, 0xb2, 0xf5, 0xd5, 0xf6, 0x0b, 0xfe, 0xa8, 0xfd, 0xca, 0xfd, 0xca, 0xfd, 0xc9, 0xfd, 0x69, 0xed, 0xa4, 0x41,
    0xc4, 0x49, 0x68, 0xb4, 0x4b, 0xfe, 0x8b, 0xfe, 0x69, 0xfd, 0x66, 0xfc, 0xe3, 0x79, 0x00, 0x00, 0x41, 0x08, 0x1c, 0xe7, 0xff, 0xff, 0xff, 0xff, 0xff, 0xff, 0xff, 0xff, 0xff, 0xff, 0xff, 0xff, 0xff, 0xff, 0xff, 0xff, 0xff, 0xff, 0xff, 0xff,
    0xff, 0xff, 0xff, 0xff, 0xff, 0xff, 0xff, 0xff, 0xff, 0xff, 0xff, 0xff, 0xff, 0xff, 0xff, 0xff, 0xff, 0xff, 0xff, 0xff, 0xff, 0xff, 0x18, 0xc6, 0x00, 0x00, 0x00, 0x00, 0x43, 0x9a, 0xe4, 0xfb, 0xe7, 0xf4, 0xe9, 0xfd, 0x09, 0xfe, 0x4a, 0xfe,
    0x89, 0xed, 0xc5, 0x72, 0x66, 0x93, 0xe9, 0xfd, 0xa9, 0xfd, 0xa9, 0xfd, 0xea, 0xfd, 0x0a, 0xfe, 0x51, 0xf6, 0x34, 0xf6, 0x70, 0xed, 0x0f, 0xf5, 0x2f, 0xf5, 0xd2, 0xf5, 0xb6, 0xf6, 0xdb, 0xff, 0xfd, 0xff, 0xfc, 0xff, 0xfb, 0xff, 0xfb, 0xff,
    0xfb, 0xff, 0xfb, 0xff, 0xfb, 0xff, 0xfb, 0xff, 0xfb, 0xff, 0xfb, 0xff, 0xfb, 0xff, 0xfb, 0xff, 0xfb, 0xff, 0xfc, 0xff, 0xfc, 0xff, 0xfb, 0xff, 0xfb, 0xff, 0xfb, 0xff, 0xfb, 0xff, 0xfb, 0xff, 0xfc, 0xff, 0xfc, 0xff, 0xfc, 0xff, 0xfb, 0xff,
    0xfc, 0xff, 0xfc, 0xff, 0xfc, 0xff, 0xfc, 0xff, 0xfc, 0xff, 0xfc, 0xff, 0xfc, 0xff, 0xfb, 0xff, 0xfb, 0xff, 0xfb, 0xff, 0xfb, 0xff, 0xfb, 0xff, 0xfb, 0xff, 0xfb, 0xff, 0xfb, 0xff, 0xfb, 0xff, 0xfc, 0xff, 0xfc, 0xff, 0xfc, 0xff, 0xfc, 0xff,
    0xfc, 0xff, 0xfb, 0xff, 0xfb, 0xff, 0xfb, 0xff, 0xfc, 0xff, 0xfc, 0xff, 0xfd, 0xff, 0xfd, 0xff, 0xfc, 0xff, 0xdb, 0xff, 0xfd, 0xff, 0xfd, 0xff, 0xfc, 0xff, 0x78, 0xff, 0x2e, 0xf6, 0xa9, 0xfd, 0xc9, 0xfd, 0xca, 0xfd, 0xc9, 0xfd, 0x69, 0xed,
    0xe5, 0x82, 0xa2, 0x18, 0x02, 0x29, 0x66, 0x8b, 0xcb, 0xf5, 0x2c, 0xfe, 0x22, 0x29, 0x00, 0x00, 0x07, 0x42, 0xff, 0xff, 0xff, 0xff, 0xff, 0xff, 0xff, 0xff, 0xff, 0xff, 0xff, 0xff, 0xff, 0xff, 0xff, 0xff, 0xff, 0xff, 0xff, 0xff, 0xff, 0xff,
    0xff, 0xff, 0xff, 0xff, 0xff, 0xff, 0xff, 0xff, 0xff, 0xff, 0xff, 0xff, 0xff, 0xff, 0xff, 0xff, 0xff, 0xff, 0xff, 0xff, 0xff, 0xff, 0xdf, 0xff, 0x44, 0x29, 0x00, 0x00, 0x62, 0x41, 0xe9, 0xfd, 0x2a, 0xfe, 0x6a, 0xfe, 0xaa, 0xed, 0xc5, 0x72,
    0xc2, 0x20, 0x04, 0x5a, 0x28, 0xe5, 0xa9, 0xfd, 0xaa, 0xfd, 0x2c, 0xfe, 0x2c, 0xfe, 0x91, 0xf6, 0xfb, 0xff, 0xfd, 0xff, 0xfd, 0xff, 0xfd, 0xff, 0xfd, 0xff, 0xfd, 0xff, 0xfd, 0xff, 0xfc, 0xff, 0xfb, 0xff, 0xfc, 0xff, 0xfc, 0xff, 0xfb, 0xff,
    0xfb, 0xff, 0xfb, 0xff, 0xfb, 0xff, 0xfb, 0xff, 0xfb, 0xff, 0xfb, 0xff, 0xfb, 0xff, 0xfb, 0xff, 0xfb, 0xff, 0xfb, 0xff, 0xfc, 0xff, 0xfb, 0xff, 0xfb, 0xff, 0xfb, 0xff, 0xfb, 0xff, 0xfb, 0xff, 0xfc, 0xff, 0xfc, 0xff, 0xfc, 0xff, 0xfb, 0xff,
    0xfb, 0xff, 0xfc, 0xff, 0xfc, 0xff, 0xfc, 0xff, 0xfc, 0xff, 0xfc, 0xff, 0xfc, 0xff, 0xfb, 0xff, 0xfb, 0xff, 0xfb, 0xff, 0xfb, 0xff, 0xfb, 0xff, 0xfb, 0xff, 0xfb, 0xff, 0xfc, 0xff, 0xfc, 0xff, 0xfc, 0xff, 0xfc, 0xff, 0xfc, 0xff, 0xfc, 0xff,
    0xfc, 0xff, 0xfc, 0xff, 0xfc, 0xff, 0xfc, 0xff, 0xfb, 0xff, 0xfb, 0xff, 0xfb, 0xff, 0xfb, 0xff, 0xfc, 0xff, 0xfc, 0xff, 0xfc, 0xff, 0xfb, 0xff, 0xfb, 0xff, 0xfc, 0xff, 0xfc, 0xff, 0xd1, 0xf6, 0xea, 0xfd, 0xa9, 0xfd, 0xa9, 0xfd, 0xea, 0xfd,
    0x2a, 0xfe, 0x69, 0xf5, 0x25, 0x93, 0x81, 0x18, 0x81, 0x18, 0x25, 0x5a, 0x20, 0x00, 0x00, 0x00, 0x34, 0xa5, 0xff, 0xff, 0xdf, 0xff, 0xff, 0xff, 0xff, 0xff, 0xff, 0xff, 0xff, 0xff, 0xff, 0xff, 0xff, 0xff, 0xff, 0xff, 0xff, 0xff, 0xff, 0xff,
    0xff, 0xff, 0xff, 0xff, 0xff, 0xff, 0xff, 0xff, 0xff, 0xff, 0xff, 0xff, 0xff, 0xff, 0xff, 0xff, 0xff, 0xff, 0xff, 0xff, 0xdf, 0xff, 0xff, 0xff, 0x50, 0x8c, 0x00, 0x00, 0x41, 0x08, 0x29, 0xdd, 0xea, 0xf5, 0xe5, 0x72, 0x81, 0x10, 0x83, 0x41,
    0x88, 0xcc, 0xe9, 0xfd, 0xa8, 0xfd, 0xaa, 0xfd, 0x0c, 0xf6, 0x6e, 0xf6, 0x35, 0xf7, 0xfc, 0xff, 0xfc, 0xff, 0xfb, 0xff, 0xfb, 0xff, 0xfb, 0xff, 0xfb, 0xff, 0xfb, 0xff, 0xfb, 0xff, 0xfc, 0xff, 0xfc, 0xff, 0xfc, 0xff, 0xfc, 0xff, 0xfb, 0xff,
    0xfb, 0xff, 0xfb, 0xff, 0xfb, 0xff, 0xfb, 0xff, 0xfb, 0xff, 0xfc, 0xff, 0xfc, 0xff, 0xfb, 0xff, 0xfb, 0xff, 0xfb, 0xff, 0xfb, 0xff, 0xfb, 0xff, 0xfb, 0xff, 0xfb, 0xff, 0xfb, 0xff, 0xfc, 0xff, 0xfc, 0xff, 0xfb, 0xff, 0xfb, 0xff, 0xfb, 0xff,
    0xfb, 0xff, 0xfb, 0xff, 0xfc, 0xff, 0xfc, 0xff, 0xfc, 0xff, 0xfc, 0xff, 0xfb, 0xff, 0xfb, 0xff, 0xfb, 0xff, 0xfb, 0xff, 0xfb, 0xff, 0xfb, 0xff, 0xfb, 0xff, 0xfb, 0xff, 0xfb, 0xff, 0xfc, 0xff, 0xfc, 0xff, 0xfc, 0xff, 0xfc, 0xff, 0xfc, 0xff,
    0xfc, 0xff, 0xfc, 0xff, 0xfc, 0xff, 0xfc, 0xff, 0xfb, 0xff, 0xfb, 0xff, 0xfc, 0xff, 0xfc, 0xff, 0xfc, 0xff, 0xfc, 0xff, 0xfc, 0xff, 0xfc, 0xff, 0xfb, 0xff, 0xfb, 0xff, 0xfb, 0xff, 0xfc, 0xff, 0x77, 0xff, 0x0d, 0xf6, 0x68, 0xfd, 0xca, 0xfd,
    0xcb, 0xf5, 0x0b, 0xfe, 0xc9, 0xfd, 0x08, 0xfd, 0x26, 0x9b, 0x40, 0x08, 0x00, 0x00, 0x20, 0x00, 0x79, 0xce, 0xff, 0xff, 0xff, 0xff, 0xff, 0xff, 0xff, 0xff, 0xff, 0xff, 0xff, 0xff, 0xff, 0xff, 0xff, 0xff, 0xff, 0xff, 0xff, 0xff, 0xff, 0xff,
    0xff, 0xff, 0xff, 0xff, 0xff, 0xff, 0xff, 0xff, 0xff, 0xff, 0xff, 0xff, 0xff, 0xff, 0xff, 0xff, 0xff, 0xff, 0xff, 0xff, 0xff, 0xff, 0xff, 0xff, 0x7d, 0xef, 0xe3, 0x18, 0x00, 0x00, 0x83, 0x39, 0xc2, 0x18, 0xc1, 0x20, 0xe6, 0xb3, 0x09, 0xfe,
    0xe9, 0xfd, 0xa9, 0xfd, 0x0b, 0xfe, 0x2d, 0xf6, 0x4e, 0xf6, 0x77, 0xff, 0xfc, 0xff, 0xfb, 0xff, 0xfb, 0xff, 0xfb, 0xff, 0xfc, 0xff, 0xfc, 0xff, 0xfb, 0xff, 0xfc, 0xff, 0xfc, 0xff, 0xfc, 0xff, 0xfc, 0xff, 0xfc, 0xff, 0xfb, 0xff, 0xfb, 0xff,
    0xfb, 0xff, 0xfb, 0xff, 0xfb, 0xff, 0xfb, 0xff, 0xfb, 0xff, 0xfb, 0xff, 0xfb, 0xff, 0xfb, 0xff, 0xfb, 0xff, 0xfb, 0xff, 0xfb, 0xff, 0xfb, 0xff, 0xfb, 0xff, 0xfb, 0xff, 0xfb, 0xff, 0xfb, 0xff, 0xfb, 0xff, 0xfb, 0xff, 0xfb, 0xff, 0xfb, 0xff,
    0xfb, 0xff, 0xfb, 0xff, 0xfb, 0xff, 0xfb, 0xff, 0xfb, 0xff, 0xfc, 0xff, 0xfb, 0xff, 0xfb, 0xff, 0xfb, 0xff, 0xfb, 0xff, 0xfb, 0xff, 0xfb, 0xff, 0xfb, 0xff, 0xfb, 0xff, 0xfb, 0xff, 0xfb, 0xff, 0xfc, 0xff, 0xfc, 0xff, 0xfc, 0xff, 0xfc, 0xff,
    0xfc, 0xff, 0xfc, 0xff, 0xfc, 0xff, 0xfc, 0xff, 0xfc, 0xff, 0xfc, 0xff, 0xfc, 0xff, 0xfc, 0xff, 0xfc, 0xff, 0xfc, 0xff, 0xfc, 0xff, 0xfc, 0xff, 0xfc, 0xff, 0xfc, 0xff, 0xfb, 0xff, 0xfb, 0xff, 0xfc, 0xff, 0xdb, 0xff, 0x50, 0xf6, 0xaa, 0xf5,
    0x0b, 0xfe, 0x0b, 0xfe, 0x0c, 0xf6, 0x89, 0xfd, 0xc8, 0xec, 0x81, 0x10, 0x00, 0x00, 0xc2, 0x18, 0x61, 0x08, 0x4d, 0x6b, 0x5d, 0xef, 0xff, 0xff, 0xff, 0xff, 0xff, 0xff, 0xff, 0xff, 0xff, 0xff, 0xff, 0xff, 0xff, 0xff, 0xff, 0xff, 0xff, 0xff,
    0xff, 0xff, 0xff, 0xff, 0xff, 0xff, 0xff, 0xff, 0xff, 0xff, 0xff, 0xff, 0xff, 0xff, 0xff, 0xff, 0xff, 0xff, 0xff, 0xff, 0xff, 0xff, 0xff, 0xff, 0xff, 0xff, 0x28, 0x42, 0x00, 0x00, 0x00, 0x00, 0xc5, 0x7a, 0xc9, 0xfd, 0xc8, 0xfd, 0x88, 0xfd,
    0xea, 0xfd, 0x2b, 0xfe, 0x0c, 0xf6, 0x4f, 0xf6, 0x78, 0xff, 0xfc, 0xff, 0xfb, 0xff, 0xfb, 0xff, 0xfb, 0xff, 0xfb, 0xff, 0xfc, 0xff, 0xfc, 0xff, 0xfc, 0xff, 0xfc, 0xff, 0xfc, 0xff, 0xfc, 0xff, 0xfc, 0xff, 0xfb, 0xff, 0xfb, 0xff, 0xfb, 0xff,
    0xfb, 0xff, 0xfb, 0xff, 0xfb, 0xff, 0xfb, 0xff, 0xfb, 0xff, 0xfb, 0xff, 0xfb, 0xff, 0xfb, 0xff, 0xfb, 0xff, 0xfb, 0xff, 0xfb, 0xff, 0xfb, 0xff, 0xfb, 0xff, 0xfb, 0xff, 0xfb, 0xff, 0xfb, 0xff, 0xfb, 0xff, 0xfb, 0xff, 0xfb, 0xff, 0xfb, 0xff,
    0xfb, 0xff, 0xfb, 0xff, 0xfb, 0xff, 0xfb, 0xff, 0xfb, 0xff, 0xfc, 0xff, 0xfc, 0xff, 0xfb, 0xff, 0xfb, 0xff, 0xfb, 0xff, 0xfb, 0xff, 0xfb, 0xff, 0xfb, 0xff, 0xfb, 0xff, 0xfb, 0xff, 0xfb, 0xff, 0xfb, 0xff, 0xfb, 0xff, 0xfc, 0xff, 0xfc, 0xff,
    0xfc, 0xff, 0xfc, 0xff, 0xfc, 0xff, 0xfc, 0xff, 0xfb, 0xff, 0xfc, 0xff, 0xfc, 0xff, 0xfc, 0xff, 0xfc, 0xff, 0xfc, 0xff, 0xfc, 0xff, 0xfc, 0xff, 0xfb, 0xff, 0xfb, 0xff, 0xfb, 0xff, 0xfb, 0xff, 0xfb, 0xff, 0xfc, 0xff, 0xfc, 0xff, 0x35, 0xff,
    0x4e, 0xfe, 0xea, 0xfd, 0xeb, 0xf5, 0x6d, 0xfe, 0x24, 0x5a, 0x00, 0x00, 0x40, 0x00, 0xba, 0xd6, 0xb6, 0xb5, 0xe3, 0x18, 0x61, 0x08, 0x14, 0xa5, 0xff, 0xff, 0xff, 0xff, 0xff, 0xff, 0xff, 0xff, 0xff, 0xff, 0xff, 0xff, 0xff, 0xff, 0xff, 0xff,
    0xff, 0xff, 0xff, 0xff, 0xff, 0xff, 0xff, 0xff, 0xff, 0xff, 0xff, 0xff, 0xff, 0xff, 0xff, 0xff, 0xff, 0xff, 0xff, 0xff, 0xff, 0xff, 0x38, 0xc6, 0x85, 0x29, 0x24, 0x21, 0x81, 0x10, 0x00, 0x00, 0xa5, 0x72, 0x09, 0xfe, 0x67, 0xf5, 0xea, 0xfd,
    0x0b, 0xfe, 0xca, 0xfd, 0xb1, 0xf6, 0xda, 0xff, 0xfc, 0xff, 0xfb, 0xff, 0xfb, 0xff, 0xfb, 0xff, 0xfb, 0xff, 0xfb, 0xff, 0xfc, 0xff, 0xfc, 0xff, 0xfb, 0xff, 0xfb, 0xff, 0xfb, 0xff, 0xfb, 0xff, 0xfb, 0xff, 0xfb, 0xff, 0xfb, 0xff, 0xfb, 0xff,
    0xfb, 0xff, 0xfb, 0xff, 0xfb, 0xff, 0xfb, 0xff, 0xfb, 0xff, 0xfb, 0xff, 0xfb, 0xff, 0xfb, 0xff, 0xfb, 0xff, 0xfb, 0xff, 0xfb, 0xff, 0xfb, 0xff, 0xfb, 0xff, 0xfb, 0xff, 0xfb, 0xff, 0xfb, 0xff, 0xfb, 0xff, 0xfb, 0xff, 0xfb, 0xff, 0xfb, 0xff,
    0xfb, 0xff, 0xfb, 0xff, 0xfb, 0xff, 0xfb, 0xff, 0xfb, 0xff, 0xfb, 0xff, 0xfb, 0xff, 0xfb, 0xff, 0xfb, 0xff, 0xfb, 0xff, 0xfb, 0xff, 0xfb, 0xff, 0xfb, 0xff, 0xfb, 0xff, 0xfb, 0xff, 0xfc, 0xff, 0xfb, 0xff, 0xfb, 0xff, 0xfb, 0xff, 0xfb, 0xff,
    0xfb, 0xff, 0xfc, 0xff, 0xfc, 0xff, 0xfb, 0xff, 0xfb, 0xff, 0xfb, 0xff, 0xfc, 0xff, 0xfb, 0xff, 0xfc, 0xff, 0xfc, 0xff, 0xfc, 0xff, 0xfc, 0xff, 0xfb, 0xff, 0xfb, 0xff, 0xfb, 0xff, 0xfb, 0xff, 0xfb, 0xff, 0xfb, 0xff, 0xfb, 0xff, 0xfd, 0xff,
    0xdb, 0xff, 0x14, 0xf7, 0x0b, 0xfe, 0x88, 0xc4, 0x21, 0x00, 0x00, 0x00, 0x6d, 0x6b, 0xff, 0xff, 0xff, 0xff, 0xff, 0xff, 0x51, 0x8c, 0x00, 0x00, 0x6d, 0x6b, 0xff, 0xff, 0xff, 0xff, 0xff, 0xff, 0xff, 0xff, 0xff, 0xff, 0xff, 0xff, 0xff, 0xff,
    0xff, 0xff, 0xff, 0xff, 0xff, 0xff, 0xff, 0xff, 0xff, 0xff, 0xff, 0xff, 0xff, 0xff, 0xff, 0xff, 0xff, 0xff, 0x9d, 0xf7, 0xcb, 0x5a, 0x61, 0x08, 0x8e, 0x73, 0xbe, 0xf7, 0x8e, 0x73, 0x00, 0x00, 0x00, 0x00, 0xa9, 0xc4, 0x4b, 0xfe, 0xea, 0xfd,
    0xc9, 0xfd, 0xf3, 0xf6, 0xfb, 0xff, 0xfc, 0xff, 0xfb, 0xff, 0xfc, 0xff, 0xfc, 0xff, 0xfb, 0xff, 0xfb, 0xff, 0xfc, 0xff, 0xfc, 0xff, 0xfc, 0xff, 0xfb, 0xff, 0xfb, 0xff, 0xfb, 0xff, 0xfb, 0xff, 0xfb, 0xff, 0xfb, 0xff, 0xfb, 0xff, 0xfb, 0xff,
    0xfb, 0xff, 0xfb, 0xff, 0xfb, 0xff, 0xfb, 0xff, 0xfb, 0xff, 0xfb, 0xff, 0xfb, 0xff, 0xfb, 0xff, 0xfb, 0xff, 0xfb, 0xff, 0xfb, 0xff, 0xfb, 0xff, 0xfb, 0xff, 0xfb, 0xff, 0xfb, 0xff, 0xfb, 0xff, 0xfb, 0xff, 0xfb, 0xff, 0xfb, 0xff, 0xfb, 0xff,
    0xfb, 0xff, 0xfb, 0xff, 0xfb, 0xff, 0xfb, 0xff, 0xfb, 0xff, 0xfb, 0xff, 0xfb, 0xff, 0xfb, 0xff, 0xfb, 0xff, 0xfb, 0xff, 0xfb, 0xff, 0xfb, 0xff, 0xfb, 0xff, 0xfb, 0xff, 0xfb, 0xff, 0xfb, 0xff, 0xfb, 0xff, 0xfb, 0xff, 0xfb, 0xff, 0xfb, 0xff,
    0xfb, 0xff, 0xfc, 0xff, 0xfc, 0xff, 0xfb, 0xff, 0xfb, 0xff, 0xfb, 0xff, 0xfc, 0xff, 0xfc, 0xff, 0xfc, 0xff, 0xfc, 0xff, 0xfc, 0xff, 0xfb, 0xff, 0xfb, 0xff, 0xfb, 0xff, 0xfb, 0xff, 0xfc, 0xff, 0xfc, 0xff, 0xfc, 0xff, 0xfc, 0xff, 0xfb, 0xff,
    0xfc, 0xff, 0xfd, 0xff, 0xda, 0xff, 0x63, 0x31, 0x00, 0x00, 0xa2, 0x10, 0x3c, 0xe7, 0xff, 0xff, 0xdf, 0xff, 0xff, 0xff, 0xff, 0xff, 0xba, 0xd6, 0x34, 0xa5, 0xff, 0xff, 0xff, 0xff, 0xff, 0xff, 0xff, 0xff, 0xff, 0xff, 0xff, 0xff, 0xff, 0xff,
    0xff, 0xff, 0xff, 0xff, 0xff, 0xff, 0xff, 0xff, 0xff, 0xff, 0xff, 0xff, 0xff, 0xff, 0xff, 0xff, 0x79, 0xce, 0xc3, 0x18, 0xc7, 0x39, 0x9a, 0xd6, 0xff, 0xff, 0xff, 0xff, 0x5d, 0xef, 0xa2, 0x10, 0x00, 0x00, 0x23, 0x29, 0x0b, 0xf6, 0xe9, 0xfd,
    0x35, 0xff, 0xfb, 0xff, 0xfb, 0xff, 0xfb, 0xff, 0xfc, 0xff, 0xfb, 0xff, 0xfb, 0xff, 0xfb, 0xff, 0xfb, 0xff, 0xfc, 0xff, 0xfc, 0xff, 0xfc, 0xff, 0xfb, 0xff, 0xfb, 0xff, 0xfb, 0xff, 0xfb, 0xff, 0xfb, 0xff, 0xfb, 0xff, 0xfb, 0xff, 0xfb, 0xff,
    0xfb, 0xff, 0xfb, 0xff, 0xfb, 0xff, 0xfb, 0xff, 0xfb, 0xff, 0xfb, 0xff, 0xfb, 0xff, 0xfb, 0xff, 0xfb, 0xff, 0xfb, 0xff, 0xfb, 0xff, 0xfb, 0xff, 0xfb, 0xff, 0xfb, 0xff, 0xfc, 0xff, 0xfb, 0xff, 0xfb, 0xff, 0xfb, 0xff, 0xfb, 0xff, 0xfb, 0xff,
    0xfb, 0xff, 0xfb, 0xff, 0xfb, 0xff, 0xfb, 0xff, 0xfb, 0xff, 0xfb, 0xff, 0xfb, 0xff, 0xfb, 0xff, 0xfb, 0xff, 0xfb, 0xff, 0xfb, 0xff, 0xfb, 0xff, 0xfb, 0xff, 0xfb, 0xff, 0xfb, 0xff, 0xfb, 0xff, 0xfb, 0xff, 0xfb, 0xff, 0xfb, 0xff, 0xfb, 0xff,
    0xfb, 0xff, 0xfb, 0xff, 0xfc, 0xff, 0xfc, 0xff, 0xfc, 0xff, 0xfc, 0xff, 0xfb, 0xff, 0xfb, 0xff, 0xfb, 0xff, 0xfb, 0xff, 0xfb, 0xff, 0xfb, 0xff, 0xfb, 0xff, 0xfb, 0xff, 0xfc, 0xff, 0xfc, 0xff, 0xfc, 0xff, 0xfc, 0xff, 0xfc, 0xff, 0xfb, 0xff,
    0xdb, 0xff, 0xfd, 0xff, 0xee, 0x7b, 0x00, 0x00, 0x00, 0x00, 0xf3, 0x9c, 0xff, 0xff, 0xdf, 0xff, 0xff, 0xff, 0xff, 0xff, 0xff, 0xff, 0xff, 0xff, 0xff, 0xff, 0xff, 0xff, 0xff, 0xff, 0xff, 0xff, 0xff, 0xff, 0xff, 0xff, 0xff, 0xff, 0xff, 0xff,
    0xff, 0xff, 0xff, 0xff, 0xff, 0xff, 0xff, 0xff, 0xff, 0xff, 0xff, 0xff, 0xff, 0xff, 0xff, 0xff, 0x38, 0xc6, 0xd3, 0x9c, 0xff, 0xff, 0xff, 0xff, 0xdf, 0xff, 0xdf, 0xff, 0xff, 0xff, 0xf3, 0x9c, 0x00, 0x00, 0x00, 0x00, 0xa5, 0x6a, 0xb7, 0xff,
    0xfc, 0xff, 0xfb, 0xff, 0xfb, 0xff, 0xfb, 0xff, 0xfc, 0xff, 0xfc, 0xff, 0xfb, 0xff, 0xfb, 0xff, 0xfb, 0xff, 0xfb, 0xff, 0xfc, 0xff, 0xfc, 0xff, 0xfb, 0xff, 0xfb, 0xff, 0xfb, 0xff, 0xfb, 0xff, 0xfb, 0xff, 0xfb, 0xff, 0xfb, 0xff, 0xfb, 0xff,
    0xfb, 0xff, 0xfb, 0xff, 0xfb, 0xff, 0xfb, 0xff, 0xfb, 0xff, 0xfb, 0xff, 0xfb, 0xff, 0xfb, 0xff, 0xfb, 0xff, 0xfb, 0xff, 0xfb, 0xff, 0xfb, 0xff, 0xfb, 0xff, 0xfb, 0xff, 0xfb, 0xff, 0xfb, 0xff, 0xfb, 0xff, 0xfb, 0xff, 0xfb, 0xff, 0xfb, 0xff,
    0xfb, 0xff, 0xfb, 0xff, 0xfb, 0xff, 0xfb, 0xff, 0xfb, 0xff, 0xfb, 0xff, 0xfb, 0xff, 0xfb, 0xff, 0xfb, 0xff, 0xfb, 0xff, 0xfb, 0xff, 0xfb, 0xff, 0xfb, 0xff, 0xfb, 0xff, 0xfb, 0xff, 0xfb, 0xff, 0xfb, 0xff, 0xfb, 0xff, 0xfb, 0xff, 0xfb, 0xff,
    0xfb, 0xff, 0xfb, 0xff, 0xfb, 0xff, 0xfc, 0xff, 0xfc, 0xff, 0xfc, 0xff, 0xfb, 0xff, 0xfb, 0xff, 0xfb, 0xff, 0xfc, 0xff, 0xfc, 0xff, 0xfc, 0xff, 0xfc, 0xff, 0xfc, 0xff, 0xfb, 0xff, 0xfc, 0xff, 0xfc, 0xff, 0xfc, 0xff, 0xfc, 0xff, 0xdb, 0xff,
    0xfd, 0xff, 0x36, 0xc6, 0x20, 0x00, 0x00, 0x00, 0x48, 0x4a, 0xff, 0xff, 0xdf, 0xff, 0xff, 0xff, 0xdf, 0xff, 0xff, 0xff, 0xff, 0xff, 0xff, 0xff, 0xff, 0xff, 0xff, 0xff, 0xff, 0xff, 0xff, 0xff, 0xff, 0xff, 0xff, 0xff, 0xff, 0xff, 0xff, 0xff,
    0xff, 0xff, 0xff, 0xff, 0xff, 0xff, 0xff, 0xff, 0xff, 0xff, 0xff, 0xff, 0xff, 0xff, 0xff, 0xff, 0xff, 0xff, 0xff, 0xff, 0xff, 0xff, 0xff, 0xff, 0xff, 0xff, 0xff, 0xff, 0xff, 0xff, 0xff, 0xff, 0xca, 0x5a, 0x00, 0x00, 0x00, 0x00, 0xf1, 0x9c,
    0xfe, 0xff, 0xdb, 0xff, 0xfb, 0xff, 0xfb, 0xff, 0xfb, 0xff, 0xfb, 0xff, 0xfb, 0xff, 0xfb, 0xff, 0xfb, 0xff, 0xfb, 0xff, 0xfb, 0xff, 0xfb, 0xff, 0xfb, 0xff, 0xfb, 0xff, 0xfb, 0xff, 0xfb, 0xff, 0xfb, 0xff, 0xfb, 0xff, 0xfb, 0xff, 0xfb, 0xff,
    0xfb, 0xff, 0xfb, 0xff, 0xfb, 0xff, 0xfb, 0xff, 0xfb, 0xff, 0xfb, 0xff, 0xfb, 0xff, 0xfb, 0xff, 0xfb, 0xff, 0xfb, 0xff, 0xfb, 0xff, 0xfb, 0xff, 0xfb, 0xff, 0xfb, 0xff, 0xfb, 0xff, 0xfb, 0xff, 0xfb, 0xff, 0xfb, 0xff, 0xfb, 0xff, 0xfb, 0xff,
    0xfb, 0xff, 0xfb, 0xff, 0xfb, 0xff, 0xfb, 0xff, 0xfb, 0xff, 0xfb, 0xff, 0xfb, 0xff, 0xfb, 0xff, 0xfb, 0xff, 0xfb, 0xff, 0xfc, 0xff, 0xfb, 0xff, 0xfb, 0xff, 0xfb, 0xff, 0xfb, 0xff, 0xfb, 0xff, 0xfb, 0xff, 0xfb, 0xff, 0xfb, 0xff, 0xfb, 0xff,
    0xfb, 0xff, 0xfb, 0xff, 0xfb, 0xff, 0xfb, 0xff, 0xfb, 0xff, 0xfb, 0xff, 0xfb, 0xff, 0xfb, 0xff, 0xfb, 0xff, 0xfb, 0xff, 0xfc, 0xff, 0xfc, 0xff, 0xfc, 0xff, 0xfb, 0xff, 0xfb, 0xff, 0xfb, 0xff, 0xfb, 0xff, 0xfb, 0xff, 0xfb, 0xff, 0xfc, 0xff,
    0x3a, 0xe7, 0x24, 0x21, 0x00, 0x00, 0xa2, 0x10, 0x3c, 0xe7, 0xff, 0xff, 0xff, 0xff, 0xf7, 0xbd, 0x75, 0xad, 0xff, 0xff, 0xff, 0xff, 0xff, 0xff, 0xff, 0xff, 0xff, 0xff, 0xff, 0xff, 0xff, 0xff, 0xff, 0xff, 0xff, 0xff, 0xff, 0xff, 0xff, 0xff,
    0xff, 0xff, 0xff, 0xff, 0xff, 0xff, 0xff, 0xff, 0xff, 0xff, 0xff, 0xff, 0xff, 0xff, 0xff, 0xff, 0xff, 0xff, 0xdf, 0xff, 0xff, 0xff, 0x9e, 0xf7, 0xff, 0xff, 0xff, 0xff, 0xff, 0xff, 0xff, 0xff, 0x9e, 0xf7, 0x86, 0x31, 0x00, 0x00, 0x20, 0x00,
    0x73, 0xad, 0xfe, 0xff, 0xdb, 0xff, 0xfb, 0xff, 0xfb, 0xff, 0xfb, 0xff, 0xfb, 0xff, 0xfb, 0xff, 0xfb, 0xff, 0xfb, 0xff, 0xfb, 0xff, 0xfb, 0xff, 0xfb, 0xff, 0xfb, 0xff, 0xfb, 0xff, 0xfb, 0xff, 0xfb, 0xff, 0xfb, 0xff, 0xfb, 0xff, 0xfb, 0xff,
    0xfb, 0xff, 0xfb, 0xff, 0xfb, 0xff, 0xfb, 0xff, 0xfb, 0xff, 0xfb, 0xff, 0xfb, 0xff, 0xfb, 0xff, 0xfb, 0xff, 0xfb, 0xff, 0xfb, 0xff, 0xfb, 0xff, 0xfb, 0xff, 0xfb, 0xff, 0xfb, 0xff, 0xfb, 0xff, 0xfb, 0xff, 0xfb, 0xff, 0xfb, 0xff, 0xfb, 0xff,
    0xfb, 0xff, 0xfb, 0xff, 0xfb, 0xff, 0xfb, 0xff, 0xfb, 0xff, 0xfb, 0xff, 0xfb, 0xff, 0xfb, 0xff, 0xfb, 0xff, 0xfb, 0xff, 0xfb, 0xff, 0xfb, 0xff, 0xfb, 0xff, 0xfb, 0xff, 0xfb, 0xff, 0xfb, 0xff, 0xfb, 0xff, 0xfb, 0xff, 0xfb, 0xff, 0xfb, 0xff,
    0xfb, 0xff, 0xfb, 0xff, 0xfb, 0xff, 0xfb, 0xff, 0xfb, 0xff, 0xfb, 0xff, 0xfb, 0xff, 0xfb, 0xff, 0xfb, 0xff, 0xfb, 0xff, 0xfc, 0xff, 0xfb, 0xff, 0xfb, 0xff, 0xfb, 0xff, 0xfb, 0xff, 0xfb, 0xff, 0xfb, 0xff, 0xfa, 0xff, 0xfc, 0xff, 0x9b, 0xef,
    0x85, 0x31, 0x00, 0x00, 0x20, 0x00, 0xf7, 0xbd, 0xff, 0xff, 0xdf, 0xff, 0xbe, 0xf7, 0x28, 0x42, 0x1c, 0xe7, 0xff, 0xff, 0xff, 0xff, 0xff, 0xff, 0xff, 0xff, 0xff, 0xff, 0xff, 0xff, 0xff, 0xff, 0xff, 0xff, 0xff, 0xff, 0xff, 0xff, 0xff, 0xff,
    0xff, 0xff, 0xff, 0xff, 0xff, 0xff, 0xff, 0xff, 0xff, 0xff, 0xff, 0xff, 0xff, 0xff, 0xff, 0xff, 0xff, 0xff, 0xdf, 0xff, 0xff, 0xff, 0xb6, 0xbd, 0x0f, 0x84, 0xff, 0xff, 0xdf, 0xff, 0xff, 0xff, 0xff, 0xff, 0x1b, 0xe7, 0x03, 0x19, 0x00, 0x00,
    0x40, 0x08, 0xb4, 0xb5, 0xfe, 0xff, 0xdb, 0xff, 0xfb, 0xff, 0xfb, 0xff, 0xfb, 0xff, 0xfb, 0xff, 0xfb, 0xff, 0xfb, 0xff, 0xfb, 0xff, 0xfb, 0xff, 0xfb, 0xff, 0xfb, 0xff, 0xfb, 0xff, 0xfb, 0xff, 0xfb, 0xff, 0xfb, 0xff, 0xfb, 0xff, 0xfb, 0xff,
    0xfb, 0xff, 0xfb, 0xff, 0xfb, 0xff, 0xfb, 0xff, 0xfb, 0xff, 0xfb, 0xff, 0xfb, 0xff, 0xfb, 0xff, 0xfb, 0xff, 0xfb, 0xff, 0xfb, 0xff, 0xfb, 0xff, 0xfb, 0xff, 0xfb, 0xff, 0xfb, 0xff, 0xfb, 0xff, 0xfb, 0xff, 0xfb, 0xff, 0xfb, 0xff, 0xfb, 0xff,
    0xfb, 0xff, 0xfb, 0xff, 0xfb, 0xff, 0xfb, 0xff, 0xfb, 0xff, 0xfb, 0xff, 0xfb, 0xff, 0xfb, 0xff, 0xfb, 0xff, 0xfb, 0xff, 0xfb, 0xff, 0xfb, 0xff, 0xfb, 0xff, 0xfb, 0xff, 0xfb, 0xff, 0xfb, 0xff, 0xfb, 0xff, 0xfb, 0xff, 0xfb, 0xff, 0xfb, 0xff,
    0xfb, 0xff, 0xfb, 0xff, 0xfb, 0xff, 0xfb, 0xff, 0xfb, 0xff, 0xfb, 0xff, 0xfb, 0xff, 0xfb, 0xff, 0xfb, 0xff, 0xfb, 0xff, 0xfb, 0xff, 0xfb, 0xff, 0xfb, 0xff, 0xfb, 0xff, 0xfb, 0xff, 0xfb, 0xff, 0xda, 0xff, 0xfc, 0xff, 0x7b, 0xef, 0xe6, 0x39,
    0x00, 0x00, 0x00, 0x00, 0xd3, 0x9c, 0xff, 0xff, 0xbe, 0xf7, 0xff, 0xff, 0xcb, 0x5a, 0x50, 0x8c, 0xff, 0xff, 0xff, 0xff, 0xff, 0xff, 0xff, 0xff, 0xff, 0xff, 0xff, 0xff, 0xff, 0xff, 0xff, 0xff, 0xff, 0xff, 0xff, 0xff, 0xff, 0xff, 0xff, 0xff,
    0xff, 0xff, 0xff, 0xff, 0xff, 0xff, 0xff, 0xff, 0xff, 0xff, 0xff, 0xff, 0xff, 0xff, 0xff, 0xff, 0xff, 0xff, 0xff, 0xff, 0xff, 0xff, 0xff, 0xff, 0x08, 0x42, 0xd3, 0x9c, 0xff, 0xff, 0xdf, 0xff, 0xff, 0xff, 0xff, 0xff, 0xdb, 0xde, 0x03, 0x21,
    0x00, 0x00, 0x40, 0x08, 0x53, 0xad, 0xfe, 0xff, 0xdb, 0xff, 0xfb, 0xff, 0xfc, 0xff, 0xfb, 0xff, 0xfb, 0xff, 0xfb, 0xff, 0xfb, 0xff, 0xfb, 0xff, 0xfc, 0xff, 0xfb, 0xff, 0xfb, 0xff, 0xfb, 0xff, 0xfb, 0xff, 0xfb, 0xff, 0xfa, 0xff, 0xfb, 0xff,
    0xfb, 0xff, 0xfb, 0xff, 0xfa, 0xff, 0xfb, 0xff, 0xfb, 0xff, 0xfb, 0xff, 0xfb, 0xff, 0xfb, 0xff, 0xfb, 0xff, 0xfb, 0xff, 0xfb, 0xff, 0xfb, 0xff, 0xfb, 0xff, 0xfb, 0xff, 0xfb, 0xff, 0xfb, 0xff, 0xfb, 0xff, 0xfc, 0xff, 0xfc, 0xff, 0xfc, 0xff,
    0xfc, 0xff, 0xfc, 0xff, 0xfb, 0xff, 0xfb, 0xff, 0xfc, 0xff, 0xfc, 0xff, 0xfb, 0xff, 0xfb, 0xff, 0xfb, 0xff, 0xfb, 0xff, 0xfc, 0xff, 0xfc, 0xff, 0xfb, 0xff, 0xfb, 0xff, 0xfb, 0xff, 0xfb, 0xff, 0xfb, 0xff, 0xfb, 0xff, 0xfb, 0xff, 0xfb, 0xff,
    0xfb, 0xff, 0xfb, 0xff, 0xfb, 0xff, 0xfb, 0xff, 0xfb, 0xff, 0xfb, 0xff, 0xfb, 0xff, 0xfb, 0xff, 0xfb, 0xff, 0xfb, 0xff, 0xfb, 0xff, 0xfb, 0xff, 0xfb, 0xff, 0xfb, 0xff, 0xfb, 0xff, 0xda, 0xff, 0xfc, 0xff, 0x3a, 0xe7, 0xa6, 0x31, 0x00, 0x00,
    0x00, 0x00, 0x51, 0x8c, 0xff, 0xff, 0xbe, 0xf7, 0xff, 0xff, 0x92, 0x94, 0xa6, 0x31, 0xff, 0xff, 0xff, 0xff, 0xbe, 0xff, 0xff, 0xff, 0xff, 0xff, 0xff, 0xff, 0xff, 0xff, 0xff, 0xff, 0xff, 0xff, 0xff, 0xff, 0xff, 0xff, 0xff, 0xff, 0xff, 0xff,
    0xff, 0xff, 0xff, 0xff, 0xff, 0xff, 0xff, 0xff, 0xff, 0xff, 0xff, 0xff, 0xff, 0xff, 0xff, 0xff, 0xff, 0xff, 0xba, 0xd6, 0xdf, 0xff, 0xff, 0xff, 0xfb, 0xde, 0x81, 0x10, 0x96, 0xb5, 0xff, 0xff, 0xdf, 0xff, 0xff, 0xff, 0xff, 0xff, 0xfb, 0xde,
    0x44, 0x21, 0x00, 0x00, 0x00, 0x00, 0x4f, 0x8c, 0xfd, 0xff, 0xfc, 0xff, 0xdb, 0xff, 0xfb, 0xff, 0xfb, 0xff, 0xfb, 0xff, 0xfb, 0xff, 0xfb, 0xff, 0xfb, 0xff, 0xfb, 0xff, 0xfb, 0xff, 0xfb, 0xff, 0xfb, 0xff, 0xfb, 0xff, 0xfb, 0xff, 0xfb, 0xff,
    0xfb, 0xff, 0xfb, 0xff, 0xfb, 0xff, 0xfb, 0xff, 0xfb, 0xff, 0xfb, 0xff, 0xfb, 0xff, 0xfb, 0xff, 0xfb, 0xff, 0xfb, 0xff, 0xfb, 0xff, 0xfb, 0xff, 0xfb, 0xff, 0xfb, 0xff, 0xfc, 0xff, 0xfb, 0xff, 0xfc, 0xff, 0xfc, 0xff, 0xfc, 0xff, 0xfc, 0xff,
    0xfc, 0xff, 0xfc, 0xff, 0xfb, 0xff, 0xfb, 0xff, 0xfb, 0xff, 0xfb, 0xff, 0xfb, 0xff, 0xfb, 0xff, 0xfb, 0xff, 0xfb, 0xff, 0xfb, 0xff, 0xfb, 0xff, 0xfb, 0xff, 0xfb, 0xff, 0xfb, 0xff, 0xfb, 0xff, 0xfb, 0xff, 0xfb, 0xff, 0xfb, 0xff, 0xfb, 0xff,
    0xfb, 0xff, 0xfb, 0xff, 0xfc, 0xff, 0xfb, 0xff, 0xfb, 0xff, 0xfb, 0xff, 0xfb, 0xff, 0xfb, 0xff, 0xfb, 0xff, 0xfb, 0xff, 0xfb, 0xff, 0xfb, 0xff, 0xfb, 0xff, 0xfb, 0xff, 0xda, 0xff, 0xfd, 0xff, 0x77, 0xce, 0x24, 0x21, 0x00, 0x00, 0x00, 0x00,
    0x30, 0x84, 0xff, 0xff, 0xbe, 0xf7, 0xff, 0xff, 0x96, 0xb5, 0xa2, 0x10, 0x1b, 0xe7, 0xff, 0xff, 0x34, 0xa5, 0xf3, 0x9c, 0xff, 0xff, 0xff, 0xff, 0xff, 0xff, 0xff, 0xff, 0xff, 0xff, 0xff, 0xff, 0xff, 0xff, 0xff, 0xff, 0xff, 0xff, 0xff, 0xff,
    0xff, 0xff, 0xff, 0xff, 0xff, 0xff, 0xff, 0xff, 0xff, 0xff, 0xff, 0xff, 0xff, 0xff, 0xff, 0xff, 0xff, 0xff, 0xd2, 0x9c, 0x0f, 0x84, 0xff, 0xff, 0xff, 0xff, 0xf7, 0xbd, 0x20, 0x00, 0x75, 0xad, 0xff, 0xff, 0xdf, 0xff, 0xdf, 0xff, 0xff, 0xff,
    0x5d, 0xef, 0x07, 0x42, 0x00, 0x00, 0x00, 0x00, 0xca, 0x5a, 0x3a, 0xe7, 0xfd, 0xff, 0xfb, 0xff, 0xfb, 0xff, 0xfb, 0xff, 0xfb, 0xff, 0xfb, 0xff, 0xfb, 0xff, 0xfb, 0xff, 0xfb, 0xff, 0xfb, 0xff, 0xfb, 0xff, 0xfb, 0xff, 0xfb, 0xff, 0xfb, 0xff,
    0xfb, 0xff, 0xfb, 0xff, 0xfb, 0xff, 0xfb, 0xff, 0xfb, 0xff, 0xfb, 0xff, 0xfb, 0xff, 0xfb, 0xff, 0xfb, 0xff, 0xfb, 0xff, 0xfb, 0xff, 0xfb, 0xff, 0xfb, 0xff, 0xfb, 0xff, 0xfb, 0xff, 0xfc, 0xff, 0xfc, 0xff, 0xfc, 0xff, 0xfc, 0xff, 0xfc, 0xff,
    0xfc, 0xff, 0xfb, 0xff, 0xfb, 0xff, 0xfb, 0xff, 0xfb, 0xff, 0xfb, 0xff, 0xfb, 0xff, 0xfb, 0xff, 0xfb, 0xff, 0xfb, 0xff, 0xfb, 0xff, 0xfb, 0xff, 0xfb, 0xff, 0xfb, 0xff, 0xfb, 0xff, 0xfb, 0xff, 0xfc, 0xff, 0xfc, 0xff, 0xfb, 0xff, 0xfb, 0xff,
    0xfb, 0xff, 0xfb, 0xff, 0xfb, 0xff, 0xfb, 0xff, 0xfb, 0xff, 0xfb, 0xff, 0xfb, 0xff, 0xfb, 0xff, 0xfb, 0xff, 0xfb, 0xff, 0xfb, 0xff, 0xfb, 0xff, 0xdb, 0xff, 0xfb, 0xff, 0xfd, 0xff, 0x12, 0xa5, 0x82, 0x10, 0x00, 0x00, 0x20, 0x00, 0xb2, 0x94,
    0xff, 0xff, 0xbe, 0xf7, 0xff, 0xff, 0xb6, 0xb5, 0x81, 0x10, 0x59, 0xce, 0xff, 0xff, 0xba, 0xd6, 0xc6, 0x39, 0x3c, 0xe7, 0xff, 0xff, 0xff, 0xff, 0xff, 0xff, 0xff, 0xff, 0xff, 0xff, 0xff, 0xff, 0xff, 0xff, 0xff, 0xff, 0xff, 0xff, 0xff, 0xff,
    0xff, 0xff, 0xff, 0xff, 0xff, 0xff, 0xff, 0xff, 0xff, 0xff, 0xff, 0xff, 0xff, 0xff, 0xff, 0xff, 0xff, 0xff, 0xdf, 0xff, 0x07, 0x42, 0x34, 0xa5, 0xff, 0xff, 0xff, 0xff, 0xb6, 0xb5, 0x41, 0x08, 0xb2, 0x94, 0xff, 0xff, 0xff, 0xff, 0xdf, 0xff,
    0xff, 0xff, 0xdf, 0xff, 0x4c, 0x63, 0x00, 0x00, 0x00, 0x00, 0xe3, 0x18, 0x12, 0xa5, 0xfd, 0xff, 0xfc, 0xff, 0xdb, 0xff, 0xfb, 0xff, 0xfb, 0xff, 0xfa, 0xff, 0xfb, 0xff, 0xfb, 0xff, 0xfb, 0xff, 0xfb, 0xff, 0xfb, 0xff, 0xfb, 0xff, 0xfb, 0xff,
    0xfb, 0xff, 0xfb, 0xff, 0xfb, 0xff, 0xfb, 0xff, 0xfb, 0xff, 0xfb, 0xff, 0xfb, 0xff, 0xfb, 0xff, 0xfb, 0xff, 0xfb, 0xff, 0xfb, 0xff, 0xfb, 0xff, 0xfb, 0xff, 0xfc, 0xff, 0xfb, 0xff, 0xfc, 0xff, 0xfc, 0xff, 0xfc, 0xff, 0xfc, 0xff, 0xfc, 0xff,
    0xfb, 0xff, 0xfb, 0xff, 0xfc, 0xff, 0xfc, 0xff, 0xfb, 0xff, 0xfb, 0xff, 0xfb, 0xff, 0xfb, 0xff, 0xfb, 0xff, 0xfc, 0xff, 0xfb, 0xff, 0xfb, 0xff, 0xfb, 0xff, 0xfb, 0xff, 0xfb, 0xff, 0xfb, 0xff, 0xfc, 0xff, 0xfc, 0xff, 0xfb, 0xff, 0xfb, 0xff,
    0xfb, 0xff, 0xfb, 0xff, 0xfb, 0xff, 0xfb, 0xff, 0xfb, 0xff, 0xfb, 0xff, 0xfb, 0xff, 0xfb, 0xff, 0xfb, 0xff, 0xfb, 0xff, 0xda, 0xff, 0xfb, 0xff, 0xfd, 0xff, 0x39, 0xe7, 0xca, 0x5a, 0x00, 0x00, 0x00, 0x00, 0xc3, 0x18, 0xd6, 0xbd, 0xff, 0xff,
    0xdf, 0xff, 0xff, 0xff, 0x34, 0xa5, 0xe3, 0x18, 0x58, 0xce, 0xff, 0xff, 0xfb, 0xde, 0x45, 0x29, 0xf7, 0xbd, 0xff, 0xff, 0xff, 0xff, 0xff, 0xff, 0xff, 0xff, 0xff, 0xff, 0xff, 0xff, 0xff, 0xff, 0xff, 0xff, 0xff, 0xff, 0xff, 0xff, 0xff, 0xff,
    0xff, 0xff, 0xff, 0xff, 0xff, 0xff, 0xff, 0xff, 0xff, 0xff, 0xff, 0xff, 0xff, 0xff, 0xff, 0xff, 0xff, 0xff, 0xff, 0xff, 0x1c, 0xe7, 0x24, 0x21, 0xb2, 0x94, 0xff, 0xff, 0xff, 0xff, 0x79, 0xce, 0x03, 0x21, 0x2c, 0x63, 0xdf, 0xff, 0xff, 0xff,
    0xdf, 0xff, 0xff, 0xff, 0xff, 0xff, 0xf3, 0x9c, 0xa2, 0x10, 0x00, 0x00, 0x00, 0x00, 0xa9, 0x52, 0xd8, 0xde, 0xfd, 0xff, 0xfc, 0xff, 0xda, 0xff, 0xfa, 0xff, 0xfa, 0xff, 0xfb, 0xff, 0xfb, 0xff, 0xfb, 0xff, 0xfb, 0xff, 0xfb, 0xff, 0xfb, 0xff,
    0xfb, 0xff, 0xfb, 0xff, 0xfb, 0xff, 0xfb, 0xff, 0xfb, 0xff, 0xfb, 0xff, 0xfb, 0xff, 0xfb, 0xff, 0xfb, 0xff, 0xfb, 0xff, 0xfb, 0xff, 0xfb, 0xff, 0xfb, 0xff, 0xfb, 0xff, 0xfb, 0xff, 0xfb, 0xff, 0xfc, 0xff, 0xfc, 0xff, 0xfc, 0xff, 0xfb, 0xff,
    0xfc, 0xff, 0xfb, 0xff, 0xfb, 0xff, 0xfc, 0xff, 0xfb, 0xff, 0xfb, 0xff, 0xfb, 0xff, 0xfb, 0xff, 0xfb, 0xff, 0xfb, 0xff, 0xfb, 0xff, 0xfb, 0xff, 0xfb, 0xff, 0xfb, 0xff, 0xfb, 0xff, 0xfb, 0xff, 0xfb, 0xff, 0xfb, 0xff, 0xfb, 0xff, 0xfb, 0xff,
    0xfb, 0xff, 0xfb, 0xff, 0xfb, 0xff, 0xfb, 0xff, 0xfb, 0xff, 0xfb, 0xff, 0xfb, 0xff, 0xfb, 0xff, 0xda, 0xff, 0xfb, 0xff, 0xfd, 0xff, 0xdc, 0xff, 0xd1, 0x9c, 0xc2, 0x18, 0x00, 0x00, 0x00, 0x00, 0x69, 0x4a, 0x1c, 0xe7, 0xff, 0xff, 0xdf, 0xff,
    0xff, 0xff, 0x50, 0x8c, 0xe7, 0x39, 0x1b, 0xe7, 0xff, 0xff, 0x58, 0xce, 0x07, 0x42, 0xb6, 0xb5, 0xff, 0xff, 0xff, 0xff, 0xff, 0xff, 0xff, 0xff, 0xff, 0xff, 0xff, 0xff, 0xff, 0xff, 0xff, 0xff, 0xff, 0xff, 0xff, 0xff, 0xff, 0xff, 0xff, 0xff,
    0xff, 0xff, 0xff, 0xff, 0xff, 0xff, 0xff, 0xff, 0xff, 0xff, 0xff, 0xff, 0xff, 0xff, 0xff, 0xff, 0xff, 0xff, 0xff, 0xff, 0xff, 0xff, 0x1c, 0xe7, 0xc6, 0x39, 0xeb, 0x5a, 0x3c, 0xe7, 0xff, 0xff, 0xbe, 0xf7, 0x0b, 0x63, 0xa6, 0x31, 0x17, 0xc6,
    0xff, 0xff, 0xff, 0xff, 0xff, 0xff, 0xff, 0xff, 0xfb, 0xde, 0x89, 0x52, 0x00, 0x00, 0x00, 0x00, 0x61, 0x08, 0x4c, 0x6b, 0xd8, 0xde, 0xfd, 0xff, 0xfc, 0xff, 0xfa, 0xff, 0xda, 0xff, 0xfb, 0xff, 0xfb, 0xff, 0xfb, 0xff, 0xfb, 0xff, 0xfb, 0xff,
    0xfb, 0xff, 0xfb, 0xff, 0xfb, 0xff, 0xfb, 0xff, 0xfb, 0xff, 0xfb, 0xff, 0xfb, 0xff, 0xfb, 0xff, 0xfb, 0xff, 0xfb, 0xff, 0xfb, 0xff, 0xfb, 0xff, 0xfb, 0xff, 0xfb, 0xff, 0xfb, 0xff, 0xfb, 0xff, 0xfb, 0xff, 0xfc, 0xff, 0xfb, 0xff, 0xfb, 0xff,
    0xfb, 0xff, 0xfb, 0xff, 0xfb, 0xff, 0xfc, 0xff, 0xfb, 0xff, 0xfb, 0xff, 0xfb, 0xff, 0xfb, 0xff, 0xfb, 0xff, 0xfb, 0xff, 0xfb, 0xff, 0xfb, 0xff, 0xfb, 0xff, 0xfb, 0xff, 0xfb, 0xff, 0xfb, 0xff, 0xfb, 0xff, 0xfb, 0xff, 0xfb, 0xff, 0xfb, 0xff,
    0xfb, 0xff, 0xfb, 0xff, 0xfb, 0xff, 0xfb, 0xff, 0xfb, 0xff, 0xfa, 0xff, 0xda, 0xff, 0xfb, 0xff, 0xfc, 0xff, 0xfc, 0xff, 0x73, 0xad, 0x85, 0x31, 0x00, 0x00, 0x00, 0x00, 0x61, 0x08, 0xf3, 0x9c, 0xff, 0xff, 0xff, 0xff, 0xdf, 0xff, 0xde, 0xff,
    0x91, 0x94, 0x30, 0x84, 0xff, 0xff, 0xff, 0xff, 0xff, 0xff, 0xb6, 0xb5, 0xdb, 0xde, 0xff, 0xff, 0xff, 0xff, 0xff, 0xff, 0xff, 0xff, 0xff, 0xff, 0xff, 0xff, 0xff, 0xff, 0xff, 0xff, 0xff, 0xff, 0xff, 0xff, 0xff, 0xff, 0xff, 0xff, 0xff, 0xff,
    0xff, 0xff, 0xff, 0xff, 0xff, 0xff, 0xff, 0xff, 0xff, 0xff, 0xff, 0xff, 0xff, 0xff, 0xff, 0xff, 0xff, 0xff, 0xff, 0xff, 0xff, 0xff, 0xff, 0xff, 0xff, 0xff, 0x92, 0x94, 0xca, 0x52, 0x54, 0xad, 0xff, 0xff, 0xff, 0xff, 0xf7, 0xbd, 0xca, 0x5a,
    0x0f, 0x84, 0x3c, 0xe7, 0xff, 0xff, 0xdf, 0xff, 0xff, 0xff, 0xff, 0xff, 0xf7, 0xbd, 0x04, 0x21, 0x00, 0x00, 0x00, 0x00, 0x61, 0x08, 0x2b, 0x63, 0x77, 0xce, 0xfc, 0xff, 0xfc, 0xff, 0xfb, 0xff, 0xfa, 0xff, 0xda, 0xff, 0xfb, 0xff, 0xfb, 0xff,
    0xfb, 0xff, 0xfb, 0xff, 0xfb, 0xff, 0xfb, 0xff, 0xfb, 0xff, 0xfb, 0xff, 0xfb, 0xff, 0xfb, 0xff, 0xfb, 0xff, 0xfb, 0xff, 0xfb, 0xff, 0xfb, 0xff, 0xfb, 0xff, 0xfb, 0xff, 0xfb, 0xff, 0xfb, 0xff, 0xfb, 0xff, 0xfb, 0xff, 0xfb, 0xff, 0xfb, 0xff,
    0xfb, 0xff, 0xfc, 0xff, 0xfc, 0xff, 0xfb, 0xff, 0xfc, 0xff, 0xfb, 0xff, 0xfb, 0xff, 0xfb, 0xff, 0xfb, 0xff, 0xfb, 0xff, 0xfb, 0xff, 0xfb, 0xff, 0xfb, 0xff, 0xfb, 0xff, 0xfb, 0xff, 0xfb, 0xff, 0xfb, 0xff, 0xfb, 0xff, 0xfb, 0xff, 0xfb, 0xff,
    0xfb, 0xff, 0xfb, 0xff, 0xfb, 0xff, 0xda, 0xff, 0xfa, 0xff, 0xfb, 0xff, 0xfd, 0xff, 0x9b, 0xf7, 0xf1, 0xa4, 0xc6, 0x39, 0x00, 0x00, 0x00, 0x00, 0x81, 0x10, 0x20, 0x00, 0x00, 0x00, 0x4c, 0x6b, 0xbe, 0xf7, 0xff, 0xff, 0xff, 0xff, 0xde, 0xff,
    0x5d, 0xef, 0xff, 0xff, 0xff, 0xff, 0xff, 0xff, 0xff, 0xff, 0xff, 0xff, 0xff, 0xff, 0xff, 0xff, 0xff, 0xff, 0xff, 0xff, 0xff, 0xff, 0xff, 0xff, 0xff, 0xff, 0xff, 0xff, 0xff, 0xff, 0xff, 0xff, 0xff, 0xff, 0xff, 0xff, 0xff, 0xff, 0xff, 0xff,
    0xff, 0xff, 0xff, 0xff, 0xff, 0xff, 0xff, 0xff, 0xff, 0xff, 0xff, 0xff, 0xff, 0xff, 0xff, 0xff, 0xff, 0xff, 0xff, 0xff, 0xff, 0xff, 0xff, 0xff, 0xff, 0xff, 0xff, 0xff, 0xde, 0xff, 0x99, 0xd6, 0xff, 0xff, 0xff, 0xff, 0xff, 0xff, 0xff, 0xff,
    0x58, 0xce, 0x9a, 0xd6, 0xff, 0xff, 0xff, 0xff, 0xdf, 0xff, 0xff, 0xff, 0xd7, 0xbd, 0xa2, 0x10, 0x00, 0x00, 0x03, 0x21, 0x00, 0x00, 0x00, 0x00, 0x00, 0x00, 0x48, 0x4a, 0x12, 0xa5, 0x39, 0xe7, 0xfc, 0xff, 0xfd, 0xff, 0xfc, 0xff, 0xfb, 0xff,
    0xfb, 0xff, 0xdb, 0xff, 0xfb, 0xff, 0xfb, 0xff, 0xfb, 0xff, 0xfb, 0xff, 0xfb, 0xff, 0xfb, 0xff, 0xfb, 0xff, 0xfb, 0xff, 0xfb, 0xff, 0xfb, 0xff, 0xfb, 0xff, 0xfb, 0xff, 0xfb, 0xff, 0xfb, 0xff, 0xfb, 0xff, 0xfb, 0xff, 0xfb, 0xff, 0xfb, 0xff,
    0xfb, 0xff, 0xfb, 0xff, 0xfb, 0xff, 0xfb, 0xff, 0xfb, 0xff, 0xfb, 0xff, 0xfb, 0xff, 0xfb, 0xff, 0xfb, 0xff, 0xfb, 0xff, 0xfb, 0xff, 0xfb, 0xff, 0xfb, 0xff, 0xfb, 0xff, 0xfb, 0xff, 0xfb, 0xff, 0xfb, 0xff, 0xfb, 0xff, 0xfb, 0xff, 0xfb, 0xff,
    0xfb, 0xff, 0xfb, 0xff, 0xfc, 0xff, 0xfd, 0xff, 0xfc, 0xff, 0xd8, 0xde, 0x2f, 0x84, 0x04, 0x21, 0x00, 0x00, 0x00, 0x00, 0xc2, 0x20, 0x85, 0x82, 0xe8, 0xec, 0xe7, 0xab, 0x20, 0x00, 0x00, 0x00, 0x28, 0x42, 0xbe, 0xf7, 0xff, 0xff, 0xff, 0xff,
    0xff, 0xff, 0xff, 0xff, 0xff, 0xff, 0xff, 0xff, 0xff, 0xff, 0xff, 0xff, 0xff, 0xff, 0xff, 0xff, 0xff, 0xff, 0xff, 0xff, 0xff, 0xff, 0xff, 0xff, 0xff, 0xff, 0xff, 0xff, 0xff, 0xff, 0xff, 0xff, 0xff, 0xff, 0xff, 0xff, 0xff, 0xff, 0xff, 0xff,
    0xff, 0xff, 0xff, 0xff, 0xff, 0xff, 0xff, 0xff, 0xff, 0xff, 0xff, 0xff, 0xff, 0xff, 0xff, 0xff, 0xff, 0xff, 0xff, 0xff, 0xff, 0xff, 0xff, 0xff, 0xff, 0xff, 0xff, 0xff, 0xff, 0xff, 0xff, 0xff, 0xff, 0xff, 0xff, 0xff, 0xff, 0xff, 0xff, 0xff,
    0xff, 0xff, 0xff, 0xff, 0xff, 0xff, 0xdf, 0xff, 0xff, 0xff, 0x55, 0xad, 0x00, 0x00, 0x00, 0x00, 0x47, 0x73, 0x90, 0xf7, 0xa9, 0xb4, 0xe3, 0x51, 0x41, 0x08, 0x00, 0x00, 0x00, 0x00, 0xa2, 0x10, 0xa9, 0x52, 0xf1, 0x9c, 0xd8, 0xde, 0xfc, 0xff,
    0xfd, 0xff, 0xfc, 0xff, 0xfc, 0xff, 0xfb, 0xff, 0xfb, 0xff, 0xfb, 0xff, 0xfb, 0xff, 0xfb, 0xff, 0xfb, 0xff, 0xfb, 0xff, 0xfb, 0xff, 0xfb, 0xff, 0xfb, 0xff, 0xfb, 0xff, 0xfb, 0xff, 0xfb, 0xff, 0xfb, 0xff, 0xfb, 0xff, 0xfb, 0xff, 0xfb, 0xff,
    0xfb, 0xff, 0xfb, 0xff, 0xfb, 0xff, 0xfb, 0xff, 0xfb, 0xff, 0xfb, 0xff, 0xfb, 0xff, 0xfb, 0xff, 0xfb, 0xff, 0xfb, 0xff, 0xfb, 0xff, 0xfb, 0xff, 0xfb, 0xff, 0xfb, 0xff, 0xfb, 0xff, 0xfb, 0xff, 0xfb, 0xff, 0xfb, 0xff, 0xfb, 0xff, 0xfc, 0xff,
    0xfd, 0xff, 0xfc, 0xff, 0xd8, 0xde, 0xd1, 0x9c, 0x28, 0x42, 0x00, 0x00, 0x00, 0x00, 0x00, 0x00, 0x83, 0x49, 0x46, 0xab, 0xe8, 0xf4, 0x89, 0xfd, 0xa8, 0xfd, 0x2a, 0xfe, 0x08, 0xac, 0x20, 0x00, 0x00, 0x00, 0x69, 0x4a, 0xff, 0xff, 0xff, 0xff,
    0xff, 0xff, 0xff, 0xff, 0xff, 0xff, 0xff, 0xff, 0xff, 0xff, 0xff, 0xff, 0xff, 0xff, 0xff, 0xff, 0xff, 0xff, 0xff, 0xff, 0xff, 0xff, 0xff, 0xff, 0xff, 0xff, 0xff, 0xff, 0xff, 0xff, 0xff, 0xff, 0xff, 0xff, 0xff, 0xff, 0xff, 0xff, 0xff, 0xff,
    0xff, 0xff, 0xff, 0xff, 0xff, 0xff, 0xff, 0xff, 0xff, 0xff, 0xff, 0xff, 0xff, 0xff, 0xff, 0xff, 0xff, 0xff, 0xff, 0xff, 0xff, 0xff, 0xff, 0xff, 0xff, 0xff, 0xff, 0xff, 0xff, 0xff, 0xff, 0xff, 0xff, 0xff, 0xff, 0xff, 0xff, 0xff, 0xff, 0xff,
    0xff, 0xff, 0xff, 0xff, 0xdf, 0xff, 0xff, 0xff, 0xd7, 0xbd, 0x20, 0x00, 0x00, 0x00, 0x27, 0x73, 0xcf, 0xff, 0x0d, 0xff, 0x08, 0xfe, 0xc8, 0xfd, 0xe7, 0xdc, 0xe9, 0x93, 0x89, 0x52, 0x61, 0x08, 0x00, 0x00, 0x00, 0x00, 0x00, 0x00, 0x65, 0x29,
    0x0b, 0x63, 0xf1, 0x9c, 0x96, 0xd6, 0xdb, 0xff, 0xfb, 0xff, 0xfa, 0xff, 0xfa, 0xff, 0xfa, 0xff, 0xfa, 0xff, 0xfb, 0xff, 0xfb, 0xff, 0xfb, 0xff, 0xfb, 0xff, 0xfb, 0xff, 0xfb, 0xff, 0xfb, 0xff, 0xfb, 0xff, 0xfa, 0xff, 0xfa, 0xff, 0xfa, 0xff,
    0xfb, 0xff, 0xfb, 0xff, 0xfb, 0xff, 0xfa, 0xff, 0xfb, 0xff, 0xfb, 0xff, 0xfb, 0xff, 0xfb, 0xff, 0xfa, 0xff, 0xfb, 0xff, 0xfb, 0xff, 0xfb, 0xff, 0xfb, 0xff, 0xfb, 0xff, 0xfb, 0xff, 0xfa, 0xff, 0xfa, 0xff, 0xfb, 0xff, 0xba, 0xf7, 0xf5, 0xbd,
    0x6c, 0x6b, 0x85, 0x31, 0x00, 0x00, 0x00, 0x00, 0x41, 0x08, 0xa3, 0x41, 0x05, 0x93, 0x87, 0xdc, 0x48, 0xfd, 0x88, 0xfd, 0xa8, 0xfd, 0xa8, 0xfd, 0xa8, 0xfd, 0x88, 0xfd, 0x0a, 0xfe, 0xc8, 0xa3, 0x00, 0x00, 0x00, 0x00, 0x0b, 0x5b, 0xff, 0xff,
    0xdf, 0xff, 0xff, 0xff, 0xff, 0xff, 0xff, 0xff, 0xff, 0xff, 0xff, 0xff, 0xff, 0xff, 0xff, 0xff, 0xff, 0xff, 0xff, 0xff, 0xff, 0xff, 0xff, 0xff, 0xff, 0xff, 0xff, 0xff, 0xff, 0xff, 0xff, 0xff, 0xff, 0xff, 0xff, 0xff, 0xff, 0xff, 0xff, 0xff,
    0xff, 0xff, 0xff, 0xff, 0xff, 0xff, 0xff, 0xff, 0xff, 0xff, 0xff, 0xff, 0xff, 0xff, 0xff, 0xff, 0xff, 0xff, 0xff, 0xff, 0xff, 0xff, 0xff, 0xff, 0xff, 0xff, 0xff, 0xff, 0xff, 0xff, 0xff, 0xff, 0xff, 0xff, 0xff, 0xff, 0xff, 0xff, 0xff, 0xff,
    0xff, 0xff, 0xff, 0xff, 0xff, 0xff, 0x99, 0xd6, 0xa2, 0x10, 0x00, 0x00, 0xc7, 0x62, 0xd0, 0xff, 0x2d, 0xff, 0xc9, 0xfd, 0x67, 0xfd, 0x88, 0xfd, 0xa7, 0xfd, 0xef, 0xfe, 0xfc, 0xff, 0x3a, 0xe7, 0xb4, 0xb5, 0x0e, 0x84, 0x69, 0x4a, 0x24, 0x21,
    0x00, 0x00, 0x00, 0x00, 0x61, 0x08, 0xea, 0x5a, 0x39, 0xe7, 0xfb, 0xff, 0xfa, 0xff, 0xfa, 0xff, 0xfb, 0xff, 0xda, 0xff, 0x36, 0xff, 0x37, 0xff, 0x57, 0xff, 0x99, 0xff, 0xb9, 0xff, 0xb9, 0xff, 0xfa, 0xff, 0xda, 0xff, 0xd9, 0xff, 0xda, 0xff,
    0xda, 0xff, 0xda, 0xff, 0xda, 0xff, 0xd9, 0xff, 0xb9, 0xff, 0x99, 0xff, 0x98, 0xff, 0xb9, 0xff, 0x99, 0xff, 0x99, 0xff, 0x99, 0xff, 0x99, 0xff, 0x78, 0xff, 0x57, 0xff, 0x98, 0xff, 0xd9, 0xff, 0xfa, 0xff, 0xd7, 0xde, 0x6c, 0x6b, 0xa6, 0x31,
    0x65, 0x29, 0x68, 0x4a, 0x2f, 0x84, 0x15, 0xc6, 0x18, 0xef, 0x6e, 0xfe, 0xc9, 0xfd, 0xa8, 0xfd, 0x89, 0xfd, 0x88, 0xfd, 0x88, 0xfd, 0xa8, 0xfd, 0xa8, 0xfd, 0xa9, 0xfd, 0x68, 0xfd, 0x0a, 0xfe, 0x47, 0x8b, 0x00, 0x00, 0x00, 0x00, 0x71, 0x8c,
    0xff, 0xff, 0xdf, 0xff, 0xff, 0xff, 0xff, 0xff, 0xff, 0xff, 0xff, 0xff, 0xff, 0xff, 0xff, 0xff, 0xff, 0xff, 0xff, 0xff, 0xff, 0xff, 0xff, 0xff, 0xff, 0xff, 0xff, 0xff, 0xff, 0xff, 0xff, 0xff, 0xff, 0xff, 0xff, 0xff, 0xff, 0xff, 0xff, 0xff,
    0xff, 0xff, 0xff, 0xff, 0xff, 0xff, 0xff, 0xff, 0xff, 0xff, 0xff, 0xff, 0xff, 0xff, 0xff, 0xff, 0xff, 0xff, 0xff, 0xff, 0xff, 0xff, 0xff, 0xff, 0xff, 0xff, 0xff, 0xff, 0xff, 0xff, 0xff, 0xff, 0xff, 0xff, 0xff, 0xff, 0xff, 0xff, 0xff, 0xff,
    0xff, 0xff, 0xff, 0xff, 0x7d, 0xef, 0x04, 0x21, 0x00, 0x00, 0x05, 0x4a, 0x90, 0xff, 0x4e, 0xff, 0xe9, 0xfd, 0x88, 0xfd, 0x88, 0xfd, 0xa8, 0xfd, 0xc9, 0xfd, 0xf4, 0xf6, 0xba, 0xff, 0xfc, 0xff, 0xfd, 0xff, 0xfe, 0xff, 0xfd, 0xff, 0xdb, 0xff,
    0x19, 0xe7, 0x97, 0xce, 0x36, 0xc6, 0xd8, 0xde, 0xfb, 0xff, 0xfb, 0xff, 0xfb, 0xff, 0x37, 0xff, 0xd5, 0xfe, 0x37, 0xff, 0xf5, 0xfe, 0xb4, 0xfe, 0xd4, 0xfe, 0xb4, 0xfe, 0xb4, 0xfe, 0x94, 0xfe, 0xb4, 0xfe, 0xb4, 0xfe, 0xb4, 0xfe, 0xb5, 0xfe,
    0xd5, 0xfe, 0xd5, 0xfe, 0xd5, 0xfe, 0xd4, 0xfe, 0xb4, 0xfe, 0xd5, 0xfe, 0xd4, 0xfe, 0xd5, 0xfe, 0xd5, 0xfe, 0xb4, 0xfe, 0xb4, 0xfe, 0xb4, 0xfe, 0x93, 0xfe, 0xf5, 0xfe, 0x98, 0xff, 0xfa, 0xff, 0xfa, 0xff, 0xda, 0xff, 0x9a, 0xf7, 0xbb, 0xf7,
    0xfc, 0xff, 0xfd, 0xff, 0xfe, 0xff, 0xfc, 0xff, 0x98, 0xff, 0x14, 0xf7, 0xca, 0xfd, 0x89, 0xfd, 0x89, 0xfd, 0x89, 0xfd, 0x88, 0xfd, 0xa8, 0xfd, 0xa8, 0xfd, 0xa8, 0xfd, 0x89, 0xfd, 0xa9, 0xfd, 0x28, 0xfd, 0x43, 0x59, 0x00, 0x00, 0x00, 0x00,
    0x17, 0xc6, 0xff, 0xff, 0xff, 0xff, 0xff, 0xff, 0xff, 0xff, 0xff, 0xff, 0xff, 0xff, 0xff, 0xff, 0xff, 0xff, 0xff, 0xff, 0xff, 0xff, 0xff, 0xff, 0xff, 0xff, 0xff, 0xff, 0xff, 0xff, 0xff, 0xff, 0xff, 0xff, 0xff, 0xff, 0xff, 0xff, 0xff, 0xff,
    0xff, 0xff, 0xff, 0xff, 0xff, 0xff, 0xff, 0xff, 0xff, 0xff, 0xff, 0xff, 0xff, 0xff, 0xff, 0xff, 0xff, 0xff, 0xff, 0xff, 0xff, 0xff, 0xff, 0xff, 0xff, 0xff, 0xff, 0xff, 0xff, 0xff, 0xff, 0xff, 0xff, 0xff, 0xff, 0xff, 0xff, 0xff, 0xff, 0xff,
    0xdf, 0xff, 0xff, 0xff, 0x8a, 0x52, 0x00, 0x00, 0xe2, 0x18, 0xef, 0xee, 0xaf, 0xff, 0x2a, 0xfe, 0xa8, 0xfd, 0xa9, 0xfd, 0xa8, 0xfd, 0xc9, 0xfd, 0x88, 0xfd, 0xd2, 0xfe, 0xdb, 0xff, 0xdb, 0xff, 0xfb, 0xff, 0xdb, 0xff, 0xfb, 0xff, 0xfc, 0xff,
    0xfc, 0xff, 0xfd, 0xff, 0xfd, 0xff, 0xfc, 0xff, 0xfb, 0xff, 0xfb, 0xff, 0xfb, 0xff, 0xdb, 0xff, 0x37, 0xff, 0x94, 0xfe, 0xd4, 0xfe, 0xd4, 0xfe, 0xb4, 0xfe, 0x94, 0xfe, 0x93, 0xfe, 0x94, 0xfe, 0x94, 0xfe, 0xb4, 0xfe, 0xb4, 0xfe, 0xb4, 0xfe,
    0xb4, 0xfe, 0xb4, 0xfe, 0xb4, 0xfe, 0xb4, 0xfe, 0x94, 0xfe, 0x94, 0xfe, 0x94, 0xfe, 0xb4, 0xfe, 0x94, 0xfe, 0xb4, 0xfe, 0x93, 0xfe, 0xd4, 0xfe, 0x36, 0xff, 0xb9, 0xff, 0xfa, 0xff, 0xfb, 0xff, 0xfa, 0xff, 0xfb, 0xff, 0xfc, 0xff, 0xfc, 0xff,
    0xfc, 0xff, 0xfb, 0xff, 0xdb, 0xff, 0xfc, 0xff, 0x91, 0xf6, 0xeb, 0xfd, 0xea, 0xfd, 0xa9, 0xfd, 0x89, 0xfd, 0x89, 0xfd, 0x89, 0xfd, 0xa8, 0xfd, 0x88, 0xfd, 0x88, 0xfd, 0xa9, 0xfd, 0x87, 0xf4, 0x24, 0xf3, 0x04, 0xeb, 0x81, 0x20, 0x00, 0x00,
    0x24, 0x21, 0x9e, 0xf7, 0xff, 0xff, 0xff, 0xff, 0xff, 0xff, 0xff, 0xff, 0xff, 0xff, 0xff, 0xff, 0xff, 0xff, 0xff, 0xff, 0xff, 0xff, 0xff, 0xff, 0xff, 0xff, 0xff, 0xff, 0xff, 0xff, 0xff, 0xff, 0xff, 0xff, 0xff, 0xff, 0xff, 0xff, 0xff, 0xff,
    0xff, 0xff, 0xff, 0xff, 0xff, 0xff, 0xff, 0xff, 0xff, 0xff, 0xff, 0xff, 0xff, 0xff, 0xff, 0xff, 0xff, 0xff, 0xff, 0xff, 0xff, 0xff, 0xff, 0xff, 0xff, 0xff, 0xff, 0xff, 0xff, 0xff, 0xff, 0xff, 0xff, 0xff, 0xff, 0xff, 0xff, 0xff, 0xff, 0xff,
    0xff, 0xff, 0x92, 0x94, 0x00, 0x00, 0x20, 0x00, 0x05, 0xb3, 0x49, 0xfd, 0x4b, 0xf6, 0x2a, 0xfe, 0xc9, 0xfd, 0xc9, 0xfd, 0xc9, 0xfd, 0xa9, 0xfd, 0xa8, 0xfd, 0xeb, 0xfd, 0xb9, 0xff, 0xfc, 0xff, 0xfb, 0xff, 0xfb, 0xff, 0xfb, 0xff, 0xfb, 0xff,
    0xfb, 0xff, 0xfb, 0xff, 0xfb, 0xff, 0xfb, 0xff, 0xfb, 0xff, 0xfb, 0xff, 0xfb, 0xff, 0xfb, 0xff, 0xfb, 0xff, 0xb9, 0xff, 0x16, 0xff, 0xd4, 0xfe, 0x93, 0xfe, 0x93, 0xfe, 0x94, 0xfe, 0x94, 0xfe, 0xb4, 0xfe, 0x94, 0xfe, 0xb4, 0xfe, 0xb4, 0xfe,
    0xb4, 0xfe, 0xb4, 0xfe, 0xd4, 0xfe, 0xb4, 0xfe, 0xb4, 0xfe, 0xb4, 0xfe, 0xb4, 0xfe, 0xb4, 0xfe, 0x94, 0xfe, 0xb4, 0xfe, 0x16, 0xff, 0x99, 0xff, 0xfb, 0xff, 0xfb, 0xff, 0xfb, 0xff, 0xfb, 0xff, 0xfb, 0xff, 0xfb, 0xff, 0xfb, 0xff, 0xfb, 0xff,
    0xfb, 0xff, 0xfb, 0xff, 0xfb, 0xff, 0xfc, 0xff, 0x57, 0xf7, 0xca, 0xf5, 0xa9, 0xfd, 0xa9, 0xfd, 0xa9, 0xfd, 0xa9, 0xfd, 0xa9, 0xfd, 0xa9, 0xfd, 0xa9, 0xfd, 0xc9, 0xfd, 0x26, 0xf4, 0x04, 0xf3, 0x04, 0xf3, 0x23, 0xfb, 0x84, 0xba, 0x20, 0x00,
    0x00, 0x00, 0x8d, 0x6b, 0xff, 0xff, 0xff, 0xff, 0xff, 0xff, 0xff, 0xff, 0xff, 0xff, 0xff, 0xff, 0xff, 0xff, 0xff, 0xff, 0xff, 0xff, 0xff, 0xff, 0xff, 0xff, 0xff, 0xff, 0xff, 0xff, 0xff, 0xff, 0xff, 0xff, 0xff, 0xff, 0xff, 0xff, 0xff, 0xff,
    0xff, 0xff, 0xff, 0xff, 0xff, 0xff, 0xff, 0xff, 0xff, 0xff, 0xff, 0xff, 0xff, 0xff, 0xff, 0xff, 0xff, 0xff, 0xff, 0xff, 0xff, 0xff, 0xff, 0xff, 0xff, 0xff, 0xff, 0xff, 0xff, 0xff, 0xff, 0xff, 0xff, 0xff, 0xff, 0xff, 0xff, 0xff, 0xff, 0xff,
    0xfb, 0xde, 0x81, 0x10, 0x00, 0x00, 0xa3, 0x69, 0xa5, 0xfb, 0xe3, 0xf2, 0x85, 0xf3, 0xe8, 0xfc, 0x09, 0xfe, 0x09, 0xfe, 0xe9, 0xfd, 0xa9, 0xfd, 0xc9, 0xfd, 0xca, 0xfd, 0x15, 0xf7, 0xdb, 0xff, 0xfb, 0xff, 0xfb, 0xff, 0xfb, 0xff, 0xfb, 0xff,
    0xfc, 0xff, 0xfc, 0xff, 0xfc, 0xff, 0xfc, 0xff, 0xfb, 0xff, 0xfb, 0xff, 0xfb, 0xff, 0xfb, 0xff, 0xfb, 0xff, 0xfb, 0xff, 0xfb, 0xff, 0xda, 0xff, 0x57, 0xff, 0xf5, 0xfe, 0xb4, 0xfe, 0xb4, 0xfe, 0xb4, 0xfe, 0xb4, 0xfe, 0xb4, 0xfe, 0xb4, 0xfe,
    0xb4, 0xfe, 0xd4, 0xfe, 0xd4, 0xfe, 0xb4, 0xfe, 0xb3, 0xfe, 0xb4, 0xfe, 0xb4, 0xfe, 0xd5, 0xfe, 0x16, 0xff, 0x99, 0xff, 0xfb, 0xff, 0xfb, 0xff, 0xfb, 0xff, 0xfb, 0xff, 0xfb, 0xff, 0xfb, 0xff, 0xfb, 0xff, 0xfb, 0xff, 0xfc, 0xff, 0xfc, 0xff,
    0xfc, 0xff, 0xfc, 0xff, 0xfc, 0xff, 0xfb, 0xff, 0xfd, 0xff, 0x16, 0xf7, 0xa9, 0xfd, 0xc9, 0xfd, 0xc9, 0xfd, 0xc9, 0xfd, 0xa9, 0xfd, 0xc9, 0xfd, 0x89, 0xfd, 0x06, 0xf4, 0x24, 0xf3, 0x04, 0xf3, 0x04, 0xfb, 0x03, 0xf3, 0x64, 0xfb, 0xa3, 0x69,
    0x00, 0x00, 0x20, 0x00, 0x79, 0xce, 0xff, 0xff, 0xff, 0xff, 0xff, 0xff, 0xff, 0xff, 0xff, 0xff, 0xff, 0xff, 0xff, 0xff, 0xff, 0xff, 0xff, 0xff, 0xff, 0xff, 0xff, 0xff, 0xff, 0xff, 0xff, 0xff, 0xff, 0xff, 0xff, 0xff, 0xff, 0xff, 0xff, 0xff,
    0xff, 0xff, 0xff, 0xff, 0xff, 0xff, 0xff, 0xff, 0xff, 0xff, 0xff, 0xff, 0xff, 0xff, 0xff, 0xff, 0xff, 0xff, 0xff, 0xff, 0xff, 0xff, 0xff, 0xff, 0xff, 0xff, 0xff, 0xff, 0xff, 0xff, 0xff, 0xff, 0xff, 0xff, 0xff, 0xff, 0xff, 0xff, 0xff, 0xff,
    0x49, 0x4a, 0x00, 0x00, 0xa1, 0x28, 0x65, 0xf3, 0x44, 0xfb, 0x44, 0xfb, 0x44, 0xfb, 0x04, 0xf3, 0x87, 0xfc, 0x09, 0xfe, 0xc9, 0xfd, 0xc9, 0xfd, 0xa9, 0xfd, 0x88, 0xfd, 0x2d, 0xfe, 0x77, 0xf7, 0xfb, 0xff, 0xfb, 0xff, 0xfb, 0xff, 0xfc, 0xff,
    0xfc, 0xff, 0xfc, 0xff, 0xfc, 0xff, 0xfb, 0xff, 0xfb, 0xff, 0xfb, 0xff, 0xfb, 0xff, 0xfb, 0xff, 0xfb, 0xff, 0xfb, 0xff, 0xfb, 0xff, 0xfb, 0xff, 0xfc, 0xff, 0xfb, 0xff, 0xb9, 0xff, 0x77, 0xff, 0x36, 0xff, 0xf5, 0xfe, 0xd4, 0xfe, 0xb4, 0xfe,
    0xb4, 0xfe, 0xb4, 0xfe, 0xd4, 0xfe, 0xf5, 0xfe, 0x16, 0xff, 0x57, 0xff, 0x98, 0xff, 0xda, 0xff, 0xfb, 0xff, 0xfb, 0xff, 0xfb, 0xff, 0xfb, 0xff, 0xfb, 0xff, 0xfb, 0xff, 0xfb, 0xff, 0xfb, 0xff, 0xfb, 0xff, 0xfc, 0xff, 0xfc, 0xff, 0xfc, 0xff,
    0xfc, 0xff, 0xfc, 0xff, 0xfc, 0xff, 0xfc, 0xff, 0xfb, 0xff, 0xfd, 0xff, 0x91, 0xf6, 0x87, 0xfd, 0xc9, 0xfd, 0xa8, 0xfd, 0xc9, 0xfd, 0x88, 0xfd, 0xc5, 0xf3, 0x04, 0xf3, 0x24, 0xfb, 0x04, 0xfb, 0x24, 0xfb, 0x24, 0xfb, 0x24, 0xfb, 0x25, 0xeb,
    0x81, 0x18, 0x00, 0x00, 0xe7, 0x39, 0xff, 0xff, 0xff, 0xff, 0xff, 0xff, 0xff, 0xff, 0xff, 0xff, 0xff, 0xff, 0xff, 0xff, 0xff, 0xff, 0xff, 0xff, 0xff, 0xff, 0xff, 0xff, 0xff, 0xff, 0xff, 0xff, 0xff, 0xff, 0xff, 0xff, 0xff, 0xff, 0xff, 0xff,
    0xff, 0xff, 0xff, 0xff, 0xff, 0xff, 0xff, 0xff, 0xff, 0xff, 0xff, 0xff, 0xff, 0xff, 0xff, 0xff, 0xff, 0xff, 0xff, 0xff, 0xff, 0xff, 0xff, 0xff, 0xff, 0xff, 0xff, 0xff, 0xff, 0xff, 0xff, 0xff, 0xff, 0xff, 0xff, 0xff, 0xff, 0xff, 0x34, 0xa5,
    0x00, 0x00, 0x20, 0x00, 0x84, 0xb2, 0x84, 0xfb, 0x24, 0xfb, 0x44, 0xfb, 0x44, 0xfb, 0x44, 0xfb, 0x03, 0xfb, 0x26, 0xf4, 0xc9, 0xfd, 0xc9, 0xfd, 0xa9, 0xfd, 0xa8, 0xfd, 0xa9, 0xfd, 0x90, 0xfe, 0xdb, 0xff, 0xfb, 0xff, 0xfb, 0xff, 0xfc, 0xff,
    0xfc, 0xff, 0xfc, 0xff, 0xfc, 0xff, 0xfb, 0xff, 0xfb, 0xff, 0xfb, 0xff, 0xfb, 0xff, 0xfb, 0xff, 0xfb, 0xff, 0xfb, 0xff, 0xfb, 0xff, 0xfb, 0xff, 0xfb, 0xff, 0xfb, 0xff, 0xfb, 0xff, 0xfb, 0xff, 0xfa, 0xff, 0xda, 0xff, 0x99, 0xff, 0x78, 0xff,
    0x78, 0xff, 0x57, 0xff, 0xb9, 0xff, 0xfa, 0xff, 0xfb, 0xff, 0xfb, 0xff, 0xfb, 0xff, 0xfb, 0xff, 0xfb, 0xff, 0xfb, 0xff, 0xfb, 0xff, 0xfb, 0xff, 0xfb, 0xff, 0xfb, 0xff, 0xfb, 0xff, 0xfc, 0xff, 0xfc, 0xff, 0xfc, 0xff, 0xfc, 0xff, 0xfc, 0xff,
    0xfc, 0xff, 0xfc, 0xff, 0xfc, 0xff, 0xfc, 0xff, 0xfb, 0xff, 0xfb, 0xff, 0xda, 0xff, 0xca, 0xfd, 0xa8, 0xfd, 0xc9, 0xfd, 0x48, 0xfd, 0xc5, 0xf3, 0x24, 0xfb, 0x24, 0xfb, 0x24, 0xfb, 0x24, 0xfb, 0x44, 0xfb, 0x24, 0xfb, 0x04, 0xf3, 0x23, 0xfb,
    0x03, 0x92, 0x00, 0x00, 0x00, 0x00, 0x75, 0xad, 0xff, 0xff, 0xdf, 0xff, 0xff, 0xff, 0xff, 0xff, 0xff, 0xff, 0xff, 0xff, 0xff, 0xff, 0xff, 0xff, 0xff, 0xff, 0xff, 0xff, 0xff, 0xff, 0xff, 0xff, 0xff, 0xff, 0xff, 0xff, 0xff, 0xff, 0xff, 0xff,
    0xff, 0xff, 0xff, 0xff, 0xff, 0xff, 0xff, 0xff, 0xff, 0xff, 0xff, 0xff, 0xff, 0xff, 0xff, 0xff, 0xff, 0xff, 0xff, 0xff, 0xff, 0xff, 0xff, 0xff, 0xff, 0xff, 0xff, 0xff, 0xff, 0xff, 0xff, 0xff, 0xff, 0xff, 0xff, 0xff, 0xdf, 0xff, 0x24, 0x21,
    0x00, 0x00, 0xe1, 0x48, 0x64, 0xfb, 0x44, 0xfb, 0x44, 0xfb, 0x44, 0xfb, 0x44, 0xfb, 0x44, 0xfb, 0x43, 0xfb, 0x03, 0xfb, 0x46, 0xf4, 0xc9, 0xfd, 0xa8, 0xfd, 0x88, 0xfd, 0xa9, 0xfd, 0xc9, 0xfd, 0xf3, 0xfe, 0xfc, 0xff, 0xfb, 0xff, 0xfc, 0xff,
    0xfc, 0xff, 0xfc, 0xff, 0xfc, 0xff, 0xfb, 0xff, 0xfb, 0xff, 0xfb, 0xff, 0xfb, 0xff, 0xfb, 0xff, 0xfb, 0xff, 0xfb, 0xff, 0xfb, 0xff, 0xfc, 0xff, 0xfc, 0xff, 0xfc, 0xff, 0xfb, 0xff, 0xfb, 0xff, 0xfb, 0xff, 0xfb, 0xff, 0xfb, 0xff, 0xfb, 0xff,
    0xfb, 0xff, 0xfb, 0xff, 0xfb, 0xff, 0xfb, 0xff, 0xfb, 0xff, 0xfb, 0xff, 0xfb, 0xff, 0xfb, 0xff, 0xfb, 0xff, 0xfb, 0xff, 0xfb, 0xff, 0xfb, 0xff, 0xfb, 0xff, 0xfc, 0xff, 0xfc, 0xff, 0xfb, 0xff, 0xfc, 0xff, 0xfc, 0xff, 0xfc, 0xff, 0xfc, 0xff,
    0xfc, 0xff, 0xfc, 0xff, 0xfc, 0xff, 0xfc, 0xff, 0xfc, 0xff, 0xfc, 0xff, 0xda, 0xff, 0xca, 0xfd, 0xa8, 0xfd, 0xa8, 0xfd, 0xe5, 0xf3, 0x44, 0xfb, 0x44, 0xfb, 0x24, 0xfb, 0x64, 0xfb, 0x64, 0xfb, 0x44, 0xfb, 0x24, 0xfb, 0x24, 0xfb, 0xa4, 0xf3,
    0x6a, 0xf5, 0x43, 0x29, 0x00, 0x00, 0x86, 0x31, 0xff, 0xff, 0xff, 0xff, 0xff, 0xff, 0xff, 0xff, 0xff, 0xff, 0xff, 0xff, 0xff, 0xff, 0xff, 0xff, 0xff, 0xff, 0xff, 0xff, 0xff, 0xff, 0xff, 0xff, 0xff, 0xff, 0xff, 0xff, 0xff, 0xff, 0xff, 0xff,
    0xff, 0xff, 0xff, 0xff, 0xff, 0xff, 0xff, 0xff, 0xff, 0xff, 0xff, 0xff, 0xff, 0xff, 0xff, 0xff, 0xff, 0xff, 0xff, 0xff, 0xff, 0xff, 0xff, 0xff, 0xff, 0xff, 0xff, 0xff, 0xff, 0xff, 0xff, 0xff, 0xdf, 0xff, 0xff, 0xff, 0xd2, 0x94, 0x00, 0x00,
    0x41, 0x08, 0xc9, 0xc4, 0x46, 0xfc, 0x44, 0xf3, 0x44, 0xfb, 0x23, 0xfb, 0x64, 0xfb, 0x85, 0xfb, 0x43, 0xfb, 0x23, 0xfb, 0x23, 0xf3, 0xe7, 0xfc, 0xc8, 0xfd, 0x88, 0xfd, 0xea, 0xfd, 0xca, 0xfd, 0xb2, 0xfe, 0xfd, 0xff, 0xfb, 0xff, 0xfc, 0xff,
    0xfc, 0xff, 0xfc, 0xff, 0xfc, 0xff, 0xfb, 0xff, 0xfb, 0xff, 0xfc, 0xff, 0xfb, 0xff, 0xfb, 0xff, 0xfb, 0xff, 0xfb, 0xff, 0xfb, 0xff, 0xfc, 0xff, 0xfc, 0xff, 0xfc, 0xff, 0xfb, 0xff, 0xfb, 0xff, 0xfb, 0xff, 0xfb, 0xff, 0xfb, 0xff, 0xfb, 0xff,
    0xfb, 0xff, 0xfb, 0xff, 0xfb, 0xff, 0xfb, 0xff, 0xfb, 0xff, 0xfb, 0xff, 0xfb, 0xff, 0xfb, 0xff, 0xfb, 0xff, 0xfb, 0xff, 0xfb, 0xff, 0xfc, 0xff, 0xfc, 0xff, 0xfc, 0xff, 0xfc, 0xff, 0xfc, 0xff, 0xfc, 0xff, 0xfc, 0xff, 0xfc, 0xff, 0xfc, 0xff,
    0xfc, 0xff, 0xfc, 0xff, 0xfb, 0xff, 0xfb, 0xff, 0xda, 0xff, 0xfc, 0xff, 0x90, 0xfe, 0x87, 0xfd, 0xc9, 0xfd, 0x07, 0xfd, 0x84, 0xf3, 0x64, 0xf3, 0x03, 0xfb, 0x03, 0xfb, 0x23, 0xfb, 0x44, 0xfb, 0x64, 0xfb, 0x25, 0xf4, 0x28, 0xfd, 0xe9, 0xfd,
    0x6a, 0xfe, 0xe8, 0xa3, 0x00, 0x00, 0x00, 0x00, 0xb6, 0xb5, 0xff, 0xff, 0xff, 0xff, 0xff, 0xff, 0xff, 0xff, 0xff, 0xff, 0xff, 0xff, 0xff, 0xff, 0xff, 0xff, 0xff, 0xff, 0xff, 0xff, 0xff, 0xff, 0xff, 0xff, 0xff, 0xff, 0xff, 0xff, 0xff, 0xff,
    0xff, 0xff, 0xff, 0xff, 0xff, 0xff, 0xff, 0xff, 0xff, 0xff, 0xff, 0xff, 0xff, 0xff, 0xff, 0xff, 0xff, 0xff, 0xff, 0xff, 0xff, 0xff, 0xff, 0xff, 0xff, 0xff, 0xff, 0xff, 0xff, 0xff, 0xff, 0xff, 0xff, 0xff, 0x7d, 0xef, 0x03, 0x19, 0x00, 0x00,
    0xc6, 0x62, 0xef, 0xff, 0x0d, 0xf7, 0x48, 0xf5, 0x26, 0xfc, 0x84, 0xfb, 0x03, 0xfb, 0x03, 0xfb, 0x23, 0xfb, 0x03, 0xfb, 0xe2, 0xf2, 0xa6, 0xf4, 0xc9, 0xfd, 0xa9, 0xfd, 0xeb, 0xfd, 0x4e, 0xf6, 0xdb, 0xff, 0xfc, 0xff, 0xfb, 0xff, 0xfc, 0xff,
    0xfc, 0xff, 0xfc, 0xff, 0xfc, 0xff, 0xfc, 0xff, 0xfc, 0xff, 0xfc, 0xff, 0xfb, 0xff, 0xfb, 0xff, 0xfb, 0xff, 0xfb, 0xff, 0xfb, 0xff, 0xfb, 0xff, 0xfc, 0xff, 0xfc, 0xff, 0xfc, 0xff, 0xfb, 0xff, 0xfb, 0xff, 0xfb, 0xff, 0xfb, 0xff, 0xfb, 0xff,
    0xfb, 0xff, 0xfb, 0xff, 0xfb, 0xff, 0xfb, 0xff, 0xfb, 0xff, 0xfb, 0xff, 0xfb, 0xff, 0xfb, 0xff, 0xfb, 0xff, 0xfb, 0xff, 0xfb, 0xff, 0xfc, 0xff, 0xfc, 0xff, 0xfc, 0xff, 0xfc, 0xff, 0xfc, 0xff, 0xfc, 0xff, 0xfc, 0xff, 0xfc, 0xff, 0xfc, 0xff,
    0xfc, 0xff, 0xfb, 0xff, 0xfc, 0xff, 0xdb, 0xff, 0x36, 0xf7, 0x6e, 0xfe, 0xa8, 0xfd, 0xa9, 0xfd, 0xa8, 0xfd, 0x68, 0xfd, 0xa7, 0xf4, 0x26, 0xf4, 0x05, 0xfc, 0x25, 0xf4, 0x86, 0xf4, 0x48, 0xfd, 0xa9, 0xfd, 0xea, 0xfd, 0x0a, 0xfe, 0xc9, 0xfd,
    0xc9, 0xfd, 0xea, 0xfd, 0x02, 0x29, 0x00, 0x00, 0x28, 0x42, 0xff, 0xff, 0xff, 0xff, 0xff, 0xff, 0xff, 0xff, 0xff, 0xff, 0xff, 0xff, 0xff, 0xff, 0xff, 0xff, 0xff, 0xff, 0xff, 0xff, 0xff, 0xff, 0xff, 0xff, 0xff, 0xff, 0xff, 0xff, 0xff, 0xff,
    0xff, 0xff, 0xff, 0xff, 0xff, 0xff, 0xff, 0xff, 0xff, 0xff, 0xff, 0xff, 0xff, 0xff, 0xff, 0xff, 0xff, 0xff, 0xff, 0xff, 0xff, 0xff, 0xff, 0xff, 0xff, 0xff, 0xff, 0xff, 0xff, 0xff, 0xdf, 0xff, 0xff, 0xff, 0x92, 0x94, 0x00, 0x00, 0x61, 0x08,
    0x2d, 0xde, 0x6d, 0xff, 0x0d, 0xff, 0x2a, 0xfe, 0xc9, 0xfd, 0x88, 0xfd, 0xe7, 0xfc, 0x45, 0xfc, 0x05, 0xfc, 0x25, 0xf4, 0xa6, 0xfc, 0x88, 0xfd, 0x89, 0xfd, 0xca, 0xfd, 0xeb, 0xfd, 0x77, 0xff, 0xfc, 0xff, 0xfb, 0xff, 0xfc, 0xff, 0xfc, 0xff,
    0xfc, 0xff, 0xfc, 0xff, 0xfc, 0xff, 0xfc, 0xff, 0xfc, 0xff, 0xfb, 0xff, 0xfb, 0xff, 0xfb, 0xff, 0xfb, 0xff, 0xfb, 0xff, 0xfb, 0xff, 0xfb, 0xff, 0xfb, 0xff, 0xfc, 0xff, 0xfb, 0xff, 0xfb, 0xff, 0xfb, 0xff, 0xfb, 0xff, 0xfb, 0xff, 0xfb, 0xff,
    0xfc, 0xff, 0xfb, 0xff, 0xfb, 0xff, 0xfb, 0xff, 0xfb, 0xff, 0xfb, 0xff, 0xfb, 0xff, 0xfb, 0xff, 0xfb, 0xff, 0xfc, 0xff, 0xfb, 0xff, 0xfc, 0xff, 0xfc, 0xff, 0xfc, 0xff, 0xfb, 0xff, 0xfb, 0xff, 0xfc, 0xff, 0xfc, 0xff, 0xfc, 0xff, 0xfc, 0xff,
    0xfb, 0xff, 0xfc, 0xff, 0xfc, 0xff, 0xf4, 0xf6, 0xa9, 0xfd, 0x88, 0xfd, 0xa9, 0xfd, 0xa9, 0xfd, 0xa8, 0xfd, 0xc8, 0xfd, 0xc9, 0xfd, 0xc9, 0xfd, 0xc9, 0xfd, 0xc9, 0xfd, 0xe9, 0xfd, 0x0a, 0xfe, 0xea, 0xfd, 0xc9, 0xfd, 0xc9, 0xfd, 0xc9, 0xfd,
    0xa9, 0xfd, 0x6b, 0xfe, 0x67, 0x8b, 0x00, 0x00, 0x20, 0x00, 0x58, 0xce, 0xff, 0xff, 0xff, 0xff, 0xff, 0xff, 0xff, 0xff, 0xff, 0xff, 0xff, 0xff, 0xff, 0xff, 0xff, 0xff, 0xff, 0xff, 0xff, 0xff, 0xff, 0xff, 0xff, 0xff, 0xff, 0xff, 0xff, 0xff,
    0xff, 0xff, 0xff, 0xff, 0xff, 0xff, 0xff, 0xff, 0xff, 0xff, 0xff, 0xff, 0xff, 0xff, 0xff, 0xff, 0xff, 0xff, 0xff, 0xff, 0xff, 0xff, 0xff, 0xff, 0xff, 0xff, 0xff, 0xff, 0xff, 0xff, 0xff, 0xff, 0xdf, 0xff, 0x65, 0x29, 0x00, 0x00, 0x45, 0x5a,
    0xaf, 0xff, 0x2d, 0xff, 0x8b, 0xfe, 0xa8, 0xfd, 0xc9, 0xfd, 0xe9, 0xfd, 0xe9, 0xfd, 0xe9, 0xfd, 0xe9, 0xfd, 0xe9, 0xfd, 0xe9, 0xfd, 0xa8, 0xfd, 0x89, 0xfd, 0x88, 0xfd, 0x2d, 0xfe, 0xda, 0xff, 0xfb, 0xff, 0xfb, 0xff, 0xfb, 0xff, 0xfc, 0xff,
    0xfc, 0xff, 0xfc, 0xff, 0xfc, 0xff, 0xfc, 0xff, 0xfc, 0xff, 0xfb, 0xff, 0xfb, 0xff, 0xfb, 0xff, 0xfb, 0xff, 0xfb, 0xff, 0xfb, 0xff, 0xfb, 0xff, 0xfb, 0xff, 0xfc, 0xff, 0xfb, 0xff, 0xfb, 0xff, 0xfb, 0xff, 0xfb, 0xff, 0xfb, 0xff, 0xfb, 0xff,
    0xfb, 0xff, 0xfb, 0xff, 0xfb, 0xff, 0xfb, 0xff, 0xfb, 0xff, 0xfb, 0xff, 0xfb, 0xff, 0xfb, 0xff, 0xfb, 0xff, 0xfb, 0xff, 0xfb, 0xff, 0xfc, 0xff, 0xfc, 0xff, 0xfc, 0xff, 0xfc, 0xff, 0xfb, 0xff, 0xfb, 0xff, 0xfb, 0xff, 0xfb, 0xff, 0xfb, 0xff,
    0xfc, 0xff, 0xdb, 0xff, 0x90, 0xfe, 0x68, 0xfd, 0x88, 0xfd, 0xa9, 0xfd, 0xa9, 0xfd, 0xa9, 0xfd, 0xa9, 0xfd, 0xa9, 0xfd, 0xa8, 0xfd, 0xc8, 0xfd, 0xc9, 0xfd, 0xc9, 0xfd, 0xc9, 0xfd, 0xc9, 0xfd, 0xc9, 0xfd, 0xc9, 0xfd, 0xea, 0xfd, 0x0a, 0xfe,
    0xa9, 0xfd, 0xe8, 0xf4, 0xc6, 0xe3, 0x61, 0x10, 0x00, 0x00, 0x4c, 0x6b, 0xff, 0xff, 0xdf, 0xff, 0xff, 0xff, 0xff, 0xff, 0xff, 0xff, 0xff, 0xff, 0xff, 0xff, 0xff, 0xff, 0xff, 0xff, 0xff, 0xff, 0xff, 0xff, 0xff, 0xff, 0xff, 0xff, 0xff, 0xff,
    0xff, 0xff, 0xff, 0xff, 0xff, 0xff, 0xff, 0xff, 0xff, 0xff, 0xff, 0xff, 0xff, 0xff, 0xff, 0xff, 0xff, 0xff, 0xff, 0xff, 0xff, 0xff, 0xff, 0xff, 0xff, 0xff, 0xff, 0xff, 0xff, 0xff, 0xff, 0xff, 0xd6, 0xbd, 0x00, 0x00, 0x20, 0x00, 0x65, 0xc3,
    0x88, 0xfd, 0xac, 0xf6, 0x0a, 0xfe, 0xe9, 0xfd, 0xc9, 0xfd, 0xc9, 0xfd, 0xc9, 0xfd, 0xc9, 0xfd, 0xc9, 0xfd, 0xa8, 0xfd, 0xa8, 0xfd, 0xa8, 0xfd, 0x89, 0xfd, 0x68, 0xfd, 0x90, 0xfe, 0xfc, 0xff, 0xfb, 0xff, 0xfb, 0xff, 0xfb, 0xff, 0xfc, 0xff,
    0xfc, 0xff, 0xfc, 0xff, 0xfc, 0xff, 0xfc, 0xff, 0xfc, 0xff, 0xfb, 0xff, 0xfb, 0xff, 0xfb, 0xff, 0xfb, 0xff, 0xfb, 0xff, 0xfb, 0xff, 0xfb, 0xff, 0xfb, 0xff, 0xfb, 0xff, 0xfb, 0xff, 0xfc, 0xff, 0xfc, 0xff, 0xfc, 0xff, 0xfc, 0xff, 0xfb, 0xff,
    0xfb, 0xff, 0xfb, 0xff, 0xfb, 0xff, 0xfb, 0xff, 0xfb, 0xff, 0xfb, 0xff, 0xfb, 0xff, 0xfb, 0xff, 0xfb, 0xff, 0xfb, 0xff, 0xfb, 0xff, 0xfc, 0xff, 0xfc, 0xff, 0xfb, 0xff, 0xfc, 0xff, 0xfc, 0xff, 0xfb, 0xff, 0xfb, 0xff, 0xfb, 0xff, 0xfb, 0xff,
    0xfc, 0xff, 0x14, 0xf7, 0x88, 0xfd, 0x68, 0xfd, 0x88, 0xfd, 0xa8, 0xfd, 0xa8, 0xfd, 0xa9, 0xfd, 0xa8, 0xfd, 0xa8, 0xfd, 0xa8, 0xfd, 0xa9, 0xfd, 0xc9, 0xfd, 0xc9, 0xfd, 0xc9, 0xfd, 0xa9, 0xfd, 0xc9, 0xfd, 0x0a, 0xfe, 0xca, 0xfd, 0xa8, 0xf4,
    0xa5, 0xf3, 0xe4, 0xea, 0x44, 0xfb, 0x83, 0x61, 0x00, 0x00, 0xe3, 0x18, 0x9e, 0xf7, 0xff, 0xff, 0xff, 0xff, 0xff, 0xff, 0xff, 0xff, 0xff, 0xff, 0xff, 0xff, 0xff, 0xff, 0xff, 0xff, 0xff, 0xff, 0xff, 0xff, 0xff, 0xff, 0xff, 0xff, 0xff, 0xff,
    0xff, 0xff, 0xff, 0xff, 0xff, 0xff, 0xff, 0xff, 0xff, 0xff, 0xff, 0xff, 0xff, 0xff, 0xff, 0xff, 0xff, 0xff, 0xff, 0xff, 0xff, 0xff, 0xff, 0xff, 0xff, 0xff, 0xff, 0xff, 0xff, 0xff, 0xff, 0xff, 0xaa, 0x5a, 0x00, 0x00, 0x22, 0x41, 0xc5, 0xfb,
    0xc5, 0xfb, 0xe5, 0xf3, 0x26, 0xf4, 0x48, 0xfd, 0xe9, 0xfd, 0xe9, 0xfd, 0xc9, 0xfd, 0xc9, 0xfd, 0xc9, 0xfd, 0xa8, 0xfd, 0xa8, 0xfd, 0xa8, 0xfd, 0xa9, 0xfd, 0x88, 0xfd, 0x0d, 0xfe, 0xdb, 0xff, 0xfd, 0xff, 0xfb, 0xff, 0xfc, 0xff, 0xfb, 0xff,
    0xfb, 0xff, 0xfc, 0xff, 0xfc, 0xff, 0xfc, 0xff, 0xfb, 0xff, 0xfb, 0xff, 0xfb, 0xff, 0xfb, 0xff, 0xfb, 0xff, 0xfb, 0xff, 0xfb, 0xff, 0xfb, 0xff, 0xfb, 0xff, 0xfb, 0xff, 0xfb, 0xff, 0xfb, 0xff, 0xfc, 0xff, 0xfc, 0xff, 0xfc, 0xff, 0xfb, 0xff,
    0xfb, 0xff, 0xfb, 0xff, 0xfb, 0xff, 0xfb, 0xff, 0xfb, 0xff, 0xfb, 0xff, 0xfb, 0xff, 0xfb, 0xff, 0xfb, 0xff, 0xfb, 0xff, 0xfb, 0xff, 0xfb, 0xff, 0xfb, 0xff, 0xfb, 0xff, 0xfb, 0xff, 0xfc, 0xff, 0xfc, 0xff, 0xfb, 0xff, 0xfb, 0xff, 0xfc, 0xff,
    0xba, 0xff, 0x0c, 0xf6, 0x88, 0xfd, 0x68, 0xfd, 0x88, 0xfd, 0xa9, 0xfd, 0xa8, 0xfd, 0xa8, 0xfd, 0xa8, 0xfd, 0xa8, 0xfd, 0xa8, 0xfd, 0x88, 0xfd, 0xa9, 0xfd, 0xa9, 0xfd, 0xa9, 0xfd, 0xe9, 0xfd, 0x89, 0xfd, 0xc7, 0xf4, 0x65, 0xf3, 0xe3, 0xf2,
    0x03, 0xf3, 0xe3, 0xf2, 0x43, 0xfb, 0x23, 0xaa, 0x00, 0x00, 0x00, 0x00, 0xd7, 0xbd, 0xff, 0xff, 0xff, 0xff, 0xff, 0xff, 0xff, 0xff, 0xff, 0xff, 0xff, 0xff, 0xff, 0xff, 0xff, 0xff, 0xff, 0xff, 0xff, 0xff, 0xff, 0xff, 0xff, 0xff, 0xff, 0xff,
    0xff, 0xff, 0xff, 0xff, 0xff, 0xff, 0xff, 0xff, 0xff, 0xff, 0xff, 0xff, 0xff, 0xff, 0xff, 0xff, 0xff, 0xff, 0xff, 0xff, 0xff, 0xff, 0xff, 0xff, 0xff, 0xff, 0xff, 0xff, 0xff, 0xff, 0x5d, 0xef, 0x81, 0x10, 0x00, 0x00, 0x24, 0x92, 0xc5, 0xfb,
    0x64, 0xfb, 0x44, 0xfb, 0x24, 0xfb, 0x44, 0xfb, 0x66, 0xf4, 0x48, 0xfd, 0xe9, 0xfd, 0xc9, 0xfd, 0xc9, 0xfd, 0x09, 0xfe, 0xc8, 0xfd, 0xa8, 0xfd, 0xa9, 0xfd, 0xa9, 0xfd, 0xa9, 0xfd, 0x70, 0xfe, 0x15, 0xff, 0x78, 0xf7, 0xfc, 0xff, 0xfb, 0xff,
    0xfb, 0xff, 0xfb, 0xff, 0xfb, 0xff, 0xfb, 0xff, 0xfb, 0xff, 0xfb, 0xff, 0xfb, 0xff, 0xfb, 0xff, 0xfb, 0xff, 0xfb, 0xff, 0xfb, 0xff, 0xfb, 0xff, 0xfb, 0xff, 0xfb, 0xff, 0xfb, 0xff, 0xfb, 0xff, 0xfc, 0xff, 0xfc, 0xff, 0xfc, 0xff, 0xfc, 0xff,
    0xfb, 0xff, 0xfb, 0xff, 0xfb, 0xff, 0xfb, 0xff, 0xfb, 0xff, 0xfb, 0xff, 0xfb, 0xff, 0xfb, 0xff, 0xfb, 0xff, 0xfb, 0xff, 0xfb, 0xff, 0xfb, 0xff, 0xfb, 0xff, 0xfb, 0xff, 0xfb, 0xff, 0xfb, 0xff, 0xfc, 0xff, 0xfc, 0xff, 0xfc, 0xff, 0xfc, 0xff,
    0xfc, 0xff, 0x4f, 0xfe, 0x88, 0xfd, 0x88, 0xfd, 0x88, 0xfd, 0xa9, 0xfd, 0xa8, 0xfd, 0xa9, 0xfd, 0xa8, 0xfd, 0x88, 0xfd, 0xc9, 0xfd, 0x09, 0xfe, 0xa9, 0xfd, 0xa9, 0xfd, 0xc9, 0xfd, 0xc7, 0xfc, 0x84, 0xf3, 0x24, 0xf3, 0x04, 0xfb, 0x09, 0xf4,
    0x6b, 0xf4, 0x4a, 0xf4, 0xa7, 0xfb, 0x0a, 0xe4, 0xa6, 0x39, 0x82, 0x10, 0x6d, 0x6b, 0xff, 0xff, 0xdf, 0xff, 0xff, 0xff, 0xff, 0xff, 0xdf, 0xff, 0xde, 0xff, 0xff, 0xff, 0xff, 0xff, 0xff, 0xff, 0xdf, 0xff, 0xdf, 0xff, 0xff, 0xff, 0xff, 0xff,
    0xff, 0xff, 0xff, 0xff, 0xff, 0xff, 0xff, 0xff, 0xff, 0xff, 0xff, 0xff, 0xff, 0xff, 0xff, 0xff, 0xff, 0xff, 0xff, 0xff, 0xff, 0xff, 0xff, 0xff, 0xff, 0xff, 0xdf, 0xff, 0xff, 0xff, 0x34, 0xa5, 0x00, 0x00, 0x20, 0x08, 0x25, 0xd3, 0xa5, 0xfb,
    0x44, 0xfb, 0x44, 0xfb, 0x44, 0xfb, 0x43, 0xfb, 0xe5, 0xf3, 0x06, 0xf4, 0x28, 0xfd, 0xe9, 0xfd, 0xc9, 0xfd, 0x07, 0xb4, 0x89, 0xf5, 0xc9, 0xfd, 0xa8, 0xfd, 0xa8, 0xfd, 0xa9, 0xfd, 0x88, 0xfd, 0xa9, 0xfd, 0x57, 0xff, 0xfc, 0xff, 0xfb, 0xff,
    0xfb, 0xff, 0xfb, 0xff, 0xfb, 0xff, 0xfb, 0xff, 0xfb, 0xff, 0xfb, 0xff, 0xfb, 0xff, 0xfb, 0xff, 0xfb, 0xff, 0xfb, 0xff, 0xfb, 0xff, 0xfb, 0xff, 0xfb, 0xff, 0xfc, 0xff, 0xfb, 0xff, 0xfb, 0xff, 0xfb, 0xff, 0xfc, 0xff, 0xfc, 0xff, 0xfb, 0xff,
    0xfb, 0xff, 0xfb, 0xff, 0xfb, 0xff, 0xfb, 0xff, 0xfb, 0xff, 0xfb, 0xff, 0xfb, 0xff, 0xfb, 0xff, 0xfb, 0xff, 0xfb, 0xff, 0xfb, 0xff, 0xfb, 0xff, 0xfb, 0xff, 0xfb, 0xff, 0xfb, 0xff, 0xfb, 0xff, 0xfc, 0xff, 0xfc, 0xff, 0xfc, 0xff, 0xfb, 0xff,
    0xfd, 0xff, 0xf3, 0xfe, 0xa8, 0xfd, 0xa9, 0xfd, 0x89, 0xfd, 0xa9, 0xfd, 0xa8, 0xfd, 0xa9, 0xfd, 0xa8, 0xfd, 0xc8, 0xfd, 0xe8, 0xdc, 0xa7, 0xa3, 0xc9, 0xfd, 0xc9, 0xfd, 0xe7, 0xf4, 0x63, 0xf3, 0x84, 0xfb, 0x44, 0xfb, 0x03, 0xfb, 0x8c, 0xf4,
    0x71, 0xf5, 0x50, 0xf5, 0xc8, 0xeb, 0x50, 0xfd, 0x2f, 0x9c, 0xcb, 0x52, 0x65, 0x29, 0xdf, 0xff, 0xdf, 0xff, 0xff, 0xff, 0xdf, 0xff, 0xdf, 0xff, 0xdf, 0xff, 0xdf, 0xff, 0xdf, 0xff, 0xde, 0xff, 0xdf, 0xff, 0xdf, 0xff, 0xff, 0xff, 0xff, 0xff,
    0xff, 0xff, 0xff, 0xff, 0xff, 0xff, 0xff, 0xff, 0xff, 0xff, 0xff, 0xff, 0xff, 0xff, 0xff, 0xff, 0xff, 0xff, 0xff, 0xff, 0xff, 0xff, 0xff, 0xff, 0xff, 0xff, 0xff, 0xff, 0xff, 0xff, 0xca, 0x5a, 0x00, 0x00, 0xe2, 0x38, 0x85, 0xfb, 0x24, 0xfb,
    0x44, 0xfb, 0x43, 0xfb, 0x43, 0xfb, 0x23, 0xfb, 0x63, 0xfb, 0x84, 0xf3, 0x26, 0xec, 0x2a, 0xfe, 0x48, 0xbc, 0x21, 0x00, 0x89, 0xed, 0xc8, 0xfd, 0xa8, 0xfd, 0xa8, 0xfd, 0xa8, 0xfd, 0xa9, 0xfd, 0xcb, 0xfd, 0x78, 0xff, 0xfc, 0xff, 0xfb, 0xff,
    0xfb, 0xff, 0xfb, 0xff, 0xfb, 0xff, 0xfb, 0xff, 0xfb, 0xff, 0xfb, 0xff, 0xfb, 0xff, 0xfb, 0xff, 0xfb, 0xff, 0xfb, 0xff, 0xfb, 0xff, 0xfb, 0xff, 0xfb, 0xff, 0xfb, 0xff, 0xfb, 0xff, 0xfb, 0xff, 0xfb, 0xff, 0xfc, 0xff, 0xfb, 0xff, 0xfb, 0xff,
    0xfb, 0xff, 0xfb, 0xff, 0xfb, 0xff, 0xfb, 0xff, 0xfb, 0xff, 0xfb, 0xff, 0xfb, 0xff, 0xfc, 0xff, 0xfc, 0xff, 0xfb, 0xff, 0xfb, 0xff, 0xfb, 0xff, 0xfb, 0xff, 0xfb, 0xff, 0xfb, 0xff, 0xfb, 0xff, 0xfc, 0xff, 0xfc, 0xff, 0xfc, 0xff, 0xfb, 0xff,
    0xfc, 0xff, 0x98, 0xff, 0xea, 0xfd, 0xc9, 0xfd, 0xa9, 0xfd, 0xa9, 0xfd, 0xa8, 0xfd, 0xa8, 0xfd, 0x88, 0xfd, 0xe9, 0xfd, 0x88, 0xc4, 0x00, 0x00, 0xe9, 0xd4, 0x0a, 0xfe, 0xe7, 0xf4, 0x84, 0xf3, 0x64, 0xf3, 0x04, 0xfb, 0xe2, 0xfa, 0x8c, 0xfc,
    0x0e, 0xf5, 0x0f, 0xf5, 0xc8, 0xf3, 0x2f, 0xfd, 0x0e, 0xa4, 0xaa, 0x4a, 0x24, 0x21, 0x9e, 0xf7, 0xff, 0xff, 0xdf, 0xff, 0xff, 0xff, 0xdf, 0xff, 0xdf, 0xff, 0xde, 0xff, 0xde, 0xff, 0xdf, 0xff, 0xbe, 0xf7, 0xdf, 0xff, 0xff, 0xff, 0xff, 0xff,
    0xff, 0xff, 0xff, 0xff, 0xff, 0xff, 0xff, 0xff, 0xff, 0xff, 0xff, 0xff, 0xff, 0xff, 0xff, 0xff, 0xff, 0xff, 0xff, 0xff, 0xff, 0xff, 0xff, 0xff, 0xff, 0xff, 0xff, 0xff, 0xde, 0xff, 0x03, 0x21, 0x00, 0x00, 0x85, 0x72, 0x86, 0xfc, 0x84, 0xf3,
    0x64, 0xfb, 0x43, 0xfb, 0x23, 0xfb, 0xa4, 0xf3, 0x25, 0xf4, 0x46, 0xf4, 0x28, 0xf5, 0x2a, 0xfe, 0x24, 0x62, 0x02, 0x29, 0x0a, 0xfe, 0xa8, 0xfd, 0xa9, 0xfd, 0xa8, 0xfd, 0xa8, 0xfd, 0xa9, 0xfd, 0xeb, 0xf5, 0x99, 0xff, 0xfc, 0xff, 0xfb, 0xff,
    0xfb, 0xff, 0xfb, 0xff, 0xfb, 0xff, 0xfb, 0xff, 0xfb, 0xff, 0xfb, 0xff, 0xfb, 0xff, 0xfb, 0xff, 0xfb, 0xff, 0xfb, 0xff, 0xfb, 0xff, 0xfb, 0xff, 0xfb, 0xff, 0xfb, 0xff, 0xfb, 0xff, 0xfb, 0xff, 0xfb, 0xff, 0xfb, 0xff, 0xfb, 0xff, 0xfb, 0xff,
    0xfb, 0xff, 0xfb, 0xff, 0xfb, 0xff, 0xfb, 0xff, 0xfb, 0xff, 0xfb, 0xff, 0xfb, 0xff, 0xfc, 0xff, 0xfc, 0xff, 0xfb, 0xff, 0xfb, 0xff, 0xfb, 0xff, 0xfb, 0xff, 0xfb, 0xff, 0xfb, 0xff, 0xfb, 0xff, 0xfc, 0xff, 0xfc, 0xff, 0xfc, 0xff, 0xfc, 0xff,
    0xfb, 0xff, 0xdb, 0xff, 0x4e, 0xfe, 0xa8, 0xfd, 0xa9, 0xfd, 0xa9, 0xfd, 0xa8, 0xfd, 0xa8, 0xfd, 0x88, 0xfd, 0xa8, 0xfd, 0x8a, 0xf5, 0x41, 0x08, 0xc5, 0x72, 0x2a, 0xfe, 0xc9, 0xfd, 0x68, 0xfd, 0x86, 0xf4, 0x25, 0xfc, 0xe4, 0xfb, 0x8a, 0xf4,
    0x0e, 0xf5, 0xcd, 0xf4, 0x28, 0xec, 0x33, 0xfe, 0x2f, 0xd5, 0xc7, 0x39, 0x49, 0x4a, 0xfb, 0xde, 0xff, 0xff, 0xbe, 0xff, 0xff, 0xff, 0xdf, 0xff, 0xdf, 0xff, 0xde, 0xff, 0xdf, 0xff, 0xde, 0xff, 0xde, 0xff, 0xdf, 0xff, 0xff, 0xff, 0xff, 0xff,
    0xff, 0xff, 0xff, 0xff, 0xff, 0xff, 0xff, 0xff, 0xff, 0xff, 0xff, 0xff, 0xff, 0xff, 0xff, 0xff, 0xff, 0xff, 0xff, 0xff, 0xff, 0xff, 0xff, 0xff, 0xff, 0xff, 0xff, 0xff, 0xba, 0xd6, 0x20, 0x00, 0x00, 0x00, 0x88, 0xbc, 0x4a, 0xfe, 0xa8, 0xfd,
    0x88, 0xfd, 0x48, 0xfd, 0x48, 0xfd, 0x68, 0xfd, 0x68, 0xfd, 0xa9, 0xfd, 0xa8, 0xfd, 0xa9, 0xfd, 0xa1, 0x18, 0x04, 0x52, 0x2a, 0xfe, 0xa8, 0xfd, 0xa8, 0xfd, 0xa8, 0xfd, 0xa8, 0xfd, 0xa8, 0xfd, 0x4e, 0xf6, 0xfb, 0xff, 0xfb, 0xff, 0xfb, 0xff,
    0xfb, 0xff, 0xfb, 0xff, 0xfb, 0xff, 0xfc, 0xff, 0xfb, 0xff, 0xfb, 0xff, 0xfb, 0xff, 0xfb, 0xff, 0xfb, 0xff, 0xfb, 0xff, 0xfb, 0xff, 0xfb, 0xff, 0xfb, 0xff, 0xfb, 0xff, 0xfb, 0xff, 0xfb, 0xff, 0xfb, 0xff, 0xfb, 0xff, 0xfb, 0xff, 0xfb, 0xff,
    0xfb, 0xff, 0xfb, 0xff, 0xfc, 0xff, 0xfc, 0xff, 0xfc, 0xff, 0xfb, 0xff, 0xfb, 0xff, 0xfb, 0xff, 0xfc, 0xff, 0xfc, 0xff, 0xfc, 0xff, 0xfb, 0xff, 0xfb, 0xff, 0xfb, 0xff, 0xfb, 0xff, 0xfc, 0xff, 0xfc, 0xff, 0xfc, 0xff, 0xfc, 0xff, 0xfc, 0xff,
    0xfb, 0xff, 0xfc, 0xff, 0xb1, 0xf6, 0xc9, 0xfd, 0xc9, 0xfd, 0xa9, 0xfd, 0xc9, 0xfd, 0x88, 0xfd, 0x88, 0xfd, 0x88, 0xfd, 0xc9, 0xfd, 0xe2, 0x28, 0x02, 0x29, 0xea, 0xfd, 0xa8, 0xfd, 0xc9, 0xfd, 0xe9, 0xfd, 0xe9, 0xfd, 0xe9, 0xfd, 0x6f, 0xfe,
    0x71, 0xfe, 0x71, 0xfe, 0xec, 0xfd, 0x4f, 0xfe, 0x71, 0xf6, 0x07, 0x42, 0x24, 0x21, 0x50, 0x8c, 0xff, 0xff, 0xbe, 0xf7, 0xdf, 0xff, 0xdf, 0xff, 0xdf, 0xff, 0xdf, 0xff, 0xdf, 0xff, 0xdf, 0xff, 0xdf, 0xff, 0xdf, 0xff, 0xff, 0xff, 0xff, 0xff,
    0xff, 0xff, 0xff, 0xff, 0xff, 0xff, 0xff, 0xff, 0xff, 0xff, 0xff, 0xff, 0xff, 0xff, 0xff, 0xff, 0xff, 0xff, 0xff, 0xff, 0xff, 0xff, 0xff, 0xff, 0xdf, 0xff, 0xff, 0xff, 0x34, 0xa5, 0x00, 0x00, 0x61, 0x08, 0x49, 0xe5, 0xe9, 0xfd, 0xa8, 0xfd,
    0xc9, 0xfd, 0xc9, 0xfd, 0xc9, 0xfd, 0xc9, 0xfd, 0xc9, 0xfd, 0x88, 0xfd, 0xc9, 0xfd, 0xc8, 0xdc, 0x00, 0x00, 0x66, 0x8b, 0x29, 0xfe, 0x88, 0xfd, 0xa8, 0xfd, 0xa8, 0xfd, 0xa9, 0xfd, 0xc9, 0xfd, 0xd2, 0xf6, 0xfc, 0xff, 0xfb, 0xff, 0xfb, 0xff,
    0xfb, 0xff, 0xfb, 0xff, 0xfc, 0xff, 0xfb, 0xff, 0xfb, 0xff, 0xfb, 0xff, 0xfb, 0xff, 0xfb, 0xff, 0xfb, 0xff, 0xfb, 0xff, 0xfb, 0xff, 0xfb, 0xff, 0xfb, 0xff, 0xfb, 0xff, 0xfc, 0xff, 0xfb, 0xff, 0xfb, 0xff, 0xfb, 0xff, 0xfb, 0xff, 0xfc, 0xff,
    0xfb, 0xff, 0xfc, 0xff, 0xfc, 0xff, 0xfc, 0xff, 0xfc, 0xff, 0xfc, 0xff, 0xfc, 0xff, 0xfc, 0xff, 0xfc, 0xff, 0xfc, 0xff, 0xfc, 0xff, 0xfc, 0xff, 0xfc, 0xff, 0xfc, 0xff, 0xfc, 0xff, 0xfc, 0xff, 0xfc, 0xff, 0xfc, 0xff, 0xfc, 0xff, 0xfb, 0xff,
    0xfb, 0xff, 0xfc, 0xff, 0x14, 0xff, 0xa8, 0xfd, 0xc9, 0xfd, 0xa8, 0xfd, 0xe9, 0xfd, 0xa8, 0xfd, 0x88, 0xfd, 0x68, 0xfd, 0xe9, 0xfd, 0x24, 0x5a, 0x20, 0x00, 0x89, 0xed, 0xc8, 0xfd, 0xa8, 0xfd, 0xa9, 0xfd, 0xc9, 0xfd, 0xc9, 0xfd, 0xa8, 0xfd,
    0xa8, 0xfd, 0x88, 0xfd, 0x88, 0xfd, 0x68, 0xfd, 0xa9, 0xfd, 0x83, 0x41, 0x00, 0x00, 0xca, 0x5a, 0xff, 0xff, 0xff, 0xff, 0xff, 0xff, 0xff, 0xff, 0xff, 0xff, 0xff, 0xff, 0xff, 0xff, 0xff, 0xff, 0xff, 0xff, 0xff, 0xff, 0xff, 0xff, 0xff, 0xff,
    0xff, 0xff, 0xff, 0xff, 0xff, 0xff, 0xff, 0xff, 0xff, 0xff, 0xff, 0xff, 0xff, 0xff, 0xff, 0xff, 0xff, 0xff, 0xff, 0xff, 0xff, 0xff, 0xff, 0xff, 0xdf, 0xff, 0xff, 0xff, 0x0f, 0x84, 0x00, 0x00, 0x42, 0x31, 0xe9, 0xfd, 0xc8, 0xfd, 0xc8, 0xfd,
    0xc8, 0xfd, 0xc9, 0xfd, 0xc8, 0xfd, 0xc9, 0xfd, 0xc9, 0xfd, 0xa8, 0xfd, 0x09, 0xfe, 0xa6, 0xa3, 0x00, 0x00, 0x67, 0xbc, 0x09, 0xfe, 0xa8, 0xfd, 0xc9, 0xfd, 0xa8, 0xfd, 0xc9, 0xfd, 0x0a, 0xfe, 0x56, 0xff, 0xfd, 0xff, 0xfb, 0xff, 0xfb, 0xff,
    0xfc, 0xff, 0xfc, 0xff, 0xfc, 0xff, 0xfc, 0xff, 0xfc, 0xff, 0xfc, 0xff, 0xfc, 0xff, 0xfb, 0xff, 0xfb, 0xff, 0xfb, 0xff, 0xfb, 0xff, 0xfb, 0xff, 0xfb, 0xff, 0xfb, 0xff, 0xfc, 0xff, 0xfc, 0xff, 0xfc, 0xff, 0xfc, 0xff, 0xfc, 0xff, 0xfc, 0xff,
    0xfc, 0xff, 0xfc, 0xff, 0xfc, 0xff, 0xfc, 0xff, 0xfc, 0xff, 0xfc, 0xff, 0xfc, 0xff, 0xfc, 0xff, 0xfc, 0xff, 0xfc, 0xff, 0xfc, 0xff, 0xfc, 0xff, 0xfc, 0xff, 0xfc, 0xff, 0xfc, 0xff, 0xfc, 0xff, 0xfc, 0xff, 0xfc, 0xff, 0xfc, 0xff, 0xfc, 0xff,
    0xfb, 0xff, 0xfc, 0xff, 0x97, 0xff, 0xea, 0xfd, 0xe9, 0xfd, 0xc8, 0xfd, 0xc9, 0xfd, 0xc8, 0xfd, 0x88, 0xfd, 0x68, 0xfd, 0xe9, 0xfd, 0x26, 0x8b, 0x00, 0x00, 0xe8, 0xd4, 0x09, 0xfe, 0xc9, 0xfd, 0xc9, 0xfd, 0xc9, 0xfd, 0xe9, 0xfd, 0xe9, 0xfd,
    0xc9, 0xfd, 0xc9, 0xfd, 0xa9, 0xfd, 0x89, 0xfd, 0x0a, 0xfe, 0x45, 0x62, 0x00, 0x00, 0xe7, 0x39, 0xff, 0xff, 0xff, 0xff, 0xff, 0xff, 0xff, 0xff, 0xff, 0xff, 0xff, 0xff, 0xff, 0xff, 0xff, 0xff, 0xff, 0xff, 0xff, 0xff, 0xff, 0xff, 0xff, 0xff,
    
};

const lv_img_dsc_t icon_cat_dejected = {
  .header.magic = LV_IMAGE_HEADER_MAGIC,
  .header.cf = LV_COLOR_FORMAT_RGB565,
  .header.w = 120,
  .header.h = 120,
  .data_size = 28800,
  .data = icon_cat_dejected_map,
};
