#ifdef __has_include
    #if __has_include("lvgl.h")
        #ifndef LV_LVGL_H_INCLUDE_SIMPLE
            #define LV_LVGL_H_INCLUDE_SIMPLE
        #endif
    #endif
#endif

#if defined(LV_LVGL_H_INCLUDE_SIMPLE)
    #include "lvgl.h"
#else
    #include "lvgl/lvgl.h"
#endif

#ifndef LV_ATTRIBUTE_MEM_ALIGN
#define LV_ATTRIBUTE_MEM_ALIGN
#endif

#ifndef LV_ATTRIBUTE_IMG_ICON_CAT_NEUTRAL
#define LV_ATTRIBUTE_IMG_ICON_CAT_NEUTRAL
#endif

const LV_ATTRIBUTE_MEM_ALIGN LV_ATTRIBUTE_LARGE_CONST LV_ATTRIBUTE_IMG_ICON_CAT_NEUTRAL uint8_t icon_cat_neutral_map[] = {
    0xff, 0xff, 0xff, 0xff, 0xff, 0xff, 0xff, 0xff, 0xff, 0xff, 0xff, 0xff, 0xff, 0xff, 0xff, 0xff, 0xff, 0xff, 0xff, 0xff, 0xff, 0xff, 0xff, 0xff, 0xff, 0xff, 0xff, 0xff, 0xff, 0xff, 0xff, 0xff, 0xff, 0xff, 0xff, 0xff, 0xff, 0xff, 0xff, 0xff,
    0xff, 0xff, 0xff, 0xff, 0xff, 0xff, 0xff, 0xff, 0xff, 0xff, 0xff, 0xff, 0xff, 0xff, 0xff, 0xff, 0xff, 0xff, 0xff, 0xff, 0xff, 0xff, 0xff, 0xff, 0xff, 0xff, 0xff, 0xff, 0xff, 0xff, 0xff, 0xff, 0xff, 0xff, 0xff, 0xff, 0xff, 0xff, 0xff, 0xff,
    0xff, 0xff, 0xff, 0xff, 0xff, 0xff, 0xff, 0xff, 0xff, 0xff, 0xff, 0xff, 0xff, 0xff, 0xff, 0xff, 0xff, 0xff, 0xff, 0xff, 0xff, 0xff, 0xff, 0xff, 0xff, 0xff, 0xff, 0xff, 0xff, 0xff, 0xff, 0xff, 0xff, 0xff, 0xff, 0xff, 0xff, 0xff, 0xff, 0xff,
    0xff, 0xff, 0xff, 0xff, 0xff, 0xff, 0xff, 0xff, 0xff, 0xff, 0xff, 0xff, 0xff, 0xff, 0xff, 0xff, 0xff, 0xff, 0xff, 0xff, 0xff, 0xff, 0xff, 0xff, 0xff, 0xff, 0xff, 0xff, 0xff, 0xff, 0xff, 0xff, 0xff, 0xff, 0xff, 0xff, 0xff, 0xff, 0xff, 0xff,
    0xff, 0xff, 0xff, 0xff, 0xff, 0xff, 0xff, 0xff, 0xff, 0xff, 0xff, 0xff, 0xff, 0xff, 0xff, 0xff, 0xff, 0xff, 0xff, 0xff, 0xff, 0xff, 0xff, 0xff, 0xff, 0xff, 0xff, 0xff, 0xff, 0xff, 0xff, 0xff, 0xff, 0xff, 0xff, 0xff, 0xff, 0xff, 0xff, 0xff,
    0xff, 0xff, 0xff, 0xff, 0xff, 0xff, 0xff, 0xff, 0xff, 0xff, 0xff, 0xff, 0xff, 0xff, 0xff, 0xff, 0xff, 0xff, 0xff, 0xff, 0xff, 0xff, 0xff, 0xff, 0xff, 0xff, 0xff, 0xff, 0xff, 0xff, 0xff, 0xff, 0xff, 0xff, 0xff, 0xff, 0xff, 0xff, 0xff, 0xff,
    0xff, 0xff, 0xff, 0xff, 0xff, 0xff, 0xff, 0xff, 0xff, 0xff, 0xff, 0xff, 0xff, 0xff, 0xff, 0xff, 0xff, 0xff, 0xff, 0xff, 0xff, 0xff, 0xff, 0xff, 0xff, 0xff, 0xff, 0xff, 0xff, 0xff, 0xff, 0xff, 0xff, 0xff, 0xff, 0xff, 0xff, 0xff, 0xff, 0xff,
    0xff, 0xff, 0xff, 0xff, 0xff, 0xff, 0xff, 0xff, 0xff, 0xff, 0xff, 0xff, 0xff, 0xff, 0xff, 0xff, 0xff, 0xff, 0xff, 0xff, 0xff, 0xff, 0xff, 0xff, 0xff, 0xff, 0xff, 0xff, 0xff, 0xff, 0xff, 0xff, 0xff, 0xff, 0xff, 0xff, 0xff, 0xff, 0xff, 0xff,
    0xff, 0xff, 0xff, 0xff, 0xff, 0xff, 0xff, 0xff, 0xff, 0xff, 0xff, 0xff, 0xff, 0xff, 0xff, 0xff, 0xff, 0xff, 0xff, 0xff, 0xff, 0xff, 0xff, 0xff, 0xff, 0xff, 0xff, 0xff, 0xff, 0xff, 0xff, 0xff, 0xff, 0xff, 0xff, 0xff, 0xff, 0xff, 0xff, 0xff,
    0xff, 0xff, 0xff, 0xff, 0xff, 0xff, 0xff, 0xff, 0xff, 0xff, 0xff, 0xff, 0xff, 0xff, 0xff, 0xff, 0xff, 0xff, 0xff, 0xff, 0xff, 0xff, 0xff, 0xff, 0xff, 0xff, 0xff, 0xff, 0xff, 0xff, 0xff, 0xff, 0xff, 0xff, 0xff, 0xff, 0xff, 0xff, 0xff, 0xff,
    0xff, 0xff, 0xff, 0xff, 0xff, 0xff, 0xff, 0xff, 0xff, 0xff, 0xff, 0xff, 0xff, 0xff, 0xff, 0xff, 0xff, 0xff, 0xff, 0xff, 0xff, 0xff, 0xff, 0xff, 0xff, 0xff, 0xff, 0xff, 0xff, 0xff, 0xff, 0xff, 0xff, 0xff, 0xff, 0xff, 0xff, 0xff, 0xff, 0xff,
    0xff, 0xff, 0xff, 0xff, 0xff, 0xff, 0xff, 0xff, 0xff, 0xff, 0xff, 0xff, 0xff, 0xff, 0xff, 0xff, 0xff, 0xff, 0xff, 0xff, 0xff, 0xff, 0xff, 0xff, 0xff, 0xff, 0xff, 0xff, 0xff, 0xff, 0xff, 0xff, 0xff, 0xff, 0xff, 0xff, 0xff, 0xff, 0xff, 0xff,
    0xff, 0xff, 0xff, 0xff, 0xff, 0xff, 0xff, 0xff, 0xff, 0xff, 0xff, 0xff, 0xff, 0xff, 0xff, 0xff, 0xff, 0xff, 0xff, 0xff, 0xff, 0xff, 0xff, 0xff, 0xff, 0xff, 0xff, 0xff, 0xff, 0xff, 0xff, 0xff, 0xff, 0xff, 0xff, 0xff, 0xff, 0xff, 0xff, 0xff,
    0xff, 0xff, 0xff, 0xff, 0xff, 0xff, 0xff, 0xff, 0xff, 0xff, 0xff, 0xff, 0xff, 0xff, 0xff, 0xff, 0xff, 0xff, 0xff, 0xff, 0xff, 0xff, 0xff, 0xff, 0xff, 0xff, 0xff, 0xff, 0xff, 0xff, 0xff, 0xff, 0xff, 0xff, 0xff, 0xff, 0xff, 0xff, 0xff, 0xff,
    0xff, 0xff, 0xff, 0xff, 0xff, 0xff, 0xff, 0xff, 0xff, 0xff, 0xff, 0xff, 0xff, 0xff, 0xff, 0xff, 0xff, 0xff, 0xff, 0xff, 0xff, 0xff, 0xff, 0xff, 0xff, 0xff, 0xff, 0xff, 0xff, 0xff, 0xff, 0xff, 0xff, 0xff, 0xff, 0xff, 0xff, 0xff, 0xff, 0xff,
    0xff, 0xff, 0xff, 0xff, 0xff, 0xff, 0xff, 0xff, 0xff, 0xff, 0xff, 0xff, 0xff, 0xff, 0xff, 0xff, 0xff, 0xff, 0xff, 0xff, 0xff, 0xff, 0xff, 0xff, 0xff, 0xff, 0xff, 0xff, 0xff, 0xff, 0xff, 0xff, 0xff, 0xff, 0xff, 0xff, 0xff, 0xff, 0xff, 0xff,
    0xff, 0xff, 0xff, 0xff, 0xff, 0xff, 0xff, 0xff, 0xff, 0xff, 0xff, 0xff, 0xff, 0xff, 0xff, 0xff, 0xff, 0xff, 0xff, 0xff, 0xff, 0xff, 0xff, 0xff, 0xff, 0xff, 0xff, 0xff, 0xff, 0xff, 0xff, 0xff, 0xff, 0xff, 0xff, 0xff, 0xff, 0xff, 0xff, 0xff,
    0xff, 0xff, 0xff, 0xff, 0xff, 0xff, 0xff, 0xff, 0xff, 0xff, 0xff, 0xff, 0xff, 0xff, 0xff, 0xff, 0xff, 0xff, 0xff, 0xff, 0xff, 0xff, 0xff, 0xff, 0xff, 0xff, 0xff, 0xff, 0xff, 0xff, 0xff, 0xff, 0xff, 0xff, 0xff, 0xff, 0xff, 0xff, 0xff, 0xff,
    0xff, 0xff, 0xff, 0xff, 0xff, 0xff, 0xff, 0xff, 0xff, 0xff, 0xff, 0xff, 0xff, 0xff, 0xff, 0xff, 0xff, 0xff, 0xff, 0xff, 0xff, 0xff, 0xff, 0xff, 0xff, 0xff, 0xff, 0xff, 0xff, 0xff, 0xff, 0xff, 0xff, 0xff, 0xff, 0xff, 0xff, 0xff, 0xff, 0xff,
    0xff, 0xff, 0xff, 0xff, 0xff, 0xff, 0xff, 0xff, 0xff, 0xff, 0xff, 0xff, 0xff, 0xff, 0xff, 0xff, 0xff, 0xff, 0xff, 0xff, 0xff, 0xff, 0xff, 0xff, 0xff, 0xff, 0xff, 0xff, 0xff, 0xff, 0xff, 0xff, 0xff, 0xff, 0xff, 0xff, 0xff, 0xff, 0xff, 0xff,
    0xff, 0xff, 0xff, 0xff, 0xff, 0xff, 0xff, 0xff, 0xff, 0xff, 0xff, 0xff, 0xff, 0xff, 0xff, 0xff, 0xff, 0xff, 0xff, 0xff, 0xff, 0xff, 0xff, 0xff, 0xff, 0xff, 0xff, 0xff, 0xff, 0xff, 0xff, 0xff, 0xff, 0xff, 0xff, 0xff, 0xff, 0xff, 0xff, 0xff,
    0xff, 0xff, 0xff, 0xff, 0xff, 0xff, 0xff, 0xff, 0xff, 0xff, 0xff, 0xff, 0xff, 0xff, 0xff, 0xff, 0xff, 0xff, 0xff, 0xff, 0xff, 0xff, 0xff, 0xff, 0xff, 0xff, 0xff, 0xff, 0xff, 0xff, 0xff, 0xff, 0xff, 0xff, 0xff, 0xff, 0xff, 0xff, 0xff, 0xff,
    0xff, 0xff, 0xff, 0xff, 0xff, 0xff, 0xff, 0xff, 0xff, 0xff, 0xff, 0xff, 0xff, 0xff, 0xff, 0xff, 0xff, 0xff, 0xff, 0xff, 0xff, 0xff, 0xff, 0xff, 0xff, 0xff, 0xff, 0xff, 0xff, 0xff, 0xff, 0xff, 0xff, 0xff, 0xff, 0xff, 0xff, 0xff, 0xff, 0xff,
    0xff, 0xff, 0xff, 0xff, 0xff, 0xff, 0xff, 0xff, 0xff, 0xff, 0xff, 0xff, 0xff, 0xff, 0xff, 0xff, 0xff, 0xff, 0xff, 0xff, 0xff, 0xff, 0xff, 0xff, 0xff, 0xff, 0xff, 0xff, 0xff, 0xff, 0xff, 0xff, 0xff, 0xff, 0xff, 0xff, 0xff, 0xff, 0xff, 0xff,
    0xff, 0xff, 0xff, 0xff, 0xff, 0xff, 0xff, 0xff, 0xff, 0xff, 0xff, 0xff, 0xff, 0xff, 0xff, 0xff, 0xff, 0xff, 0xff, 0xff, 0xff, 0xff, 0xff, 0xff, 0xff, 0xff, 0xff, 0xff, 0xff, 0xff, 0xff, 0xff, 0xff, 0xff, 0xff, 0xff, 0xff, 0xff, 0xff, 0xff,
    0xff, 0xff, 0xff, 0xff, 0xff, 0xff, 0xff, 0xff, 0xff, 0xff, 0xff, 0xff, 0xff, 0xff, 0xff, 0xff, 0xff, 0xff, 0xff, 0xff, 0xff, 0xff, 0xff, 0xff, 0xff, 0xff, 0xff, 0xff, 0xff, 0xff, 0xff, 0xff, 0xff, 0xff, 0xff, 0xff, 0xff, 0xff, 0xff, 0xff,
    0xff, 0xff, 0xff, 0xff, 0xff, 0xff, 0xff, 0xff, 0xff, 0xff, 0xff, 0xff, 0xff, 0xff, 0xff, 0xff, 0xff, 0xff, 0xff, 0xff, 0xff, 0xff, 0xff, 0xff, 0xff, 0xff, 0xff, 0xff, 0xff, 0xff, 0xff, 0xff, 0xff, 0xff, 0xff, 0xff, 0xff, 0xff, 0xff, 0xff,
    0xff, 0xff, 0xff, 0xff, 0xff, 0xff, 0xff, 0xff, 0xff, 0xff, 0xff, 0xff, 0xff, 0xff, 0xff, 0xff, 0xff, 0xff, 0xff, 0xff, 0xff, 0xff, 0xff, 0xff, 0xff, 0xff, 0xff, 0xff, 0xff, 0xff, 0xff, 0xff, 0xff, 0xff, 0xff, 0xff, 0xff, 0xff, 0xff, 0xff,
    0xff, 0xff, 0xff, 0xff, 0xff, 0xff, 0xff, 0xff, 0xff, 0xff, 0xff, 0xff, 0xff, 0xff, 0xff, 0xff, 0xff, 0xff, 0xff, 0xff, 0xff, 0xff, 0xff, 0xff, 0xff, 0xff, 0xff, 0xff, 0xff, 0xff, 0xff, 0xff, 0xff, 0xff, 0xff, 0xff, 0xff, 0xff, 0xff, 0xff,
    0xff, 0xff, 0xff, 0xff, 0xff, 0xff, 0xff, 0xff, 0xff, 0xff, 0xff, 0xff, 0xff, 0xff, 0xff, 0xff, 0xff, 0xff, 0xff, 0xff, 0xff, 0xff, 0xff, 0xff, 0xff, 0xff, 0xff, 0xff, 0xff, 0xff, 0xff, 0xff, 0xff, 0xff, 0xff, 0xff, 0xff, 0xff, 0xff, 0xff,
    0xff, 0xff, 0xff, 0xff, 0xff, 0xff, 0xff, 0xff, 0xff, 0xff, 0xff, 0xff, 0xff, 0xff, 0xff, 0xff, 0xff, 0xff, 0xff, 0xff, 0xff, 0xff, 0xff, 0xff, 0xff, 0xff, 0xff, 0xff, 0xff, 0xff, 0xff, 0xff, 0xff, 0xff, 0xff, 0xff, 0xff, 0xff, 0xff, 0xff,
    0xff, 0xff, 0xff, 0xff, 0xff, 0xff, 0xff, 0xff, 0xff, 0xff, 0xff, 0xff, 0xff, 0xff, 0xff, 0xff, 0xff, 0xff, 0xff, 0xff, 0xff, 0xff, 0xff, 0xff, 0xff, 0xff, 0xff, 0xff, 0xff, 0xff, 0xff, 0xff, 0xff, 0xff, 0xff, 0xff, 0xff, 0xff, 0xff, 0xff,
    0xff, 0xff, 0xff, 0xff, 0xff, 0xff, 0xff, 0xff, 0xff, 0xff, 0xff, 0xff, 0xff, 0xff, 0xff, 0xff, 0xff, 0xff, 0xff, 0xff, 0xff, 0xff, 0xff, 0xff, 0xff, 0xff, 0xff, 0xff, 0xff, 0xff, 0xff, 0xff, 0xff, 0xff, 0xff, 0xff, 0xff, 0xff, 0xff, 0xff,
    0xff, 0xff, 0xff, 0xff, 0xff, 0xff, 0xff, 0xff, 0xff, 0xff, 0xff, 0xff, 0xff, 0xff, 0xff, 0xff, 0xff, 0xff, 0xff, 0xff, 0xff, 0xff, 0xff, 0xff, 0xff, 0xff, 0xff, 0xff, 0xff, 0xff, 0xff, 0xff, 0xff, 0xff, 0xff, 0xff, 0xff, 0xff, 0xff, 0xff,
    0xff, 0xff, 0xff, 0xff, 0xff, 0xff, 0xff, 0xff, 0xff, 0xff, 0xff, 0xff, 0xff, 0xff, 0xff, 0xff, 0xff, 0xff, 0xff, 0xff, 0xff, 0xff, 0xff, 0xff, 0xff, 0xff, 0xff, 0xff, 0xff, 0xff, 0xff, 0xff, 0xff, 0xff, 0xff, 0xff, 0xff, 0xff, 0xff, 0xff,
    0xff, 0xff, 0xff, 0xff, 0xff, 0xff, 0xff, 0xff, 0xff, 0xff, 0xff, 0xff, 0xff, 0xff, 0xff, 0xff, 0xff, 0xff, 0xff, 0xff, 0xff, 0xff, 0xff, 0xff, 0xff, 0xff, 0xff, 0xff, 0xff, 0xff, 0xff, 0xff, 0xff, 0xff, 0xff, 0xff, 0xff, 0xff, 0xff, 0xff,
    0xff, 0xff, 0xff, 0xff, 0xff, 0xff, 0xff, 0xff, 0xff, 0xff, 0xff, 0xff, 0xff, 0xff, 0xff, 0xff, 0xff, 0xff, 0xff, 0xff, 0xff, 0xff, 0xff, 0xff, 0xff, 0xff, 0xff, 0xff, 0xff, 0xff, 0xff, 0xff, 0xff, 0xff, 0xff, 0xff, 0xff, 0xff, 0xff, 0xff,
    0xff, 0xff, 0xff, 0xff, 0xff, 0xff, 0xff, 0xff, 0xff, 0xff, 0xff, 0xff, 0xff, 0xff, 0xff, 0xff, 0xff, 0xff, 0xff, 0xff, 0xff, 0xff, 0xff, 0xff, 0xff, 0xff, 0xff, 0xff, 0xff, 0xff, 0xff, 0xff, 0xff, 0xff, 0xff, 0xff, 0xff, 0xff, 0xff, 0xff,
    0xff, 0xff, 0xff, 0xff, 0xff, 0xff, 0xff, 0xff, 0xff, 0xff, 0xff, 0xff, 0xff, 0xff, 0xff, 0xff, 0xff, 0xff, 0xff, 0xff, 0xff, 0xff, 0xff, 0xff, 0xff, 0xff, 0xff, 0xff, 0xff, 0xff, 0xff, 0xff, 0xff, 0xff, 0xff, 0xff, 0xff, 0xff, 0xff, 0xff,
    0xff, 0xff, 0xff, 0xff, 0xff, 0xff, 0xff, 0xff, 0xff, 0xff, 0xff, 0xff, 0xff, 0xff, 0xff, 0xff, 0xff, 0xff, 0xff, 0xff, 0xff, 0xff, 0xff, 0xff, 0xff, 0xff, 0xff, 0xff, 0xff, 0xff, 0xff, 0xff, 0xff, 0xff, 0xff, 0xff, 0xff, 0xff, 0xff, 0xff,
    0xff, 0xff, 0xff, 0xff, 0xff, 0xff, 0xff, 0xff, 0xff, 0xff, 0xff, 0xff, 0xff, 0xff, 0xff, 0xff, 0xff, 0xff, 0xff, 0xff, 0xff, 0xff, 0xff, 0xff, 0xff, 0xff, 0xff, 0xff, 0xff, 0xff, 0xff, 0xff, 0xff, 0xff, 0xff, 0xff, 0xff, 0xff, 0xff, 0xff,
    0xff, 0xff, 0xff, 0xff, 0xff, 0xff, 0xff, 0xff, 0xff, 0xff, 0xff, 0xff, 0xff, 0xff, 0xff, 0xff, 0xff, 0xff, 0xff, 0xff, 0xff, 0xff, 0xff, 0xff, 0xff, 0xff, 0xff, 0xff, 0xff, 0xff, 0xff, 0xff, 0xff, 0xff, 0xff, 0xff, 0xff, 0xff, 0xff, 0xff,
    0xff, 0xff, 0xff, 0xff, 0xff, 0xff, 0xff, 0xff, 0xff, 0xff, 0xff, 0xff, 0xff, 0xff, 0xff, 0xff, 0xff, 0xff, 0xff, 0xff, 0xff, 0xff, 0xff, 0xff, 0xff, 0xff, 0xff, 0xff, 0xff, 0xff, 0xff, 0xff, 0xff, 0xff, 0xff, 0xff, 0xff, 0xff, 0xff, 0xff,
    0xff, 0xff, 0xff, 0xff, 0xff, 0xff, 0xff, 0xff, 0xff, 0xff, 0xff, 0xff, 0xff, 0xff, 0xff, 0xff, 0xff, 0xff, 0xff, 0xff, 0xff, 0xff, 0xff, 0xff, 0xff, 0xff, 0xff, 0xff, 0xff, 0xff, 0xff, 0xff, 0xff, 0xff, 0xff, 0xff, 0xff, 0xff, 0xff, 0xff,
    0xff, 0xff, 0xff, 0xff, 0xff, 0xff, 0xff, 0xff, 0xff, 0xff, 0xff, 0xff, 0xff, 0xff, 0xff, 0xff, 0xff, 0xff, 0xff, 0xff, 0xff, 0xff, 0xff, 0xff, 0xff, 0xff, 0xff, 0xff, 0xff, 0xff, 0xff, 0xff, 0xff, 0xff, 0xff, 0xff, 0xff, 0xff, 0xff, 0xff,
    0xff, 0xff, 0xff, 0xff, 0xff, 0xff, 0xff, 0xff, 0xff, 0xff, 0xff, 0xff, 0xff, 0xff, 0xff, 0xff, 0xff, 0xff, 0xff, 0xff, 0xff, 0xff, 0xff, 0xff, 0xff, 0xff, 0xff, 0xff, 0xff, 0xff, 0xff, 0xff, 0xff, 0xff, 0xff, 0xff, 0xff, 0xff, 0xff, 0xff,
    0xff, 0xff, 0xff, 0xff, 0xff, 0xff, 0xff, 0xff, 0xff, 0xff, 0xff, 0xff, 0xff, 0xff, 0xff, 0xff, 0xff, 0xff, 0xff, 0xff, 0xff, 0xff, 0xff, 0xff, 0xff, 0xff, 0xff, 0xff, 0xff, 0xff, 0xff, 0xff, 0xff, 0xff, 0xff, 0xff, 0xff, 0xff, 0xff, 0xff,
    0xff, 0xff, 0xff, 0xff, 0xff, 0xff, 0xff, 0xff, 0xff, 0xff, 0xff, 0xff, 0xff, 0xff, 0xff, 0xff, 0xff, 0xff, 0xff, 0xff, 0xff, 0xff, 0xff, 0xff, 0xff, 0xff, 0xff, 0xff, 0xff, 0xff, 0xff, 0xff, 0xff, 0xff, 0xff, 0xff, 0xff, 0xff, 0xff, 0xff,
    0xff, 0xff, 0xff, 0xff, 0xff, 0xff, 0xff, 0xff, 0xff, 0xff, 0xff, 0xff, 0xff, 0xff, 0xff, 0xff, 0xff, 0xff, 0xff, 0xff, 0xff, 0xff, 0xff, 0xff, 0xff, 0xff, 0xff, 0xff, 0xff, 0xff, 0xff, 0xff, 0xff, 0xff, 0xff, 0xff, 0xff, 0xff, 0xff, 0xff,
    0xff, 0xff, 0xff, 0xff, 0xff, 0xff, 0xff, 0xff, 0xff, 0xff, 0xff, 0xff, 0xff, 0xff, 0xff, 0xff, 0xff, 0xff, 0xff, 0xff, 0xff, 0xff, 0xff, 0xff, 0xff, 0xff, 0xff, 0xff, 0xff, 0xff, 0xff, 0xff, 0xff, 0xff, 0xff, 0xff, 0xff, 0xff, 0xff, 0xff,
    0xff, 0xff, 0xff, 0xff, 0xff, 0xff, 0xff, 0xff, 0xff, 0xff, 0xff, 0xff, 0xff, 0xff, 0xff, 0xff, 0xff, 0xff, 0xff, 0xff, 0xff, 0xff, 0xff, 0xff, 0xff, 0xff, 0xff, 0xff, 0xff, 0xff, 0xff, 0xff, 0xff, 0xff, 0xff, 0xff, 0xff, 0xff, 0xff, 0xff,
    0xff, 0xff, 0xff, 0xff, 0xff, 0xff, 0xff, 0xff, 0xff, 0xff, 0xff, 0xff, 0xff, 0xff, 0xff, 0xff, 0xff, 0xff, 0xff, 0xff, 0xff, 0xff, 0xff, 0xff, 0xff, 0xff, 0xff, 0xff, 0xff, 0xff, 0xff, 0xff, 0xff, 0xff, 0xff, 0xff, 0xff, 0xff, 0xff, 0xff,
    0xff, 0xff, 0xff, 0xff, 0xff, 0xff, 0xff, 0xff, 0xff, 0xff, 0xff, 0xff, 0xff, 0xff, 0xff, 0xff, 0xff, 0xff, 0xff, 0xff, 0xff, 0xff, 0xff, 0xff, 0xff, 0xff, 0xff, 0xff, 0xff, 0xff, 0xff, 0xff, 0xff, 0xff, 0xff, 0xff, 0xff, 0xff, 0xff, 0xff,
    0xff, 0xff, 0xff, 0xff, 0xff, 0xff, 0xff, 0xff, 0xff, 0xff, 0xff, 0xff, 0xff, 0xff, 0xff, 0xff, 0xff, 0xff, 0xff, 0xff, 0xff, 0xff, 0xff, 0xff, 0xff, 0xff, 0xff, 0xff, 0xff, 0xff, 0xff, 0xff, 0xff, 0xff, 0xff, 0xff, 0xff, 0xff, 0xff, 0xff,
    0xff, 0xff, 0xff, 0xff, 0xff, 0xff, 0xff, 0xff, 0xff, 0xff, 0xff, 0xff, 0xff, 0xff, 0xff, 0xff, 0xff, 0xff, 0xff, 0xff, 0xff, 0xff, 0xff, 0xff, 0xff, 0xff, 0xff, 0xff, 0xff, 0xff, 0xff, 0xff, 0xff, 0xff, 0xff, 0xff, 0xff, 0xff, 0xff, 0xff,
    0xff, 0xff, 0xff, 0xff, 0xff, 0xff, 0xff, 0xff, 0xff, 0xff, 0xff, 0xff, 0xff, 0xff, 0xff, 0xff, 0xff, 0xff, 0xff, 0xff, 0xff, 0xff, 0xff, 0xff, 0xff, 0xff, 0xff, 0xff, 0xff, 0xff, 0xff, 0xff, 0xff, 0xff, 0xff, 0xff, 0xff, 0xff, 0xff, 0xff,
    0xff, 0xff, 0xff, 0xff, 0xff, 0xff, 0xff, 0xff, 0xff, 0xff, 0xff, 0xff, 0xff, 0xff, 0xff, 0xff, 0xff, 0xff, 0xff, 0xff, 0xff, 0xff, 0xff, 0xff, 0xff, 0xff, 0xff, 0xff, 0xff, 0xff, 0xff, 0xff, 0xff, 0xff, 0xff, 0xff, 0xff, 0xff, 0xff, 0xff,
    0xff, 0xff, 0xff, 0xff, 0xff, 0xff, 0xff, 0xff, 0xff, 0xff, 0xff, 0xff, 0xff, 0xff, 0xff, 0xff, 0xff, 0xff, 0xff, 0xff, 0xff, 0xff, 0xff, 0xff, 0xff, 0xff, 0xff, 0xff, 0xff, 0xff, 0xff, 0xff, 0xff, 0xff, 0xff, 0xff, 0xff, 0xff, 0xff, 0xff,
    0xff, 0xff, 0xff, 0xff, 0xff, 0xff, 0xff, 0xff, 0xff, 0xff, 0xff, 0xff, 0xff, 0xff, 0xff, 0xff, 0xff, 0xff, 0xff, 0xff, 0xff, 0xff, 0xff, 0xff, 0xff, 0xff, 0xff, 0xff, 0xff, 0xff, 0xff, 0xff, 0xff, 0xff, 0xff, 0xff, 0xff, 0xff, 0xff, 0xff,
    0xff, 0xff, 0xff, 0xff, 0xff, 0xff, 0xff, 0xff, 0xff, 0xff, 0xff, 0xff, 0xff, 0xff, 0xff, 0xff, 0xff, 0xff, 0xff, 0xff, 0xff, 0xff, 0xff, 0xff, 0xff, 0xff, 0xff, 0xff, 0xff, 0xff, 0xff, 0xff, 0xff, 0xff, 0xff, 0xff, 0xff, 0xff, 0xff, 0xff,
    0xff, 0xff, 0xff, 0xff, 0xff, 0xff, 0xff, 0xff, 0xff, 0xff, 0xff, 0xff, 0xff, 0xff, 0xff, 0xff, 0xff, 0xff, 0xff, 0xff, 0xff, 0xff, 0xff, 0xff, 0xff, 0xff, 0xff, 0xff, 0xff, 0xff, 0xff, 0xff, 0xff, 0xff, 0xff, 0xff, 0xff, 0xff, 0xff, 0xff,
    0xff, 0xff, 0xff, 0xff, 0xff, 0xff, 0xff, 0xff, 0xff, 0xff, 0xff, 0xff, 0xff, 0xff, 0xff, 0xff, 0xff, 0xff, 0xff, 0xff, 0xff, 0xff, 0xff, 0xff, 0xff, 0xff, 0xff, 0xff, 0xff, 0xff, 0xff, 0xff, 0xff, 0xff, 0xff, 0xff, 0xff, 0xff, 0xff, 0xff,
    0xff, 0xff, 0xff, 0xff, 0xff, 0xff, 0xff, 0xff, 0xff, 0xff, 0xff, 0xff, 0xff, 0xff, 0xff, 0xff, 0xff, 0xff, 0xff, 0xff, 0xff, 0xff, 0xff, 0xff, 0xff, 0xff, 0xff, 0xff, 0xff, 0xff, 0xff, 0xff, 0xff, 0xff, 0xff, 0xff, 0xff, 0xff, 0xff, 0xff,
    0xff, 0xff, 0xff, 0xff, 0xff, 0xff, 0xff, 0xff, 0xff, 0xff, 0xff, 0xff, 0xff, 0xff, 0xff, 0xff, 0xff, 0xff, 0xff, 0xff, 0xff, 0xff, 0xff, 0xff, 0xff, 0xff, 0xff, 0xff, 0xff, 0xff, 0xff, 0xff, 0xff, 0xff, 0xff, 0xff, 0xff, 0xff, 0xff, 0xff,
    0xff, 0xff, 0xff, 0xff, 0xff, 0xff, 0xff, 0xff, 0xff, 0xff, 0xff, 0xff, 0xff, 0xff, 0xff, 0xff, 0xff, 0xff, 0xff, 0xff, 0xff, 0xff, 0xff, 0xff, 0xff, 0xff, 0xff, 0xff, 0xff, 0xff, 0xff, 0xff, 0xff, 0xff, 0xff, 0xff, 0xff, 0xff, 0xff, 0xff,
    0xff, 0xff, 0xff, 0xff, 0xff, 0xff, 0xff, 0xff, 0xff, 0xff, 0xff, 0xff, 0xff, 0xff, 0xff, 0xff, 0xff, 0xff, 0xff, 0xff, 0xff, 0xff, 0xff, 0xff, 0xff, 0xff, 0xff, 0xff, 0xff, 0xff, 0xff, 0xff, 0xff, 0xff, 0xff, 0xff, 0xff, 0xff, 0xff, 0xff,
    0xff, 0xff, 0xff, 0xff, 0xff, 0xff, 0xff, 0xff, 0xff, 0xff, 0xff, 0xff, 0xff, 0xff, 0xff, 0xff, 0xff, 0xff, 0xff, 0xff, 0xff, 0xff, 0xff, 0xff, 0xff, 0xff, 0xff, 0xff, 0xff, 0xff, 0xff, 0xff, 0xff, 0xff, 0xff, 0xff, 0xff, 0xff, 0xff, 0xff,
    0xff, 0xff, 0xff, 0xff, 0xff, 0xff, 0xff, 0xff, 0xff, 0xff, 0xff, 0xff, 0xff, 0xff, 0xff, 0xff, 0xff, 0xff, 0xff, 0xff, 0xff, 0xff, 0xff, 0xff, 0xff, 0xff, 0xff, 0xff, 0xff, 0xff, 0xff, 0xff, 0xff, 0xff, 0xff, 0xff, 0xff, 0xff, 0xff, 0xff,
    0xff, 0xff, 0xff, 0xff, 0xff, 0xff, 0xff, 0xff, 0xff, 0xff, 0xff, 0xff, 0xff, 0xff, 0xff, 0xff, 0xff, 0xff, 0xff, 0xff, 0xff, 0xff, 0xff, 0xff, 0xff, 0xff, 0xff, 0xff, 0xff, 0xff, 0xff, 0xff, 0xff, 0xff, 0xff, 0xff, 0xff, 0xff, 0xff, 0xff,
    0xff, 0xff, 0xff, 0xff, 0xff, 0xff, 0xff, 0xff, 0xff, 0xff, 0xff, 0xff, 0xff, 0xff, 0xff, 0xff, 0xff, 0xff, 0xff, 0xff, 0xff, 0xff, 0xff, 0xff, 0xff, 0xff, 0xff, 0xff, 0xff, 0xff, 0xff, 0xff, 0xff, 0xff, 0xff, 0xff, 0xff, 0xff, 0xff, 0xff,
    0xff, 0xff, 0xff, 0xff, 0xff, 0xff, 0xff, 0xff, 0xff, 0xff, 0xff, 0xff, 0xff, 0xff, 0xff, 0xff, 0xff, 0xff, 0xff, 0xff, 0xff, 0xff, 0xff, 0xff, 0xff, 0xff, 0xff, 0xff, 0xff, 0xff, 0xff, 0xff, 0xff, 0xff, 0xff, 0xff, 0xff, 0xff, 0xff, 0xff,
    0xff, 0xff, 0xff, 0xff, 0xff, 0xff, 0xff, 0xff, 0xff, 0xff, 0xff, 0xff, 0xff, 0xff, 0xff, 0xff, 0xff, 0xff, 0xff, 0xff, 0xff, 0xff, 0xff, 0xff, 0xff, 0xff, 0xff, 0xff, 0xff, 0xff, 0xff, 0xff, 0xff, 0xff, 0xff, 0xff, 0xff, 0xff, 0xff, 0xff,
    0xff, 0xff, 0xff, 0xff, 0xff, 0xff, 0xff, 0xff, 0xff, 0xff, 0xff, 0xff, 0xff, 0xff, 0xff, 0xff, 0xff, 0xff, 0xff, 0xff, 0xff, 0xff, 0xff, 0xff, 0xff, 0xff, 0xff, 0xff, 0xff, 0xff, 0xff, 0xff, 0xff, 0xff, 0xff, 0xff, 0xff, 0xff, 0xff, 0xff,
    0xff, 0xff, 0xff, 0xff, 0xff, 0xff, 0xff, 0xff, 0xff, 0xff, 0xff, 0xff, 0xff, 0xff, 0xff, 0xff, 0xff, 0xff, 0xff, 0xff, 0xff, 0xff, 0xff, 0xff, 0xff, 0xff, 0xff, 0xff, 0xff, 0xff, 0xff, 0xff, 0xff, 0xff, 0xff, 0xff, 0xff, 0xff, 0xff, 0xff,
    0xff, 0xff, 0xff, 0xff, 0xff, 0xff, 0xff, 0xff, 0xff, 0xff, 0xff, 0xff, 0xff, 0xff, 0xff, 0xff, 0xff, 0xff, 0xff, 0xff, 0xff, 0xff, 0xff, 0xff, 0xff, 0xff, 0xff, 0xff, 0xff, 0xff, 0xff, 0xff, 0xff, 0xff, 0xff, 0xff, 0xff, 0xff, 0xff, 0xff,
    0xff, 0xff, 0xff, 0xff, 0xff, 0xff, 0xff, 0xff, 0xff, 0xff, 0xff, 0xff, 0xff, 0xff, 0xff, 0xff, 0xff, 0xff, 0xff, 0xff, 0xff, 0xff, 0xff, 0xff, 0xff, 0xff, 0xff, 0xff, 0xff, 0xff, 0xff, 0xff, 0xff, 0xff, 0xff, 0xff, 0xff, 0xff, 0xff, 0xff,
    0xff, 0xff, 0xff, 0xff, 0xff, 0xff, 0xff, 0xff, 0xff, 0xff, 0xff, 0xff, 0xff, 0xff, 0xff, 0xff, 0xff, 0xff, 0xff, 0xff, 0xff, 0xff, 0xff, 0xff, 0xff, 0xff, 0xff, 0xff, 0xff, 0xff, 0xff, 0xff, 0xff, 0xff, 0xff, 0xff, 0xff, 0xff, 0xff, 0xff,
    0xff, 0xff, 0xff, 0xff, 0xff, 0xff, 0xff, 0xff, 0xff, 0xff, 0xff, 0xff, 0xff, 0xff, 0xff, 0xff, 0xff, 0xff, 0xff, 0xff, 0xff, 0xff, 0xff, 0xff, 0xff, 0xff, 0xff, 0xff, 0xff, 0xff, 0xff, 0xff, 0xff, 0xff, 0xff, 0xff, 0xff, 0xff, 0xff, 0xff,
    0xff, 0xff, 0xff, 0xff, 0xff, 0xff, 0xff, 0xff, 0xff, 0xff, 0xff, 0xff, 0xff, 0xff, 0xff, 0xff, 0xff, 0xff, 0xff, 0xff, 0xff, 0xff, 0xff, 0xff, 0xff, 0xff, 0xff, 0xff, 0xff, 0xff, 0xff, 0xff, 0xff, 0xff, 0xff, 0xff, 0xff, 0xff, 0xff, 0xff,
    0xff, 0xff, 0xff, 0xff, 0xff, 0xff, 0xff, 0xff, 0xff, 0xff, 0xff, 0xff, 0xff, 0xff, 0xff, 0xff, 0xff, 0xff, 0xff, 0xff, 0xff, 0xff, 0xff, 0xff, 0xff, 0xff, 0xff, 0xff, 0xff, 0xff, 0xff, 0xff, 0xff, 0xff, 0xff, 0xff, 0xff, 0xff, 0xff, 0xff,
    0xff, 0xff, 0xff, 0xff, 0xff, 0xff, 0xff, 0xff, 0xff, 0xff, 0xff, 0xff, 0xff, 0xff, 0xff, 0xff, 0xff, 0xff, 0xff, 0xff, 0xff, 0xff, 0xff, 0xff, 0xff, 0xff, 0xff, 0xff, 0xff, 0xff, 0xff, 0xff, 0xff, 0xff, 0xff, 0xff, 0xff, 0xff, 0xff, 0xff,
    0xff, 0xff, 0xff, 0xff, 0xff, 0xff, 0xff, 0xff, 0xff, 0xff, 0xff, 0xff, 0xff, 0xff, 0xff, 0xff, 0xff, 0xff, 0xff, 0xff, 0xff, 0xff, 0xff, 0xff, 0xff, 0xff, 0xff, 0xff, 0xff, 0xff, 0xff, 0xff, 0xff, 0xff, 0xff, 0xff, 0xff, 0xff, 0xff, 0xff,
    0xff, 0xff, 0xff, 0xff, 0xff, 0xff, 0xff, 0xff, 0xff, 0xff, 0xff, 0xff, 0xff, 0xff, 0xff, 0xff, 0xff, 0xff, 0xdf, 0xff, 0xdf, 0xff, 0xdf, 0xff, 0xdf, 0xff, 0xff, 0xff, 0xff, 0xff, 0xff, 0xff, 0xff, 0xff, 0xff, 0xff, 0xff, 0xff, 0xff, 0xff,
    0xff, 0xff, 0xff, 0xff, 0xff, 0xff, 0xff, 0xff, 0xff, 0xff, 0xff, 0xff, 0xff, 0xff, 0xff, 0xff, 0xff, 0xff, 0xff, 0xff, 0xff, 0xff, 0xff, 0xff, 0xff, 0xff, 0xff, 0xff, 0xff, 0xff, 0xff, 0xff, 0xff, 0xff, 0xff, 0xff, 0xff, 0xff, 0xff, 0xff,
    0xff, 0xff, 0xff, 0xff, 0xff, 0xff, 0xff, 0xff, 0xff, 0xff, 0xff, 0xff, 0xff, 0xff, 0xff, 0xff, 0xff, 0xff, 0xff, 0xff, 0xff, 0xff, 0xff, 0xff, 0xff, 0xff, 0xff, 0xff, 0xff, 0xff, 0xff, 0xff, 0xff, 0xff, 0xff, 0xff, 0xff, 0xff, 0xff, 0xff,
    0xff, 0xff, 0xff, 0xff, 0xff, 0xff, 0xff, 0xff, 0xff, 0xff, 0xff, 0xff, 0xff, 0xff, 0xff, 0xff, 0xff, 0xff, 0xff, 0xff, 0xff, 0xff, 0xff, 0xff, 0xdf, 0xff, 0xff, 0xff, 0xff, 0xff, 0xff, 0xff, 0xff, 0xff, 0xff, 0xff, 0xff, 0xff, 0xff, 0xff,
    0xff, 0xff, 0xff, 0xff, 0xff, 0xff, 0xff, 0xff, 0xdf, 0xff, 0x4c, 0x6b, 0x3c, 0xe7, 0xff, 0xff, 0xff, 0xff, 0xff, 0xff, 0xff, 0xff, 0xff, 0xff, 0xff, 0xff, 0xff, 0xff, 0xff, 0xff, 0xff, 0xff, 0xff, 0xff, 0xff, 0xff, 0xff, 0xff, 0xff, 0xff,
    0xff, 0xff, 0xff, 0xff, 0xff, 0xff, 0xff, 0xff, 0xff, 0xff, 0xff, 0xff, 0xff, 0xff, 0xff, 0xff, 0xff, 0xff, 0xff, 0xff, 0xff, 0xff, 0xff, 0xff, 0xff, 0xff, 0x79, 0xce, 0xaa, 0x52, 0xff, 0xff, 0xff, 0xff, 0xff, 0xff, 0xff, 0xff, 0xff, 0xff,
    0xff, 0xff, 0xff, 0xff, 0xff, 0xff, 0xff, 0xff, 0xff, 0xff, 0xff, 0xff, 0xff, 0xff, 0xff, 0xff, 0xff, 0xff, 0xff, 0xff, 0xff, 0xff, 0xff, 0xff, 0xff, 0xff, 0xff, 0xff, 0xff, 0xff, 0xff, 0xff, 0xff, 0xff, 0xff, 0xff, 0xff, 0xff, 0xff, 0xff,
    0xff, 0xff, 0xff, 0xff, 0xff, 0xff, 0xff, 0xff, 0xff, 0xff, 0xff, 0xff, 0xff, 0xff, 0xff, 0xff, 0xff, 0xff, 0xff, 0xff, 0xff, 0xff, 0xff, 0xff, 0xff, 0xff, 0xff, 0xff, 0xff, 0xff, 0xff, 0xff, 0xff, 0xff, 0xff, 0xff, 0xff, 0xff, 0xff, 0xff,
    0xff, 0xff, 0xff, 0xff, 0xff, 0xff, 0xff, 0xff, 0xff, 0xff, 0xff, 0xff, 0xff, 0xff, 0xff, 0xff, 0xff, 0xff, 0xff, 0xff, 0xff, 0xff, 0xff, 0xff, 0xff, 0xff, 0xff, 0xff, 0xff, 0xff, 0xff, 0xff, 0xff, 0xff, 0xff, 0xff, 0xff, 0xff, 0xff, 0xff,
    0xff, 0xff, 0xff, 0xff, 0xff, 0xff, 0xff, 0xff, 0xff, 0xff, 0xff, 0xff, 0xff, 0xff, 0xbe, 0xf7, 0x1b, 0xe7, 0xfb, 0xde, 0x9d, 0xf7, 0xff, 0xff, 0xff, 0xff, 0xff, 0xff, 0xff, 0xff, 0xff, 0xff, 0xff, 0xff, 0xff, 0xff, 0xff, 0xff, 0xff, 0xff,
    0xff, 0xff, 0xff, 0xff, 0xff, 0xff, 0xff, 0xff, 0xff, 0xff, 0x89, 0x52, 0x28, 0x42, 0xff, 0xff, 0xff, 0xff, 0xff, 0xff, 0xff, 0xff, 0xff, 0xff, 0xff, 0xff, 0xff, 0xff, 0xff, 0xff, 0xff, 0xff, 0xff, 0xff, 0xff, 0xff, 0xff, 0xff, 0xff, 0xff,
    0xff, 0xff, 0xff, 0xff, 0xff, 0xff, 0xff, 0xff, 0xff, 0xff, 0xff, 0xff, 0xff, 0xff, 0xff, 0xff, 0xff, 0xff, 0xff, 0xff, 0xff, 0xff, 0xff, 0xff, 0xff, 0xff, 0xa6, 0x31, 0xce, 0x7b, 0xff, 0xff, 0xdf, 0xff, 0xff, 0xff, 0xff, 0xff, 0xff, 0xff,
    0xff, 0xff, 0xff, 0xff, 0xff, 0xff, 0xff, 0xff, 0xff, 0xff, 0xff, 0xff, 0xff, 0xff, 0x7d, 0xef, 0xd6, 0xbd, 0x30, 0x84, 0x8d, 0x73, 0x6d, 0x6b, 0xb2, 0x94, 0x3c, 0xe7, 0xff, 0xff, 0xff, 0xff, 0xff, 0xff, 0xff, 0xff, 0xff, 0xff, 0xff, 0xff,
    0xff, 0xff, 0xff, 0xff, 0xff, 0xff, 0xff, 0xff, 0xff, 0xff, 0xff, 0xff, 0xff, 0xff, 0xff, 0xff, 0xff, 0xff, 0xff, 0xff, 0xff, 0xff, 0xff, 0xff, 0xff, 0xff, 0xff, 0xff, 0xff, 0xff, 0xff, 0xff, 0xff, 0xff, 0xff, 0xff, 0xff, 0xff, 0xff, 0xff,
    0xff, 0xff, 0xff, 0xff, 0xff, 0xff, 0xff, 0xff, 0xff, 0xff, 0xff, 0xff, 0xff, 0xff, 0xff, 0xff, 0xff, 0xff, 0xff, 0xff, 0xff, 0xff, 0xff, 0xff, 0xff, 0xff, 0xff, 0xff, 0xff, 0xff, 0xff, 0xff, 0xff, 0xff, 0xff, 0xff, 0xff, 0xff, 0xff, 0xff,
    0xff, 0xff, 0xff, 0xff, 0xff, 0xff, 0xff, 0xff, 0xff, 0xff, 0x7d, 0xef, 0xae, 0x73, 0x03, 0x21, 0x00, 0x00, 0x00, 0x00, 0xa2, 0x10, 0x48, 0x4a, 0xb2, 0x94, 0x1b, 0xe7, 0xff, 0xff, 0xff, 0xff, 0xff, 0xff, 0xff, 0xff, 0xff, 0xff, 0xff, 0xff,
    0xff, 0xff, 0xff, 0xff, 0xff, 0xff, 0xff, 0xff, 0xff, 0xff, 0x7d, 0xef, 0x20, 0x00, 0x95, 0xb5, 0xff, 0xff, 0xff, 0xff, 0xff, 0xff, 0xff, 0xff, 0xff, 0xff, 0xff, 0xff, 0xff, 0xff, 0xff, 0xff, 0xff, 0xff, 0xff, 0xff, 0xff, 0xff, 0xff, 0xff,
    0xff, 0xff, 0xff, 0xff, 0xff, 0xff, 0xff, 0xff, 0xff, 0xff, 0xff, 0xff, 0xff, 0xff, 0xff, 0xff, 0xff, 0xff, 0xff, 0xff, 0xff, 0xff, 0xff, 0xff, 0x34, 0xa5, 0x24, 0x21, 0xff, 0xff, 0xff, 0xff, 0xff, 0xff, 0xff, 0xff, 0xff, 0xff, 0xff, 0xff,
    0xff, 0xff, 0xff, 0xff, 0xff, 0xff, 0xff, 0xff, 0xff, 0xff, 0x79, 0xce, 0x2c, 0x63, 0xe3, 0x18, 0x00, 0x00, 0x00, 0x00, 0x00, 0x00, 0x00, 0x00, 0x00, 0x00, 0xc2, 0x18, 0x34, 0xa5, 0xff, 0xff, 0xff, 0xff, 0xff, 0xff, 0xff, 0xff, 0xff, 0xff,
    0xff, 0xff, 0xff, 0xff, 0xff, 0xff, 0xff, 0xff, 0xff, 0xff, 0xff, 0xff, 0xff, 0xff, 0xff, 0xff, 0xff, 0xff, 0xff, 0xff, 0xff, 0xff, 0xff, 0xff, 0xff, 0xff, 0xff, 0xff, 0xff, 0xff, 0xff, 0xff, 0xff, 0xff, 0xff, 0xff, 0xff, 0xff, 0xff, 0xff,
    0xff, 0xff, 0xff, 0xff, 0xff, 0xff, 0xff, 0xff, 0xff, 0xff, 0xff, 0xff, 0xff, 0xff, 0xff, 0xff, 0xff, 0xff, 0xff, 0xff, 0xff, 0xff, 0xff, 0xff, 0xff, 0xff, 0xff, 0xff, 0xff, 0xff, 0xff, 0xff, 0xff, 0xff, 0xff, 0xff, 0xff, 0xff, 0xff, 0xff,
    0xff, 0xff, 0xff, 0xff, 0xff, 0xff, 0xff, 0xff, 0x1b, 0xe7, 0x44, 0x29, 0x00, 0x00, 0x00, 0x00, 0xa4, 0x31, 0xc5, 0x31, 0xa2, 0x08, 0x00, 0x00, 0x00, 0x00, 0x81, 0x10, 0xca, 0x5a, 0x17, 0xc6, 0xff, 0xff, 0xff, 0xff, 0xff, 0xff, 0xff, 0xff,
    0xff, 0xff, 0xff, 0xff, 0xff, 0xff, 0xff, 0xff, 0xff, 0xff, 0xff, 0xff, 0xd2, 0x9c, 0x81, 0x10, 0x9e, 0xf7, 0xff, 0xff, 0xff, 0xff, 0xff, 0xff, 0xff, 0xff, 0xff, 0xff, 0xff, 0xff, 0xff, 0xff, 0xff, 0xff, 0xff, 0xff, 0xff, 0xff, 0xff, 0xff,
    0xff, 0xff, 0xff, 0xff, 0xff, 0xff, 0xff, 0xff, 0xff, 0xff, 0xff, 0xff, 0xff, 0xff, 0xff, 0xff, 0xff, 0xff, 0xff, 0xff, 0xff, 0xff, 0xff, 0xff, 0x28, 0x42, 0xd6, 0xbd, 0xff, 0xff, 0xff, 0xff, 0xff, 0xff, 0xff, 0xff, 0xff, 0xff, 0xff, 0xff,
    0xff, 0xff, 0xff, 0xff, 0xff, 0xff, 0xba, 0xd6, 0xeb, 0x5a, 0x20, 0x00, 0x00, 0x00, 0x00, 0x00, 0x64, 0x29, 0xa9, 0x73, 0xab, 0x9c, 0x8b, 0x9c, 0x45, 0x52, 0x00, 0x00, 0x00, 0x00, 0x34, 0xa5, 0xff, 0xff, 0xff, 0xff, 0xff, 0xff, 0xff, 0xff,
    0xff, 0xff, 0xff, 0xff, 0xff, 0xff, 0xff, 0xff, 0xff, 0xff, 0xff, 0xff, 0xff, 0xff, 0xff, 0xff, 0xff, 0xff, 0xff, 0xff, 0xff, 0xff, 0xff, 0xff, 0xff, 0xff, 0xff, 0xff, 0xff, 0xff, 0xff, 0xff, 0xff, 0xff, 0xff, 0xff, 0xff, 0xff, 0xff, 0xff,
    0xff, 0xff, 0xff, 0xff, 0xff, 0xff, 0xff, 0xff, 0xff, 0xff, 0xff, 0xff, 0xff, 0xff, 0xff, 0xff, 0xff, 0xff, 0xff, 0xff, 0xff, 0xff, 0xff, 0xff, 0xff, 0xff, 0xff, 0xff, 0xff, 0xff, 0xff, 0xff, 0xff, 0xff, 0xff, 0xff, 0xff, 0xff, 0xff, 0xff,
    0xff, 0xff, 0xff, 0xff, 0xff, 0xff, 0xbe, 0xf7, 0xc6, 0x31, 0x00, 0x00, 0x05, 0x42, 0xcc, 0xd5, 0x6b, 0xfe, 0x8c, 0xfe, 0x2d, 0xee, 0xcc, 0xa4, 0xa8, 0x52, 0x41, 0x00, 0x00, 0x00, 0x00, 0x00, 0x89, 0x52, 0x59, 0xce, 0xff, 0xff, 0xff, 0xff,
    0xff, 0xff, 0xff, 0xff, 0xff, 0xff, 0xff, 0xff, 0xff, 0xff, 0xff, 0xff, 0xff, 0xff, 0x50, 0x8c, 0x3c, 0xe7, 0xff, 0xff, 0xff, 0xff, 0xff, 0xff, 0xff, 0xff, 0xff, 0xff, 0xff, 0xff, 0xff, 0xff, 0xff, 0xff, 0xff, 0xff, 0xff, 0xff, 0xff, 0xff,
    0xff, 0xff, 0xff, 0xff, 0xff, 0xff, 0xff, 0xff, 0xff, 0xff, 0xff, 0xff, 0xff, 0xff, 0xff, 0xff, 0xff, 0xff, 0xff, 0xff, 0xff, 0xff, 0xff, 0xff, 0x5d, 0xef, 0xff, 0xff, 0xff, 0xff, 0xff, 0xff, 0xff, 0xff, 0xff, 0xff, 0xff, 0xff, 0xff, 0xff,
    0xff, 0xff, 0x9e, 0xf7, 0xcf, 0x7b, 0x61, 0x08, 0x00, 0x00, 0x00, 0x00, 0x05, 0x42, 0x8d, 0xb5, 0x50, 0xff, 0x0e, 0xff, 0x8b, 0xfe, 0x4a, 0xfe, 0x6b, 0xfe, 0x27, 0x83, 0x00, 0x00, 0x81, 0x10, 0x1b, 0xe7, 0xff, 0xff, 0xff, 0xff, 0xff, 0xff,
    0xff, 0xff, 0xff, 0xff, 0xff, 0xff, 0xff, 0xff, 0xff, 0xff, 0xff, 0xff, 0xff, 0xff, 0xff, 0xff, 0xff, 0xff, 0xff, 0xff, 0xff, 0xff, 0xff, 0xff, 0xff, 0xff, 0xff, 0xff, 0xff, 0xff, 0xff, 0xff, 0xff, 0xff, 0xff, 0xff, 0xff, 0xff, 0xff, 0xff,
    0xff, 0xff, 0xff, 0xff, 0xff, 0xff, 0xff, 0xff, 0xff, 0xff, 0xff, 0xff, 0xff, 0xff, 0xff, 0xff, 0xff, 0xff, 0xff, 0xff, 0xff, 0xff, 0xff, 0xff, 0xff, 0xff, 0xff, 0xff, 0xff, 0xff, 0xff, 0xff, 0xff, 0xff, 0xff, 0xff, 0xff, 0xff, 0xff, 0xff,
    0xff, 0xff, 0xdf, 0xff, 0xff, 0xff, 0x71, 0x8c, 0x00, 0x00, 0x43, 0x31, 0x0b, 0xf6, 0x08, 0xfe, 0x88, 0xfd, 0x88, 0xfd, 0xc8, 0xfd, 0x2a, 0xfe, 0x8d, 0xfe, 0xee, 0xd5, 0x29, 0x63, 0x41, 0x00, 0x00, 0x00, 0x40, 0x08, 0x4d, 0x6b, 0x5d, 0xef,
    0xff, 0xff, 0xff, 0xff, 0xff, 0xff, 0xff, 0xff, 0xff, 0xff, 0xff, 0xff, 0xff, 0xff, 0xff, 0xff, 0xff, 0xff, 0xff, 0xff, 0xff, 0xff, 0xff, 0xff, 0xff, 0xff, 0xff, 0xff, 0xde, 0xff, 0xff, 0xff, 0xff, 0xff, 0xff, 0xff, 0xff, 0xff, 0xff, 0xff,
    0xff, 0xff, 0xff, 0xff, 0xff, 0xff, 0xff, 0xff, 0xff, 0xff, 0xff, 0xff, 0xff, 0xff, 0xff, 0xff, 0xff, 0xff, 0xff, 0xff, 0xff, 0xff, 0xff, 0xff, 0xff, 0xff, 0xff, 0xff, 0xff, 0xff, 0xff, 0xff, 0xff, 0xff, 0xff, 0xff, 0xff, 0xff, 0xff, 0xff,
    0x96, 0xb5, 0x44, 0x29, 0x00, 0x00, 0x00, 0x00, 0x63, 0x29, 0x4d, 0xad, 0xf2, 0xff, 0x4f, 0xff, 0xc9, 0xfd, 0x68, 0xfd, 0x88, 0xfd, 0x89, 0xfd, 0xa8, 0xfd, 0x2b, 0xfe, 0xc4, 0x49, 0x00, 0x00, 0x6d, 0x6b, 0xff, 0xff, 0xff, 0xff, 0xff, 0xff,
    0xff, 0xff, 0xff, 0xff, 0xff, 0xff, 0xff, 0xff, 0xff, 0xff, 0xff, 0xff, 0xff, 0xff, 0xff, 0xff, 0xff, 0xff, 0xff, 0xff, 0xff, 0xff, 0xff, 0xff, 0xff, 0xff, 0xff, 0xff, 0xff, 0xff, 0xff, 0xff, 0xff, 0xff, 0xff, 0xff, 0xff, 0xff, 0xff, 0xff,
    0xff, 0xff, 0xff, 0xff, 0xff, 0xff, 0xff, 0xff, 0xff, 0xff, 0xff, 0xff, 0xff, 0xff, 0xff, 0xff, 0xff, 0xff, 0xff, 0xff, 0xff, 0xff, 0xff, 0xff, 0xff, 0xff, 0xff, 0xff, 0xff, 0xff, 0xff, 0xff, 0xff, 0xff, 0xff, 0xff, 0xff, 0xff, 0xff, 0xff,
    0xff, 0xff, 0xff, 0xff, 0xbe, 0xf7, 0xe3, 0x18, 0x00, 0x00, 0x07, 0xb4, 0x09, 0xfe, 0x88, 0xfd, 0xc8, 0xfd, 0xa8, 0xfd, 0xa8, 0xfd, 0x88, 0xfd, 0x67, 0xfd, 0xc8, 0xfd, 0xac, 0xfe, 0xcd, 0xcd, 0x46, 0x42, 0x00, 0x00, 0x00, 0x00, 0x03, 0x19,
    0x14, 0xa5, 0xff, 0xff, 0xff, 0xff, 0xff, 0xff, 0xff, 0xff, 0xff, 0xff, 0xff, 0xff, 0xff, 0xff, 0xff, 0xff, 0xff, 0xff, 0xff, 0xff, 0xff, 0xff, 0xff, 0xff, 0xff, 0xff, 0x59, 0xce, 0x07, 0x42, 0xbe, 0xf7, 0xff, 0xff, 0xff, 0xff, 0xff, 0xff,
    0xff, 0xff, 0xff, 0xff, 0x75, 0xad, 0x75, 0xad, 0xff, 0xff, 0xff, 0xff, 0xff, 0xff, 0xff, 0xff, 0xdf, 0xff, 0xff, 0xff, 0xff, 0xff, 0xff, 0xff, 0xff, 0xff, 0xff, 0xff, 0xff, 0xff, 0xff, 0xff, 0xdf, 0xff, 0xff, 0xff, 0xbe, 0xf7, 0x4c, 0x6b,
    0x00, 0x00, 0x00, 0x00, 0x61, 0x08, 0x09, 0x84, 0x91, 0xf7, 0xf1, 0xff, 0x4b, 0xfe, 0x68, 0xfd, 0x89, 0xfd, 0xc9, 0xfd, 0xc9, 0xfd, 0xa9, 0xfd, 0x8a, 0xfd, 0xea, 0xfd, 0x69, 0xc4, 0x00, 0x00, 0x81, 0x10, 0x5d, 0xef, 0xff, 0xff, 0xff, 0xff,
    0xff, 0xff, 0xff, 0xff, 0xff, 0xff, 0xff, 0xff, 0xff, 0xff, 0xff, 0xff, 0xff, 0xff, 0xff, 0xff, 0xff, 0xff, 0xff, 0xff, 0xff, 0xff, 0xff, 0xff, 0xff, 0xff, 0xff, 0xff, 0xff, 0xff, 0xff, 0xff, 0xff, 0xff, 0xff, 0xff, 0xff, 0xff, 0xff, 0xff,
    0xff, 0xff, 0xff, 0xff, 0xff, 0xff, 0xff, 0xff, 0xff, 0xff, 0xff, 0xff, 0xff, 0xff, 0xff, 0xff, 0xff, 0xff, 0xff, 0xff, 0xff, 0xff, 0xff, 0xff, 0xff, 0xff, 0xff, 0xff, 0xff, 0xff, 0xff, 0xff, 0xff, 0xff, 0xff, 0xff, 0xff, 0xff, 0xff, 0xff,
    0xff, 0xff, 0xff, 0xff, 0x96, 0xb5, 0x00, 0x00, 0xe2, 0x20, 0x6c, 0xfd, 0x4e, 0xfd, 0x6f, 0xfd, 0x8d, 0xfd, 0xa9, 0xfd, 0xe9, 0xfd, 0xe9, 0xfd, 0x88, 0xfd, 0x88, 0xfd, 0x68, 0xfd, 0xe9, 0xfd, 0xae, 0xfe, 0xac, 0x9c, 0xe3, 0x18, 0x00, 0x00,
    0x00, 0x00, 0xeb, 0x5a, 0x7d, 0xef, 0xff, 0xff, 0xdf, 0xff, 0xff, 0xff, 0xff, 0xff, 0xff, 0xff, 0xff, 0xff, 0xff, 0xff, 0xff, 0xff, 0xff, 0xff, 0xff, 0xff, 0xff, 0xff, 0xff, 0xff, 0x28, 0x42, 0xaa, 0x52, 0xff, 0xff, 0xff, 0xff, 0xff, 0xff,
    0xff, 0xff, 0xb6, 0xb5, 0xa1, 0x10, 0xba, 0xd6, 0xff, 0xff, 0xff, 0xff, 0xff, 0xff, 0xff, 0xff, 0xff, 0xff, 0xff, 0xff, 0xff, 0xff, 0xff, 0xff, 0xff, 0xff, 0xff, 0xff, 0xff, 0xff, 0xdf, 0xff, 0xff, 0xff, 0x9a, 0xd6, 0x86, 0x31, 0x00, 0x00,
    0x00, 0x00, 0xe5, 0x41, 0x4e, 0xd6, 0xf2, 0xff, 0x4f, 0xff, 0xc9, 0xfd, 0x68, 0xfd, 0x68, 0xfd, 0x0a, 0xfe, 0x4a, 0xed, 0xc9, 0xdc, 0x6e, 0xfd, 0x4f, 0xfd, 0x4e, 0xfd, 0x6e, 0xfd, 0x03, 0x29, 0x00, 0x00, 0xf3, 0x9c, 0xff, 0xff, 0xdf, 0xff,
    0xff, 0xff, 0xff, 0xff, 0xff, 0xff, 0xff, 0xff, 0xff, 0xff, 0xff, 0xff, 0xff, 0xff, 0xff, 0xff, 0xff, 0xff, 0xff, 0xff, 0xff, 0xff, 0xff, 0xff, 0xff, 0xff, 0xff, 0xff, 0xff, 0xff, 0xff, 0xff, 0xff, 0xff, 0xff, 0xff, 0xff, 0xff, 0xff, 0xff,
    0xff, 0xff, 0xff, 0xff, 0xff, 0xff, 0xff, 0xff, 0xff, 0xff, 0xff, 0xff, 0xff, 0xff, 0xff, 0xff, 0xff, 0xff, 0xff, 0xff, 0xff, 0xff, 0xff, 0xff, 0xff, 0xff, 0xff, 0xff, 0xff, 0xff, 0xff, 0xff, 0xff, 0xff, 0xff, 0xff, 0xff, 0xff, 0xff, 0xff,
    0xff, 0xff, 0xff, 0xff, 0x0b, 0x63, 0x00, 0x00, 0xa8, 0x7a, 0xb1, 0xfd, 0x0f, 0xfd, 0x50, 0xfd, 0x30, 0xfd, 0x2f, 0xf5, 0x86, 0x72, 0xe6, 0xb3, 0x0a, 0xfe, 0x88, 0xfd, 0x89, 0xfd, 0x89, 0xfd, 0x68, 0xfd, 0x4b, 0xfe, 0x6f, 0xe6, 0x87, 0x4a,
    0x00, 0x00, 0x00, 0x00, 0x45, 0x29, 0x59, 0xce, 0xff, 0xff, 0xdf, 0xff, 0xff, 0xff, 0xff, 0xff, 0xff, 0xff, 0x59, 0xce, 0x54, 0xad, 0xff, 0xff, 0xff, 0xff, 0xdf, 0xff, 0xff, 0xff, 0x7d, 0xef, 0x20, 0x00, 0x75, 0xad, 0xff, 0xff, 0xdf, 0xff,
    0x3c, 0xe7, 0x20, 0x00, 0x95, 0xb5, 0xff, 0xff, 0xdf, 0xff, 0xff, 0xff, 0xff, 0xff, 0x3c, 0xe7, 0xae, 0x73, 0xba, 0xd6, 0xff, 0xff, 0xff, 0xff, 0xff, 0xff, 0xff, 0xff, 0xdf, 0xff, 0xff, 0xff, 0xb6, 0xb5, 0x82, 0x10, 0x00, 0x00, 0x00, 0x00,
    0xc9, 0x7b, 0xb1, 0xff, 0xd0, 0xff, 0xad, 0xfe, 0x89, 0xfd, 0x68, 0xfd, 0x88, 0xfd, 0xe9, 0xfd, 0x87, 0x9b, 0x44, 0x39, 0x4e, 0xcc, 0x70, 0xfd, 0x2f, 0xfd, 0x2f, 0xfd, 0xb1, 0xfd, 0x87, 0x72, 0x00, 0x00, 0xaa, 0x52, 0xff, 0xff, 0xff, 0xff,
    0xff, 0xff, 0xff, 0xff, 0xff, 0xff, 0xff, 0xff, 0xff, 0xff, 0xff, 0xff, 0xff, 0xff, 0xff, 0xff, 0xff, 0xff, 0xff, 0xff, 0xff, 0xff, 0xff, 0xff, 0xff, 0xff, 0xff, 0xff, 0xff, 0xff, 0xff, 0xff, 0xff, 0xff, 0xff, 0xff, 0xff, 0xff, 0xff, 0xff,
    0xff, 0xff, 0xff, 0xff, 0xff, 0xff, 0xff, 0xff, 0xff, 0xff, 0xff, 0xff, 0xff, 0xff, 0xff, 0xff, 0xff, 0xff, 0xff, 0xff, 0xff, 0xff, 0xff, 0xff, 0xff, 0xff, 0xff, 0xff, 0xff, 0xff, 0xff, 0xff, 0xff, 0xff, 0xff, 0xff, 0xff, 0xff, 0xff, 0xff,
    0xff, 0xff, 0xbe, 0xf7, 0x44, 0x29, 0x00, 0x00, 0x0c, 0xbc, 0x90, 0xfd, 0x2f, 0xfd, 0x4f, 0xfd, 0x0f, 0xfd, 0x50, 0xfd, 0x4e, 0xc4, 0x82, 0x18, 0x64, 0x6a, 0x0a, 0xfe, 0xa8, 0xfd, 0x88, 0xfd, 0x88, 0xfd, 0x47, 0xfd, 0xc8, 0xfd, 0xad, 0xfe,
    0xa9, 0x7b, 0x21, 0x00, 0x00, 0x00, 0x41, 0x08, 0x14, 0xa5, 0xff, 0xff, 0xdf, 0xff, 0xff, 0xff, 0xff, 0xff, 0xba, 0xd6, 0x65, 0x29, 0x28, 0x42, 0xbe, 0xf7, 0xff, 0xff, 0xff, 0xff, 0xff, 0xff, 0x34, 0xa5, 0xc2, 0x18, 0xff, 0xff, 0xff, 0xff,
    0xe7, 0x39, 0x6d, 0x6b, 0xff, 0xff, 0xff, 0xff, 0xff, 0xff, 0xff, 0xff, 0xd2, 0x9c, 0x65, 0x29, 0x71, 0x8c, 0xdf, 0xff, 0xff, 0xff, 0xdf, 0xff, 0xff, 0xff, 0xdf, 0xff, 0xff, 0xff, 0xb2, 0x94, 0x00, 0x00, 0x00, 0x00, 0x81, 0x10, 0x6d, 0xb5,
    0xf1, 0xff, 0x8f, 0xff, 0xac, 0xfe, 0x88, 0xfd, 0x68, 0xfd, 0x88, 0xfd, 0xca, 0xfd, 0x24, 0x62, 0x62, 0x10, 0x8e, 0xcc, 0x91, 0xfd, 0x2f, 0xfd, 0x4f, 0xfd, 0x2f, 0xfd, 0xb0, 0xfd, 0xab, 0xab, 0x00, 0x00, 0x03, 0x21, 0xbe, 0xf7, 0xff, 0xff,
    0xff, 0xff, 0xff, 0xff, 0xff, 0xff, 0xff, 0xff, 0xff, 0xff, 0xff, 0xff, 0xff, 0xff, 0xff, 0xff, 0xff, 0xff, 0xff, 0xff, 0xff, 0xff, 0xff, 0xff, 0xff, 0xff, 0xff, 0xff, 0xff, 0xff, 0xff, 0xff, 0xff, 0xff, 0xff, 0xff, 0xff, 0xff, 0xff, 0xff,
    0xff, 0xff, 0xff, 0xff, 0xff, 0xff, 0xff, 0xff, 0xff, 0xff, 0xff, 0xff, 0xff, 0xff, 0xff, 0xff, 0xff, 0xff, 0xff, 0xff, 0xff, 0xff, 0xff, 0xff, 0xff, 0xff, 0xff, 0xff, 0xff, 0xff, 0xff, 0xff, 0xff, 0xff, 0xff, 0xff, 0xff, 0xff, 0xff, 0xff,
    0xff, 0xff, 0x9a, 0xd6, 0x20, 0x00, 0x61, 0x08, 0xef, 0xe4, 0x70, 0xfd, 0x4f, 0xfd, 0x2f, 0xfd, 0x2f, 0xfd, 0x2f, 0xfd, 0x90, 0xfd, 0xcf, 0xdc, 0x41, 0x08, 0xe4, 0x51, 0xc9, 0xfd, 0xa8, 0xfd, 0x88, 0xfd, 0x88, 0xfd, 0x88, 0xfd, 0x67, 0xfd,
    0x6b, 0xfe, 0xab, 0xac, 0xa2, 0x10, 0x00, 0x00, 0x00, 0x00, 0x50, 0x8c, 0xff, 0xff, 0xff, 0xff, 0xff, 0xff, 0xff, 0xff, 0xff, 0xff, 0xca, 0x5a, 0xa6, 0x31, 0xfb, 0xde, 0xba, 0xd6, 0xd6, 0xbd, 0x54, 0xad, 0x40, 0x08, 0x8d, 0x73, 0x0f, 0x84,
    0x00, 0x00, 0xef, 0x7b, 0x30, 0x84, 0x51, 0x8c, 0x54, 0xad, 0x2b, 0x63, 0x00, 0x00, 0xb2, 0x9c, 0xbe, 0xf7, 0xbe, 0xff, 0xff, 0xff, 0xff, 0xff, 0xff, 0xff, 0xff, 0xff, 0x50, 0x8c, 0x00, 0x00, 0x00, 0x00, 0x02, 0x21, 0x2d, 0xce, 0xf0, 0xff,
    0x4f, 0xff, 0xcd, 0xfe, 0xa8, 0xfd, 0x88, 0xfd, 0x88, 0xfd, 0xca, 0xfd, 0xe4, 0x51, 0x41, 0x08, 0xef, 0xdc, 0x91, 0xfd, 0x0f, 0xfd, 0x4f, 0xfd, 0x4f, 0xfd, 0x4f, 0xfd, 0x70, 0xfd, 0x8e, 0xd4, 0x20, 0x00, 0x20, 0x00, 0xba, 0xd6, 0xff, 0xff,
    0xff, 0xff, 0xff, 0xff, 0xff, 0xff, 0xff, 0xff, 0xff, 0xff, 0xff, 0xff, 0xff, 0xff, 0xff, 0xff, 0xff, 0xff, 0xff, 0xff, 0xff, 0xff, 0xff, 0xff, 0xff, 0xff, 0xff, 0xff, 0xff, 0xff, 0xff, 0xff, 0xff, 0xff, 0xff, 0xff, 0xff, 0xff, 0xff, 0xff,
    0xff, 0xff, 0xff, 0xff, 0xff, 0xff, 0xff, 0xff, 0xff, 0xff, 0xff, 0xff, 0xff, 0xff, 0xff, 0xff, 0xff, 0xff, 0xff, 0xff, 0xff, 0xff, 0xff, 0xff, 0xff, 0xff, 0xff, 0xff, 0xff, 0xff, 0xff, 0xff, 0xff, 0xff, 0xff, 0xff, 0xff, 0xff, 0xdf, 0xff,
    0xff, 0xff, 0x14, 0xa5, 0x00, 0x00, 0x23, 0x31, 0x70, 0xfd, 0x4f, 0xfd, 0x4f, 0xfd, 0x4f, 0xfd, 0x2f, 0xfd, 0x2f, 0xfd, 0x0f, 0xfd, 0x70, 0xfd, 0xae, 0xd4, 0x21, 0x08, 0xc4, 0x49, 0xea, 0xfd, 0x88, 0xfd, 0x88, 0xfd, 0x87, 0xfd, 0x88, 0xfd,
    0x47, 0xfd, 0xe9, 0xfd, 0x0b, 0xd5, 0xe2, 0x20, 0x00, 0x00, 0x00, 0x00, 0xcf, 0x7b, 0xff, 0xff, 0xdb, 0xde, 0x34, 0xa5, 0xce, 0x7b, 0x69, 0x4a, 0x00, 0x00, 0x20, 0x00, 0x40, 0x08, 0x00, 0x00, 0x00, 0x00, 0x00, 0x00, 0x00, 0x00, 0x00, 0x00,
    0x00, 0x00, 0x00, 0x00, 0x00, 0x00, 0x00, 0x00, 0x00, 0x00, 0x00, 0x00, 0x00, 0x00, 0x20, 0x00, 0x20, 0x00, 0xe3, 0x18, 0xe7, 0x39, 0x6d, 0x6b, 0xb6, 0xbd, 0x0f, 0x84, 0x00, 0x00, 0x00, 0x00, 0x23, 0x29, 0xae, 0xe6, 0xaf, 0xff, 0x4f, 0xff,
    0xcd, 0xfe, 0xc9, 0xfd, 0xa8, 0xfd, 0x88, 0xfd, 0xea, 0xfd, 0x04, 0x5a, 0x21, 0x00, 0xcf, 0xd4, 0x91, 0xfd, 0x0f, 0xfd, 0x2f, 0xfd, 0x2f, 0xfd, 0x4f, 0xfd, 0x4f, 0xfd, 0x4f, 0xfd, 0x2f, 0xf5, 0xc2, 0x18, 0x00, 0x00, 0x95, 0xb5, 0xff, 0xff,
    0xdf, 0xff, 0xff, 0xff, 0xff, 0xff, 0xff, 0xff, 0xff, 0xff, 0xff, 0xff, 0xff, 0xff, 0xff, 0xff, 0xff, 0xff, 0xff, 0xff, 0xff, 0xff, 0xff, 0xff, 0xff, 0xff, 0xff, 0xff, 0xff, 0xff, 0xff, 0xff, 0xff, 0xff, 0xff, 0xff, 0xff, 0xff, 0xff, 0xff,
    0xff, 0xff, 0xff, 0xff, 0xff, 0xff, 0xff, 0xff, 0xff, 0xff, 0xff, 0xff, 0xff, 0xff, 0xff, 0xff, 0xff, 0xff, 0xff, 0xff, 0xff, 0xff, 0xff, 0xff, 0xff, 0xff, 0xff, 0xff, 0xff, 0xff, 0xff, 0xff, 0xff, 0xff, 0xff, 0xff, 0xff, 0xff, 0xdf, 0xff,
    0xff, 0xff, 0xae, 0x73, 0x00, 0x00, 0xe6, 0x51, 0xb1, 0xfd, 0x2f, 0xfd, 0x4f, 0xfd, 0x4f, 0xfd, 0x4f, 0xfd, 0x50, 0xfd, 0x70, 0xfd, 0x0f, 0xfd, 0x90, 0xfd, 0x4d, 0xc4, 0x00, 0x00, 0x65, 0x6a, 0x09, 0xfe, 0x87, 0xfd, 0x87, 0xfd, 0x67, 0xfd,
    0x68, 0xfd, 0x48, 0xfd, 0xa8, 0xfd, 0x09, 0xe5, 0x02, 0x31, 0x00, 0x00, 0x00, 0x00, 0x44, 0x29, 0x20, 0x00, 0x00, 0x00, 0x00, 0x00, 0x00, 0x00, 0xa1, 0x20, 0x61, 0x18, 0x20, 0x00, 0x67, 0x7b, 0xa7, 0x9b, 0x44, 0xaa, 0x84, 0xba, 0xa4, 0xba,
    0xa4, 0xc2, 0xa4, 0xc2, 0xa5, 0xb2, 0xa2, 0x20, 0x85, 0x62, 0x26, 0x7b, 0x24, 0x5a, 0x22, 0x41, 0xa1, 0x28, 0x20, 0x10, 0x00, 0x00, 0x00, 0x00, 0x00, 0x00, 0x00, 0x00, 0x00, 0x00, 0x23, 0x29, 0x8d, 0xe6, 0x8f, 0xff, 0x2e, 0xff, 0xac, 0xfe,
    0xea, 0xfd, 0xe9, 0xfd, 0x88, 0xfd, 0x09, 0xfe, 0xe5, 0x82, 0x00, 0x00, 0x6d, 0xc4, 0xb1, 0xfd, 0x0f, 0xfd, 0x30, 0xfd, 0x4f, 0xfd, 0x4f, 0xfd, 0x4f, 0xfd, 0x4f, 0xfd, 0x4f, 0xfd, 0x91, 0xfd, 0x64, 0x39, 0x00, 0x00, 0x51, 0x8c, 0xff, 0xff,
    0xdf, 0xff, 0xff, 0xff, 0xff, 0xff, 0xff, 0xff, 0xff, 0xff, 0xff, 0xff, 0xff, 0xff, 0xff, 0xff, 0xff, 0xff, 0xff, 0xff, 0xff, 0xff, 0xff, 0xff, 0xff, 0xff, 0xff, 0xff, 0xff, 0xff, 0xff, 0xff, 0xff, 0xff, 0xff, 0xff, 0xff, 0xff, 0xff, 0xff,
    0xff, 0xff, 0xff, 0xff, 0xff, 0xff, 0xff, 0xff, 0xff, 0xff, 0xff, 0xff, 0xff, 0xff, 0xff, 0xff, 0xff, 0xff, 0xff, 0xff, 0xff, 0xff, 0xff, 0xff, 0xff, 0xff, 0xff, 0xff, 0xff, 0xff, 0xff, 0xff, 0xff, 0xff, 0xff, 0xff, 0xff, 0xff, 0xdf, 0xff,
    0xff, 0xff, 0xeb, 0x5a, 0x00, 0x00, 0xa8, 0x72, 0xb1, 0xfd, 0x2f, 0xfd, 0x50, 0xfd, 0x4f, 0xfd, 0x50, 0xfd, 0x4f, 0xfd, 0x50, 0xfd, 0x2f, 0xfd, 0x0f, 0xfd, 0x91, 0xfd, 0x8a, 0xa3, 0x00, 0x00, 0x46, 0x93, 0x09, 0xfe, 0x67, 0xfd, 0x67, 0xfd,
    0x67, 0xfd, 0x67, 0xfd, 0x47, 0xfd, 0x88, 0xfd, 0x09, 0xed, 0xe2, 0x28, 0x00, 0x00, 0x00, 0x00, 0xe1, 0x30, 0xa4, 0x69, 0x64, 0xa2, 0x05, 0xd3, 0x45, 0xf3, 0x07, 0xec, 0xa7, 0x93, 0x8b, 0xfe, 0x4a, 0xfe, 0x64, 0xfb, 0x64, 0xfb, 0x64, 0xfb,
    0x64, 0xfb, 0x84, 0xfb, 0x65, 0xfb, 0x46, 0xc3, 0x4a, 0xfe, 0x8a, 0xfe, 0x0a, 0xfe, 0xa6, 0xfb, 0x65, 0xfb, 0x25, 0xeb, 0xc4, 0xca, 0x24, 0x92, 0x83, 0x51, 0x81, 0x10, 0x22, 0x31, 0xaa, 0xe5, 0x4a, 0xfe, 0x0a, 0xfe, 0x0a, 0xfe, 0xc9, 0xfd,
    0xc9, 0xfd, 0xa8, 0xfd, 0x09, 0xfe, 0x08, 0xb4, 0x00, 0x00, 0x09, 0x8b, 0x91, 0xfd, 0xef, 0xf4, 0x30, 0xfd, 0x50, 0xfd, 0x50, 0xfd, 0x4f, 0xfd, 0x4f, 0xfd, 0x4f, 0xfd, 0x4f, 0xfd, 0x91, 0xfd, 0xe6, 0x59, 0x00, 0x00, 0x6d, 0x6b, 0xff, 0xff,
    0xdf, 0xff, 0xff, 0xff, 0xff, 0xff, 0xff, 0xff, 0xff, 0xff, 0xff, 0xff, 0xff, 0xff, 0xff, 0xff, 0xff, 0xff, 0xff, 0xff, 0xff, 0xff, 0xff, 0xff, 0xff, 0xff, 0xff, 0xff, 0xff, 0xff, 0xff, 0xff, 0xff, 0xff, 0xff, 0xff, 0xff, 0xff, 0xff, 0xff,
    0xff, 0xff, 0xff, 0xff, 0xff, 0xff, 0xff, 0xff, 0xff, 0xff, 0xff, 0xff, 0xff, 0xff, 0xff, 0xff, 0xff, 0xff, 0xff, 0xff, 0xff, 0xff, 0xff, 0xff, 0xff, 0xff, 0xff, 0xff, 0xff, 0xff, 0xff, 0xff, 0xff, 0xff, 0xff, 0xff, 0xff, 0xff, 0xff, 0xff,
    0xff, 0xff, 0x49, 0x4a, 0x00, 0x00, 0x09, 0x8b, 0x90, 0xfd, 0x2f, 0xfd, 0x70, 0xfd, 0x50, 0xfd, 0x50, 0xfd, 0x50, 0xfd, 0x2f, 0xfd, 0x2f, 0xfd, 0x50, 0xfd, 0x2f, 0xfd, 0x90, 0xfd, 0x06, 0x5a, 0x00, 0x00, 0x88, 0xcc, 0xa8, 0xfd, 0x67, 0xfd,
    0x67, 0xfd, 0x67, 0xfd, 0x68, 0xfd, 0x48, 0xfd, 0xc9, 0xfd, 0x29, 0xdd, 0xe8, 0x9b, 0x28, 0xdc, 0x44, 0xfb, 0x85, 0xfb, 0x85, 0xfb, 0x64, 0xfb, 0x24, 0xfb, 0x46, 0xfc, 0x8b, 0xfe, 0x09, 0xfe, 0xc9, 0xf5, 0x44, 0xf3, 0x24, 0xfb, 0x24, 0xfb,
    0x44, 0xfb, 0x44, 0xfb, 0x44, 0xfb, 0x05, 0xfc, 0xc9, 0xfd, 0xe9, 0xfd, 0x48, 0xf5, 0x24, 0xf3, 0x44, 0xfb, 0x44, 0xfb, 0x44, 0xfb, 0x44, 0xfb, 0xe6, 0xfb, 0x49, 0xed, 0xaa, 0xf5, 0x0a, 0xfe, 0xc9, 0xfd, 0xc9, 0xfd, 0xc9, 0xfd, 0xc9, 0xfd,
    0xa9, 0xfd, 0xc9, 0xfd, 0x69, 0xf5, 0x61, 0x10, 0x84, 0x41, 0x70, 0xfd, 0x50, 0xfd, 0xb1, 0xfd, 0x70, 0xfd, 0x50, 0xfd, 0x70, 0xfd, 0x50, 0xfd, 0x50, 0xfd, 0x4f, 0xfd, 0x2f, 0xfd, 0xb1, 0xfd, 0x67, 0x6a, 0x00, 0x00, 0x89, 0x52, 0xff, 0xff,
    0xff, 0xff, 0xff, 0xff, 0xff, 0xff, 0xff, 0xff, 0xff, 0xff, 0xff, 0xff, 0xff, 0xff, 0xff, 0xff, 0xff, 0xff, 0xff, 0xff, 0xff, 0xff, 0xff, 0xff, 0xff, 0xff, 0xff, 0xff, 0xff, 0xff, 0xff, 0xff, 0xff, 0xff, 0xff, 0xff, 0xff, 0xff, 0xff, 0xff,
    0xff, 0xff, 0xff, 0xff, 0xff, 0xff, 0xff, 0xff, 0xff, 0xff, 0xff, 0xff, 0xff, 0xff, 0xff, 0xff, 0xff, 0xff, 0xff, 0xff, 0xff, 0xff, 0xff, 0xff, 0xff, 0xff, 0xff, 0xff, 0xff, 0xff, 0xff, 0xff, 0xff, 0xff, 0xff, 0xff, 0xff, 0xff, 0xff, 0xff,
    0xff, 0xff, 0xc6, 0x39, 0x00, 0x00, 0x4a, 0x93, 0x90, 0xfd, 0x2f, 0xfd, 0x4f, 0xfd, 0x50, 0xfd, 0x50, 0xfd, 0x50, 0xfd, 0x50, 0xfd, 0x50, 0xfd, 0xcf, 0xec, 0xcf, 0xe4, 0x70, 0xfd, 0x70, 0xfd, 0x81, 0x18, 0x22, 0x31, 0xa9, 0xfd, 0x47, 0xfd,
    0x67, 0xfd, 0xa8, 0xfd, 0xc9, 0xfd, 0xc9, 0xfd, 0xc9, 0xfd, 0xe9, 0xfd, 0x6b, 0xfe, 0xa7, 0xfc, 0xe3, 0xf2, 0x03, 0xf3, 0x24, 0xf3, 0x24, 0xfb, 0x04, 0xfb, 0xe5, 0xfb, 0x09, 0xfe, 0x29, 0xfe, 0xe9, 0xfd, 0x64, 0xfb, 0x44, 0xfb, 0x24, 0xfb,
    0x24, 0xfb, 0x24, 0xfb, 0x24, 0xfb, 0xc5, 0xfb, 0xe9, 0xfd, 0x09, 0xfe, 0x28, 0xfd, 0x03, 0xf3, 0x24, 0xfb, 0x24, 0xfb, 0x24, 0xfb, 0x03, 0xfb, 0x84, 0xf3, 0xc9, 0xfd, 0xc9, 0xfd, 0xa9, 0xfd, 0xc9, 0xfd, 0xea, 0xfd, 0xea, 0xfd, 0xea, 0xfd,
    0xa9, 0xfd, 0xea, 0xfd, 0x04, 0x62, 0x20, 0x00, 0xef, 0xec, 0xd2, 0xfd, 0x2d, 0xc4, 0xc5, 0x51, 0x2a, 0x93, 0x91, 0xfd, 0x50, 0xfd, 0x50, 0xfd, 0x50, 0xfd, 0x50, 0xfd, 0x2f, 0xfd, 0xb1, 0xfd, 0x88, 0x72, 0x00, 0x00, 0xe7, 0x39, 0xff, 0xff,
    0xff, 0xff, 0xff, 0xff, 0xff, 0xff, 0xff, 0xff, 0xff, 0xff, 0xff, 0xff, 0xff, 0xff, 0xff, 0xff, 0xff, 0xff, 0xff, 0xff, 0xff, 0xff, 0xff, 0xff, 0xff, 0xff, 0xff, 0xff, 0xff, 0xff, 0xff, 0xff, 0xff, 0xff, 0xff, 0xff, 0xff, 0xff, 0xff, 0xff,
    0xff, 0xff, 0xff, 0xff, 0xff, 0xff, 0xff, 0xff, 0xff, 0xff, 0xff, 0xff, 0xff, 0xff, 0xff, 0xff, 0xff, 0xff, 0xff, 0xff, 0xff, 0xff, 0xff, 0xff, 0xff, 0xff, 0xff, 0xff, 0xff, 0xff, 0xff, 0xff, 0xff, 0xff, 0xff, 0xff, 0xff, 0xff, 0xff, 0xff,
    0xff, 0xff, 0x86, 0x31, 0x00, 0x00, 0x6a, 0x9b, 0x90, 0xfd, 0x0e, 0xfd, 0x2f, 0xfd, 0x4f, 0xfd, 0x50, 0xfd, 0x50, 0xfd, 0x30, 0xfd, 0x91, 0xfd, 0x88, 0x6a, 0x61, 0x08, 0x44, 0x39, 0x2c, 0xbc, 0x6d, 0xc4, 0x00, 0x00, 0x45, 0x93, 0xe9, 0xfd,
    0x88, 0xfd, 0xc9, 0xfd, 0xe9, 0xfd, 0xc9, 0xfd, 0xc9, 0xfd, 0xc9, 0xfd, 0xea, 0xfd, 0xa7, 0xf4, 0xe3, 0xf2, 0x24, 0xfb, 0x24, 0xfb, 0x24, 0xfb, 0x24, 0xfb, 0xa5, 0xfb, 0xe9, 0xfd, 0x09, 0xfe, 0xe9, 0xfd, 0x64, 0xfb, 0x44, 0xfb, 0x24, 0xfb,
    0x24, 0xfb, 0x44, 0xfb, 0x24, 0xfb, 0x06, 0xfc, 0x09, 0xfe, 0x2a, 0xfe, 0xe8, 0xf4, 0x03, 0xf3, 0x44, 0xfb, 0x24, 0xfb, 0x24, 0xfb, 0x03, 0xfb, 0x05, 0xfc, 0xc9, 0xfd, 0xa9, 0xfd, 0xc9, 0xfd, 0xc9, 0xfd, 0xc9, 0xfd, 0xc9, 0xfd, 0xc9, 0xfd,
    0xe9, 0xfd, 0x09, 0xe5, 0x20, 0x00, 0xc9, 0xab, 0x6f, 0xf5, 0xe6, 0x51, 0x61, 0x08, 0x06, 0x52, 0xae, 0xd4, 0x71, 0xfd, 0x50, 0xfd, 0x50, 0xfd, 0x50, 0xfd, 0x50, 0xfd, 0x2f, 0xfd, 0xb1, 0xfd, 0xa8, 0x72, 0x00, 0x00, 0xc6, 0x39, 0xff, 0xff,
    0xff, 0xff, 0xff, 0xff, 0xff, 0xff, 0xff, 0xff, 0xff, 0xff, 0xff, 0xff, 0xff, 0xff, 0xff, 0xff, 0xff, 0xff, 0xff, 0xff, 0xff, 0xff, 0xff, 0xff, 0xff, 0xff, 0xff, 0xff, 0xff, 0xff, 0xff, 0xff, 0xff, 0xff, 0xff, 0xff, 0xff, 0xff, 0xff, 0xff,
    0xff, 0xff, 0xff, 0xff, 0xff, 0xff, 0xff, 0xff, 0xff, 0xff, 0xff, 0xff, 0xff, 0xff, 0xff, 0xff, 0xff, 0xff, 0xff, 0xff, 0xff, 0xff, 0xff, 0xff, 0xff, 0xff, 0xff, 0xff, 0xff, 0xff, 0xff, 0xff, 0xff, 0xff, 0xff, 0xff, 0xff, 0xff, 0xff, 0xff,
    0xff, 0xff, 0x65, 0x29, 0x00, 0x00, 0x8a, 0xa3, 0x90, 0xfd, 0x0e, 0xfd, 0x2f, 0xfd, 0x2f, 0xfd, 0x30, 0xfd, 0x30, 0xfd, 0x50, 0xfd, 0x91, 0xfd, 0xb1, 0xfd, 0xae, 0xcc, 0x47, 0x5a, 0x00, 0x00, 0x4b, 0xb4, 0xa8, 0x93, 0x27, 0xb4, 0x09, 0xfe,
    0xc9, 0xfd, 0xc9, 0xfd, 0xc9, 0xfd, 0xc9, 0xfd, 0xc9, 0xfd, 0xc9, 0xfd, 0x09, 0xfe, 0x28, 0xfd, 0x03, 0xfb, 0x23, 0xfb, 0x23, 0xfb, 0x44, 0xfb, 0x44, 0xfb, 0x84, 0xfb, 0xc9, 0xfd, 0xe9, 0xfd, 0xe9, 0xfd, 0x05, 0xfc, 0x44, 0xfb, 0x24, 0xfb,
    0x24, 0xfb, 0x24, 0xfb, 0x24, 0xfb, 0x66, 0xfc, 0x0a, 0xfe, 0x0a, 0xfe, 0xc7, 0xf4, 0x23, 0xfb, 0x44, 0xfb, 0x24, 0xfb, 0x24, 0xfb, 0xe3, 0xfa, 0x46, 0xfc, 0xe9, 0xfd, 0xa8, 0xfd, 0xc9, 0xfd, 0xc9, 0xfd, 0xc9, 0xfd, 0xc9, 0xfd, 0xc9, 0xfd,
    0xc9, 0xfd, 0xa9, 0xfd, 0xc9, 0xd4, 0x4c, 0xfe, 0xe7, 0x7a, 0xc4, 0x49, 0x4d, 0xe5, 0x53, 0xfe, 0xd2, 0xfd, 0xb2, 0xfd, 0x91, 0xfd, 0x50, 0xfd, 0x50, 0xfd, 0x50, 0xfd, 0x30, 0xfd, 0xb1, 0xfd, 0x88, 0x72, 0x00, 0x00, 0xc6, 0x39, 0xff, 0xff,
    0xff, 0xff, 0xff, 0xff, 0xff, 0xff, 0xff, 0xff, 0xff, 0xff, 0xff, 0xff, 0xff, 0xff, 0xff, 0xff, 0xff, 0xff, 0xff, 0xff, 0xff, 0xff, 0xff, 0xff, 0xff, 0xff, 0xff, 0xff, 0xff, 0xff, 0xff, 0xff, 0xff, 0xff, 0xff, 0xff, 0xff, 0xff, 0xff, 0xff,
    0xff, 0xff, 0xff, 0xff, 0xff, 0xff, 0xff, 0xff, 0xff, 0xff, 0xff, 0xff, 0xff, 0xff, 0xff, 0xff, 0xff, 0xff, 0xff, 0xff, 0xff, 0xff, 0xff, 0xff, 0xff, 0xff, 0xff, 0xff, 0xff, 0xff, 0xff, 0xff, 0xff, 0xff, 0xff, 0xff, 0xff, 0xff, 0xff, 0xff,
    0xff, 0xff, 0x44, 0x29, 0x00, 0x00, 0x6a, 0xa3, 0x70, 0xfd, 0x0e, 0xfd, 0x2f, 0xfd, 0x30, 0xfd, 0x2f, 0xfd, 0x30, 0xfd, 0xae, 0xe4, 0x2d, 0xc4, 0x4d, 0xcc, 0x2f, 0xf5, 0x11, 0xfe, 0x0c, 0xdd, 0x29, 0xe5, 0x4a, 0xfe, 0x09, 0xfe, 0xc9, 0xfd,
    0xc9, 0xfd, 0xc9, 0xfd, 0xc9, 0xfd, 0xc9, 0xfd, 0xe9, 0xfd, 0xe9, 0xfd, 0x09, 0xfe, 0x89, 0xfd, 0x43, 0xfb, 0x03, 0xfb, 0x24, 0xfb, 0x24, 0xfb, 0x44, 0xfb, 0x85, 0xfb, 0xa9, 0xfd, 0xe9, 0xfd, 0x0a, 0xfe, 0x26, 0xfc, 0x03, 0xfb, 0x44, 0xfb,
    0x24, 0xfb, 0x24, 0xfb, 0x24, 0xfb, 0xa7, 0xfc, 0x0a, 0xfe, 0x0a, 0xfe, 0xa7, 0xf4, 0x03, 0xf3, 0x44, 0xfb, 0x24, 0xfb, 0x03, 0xfb, 0x03, 0xfb, 0x07, 0xfd, 0xe9, 0xfd, 0xc9, 0xfd, 0xc9, 0xfd, 0xc9, 0xfd, 0xc9, 0xfd, 0xc9, 0xfd, 0xc8, 0xfd,
    0xc9, 0xfd, 0xc9, 0xfd, 0xe9, 0xfd, 0xc9, 0xfd, 0x8a, 0xf5, 0x0b, 0xfe, 0x2c, 0xed, 0xe6, 0x59, 0x44, 0x31, 0x44, 0x39, 0x8b, 0xa3, 0x91, 0xfd, 0x50, 0xfd, 0x70, 0xfd, 0x30, 0xfd, 0xb1, 0xfd, 0x67, 0x72, 0x00, 0x00, 0xc7, 0x39, 0xff, 0xff,
    0xff, 0xff, 0xff, 0xff, 0xff, 0xff, 0xff, 0xff, 0xff, 0xff, 0xff, 0xff, 0xff, 0xff, 0xff, 0xff, 0xff, 0xff, 0xff, 0xff, 0xff, 0xff, 0xff, 0xff, 0xff, 0xff, 0xff, 0xff, 0xff, 0xff, 0xff, 0xff, 0xff, 0xff, 0xff, 0xff, 0xff, 0xff, 0xff, 0xff,
    0xff, 0xff, 0xff, 0xff, 0xff, 0xff, 0xff, 0xff, 0xff, 0xff, 0xff, 0xff, 0xff, 0xff, 0xff, 0xff, 0xff, 0xff, 0xff, 0xff, 0xff, 0xff, 0xff, 0xff, 0xff, 0xff, 0xff, 0xff, 0xff, 0xff, 0xff, 0xff, 0xff, 0xff, 0xff, 0xff, 0xff, 0xff, 0xff, 0xff,
    0xff, 0xff, 0x85, 0x31, 0x00, 0x00, 0x29, 0x93, 0x70, 0xfd, 0x0f, 0xfd, 0x2f, 0xfd, 0x2f, 0xfd, 0x30, 0xfd, 0x50, 0xfd, 0x06, 0x5a, 0x61, 0x10, 0x62, 0x08, 0x25, 0x62, 0xab, 0xf5, 0x0a, 0xfe, 0xe9, 0xfd, 0xc9, 0xfd, 0xc9, 0xfd, 0xc9, 0xfd,
    0xc9, 0xfd, 0xc9, 0xfd, 0xc9, 0xfd, 0xc9, 0xfd, 0xc9, 0xfd, 0xe9, 0xfd, 0x0a, 0xfe, 0x0a, 0xfe, 0xa4, 0xfb, 0x03, 0xfb, 0x23, 0xfb, 0x24, 0xfb, 0x44, 0xfb, 0xa5, 0xfb, 0xa9, 0xfd, 0xe9, 0xfd, 0x2a, 0xfe, 0x87, 0xfc, 0x03, 0xfb, 0x24, 0xfb,
    0x24, 0xfb, 0x44, 0xfb, 0x44, 0xfb, 0xe8, 0xfc, 0x0a, 0xfe, 0x0a, 0xfe, 0xa7, 0xf4, 0x03, 0xfb, 0x44, 0xfb, 0x24, 0xfb, 0x23, 0xfb, 0xa5, 0xf3, 0xa9, 0xfd, 0xc9, 0xfd, 0xc9, 0xfd, 0xc9, 0xfd, 0xc9, 0xfd, 0xc9, 0xfd, 0xc9, 0xfd, 0xc9, 0xfd,
    0xc9, 0xfd, 0xc9, 0xfd, 0xa9, 0xfd, 0xa9, 0xfd, 0xc9, 0xfd, 0xa9, 0xfd, 0x4a, 0xed, 0xc9, 0xa3, 0x6a, 0x93, 0xe9, 0x82, 0x4d, 0xc4, 0x90, 0xfd, 0x50, 0xfd, 0x50, 0xfd, 0x2f, 0xfd, 0x91, 0xfd, 0x26, 0x62, 0x00, 0x00, 0x48, 0x4a, 0xff, 0xff,
    0xff, 0xff, 0xff, 0xff, 0xff, 0xff, 0xff, 0xff, 0xff, 0xff, 0xff, 0xff, 0xff, 0xff, 0xff, 0xff, 0xff, 0xff, 0xff, 0xff, 0xff, 0xff, 0xff, 0xff, 0xff, 0xff, 0xff, 0xff, 0xff, 0xff, 0xff, 0xff, 0xff, 0xff, 0xff, 0xff, 0xff, 0xff, 0xff, 0xff,
    0xff, 0xff, 0xff, 0xff, 0xff, 0xff, 0xff, 0xff, 0xff, 0xff, 0xff, 0xff, 0xff, 0xff, 0xff, 0xff, 0xff, 0xff, 0xff, 0xff, 0xff, 0xff, 0xff, 0xff, 0xff, 0xff, 0xff, 0xff, 0xff, 0xff, 0xff, 0xff, 0xff, 0xff, 0xff, 0xff, 0xff, 0xff, 0xff, 0xff,
    0xff, 0xff, 0xa6, 0x31, 0x00, 0x00, 0xe8, 0x8a, 0x70, 0xfd, 0x0f, 0xfd, 0x2f, 0xfd, 0x2f, 0xfd, 0x30, 0xfd, 0x30, 0xfd, 0x0f, 0xf5, 0x0e, 0xed, 0x4b, 0xe5, 0xca, 0xf5, 0xe9, 0xfd, 0xc9, 0xfd, 0xc9, 0xfd, 0xc9, 0xfd, 0xc9, 0xfd, 0xc9, 0xfd,
    0xe9, 0xfd, 0xc9, 0xfd, 0xc9, 0xfd, 0xe9, 0xfd, 0xc9, 0xfd, 0xe9, 0xfd, 0x0a, 0xfe, 0x2a, 0xfe, 0x86, 0xfc, 0x03, 0xfb, 0x24, 0xfb, 0x44, 0xfb, 0x64, 0xfb, 0xc5, 0xfb, 0xc9, 0xfd, 0xe9, 0xfd, 0x2a, 0xfe, 0xe7, 0xf4, 0x03, 0xfb, 0x44, 0xfb,
    0x44, 0xfb, 0x44, 0xfb, 0x64, 0xf3, 0x68, 0xfd, 0xe9, 0xfd, 0x0a, 0xfe, 0x86, 0xf4, 0xe3, 0xfa, 0x24, 0xfb, 0x24, 0xfb, 0x23, 0xfb, 0x66, 0xfc, 0xea, 0xfd, 0xc9, 0xfd, 0xc9, 0xfd, 0xc9, 0xfd, 0xc9, 0xfd, 0xc9, 0xfd, 0xc9, 0xfd, 0xc9, 0xfd,
    0xc9, 0xfd, 0xc9, 0xfd, 0xc9, 0xfd, 0xc9, 0xfd, 0xa9, 0xfd, 0xa8, 0xfd, 0xc9, 0xfd, 0x0a, 0xfe, 0x0c, 0xfe, 0xef, 0xfd, 0x91, 0xfd, 0x50, 0xfd, 0x70, 0xfd, 0x50, 0xfd, 0x2f, 0xfd, 0x91, 0xfd, 0xa5, 0x49, 0x00, 0x00, 0x0b, 0x63, 0xff, 0xff,
    0xdf, 0xff, 0xff, 0xff, 0xff, 0xff, 0xff, 0xff, 0xff, 0xff, 0xff, 0xff, 0xff, 0xff, 0xff, 0xff, 0xff, 0xff, 0xff, 0xff, 0xff, 0xff, 0xff, 0xff, 0xff, 0xff, 0xff, 0xff, 0xff, 0xff, 0xff, 0xff, 0xff, 0xff, 0xff, 0xff, 0xff, 0xff, 0xff, 0xff,
    0xff, 0xff, 0xff, 0xff, 0xff, 0xff, 0xff, 0xff, 0xff, 0xff, 0xff, 0xff, 0xff, 0xff, 0xff, 0xff, 0xff, 0xff, 0xff, 0xff, 0xff, 0xff, 0xff, 0xff, 0xff, 0xff, 0xff, 0xff, 0xff, 0xff, 0xff, 0xff, 0xff, 0xff, 0xff, 0xff, 0xff, 0xff, 0xff, 0xff,
    0xff, 0xff, 0xe7, 0x39, 0x00, 0x00, 0x67, 0x72, 0x90, 0xfd, 0x0e, 0xfd, 0x2f, 0xfd, 0x2f, 0xfd, 0x2f, 0xfd, 0x30, 0xfd, 0x6e, 0xfd, 0xca, 0xfd, 0xe9, 0xfd, 0xc9, 0xfd, 0xc9, 0xfd, 0xc9, 0xfd, 0xc9, 0xfd, 0xc9, 0xfd, 0xc9, 0xfd, 0xc9, 0xfd,
    0xc9, 0xfd, 0xc9, 0xfd, 0xc9, 0xfd, 0xc9, 0xfd, 0xc9, 0xfd, 0xc9, 0xfd, 0xc9, 0xfd, 0xe9, 0xfd, 0x48, 0xfd, 0x44, 0xfb, 0x43, 0xfb, 0x44, 0xfb, 0x84, 0xfb, 0xc5, 0xfb, 0xe9, 0xfd, 0xe9, 0xfd, 0x2a, 0xfe, 0x68, 0xfd, 0x64, 0xfb, 0x23, 0xfb,
    0x64, 0xfb, 0x44, 0xfb, 0x84, 0xf3, 0xa9, 0xfd, 0xe9, 0xfd, 0x0a, 0xfe, 0x46, 0xf4, 0x03, 0xfb, 0x23, 0xfb, 0x24, 0xfb, 0x03, 0xf3, 0x08, 0xfd, 0xea, 0xfd, 0xc9, 0xfd, 0xc9, 0xfd, 0xe9, 0xfd, 0xc9, 0xfd, 0xc9, 0xfd, 0xc9, 0xfd, 0xc9, 0xfd,
    0xe9, 0xfd, 0xc9, 0xfd, 0xc9, 0xfd, 0xc9, 0xfd, 0xc9, 0xfd, 0xa8, 0xfd, 0xa8, 0xfd, 0xa8, 0xfd, 0xa8, 0xfd, 0x88, 0xfd, 0x6b, 0xfd, 0x6f, 0xfd, 0x50, 0xfd, 0x50, 0xfd, 0x2f, 0xfd, 0x50, 0xfd, 0x44, 0x39, 0x00, 0x00, 0x6d, 0x6b, 0xff, 0xff,
    0xdf, 0xff, 0xff, 0xff, 0xff, 0xff, 0xdf, 0xff, 0xff, 0xff, 0xf7, 0xbd, 0x14, 0xa5, 0xff, 0xff, 0xff, 0xff, 0xff, 0xff, 0xff, 0xff, 0xff, 0xff, 0xff, 0xff, 0xff, 0xff, 0xff, 0xff, 0xff, 0xff, 0xff, 0xff, 0xff, 0xff, 0xff, 0xff, 0xff, 0xff,
    0xff, 0xff, 0xff, 0xff, 0xff, 0xff, 0xff, 0xff, 0xff, 0xff, 0xff, 0xff, 0xff, 0xff, 0xff, 0xff, 0xff, 0xff, 0xff, 0xff, 0xff, 0xff, 0xff, 0xff, 0xff, 0xff, 0xff, 0xff, 0xff, 0xff, 0xff, 0xff, 0xff, 0xff, 0xff, 0xff, 0xff, 0xff, 0xff, 0xff,
    0xff, 0xff, 0x89, 0x52, 0x00, 0x00, 0xc5, 0x51, 0x90, 0xfd, 0x2e, 0xfd, 0x2f, 0xfd, 0x2f, 0xfd, 0x30, 0xfd, 0x8d, 0xfd, 0xc9, 0xfd, 0xa8, 0xfd, 0xa9, 0xfd, 0xc9, 0xfd, 0xc9, 0xfd, 0xc9, 0xfd, 0xc9, 0xfd, 0xc9, 0xfd, 0xc9, 0xfd, 0xc9, 0xfd,
    0xc9, 0xfd, 0xe9, 0xfd, 0xe9, 0xfd, 0xc9, 0xfd, 0xc9, 0xfd, 0xc9, 0xfd, 0xc9, 0xfd, 0xc9, 0xfd, 0xea, 0xfd, 0x05, 0xf4, 0x23, 0xfb, 0x64, 0xfb, 0x64, 0xfb, 0x66, 0xfc, 0x09, 0xfe, 0xe9, 0xfd, 0x09, 0xfe, 0xc9, 0xfd, 0xa4, 0xfb, 0x23, 0xfb,
    0x64, 0xfb, 0x64, 0xfb, 0xc5, 0xfb, 0xe9, 0xfd, 0xc9, 0xfd, 0x2a, 0xfe, 0x87, 0xfc, 0x23, 0xfb, 0x44, 0xfb, 0xe3, 0xfa, 0xc5, 0xf3, 0xea, 0xfd, 0xc9, 0xfd, 0xc9, 0xfd, 0xc9, 0xfd, 0xe9, 0xfd, 0xe9, 0xfd, 0xe9, 0xfd, 0xc9, 0xfd, 0xe9, 0xfd,
    0xe9, 0xfd, 0xc9, 0xfd, 0xc9, 0xfd, 0xc9, 0xfd, 0xc9, 0xfd, 0xc9, 0xfd, 0xc9, 0xfd, 0xc9, 0xfd, 0xc9, 0xfd, 0xc9, 0xfd, 0xa9, 0xfd, 0xaa, 0xfd, 0x8e, 0xfd, 0x50, 0xfd, 0x50, 0xfd, 0xef, 0xec, 0xa2, 0x18, 0x00, 0x00, 0x92, 0x94, 0xff, 0xff,
    0xdf, 0xff, 0xff, 0xff, 0xff, 0xff, 0xff, 0xff, 0x13, 0xa5, 0x20, 0x00, 0x54, 0xad, 0xff, 0xff, 0xff, 0xff, 0xff, 0xff, 0xff, 0xff, 0xff, 0xff, 0xff, 0xff, 0xff, 0xff, 0xff, 0xff, 0xff, 0xff, 0xff, 0xff, 0xff, 0xff, 0xff, 0xff, 0xff, 0xff,
    0xff, 0xff, 0xff, 0xff, 0xff, 0xff, 0xff, 0xff, 0xff, 0xff, 0xff, 0xff, 0xff, 0xff, 0xff, 0xff, 0xff, 0xff, 0xff, 0xff, 0xff, 0xff, 0xff, 0xff, 0xff, 0xff, 0xff, 0xff, 0xff, 0xff, 0xff, 0xff, 0xff, 0xff, 0xff, 0xff, 0xff, 0xff, 0xdf, 0xff,
    0xff, 0xff, 0x4d, 0x6b, 0x00, 0x00, 0x44, 0x31, 0x50, 0xfd, 0x2f, 0xfd, 0x2f, 0xfd, 0x4f, 0xfd, 0xac, 0xfd, 0xc9, 0xfd, 0xa9, 0xfd, 0xc9, 0xfd, 0xc9, 0xfd, 0xc9, 0xfd, 0xc8, 0xfd, 0xc8, 0xfd, 0xc9, 0xfd, 0xc9, 0xfd, 0xc9, 0xfd, 0xc9, 0xfd,
    0xc9, 0xfd, 0xc9, 0xfd, 0xc9, 0xfd, 0xc9, 0xfd, 0xc9, 0xfd, 0xc9, 0xfd, 0xc9, 0xfd, 0xc9, 0xfd, 0x0a, 0xfe, 0x48, 0xfd, 0x64, 0xf3, 0x23, 0xfb, 0x43, 0xfb, 0xe7, 0xfc, 0x09, 0xfe, 0xe9, 0xfd, 0x09, 0xfe, 0xc9, 0xfd, 0x84, 0xf3, 0x43, 0xfb,
    0x64, 0xfb, 0x23, 0xfb, 0x46, 0xfc, 0xe9, 0xfd, 0xc9, 0xfd, 0x0a, 0xfe, 0x08, 0xfd, 0x03, 0xfb, 0x23, 0xfb, 0xa4, 0xf3, 0x89, 0xfd, 0xe9, 0xfd, 0xc9, 0xfd, 0xea, 0xfd, 0xe9, 0xfd, 0xc9, 0xfd, 0xe9, 0xfd, 0xea, 0xfd, 0xea, 0xfd, 0xe9, 0xfd,
    0xe9, 0xfd, 0xe9, 0xfd, 0xc9, 0xfd, 0xc9, 0xfd, 0xc9, 0xfd, 0xc9, 0xfd, 0xc9, 0xfd, 0xc8, 0xfd, 0xc9, 0xfd, 0xc9, 0xfd, 0xc9, 0xfd, 0xa9, 0xfd, 0xa9, 0xfd, 0x6c, 0xfd, 0x90, 0xfd, 0xae, 0xdc, 0x20, 0x00, 0x00, 0x00, 0xd6, 0xbd, 0xff, 0xff,
    0xff, 0xff, 0xff, 0xff, 0xff, 0xff, 0xd3, 0x9c, 0x00, 0x00, 0xd6, 0xbd, 0xff, 0xff, 0xff, 0xff, 0xff, 0xff, 0xff, 0xff, 0xff, 0xff, 0xff, 0xff, 0xff, 0xff, 0xff, 0xff, 0xff, 0xff, 0xff, 0xff, 0xff, 0xff, 0xff, 0xff, 0xff, 0xff, 0xff, 0xff,
    0xff, 0xff, 0xff, 0xff, 0xff, 0xff, 0xff, 0xff, 0xff, 0xff, 0xff, 0xff, 0xff, 0xff, 0xff, 0xff, 0xff, 0xff, 0xff, 0xff, 0xff, 0xff, 0xff, 0xff, 0x92, 0x94, 0x0f, 0x84, 0xff, 0xff, 0xff, 0xff, 0xff, 0xff, 0xff, 0xff, 0xff, 0xff, 0xdf, 0xff,
    0xff, 0xff, 0x92, 0x94, 0x00, 0x00, 0xc2, 0x18, 0x4f, 0xf5, 0xd0, 0xfd, 0x6e, 0xfd, 0xaa, 0xfd, 0xc8, 0xfd, 0xc9, 0xfd, 0xc9, 0xfd, 0xc9, 0xfd, 0xc9, 0xfd, 0xa9, 0xfd, 0xc9, 0xfd, 0xc9, 0xfd, 0xc9, 0xfd, 0xc9, 0xfd, 0xc9, 0xfd, 0xc9, 0xfd,
    0xc9, 0xfd, 0xc9, 0xfd, 0xc9, 0xfd, 0xc9, 0xfd, 0xc9, 0xfd, 0xc9, 0xfd, 0xc9, 0xfd, 0xc9, 0xfd, 0xc9, 0xfd, 0xe9, 0xfd, 0x08, 0xfd, 0xe5, 0xf3, 0x66, 0xfc, 0xe9, 0xfd, 0xe9, 0xfd, 0xe9, 0xfd, 0xe9, 0xfd, 0x0a, 0xfe, 0x26, 0xf4, 0x64, 0xfb,
    0x64, 0xfb, 0x44, 0xfb, 0x08, 0xfd, 0xe9, 0xfd, 0xc9, 0xfd, 0xc9, 0xfd, 0xc9, 0xfd, 0xe5, 0xf3, 0xc5, 0xf3, 0x89, 0xfd, 0xe9, 0xfd, 0xc9, 0xfd, 0xe9, 0xfd, 0xea, 0xfd, 0xe9, 0xfd, 0xc9, 0xfd, 0xe9, 0xfd, 0xea, 0xfd, 0xea, 0xfd, 0xe9, 0xfd,
    0xea, 0xfd, 0xea, 0xfd, 0xe9, 0xfd, 0xc9, 0xfd, 0xc9, 0xfd, 0xc9, 0xfd, 0xc9, 0xfd, 0xc9, 0xfd, 0xc9, 0xfd, 0xc9, 0xfd, 0xc9, 0xfd, 0xa9, 0xfd, 0x89, 0xfd, 0x89, 0xfd, 0x05, 0x5a, 0xa5, 0x41, 0x00, 0x00, 0x81, 0x10, 0x3c, 0xe7, 0xff, 0xff,
    0xdf, 0xff, 0xff, 0xff, 0xf7, 0xbd, 0xc2, 0x18, 0x38, 0xc6, 0xff, 0xff, 0xdf, 0xff, 0xdf, 0xff, 0xff, 0xff, 0xff, 0xff, 0xff, 0xff, 0xff, 0xff, 0xff, 0xff, 0xff, 0xff, 0xff, 0xff, 0xff, 0xff, 0xff, 0xff, 0xff, 0xff, 0xff, 0xff, 0xff, 0xff,
    0xff, 0xff, 0xff, 0xff, 0xff, 0xff, 0xff, 0xff, 0xff, 0xff, 0xff, 0xff, 0xff, 0xff, 0xff, 0xff, 0xff, 0xff, 0xff, 0xff, 0xff, 0xff, 0xff, 0xff, 0x9a, 0xd6, 0xc3, 0x18, 0xaa, 0x52, 0xff, 0xff, 0xff, 0xff, 0xff, 0xff, 0xff, 0xff, 0xff, 0xff,
    0xff, 0xff, 0x18, 0xc6, 0x00, 0x00, 0x20, 0x00, 0x2d, 0xbc, 0x4a, 0x9b, 0x49, 0xed, 0xc8, 0xfd, 0xa9, 0xfd, 0xc9, 0xfd, 0xc9, 0xfd, 0xc9, 0xfd, 0xc9, 0xfd, 0xe9, 0xfd, 0xc9, 0xfd, 0xc9, 0xfd, 0xc9, 0xfd, 0xc9, 0xfd, 0xc9, 0xfd, 0xc9, 0xfd,
    0xc9, 0xfd, 0xc9, 0xfd, 0xc9, 0xfd, 0xc9, 0xfd, 0xc9, 0xfd, 0xc9, 0xfd, 0xc9, 0xfd, 0xc9, 0xfd, 0xc9, 0xfd, 0xc9, 0xfd, 0xea, 0xfd, 0xea, 0xfd, 0xe9, 0xfd, 0xe9, 0xfd, 0xe9, 0xfd, 0xe9, 0xfd, 0xe9, 0xfd, 0x0a, 0xfe, 0x08, 0xf5, 0x23, 0xfb,
    0x44, 0xfb, 0xa5, 0xfb, 0xa9, 0xfd, 0xc9, 0xfd, 0xc9, 0xfd, 0xc9, 0xfd, 0xc9, 0xfd, 0xea, 0xfd, 0xca, 0xfd, 0xe9, 0xfd, 0xc9, 0xfd, 0xc9, 0xfd, 0xe9, 0xfd, 0xe9, 0xfd, 0xe9, 0xfd, 0xe9, 0xfd, 0xe9, 0xfd, 0xe9, 0xfd, 0xe9, 0xfd, 0xe9, 0xfd,
    0xea, 0xfd, 0xea, 0xfd, 0xea, 0xfd, 0xe9, 0xfd, 0xe9, 0xfd, 0xea, 0xfd, 0xc9, 0xfd, 0xc9, 0xfd, 0xc9, 0xfd, 0xc9, 0xfd, 0xc9, 0xfd, 0xea, 0xfd, 0xca, 0xfd, 0xe9, 0xfd, 0xa9, 0xc4, 0x20, 0x00, 0x00, 0x00, 0x65, 0x29, 0xff, 0xff, 0xff, 0xff,
    0xff, 0xff, 0xff, 0xff, 0x1c, 0xe7, 0x5d, 0xef, 0xff, 0xff, 0xdf, 0xff, 0xff, 0xff, 0xff, 0xff, 0xff, 0xff, 0xff, 0xff, 0xff, 0xff, 0xff, 0xff, 0xff, 0xff, 0xff, 0xff, 0xff, 0xff, 0xff, 0xff, 0xff, 0xff, 0xff, 0xff, 0xff, 0xff, 0xff, 0xff,
    0xff, 0xff, 0xff, 0xff, 0xff, 0xff, 0xff, 0xff, 0xff, 0xff, 0xff, 0xff, 0xff, 0xff, 0xff, 0xff, 0xff, 0xff, 0xff, 0xff, 0xff, 0xff, 0xff, 0xff, 0xff, 0xff, 0x5d, 0xef, 0x44, 0x29, 0x07, 0x42, 0xbe, 0xf7, 0xff, 0xff, 0xff, 0xff, 0xff, 0xff,
    0xff, 0xff, 0xbe, 0xf7, 0x03, 0x21, 0x20, 0x00, 0x00, 0x00, 0x83, 0x39, 0x8c, 0xf6, 0x2a, 0xfe, 0xc9, 0xfd, 0xc9, 0xfd, 0xc9, 0xfd, 0xc9, 0xfd, 0xea, 0xfd, 0xe9, 0xfd, 0xc9, 0xfd, 0xc9, 0xfd, 0xc9, 0xfd, 0xc9, 0xfd, 0xc9, 0xfd, 0xc9, 0xfd,
    0xc9, 0xfd, 0xc9, 0xfd, 0xc9, 0xfd, 0xc9, 0xfd, 0xc9, 0xfd, 0xc9, 0xfd, 0xc9, 0xfd, 0xc9, 0xfd, 0xc9, 0xfd, 0xc9, 0xfd, 0xc9, 0xfd, 0xc9, 0xfd, 0xc9, 0xfd, 0xc9, 0xfd, 0xe9, 0xfd, 0xe9, 0xfd, 0xe9, 0xfd, 0xe9, 0xfd, 0xca, 0xfd, 0x26, 0xf4,
    0x44, 0xfb, 0xe7, 0xfc, 0xe9, 0xfd, 0xc9, 0xfd, 0xc9, 0xfd, 0xc9, 0xfd, 0xc9, 0xfd, 0xc9, 0xfd, 0xc9, 0xfd, 0xc9, 0xfd, 0xc9, 0xfd, 0xc9, 0xfd, 0xc9, 0xfd, 0xe9, 0xfd, 0xe9, 0xfd, 0xe9, 0xfd, 0xe9, 0xfd, 0xe9, 0xfd, 0xe9, 0xfd, 0xea, 0xfd,
    0xea, 0xfd, 0xea, 0xfd, 0xea, 0xfd, 0xea, 0xfd, 0xe9, 0xfd, 0xea, 0xfd, 0xc9, 0xfd, 0xc9, 0xfd, 0xc9, 0xfd, 0xc9, 0xfd, 0xc9, 0xfd, 0xc9, 0xfd, 0x0a, 0xfe, 0xca, 0xfd, 0x0a, 0xfe, 0xea, 0xd4, 0xc2, 0x18, 0x00, 0x00, 0xca, 0x5a, 0xff, 0xff,
    0xff, 0xff, 0xff, 0xff, 0xff, 0xff, 0xff, 0xff, 0xff, 0xff, 0xff, 0xff, 0x9e, 0xf7, 0x30, 0x84, 0x34, 0xa5, 0xff, 0xff, 0xff, 0xff, 0xff, 0xff, 0xff, 0xff, 0xff, 0xff, 0xff, 0xff, 0xff, 0xff, 0xff, 0xff, 0xff, 0xff, 0xff, 0xff, 0xff, 0xff,
    0xff, 0xff, 0xff, 0xff, 0xff, 0xff, 0xff, 0xff, 0xff, 0xff, 0xff, 0xff, 0xff, 0xff, 0xff, 0xff, 0xff, 0xff, 0xff, 0xff, 0xff, 0xff, 0xff, 0xff, 0xff, 0xff, 0xff, 0xff, 0xde, 0xff, 0xc6, 0x31, 0x48, 0x4a, 0xff, 0xff, 0xff, 0xff, 0xff, 0xff,
    0xff, 0xff, 0xbe, 0xf7, 0x85, 0x31, 0x00, 0x00, 0xa4, 0x39, 0x50, 0xf7, 0x2e, 0xff, 0xe9, 0xfd, 0xc9, 0xfd, 0xc9, 0xfd, 0xc9, 0xfd, 0xc9, 0xfd, 0xc9, 0xfd, 0xc9, 0xfd, 0xc9, 0xfd, 0xc9, 0xfd, 0xc9, 0xfd, 0xc9, 0xfd, 0xc9, 0xfd, 0xc9, 0xfd,
    0xc8, 0xfd, 0xc8, 0xfd, 0xc9, 0xfd, 0xc9, 0xfd, 0xc9, 0xfd, 0xc9, 0xfd, 0xc8, 0xfd, 0xc9, 0xfd, 0xc9, 0xfd, 0xc9, 0xfd, 0xc9, 0xfd, 0xc9, 0xfd, 0xc9, 0xfd, 0xc9, 0xfd, 0xe9, 0xfd, 0xe9, 0xfd, 0xe9, 0xfd, 0xca, 0xfd, 0xea, 0xfd, 0xc9, 0xfd,
    0x48, 0xfd, 0xc9, 0xfd, 0xc9, 0xfd, 0xe9, 0xfd, 0xe9, 0xfd, 0xc9, 0xfd, 0xc9, 0xfd, 0xc9, 0xfd, 0xc9, 0xfd, 0xc9, 0xfd, 0xc9, 0xfd, 0xc9, 0xfd, 0xc9, 0xfd, 0xc9, 0xfd, 0xe9, 0xfd, 0xe9, 0xfd, 0xe9, 0xfd, 0xe9, 0xfd, 0xe9, 0xfd, 0xea, 0xfd,
    0xea, 0xfd, 0xea, 0xfd, 0xea, 0xfd, 0xea, 0xfd, 0xea, 0xfd, 0xe9, 0xfd, 0xe9, 0xfd, 0xe9, 0xfd, 0xc9, 0xfd, 0xc9, 0xfd, 0xc9, 0xfd, 0xc9, 0xfd, 0xc8, 0xfd, 0xea, 0xfd, 0xcb, 0xfd, 0x0a, 0xfe, 0xe9, 0xd4, 0xa1, 0x18, 0x00, 0x00, 0xeb, 0x5a,
    0xff, 0xff, 0xff, 0xff, 0xff, 0xff, 0xff, 0xff, 0xbe, 0xf7, 0x10, 0x84, 0x24, 0x21, 0x08, 0x42, 0x18, 0xc6, 0xff, 0xff, 0xff, 0xff, 0xff, 0xff, 0xff, 0xff, 0xff, 0xff, 0xff, 0xff, 0xff, 0xff, 0xff, 0xff, 0xff, 0xff, 0xff, 0xff, 0xff, 0xff,
    0xff, 0xff, 0xff, 0xff, 0xff, 0xff, 0xff, 0xff, 0xff, 0xff, 0xff, 0xff, 0xff, 0xff, 0xff, 0xff, 0xff, 0xff, 0xff, 0xff, 0xff, 0xff, 0xff, 0xff, 0xff, 0xff, 0xdf, 0xff, 0xff, 0xff, 0xff, 0xff, 0x17, 0xc6, 0xff, 0xff, 0xff, 0xff, 0xff, 0xff,
    0xdf, 0xff, 0x28, 0x42, 0x00, 0x00, 0x83, 0x31, 0x2f, 0xef, 0x6f, 0xff, 0xe9, 0xfd, 0xc9, 0xfd, 0xc9, 0xfd, 0xc9, 0xfd, 0xc9, 0xfd, 0xc9, 0xfd, 0xc9, 0xfd, 0xc9, 0xfd, 0xc9, 0xfd, 0xc9, 0xfd, 0xc9, 0xfd, 0xc9, 0xfd, 0xc9, 0xfd, 0xc8, 0xfd,
    0xc8, 0xfd, 0xc8, 0xfd, 0xc8, 0xfd, 0xc9, 0xfd, 0xe9, 0xfd, 0xe9, 0xfd, 0xe9, 0xfd, 0xe9, 0xfd, 0xe9, 0xfd, 0xc9, 0xfd, 0xe9, 0xfd, 0xc9, 0xfd, 0xc9, 0xfd, 0xc9, 0xfd, 0xc9, 0xfd, 0xe9, 0xfd, 0xe9, 0xfd, 0xe9, 0xfd, 0xc9, 0xfd, 0xc9, 0xfd,
    0xe9, 0xfd, 0xc9, 0xfd, 0xc9, 0xfd, 0xe9, 0xfd, 0xe9, 0xfd, 0xe9, 0xfd, 0xc9, 0xfd, 0xc9, 0xfd, 0xc9, 0xfd, 0xc9, 0xfd, 0xe9, 0xfd, 0x09, 0xfe, 0xe9, 0xfd, 0xe9, 0xfd, 0xe9, 0xfd, 0x0a, 0xfe, 0xe9, 0xfd, 0xc9, 0xfd, 0xe9, 0xfd, 0xe9, 0xfd,
    0xe9, 0xfd, 0xe9, 0xfd, 0xe9, 0xfd, 0xe9, 0xfd, 0xe9, 0xfd, 0xe9, 0xfd, 0xc9, 0xfd, 0xc9, 0xfd, 0xc9, 0xfd, 0xc9, 0xfd, 0xc9, 0xfd, 0xc9, 0xfd, 0xc9, 0xfd, 0xc9, 0xfd, 0xca, 0xfd, 0x89, 0xfd, 0x09, 0xfe, 0xea, 0xcc, 0x82, 0x10, 0x00, 0x00,
    0x4c, 0x6b, 0xff, 0xff, 0xdf, 0xff, 0xff, 0xff, 0x7d, 0xef, 0x30, 0x84, 0x79, 0xce, 0xff, 0xff, 0xff, 0xff, 0xdf, 0xff, 0xff, 0xff, 0xff, 0xff, 0xff, 0xff, 0xff, 0xff, 0xff, 0xff, 0xff, 0xff, 0xff, 0xff, 0xff, 0xff, 0xff, 0xff, 0xff, 0xff,
    0xff, 0xff, 0xff, 0xff, 0xff, 0xff, 0xff, 0xff, 0xff, 0xff, 0xff, 0xff, 0xff, 0xff, 0xff, 0xff, 0xff, 0xff, 0xde, 0xff, 0x17, 0xc6, 0x7d, 0xef, 0xff, 0xff, 0xff, 0xff, 0xff, 0xff, 0xff, 0xff, 0xff, 0xff, 0xff, 0xff, 0xdf, 0xff, 0xff, 0xff,
    0xca, 0x5a, 0x00, 0x00, 0x43, 0x29, 0x2f, 0xef, 0xb0, 0xff, 0x0a, 0xfe, 0xc9, 0xfd, 0xe9, 0xfd, 0xc9, 0xfd, 0xc9, 0xfd, 0xc9, 0xfd, 0xc9, 0xfd, 0xc9, 0xfd, 0xc9, 0xfd, 0xc9, 0xfd, 0xc9, 0xfd, 0xc9, 0xfd, 0xc9, 0xfd, 0xc9, 0xfd, 0xc9, 0xfd,
    0xc9, 0xfd, 0xc8, 0xfd, 0xc8, 0xfd, 0x88, 0xf5, 0x48, 0xed, 0x27, 0xed, 0x28, 0xed, 0x08, 0xe5, 0x07, 0xe5, 0x89, 0xf5, 0x89, 0xf5, 0xe9, 0xfd, 0xc9, 0xfd, 0xc9, 0xfd, 0xe9, 0xfd, 0xe9, 0xfd, 0xe9, 0xfd, 0xc9, 0xfd, 0xc9, 0xfd, 0xc9, 0xfd,
    0xc9, 0xfd, 0xc9, 0xfd, 0xc9, 0xfd, 0xe9, 0xfd, 0xe9, 0xfd, 0xe9, 0xfd, 0xc9, 0xfd, 0xc9, 0xfd, 0xe9, 0xfd, 0xa9, 0xf5, 0x89, 0xf5, 0xe7, 0xe4, 0xe7, 0xe4, 0xe7, 0xec, 0x28, 0xed, 0x28, 0xed, 0x68, 0xed, 0xc9, 0xfd, 0xc9, 0xfd, 0xc9, 0xfd,
    0xc9, 0xfd, 0xe9, 0xfd, 0xe9, 0xfd, 0xe9, 0xfd, 0xe9, 0xfd, 0xc9, 0xfd, 0xc9, 0xfd, 0xc9, 0xfd, 0xc9, 0xfd, 0xc9, 0xfd, 0xc9, 0xfd, 0xc9, 0xfd, 0xc9, 0xfd, 0xc9, 0xfd, 0xa9, 0xfd, 0xa8, 0xfd, 0x88, 0xfd, 0x29, 0xfe, 0x49, 0xb4, 0x41, 0x00,
    0x00, 0x00, 0x30, 0x84, 0xff, 0xff, 0xdf, 0xff, 0xff, 0xff, 0xff, 0xff, 0xff, 0xff, 0xff, 0xff, 0xff, 0xff, 0xff, 0xff, 0xff, 0xff, 0xff, 0xff, 0xff, 0xff, 0xff, 0xff, 0xff, 0xff, 0xff, 0xff, 0xff, 0xff, 0xff, 0xff, 0xff, 0xff, 0xff, 0xff,
    0xff, 0xff, 0xff, 0xff, 0xff, 0xff, 0xff, 0xff, 0xff, 0xff, 0xff, 0xff, 0xff, 0xff, 0xff, 0xff, 0xff, 0xff, 0x9d, 0xf7, 0xe7, 0x41, 0x81, 0x10, 0xaa, 0x52, 0x58, 0xce, 0xff, 0xff, 0xff, 0xff, 0xff, 0xff, 0xdf, 0xff, 0xff, 0xff, 0xae, 0x73,
    0x00, 0x00, 0xa1, 0x18, 0x6e, 0xd6, 0xd0, 0xff, 0x6b, 0xfe, 0xe9, 0xfd, 0x0a, 0xfe, 0xe9, 0xfd, 0xe9, 0xfd, 0xe9, 0xfd, 0xe9, 0xfd, 0xc9, 0xfd, 0xc9, 0xfd, 0xc9, 0xfd, 0xc9, 0xfd, 0xc9, 0xfd, 0xc9, 0xfd, 0xc9, 0xfd, 0xc9, 0xfd, 0xc9, 0xfd,
    0xc9, 0xfd, 0xc9, 0xfd, 0xa8, 0xf5, 0x08, 0xe5, 0xc8, 0xdc, 0xe8, 0xe4, 0xc7, 0xe4, 0xc7, 0xe4, 0x06, 0xcc, 0xc5, 0xc3, 0x67, 0xd4, 0x08, 0xe5, 0xe9, 0xfd, 0xc9, 0xfd, 0xc9, 0xfd, 0xe9, 0xfd, 0xc9, 0xfd, 0xc9, 0xfd, 0xc9, 0xfd, 0xc9, 0xfd,
    0xc9, 0xfd, 0xc9, 0xfd, 0xc9, 0xfd, 0xe9, 0xfd, 0xe9, 0xfd, 0xe9, 0xfd, 0xc9, 0xfd, 0xe9, 0xfd, 0x68, 0xf5, 0x67, 0xd4, 0xe6, 0xc3, 0xe6, 0xcb, 0x87, 0xdc, 0xe8, 0xe4, 0xe8, 0xe4, 0xe8, 0xe4, 0x08, 0xe5, 0x89, 0xf5, 0xc9, 0xfd, 0xc9, 0xfd,
    0xc9, 0xfd, 0xc9, 0xfd, 0xc9, 0xfd, 0xe9, 0xfd, 0xe9, 0xfd, 0xc9, 0xfd, 0xc9, 0xfd, 0xc9, 0xfd, 0xe9, 0xfd, 0xc9, 0xfd, 0xc9, 0xfd, 0xc9, 0xfd, 0xc9, 0xfd, 0xc9, 0xfd, 0xc9, 0xfd, 0xa8, 0xfd, 0xa8, 0xfd, 0xa8, 0xfd, 0x4b, 0xfe, 0x47, 0x8b,
    0x00, 0x00, 0x00, 0x00, 0x96, 0xb5, 0xff, 0xff, 0xdf, 0xff, 0xdf, 0xff, 0xff, 0xff, 0x34, 0xa5, 0x4c, 0x6b, 0x2c, 0x63, 0x3c, 0xe7, 0xff, 0xff, 0xff, 0xff, 0xff, 0xff, 0xff, 0xff, 0xff, 0xff, 0xff, 0xff, 0xff, 0xff, 0xff, 0xff, 0xff, 0xff,
    0xff, 0xff, 0xff, 0xff, 0xff, 0xff, 0xff, 0xff, 0xff, 0xff, 0xff, 0xff, 0xff, 0xff, 0xff, 0xff, 0xff, 0xff, 0xff, 0xff, 0xff, 0xff, 0xf7, 0xbd, 0xeb, 0x5a, 0xc6, 0x39, 0x7d, 0xef, 0xff, 0xff, 0xdf, 0xff, 0xff, 0xff, 0x13, 0xa5, 0x00, 0x00,
    0x20, 0x00, 0xac, 0xbd, 0xf0, 0xff, 0x8c, 0xfe, 0x0a, 0xfe, 0x0a, 0xfe, 0xe9, 0xfd, 0xe9, 0xfd, 0xe9, 0xfd, 0xe9, 0xfd, 0xc9, 0xfd, 0xc9, 0xfd, 0xc9, 0xfd, 0xc9, 0xfd, 0xc9, 0xfd, 0xc9, 0xfd, 0xc9, 0xfd, 0xc9, 0xfd, 0xc9, 0xfd, 0xc9, 0xfd,
    0xc9, 0xfd, 0xc9, 0xfd, 0xc9, 0xfd, 0xc9, 0xfd, 0xc9, 0xfd, 0xe9, 0xfd, 0xe9, 0xfd, 0xc9, 0xfd, 0xea, 0xfd, 0xe8, 0xe4, 0xc7, 0xe4, 0x87, 0xdc, 0xa9, 0xf5, 0xe9, 0xfd, 0xc9, 0xfd, 0xc9, 0xfd, 0xc9, 0xfd, 0xc9, 0xfd, 0xc9, 0xfd, 0xc9, 0xfd,
    0xc9, 0xfd, 0xc9, 0xfd, 0xc9, 0xfd, 0xc9, 0xfd, 0xc9, 0xfd, 0xc9, 0xfd, 0xc9, 0xfd, 0xe9, 0xfd, 0x08, 0xe5, 0xe8, 0xe4, 0x08, 0xe5, 0xa9, 0xfd, 0xe9, 0xfd, 0xea, 0xfd, 0xea, 0xfd, 0x0a, 0xfe, 0xea, 0xfd, 0xe9, 0xfd, 0xc9, 0xfd, 0xc9, 0xfd,
    0xc9, 0xfd, 0xe9, 0xfd, 0xe9, 0xfd, 0xc9, 0xfd, 0xe9, 0xfd, 0xc9, 0xfd, 0xc9, 0xfd, 0xc9, 0xfd, 0xe9, 0xfd, 0xe9, 0xfd, 0xe9, 0xfd, 0xc9, 0xfd, 0xc9, 0xfd, 0xc9, 0xfd, 0xc9, 0xfd, 0xc9, 0xfd, 0xc9, 0xfd, 0xc8, 0xfd, 0xa8, 0xfd, 0x2b, 0xfe,
    0xe5, 0x51, 0x00, 0x00, 0xc2, 0x18, 0x5c, 0xef, 0xff, 0xff, 0xff, 0xff, 0xff, 0xff, 0xd2, 0x9c, 0x6d, 0x6b, 0x30, 0x84, 0x5d, 0xef, 0xff, 0xff, 0xff, 0xff, 0xff, 0xff, 0xff, 0xff, 0xff, 0xff, 0xff, 0xff, 0xff, 0xff, 0xff, 0xff, 0xff, 0xff,
    0xff, 0xff, 0xff, 0xff, 0xff, 0xff, 0xff, 0xff, 0xff, 0xff, 0xff, 0xff, 0xff, 0xff, 0xff, 0xff, 0xff, 0xff, 0xff, 0xff, 0xff, 0xff, 0xff, 0xff, 0xff, 0xff, 0xff, 0xff, 0xff, 0xff, 0xff, 0xff, 0xff, 0xff, 0x9a, 0xd6, 0x61, 0x08, 0x00, 0x00,
    0x49, 0x94, 0xf2, 0xff, 0xed, 0xfe, 0xe9, 0xfd, 0x0a, 0xfe, 0x09, 0xfe, 0xc9, 0xfd, 0xe9, 0xfd, 0xc9, 0xfd, 0xc9, 0xfd, 0xc9, 0xfd, 0xc9, 0xfd, 0xc9, 0xfd, 0xc9, 0xfd, 0xc9, 0xfd, 0xc9, 0xfd, 0xc9, 0xfd, 0xc9, 0xfd, 0xc9, 0xfd, 0xc9, 0xfd,
    0xc9, 0xfd, 0xc9, 0xfd, 0xc9, 0xfd, 0xc9, 0xfd, 0xc9, 0xfd, 0xc9, 0xfd, 0xc9, 0xfd, 0xe9, 0xfd, 0xe9, 0xfd, 0x0a, 0xfe, 0xea, 0xfd, 0xc9, 0xfd, 0xc9, 0xfd, 0xc9, 0xfd, 0xc9, 0xfd, 0xc9, 0xfd, 0xc9, 0xfd, 0xc9, 0xfd, 0xc9, 0xfd, 0xc9, 0xfd,
    0xc9, 0xfd, 0xc9, 0xfd, 0xc9, 0xfd, 0xc9, 0xfd, 0xc9, 0xfd, 0xc9, 0xfd, 0xc9, 0xfd, 0xc9, 0xfd, 0xc9, 0xfd, 0xe9, 0xfd, 0xe9, 0xfd, 0xe9, 0xfd, 0xe9, 0xfd, 0xc9, 0xfd, 0xe9, 0xfd, 0xe9, 0xfd, 0xe9, 0xfd, 0xc9, 0xfd, 0xc9, 0xfd, 0xc9, 0xfd,
    0xe9, 0xfd, 0xe9, 0xfd, 0xe9, 0xfd, 0xc9, 0xfd, 0xc9, 0xfd, 0xe9, 0xfd, 0xc9, 0xfd, 0xc9, 0xfd, 0xe9, 0xfd, 0xe9, 0xfd, 0xe9, 0xfd, 0xc9, 0xfd, 0xc9, 0xfd, 0xc9, 0xfd, 0xc9, 0xfd, 0xc9, 0xfd, 0xc9, 0xfd, 0xc9, 0xfd, 0xa9, 0xfd, 0xe9, 0xfd,
    0x8b, 0xed, 0xe2, 0x18, 0x00, 0x00, 0xaa, 0x52, 0xff, 0xff, 0xff, 0xff, 0xff, 0xff, 0xff, 0xff, 0xff, 0xff, 0xff, 0xff, 0xff, 0xff, 0xff, 0xff, 0xff, 0xff, 0xff, 0xff, 0xff, 0xff, 0xff, 0xff, 0xff, 0xff, 0xff, 0xff, 0xff, 0xff, 0xff, 0xff,
    0xff, 0xff, 0xff, 0xff, 0xff, 0xff, 0xff, 0xff, 0xff, 0xff, 0xff, 0xff, 0xff, 0xff, 0xff, 0xff, 0xff, 0xff, 0xff, 0xff, 0xff, 0xff, 0xff, 0xff, 0xff, 0xff, 0xff, 0xff, 0xff, 0xff, 0xff, 0xff, 0xde, 0xff, 0xa6, 0x31, 0x00, 0x00, 0x66, 0x52,
    0xf1, 0xff, 0x0e, 0xff, 0xea, 0xfd, 0xea, 0xfd, 0xea, 0xfd, 0xe9, 0xfd, 0xc9, 0xfd, 0xc9, 0xfd, 0xc9, 0xfd, 0xc9, 0xfd, 0xc9, 0xfd, 0xc9, 0xfd, 0xc9, 0xfd, 0xc9, 0xfd, 0xc9, 0xfd, 0xc9, 0xfd, 0xc9, 0xfd, 0xc9, 0xfd, 0xc9, 0xfd, 0xc9, 0xfd,
    0xc9, 0xfd, 0xc9, 0xfd, 0xc9, 0xfd, 0xc9, 0xfd, 0xc9, 0xfd, 0xc9, 0xfd, 0xc9, 0xfd, 0xe9, 0xfd, 0xea, 0xfd, 0xe9, 0xfd, 0xc9, 0xfd, 0xc9, 0xfd, 0xc9, 0xfd, 0xc9, 0xfd, 0xc9, 0xfd, 0xc9, 0xfd, 0xc9, 0xfd, 0xc9, 0xfd, 0xc9, 0xfd, 0xc9, 0xfd,
    0xc9, 0xfd, 0xc9, 0xfd, 0xc9, 0xfd, 0xc9, 0xfd, 0xc9, 0xfd, 0xc9, 0xfd, 0xc9, 0xfd, 0xc9, 0xfd, 0xc9, 0xfd, 0xc9, 0xfd, 0xc9, 0xfd, 0xe9, 0xfd, 0xea, 0xfd, 0xea, 0xfd, 0xe9, 0xfd, 0xea, 0xfd, 0xe9, 0xfd, 0xc9, 0xfd, 0xc9, 0xfd, 0xc9, 0xfd,
    0xc9, 0xfd, 0xe9, 0xfd, 0xe9, 0xfd, 0xc9, 0xfd, 0xc9, 0xfd, 0xc9, 0xfd, 0xc9, 0xfd, 0xc9, 0xfd, 0xc9, 0xfd, 0xc9, 0xfd, 0xc9, 0xfd, 0xc9, 0xfd, 0xc9, 0xfd, 0xc9, 0xfd, 0xc9, 0xfd, 0xc9, 0xfd, 0xc9, 0xfd, 0xc9, 0xfd, 0xc9, 0xfd, 0xa9, 0xfd,
    0x2b, 0xfe, 0x49, 0xac, 0x00, 0x00, 0x00, 0x00, 0x54, 0xa5, 0xff, 0xff, 0xff, 0xff, 0xff, 0xff, 0xdf, 0xff, 0xdf, 0xff, 0xff, 0xff, 0xff, 0xff, 0xff, 0xff, 0xff, 0xff, 0xff, 0xff, 0xff, 0xff, 0xff, 0xff, 0xff, 0xff, 0xff, 0xff, 0xff, 0xff,
    0xff, 0xff, 0xff, 0xff, 0xff, 0xff, 0xff, 0xff, 0xff, 0xff, 0xff, 0xff, 0xff, 0xff, 0xff, 0xff, 0xff, 0xff, 0xff, 0xff, 0xdf, 0xff, 0xbe, 0xf7, 0xff, 0xff, 0xff, 0xff, 0xff, 0xff, 0xff, 0xff, 0x0f, 0x84, 0x00, 0x00, 0xc2, 0x18, 0xf0, 0xee,
    0xb0, 0xff, 0x4b, 0xfe, 0xca, 0xfd, 0xea, 0xfd, 0xea, 0xfd, 0xe9, 0xfd, 0xc9, 0xfd, 0xc9, 0xfd, 0xc9, 0xfd, 0xc9, 0xfd, 0xc9, 0xfd, 0xc9, 0xfd, 0xc9, 0xfd, 0xc9, 0xfd, 0xc9, 0xfd, 0xc9, 0xfd, 0xc9, 0xfd, 0xe9, 0xfd, 0xe9, 0xfd, 0xe9, 0xfd,
    0xc9, 0xfd, 0xc9, 0xfd, 0xe9, 0xfd, 0xe9, 0xfd, 0xe9, 0xfd, 0xc9, 0xfd, 0xe9, 0xfd, 0xe9, 0xfd, 0xe9, 0xfd, 0x0a, 0xfe, 0xea, 0xfd, 0xc9, 0xfd, 0xc9, 0xfd, 0xc9, 0xfd, 0xc9, 0xfd, 0xc9, 0xfd, 0xc9, 0xfd, 0xc9, 0xfd, 0xc9, 0xfd, 0xc9, 0xfd,
    0xc9, 0xfd, 0xc9, 0xfd, 0xc9, 0xfd, 0xc9, 0xfd, 0xc9, 0xfd, 0xc9, 0xfd, 0xc9, 0xfd, 0xc9, 0xfd, 0xc9, 0xfd, 0xea, 0xfd, 0xea, 0xfd, 0xea, 0xfd, 0xe9, 0xfd, 0xea, 0xfd, 0xea, 0xfd, 0xea, 0xfd, 0xea, 0xfd, 0xe9, 0xfd, 0xe9, 0xfd, 0xe9, 0xfd,
    0xe9, 0xfd, 0xe9, 0xfd, 0xe9, 0xfd, 0xc9, 0xfd, 0xc9, 0xfd, 0xc9, 0xfd, 0xc9, 0xfd, 0xc9, 0xfd, 0xc9, 0xfd, 0xc9, 0xfd, 0xe9, 0xfd, 0xc9, 0xfd, 0xc9, 0xfd, 0xc9, 0xfd, 0xc9, 0xfd, 0xc9, 0xfd, 0xc9, 0xfd, 0xc9, 0xfd, 0xc9, 0xfd, 0xc9, 0xfd,
    0xa9, 0xfd, 0x4c, 0xfe, 0x46, 0x5a, 0x00, 0x00, 0xe3, 0x18, 0x7d, 0xef, 0xff, 0xff, 0xff, 0xff, 0xff, 0xff, 0xff, 0xff, 0xff, 0xff, 0xff, 0xff, 0xff, 0xff, 0xff, 0xff, 0xff, 0xff, 0xff, 0xff, 0xff, 0xff, 0xff, 0xff, 0xff, 0xff, 0xff, 0xff,
    0xff, 0xff, 0xff, 0xff, 0xff, 0xff, 0xff, 0xff, 0xff, 0xff, 0xff, 0xff, 0xff, 0xff, 0xff, 0xff, 0xff, 0xff, 0xb6, 0xb5, 0x65, 0x29, 0x0f, 0x84, 0xff, 0xff, 0xdf, 0xff, 0xff, 0xff, 0xba, 0xd6, 0x41, 0x08, 0x00, 0x00, 0xcb, 0xa4, 0xf0, 0xff,
    0xcd, 0xfe, 0xea, 0xfd, 0xea, 0xfd, 0xca, 0xfd, 0xc9, 0xfd, 0xc9, 0xfd, 0xc9, 0xfd, 0xc9, 0xfd, 0xc9, 0xfd, 0xc9, 0xfd, 0xc9, 0xfd, 0xc9, 0xfd, 0xc9, 0xfd, 0xc9, 0xfd, 0xc9, 0xfd, 0xc9, 0xfd, 0xe9, 0xfd, 0xe9, 0xfd, 0xe9, 0xfd, 0xe9, 0xfd,
    0xe9, 0xfd, 0xc9, 0xfd, 0xc9, 0xfd, 0xc9, 0xfd, 0xc9, 0xfd, 0xc9, 0xfd, 0xc9, 0xfd, 0xc9, 0xfd, 0xc9, 0xfd, 0xc9, 0xfd, 0xea, 0xfd, 0xe9, 0xfd, 0xc9, 0xfd, 0xc9, 0xfd, 0xc9, 0xfd, 0xc9, 0xfd, 0xc9, 0xfd, 0xc9, 0xfd, 0xc9, 0xfd, 0xc9, 0xfd,
    0xc9, 0xfd, 0xc9, 0xfd, 0xc9, 0xfd, 0xc9, 0xfd, 0xc9, 0xfd, 0xc9, 0xfd, 0xc9, 0xfd, 0xc9, 0xfd, 0xea, 0xfd, 0xea, 0xfd, 0xca, 0xfd, 0xc9, 0xfd, 0xc9, 0xfd, 0xc9, 0xfd, 0xc9, 0xfd, 0xc9, 0xfd, 0xc9, 0xfd, 0xc9, 0xfd, 0xc9, 0xfd, 0xc9, 0xfd,
    0xc9, 0xfd, 0xc9, 0xfd, 0xe9, 0xfd, 0xc9, 0xfd, 0xc9, 0xfd, 0xc9, 0xfd, 0xc9, 0xfd, 0xc9, 0xfd, 0xe9, 0xfd, 0xe9, 0xfd, 0xe9, 0xfd, 0xe9, 0xfd, 0xe9, 0xfd, 0xc9, 0xfd, 0xc9, 0xfd, 0xc9, 0xfd, 0xea, 0xfd, 0xea, 0xfd, 0xe9, 0xfd, 0xc9, 0xfd,
    0xc9, 0xfd, 0x0a, 0xfe, 0xac, 0xed, 0xa2, 0x18, 0x00, 0x00, 0xae, 0x73, 0xff, 0xff, 0xff, 0xff, 0xff, 0xff, 0xff, 0xff, 0xff, 0xff, 0xff, 0xff, 0xff, 0xff, 0xff, 0xff, 0xff, 0xff, 0xff, 0xff, 0xff, 0xff, 0xff, 0xff, 0xff, 0xff, 0xff, 0xff,
    0xff, 0xff, 0xff, 0xff, 0xff, 0xff, 0xff, 0xff, 0xff, 0xff, 0xff, 0xff, 0xff, 0xff, 0xff, 0xff, 0xff, 0xff, 0x5d, 0xef, 0xba, 0xd6, 0xdf, 0xff, 0xff, 0xff, 0xff, 0xff, 0xff, 0xff, 0xca, 0x5a, 0x00, 0x00, 0xe5, 0x41, 0xb1, 0xff, 0x4f, 0xff,
    0x0a, 0xfe, 0xc9, 0xfd, 0x0a, 0xfe, 0xea, 0xfd, 0xc9, 0xfd, 0xc9, 0xfd, 0xc9, 0xfd, 0xc9, 0xfd, 0xc9, 0xfd, 0xe9, 0xfd, 0xc9, 0xfd, 0xc9, 0xfd, 0xc9, 0xfd, 0xc9, 0xfd, 0xe9, 0xfd, 0xe9, 0xfd, 0xe9, 0xfd, 0xc9, 0xfd, 0xc9, 0xfd, 0xc9, 0xfd,
    0xe9, 0xfd, 0xe9, 0xfd, 0x09, 0xfe, 0x2a, 0xfe, 0x4a, 0xfe, 0x4a, 0xfe, 0x4a, 0xfe, 0x4a, 0xfe, 0x4a, 0xfe, 0x2a, 0xfe, 0x2a, 0xfe, 0xe9, 0xfd, 0xc9, 0xfd, 0xc9, 0xfd, 0xc9, 0xfd, 0xc9, 0xfd, 0xc9, 0xfd, 0xc9, 0xfd, 0xc9, 0xfd, 0xc9, 0xfd,
    0xc9, 0xfd, 0xc9, 0xfd, 0xc9, 0xfd, 0xc9, 0xfd, 0xc9, 0xfd, 0xc9, 0xfd, 0xc9, 0xfd, 0xc9, 0xfd, 0xea, 0xfd, 0x2a, 0xfe, 0x4a, 0xfe, 0x6a, 0xfe, 0x6a, 0xfe, 0x4a, 0xfe, 0x4a, 0xfe, 0x4a, 0xfe, 0x4a, 0xfe, 0x6a, 0xfe, 0x4a, 0xfe, 0x4a, 0xfe,
    0x29, 0xfe, 0x09, 0xfe, 0xe9, 0xfd, 0xc9, 0xfd, 0xa9, 0xfd, 0xc9, 0xfd, 0xc9, 0xfd, 0xc9, 0xfd, 0xe9, 0xfd, 0xe9, 0xfd, 0xe9, 0xfd, 0xe9, 0xfd, 0xe9, 0xfd, 0xc9, 0xfd, 0xc9, 0xfd, 0xc9, 0xfd, 0xe9, 0xfd, 0xe9, 0xfd, 0xe9, 0xfd, 0xc9, 0xfd,
    0xc9, 0xfd, 0xa9, 0xfd, 0x4b, 0xfe, 0x07, 0x7b, 0x00, 0x00, 0x61, 0x08, 0x1b, 0xe7, 0xff, 0xff, 0xff, 0xff, 0xff, 0xff, 0xff, 0xff, 0xff, 0xff, 0xff, 0xff, 0xff, 0xff, 0xff, 0xff, 0xff, 0xff, 0xff, 0xff, 0xff, 0xff, 0xff, 0xff, 0xff, 0xff,
    0xff, 0xff, 0xff, 0xff, 0xff, 0xff, 0xff, 0xff, 0xff, 0xff, 0xff, 0xff, 0xff, 0xff, 0xff, 0xff, 0xff, 0xff, 0xff, 0xff, 0xff, 0xff, 0xff, 0xff, 0xff, 0xff, 0xff, 0xff, 0x59, 0xce, 0x20, 0x00, 0x20, 0x00, 0xcd, 0xc5, 0xd0, 0xff, 0x6c, 0xfe,
    0xc9, 0xfd, 0x0a, 0xfe, 0x2a, 0xfe, 0xea, 0xfd, 0xe9, 0xfd, 0xc9, 0xfd, 0xc9, 0xfd, 0xc9, 0xfd, 0xc9, 0xfd, 0xe9, 0xfd, 0xc9, 0xfd, 0xc9, 0xfd, 0xc9, 0xfd, 0xc9, 0xfd, 0xc9, 0xfd, 0xc9, 0xfd, 0xe9, 0xfd, 0x2a, 0xfe, 0x4a, 0xfe, 0x4a, 0xfe,
    0x0a, 0xfe, 0xaa, 0xf5, 0x29, 0xdd, 0x88, 0xc4, 0x07, 0xac, 0xc7, 0x9b, 0xa6, 0x9b, 0xc6, 0x9b, 0x07, 0xac, 0xa8, 0xc4, 0x49, 0xdd, 0xea, 0xfd, 0x4a, 0xfe, 0xe9, 0xfd, 0xc9, 0xfd, 0xc9, 0xfd, 0xc9, 0xfd, 0xc9, 0xfd, 0xc9, 0xfd, 0xc9, 0xfd,
    0xc9, 0xfd, 0xc9, 0xfd, 0xc9, 0xfd, 0xc9, 0xfd, 0xc9, 0xfd, 0xc9, 0xfd, 0xa9, 0xfd, 0x0a, 0xfe, 0x2b, 0xfe, 0x4a, 0xdd, 0x28, 0xac, 0x66, 0x8b, 0xc5, 0x72, 0x44, 0x5a, 0x04, 0x52, 0xe4, 0x49, 0x24, 0x5a, 0x85, 0x6a, 0x26, 0x83, 0xc7, 0x9b,
    0x88, 0xbc, 0x29, 0xdd, 0xc9, 0xfd, 0x2a, 0xfe, 0x4a, 0xfe, 0x09, 0xfe, 0xc9, 0xfd, 0xa9, 0xfd, 0xc9, 0xfd, 0xc9, 0xfd, 0xc9, 0xfd, 0xc9, 0xfd, 0xc9, 0xfd, 0xc9, 0xfd, 0xc9, 0xfd, 0xc9, 0xfd, 0xe9, 0xfd, 0xea, 0xfd, 0xc9, 0xfd, 0xc9, 0xfd,
    0xc9, 0xfd, 0xc9, 0xfd, 0xc9, 0xfd, 0x6a, 0xed, 0x81, 0x18, 0x00, 0x00, 0x8d, 0x6b, 0xff, 0xff, 0xff, 0xff, 0xff, 0xff, 0xff, 0xff, 0xff, 0xff, 0xff, 0xff, 0xff, 0xff, 0xff, 0xff, 0xff, 0xff, 0xff, 0xff, 0xff, 0xff, 0xff, 0xff, 0xff, 0xff,
    0xff, 0xff, 0xff, 0xff, 0xff, 0xff, 0xff, 0xff, 0xff, 0xff, 0xff, 0xff, 0xff, 0xff, 0xff, 0xff, 0xff, 0xff, 0xff, 0xff, 0xff, 0xff, 0xff, 0xff, 0xff, 0xff, 0xff, 0xff, 0x69, 0x4a, 0x00, 0x00, 0x45, 0x52, 0xaf, 0xff, 0x0d, 0xff, 0xea, 0xfd,
    0xe9, 0xfd, 0x4a, 0xfe, 0x2a, 0xfe, 0xea, 0xfd, 0xe9, 0xfd, 0xc9, 0xfd, 0xc9, 0xfd, 0xc9, 0xfd, 0xc9, 0xfd, 0xc9, 0xfd, 0xc9, 0xfd, 0xc9, 0xfd, 0xc9, 0xfd, 0xe9, 0xfd, 0x2a, 0xfe, 0x4a, 0xfe, 0xea, 0xfd, 0x09, 0xd5, 0xc7, 0x9b, 0x85, 0x62,
    0x42, 0x31, 0x60, 0x10, 0x00, 0x00, 0x00, 0x00, 0x00, 0x00, 0x00, 0x00, 0x00, 0x00, 0x00, 0x00, 0x00, 0x00, 0x00, 0x00, 0x00, 0x00, 0x60, 0x10, 0x03, 0x52, 0x49, 0xe5, 0xe9, 0xfd, 0xc9, 0xfd, 0xc9, 0xfd, 0xc9, 0xfd, 0xc9, 0xfd, 0xc9, 0xfd,
    0xc9, 0xfd, 0xc9, 0xfd, 0xc9, 0xfd, 0xc9, 0xfd, 0xc9, 0xfd, 0xa9, 0xfd, 0xea, 0xfd, 0x68, 0xbc, 0xc1, 0x20, 0x00, 0x00, 0x00, 0x00, 0x00, 0x00, 0x00, 0x00, 0x00, 0x00, 0x00, 0x00, 0x00, 0x00, 0x00, 0x00, 0x00, 0x00, 0x00, 0x00, 0x00, 0x00,
    0x00, 0x00, 0x00, 0x00, 0xa1, 0x18, 0xe4, 0x49, 0x46, 0x83, 0xc9, 0xcc, 0xea, 0xfd, 0x4a, 0xfe, 0xe9, 0xfd, 0xc9, 0xfd, 0xc9, 0xfd, 0xc9, 0xfd, 0xc9, 0xfd, 0xc9, 0xfd, 0xc9, 0xfd, 0xc9, 0xfd, 0xc9, 0xfd, 0xe9, 0xfd, 0x0a, 0xfe, 0x0a, 0xfe,
    0x0a, 0xfe, 0x09, 0xfe, 0xc9, 0xfd, 0x6b, 0xfe, 0x47, 0x83, 0x00, 0x00, 0xa2, 0x10, 0x5d, 0xef, 0xff, 0xff, 0xff, 0xff, 0xff, 0xff, 0xff, 0xff, 0xff, 0xff, 0xff, 0xff, 0xff, 0xff, 0xff, 0xff, 0xff, 0xff, 0xff, 0xff, 0xff, 0xff, 0xff, 0xff,
    0xff, 0xff, 0xff, 0xff, 0xff, 0xff, 0xff, 0xff, 0xff, 0xff, 0xff, 0xff, 0xff, 0xff, 0xff, 0xff, 0xff, 0xff, 0xff, 0xff, 0xff, 0xff, 0xff, 0xff, 0xff, 0xff, 0x79, 0xce, 0x20, 0x00, 0x20, 0x00, 0x8c, 0xc5, 0xaf, 0xff, 0x6b, 0xfe, 0xc9, 0xfd,
    0xe9, 0xfd, 0xea, 0xfd, 0x0a, 0xfe, 0xea, 0xfd, 0xe9, 0xfd, 0xe9, 0xfd, 0xc9, 0xfd, 0xc9, 0xfd, 0xc9, 0xfd, 0xc9, 0xfd, 0xc9, 0xfd, 0xc9, 0xfd, 0x2a, 0xfe, 0x0b, 0xfe, 0x88, 0xbc, 0xa5, 0x6a, 0xc1, 0x20, 0x00, 0x00, 0x00, 0x00, 0x00, 0x00,
    0x00, 0x00, 0xa2, 0x10, 0x45, 0x29, 0x00, 0x00, 0x24, 0x21, 0x28, 0x42, 0x20, 0x00, 0x00, 0x00, 0x20, 0x00, 0x00, 0x00, 0x45, 0x29, 0xaa, 0x52, 0xe4, 0x18, 0xe7, 0xab, 0x29, 0xfe, 0xa9, 0xfd, 0xc9, 0xfd, 0xc9, 0xfd, 0xc9, 0xfd, 0xc9, 0xfd,
    0xa8, 0xfd, 0xa8, 0xfd, 0xc9, 0xfd, 0xc9, 0xfd, 0xc9, 0xfd, 0xa9, 0xfd, 0x0a, 0xfe, 0xc7, 0xab, 0x89, 0x52, 0xd2, 0x9c, 0x0b, 0x63, 0x40, 0x08, 0x50, 0x8c, 0xa6, 0x31, 0x00, 0x00, 0x20, 0x00, 0x20, 0x00, 0x20, 0x00, 0x6d, 0x6b, 0x30, 0x84,
    0x0b, 0x63, 0xe7, 0x39, 0x82, 0x08, 0x00, 0x00, 0x00, 0x00, 0x00, 0x00, 0xa0, 0x18, 0x05, 0x83, 0xa9, 0xf5, 0xe9, 0xfd, 0xc9, 0xfd, 0xc9, 0xfd, 0xc9, 0xfd, 0xe9, 0xfd, 0xe9, 0xfd, 0x09, 0xfe, 0x09, 0xfe, 0xe9, 0xfd, 0xc9, 0xfd, 0x89, 0xfd,
    0x68, 0xfd, 0x28, 0xf5, 0x08, 0xf5, 0x49, 0xfd, 0xe9, 0xe4, 0x61, 0x10, 0x00, 0x00, 0x91, 0x94, 0xff, 0xff, 0xdf, 0xff, 0xff, 0xff, 0xff, 0xff, 0xff, 0xff, 0xff, 0xff, 0xff, 0xff, 0xff, 0xff, 0xff, 0xff, 0xff, 0xff, 0xff, 0xff, 0xff, 0xff,
    0xff, 0xff, 0xff, 0xff, 0xff, 0xff, 0xff, 0xff, 0xff, 0xff, 0xff, 0xff, 0xff, 0xff, 0xff, 0xff, 0xff, 0xff, 0xff, 0xff, 0xff, 0xff, 0xff, 0xff, 0xff, 0xff, 0x6d, 0x6b, 0x00, 0x00, 0xa4, 0x39, 0x70, 0xff, 0x0e, 0xff, 0x0a, 0xfe, 0xc9, 0xfd,
    0xc9, 0xfd, 0xa9, 0xfd, 0xc9, 0xfd, 0xc9, 0xfd, 0xc9, 0xfd, 0xc9, 0xfd, 0xc9, 0xfd, 0xc9, 0xfd, 0xc9, 0xfd, 0xc9, 0xfd, 0xc9, 0xfd, 0x0a, 0xfe, 0xc7, 0x9b, 0xa1, 0x18, 0x00, 0x00, 0x00, 0x00, 0xc3, 0x10, 0x69, 0x4a, 0x30, 0x84, 0xb6, 0xb5,
    0xba, 0xd6, 0xbe, 0xf7, 0xf3, 0x9c, 0x00, 0x00, 0x55, 0xad, 0xde, 0xff, 0x20, 0x00, 0x00, 0x00, 0x20, 0x00, 0x00, 0x00, 0xc6, 0x39, 0xff, 0xff, 0x9b, 0xff, 0xa8, 0xfd, 0xc9, 0xfd, 0xc9, 0xfd, 0xc9, 0xfd, 0xa8, 0xfd, 0xa8, 0xfd, 0xc9, 0xfd,
    0x0a, 0xfe, 0xea, 0xfd, 0xc8, 0xfd, 0xa8, 0xfd, 0xa8, 0xfd, 0xa9, 0xfd, 0xa9, 0xfd, 0xea, 0xfd, 0xfe, 0xff, 0xff, 0xff, 0x89, 0x52, 0xa2, 0x10, 0xbe, 0xff, 0xcb, 0x5a, 0x00, 0x00, 0x20, 0x00, 0x20, 0x00, 0x00, 0x00, 0x8d, 0x73, 0xff, 0xff,
    0xff, 0xff, 0xff, 0xff, 0x9d, 0xf7, 0xba, 0xd6, 0x54, 0xad, 0x8d, 0x73, 0xa6, 0x31, 0x81, 0x10, 0x09, 0xdd, 0x09, 0xfe, 0xc9, 0xfd, 0xc9, 0xfd, 0xe9, 0xfd, 0xc9, 0xfd, 0x68, 0xfd, 0xe7, 0xf4, 0x46, 0xf4, 0xe5, 0xfb, 0x85, 0xf3, 0x65, 0xf3,
    0x65, 0xf3, 0x45, 0xf3, 0x85, 0xf3, 0x65, 0xf3, 0xa5, 0xfb, 0x83, 0x61, 0x00, 0x00, 0x65, 0x29, 0xdf, 0xff, 0xff, 0xff, 0xff, 0xff, 0xff, 0xff, 0xff, 0xff, 0xff, 0xff, 0xff, 0xff, 0xff, 0xff, 0xff, 0xff, 0xff, 0xff, 0xff, 0xff, 0xff, 0xff,
    0xff, 0xff, 0xff, 0xff, 0xff, 0xff, 0xff, 0xff, 0xff, 0xff, 0xff, 0xff, 0xff, 0xff, 0xff, 0xff, 0xff, 0xff, 0xff, 0xff, 0xff, 0xff, 0xff, 0xff, 0x7d, 0xef, 0xc2, 0x10, 0x00, 0x00, 0x8a, 0x9c, 0x90, 0xff, 0x8c, 0xfe, 0xe9, 0xfd, 0xe9, 0xfd,
    0xe9, 0xfd, 0xe9, 0xfd, 0x0a, 0xfe, 0x0a, 0xfe, 0xea, 0xfd, 0xe9, 0xfd, 0xc9, 0xfd, 0xc9, 0xfd, 0xc9, 0xfd, 0xc9, 0xfd, 0xc9, 0xfd, 0x2a, 0xfe, 0xe5, 0x7a, 0x28, 0x42, 0x91, 0x94, 0x79, 0xce, 0xbe, 0xf7, 0xff, 0xff, 0xff, 0xff, 0xff, 0xff,
    0xff, 0xff, 0xff, 0xff, 0xcb, 0x5a, 0x00, 0x00, 0x24, 0x21, 0x24, 0x21, 0x00, 0x00, 0x00, 0x00, 0x00, 0x00, 0x00, 0x00, 0xa2, 0x10, 0xbf, 0xf7, 0xbb, 0xff, 0xa8, 0xfd, 0xc9, 0xfd, 0xa8, 0xfd, 0xa8, 0xfd, 0x0a, 0xfe, 0xb0, 0xfe, 0x34, 0xf7,
    0x98, 0xf7, 0x98, 0xf7, 0x34, 0xf7, 0x8f, 0xf6, 0xea, 0xfd, 0x87, 0xfd, 0xa9, 0xfd, 0xa9, 0xfd, 0x9c, 0xf7, 0xdf, 0xff, 0xc6, 0x39, 0x00, 0x00, 0x61, 0x08, 0x00, 0x00, 0x00, 0x00, 0x00, 0x00, 0x20, 0x00, 0x00, 0x00, 0xc7, 0x39, 0xdf, 0xff,
    0xdf, 0xff, 0xff, 0xff, 0xff, 0xff, 0xff, 0xff, 0xff, 0xff, 0xff, 0xff, 0xff, 0xff, 0xeb, 0xfd, 0xc9, 0xfd, 0xc9, 0xfd, 0xc9, 0xfd, 0xc9, 0xfd, 0xa7, 0xf4, 0xe5, 0xf3, 0x84, 0xf3, 0x24, 0xfb, 0x23, 0xfb, 0x23, 0xfb, 0x24, 0xfb, 0x44, 0xfb,
    0x44, 0xfb, 0x44, 0xfb, 0x44, 0xfb, 0x44, 0xfb, 0x64, 0xfb, 0xa5, 0xc2, 0x20, 0x00, 0x00, 0x00, 0x18, 0xc6, 0xff, 0xff, 0xdf, 0xff, 0xdf, 0xff, 0xdf, 0xff, 0xff, 0xff, 0xff, 0xff, 0xff, 0xff, 0xff, 0xff, 0xff, 0xff, 0xff, 0xff, 0xff, 0xff,
    0xff, 0xff, 0xff, 0xff, 0xff, 0xff, 0xff, 0xff, 0xdf, 0xff, 0xdf, 0xff, 0xdf, 0xff, 0xdf, 0xff, 0xdf, 0xff, 0xff, 0xff, 0xdf, 0xff, 0xff, 0xff, 0xd3, 0x9c, 0x00, 0x00, 0x81, 0x10, 0x67, 0xec, 0x87, 0xfc, 0x26, 0xf4, 0xc5, 0xf3, 0xe5, 0xfb,
    0x26, 0xfc, 0xa7, 0xf4, 0xa7, 0xf4, 0x28, 0xf5, 0x48, 0xfd, 0xa9, 0xfd, 0xe9, 0xfd, 0xe9, 0xfd, 0xc9, 0xfd, 0xc9, 0xfd, 0xc9, 0xfd, 0xe9, 0xfd, 0x09, 0xfe, 0xba, 0xff, 0xff, 0xff, 0xff, 0xff, 0xff, 0xff, 0xff, 0xff, 0xdf, 0xff, 0xff, 0xff,
    0xdf, 0xff, 0xff, 0xff, 0x4d, 0x6b, 0x00, 0x00, 0x00, 0x00, 0x00, 0x00, 0x00, 0x00, 0x00, 0x00, 0x20, 0x00, 0x00, 0x00, 0x65, 0x29, 0xff, 0xff, 0x59, 0xff, 0xa8, 0xfd, 0xa8, 0xfd, 0xc9, 0xfd, 0xf2, 0xfe, 0xd8, 0xff, 0xfc, 0xff, 0xfd, 0xff,
    0xfd, 0xff, 0xfe, 0xff, 0xff, 0xff, 0xfe, 0xff, 0xb9, 0xff, 0x4d, 0xfe, 0x47, 0xfd, 0x68, 0xfd, 0x7a, 0xff, 0xff, 0xff, 0xcb, 0x5a, 0x00, 0x00, 0x00, 0x00, 0x00, 0x00, 0x00, 0x00, 0x00, 0x00, 0x20, 0x00, 0x00, 0x00, 0xeb, 0x5a, 0xff, 0xff,
    0xdf, 0xff, 0xff, 0xff, 0xff, 0xff, 0xff, 0xff, 0xdf, 0xff, 0xdf, 0xff, 0xbc, 0xff, 0xca, 0xfd, 0xa9, 0xfd, 0xc9, 0xfd, 0xa9, 0xfd, 0xc5, 0xf3, 0x24, 0xfb, 0x44, 0xfb, 0x44, 0xfb, 0x44, 0xfb, 0x44, 0xfb, 0x44, 0xfb, 0x44, 0xfb, 0x44, 0xfb,
    0x64, 0xfb, 0x64, 0xfb, 0x44, 0xfb, 0x44, 0xfb, 0x44, 0xfb, 0x65, 0xfb, 0xe2, 0x30, 0x00, 0x00, 0x6d, 0x6b, 0xff, 0xff, 0xff, 0xff, 0xff, 0xff, 0xff, 0xff, 0xff, 0xff, 0xff, 0xff, 0xff, 0xff, 0xff, 0xff, 0xff, 0xff, 0xff, 0xff, 0xff, 0xff,
    0xff, 0xff, 0xff, 0xff, 0xff, 0xff, 0xff, 0xff, 0xff, 0xff, 0xff, 0xff, 0xff, 0xff, 0xff, 0xff, 0xff, 0xff, 0xff, 0xff, 0xff, 0xff, 0xff, 0xff, 0x07, 0x42, 0x00, 0x00, 0x62, 0x59, 0xe5, 0xfb, 0xc5, 0xf3, 0x64, 0xfb, 0x44, 0xfb, 0x24, 0xfb,
    0x44, 0xfb, 0x64, 0xfb, 0x84, 0xfb, 0x84, 0xfb, 0x64, 0xf3, 0xc5, 0xf3, 0x46, 0xf4, 0xe7, 0xfc, 0xc9, 0xfd, 0xc9, 0xfd, 0xc9, 0xfd, 0xc9, 0xfd, 0x87, 0xfd, 0xd4, 0xfe, 0xdf, 0xff, 0xdf, 0xff, 0xff, 0xff, 0xff, 0xff, 0xff, 0xff, 0xff, 0xff,
    0xff, 0xff, 0xff, 0xff, 0x96, 0xb5, 0x00, 0x00, 0x41, 0x00, 0x00, 0x00, 0x00, 0x00, 0x00, 0x00, 0x40, 0x00, 0x00, 0x00, 0xef, 0x7b, 0xff, 0xff, 0xd4, 0xfe, 0x66, 0xfd, 0x0c, 0xfe, 0x76, 0xff, 0xfc, 0xff, 0xbb, 0xf7, 0x32, 0x9d, 0x8c, 0x6b,
    0xa9, 0x52, 0xaa, 0x52, 0x8d, 0x6b, 0x74, 0xad, 0xfe, 0xff, 0xfc, 0xff, 0xd3, 0xfe, 0x47, 0xfd, 0xb4, 0xfe, 0xff, 0xff, 0xf7, 0xbd, 0x00, 0x00, 0x20, 0x00, 0x20, 0x00, 0x00, 0x00, 0x20, 0x00, 0x20, 0x00, 0x00, 0x00, 0xd6, 0xbd, 0xff, 0xff,
    0xff, 0xff, 0xff, 0xff, 0xff, 0xff, 0xff, 0xff, 0xff, 0xff, 0xff, 0xff, 0x37, 0xff, 0xa8, 0xfd, 0xc9, 0xfd, 0xa9, 0xfd, 0xa9, 0xfd, 0xe5, 0xf3, 0x23, 0xf3, 0x24, 0xfb, 0x24, 0xfb, 0x44, 0xfb, 0x44, 0xfb, 0x64, 0xfb, 0x64, 0xfb, 0x64, 0xfb,
    0x44, 0xfb, 0x64, 0xfb, 0x44, 0xfb, 0x44, 0xfb, 0x44, 0xfb, 0xc5, 0xfb, 0x04, 0x8a, 0x00, 0x00, 0x24, 0x21, 0x5d, 0xef, 0x79, 0xce, 0xb2, 0x94, 0x6d, 0x6b, 0x48, 0x42, 0xc6, 0x31, 0xc6, 0x39, 0xf7, 0xbd, 0xff, 0xff, 0xff, 0xff, 0xff, 0xff,
    0xff, 0xff, 0xff, 0xff, 0xff, 0xff, 0xfb, 0xde, 0x0c, 0x63, 0xaa, 0x52, 0x2c, 0x63, 0x0f, 0x84, 0xd3, 0x9c, 0xd7, 0xbd, 0x3c, 0xe7, 0x1b, 0xe7, 0x61, 0x08, 0x00, 0x00, 0xc4, 0xba, 0x05, 0xfc, 0xa4, 0xfb, 0x44, 0xfb, 0x44, 0xfb, 0x44, 0xfb,
    0x44, 0xfb, 0x64, 0xfb, 0x84, 0xfb, 0x64, 0xfb, 0x44, 0xfb, 0x44, 0xfb, 0x65, 0xfb, 0x64, 0xfb, 0x26, 0xf4, 0xc9, 0xfd, 0xc9, 0xfd, 0xc9, 0xfd, 0xa8, 0xfd, 0x2e, 0xfe, 0xff, 0xff, 0xff, 0xff, 0xff, 0xff, 0xff, 0xff, 0xff, 0xff, 0xff, 0xff,
    0xff, 0xff, 0xff, 0xff, 0xff, 0xff, 0x69, 0x4a, 0x00, 0x00, 0x00, 0x00, 0x00, 0x00, 0x00, 0x00, 0x00, 0x00, 0x65, 0x29, 0x7d, 0xef, 0xff, 0xff, 0xca, 0xfd, 0x4d, 0xfe, 0xfa, 0xff, 0xfc, 0xff, 0x19, 0xe7, 0xa6, 0x41, 0x43, 0x61, 0x04, 0x9a,
    0x45, 0xba, 0x45, 0xba, 0x04, 0x9a, 0xe1, 0x48, 0x6c, 0x6b, 0xfd, 0xff, 0xfd, 0xff, 0x15, 0xff, 0xcb, 0xf5, 0xde, 0xff, 0xff, 0xff, 0x0f, 0x7c, 0x00, 0x00, 0x00, 0x00, 0x00, 0x00, 0x00, 0x00, 0x00, 0x00, 0x6d, 0x6b, 0xff, 0xff, 0xff, 0xff,
    0xff, 0xff, 0xff, 0xff, 0xff, 0xff, 0xff, 0xff, 0xff, 0xff, 0xff, 0xff, 0x4e, 0xfe, 0xa8, 0xfd, 0xe9, 0xfd, 0xc9, 0xfd, 0xc9, 0xfd, 0xc9, 0xfd, 0xc7, 0xfc, 0x05, 0xf4, 0xa4, 0xfb, 0x63, 0xfb, 0x43, 0xfb, 0x23, 0xfb, 0x23, 0xfb, 0x43, 0xfb,
    0x44, 0xfb, 0x64, 0xfb, 0x84, 0xfb, 0xa5, 0xfb, 0x44, 0xf3, 0xc4, 0xca, 0x83, 0x61, 0x00, 0x00, 0x20, 0x00, 0xa2, 0x10, 0x82, 0x10, 0x44, 0x21, 0x69, 0x4a, 0x6d, 0x6b, 0x13, 0xa5, 0x38, 0xc6, 0x9d, 0xf7, 0xff, 0xff, 0xff, 0xff, 0xff, 0xff,
    0xff, 0xff, 0xff, 0xff, 0xff, 0xff, 0x3c, 0xe7, 0xf3, 0x9c, 0xae, 0x73, 0x0b, 0x5b, 0x28, 0x42, 0x44, 0x29, 0xa2, 0x10, 0x41, 0x08, 0xa2, 0x10, 0x00, 0x00, 0x20, 0x00, 0x43, 0x92, 0x44, 0xdb, 0x64, 0xfb, 0xa4, 0xfb, 0x84, 0xfb, 0x64, 0xfb,
    0x43, 0xfb, 0x43, 0xfb, 0x64, 0xfb, 0x64, 0xfb, 0x44, 0xfb, 0x44, 0xfb, 0x44, 0xfb, 0x23, 0xfb, 0xa4, 0xf3, 0xa9, 0xfd, 0xc9, 0xfd, 0xc9, 0xfd, 0xc9, 0xfd, 0x88, 0xfd, 0x37, 0xff, 0xff, 0xff, 0xff, 0xff, 0xff, 0xff, 0xff, 0xff, 0xff, 0xff,
    0xff, 0xff, 0xff, 0xff, 0xff, 0xff, 0x9e, 0xf7, 0x4d, 0x6b, 0x61, 0x08, 0x00, 0x00, 0x41, 0x08, 0xaa, 0x52, 0x5c, 0xef, 0xff, 0xff, 0x92, 0xfe, 0x0c, 0xfe, 0xfc, 0xff, 0xfb, 0xff, 0xfd, 0xff, 0xf1, 0x94, 0x60, 0x30, 0x8c, 0xfc, 0xc9, 0xfb,
    0x88, 0xfb, 0x68, 0xfb, 0x2a, 0xfc, 0x25, 0xaa, 0xa5, 0x29, 0xfd, 0xff, 0xfb, 0xff, 0xfd, 0xff, 0xb2, 0xf6, 0x92, 0xfe, 0xff, 0xff, 0xff, 0xff, 0x95, 0xb5, 0x49, 0x4a, 0x44, 0x29, 0xe7, 0x39, 0xf3, 0x9c, 0xff, 0xff, 0xff, 0xff, 0xff, 0xff,
    0xff, 0xff, 0xff, 0xff, 0xff, 0xff, 0xff, 0xff, 0xff, 0xff, 0x16, 0xff, 0xc8, 0xfd, 0xc9, 0xfd, 0x69, 0xfd, 0x69, 0xfd, 0x89, 0xfd, 0xc9, 0xfd, 0x09, 0xfe, 0xe9, 0xfd, 0xa9, 0xfd, 0x48, 0xfd, 0xe7, 0xfc, 0x66, 0xf4, 0x25, 0xfc, 0x66, 0xfc,
    0x67, 0xfc, 0x45, 0xe3, 0x23, 0xa2, 0x22, 0x51, 0x61, 0x18, 0x61, 0x18, 0xc2, 0x30, 0x61, 0x08, 0x00, 0x00, 0x6d, 0x6b, 0x7d, 0xef, 0xff, 0xff, 0xff, 0xff, 0xff, 0xff, 0xff, 0xff, 0xff, 0xff, 0xff, 0xff, 0xff, 0xff, 0xff, 0xff, 0xff, 0xff,
    0xff, 0xff, 0xff, 0xff, 0xff, 0xff, 0xff, 0xff, 0xff, 0xff, 0xff, 0xff, 0xff, 0xff, 0xff, 0xff, 0xff, 0xff, 0x9e, 0xf7, 0x59, 0xce, 0xe7, 0x39, 0x00, 0x00, 0x61, 0x18, 0xa1, 0x20, 0x41, 0x08, 0x81, 0x20, 0x02, 0x49, 0xe3, 0x89, 0xc4, 0xd2,
    0x85, 0xfb, 0xa4, 0xfb, 0x43, 0xfb, 0x23, 0xfb, 0x23, 0xfb, 0x64, 0xfb, 0xc5, 0xfb, 0x87, 0xf4, 0xa9, 0xfd, 0x2a, 0xfe, 0xe9, 0xfd, 0xc9, 0xfd, 0xc9, 0xfd, 0xe9, 0xfd, 0x0a, 0xfe, 0x7a, 0xff, 0xff, 0xff, 0xff, 0xff, 0xff, 0xff, 0xff, 0xff,
    0xff, 0xff, 0xff, 0xff, 0xff, 0xff, 0xff, 0xff, 0xff, 0xff, 0x3c, 0xe7, 0x38, 0xc6, 0xfb, 0xde, 0xff, 0xff, 0xff, 0xff, 0xb4, 0xfe, 0x89, 0xf5, 0xb9, 0xff, 0xfc, 0xff, 0xfb, 0xff, 0xfc, 0xff, 0x5a, 0xef, 0xa6, 0x31, 0x02, 0x59, 0x69, 0xeb,
    0x88, 0xfb, 0x88, 0xfb, 0xe4, 0x99, 0xa2, 0x18, 0x77, 0xce, 0xfd, 0xff, 0xfb, 0xff, 0xfb, 0xff, 0xfc, 0xff, 0x4e, 0xfe, 0xb2, 0xfe, 0xff, 0xff, 0xff, 0xff, 0xff, 0xff, 0xdf, 0xff, 0xff, 0xff, 0xff, 0xff, 0xff, 0xff, 0xff, 0xff, 0xff, 0xff,
    0xff, 0xff, 0xff, 0xff, 0xff, 0xff, 0xff, 0xff, 0x16, 0xff, 0x49, 0xfd, 0x68, 0xfc, 0x67, 0xfb, 0x27, 0xfb, 0x47, 0xfb, 0x67, 0xfb, 0xc8, 0xfb, 0xa9, 0xfc, 0x89, 0xfd, 0xe9, 0xfd, 0xc9, 0xfd, 0xc9, 0xfd, 0x0a, 0xfe, 0x69, 0xe5, 0x46, 0x83,
    0x43, 0x31, 0x61, 0x18, 0xa1, 0x28, 0x82, 0x61, 0x84, 0xb2, 0x24, 0xeb, 0x85, 0xfb, 0xe2, 0x38, 0x00, 0x00, 0x0c, 0x63, 0xff, 0xff, 0xdf, 0xff, 0xff, 0xff, 0xdf, 0xff, 0xff, 0xff, 0xff, 0xff, 0xff, 0xff, 0xff, 0xff, 0xff, 0xff, 0xff, 0xff,
    0xff, 0xff, 0xff, 0xff, 0xff, 0xff, 0xff, 0xff, 0xff, 0xff, 0xdf, 0xff, 0xdf, 0xff, 0xff, 0xff, 0xff, 0xff, 0xff, 0xff, 0xff, 0xff, 0x07, 0x42, 0x00, 0x00, 0xc3, 0x79, 0xe5, 0xfb, 0x24, 0xdb, 0x84, 0xaa, 0xc2, 0x69, 0xe1, 0x30, 0x61, 0x10,
    0xa1, 0x28, 0x62, 0x61, 0xe4, 0xc2, 0x66, 0xfc, 0xc7, 0xfc, 0x49, 0xfd, 0xea, 0xfd, 0x2b, 0xfe, 0x2a, 0xfd, 0x49, 0xfc, 0x08, 0xfc, 0xa8, 0xfb, 0xa8, 0xfb, 0x08, 0xfc, 0xe8, 0xfc, 0xc9, 0xfd, 0x37, 0xff, 0xff, 0xff, 0xff, 0xff, 0xff, 0xff,
    0xff, 0xff, 0xff, 0xff, 0xff, 0xff, 0xff, 0xff, 0xff, 0xff, 0xff, 0xff, 0xff, 0xff, 0xff, 0xff, 0xbd, 0xff, 0x70, 0xfe, 0x67, 0xfd, 0x56, 0xff, 0xfc, 0xff, 0xfb, 0xff, 0xfb, 0xff, 0xfb, 0xff, 0xfc, 0xff, 0x9c, 0xf7, 0x0c, 0x5b, 0xc2, 0x30,
    0x05, 0x92, 0x43, 0x61, 0xa6, 0x31, 0xb8, 0xd6, 0xfd, 0xff, 0xfb, 0xff, 0xfc, 0xff, 0xfb, 0xff, 0xfb, 0xff, 0xfb, 0xff, 0x0c, 0xfe, 0x2d, 0xfe, 0x59, 0xff, 0xff, 0xff, 0xff, 0xff, 0xff, 0xff, 0xff, 0xff, 0xff, 0xff, 0xff, 0xff, 0xff, 0xff,
    0xff, 0xff, 0xff, 0xff, 0xbb, 0xff, 0x30, 0xf6, 0x27, 0xfc, 0x27, 0xfb, 0xc7, 0xfa, 0xe7, 0xfa, 0xe7, 0xfa, 0xe7, 0xfa, 0xc7, 0xfa, 0xc7, 0xfa, 0xc7, 0xfa, 0x68, 0xfb, 0xa9, 0xfc, 0xa9, 0xfd, 0xe9, 0xfd, 0x67, 0xc4, 0x43, 0x31, 0xc4, 0x49,
    0x46, 0x93, 0x06, 0xdc, 0xe5, 0xfb, 0xc5, 0xfb, 0x64, 0xfb, 0x24, 0xfb, 0x64, 0xfb, 0x82, 0x69, 0x00, 0x00, 0x45, 0x29, 0xff, 0xff, 0xff, 0xff, 0xff, 0xff, 0xff, 0xff, 0xff, 0xff, 0xff, 0xff, 0xff, 0xff, 0xff, 0xff, 0xff, 0xff, 0xff, 0xff,
    0xff, 0xff, 0xff, 0xff, 0xff, 0xff, 0xff, 0xff, 0xff, 0xff, 0xff, 0xff, 0xff, 0xff, 0xff, 0xff, 0xff, 0xff, 0xff, 0xff, 0x3c, 0xe7, 0x61, 0x08, 0x00, 0x00, 0x64, 0xa2, 0xe5, 0xfb, 0xa4, 0xfb, 0xa4, 0xfb, 0xc4, 0xfb, 0xa4, 0xfb, 0x64, 0xe3,
    0xa4, 0x92, 0xc3, 0x49, 0x02, 0x21, 0xc7, 0x9b, 0x4b, 0xfe, 0x0b, 0xfe, 0x6a, 0xfd, 0xc8, 0xfb, 0xe8, 0xfa, 0xc7, 0xfa, 0xe7, 0xfa, 0xe7, 0xfa, 0x07, 0xfb, 0xe7, 0xfa, 0xe7, 0xfa, 0xa7, 0xfb, 0xc8, 0xf4, 0x0e, 0xfe, 0xf6, 0xfe, 0x7b, 0xff,
    0xde, 0xff, 0xff, 0xff, 0xff, 0xff, 0xff, 0xff, 0xff, 0xff, 0xbd, 0xff, 0x39, 0xff, 0x92, 0xfe, 0xca, 0xfd, 0x66, 0xfd, 0x14, 0xff, 0xfc, 0xff, 0xfb, 0xff, 0xfb, 0xff, 0xfb, 0xff, 0xfb, 0xff, 0xfb, 0xff, 0xfc, 0xff, 0xfe, 0xff, 0x99, 0xce,
    0x04, 0x19, 0xee, 0x73, 0xfd, 0xff, 0xfc, 0xff, 0xfb, 0xff, 0xfb, 0xff, 0xfb, 0xff, 0xfb, 0xff, 0xfb, 0xff, 0xfc, 0xff, 0xda, 0xff, 0x0b, 0xfe, 0x87, 0xfd, 0x0d, 0xfe, 0xd4, 0xfe, 0x38, 0xff, 0x7a, 0xff, 0x7b, 0xff, 0x7a, 0xff, 0x38, 0xff,
    0xb4, 0xfe, 0x2f, 0xfe, 0xa8, 0xf4, 0x46, 0xfb, 0xa7, 0xfa, 0xc7, 0xfa, 0x07, 0xfb, 0x08, 0xfb, 0x07, 0xfb, 0xe7, 0xfa, 0xe7, 0xfa, 0xc7, 0xfa, 0xc7, 0xfa, 0xc7, 0xfa, 0xc7, 0xfa, 0x08, 0xf4, 0xa9, 0xfd, 0x69, 0xed, 0x69, 0xed, 0x4a, 0xfe,
    0x2a, 0xfe, 0xe9, 0xfd, 0x88, 0xfd, 0x07, 0xfd, 0xc7, 0xf4, 0x46, 0xf4, 0x26, 0xfc, 0x44, 0x92, 0x00, 0x00, 0xa2, 0x10, 0x7d, 0xef, 0xff, 0xff, 0xff, 0xff, 0xff, 0xff, 0xff, 0xff, 0xff, 0xff, 0xff, 0xff, 0xff, 0xff, 0xff, 0xff, 0xff, 0xff,
    0xff, 0xff, 0xff, 0xff, 0xff, 0xff, 0xff, 0xff, 0xff, 0xff, 0xff, 0xff, 0xff, 0xff, 0xff, 0xff, 0xff, 0xff, 0xff, 0xff, 0x38, 0xc6, 0x00, 0x00, 0x00, 0x00, 0xc4, 0xc2, 0xa4, 0xfb, 0x43, 0xfb, 0x64, 0xfb, 0xc5, 0xf3, 0x25, 0xfc, 0xe7, 0xfc,
    0xa9, 0xfd, 0x4a, 0xfe, 0xca, 0xf5, 0xaa, 0xf5, 0x0a, 0xfe, 0x89, 0xfc, 0x07, 0xfb, 0x48, 0xfb, 0x28, 0xfb, 0x07, 0xfb, 0x07, 0xfb, 0xe7, 0xfa, 0xe7, 0xfa, 0xe7, 0xfa, 0xe7, 0xfa, 0xc7, 0xfa, 0xe7, 0xfa, 0xa7, 0xfb, 0xe7, 0xfc, 0xa9, 0xfd,
    0xcb, 0xfd, 0x0d, 0xfe, 0x2e, 0xfe, 0x4e, 0xfe, 0x0d, 0xfe, 0xeb, 0xfd, 0xa9, 0xfd, 0x88, 0xfd, 0x88, 0xfd, 0xf3, 0xfe, 0xfc, 0xff, 0xfb, 0xff, 0xfb, 0xff, 0xfb, 0xff, 0xfb, 0xff, 0xfb, 0xff, 0xfb, 0xff, 0xfb, 0xff, 0xdb, 0xff, 0xff, 0xff,
    0x28, 0x4a, 0x15, 0xc6, 0xfd, 0xff, 0xdb, 0xff, 0xfb, 0xff, 0xfb, 0xff, 0xfb, 0xff, 0xfb, 0xff, 0xfb, 0xff, 0xfb, 0xff, 0xfc, 0xff, 0xb9, 0xff, 0x4d, 0xfe, 0x87, 0xfd, 0xa8, 0xfd, 0xa8, 0xfd, 0xa8, 0xfd, 0xa9, 0xfd, 0x88, 0xfd, 0x87, 0xfd,
    0x87, 0xfd, 0x27, 0xfc, 0xe7, 0xfa, 0xc7, 0xfa, 0x07, 0xfb, 0x07, 0xfb, 0x08, 0xfb, 0x08, 0xfb, 0x07, 0xfb, 0x07, 0xfb, 0x08, 0xfb, 0xc7, 0xfa, 0xc7, 0xfa, 0xe7, 0xfa, 0xe7, 0xfa, 0x08, 0xfb, 0x69, 0xfc, 0x09, 0xfe, 0xc9, 0xfd, 0xa9, 0xfd,
    0xa9, 0xfd, 0xa9, 0xfd, 0xc9, 0xfd, 0xc9, 0xfd, 0xe9, 0xfd, 0xc9, 0xfd, 0x2a, 0xfe, 0x28, 0xb4, 0x00, 0x00, 0x20, 0x00, 0xda, 0xde, 0xff, 0xff, 0xff, 0xff, 0xff, 0xff, 0xff, 0xff, 0xff, 0xff, 0xff, 0xff, 0xff, 0xff, 0xff, 0xff, 0xff, 0xff,
    0xff, 0xff, 0xff, 0xff, 0xff, 0xff, 0xff, 0xff, 0xff, 0xff, 0xff, 0xff, 0xff, 0xff, 0xff, 0xff, 0xdf, 0xff, 0xff, 0xff, 0x14, 0xa5, 0x00, 0x00, 0x61, 0x08, 0x47, 0xd4, 0x68, 0xfd, 0xe7, 0xfc, 0x68, 0xfd, 0xe9, 0xfd, 0x09, 0xfe, 0x09, 0xfe,
    0xe9, 0xfd, 0xc9, 0xfd, 0xe9, 0xfd, 0x0a, 0xfe, 0x69, 0xfc, 0xe7, 0xfa, 0x08, 0xfb, 0x08, 0xfb, 0xe7, 0xfa, 0xe7, 0xfa, 0xe7, 0xfa, 0xe7, 0xfa, 0xe7, 0xfa, 0xe7, 0xfa, 0xe7, 0xfa, 0xe7, 0xfa, 0xc7, 0xfa, 0xa7, 0xfa, 0xc7, 0xfa, 0x68, 0xfc,
    0xc9, 0xfd, 0xa8, 0xfd, 0xa8, 0xfd, 0xa8, 0xfd, 0xa8, 0xfd, 0xa9, 0xfd, 0xa9, 0xfd, 0xa8, 0xfd, 0xd2, 0xfe, 0xfc, 0xff, 0xfb, 0xff, 0xfb, 0xff, 0xfb, 0xff, 0xfb, 0xff, 0xfb, 0xff, 0xfb, 0xff, 0xfc, 0xff, 0xfc, 0xff, 0xfb, 0xff, 0xfd, 0xff,
    0x07, 0x42, 0x73, 0xad, 0xfd, 0xff, 0xfb, 0xff, 0xfb, 0xff, 0xfb, 0xff, 0xfb, 0xff, 0xfc, 0xff, 0xfb, 0xff, 0xfb, 0xff, 0xfb, 0xff, 0xfc, 0xff, 0xda, 0xff, 0x90, 0xfe, 0xa8, 0xfd, 0xa8, 0xfd, 0xc9, 0xfd, 0xc9, 0xfd, 0xc9, 0xfd, 0xe9, 0xfd,
    0x89, 0xfc, 0xe7, 0xfa, 0xe7, 0xfa, 0xe7, 0xfa, 0xe7, 0xfa, 0xe7, 0xfa, 0xe7, 0xfa, 0x08, 0xfb, 0xe7, 0xfa, 0xe4, 0xe9, 0x45, 0xf2, 0x07, 0xfb, 0xc7, 0xfa, 0xc7, 0xfa, 0xe7, 0xfa, 0xe7, 0xfa, 0x48, 0xfb, 0x09, 0xfd, 0xe9, 0xfd, 0xa9, 0xfd,
    0xc9, 0xfd, 0xc9, 0xfd, 0xa9, 0xfd, 0xa9, 0xfd, 0xc9, 0xfd, 0xa9, 0xfd, 0x0a, 0xfe, 0xa9, 0xc4, 0x00, 0x00, 0x00, 0x00, 0x17, 0xc6, 0xff, 0xff, 0xff, 0xff, 0xff, 0xff, 0xff, 0xff, 0xff, 0xff, 0xff, 0xff, 0xff, 0xff, 0xff, 0xff, 0xff, 0xff,
    0xff, 0xff, 0xff, 0xff, 0xff, 0xff, 0xff, 0xff, 0xff, 0xff, 0xff, 0xff, 0xff, 0xff, 0xff, 0xff, 0xdf, 0xff, 0xff, 0xff, 0x30, 0x84, 0x00, 0x00, 0x02, 0x21, 0x70, 0xf7, 0x8f, 0xff, 0x29, 0xfe, 0x09, 0xfe, 0xe9, 0xfd, 0xe9, 0xfd, 0xc9, 0xfd,
    0xc9, 0xfd, 0xe9, 0xfd, 0x0a, 0xfe, 0x29, 0xfd, 0x07, 0xfb, 0x07, 0xfb, 0x07, 0xfb, 0xe7, 0xfa, 0xe7, 0xfa, 0xe7, 0xfa, 0x07, 0xfb, 0x24, 0xea, 0x65, 0xf2, 0x28, 0xfb, 0xe7, 0xfa, 0xe7, 0xfa, 0xe7, 0xfa, 0xe7, 0xfa, 0xc7, 0xfa, 0xa6, 0xfa,
    0xc9, 0xfc, 0xe9, 0xfd, 0xc9, 0xfd, 0xc9, 0xfd, 0xc9, 0xfd, 0xa8, 0xfd, 0xeb, 0xfd, 0x36, 0xff, 0xfc, 0xff, 0xfb, 0xff, 0xfb, 0xff, 0xfb, 0xff, 0xfb, 0xff, 0xfb, 0xff, 0xfb, 0xff, 0xfb, 0xff, 0xfc, 0xff, 0xfc, 0xff, 0xdb, 0xff, 0xdd, 0xff,
    0xc6, 0x39, 0x73, 0xad, 0xdd, 0xff, 0xdb, 0xff, 0xfb, 0xff, 0xfb, 0xff, 0xfb, 0xff, 0xfb, 0xff, 0xfb, 0xff, 0xfb, 0xff, 0xfc, 0xff, 0xfb, 0xff, 0xfc, 0xff, 0xfc, 0xff, 0x14, 0xff, 0xea, 0xfd, 0xa8, 0xfd, 0xa8, 0xfd, 0xc9, 0xfd, 0x49, 0xfd,
    0x07, 0xfb, 0xe7, 0xfa, 0xe7, 0xfa, 0x07, 0xfb, 0x08, 0xfb, 0xa6, 0xf2, 0x83, 0xe1, 0xe7, 0xfa, 0x28, 0xfb, 0xe7, 0xfa, 0x63, 0xd9, 0x04, 0xea, 0xe7, 0xfa, 0xc7, 0xfa, 0xc7, 0xfa, 0xc7, 0xfa, 0xe7, 0xfa, 0xe8, 0xfb, 0xc9, 0xfd, 0xa9, 0xfd,
    0xa9, 0xfd, 0xa9, 0xfd, 0xc9, 0xfd, 0xc9, 0xfd, 0xc9, 0xfd, 0xc9, 0xfd, 0x09, 0xfe, 0x29, 0xdd, 0x41, 0x08, 0x00, 0x00, 0x75, 0xad, 0xff, 0xff, 0xdf, 0xff, 0xff, 0xff, 0xff, 0xff, 0xff, 0xff, 0xff, 0xff, 0xff, 0xff, 0xff, 0xff, 0xff, 0xff,
    0xff, 0xff, 0xff, 0xff, 0xff, 0xff, 0xff, 0xff, 0xff, 0xff, 0xff, 0xff, 0xff, 0xff, 0xff, 0xff, 0xdf, 0xff, 0xff, 0xff, 0x8d, 0x73, 0x00, 0x00, 0x43, 0x29, 0x70, 0xff, 0x0d, 0xff, 0xe9, 0xfd, 0xe9, 0xfd, 0xe9, 0xfd, 0xe9, 0xfd, 0xe9, 0xfd,
    0xc9, 0xfd, 0xc9, 0xfd, 0xc9, 0xfd, 0xc8, 0xfb, 0xe7, 0xfa, 0xe7, 0xfa, 0xe7, 0xfa, 0xc7, 0xfa, 0xe7, 0xfa, 0xe7, 0xfa, 0xe3, 0xe9, 0xc3, 0xe1, 0xe8, 0xfa, 0x08, 0xfb, 0xe7, 0xfa, 0xa6, 0xfa, 0xe7, 0xfa, 0xe7, 0xfa, 0xc7, 0xfa, 0xc7, 0xfa,
    0x88, 0xfb, 0xc9, 0xfd, 0xc9, 0xfd, 0xa8, 0xfd, 0xc8, 0xfd, 0x8f, 0xfe, 0xda, 0xff, 0xfd, 0xff, 0xfb, 0xff, 0xfb, 0xff, 0xfb, 0xff, 0xfb, 0xff, 0xfb, 0xff, 0xfb, 0xff, 0xfb, 0xff, 0xfb, 0xff, 0xfb, 0xff, 0xfb, 0xff, 0xfc, 0xff, 0xff, 0xff,
    0x07, 0x42, 0x93, 0xb5, 0xff, 0xff, 0xfc, 0xff, 0xfb, 0xff, 0xdb, 0xff, 0xfb, 0xff, 0xfc, 0xff, 0xfc, 0xff, 0xfc, 0xff, 0xfb, 0xff, 0xfb, 0xff, 0xfb, 0xff, 0xfb, 0xff, 0xfc, 0xff, 0xb9, 0xff, 0xd2, 0xfe, 0x0b, 0xfe, 0xc8, 0xfd, 0x89, 0xfc,
    0xc8, 0xfa, 0xe7, 0xfa, 0x08, 0xfb, 0x45, 0xf2, 0x86, 0xf2, 0x48, 0xfb, 0x66, 0xea, 0x42, 0xd9, 0xe7, 0xfa, 0x48, 0xfb, 0xe8, 0xfa, 0x83, 0xe1, 0x86, 0xf2, 0xe7, 0xfa, 0xc7, 0xfa, 0xc7, 0xfa, 0x08, 0xfb, 0x68, 0xfb, 0xea, 0xfd, 0x6a, 0xfe,
    0x29, 0xfe, 0x29, 0xfe, 0x09, 0xfe, 0xe9, 0xfd, 0xe9, 0xfd, 0xc9, 0xfd, 0xe9, 0xfd, 0x29, 0xdd, 0x61, 0x10, 0x00, 0x00, 0x13, 0xa5, 0xff, 0xff, 0xdf, 0xff, 0xff, 0xff, 0xff, 0xff, 0xff, 0xff, 0xff, 0xff, 0xff, 0xff, 0xff, 0xff, 0xff, 0xff,
    0xff, 0xff, 0xff, 0xff, 0xff, 0xff, 0xff, 0xff, 0xff, 0xff, 0xff, 0xff, 0xff, 0xff, 0xff, 0xff, 0xdf, 0xff, 0xff, 0xff, 0x4c, 0x6b, 0x00, 0x00, 0x63, 0x29, 0x70, 0xff, 0xcc, 0xfe, 0xe9, 0xfd, 0xe9, 0xfd, 0xe9, 0xfd, 0x09, 0xfe, 0x09, 0xfe,
    0x2a, 0xfe, 0x6a, 0xfe, 0xa9, 0xfd, 0x07, 0xfb, 0xc7, 0xfa, 0xc7, 0xfa, 0xc7, 0xfa, 0xc7, 0xfa, 0xc7, 0xfa, 0xc3, 0xe9, 0x04, 0xea, 0x28, 0xfb, 0x08, 0xfb, 0x08, 0xfb, 0xc3, 0xe9, 0x05, 0xea, 0xe7, 0xfa, 0xe7, 0xfa, 0xe7, 0xfa, 0xc7, 0xfa,
    0xe7, 0xfa, 0x29, 0xfd, 0xe9, 0xfd, 0x4d, 0xfe, 0x56, 0xff, 0xfc, 0xff, 0xfb, 0xff, 0xfb, 0xff, 0xfb, 0xff, 0xfb, 0xff, 0xfb, 0xff, 0xfb, 0xff, 0xfb, 0xff, 0xfb, 0xff, 0xfb, 0xff, 0xfc, 0xff, 0xfd, 0xff, 0xfd, 0xff, 0x57, 0xce, 0x6d, 0x6b,
    0x61, 0x08, 0x44, 0x29, 0xce, 0x7b, 0x56, 0xce, 0xfc, 0xff, 0xfd, 0xff, 0xfc, 0xff, 0xfb, 0xff, 0xfb, 0xff, 0xfc, 0xff, 0xfb, 0xff, 0xfb, 0xff, 0xfc, 0xff, 0xfb, 0xff, 0xfb, 0xff, 0xfb, 0xff, 0xfc, 0xff, 0xd9, 0xff, 0x55, 0xff, 0x4a, 0xf4,
    0xc7, 0xfa, 0xe7, 0xfa, 0x08, 0xfb, 0x66, 0xf2, 0x62, 0xe1, 0x48, 0xfb, 0x68, 0xfb, 0x45, 0xea, 0x62, 0xe1, 0x28, 0xfb, 0x08, 0xfb, 0x08, 0xfb, 0xc7, 0xfa, 0xc7, 0xfa, 0xc7, 0xfa, 0xc7, 0xfa, 0xc7, 0xfa, 0xc7, 0xea, 0xa7, 0xa3, 0x07, 0xa4,
    0x28, 0xac, 0xa8, 0xbc, 0x09, 0xd5, 0xa9, 0xed, 0xea, 0xfd, 0x2a, 0xfe, 0x6a, 0xfe, 0xca, 0xfd, 0x81, 0x10, 0x00, 0x00, 0xd3, 0x9c, 0xdf, 0xff, 0xbe, 0xf7, 0xff, 0xff, 0xff, 0xff, 0xff, 0xff, 0xff, 0xff, 0xff, 0xff, 0xff, 0xff, 0xff, 0xff,
    0xff, 0xff, 0xff, 0xff, 0xff, 0xff, 0xff, 0xff, 0xff, 0xff, 0xff, 0xff, 0xff, 0xff, 0xff, 0xff, 0xdf, 0xff, 0xff, 0xff, 0x2c, 0x63, 0x00, 0x00, 0x84, 0x31, 0x90, 0xff, 0x2d, 0xff, 0x6a, 0xfe, 0x8b, 0xfe, 0x4a, 0xfe, 0xea, 0xfd, 0x69, 0xe5,
    0xa8, 0xc4, 0x27, 0xac, 0x87, 0xb3, 0xc7, 0xfa, 0xe7, 0xfa, 0xc7, 0xfa, 0xc7, 0xfa, 0xe7, 0xfa, 0x24, 0xf2, 0x04, 0xea, 0x28, 0xfb, 0x08, 0xfb, 0x08, 0xfb, 0xe4, 0xe9, 0xc4, 0xe9, 0xc7, 0xfa, 0xc7, 0xfa, 0x08, 0xfb, 0xe7, 0xfa, 0xc7, 0xfa,
    0xc7, 0xfa, 0x8e, 0xf5, 0x75, 0xff, 0xda, 0xff, 0xfc, 0xff, 0xfb, 0xff, 0xfb, 0xff, 0xfb, 0xff, 0xfb, 0xff, 0xfb, 0xff, 0xfb, 0xff, 0xfb, 0xff, 0xfb, 0xff, 0xfb, 0xff, 0xfb, 0xff, 0x59, 0xef, 0xb0, 0x94, 0x86, 0x31, 0xe3, 0x18, 0xca, 0x5a,
    0xb4, 0xb5, 0x32, 0xa5, 0x89, 0x52, 0x04, 0x21, 0x85, 0x31, 0x2e, 0x84, 0xf8, 0xde, 0xfc, 0xff, 0xfb, 0xff, 0xfb, 0xff, 0xfc, 0xff, 0xfc, 0xff, 0xfb, 0xff, 0xfb, 0xff, 0xfb, 0xff, 0xfb, 0xff, 0xfb, 0xff, 0xfb, 0xff, 0xfc, 0xff, 0x6d, 0xf4,
    0xe7, 0xfa, 0x08, 0xfb, 0xe7, 0xfa, 0x28, 0xfb, 0xe4, 0xe9, 0x66, 0xf2, 0x48, 0xfb, 0x28, 0xfb, 0xc7, 0xf2, 0x08, 0xfb, 0x08, 0xfb, 0xe8, 0xfa, 0xe7, 0xfa, 0xc7, 0xfa, 0xc7, 0xfa, 0xa7, 0xfa, 0xa7, 0xfa, 0xe7, 0xe2, 0x04, 0x6a, 0x63, 0x49,
    0xe2, 0x28, 0xa2, 0x18, 0x61, 0x10, 0x61, 0x08, 0xa1, 0x10, 0x22, 0x29, 0x24, 0x52, 0xc5, 0x72, 0x41, 0x08, 0x00, 0x00, 0x14, 0xa5, 0xff, 0xff, 0xff, 0xff, 0xff, 0xff, 0xff, 0xff, 0xdf, 0xff, 0xff, 0xff, 0xff, 0xff, 0xff, 0xff, 0xff, 0xff,
    0xff, 0xff, 0xff, 0xff, 0xff, 0xff, 0xff, 0xff, 0xff, 0xff, 0xff, 0xff, 0xff, 0xff, 0xdf, 0xff, 0xdf, 0xff, 0xff, 0xff, 0xce, 0x7b, 0x00, 0x00, 0x43, 0x29, 0xcf, 0xee, 0x4b, 0xc5, 0xc7, 0x9b, 0x64, 0x62, 0x63, 0x31, 0xc2, 0x18, 0x61, 0x08,
    0xa2, 0x18, 0x43, 0x39, 0x45, 0x8a, 0xe7, 0xfa, 0xe7, 0xfa, 0xc7, 0xfa, 0xc7, 0xfa, 0xc7, 0xfa, 0xc7, 0xfa, 0x28, 0xfb, 0x08, 0xfb, 0x08, 0xfb, 0x86, 0xf2, 0xa3, 0xe9, 0xe7, 0xfa, 0xc7, 0xfa, 0x08, 0xfb, 0x28, 0xfb, 0xe7, 0xfa, 0x08, 0xfb,
    0xc6, 0xfa, 0x14, 0xf6, 0xfd, 0xff, 0xfb, 0xff, 0xfb, 0xff, 0xfb, 0xff, 0xfb, 0xff, 0xfb, 0xff, 0xfb, 0xff, 0xfb, 0xff, 0xfb, 0xff, 0xfb, 0xff, 0xfb, 0xff, 0xfb, 0xff, 0xfc, 0xff, 0x6c, 0x6b, 0xe6, 0x39, 0xd1, 0x9c, 0x7a, 0xef, 0xfe, 0xff,
    0xfd, 0xff, 0xfd, 0xff, 0xfe, 0xff, 0xbb, 0xf7, 0x73, 0xad, 0x48, 0x4a, 0x4f, 0x8c, 0xfc, 0xff, 0xfb, 0xff, 0xfb, 0xff, 0xfb, 0xff, 0xfb, 0xff, 0xfb, 0xff, 0xfc, 0xff, 0xfc, 0xff, 0xfb, 0xff, 0xfb, 0xff, 0xfb, 0xff, 0xfc, 0xff, 0x6d, 0xf4,
    0xc7, 0xfa, 0x08, 0xfb, 0x08, 0xfb, 0x08, 0xfb, 0x08, 0xfb, 0xe8, 0xfa, 0x08, 0xfb, 0x08, 0xfb, 0x28, 0xfb, 0x08, 0xfb, 0xe8, 0xfa, 0xc7, 0xfa, 0xc7, 0xfa, 0xc7, 0xfa, 0xa7, 0xfa, 0xa6, 0xfa, 0xa6, 0xfa, 0x06, 0xfb, 0xe6, 0xfb, 0x06, 0xfc,
    0xe6, 0xfb, 0xc6, 0xf3, 0xa6, 0xdb, 0xe4, 0xba, 0x23, 0x92, 0xc3, 0x61, 0x02, 0x31, 0x41, 0x08, 0x20, 0x00, 0x00, 0x00, 0xc2, 0x18, 0xca, 0x5a, 0xd3, 0x9c, 0xba, 0xd6, 0xff, 0xff, 0xff, 0xff, 0xff, 0xff, 0xff, 0xff, 0xff, 0xff, 0xff, 0xff,
    0xff, 0xff, 0xff, 0xff, 0xff, 0xff, 0xff, 0xff, 0xff, 0xff, 0xff, 0xff, 0xff, 0xff, 0xff, 0xff, 0xff, 0xff, 0x1b, 0xe7, 0xaa, 0x52, 0x00, 0x00, 0x40, 0x08, 0xa2, 0x10, 0xa2, 0x10, 0x03, 0x19, 0xc4, 0x41, 0x24, 0x62, 0xc4, 0x9a, 0x65, 0xcb,
    0xe6, 0xf3, 0x27, 0xfc, 0xa6, 0xfb, 0x27, 0xfb, 0xe7, 0xfa, 0xc7, 0xfa, 0xc7, 0xfa, 0xc7, 0xfa, 0xe7, 0xfa, 0xe8, 0xfa, 0xe8, 0xfa, 0xe8, 0xfa, 0xe8, 0xfa, 0xe7, 0xfa, 0xe7, 0xfa, 0xc7, 0xfa, 0x08, 0xfb, 0xe7, 0xfa, 0xe7, 0xfa, 0x08, 0xfb,
    0xe7, 0xfa, 0xb6, 0xf6, 0xfc, 0xff, 0xfb, 0xff, 0xfb, 0xff, 0xfb, 0xff, 0xfb, 0xff, 0xfb, 0xff, 0xfb, 0xff, 0xfb, 0xff, 0xfb, 0xff, 0xfb, 0xff, 0xfb, 0xff, 0xfb, 0xff, 0xfb, 0xff, 0xdb, 0xff, 0xfc, 0xff, 0xfd, 0xff, 0xfb, 0xff, 0xfb, 0xff,
    0xfb, 0xff, 0xfb, 0xff, 0xfb, 0xff, 0xfb, 0xff, 0xfd, 0xff, 0xfd, 0xff, 0xfc, 0xff, 0xfb, 0xff, 0xfb, 0xff, 0xfb, 0xff, 0xfb, 0xff, 0xfb, 0xff, 0xfb, 0xff, 0xfb, 0xff, 0xfb, 0xff, 0xfb, 0xff, 0xfb, 0xff, 0xfb, 0xff, 0xfd, 0xff, 0x92, 0xf5,
    0xc6, 0xfa, 0x08, 0xfb, 0x07, 0xfb, 0x08, 0xfb, 0x08, 0xfb, 0x08, 0xfb, 0x08, 0xfb, 0x08, 0xfb, 0x08, 0xfb, 0x08, 0xfb, 0xe8, 0xfa, 0xc7, 0xfa, 0xc7, 0xfa, 0xc7, 0xfa, 0xa7, 0xfa, 0xa6, 0xfa, 0xa6, 0xfa, 0x05, 0xfb, 0x64, 0xf3, 0x64, 0xfb,
    0x64, 0xfb, 0x64, 0xfb, 0xa4, 0xfb, 0xa4, 0xfb, 0xc5, 0xfb, 0x05, 0xfc, 0x46, 0xfc, 0x26, 0xc3, 0x00, 0x00, 0x00, 0x00, 0xaa, 0x52, 0x69, 0x4a, 0xc2, 0x18, 0x40, 0x08, 0x04, 0x21, 0x0c, 0x63, 0xba, 0xd6, 0xff, 0xff, 0xff, 0xff, 0xff, 0xff,
    0xff, 0xff, 0xff, 0xff, 0xff, 0xff, 0xff, 0xff, 0xff, 0xff, 0xdf, 0xff, 0xf7, 0xbd, 0x8e, 0x73, 0x45, 0x29, 0x81, 0x08, 0x61, 0x08, 0x00, 0x00, 0x61, 0x08, 0x2b, 0xbd, 0x0b, 0xee, 0x29, 0xf5, 0x66, 0xfc, 0x25, 0xfc, 0xe5, 0xfb, 0x85, 0xfb,
    0x85, 0xfb, 0x44, 0xfb, 0x45, 0xfb, 0x27, 0xfb, 0xe7, 0xfa, 0xe7, 0xfa, 0xc7, 0xfa, 0xc7, 0xfa, 0xc7, 0xfa, 0xc7, 0xfa, 0xc7, 0xfa, 0xe8, 0xfa, 0x08, 0xfb, 0x08, 0xfb, 0xe7, 0xfa, 0xe7, 0xfa, 0xe7, 0xfa, 0xc7, 0xfa, 0xe7, 0xfa, 0xc7, 0xfa,
    0x49, 0xfb, 0x9a, 0xff, 0xfc, 0xff, 0xfb, 0xff, 0xfb, 0xff, 0xfc, 0xff, 0xfb, 0xff, 0xfb, 0xff, 0xfb, 0xff, 0xfb, 0xff, 0xfb, 0xff, 0xfb, 0xff, 0xfb, 0xff, 0xfb, 0xff, 0xfb, 0xff, 0xfb, 0xff, 0xfa, 0xff, 0xda, 0xff, 0xfb, 0xff, 0xfb, 0xff,
    0xfb, 0xff, 0xfb, 0xff, 0xfb, 0xff, 0xfb, 0xff, 0xda, 0xff, 0xfb, 0xff, 0xfb, 0xff, 0xfb, 0xff, 0xfb, 0xff, 0xfb, 0xff, 0xfb, 0xff, 0xfb, 0xff, 0xfb, 0xff, 0xfb, 0xff, 0xfb, 0xff, 0xfb, 0xff, 0xfc, 0xff, 0xfb, 0xff, 0xfc, 0xff, 0x59, 0xff,
    0x69, 0xf3, 0x28, 0xfb, 0xe7, 0xfa, 0x08, 0xfb, 0x08, 0xfb, 0x08, 0xfb, 0xe8, 0xfa, 0xe8, 0xfa, 0x08, 0xfb, 0xe8, 0xfa, 0xe7, 0xfa, 0xc7, 0xfa, 0xc7, 0xfa, 0xc7, 0xfa, 0xa7, 0xfa, 0xc6, 0xfa, 0xe6, 0xfa, 0x04, 0xfb, 0x64, 0xfb, 0x85, 0xfb,
    0x85, 0xfb, 0x84, 0xfb, 0x64, 0xfb, 0x64, 0xfb, 0x64, 0xfb, 0x44, 0xf3, 0x84, 0xfb, 0x63, 0xaa, 0x00, 0x00, 0x00, 0x00, 0x9a, 0xd6, 0xff, 0xff, 0xdf, 0xff, 0x9a, 0xd6, 0x91, 0x94, 0xc6, 0x39, 0xb2, 0x94, 0xff, 0xff, 0xff, 0xff, 0xff, 0xff,
    0xff, 0xff, 0xff, 0xff, 0xff, 0xff, 0x7d, 0xef, 0x6d, 0x6b, 0xc3, 0x18, 0xa2, 0x10, 0xe7, 0x39, 0x30, 0x84, 0xba, 0xd6, 0xf3, 0x9c, 0x00, 0x00, 0x40, 0x00, 0x26, 0xdc, 0x05, 0xfc, 0x44, 0xfb, 0x44, 0xf3, 0x65, 0xf3, 0x64, 0xfb, 0x64, 0xfb,
    0x64, 0xfb, 0x64, 0xfb, 0x44, 0xfb, 0x26, 0xfb, 0x27, 0xfb, 0xe7, 0xfa, 0xc7, 0xfa, 0xc7, 0xfa, 0xc7, 0xfa, 0xe7, 0xfa, 0xe7, 0xfa, 0xe7, 0xfa, 0xe8, 0xfa, 0xe7, 0xfa, 0xe7, 0xfa, 0x08, 0xfb, 0xe7, 0xfa, 0xe7, 0xfa, 0xe7, 0xfa, 0x86, 0xfa,
    0x51, 0xf5, 0xfd, 0xff, 0xfb, 0xff, 0xfb, 0xff, 0xfb, 0xff, 0xfb, 0xff, 0xfb, 0xff, 0xfb, 0xff, 0xfb, 0xff, 0xfb, 0xff, 0xfb, 0xff, 0xfb, 0xff, 0xfb, 0xff, 0xfb, 0xff, 0xfb, 0xff, 0xfb, 0xff, 0xfb, 0xff, 0xfb, 0xff, 0xfb, 0xff, 0xfb, 0xff,
    0xfb, 0xff, 0xfb, 0xff, 0xfb, 0xff, 0xfb, 0xff, 0xfb, 0xff, 0xfb, 0xff, 0xfb, 0xff, 0xfb, 0xff, 0xfb, 0xff, 0xfb, 0xff, 0xfb, 0xff, 0xfb, 0xff, 0xfb, 0xff, 0xfb, 0xff, 0xfb, 0xff, 0xfb, 0xff, 0xfc, 0xff, 0xfc, 0xff, 0xfb, 0xff, 0xfc, 0xff,
    0x50, 0xed, 0x48, 0xf3, 0x28, 0xfb, 0x08, 0xfb, 0xe8, 0xfa, 0xe8, 0xfa, 0xe7, 0xfa, 0xe7, 0xfa, 0xe7, 0xfa, 0xe7, 0xfa, 0xe7, 0xfa, 0xe7, 0xfa, 0xe7, 0xfa, 0xc7, 0xfa, 0xc7, 0xfa, 0x86, 0xfa, 0x07, 0xfc, 0xc7, 0xfc, 0xa5, 0xfb, 0x84, 0xfb,
    0x84, 0xfb, 0x64, 0xfb, 0x64, 0xfb, 0x64, 0xfb, 0x44, 0xfb, 0x44, 0xfb, 0xa4, 0xfb, 0xe3, 0x81, 0x00, 0x00, 0x40, 0x08, 0xfb, 0xde, 0xff, 0xff, 0xff, 0xff, 0xff, 0xff, 0xff, 0xff, 0xff, 0xff, 0xff, 0xff, 0xff, 0xff, 0xff, 0xff, 0xff, 0xff,
    0xff, 0xff, 0xff, 0xff, 0xff, 0xff, 0x3c, 0xe7, 0x6d, 0x6b, 0x54, 0xad, 0x7d, 0xef, 0xff, 0xff, 0xff, 0xff, 0xff, 0xff, 0x38, 0xc6, 0x00, 0x00, 0x00, 0x00, 0x84, 0xaa, 0xe5, 0xfb, 0x85, 0xf3, 0x85, 0xfb, 0x84, 0xfb, 0x44, 0xfb, 0x64, 0xfb,
    0x44, 0xfb, 0x03, 0xfb, 0x26, 0xfc, 0xc8, 0xfc, 0xe7, 0xfa, 0x07, 0xfb, 0xc7, 0xfa, 0xc7, 0xfa, 0xc7, 0xfa, 0xe7, 0xfa, 0x07, 0xfb, 0xe7, 0xfa, 0xe7, 0xfa, 0xc7, 0xfa, 0xc7, 0xfa, 0xe7, 0xfa, 0xe7, 0xfa, 0xe7, 0xfa, 0x07, 0xfb, 0x0b, 0xec,
    0xdb, 0xff, 0xfb, 0xff, 0xfb, 0xff, 0xfb, 0xff, 0xfb, 0xff, 0xfb, 0xff, 0xfb, 0xff, 0xfb, 0xff, 0xfb, 0xff, 0xfb, 0xff, 0xfb, 0xff, 0xfb, 0xff, 0xfb, 0xff, 0xfb, 0xff, 0xfb, 0xff, 0xfb, 0xff, 0xfb, 0xff, 0xfb, 0xff, 0xfb, 0xff, 0xfb, 0xff,
    0xfb, 0xff, 0xfb, 0xff, 0xfb, 0xff, 0xfb, 0xff, 0xfb, 0xff, 0xfb, 0xff, 0xfb, 0xff, 0xfb, 0xff, 0xfb, 0xff, 0xfb, 0xff, 0xfb, 0xff, 0xfb, 0xff, 0xfb, 0xff, 0xfb, 0xff, 0xfb, 0xff, 0xfb, 0xff, 0xfb, 0xff, 0xfb, 0xff, 0xfb, 0xff, 0xfc, 0xff,
    0x9a, 0xff, 0x8d, 0xec, 0x07, 0xf3, 0xe7, 0xfa, 0xe8, 0xfa, 0xe7, 0xfa, 0xc7, 0xfa, 0xe7, 0xfa, 0x07, 0xfb, 0x28, 0xfb, 0x28, 0xfb, 0xe7, 0xfa, 0xc7, 0xfa, 0xc7, 0xfa, 0x87, 0xfa, 0x47, 0xfb, 0x89, 0xfd, 0x09, 0xfe, 0x68, 0xfd, 0x46, 0xfc,
    0xa4, 0xfb, 0x64, 0xfb, 0x44, 0xfb, 0x64, 0xfb, 0x64, 0xfb, 0x44, 0xfb, 0xa5, 0xfb, 0x42, 0x51, 0x00, 0x00, 0x44, 0x29, 0xdf, 0xff, 0xff, 0xff, 0xff, 0xff, 0xff, 0xff, 0xdf, 0xff, 0xff, 0xff, 0xff, 0xff, 0xff, 0xff, 0xff, 0xff, 0xff, 0xff,
    0xff, 0xff, 0xff, 0xff, 0xff, 0xff, 0xff, 0xff, 0xff, 0xff, 0xff, 0xff, 0xff, 0xff, 0xff, 0xff, 0xdf, 0xff, 0xff, 0xff, 0x7d, 0xef, 0xa2, 0x10, 0x00, 0x00, 0x03, 0x82, 0xe5, 0xfb, 0x64, 0xfb, 0x64, 0xfb, 0x64, 0xfb, 0x44, 0xfb, 0x23, 0xfb,
    0x84, 0xfb, 0xc7, 0xfc, 0x0a, 0xfe, 0x0a, 0xfe, 0x28, 0xfc, 0xe7, 0xfa, 0xe7, 0xfa, 0xe7, 0xfa, 0xc7, 0xfa, 0xc7, 0xfa, 0xe7, 0xfa, 0xc7, 0xfa, 0xc7, 0xfa, 0xc7, 0xfa, 0xe7, 0xfa, 0x08, 0xfb, 0x08, 0xfb, 0xc7, 0xfa, 0x48, 0xeb, 0xf7, 0xf6,
    0xfc, 0xff, 0xfb, 0xff, 0xfb, 0xff, 0xfb, 0xff, 0xfb, 0xff, 0xfc, 0xff, 0xfb, 0xff, 0xfb, 0xff, 0xfb, 0xff, 0xfb, 0xff, 0xfb, 0xff, 0xfb, 0xff, 0xfb, 0xff, 0xfb, 0xff, 0xfb, 0xff, 0xfb, 0xff, 0xfb, 0xff, 0xfb, 0xff, 0xfb, 0xff, 0xfb, 0xff,
    0xfb, 0xff, 0xfb, 0xff, 0xfb, 0xff, 0xfb, 0xff, 0xfb, 0xff, 0xfb, 0xff, 0xfb, 0xff, 0xfb, 0xff, 0xfb, 0xff, 0xfb, 0xff, 0xfb, 0xff, 0xfb, 0xff, 0xfb, 0xff, 0xfb, 0xff, 0xfb, 0xff, 0xfb, 0xff, 0xfb, 0xff, 0xfb, 0xff, 0xfc, 0xff, 0xfb, 0xff,
    0xfc, 0xff, 0x9b, 0xff, 0xef, 0xec, 0x07, 0xfb, 0xe7, 0xfa, 0x28, 0xfb, 0x08, 0xfb, 0x08, 0xfb, 0x07, 0xfb, 0x28, 0xfb, 0x08, 0xfb, 0xe8, 0xfa, 0xc7, 0xfa, 0x87, 0xfa, 0x07, 0xfb, 0x69, 0xfd, 0xe9, 0xfd, 0xa9, 0xfd, 0xe9, 0xfd, 0x0a, 0xfe,
    0x69, 0xfd, 0x87, 0xfc, 0x84, 0xfb, 0x23, 0xfb, 0x43, 0xfb, 0x44, 0xfb, 0x45, 0xf3, 0xa1, 0x20, 0x00, 0x00, 0xeb, 0x5a, 0xff, 0xff, 0xff, 0xff, 0xff, 0xff, 0xff, 0xff, 0xff, 0xff, 0xff, 0xff, 0xff, 0xff, 0xff, 0xff, 0xff, 0xff, 0xff, 0xff,
    0xff, 0xff, 0xff, 0xff, 0xff, 0xff, 0xff, 0xff, 0xdf, 0xff, 0xff, 0xff, 0xff, 0xff, 0xff, 0xff, 0xff, 0xff, 0xff, 0xff, 0xff, 0xff, 0x07, 0x42, 0x00, 0x00, 0x42, 0x49, 0xc5, 0xfb, 0x44, 0xfb, 0x44, 0xfb, 0x23, 0xfb, 0x23, 0xfb, 0x66, 0xfc,
    0xa9, 0xfd, 0xea, 0xfd, 0xc9, 0xfd, 0xc9, 0xfd, 0xea, 0xfd, 0x48, 0xf4, 0x07, 0xf3, 0xc6, 0xfa, 0xc7, 0xfa, 0xe7, 0xfa, 0xe7, 0xfa, 0xe7, 0xfa, 0xe7, 0xfa, 0xc7, 0xfa, 0xe7, 0xfa, 0xa7, 0xfa, 0x85, 0xfa, 0xea, 0xeb, 0xf7, 0xf6, 0xfc, 0xff,
    0xfb, 0xff, 0xfb, 0xff, 0xfb, 0xff, 0xfb, 0xff, 0xfb, 0xff, 0xfc, 0xff, 0xfb, 0xff, 0xfb, 0xff, 0xfb, 0xff, 0xfb, 0xff, 0xfb, 0xff, 0xfb, 0xff, 0xfb, 0xff, 0xfb, 0xff, 0xfb, 0xff, 0xfb, 0xff, 0xfb, 0xff, 0xfb, 0xff, 0xfb, 0xff, 0xfb, 0xff,
    0xfb, 0xff, 0xfb, 0xff, 0xfb, 0xff, 0xfb, 0xff, 0xfb, 0xff, 0xfb, 0xff, 0xfb, 0xff, 0xfb, 0xff, 0xfb, 0xff, 0xfb, 0xff, 0xfb, 0xff, 0xfb, 0xff, 0xfb, 0xff, 0xfb, 0xff, 0xfb, 0xff, 0xfb, 0xff, 0xfb, 0xff, 0xfc, 0xff, 0xfc, 0xff, 0xfc, 0xff,
    0xfb, 0xff, 0xfc, 0xff, 0xfc, 0xff, 0x55, 0xf6, 0x2b, 0xf4, 0x27, 0xfb, 0xa6, 0xfa, 0xa6, 0xfa, 0xe7, 0xfa, 0x07, 0xfb, 0x07, 0xfb, 0xc6, 0xfa, 0xc6, 0xfa, 0x08, 0xfc, 0x8a, 0xfd, 0xca, 0xfd, 0xa9, 0xfd, 0xc9, 0xfd, 0x89, 0xfd, 0x49, 0xe5,
    0x6b, 0xfe, 0x6b, 0xfe, 0xaa, 0xfd, 0x66, 0xf4, 0x63, 0xfb, 0x43, 0xfb, 0x84, 0xc2, 0x20, 0x00, 0x00, 0x00, 0xf3, 0x9c, 0xff, 0xff, 0xdf, 0xff, 0xff, 0xff, 0xff, 0xff, 0xff, 0xff, 0xff, 0xff, 0xff, 0xff, 0xff, 0xff, 0xff, 0xff, 0xff, 0xff,
    0xff, 0xff, 0xff, 0xff, 0xff, 0xff, 0xff, 0xff, 0xff, 0xff, 0xff, 0xff, 0xff, 0xff, 0xff, 0xff, 0xff, 0xff, 0xdf, 0xff, 0xff, 0xff, 0xcf, 0x7b, 0x00, 0x00, 0x61, 0x10, 0x45, 0xe3, 0x44, 0xfb, 0x03, 0xfb, 0xc4, 0xfb, 0x48, 0xfd, 0xea, 0xfd,
    0xe9, 0xfd, 0x4a, 0xfe, 0x0a, 0xfe, 0xc9, 0xfd, 0xc9, 0xfd, 0x0a, 0xfe, 0x29, 0xfd, 0xc8, 0xf3, 0x68, 0xf3, 0xe6, 0xfa, 0xe6, 0xfa, 0xe6, 0xfa, 0xe6, 0xfa, 0xc6, 0xfa, 0xc6, 0xfa, 0xeb, 0xf3, 0xb2, 0xf5, 0xba, 0xff, 0xfc, 0xff, 0xfb, 0xff,
    0xfb, 0xff, 0xfb, 0xff, 0xfb, 0xff, 0xfb, 0xff, 0xfb, 0xff, 0xfb, 0xff, 0xfb, 0xff, 0xfb, 0xff, 0xfb, 0xff, 0xfb, 0xff, 0xfb, 0xff, 0xfb, 0xff, 0xfb, 0xff, 0xfb, 0xff, 0xfb, 0xff, 0xfb, 0xff, 0xfb, 0xff, 0xfb, 0xff, 0xfb, 0xff, 0xfb, 0xff,
    0xfb, 0xff, 0xfb, 0xff, 0xfb, 0xff, 0xfb, 0xff, 0xfb, 0xff, 0xfb, 0xff, 0xfb, 0xff, 0xfb, 0xff, 0xfb, 0xff, 0xfb, 0xff, 0xfb, 0xff, 0xfb, 0xff, 0xfb, 0xff, 0xfb, 0xff, 0xfb, 0xff, 0xfb, 0xff, 0xfb, 0xff, 0xfc, 0xff, 0xfc, 0xff, 0xfb, 0xff,
    0xfb, 0xff, 0xfb, 0xff, 0xfb, 0xff, 0xfd, 0xff, 0xfc, 0xff, 0xd7, 0xf6, 0x50, 0xf5, 0xef, 0xf4, 0xad, 0xf4, 0x6c, 0xf4, 0xee, 0xf4, 0x91, 0xf5, 0xf5, 0xfe, 0x2b, 0xfe, 0xa8, 0xfd, 0xaa, 0xfd, 0xca, 0xfd, 0xc9, 0xfd, 0x69, 0xed, 0xc4, 0x49,
    0xe4, 0x49, 0x68, 0xb4, 0x2b, 0xfe, 0x6b, 0xfe, 0x69, 0xfd, 0x66, 0xfc, 0xe3, 0x79, 0x00, 0x00, 0x40, 0x08, 0x1b, 0xe7, 0xff, 0xff, 0xff, 0xff, 0xff, 0xff, 0xff, 0xff, 0xff, 0xff, 0xff, 0xff, 0xff, 0xff, 0xff, 0xff, 0xff, 0xff, 0xff, 0xff,
    0xff, 0xff, 0xff, 0xff, 0xff, 0xff, 0xff, 0xff, 0xff, 0xff, 0xff, 0xff, 0xff, 0xff, 0xff, 0xff, 0xff, 0xff, 0xff, 0xff, 0xff, 0xff, 0x17, 0xc6, 0x00, 0x00, 0x00, 0x00, 0x43, 0x9a, 0xc4, 0xfb, 0xe7, 0xf4, 0xe9, 0xfd, 0x0a, 0xfe, 0x4a, 0xfe,
    0xa9, 0xf5, 0xe5, 0x7a, 0x66, 0x93, 0x09, 0xfe, 0xa9, 0xfd, 0xc9, 0xfd, 0x0a, 0xfe, 0x0a, 0xfe, 0x51, 0xf6, 0x14, 0xf6, 0x50, 0xed, 0x0f, 0xf5, 0x10, 0xf5, 0xb2, 0xf5, 0xb6, 0xf6, 0xdb, 0xff, 0xfd, 0xff, 0xfc, 0xff, 0xfb, 0xff, 0xfb, 0xff,
    0xfb, 0xff, 0xfb, 0xff, 0xfb, 0xff, 0xfb, 0xff, 0xfb, 0xff, 0xfb, 0xff, 0xfb, 0xff, 0xfb, 0xff, 0xfb, 0xff, 0xfb, 0xff, 0xfb, 0xff, 0xfb, 0xff, 0xfb, 0xff, 0xfb, 0xff, 0xfb, 0xff, 0xfb, 0xff, 0xfc, 0xff, 0xfb, 0xff, 0xfb, 0xff, 0xfb, 0xff,
    0xfb, 0xff, 0xfb, 0xff, 0xfb, 0xff, 0xfb, 0xff, 0xfb, 0xff, 0xfb, 0xff, 0xfb, 0xff, 0xfb, 0xff, 0xfb, 0xff, 0xfb, 0xff, 0xfb, 0xff, 0xfb, 0xff, 0xfb, 0xff, 0xfb, 0xff, 0xfb, 0xff, 0xfb, 0xff, 0xfb, 0xff, 0xfc, 0xff, 0xfb, 0xff, 0xfb, 0xff,
    0xfb, 0xff, 0xfb, 0xff, 0xfc, 0xff, 0xfb, 0xff, 0xfc, 0xff, 0xfc, 0xff, 0xfd, 0xff, 0xfc, 0xff, 0xfb, 0xff, 0xdb, 0xff, 0xfc, 0xff, 0xfc, 0xff, 0xfc, 0xff, 0x77, 0xff, 0x4e, 0xf6, 0xa9, 0xfd, 0xa9, 0xfd, 0xca, 0xfd, 0xc9, 0xfd, 0x89, 0xf5,
    0x26, 0x83, 0xc2, 0x20, 0x22, 0x29, 0x66, 0x8b, 0xcb, 0xf5, 0x2b, 0xfe, 0x22, 0x29, 0x00, 0x00, 0x28, 0x42, 0xff, 0xff, 0xff, 0xff, 0xff, 0xff, 0xff, 0xff, 0xff, 0xff, 0xff, 0xff, 0xff, 0xff, 0xff, 0xff, 0xff, 0xff, 0xff, 0xff, 0xff, 0xff,
    0xff, 0xff, 0xff, 0xff, 0xff, 0xff, 0xff, 0xff, 0xff, 0xff, 0xff, 0xff, 0xff, 0xff, 0xff, 0xff, 0xff, 0xff, 0xff, 0xff, 0xff, 0xff, 0xdf, 0xff, 0x44, 0x29, 0x00, 0x00, 0x63, 0x41, 0xea, 0xfd, 0x29, 0xfe, 0x6a, 0xfe, 0xaa, 0xed, 0x05, 0x7b,
    0xe2, 0x20, 0x04, 0x5a, 0x48, 0xdd, 0xe9, 0xfd, 0xea, 0xfd, 0x4c, 0xfe, 0x2c, 0xfe, 0x90, 0xf6, 0xfa, 0xff, 0xfd, 0xff, 0xfc, 0xff, 0xfd, 0xff, 0xfd, 0xff, 0xfd, 0xff, 0xfd, 0xff, 0xfc, 0xff, 0xfb, 0xff, 0xfb, 0xff, 0xfb, 0xff, 0xfb, 0xff,
    0xfb, 0xff, 0xfb, 0xff, 0xfb, 0xff, 0xfb, 0xff, 0xfb, 0xff, 0xfb, 0xff, 0xfb, 0xff, 0xfb, 0xff, 0xfb, 0xff, 0xfb, 0xff, 0xfb, 0xff, 0xfb, 0xff, 0xfb, 0xff, 0xfb, 0xff, 0xfb, 0xff, 0xfb, 0xff, 0xfb, 0xff, 0xfb, 0xff, 0xfb, 0xff, 0xfb, 0xff,
    0xfb, 0xff, 0xfb, 0xff, 0xfb, 0xff, 0xfb, 0xff, 0xfb, 0xff, 0xfb, 0xff, 0xfb, 0xff, 0xfb, 0xff, 0xfb, 0xff, 0xfb, 0xff, 0xfb, 0xff, 0xfb, 0xff, 0xfb, 0xff, 0xfb, 0xff, 0xfb, 0xff, 0xfb, 0xff, 0xfb, 0xff, 0xfc, 0xff, 0xfc, 0xff, 0xfb, 0xff,
    0xfb, 0xff, 0xfc, 0xff, 0xfb, 0xff, 0xfc, 0xff, 0xfb, 0xff, 0xfb, 0xff, 0xfb, 0xff, 0xfb, 0xff, 0xfb, 0xff, 0xfb, 0xff, 0xfb, 0xff, 0xfb, 0xff, 0xfb, 0xff, 0xfc, 0xff, 0xfb, 0xff, 0xd1, 0xf6, 0xca, 0xf5, 0x89, 0xfd, 0xa9, 0xfd, 0xea, 0xfd,
    0x4a, 0xfe, 0x69, 0xf5, 0x45, 0x93, 0xa1, 0x18, 0x81, 0x18, 0x25, 0x5a, 0x20, 0x00, 0x00, 0x00, 0x54, 0xad, 0xff, 0xff, 0xdf, 0xff, 0xff, 0xff, 0xff, 0xff, 0xff, 0xff, 0xff, 0xff, 0xff, 0xff, 0xff, 0xff, 0xff, 0xff, 0xff, 0xff, 0xff, 0xff,
    0xff, 0xff, 0xff, 0xff, 0xff, 0xff, 0xff, 0xff, 0xff, 0xff, 0xff, 0xff, 0xff, 0xff, 0xff, 0xff, 0xff, 0xff, 0xff, 0xff, 0xdf, 0xff, 0xff, 0xff, 0x30, 0x84, 0x00, 0x00, 0x41, 0x08, 0x29, 0xdd, 0x0a, 0xfe, 0x06, 0x7b, 0xa1, 0x18, 0x83, 0x41,
    0x88, 0xc4, 0x29, 0xfe, 0xe9, 0xfd, 0xca, 0xfd, 0x2b, 0xfe, 0x8e, 0xf6, 0x35, 0xf7, 0xfb, 0xff, 0xfb, 0xff, 0xfb, 0xff, 0xfb, 0xff, 0xfb, 0xff, 0xfb, 0xff, 0xfb, 0xff, 0xfb, 0xff, 0xfb, 0xff, 0xfb, 0xff, 0xfb, 0xff, 0xfb, 0xff, 0xfc, 0xff,
    0xfb, 0xff, 0xfb, 0xff, 0xfb, 0xff, 0xfb, 0xff, 0xfb, 0xff, 0xfb, 0xff, 0xfb, 0xff, 0xfb, 0xff, 0xfb, 0xff, 0xfb, 0xff, 0xfb, 0xff, 0xfb, 0xff, 0xfb, 0xff, 0xfb, 0xff, 0xfb, 0xff, 0xfb, 0xff, 0xfb, 0xff, 0xfb, 0xff, 0xfb, 0xff, 0xfb, 0xff,
    0xfb, 0xff, 0xfb, 0xff, 0xfb, 0xff, 0xfb, 0xff, 0xfb, 0xff, 0xfb, 0xff, 0xfb, 0xff, 0xfb, 0xff, 0xfb, 0xff, 0xfb, 0xff, 0xfb, 0xff, 0xfb, 0xff, 0xfb, 0xff, 0xfb, 0xff, 0xfb, 0xff, 0xfb, 0xff, 0xfb, 0xff, 0xfb, 0xff, 0xfb, 0xff, 0xfc, 0xff,
    0xfc, 0xff, 0xfc, 0xff, 0xfc, 0xff, 0xfc, 0xff, 0xfc, 0xff, 0xfc, 0xff, 0xfb, 0xff, 0xfb, 0xff, 0xfc, 0xff, 0xfb, 0xff, 0xfc, 0xff, 0xfc, 0xff, 0xfc, 0xff, 0xfb, 0xff, 0xfb, 0xff, 0xfb, 0xff, 0x77, 0xff, 0xec, 0xf5, 0x68, 0xfd, 0xca, 0xfd,
    0xcb, 0xf5, 0xeb, 0xfd, 0xc9, 0xfd, 0x28, 0xfd, 0x46, 0x9b, 0x41, 0x08, 0x00, 0x00, 0x20, 0x00, 0x79, 0xce, 0xff, 0xff, 0xff, 0xff, 0xff, 0xff, 0xff, 0xff, 0xff, 0xff, 0xff, 0xff, 0xff, 0xff, 0xff, 0xff, 0xff, 0xff, 0xff, 0xff, 0xff, 0xff,
    0xff, 0xff, 0xff, 0xff, 0xff, 0xff, 0xff, 0xff, 0xff, 0xff, 0xff, 0xff, 0xff, 0xff, 0xff, 0xff, 0xff, 0xff, 0xff, 0xff, 0xff, 0xff, 0xff, 0xff, 0x5d, 0xef, 0xe3, 0x18, 0x00, 0x00, 0xa3, 0x41, 0xe2, 0x20, 0xe1, 0x28, 0x06, 0xb4, 0x09, 0xfe,
    0xe9, 0xfd, 0xea, 0xfd, 0x2c, 0xfe, 0x2c, 0xf6, 0x6e, 0xf6, 0x77, 0xff, 0xfc, 0xff, 0xfb, 0xff, 0xfb, 0xff, 0xfb, 0xff, 0xfb, 0xff, 0xfb, 0xff, 0xfb, 0xff, 0xfb, 0xff, 0xfb, 0xff, 0xfb, 0xff, 0xfb, 0xff, 0xfb, 0xff, 0xfc, 0xff, 0xfc, 0xff,
    0xfc, 0xff, 0xfc, 0xff, 0xfb, 0xff, 0xfb, 0xff, 0xfb, 0xff, 0xfb, 0xff, 0xfb, 0xff, 0xfb, 0xff, 0xfb, 0xff, 0xfb, 0xff, 0xfb, 0xff, 0xfb, 0xff, 0xfb, 0xff, 0xfb, 0xff, 0xfb, 0xff, 0xfb, 0xff, 0xfb, 0xff, 0xfb, 0xff, 0xfb, 0xff, 0xfb, 0xff,
    0xfb, 0xff, 0xfb, 0xff, 0xfb, 0xff, 0xfb, 0xff, 0xfb, 0xff, 0xfb, 0xff, 0xfb, 0xff, 0xfb, 0xff, 0xfb, 0xff, 0xfb, 0xff, 0xfb, 0xff, 0xfb, 0xff, 0xfb, 0xff, 0xfb, 0xff, 0xfb, 0xff, 0xfb, 0xff, 0xfb, 0xff, 0xfb, 0xff, 0xfc, 0xff, 0xfc, 0xff,
    0xfc, 0xff, 0xfc, 0xff, 0xfc, 0xff, 0xfc, 0xff, 0xfc, 0xff, 0xfb, 0xff, 0xfb, 0xff, 0xfb, 0xff, 0xfc, 0xff, 0xfc, 0xff, 0xfc, 0xff, 0xfc, 0xff, 0xfc, 0xff, 0xfc, 0xff, 0xfb, 0xff, 0xfb, 0xff, 0xfb, 0xff, 0xda, 0xff, 0x70, 0xf6, 0xca, 0xf5,
    0x0b, 0xfe, 0x0c, 0xfe, 0x2d, 0xf6, 0x89, 0xfd, 0xe8, 0xec, 0x81, 0x18, 0x00, 0x00, 0xa2, 0x10, 0x41, 0x08, 0x4d, 0x6b, 0x5d, 0xef, 0xff, 0xff, 0xff, 0xff, 0xff, 0xff, 0xff, 0xff, 0xff, 0xff, 0xff, 0xff, 0xff, 0xff, 0xff, 0xff, 0xff, 0xff,
    0xff, 0xff, 0xff, 0xff, 0xff, 0xff, 0xff, 0xff, 0xff, 0xff, 0xff, 0xff, 0xff, 0xff, 0xff, 0xff, 0xff, 0xff, 0xff, 0xff, 0xff, 0xff, 0xff, 0xff, 0xff, 0xff, 0x28, 0x42, 0x00, 0x00, 0x00, 0x00, 0xe5, 0x7a, 0xe9, 0xfd, 0xe9, 0xfd, 0x88, 0xfd,
    0x0a, 0xfe, 0x2c, 0xfe, 0x2c, 0xf6, 0x90, 0xf6, 0x98, 0xff, 0xfc, 0xff, 0xfb, 0xff, 0xfb, 0xff, 0xfb, 0xff, 0xfb, 0xff, 0xfc, 0xff, 0xfb, 0xff, 0xfb, 0xff, 0xfb, 0xff, 0xfb, 0xff, 0xfb, 0xff, 0xfb, 0xff, 0xfb, 0xff, 0xfb, 0xff, 0xfc, 0xff,
    0xfb, 0xff, 0xfb, 0xff, 0xfb, 0xff, 0xfb, 0xff, 0xfb, 0xff, 0xfb, 0xff, 0xfb, 0xff, 0xfb, 0xff, 0xfb, 0xff, 0xfb, 0xff, 0xfb, 0xff, 0xfb, 0xff, 0xfb, 0xff, 0xfb, 0xff, 0xfb, 0xff, 0xfb, 0xff, 0xfb, 0xff, 0xfb, 0xff, 0xfb, 0xff, 0xfb, 0xff,
    0xfb, 0xff, 0xfb, 0xff, 0xfb, 0xff, 0xfb, 0xff, 0xfb, 0xff, 0xfb, 0xff, 0xfb, 0xff, 0xfb, 0xff, 0xfb, 0xff, 0xfb, 0xff, 0xfb, 0xff, 0xfb, 0xff, 0xfb, 0xff, 0xfb, 0xff, 0xfa, 0xff, 0xfb, 0xff, 0xfb, 0xff, 0xfb, 0xff, 0xfb, 0xff, 0xfc, 0xff,
    0xfc, 0xff, 0xfc, 0xff, 0xfc, 0xff, 0xfb, 0xff, 0xfb, 0xff, 0xfb, 0xff, 0xfc, 0xff, 0xfb, 0xff, 0xfc, 0xff, 0xfc, 0xff, 0xfc, 0xff, 0xfc, 0xff, 0xfc, 0xff, 0xfb, 0xff, 0xfb, 0xff, 0xfb, 0xff, 0xfb, 0xff, 0xfb, 0xff, 0xfc, 0xff, 0x35, 0xf7,
    0x4e, 0xf6, 0xeb, 0xfd, 0xeb, 0xf5, 0x8d, 0xfe, 0x25, 0x5a, 0x00, 0x00, 0x20, 0x00, 0x99, 0xd6, 0x95, 0xb5, 0xe3, 0x18, 0x61, 0x08, 0x34, 0xa5, 0xff, 0xff, 0xff, 0xff, 0xff, 0xff, 0xff, 0xff, 0xff, 0xff, 0xff, 0xff, 0xff, 0xff, 0xff, 0xff,
    0xff, 0xff, 0xff, 0xff, 0xff, 0xff, 0xff, 0xff, 0xff, 0xff, 0xff, 0xff, 0xff, 0xff, 0xff, 0xff, 0xff, 0xff, 0xff, 0xff, 0xff, 0xff, 0x58, 0xce, 0x86, 0x31, 0x24, 0x21, 0x81, 0x10, 0x00, 0x00, 0xc5, 0x72, 0x09, 0xfe, 0x68, 0xfd, 0xea, 0xfd,
    0x0b, 0xfe, 0xca, 0xfd, 0xd2, 0xf6, 0xfb, 0xff, 0xfc, 0xff, 0xfb, 0xff, 0xfb, 0xff, 0xfb, 0xff, 0xfb, 0xff, 0xfb, 0xff, 0xfc, 0xff, 0xfc, 0xff, 0xfb, 0xff, 0xfb, 0xff, 0xfb, 0xff, 0xfb, 0xff, 0xfb, 0xff, 0xfb, 0xff, 0xfb, 0xff, 0xfb, 0xff,
    0xfb, 0xff, 0xfb, 0xff, 0xfb, 0xff, 0xfb, 0xff, 0xfb, 0xff, 0xfb, 0xff, 0xfb, 0xff, 0xfb, 0xff, 0xfb, 0xff, 0xfb, 0xff, 0xfb, 0xff, 0xfb, 0xff, 0xfb, 0xff, 0xfb, 0xff, 0xfb, 0xff, 0xfb, 0xff, 0xfb, 0xff, 0xfb, 0xff, 0xfb, 0xff, 0xfb, 0xff,
    0xfb, 0xff, 0xfb, 0xff, 0xfb, 0xff, 0xfb, 0xff, 0xfb, 0xff, 0xfb, 0xff, 0xfb, 0xff, 0xfb, 0xff, 0xfb, 0xff, 0xfb, 0xff, 0xfb, 0xff, 0xfb, 0xff, 0xfb, 0xff, 0xfb, 0xff, 0xfa, 0xff, 0xfb, 0xff, 0xfb, 0xff, 0xfb, 0xff, 0xfb, 0xff, 0xfb, 0xff,
    0xfc, 0xff, 0xfc, 0xff, 0xfb, 0xff, 0xfb, 0xff, 0xfb, 0xff, 0xfb, 0xff, 0xfb, 0xff, 0xfb, 0xff, 0xfb, 0xff, 0xfc, 0xff, 0xfc, 0xff, 0xfc, 0xff, 0xfc, 0xff, 0xfb, 0xff, 0xfb, 0xff, 0xfb, 0xff, 0xfb, 0xff, 0xfb, 0xff, 0xfb, 0xff, 0xfc, 0xff,
    0xdb, 0xff, 0xf4, 0xf6, 0x0b, 0xfe, 0xa9, 0xc4, 0x41, 0x00, 0x00, 0x00, 0x4c, 0x63, 0xff, 0xff, 0xff, 0xff, 0xdf, 0xff, 0x30, 0x84, 0x00, 0x00, 0x8d, 0x6b, 0xff, 0xff, 0xff, 0xff, 0xff, 0xff, 0xff, 0xff, 0xff, 0xff, 0xff, 0xff, 0xff, 0xff,
    0xff, 0xff, 0xff, 0xff, 0xff, 0xff, 0xff, 0xff, 0xff, 0xff, 0xff, 0xff, 0xff, 0xff, 0xff, 0xff, 0xff, 0xff, 0xbe, 0xf7, 0x0c, 0x63, 0x61, 0x08, 0x6d, 0x6b, 0x9e, 0xf7, 0x6d, 0x6b, 0x00, 0x00, 0x20, 0x00, 0xc9, 0xc4, 0x4b, 0xfe, 0xa9, 0xf5,
    0xa9, 0xfd, 0xf3, 0xf6, 0xfb, 0xff, 0xfc, 0xff, 0xfb, 0xff, 0xfb, 0xff, 0xfb, 0xff, 0xfb, 0xff, 0xfb, 0xff, 0xfb, 0xff, 0xfc, 0xff, 0xfc, 0xff, 0xfb, 0xff, 0xfb, 0xff, 0xfb, 0xff, 0xfb, 0xff, 0xfb, 0xff, 0xfb, 0xff, 0xfb, 0xff, 0xfb, 0xff,
    0xfb, 0xff, 0xfb, 0xff, 0xfb, 0xff, 0xfb, 0xff, 0xfb, 0xff, 0xfb, 0xff, 0xfb, 0xff, 0xfb, 0xff, 0xfb, 0xff, 0xfb, 0xff, 0xfb, 0xff, 0xfb, 0xff, 0xfb, 0xff, 0xfb, 0xff, 0xfb, 0xff, 0xfb, 0xff, 0xfb, 0xff, 0xfb, 0xff, 0xfb, 0xff, 0xfb, 0xff,
    0xfb, 0xff, 0xfb, 0xff, 0xfb, 0xff, 0xfb, 0xff, 0xfb, 0xff, 0xfb, 0xff, 0xfb, 0xff, 0xfb, 0xff, 0xfb, 0xff, 0xfb, 0xff, 0xfb, 0xff, 0xfb, 0xff, 0xfb, 0xff, 0xfb, 0xff, 0xfb, 0xff, 0xfb, 0xff, 0xfb, 0xff, 0xfb, 0xff, 0xfb, 0xff, 0xfb, 0xff,
    0xfb, 0xff, 0xfb, 0xff, 0xfb, 0xff, 0xfb, 0xff, 0xfb, 0xff, 0xfb, 0xff, 0xfb, 0xff, 0xfb, 0xff, 0xfb, 0xff, 0xfb, 0xff, 0xfb, 0xff, 0xfc, 0xff, 0xfb, 0xff, 0xfc, 0xff, 0xfc, 0xff, 0xfb, 0xff, 0xfc, 0xff, 0xfb, 0xff, 0xfb, 0xff, 0xfb, 0xff,
    0xfc, 0xff, 0xfc, 0xff, 0xd9, 0xff, 0x84, 0x39, 0x00, 0x00, 0x82, 0x10, 0x3c, 0xe7, 0xff, 0xff, 0xdf, 0xff, 0xff, 0xff, 0xff, 0xff, 0x9a, 0xd6, 0x54, 0xa5, 0xff, 0xff, 0xff, 0xff, 0xff, 0xff, 0xff, 0xff, 0xff, 0xff, 0xff, 0xff, 0xff, 0xff,
    0xff, 0xff, 0xff, 0xff, 0xff, 0xff, 0xff, 0xff, 0xff, 0xff, 0xff, 0xff, 0xff, 0xff, 0xff, 0xff, 0x9a, 0xd6, 0xe3, 0x18, 0xa6, 0x31, 0x9a, 0xd6, 0xff, 0xff, 0xff, 0xff, 0x5c, 0xef, 0x82, 0x10, 0x00, 0x00, 0x63, 0x31, 0x0a, 0xfe, 0xc9, 0xfd,
    0x56, 0xff, 0xfc, 0xff, 0xfb, 0xff, 0xfb, 0xff, 0xfb, 0xff, 0xfb, 0xff, 0xfb, 0xff, 0xfb, 0xff, 0xfb, 0xff, 0xfb, 0xff, 0xfc, 0xff, 0xfc, 0xff, 0xfc, 0xff, 0xfb, 0xff, 0xfb, 0xff, 0xfb, 0xff, 0xfb, 0xff, 0xfb, 0xff, 0xfb, 0xff, 0xfb, 0xff,
    0xfb, 0xff, 0xfb, 0xff, 0xfb, 0xff, 0xfb, 0xff, 0xfb, 0xff, 0xfb, 0xff, 0xfb, 0xff, 0xfb, 0xff, 0xfb, 0xff, 0xfb, 0xff, 0xfb, 0xff, 0xfb, 0xff, 0xfb, 0xff, 0xfb, 0xff, 0xfb, 0xff, 0xfb, 0xff, 0xfb, 0xff, 0xfb, 0xff, 0xfb, 0xff, 0xfb, 0xff,
    0xfb, 0xff, 0xfb, 0xff, 0xfb, 0xff, 0xfb, 0xff, 0xfb, 0xff, 0xfb, 0xff, 0xfb, 0xff, 0xfb, 0xff, 0xfb, 0xff, 0xfb, 0xff, 0xfb, 0xff, 0xfb, 0xff, 0xfb, 0xff, 0xfa, 0xff, 0xfa, 0xff, 0xfb, 0xff, 0xfb, 0xff, 0xfb, 0xff, 0xfb, 0xff, 0xfb, 0xff,
    0xfb, 0xff, 0xfb, 0xff, 0xfb, 0xff, 0xfc, 0xff, 0xfb, 0xff, 0xfb, 0xff, 0xfb, 0xff, 0xfb, 0xff, 0xfb, 0xff, 0xfb, 0xff, 0xfb, 0xff, 0xfb, 0xff, 0xfc, 0xff, 0xfc, 0xff, 0xfc, 0xff, 0xfc, 0xff, 0xfc, 0xff, 0xfc, 0xff, 0xfb, 0xff, 0xfb, 0xff,
    0xdb, 0xff, 0xfd, 0xff, 0x0e, 0x84, 0x00, 0x00, 0x00, 0x00, 0xb2, 0x94, 0xff, 0xff, 0xdf, 0xff, 0xff, 0xff, 0xff, 0xff, 0xff, 0xff, 0xff, 0xff, 0xff, 0xff, 0xff, 0xff, 0xff, 0xff, 0xff, 0xff, 0xff, 0xff, 0xff, 0xff, 0xff, 0xff, 0xff, 0xff,
    0xff, 0xff, 0xff, 0xff, 0xff, 0xff, 0xff, 0xff, 0xff, 0xff, 0xff, 0xff, 0xff, 0xff, 0xff, 0xff, 0x38, 0xc6, 0xb2, 0x94, 0xff, 0xff, 0xff, 0xff, 0xdf, 0xff, 0xdf, 0xff, 0xff, 0xff, 0xd2, 0x9c, 0x00, 0x00, 0x00, 0x00, 0xa5, 0x6a, 0xd7, 0xff,
    0xfc, 0xff, 0xfb, 0xff, 0xfb, 0xff, 0xfb, 0xff, 0xfb, 0xff, 0xfb, 0xff, 0xfb, 0xff, 0xfb, 0xff, 0xfb, 0xff, 0xfb, 0xff, 0xfc, 0xff, 0xfc, 0xff, 0xfc, 0xff, 0xfb, 0xff, 0xfb, 0xff, 0xfb, 0xff, 0xfb, 0xff, 0xfb, 0xff, 0xfb, 0xff, 0xfb, 0xff,
    0xfb, 0xff, 0xfb, 0xff, 0xfb, 0xff, 0xfb, 0xff, 0xfb, 0xff, 0xfb, 0xff, 0xfb, 0xff, 0xfb, 0xff, 0xfb, 0xff, 0xfb, 0xff, 0xfb, 0xff, 0xfb, 0xff, 0xfb, 0xff, 0xfb, 0xff, 0xfb, 0xff, 0xfb, 0xff, 0xfb, 0xff, 0xfb, 0xff, 0xfb, 0xff, 0xfb, 0xff,
    0xfb, 0xff, 0xfb, 0xff, 0xfb, 0xff, 0xfb, 0xff, 0xfb, 0xff, 0xfb, 0xff, 0xfb, 0xff, 0xfb, 0xff, 0xfb, 0xff, 0xfb, 0xff, 0xfb, 0xff, 0xfb, 0xff, 0xfb, 0xff, 0xfa, 0xff, 0xfb, 0xff, 0xfb, 0xff, 0xfb, 0xff, 0xfb, 0xff, 0xfb, 0xff, 0xfb, 0xff,
    0xfb, 0xff, 0xfb, 0xff, 0xfb, 0xff, 0xfc, 0xff, 0xfb, 0xff, 0xfb, 0xff, 0xfb, 0xff, 0xfb, 0xff, 0xfb, 0xff, 0xfc, 0xff, 0xfc, 0xff, 0xfc, 0xff, 0xfc, 0xff, 0xfc, 0xff, 0xfc, 0xff, 0xfc, 0xff, 0xfc, 0xff, 0xfb, 0xff, 0xfb, 0xff, 0xdb, 0xff,
    0xfd, 0xff, 0x36, 0xce, 0x20, 0x00, 0x00, 0x00, 0x08, 0x42, 0xff, 0xff, 0xff, 0xff, 0xff, 0xff, 0xff, 0xff, 0xff, 0xff, 0xff, 0xff, 0xff, 0xff, 0xff, 0xff, 0xff, 0xff, 0xff, 0xff, 0xff, 0xff, 0xff, 0xff, 0xff, 0xff, 0xff, 0xff, 0xff, 0xff,
    0xff, 0xff, 0xff, 0xff, 0xff, 0xff, 0xff, 0xff, 0xff, 0xff, 0xff, 0xff, 0xff, 0xff, 0xff, 0xff, 0xff, 0xff, 0xff, 0xff, 0xff, 0xff, 0xff, 0xff, 0xff, 0xff, 0xff, 0xff, 0xff, 0xff, 0xff, 0xff, 0xaa, 0x52, 0x00, 0x00, 0x00, 0x00, 0x11, 0x9d,
    0xfd, 0xff, 0xdb, 0xff, 0xfb, 0xff, 0xfb, 0xff, 0xfb, 0xff, 0xfb, 0xff, 0xfb, 0xff, 0xfb, 0xff, 0xfb, 0xff, 0xfb, 0xff, 0xfb, 0xff, 0xfb, 0xff, 0xfb, 0xff, 0xfb, 0xff, 0xfb, 0xff, 0xfb, 0xff, 0xfb, 0xff, 0xfb, 0xff, 0xfb, 0xff, 0xfb, 0xff,
    0xfb, 0xff, 0xfb, 0xff, 0xfb, 0xff, 0xfb, 0xff, 0xfb, 0xff, 0xfb, 0xff, 0xfb, 0xff, 0xfb, 0xff, 0xfb, 0xff, 0xfb, 0xff, 0xfb, 0xff, 0xfb, 0xff, 0xfb, 0xff, 0xfb, 0xff, 0xfb, 0xff, 0xfb, 0xff, 0xfb, 0xff, 0xfb, 0xff, 0xfb, 0xff, 0xfa, 0xff,
    0xfb, 0xff, 0xfb, 0xff, 0xfb, 0xff, 0xfb, 0xff, 0xfb, 0xff, 0xfb, 0xff, 0xfb, 0xff, 0xfb, 0xff, 0xfb, 0xff, 0xfb, 0xff, 0xfb, 0xff, 0xfb, 0xff, 0xfb, 0xff, 0xfb, 0xff, 0xfb, 0xff, 0xfb, 0xff, 0xfb, 0xff, 0xfb, 0xff, 0xfb, 0xff, 0xfb, 0xff,
    0xfb, 0xff, 0xfb, 0xff, 0xfb, 0xff, 0xfb, 0xff, 0xfb, 0xff, 0xfb, 0xff, 0xfb, 0xff, 0xfb, 0xff, 0xfc, 0xff, 0xfc, 0xff, 0xfb, 0xff, 0xfb, 0xff, 0xfb, 0xff, 0xfb, 0xff, 0xfc, 0xff, 0xfc, 0xff, 0xfb, 0xff, 0xfb, 0xff, 0xfa, 0xff, 0xfc, 0xff,
    0x19, 0xe7, 0x03, 0x21, 0x00, 0x00, 0x82, 0x10, 0xfb, 0xde, 0xff, 0xff, 0xff, 0xff, 0xff, 0xff, 0xff, 0xff, 0xff, 0xff, 0xff, 0xff, 0xff, 0xff, 0xff, 0xff, 0xff, 0xff, 0xff, 0xff, 0xff, 0xff, 0xff, 0xff, 0xff, 0xff, 0xff, 0xff, 0xff, 0xff,
    0xff, 0xff, 0xff, 0xff, 0xff, 0xff, 0xff, 0xff, 0xff, 0xff, 0xff, 0xff, 0xff, 0xff, 0xff, 0xff, 0xff, 0xff, 0xdf, 0xff, 0xff, 0xff, 0xff, 0xff, 0xff, 0xff, 0xff, 0xff, 0xff, 0xff, 0xff, 0xff, 0x9e, 0xf7, 0x85, 0x31, 0x00, 0x00, 0x20, 0x00,
    0x93, 0xb5, 0xfd, 0xff, 0xdb, 0xff, 0xfb, 0xff, 0xfb, 0xff, 0xfb, 0xff, 0xfb, 0xff, 0xfb, 0xff, 0xfb, 0xff, 0xfb, 0xff, 0xfb, 0xff, 0xfb, 0xff, 0xfb, 0xff, 0xfb, 0xff, 0xfb, 0xff, 0xfb, 0xff, 0xfb, 0xff, 0xfb, 0xff, 0xfb, 0xff, 0xfb, 0xff,
    0xfb, 0xff, 0xfb, 0xff, 0xfa, 0xff, 0xfb, 0xff, 0xfb, 0xff, 0xfb, 0xff, 0xfb, 0xff, 0xfb, 0xff, 0xfa, 0xff, 0xfa, 0xff, 0xfb, 0xff, 0xfb, 0xff, 0xfb, 0xff, 0xfb, 0xff, 0xfa, 0xff, 0xfb, 0xff, 0xfb, 0xff, 0xfb, 0xff, 0xfb, 0xff, 0xfb, 0xff,
    0xfb, 0xff, 0xfb, 0xff, 0xfb, 0xff, 0xfb, 0xff, 0xfa, 0xff, 0xfb, 0xff, 0xfb, 0xff, 0xfb, 0xff, 0xfb, 0xff, 0xfb, 0xff, 0xfb, 0xff, 0xfb, 0xff, 0xfb, 0xff, 0xfb, 0xff, 0xfb, 0xff, 0xfb, 0xff, 0xfb, 0xff, 0xfb, 0xff, 0xfb, 0xff, 0xfb, 0xff,
    0xfa, 0xff, 0xfb, 0xff, 0xfb, 0xff, 0xfb, 0xff, 0xfb, 0xff, 0xfb, 0xff, 0xfb, 0xff, 0xfb, 0xff, 0xfb, 0xff, 0xfc, 0xff, 0xfb, 0xff, 0xfb, 0xff, 0xfb, 0xff, 0xfb, 0xff, 0xfb, 0xff, 0xfb, 0xff, 0xfb, 0xff, 0xda, 0xff, 0xfb, 0xff, 0x9b, 0xf7,
    0x85, 0x31, 0x00, 0x00, 0x00, 0x00, 0xb6, 0xb5, 0xff, 0xff, 0xff, 0xff, 0xff, 0xff, 0xff, 0xff, 0xff, 0xff, 0xff, 0xff, 0xff, 0xff, 0xff, 0xff, 0xff, 0xff, 0xff, 0xff, 0xff, 0xff, 0xff, 0xff, 0xff, 0xff, 0xff, 0xff, 0xff, 0xff, 0xff, 0xff,
    0xff, 0xff, 0xff, 0xff, 0xff, 0xff, 0xff, 0xff, 0xff, 0xff, 0xff, 0xff, 0xff, 0xff, 0xff, 0xff, 0xff, 0xff, 0xff, 0xff, 0xff, 0xff, 0xff, 0xff, 0xff, 0xff, 0xff, 0xff, 0xff, 0xff, 0xff, 0xff, 0xff, 0xff, 0xfb, 0xde, 0x03, 0x19, 0x00, 0x00,
    0x41, 0x08, 0x94, 0xb5, 0xfe, 0xff, 0xdb, 0xff, 0xfb, 0xff, 0xfb, 0xff, 0xfb, 0xff, 0xfb, 0xff, 0xfb, 0xff, 0xfb, 0xff, 0xfb, 0xff, 0xfb, 0xff, 0xfb, 0xff, 0xfb, 0xff, 0xfb, 0xff, 0xfb, 0xff, 0xfb, 0xff, 0xfb, 0xff, 0xfa, 0xff, 0xfa, 0xff,
    0xfb, 0xff, 0xfa, 0xff, 0xfa, 0xff, 0xfb, 0xff, 0xfb, 0xff, 0xfb, 0xff, 0xfa, 0xff, 0xfa, 0xff, 0xfa, 0xff, 0xfa, 0xff, 0xfa, 0xff, 0xfa, 0xff, 0xfb, 0xff, 0xfb, 0xff, 0xfb, 0xff, 0xfb, 0xff, 0xfb, 0xff, 0xfb, 0xff, 0xfb, 0xff, 0xfb, 0xff,
    0xfb, 0xff, 0xfb, 0xff, 0xfb, 0xff, 0xfb, 0xff, 0xfb, 0xff, 0xfb, 0xff, 0xfb, 0xff, 0xfb, 0xff, 0xfb, 0xff, 0xfb, 0xff, 0xfb, 0xff, 0xfb, 0xff, 0xfb, 0xff, 0xfb, 0xff, 0xfb, 0xff, 0xfb, 0xff, 0xfa, 0xff, 0xfb, 0xff, 0xfb, 0xff, 0xfb, 0xff,
    0xfb, 0xff, 0xfb, 0xff, 0xfb, 0xff, 0xfb, 0xff, 0xfb, 0xff, 0xfb, 0xff, 0xfb, 0xff, 0xfb, 0xff, 0xfb, 0xff, 0xfb, 0xff, 0xfb, 0xff, 0xfb, 0xff, 0xfb, 0xff, 0xfa, 0xff, 0xfa, 0xff, 0xfa, 0xff, 0xda, 0xff, 0xfc, 0xff, 0x7a, 0xef, 0xe7, 0x39,
    0x00, 0x00, 0x00, 0x00, 0x91, 0x94, 0xff, 0xff, 0xdf, 0xff, 0xff, 0xff, 0xff, 0xff, 0xff, 0xff, 0xff, 0xff, 0xff, 0xff, 0xff, 0xff, 0xff, 0xff, 0xff, 0xff, 0xff, 0xff, 0xff, 0xff, 0xff, 0xff, 0xff, 0xff, 0xff, 0xff, 0xff, 0xff, 0xff, 0xff,
    0xff, 0xff, 0xff, 0xff, 0xff, 0xff, 0xff, 0xff, 0xff, 0xff, 0xff, 0xff, 0xff, 0xff, 0xff, 0xff, 0xff, 0xff, 0xff, 0xff, 0xff, 0xff, 0xff, 0xff, 0xff, 0xff, 0xff, 0xff, 0xff, 0xff, 0xff, 0xff, 0xff, 0xff, 0xff, 0xff, 0xda, 0xde, 0x03, 0x21,
    0x00, 0x00, 0x40, 0x08, 0x53, 0xad, 0xfe, 0xff, 0xdb, 0xff, 0xfb, 0xff, 0xfb, 0xff, 0xfb, 0xff, 0xfb, 0xff, 0xfb, 0xff, 0xfb, 0xff, 0xfb, 0xff, 0xfb, 0xff, 0xfb, 0xff, 0xfb, 0xff, 0xfb, 0xff, 0xfb, 0xff, 0xfa, 0xff, 0xfa, 0xff, 0xfa, 0xff,
    0xfa, 0xff, 0xfa, 0xff, 0xfb, 0xff, 0xfb, 0xff, 0xfb, 0xff, 0xfb, 0xff, 0xfb, 0xff, 0xfb, 0xff, 0xfb, 0xff, 0xfa, 0xff, 0xfa, 0xff, 0xfb, 0xff, 0xfb, 0xff, 0xfb, 0xff, 0xfb, 0xff, 0xfb, 0xff, 0xfb, 0xff, 0xfb, 0xff, 0xfb, 0xff, 0xfb, 0xff,
    0xfb, 0xff, 0xfb, 0xff, 0xfb, 0xff, 0xfb, 0xff, 0xfb, 0xff, 0xfb, 0xff, 0xfb, 0xff, 0xfb, 0xff, 0xfb, 0xff, 0xfb, 0xff, 0xfb, 0xff, 0xfb, 0xff, 0xfb, 0xff, 0xfb, 0xff, 0xfb, 0xff, 0xfb, 0xff, 0xfb, 0xff, 0xfb, 0xff, 0xfb, 0xff, 0xfb, 0xff,
    0xfb, 0xff, 0xfb, 0xff, 0xfb, 0xff, 0xfb, 0xff, 0xfb, 0xff, 0xfb, 0xff, 0xfb, 0xff, 0xfb, 0xff, 0xfb, 0xff, 0xfb, 0xff, 0xfb, 0xff, 0xfb, 0xff, 0xfa, 0xff, 0xfa, 0xff, 0xfa, 0xff, 0xda, 0xff, 0xfc, 0xff, 0x5a, 0xef, 0xa6, 0x31, 0x00, 0x00,
    0x00, 0x00, 0x30, 0x84, 0xff, 0xff, 0xdf, 0xff, 0xff, 0xff, 0xff, 0xff, 0xff, 0xff, 0xff, 0xff, 0xff, 0xff, 0xff, 0xff, 0xff, 0xff, 0xff, 0xff, 0xff, 0xff, 0xff, 0xff, 0xff, 0xff, 0xff, 0xff, 0xff, 0xff, 0xff, 0xff, 0xff, 0xff, 0xff, 0xff,
    0xff, 0xff, 0xff, 0xff, 0xff, 0xff, 0xff, 0xff, 0xff, 0xff, 0xff, 0xff, 0xff, 0xff, 0xff, 0xff, 0xff, 0xff, 0xff, 0xff, 0xff, 0xff, 0xff, 0xff, 0xff, 0xff, 0xff, 0xff, 0xff, 0xff, 0xff, 0xff, 0xff, 0xff, 0xdf, 0xff, 0xff, 0xff, 0xdb, 0xde,
    0x45, 0x29, 0x00, 0x00, 0x20, 0x00, 0x4f, 0x8c, 0xfd, 0xff, 0xfc, 0xff, 0xdb, 0xff, 0xfb, 0xff, 0xfb, 0xff, 0xfb, 0xff, 0xfb, 0xff, 0xfb, 0xff, 0xfb, 0xff, 0xfb, 0xff, 0xfb, 0xff, 0xfb, 0xff, 0xfb, 0xff, 0xfb, 0xff, 0xfb, 0xff, 0xfa, 0xff,
    0xfb, 0xff, 0xfb, 0xff, 0xfb, 0xff, 0xfb, 0xff, 0xfb, 0xff, 0xfb, 0xff, 0xfb, 0xff, 0xfb, 0xff, 0xfb, 0xff, 0xfb, 0xff, 0xfb, 0xff, 0xfb, 0xff, 0xfb, 0xff, 0xfb, 0xff, 0xfb, 0xff, 0xfb, 0xff, 0xfb, 0xff, 0xfb, 0xff, 0xfb, 0xff, 0xfb, 0xff,
    0xfb, 0xff, 0xfb, 0xff, 0xfb, 0xff, 0xfb, 0xff, 0xfb, 0xff, 0xfb, 0xff, 0xfb, 0xff, 0xfb, 0xff, 0xfb, 0xff, 0xfb, 0xff, 0xfb, 0xff, 0xfb, 0xff, 0xfb, 0xff, 0xfb, 0xff, 0xfb, 0xff, 0xfb, 0xff, 0xfb, 0xff, 0xfb, 0xff, 0xfb, 0xff, 0xfb, 0xff,
    0xfb, 0xff, 0xfb, 0xff, 0xfb, 0xff, 0xfb, 0xff, 0xfb, 0xff, 0xfb, 0xff, 0xfb, 0xff, 0xfb, 0xff, 0xfb, 0xff, 0xfb, 0xff, 0xfb, 0xff, 0xfb, 0xff, 0xfb, 0xff, 0xfa, 0xff, 0xda, 0xff, 0xfd, 0xff, 0x77, 0xce, 0x24, 0x21, 0x00, 0x00, 0x00, 0x00,
    0x0f, 0x7c, 0xff, 0xff, 0xdf, 0xff, 0xff, 0xff, 0xff, 0xff, 0xff, 0xff, 0xff, 0xff, 0xff, 0xff, 0xff, 0xff, 0xff, 0xff, 0xff, 0xff, 0xff, 0xff, 0xff, 0xff, 0xff, 0xff, 0xff, 0xff, 0xff, 0xff, 0xff, 0xff, 0xff, 0xff, 0xff, 0xff, 0xff, 0xff,
    0xff, 0xff, 0xff, 0xff, 0xff, 0xff, 0xff, 0xff, 0xff, 0xff, 0xff, 0xff, 0xff, 0xff, 0xff, 0xff, 0xff, 0xff, 0xff, 0xff, 0xff, 0xff, 0xff, 0xff, 0xff, 0xff, 0xff, 0xff, 0xff, 0xff, 0xff, 0xff, 0xff, 0xff, 0xff, 0xff, 0xff, 0xff, 0xff, 0xff,
    0x5d, 0xef, 0x07, 0x3a, 0x00, 0x00, 0x00, 0x00, 0xea, 0x5a, 0x5a, 0xef, 0xfd, 0xff, 0xfb, 0xff, 0xfb, 0xff, 0xfb, 0xff, 0xfb, 0xff, 0xfb, 0xff, 0xfb, 0xff, 0xfb, 0xff, 0xfb, 0xff, 0xfb, 0xff, 0xfb, 0xff, 0xfb, 0xff, 0xfb, 0xff, 0xfb, 0xff,
    0xfb, 0xff, 0xfb, 0xff, 0xfb, 0xff, 0xfb, 0xff, 0xfb, 0xff, 0xfb, 0xff, 0xfb, 0xff, 0xfb, 0xff, 0xfb, 0xff, 0xfb, 0xff, 0xfb, 0xff, 0xfb, 0xff, 0xfb, 0xff, 0xfb, 0xff, 0xfb, 0xff, 0xfb, 0xff, 0xfb, 0xff, 0xfb, 0xff, 0xfb, 0xff, 0xfb, 0xff,
    0xfb, 0xff, 0xfb, 0xff, 0xfb, 0xff, 0xfb, 0xff, 0xfb, 0xff, 0xfb, 0xff, 0xfb, 0xff, 0xfb, 0xff, 0xfb, 0xff, 0xfb, 0xff, 0xfb, 0xff, 0xfb, 0xff, 0xfb, 0xff, 0xfb, 0xff, 0xfb, 0xff, 0xfb, 0xff, 0xfb, 0xff, 0xfb, 0xff, 0xfb, 0xff, 0xfb, 0xff,
    0xfb, 0xff, 0xfb, 0xff, 0xfb, 0xff, 0xfb, 0xff, 0xfb, 0xff, 0xfb, 0xff, 0xfb, 0xff, 0xfb, 0xff, 0xfb, 0xff, 0xfb, 0xff, 0xfb, 0xff, 0xfb, 0xff, 0xda, 0xff, 0xfb, 0xff, 0xfc, 0xff, 0x32, 0xa5, 0x82, 0x10, 0x00, 0x00, 0x00, 0x00, 0x91, 0x94,
    0xff, 0xff, 0xdf, 0xff, 0xff, 0xff, 0xff, 0xff, 0xff, 0xff, 0xff, 0xff, 0xff, 0xff, 0xff, 0xff, 0xff, 0xff, 0xff, 0xff, 0xff, 0xff, 0xff, 0xff, 0xff, 0xff, 0xff, 0xff, 0xff, 0xff, 0xff, 0xff, 0xff, 0xff, 0xff, 0xff, 0xff, 0xff, 0xff, 0xff,
    0xff, 0xff, 0xff, 0xff, 0xff, 0xff, 0xff, 0xff, 0xff, 0xff, 0xff, 0xff, 0xff, 0xff, 0xff, 0xff, 0xff, 0xff, 0xff, 0xff, 0xff, 0xff, 0xff, 0xff, 0xff, 0xff, 0xff, 0xff, 0xff, 0xff, 0xff, 0xff, 0xff, 0xff, 0xff, 0xff, 0xff, 0xff, 0xff, 0xff,
    0xff, 0xff, 0xdf, 0xff, 0x2c, 0x63, 0x00, 0x00, 0x00, 0x00, 0x03, 0x21, 0x32, 0xa5, 0xfd, 0xff, 0xfc, 0xff, 0xdb, 0xff, 0xfb, 0xff, 0xfb, 0xff, 0xfb, 0xff, 0xfb, 0xff, 0xfb, 0xff, 0xfb, 0xff, 0xfb, 0xff, 0xfb, 0xff, 0xfb, 0xff, 0xfb, 0xff,
    0xfb, 0xff, 0xfb, 0xff, 0xfb, 0xff, 0xfb, 0xff, 0xfb, 0xff, 0xfb, 0xff, 0xfb, 0xff, 0xfb, 0xff, 0xfb, 0xff, 0xfb, 0xff, 0xfb, 0xff, 0xfb, 0xff, 0xfb, 0xff, 0xfb, 0xff, 0xfb, 0xff, 0xfb, 0xff, 0xfb, 0xff, 0xfb, 0xff, 0xfb, 0xff, 0xfb, 0xff,
    0xfb, 0xff, 0xfb, 0xff, 0xfb, 0xff, 0xfb, 0xff, 0xfb, 0xff, 0xfb, 0xff, 0xfb, 0xff, 0xfb, 0xff, 0xfb, 0xff, 0xfc, 0xff, 0xfb, 0xff, 0xfb, 0xff, 0xfb, 0xff, 0xfb, 0xff, 0xfb, 0xff, 0xfb, 0xff, 0xfb, 0xff, 0xfb, 0xff, 0xfb, 0xff, 0xfb, 0xff,
    0xfb, 0xff, 0xfb, 0xff, 0xfb, 0xff, 0xfb, 0xff, 0xfb, 0xff, 0xfb, 0xff, 0xfb, 0xff, 0xfb, 0xff, 0xfb, 0xff, 0xfa, 0xff, 0xda, 0xff, 0xfa, 0xff, 0xfc, 0xff, 0x39, 0xef, 0xea, 0x5a, 0x00, 0x00, 0x00, 0x00, 0xc2, 0x18, 0x96, 0xb5, 0xff, 0xff,
    0xdf, 0xff, 0xff, 0xff, 0xff, 0xff, 0xff, 0xff, 0xff, 0xff, 0xff, 0xff, 0xff, 0xff, 0xff, 0xff, 0xff, 0xff, 0xff, 0xff, 0xff, 0xff, 0xff, 0xff, 0xff, 0xff, 0xff, 0xff, 0xff, 0xff, 0xff, 0xff, 0xff, 0xff, 0xff, 0xff, 0xff, 0xff, 0xff, 0xff,
    0xff, 0xff, 0xff, 0xff, 0xff, 0xff, 0xff, 0xff, 0xff, 0xff, 0xff, 0xff, 0xff, 0xff, 0xfe, 0xff, 0xff, 0xff, 0xff, 0xff, 0xff, 0xff, 0xff, 0xff, 0xff, 0xff, 0xff, 0xff, 0xff, 0xff, 0xff, 0xff, 0xff, 0xff, 0xff, 0xff, 0xff, 0xff, 0xff, 0xff,
    0xff, 0xff, 0xff, 0xff, 0xff, 0xff, 0xf3, 0x9c, 0xa2, 0x10, 0x00, 0x00, 0x00, 0x00, 0xa9, 0x5a, 0xd8, 0xde, 0xfd, 0xff, 0xfc, 0xff, 0xda, 0xff, 0xfa, 0xff, 0xfa, 0xff, 0xfa, 0xff, 0xfb, 0xff, 0xfb, 0xff, 0xfb, 0xff, 0xfb, 0xff, 0xfb, 0xff,
    0xfb, 0xff, 0xfb, 0xff, 0xfb, 0xff, 0xfb, 0xff, 0xfb, 0xff, 0xfb, 0xff, 0xfb, 0xff, 0xfb, 0xff, 0xfb, 0xff, 0xfb, 0xff, 0xfb, 0xff, 0xfb, 0xff, 0xfb, 0xff, 0xfb, 0xff, 0xfb, 0xff, 0xfb, 0xff, 0xfb, 0xff, 0xfb, 0xff, 0xfb, 0xff, 0xfb, 0xff,
    0xfb, 0xff, 0xfb, 0xff, 0xfb, 0xff, 0xfb, 0xff, 0xfb, 0xff, 0xfb, 0xff, 0xfb, 0xff, 0xfb, 0xff, 0xfb, 0xff, 0xfb, 0xff, 0xfb, 0xff, 0xfb, 0xff, 0xfb, 0xff, 0xfb, 0xff, 0xfb, 0xff, 0xfb, 0xff, 0xfb, 0xff, 0xfb, 0xff, 0xfb, 0xff, 0xfb, 0xff,
    0xfb, 0xff, 0xfb, 0xff, 0xfb, 0xff, 0xfb, 0xff, 0xfb, 0xff, 0xfb, 0xff, 0xfb, 0xff, 0xfa, 0xff, 0xda, 0xff, 0xfa, 0xff, 0xfc, 0xff, 0xdb, 0xff, 0xb1, 0x9c, 0xc2, 0x18, 0x00, 0x00, 0x00, 0x00, 0x28, 0x42, 0xfb, 0xde, 0xff, 0xff, 0xdf, 0xff,
    0xff, 0xff, 0xff, 0xff, 0xff, 0xff, 0xff, 0xff, 0xff, 0xff, 0xff, 0xff, 0xff, 0xff, 0xff, 0xff, 0xff, 0xff, 0xff, 0xff, 0xff, 0xff, 0xff, 0xff, 0xff, 0xff, 0xff, 0xff, 0xff, 0xff, 0xff, 0xff, 0xff, 0xff, 0xff, 0xff, 0xff, 0xff, 0xff, 0xff,
    0xff, 0xff, 0xff, 0xff, 0xff, 0xff, 0xff, 0xff, 0xff, 0xff, 0xff, 0xff, 0xff, 0xff, 0xff, 0xff, 0xff, 0xff, 0xff, 0xff, 0xff, 0xff, 0xff, 0xff, 0xff, 0xff, 0xff, 0xff, 0xff, 0xff, 0xff, 0xff, 0xff, 0xff, 0xff, 0xff, 0xff, 0xff, 0xff, 0xff,
    0xff, 0xff, 0xff, 0xff, 0xff, 0xff, 0xff, 0xff, 0xda, 0xd6, 0x69, 0x4a, 0x00, 0x00, 0x00, 0x00, 0x61, 0x08, 0x6c, 0x6b, 0xd7, 0xde, 0xfc, 0xff, 0xfb, 0xff, 0xfa, 0xff, 0xda, 0xff, 0xfa, 0xff, 0xfb, 0xff, 0xfb, 0xff, 0xfb, 0xff, 0xfb, 0xff,
    0xfb, 0xff, 0xfb, 0xff, 0xfb, 0xff, 0xfb, 0xff, 0xfb, 0xff, 0xfb, 0xff, 0xfb, 0xff, 0xfb, 0xff, 0xfb, 0xff, 0xfb, 0xff, 0xfb, 0xff, 0xfb, 0xff, 0xfb, 0xff, 0xfb, 0xff, 0xfb, 0xff, 0xfb, 0xff, 0xfb, 0xff, 0xfb, 0xff, 0xfb, 0xff, 0xfb, 0xff,
    0xfb, 0xff, 0xfb, 0xff, 0xfb, 0xff, 0xfb, 0xff, 0xfb, 0xff, 0xfb, 0xff, 0xfb, 0xff, 0xfb, 0xff, 0xfb, 0xff, 0xfb, 0xff, 0xfb, 0xff, 0xfb, 0xff, 0xfb, 0xff, 0xfb, 0xff, 0xfb, 0xff, 0xfb, 0xff, 0xfb, 0xff, 0xfb, 0xff, 0xfb, 0xff, 0xfb, 0xff,
    0xfb, 0xff, 0xfb, 0xff, 0xfb, 0xff, 0xfb, 0xff, 0xfb, 0xff, 0xfb, 0xff, 0xda, 0xff, 0xfa, 0xff, 0xfc, 0xff, 0xfb, 0xff, 0x52, 0xad, 0x85, 0x31, 0x00, 0x00, 0x00, 0x00, 0x61, 0x08, 0xf3, 0x9c, 0xff, 0xff, 0xff, 0xff, 0xff, 0xff, 0xff, 0xff,
    0xff, 0xff, 0xff, 0xff, 0xff, 0xff, 0xff, 0xff, 0xff, 0xff, 0xff, 0xff, 0xff, 0xff, 0xff, 0xff, 0xff, 0xff, 0xff, 0xff, 0xff, 0xff, 0xff, 0xff, 0xff, 0xff, 0xff, 0xff, 0xff, 0xff, 0xff, 0xff, 0xff, 0xff, 0xff, 0xff, 0xff, 0xff, 0xff, 0xff,
    0xff, 0xff, 0xff, 0xff, 0xff, 0xff, 0xff, 0xff, 0xff, 0xff, 0xff, 0xff, 0xff, 0xff, 0xff, 0xff, 0xff, 0xff, 0xff, 0xff, 0xff, 0xff, 0xff, 0xff, 0xff, 0xff, 0xff, 0xff, 0xff, 0xff, 0xff, 0xff, 0xff, 0xff, 0xff, 0xff, 0xff, 0xff, 0xff, 0xff,
    0xff, 0xff, 0xff, 0xff, 0xff, 0xff, 0xff, 0xff, 0xff, 0xff, 0xff, 0xff, 0xd7, 0xbd, 0x04, 0x21, 0x00, 0x00, 0x00, 0x00, 0x61, 0x08, 0x0a, 0x63, 0x56, 0xce, 0xfb, 0xff, 0xfc, 0xff, 0xfb, 0xff, 0xfa, 0xff, 0xda, 0xff, 0xfb, 0xff, 0xfb, 0xff,
    0xfb, 0xff, 0xfb, 0xff, 0xfb, 0xff, 0xfb, 0xff, 0xfb, 0xff, 0xfb, 0xff, 0xfb, 0xff, 0xfb, 0xff, 0xfb, 0xff, 0xfb, 0xff, 0xfb, 0xff, 0xfb, 0xff, 0xfb, 0xff, 0xfb, 0xff, 0xfb, 0xff, 0xfb, 0xff, 0xfb, 0xff, 0xfb, 0xff, 0xfb, 0xff, 0xfb, 0xff,
    0xfb, 0xff, 0xfb, 0xff, 0xfb, 0xff, 0xfb, 0xff, 0xfb, 0xff, 0xfb, 0xff, 0xfb, 0xff, 0xfb, 0xff, 0xfb, 0xff, 0xfb, 0xff, 0xfb, 0xff, 0xfb, 0xff, 0xfb, 0xff, 0xfb, 0xff, 0xfb, 0xff, 0xfb, 0xff, 0xfb, 0xff, 0xfb, 0xff, 0xfb, 0xff, 0xfb, 0xff,
    0xfb, 0xff, 0xfb, 0xff, 0xfa, 0xff, 0xda, 0xff, 0xfa, 0xff, 0xfc, 0xff, 0xfd, 0xff, 0x9a, 0xf7, 0xd1, 0x9c, 0xc6, 0x39, 0x00, 0x00, 0x00, 0x00, 0x81, 0x10, 0x20, 0x08, 0x00, 0x00, 0x4c, 0x6b, 0xbe, 0xf7, 0xff, 0xff, 0xff, 0xff, 0xff, 0xff,
    0xff, 0xff, 0xff, 0xff, 0xff, 0xff, 0xff, 0xff, 0xff, 0xff, 0xff, 0xff, 0xff, 0xff, 0xff, 0xff, 0xff, 0xff, 0xff, 0xff, 0xff, 0xff, 0xff, 0xff, 0xff, 0xff, 0xff, 0xff, 0xff, 0xff, 0xff, 0xff, 0xff, 0xff, 0xff, 0xff, 0xff, 0xff, 0xff, 0xff,
    0xff, 0xff, 0xff, 0xff, 0xff, 0xff, 0xff, 0xff, 0xff, 0xff, 0xff, 0xff, 0xff, 0xff, 0xff, 0xff, 0xff, 0xff, 0xff, 0xff, 0xff, 0xff, 0xff, 0xff, 0xff, 0xff, 0xff, 0xff, 0xff, 0xff, 0xff, 0xff, 0xff, 0xff, 0xff, 0xff, 0xff, 0xff, 0xff, 0xff,
    0xff, 0xff, 0xff, 0xff, 0xff, 0xff, 0xff, 0xff, 0xdf, 0xff, 0xff, 0xff, 0xf7, 0xbd, 0xa2, 0x10, 0x00, 0x00, 0x03, 0x21, 0x00, 0x00, 0x00, 0x00, 0x00, 0x00, 0x07, 0x42, 0xf1, 0x9c, 0x39, 0xe7, 0xfc, 0xff, 0xfd, 0xff, 0xfc, 0xff, 0xfb, 0xff,
    0xfb, 0xff, 0xfb, 0xff, 0xfb, 0xff, 0xfb, 0xff, 0xfb, 0xff, 0xfb, 0xff, 0xfb, 0xff, 0xfb, 0xff, 0xfb, 0xff, 0xfb, 0xff, 0xfb, 0xff, 0xfb, 0xff, 0xfb, 0xff, 0xfb, 0xff, 0xfb, 0xff, 0xfb, 0xff, 0xfb, 0xff, 0xfb, 0xff, 0xfb, 0xff, 0xfb, 0xff,
    0xfb, 0xff, 0xfb, 0xff, 0xfb, 0xff, 0xfb, 0xff, 0xfb, 0xff, 0xfb, 0xff, 0xfb, 0xff, 0xfb, 0xff, 0xfb, 0xff, 0xfb, 0xff, 0xfb, 0xff, 0xfb, 0xff, 0xfb, 0xff, 0xfb, 0xff, 0xfb, 0xff, 0xfb, 0xff, 0xfb, 0xff, 0xfb, 0xff, 0xfb, 0xff, 0xfb, 0xff,
    0xfb, 0xff, 0xfb, 0xff, 0xfb, 0xff, 0xfc, 0xff, 0xfc, 0xff, 0xd8, 0xde, 0x0e, 0x84, 0x03, 0x19, 0x00, 0x00, 0x00, 0x00, 0xc1, 0x20, 0x85, 0x82, 0x09, 0xe5, 0xe7, 0xab, 0x20, 0x08, 0x00, 0x00, 0x28, 0x42, 0xbe, 0xf7, 0xff, 0xff, 0xff, 0xff,
    0xff, 0xff, 0xff, 0xff, 0xff, 0xff, 0xff, 0xff, 0xff, 0xff, 0xff, 0xff, 0xff, 0xff, 0xff, 0xff, 0xff, 0xff, 0xff, 0xff, 0xff, 0xff, 0xff, 0xff, 0xff, 0xff, 0xff, 0xff, 0xff, 0xff, 0xff, 0xff, 0xff, 0xff, 0xff, 0xff, 0xff, 0xff, 0xff, 0xff,
    0xff, 0xff, 0xff, 0xff, 0xff, 0xff, 0xff, 0xff, 0xff, 0xff, 0xff, 0xff, 0xff, 0xff, 0xff, 0xff, 0xff, 0xff, 0xff, 0xff, 0xff, 0xff, 0xff, 0xff, 0xff, 0xff, 0xff, 0xff, 0xff, 0xff, 0xff, 0xff, 0xff, 0xff, 0xff, 0xff, 0xff, 0xff, 0xff, 0xff,
    0xff, 0xff, 0xff, 0xff, 0xff, 0xff, 0xdf, 0xff, 0xff, 0xff, 0x54, 0xad, 0x00, 0x00, 0x00, 0x00, 0x67, 0x73, 0x6f, 0xf7, 0x89, 0xac, 0xc3, 0x51, 0x41, 0x08, 0x00, 0x00, 0x00, 0x00, 0x82, 0x10, 0x69, 0x4a, 0xd1, 0x9c, 0xd8, 0xde, 0xfc, 0xff,
    0xfd, 0xff, 0xfc, 0xff, 0xfb, 0xff, 0xfa, 0xff, 0xfa, 0xff, 0xfb, 0xff, 0xfb, 0xff, 0xfa, 0xff, 0xfb, 0xff, 0xfa, 0xff, 0xfa, 0xff, 0xfb, 0xff, 0xfb, 0xff, 0xfb, 0xff, 0xfb, 0xff, 0xfb, 0xff, 0xfb, 0xff, 0xfa, 0xff, 0xfa, 0xff, 0xfa, 0xff,
    0xfa, 0xff, 0xfa, 0xff, 0xfb, 0xff, 0xfa, 0xff, 0xfb, 0xff, 0xfb, 0xff, 0xfb, 0xff, 0xfb, 0xff, 0xfb, 0xff, 0xfb, 0xff, 0xfb, 0xff, 0xfb, 0xff, 0xfa, 0xff, 0xfa, 0xff, 0xfa, 0xff, 0xfb, 0xff, 0xfb, 0xff, 0xfa, 0xff, 0xfb, 0xff, 0xfc, 0xff,
    0xfd, 0xff, 0xfc, 0xff, 0xd7, 0xde, 0xb0, 0x94, 0x07, 0x42, 0x00, 0x00, 0x00, 0x00, 0x00, 0x00, 0xa3, 0x51, 0x66, 0xab, 0x08, 0xf5, 0xa9, 0xfd, 0xa9, 0xfd, 0x2a, 0xfe, 0x08, 0xb4, 0x20, 0x00, 0x00, 0x00, 0x69, 0x4a, 0xff, 0xff, 0xff, 0xff,
    0xff, 0xff, 0xff, 0xff, 0xff, 0xff, 0xff, 0xff, 0xff, 0xff, 0xff, 0xff, 0xff, 0xff, 0xff, 0xff, 0xff, 0xff, 0xff, 0xff, 0xff, 0xff, 0xff, 0xff, 0xff, 0xff, 0xff, 0xff, 0xff, 0xff, 0xff, 0xff, 0xff, 0xff, 0xff, 0xff, 0xff, 0xff, 0xff, 0xff,
    0xff, 0xff, 0xff, 0xff, 0xff, 0xff, 0xff, 0xff, 0xff, 0xff, 0xff, 0xff, 0xff, 0xff, 0xff, 0xff, 0xff, 0xff, 0xff, 0xff, 0xff, 0xff, 0xff, 0xff, 0xff, 0xff, 0xff, 0xff, 0xff, 0xff, 0xff, 0xff, 0xff, 0xff, 0xff, 0xff, 0xff, 0xff, 0xff, 0xff,
    0xff, 0xff, 0xff, 0xff, 0xdf, 0xff, 0xff, 0xff, 0xd7, 0xbd, 0x20, 0x00, 0x00, 0x00, 0x26, 0x73, 0xce, 0xff, 0x0c, 0xff, 0x09, 0xfe, 0xc9, 0xfd, 0xe8, 0xdc, 0xc8, 0x93, 0xa9, 0x52, 0x81, 0x08, 0x00, 0x00, 0x00, 0x00, 0x00, 0x00, 0xa6, 0x31,
    0x2b, 0x63, 0x11, 0xa5, 0x96, 0xd6, 0xdb, 0xff, 0xfa, 0xff, 0xfa, 0xff, 0xfa, 0xff, 0xfa, 0xff, 0xfa, 0xff, 0xfa, 0xff, 0xfa, 0xff, 0xfb, 0xff, 0xfb, 0xff, 0xfb, 0xff, 0xfb, 0xff, 0xfb, 0xff, 0xfa, 0xff, 0xfa, 0xff, 0xfa, 0xff, 0xfa, 0xff,
    0xfa, 0xff, 0xfa, 0xff, 0xfa, 0xff, 0xfa, 0xff, 0xfb, 0xff, 0xfa, 0xff, 0xfb, 0xff, 0xfa, 0xff, 0xfb, 0xff, 0xfb, 0xff, 0xfb, 0xff, 0xfb, 0xff, 0xfb, 0xff, 0xfb, 0xff, 0xfa, 0xff, 0xfa, 0xff, 0xfa, 0xff, 0xfb, 0xff, 0xba, 0xf7, 0xf5, 0xbd,
    0x6c, 0x6b, 0x85, 0x31, 0x00, 0x00, 0x00, 0x00, 0x41, 0x08, 0xa3, 0x41, 0x26, 0x93, 0x88, 0xdc, 0x68, 0xfd, 0xa9, 0xfd, 0xa9, 0xfd, 0xa9, 0xfd, 0x89, 0xfd, 0x68, 0xfd, 0x0a, 0xfe, 0xa8, 0x9b, 0x00, 0x00, 0x00, 0x00, 0x2c, 0x63, 0xff, 0xff,
    0xdf, 0xff, 0xff, 0xff, 0xff, 0xff, 0xff, 0xff, 0xff, 0xff, 0xff, 0xff, 0xff, 0xff, 0xff, 0xff, 0xff, 0xff, 0xff, 0xff, 0xff, 0xff, 0xff, 0xff, 0xff, 0xff, 0xff, 0xff, 0xff, 0xff, 0xff, 0xff, 0xff, 0xff, 0xff, 0xff, 0xff, 0xff, 0xff, 0xff,
    0xff, 0xff, 0xff, 0xff, 0xff, 0xff, 0xff, 0xff, 0xff, 0xff, 0xff, 0xff, 0xff, 0xff, 0xff, 0xff, 0xff, 0xff, 0xff, 0xff, 0xff, 0xff, 0xff, 0xff, 0xff, 0xff, 0xff, 0xff, 0xff, 0xff, 0xff, 0xff, 0xff, 0xff, 0xff, 0xff, 0xff, 0xff, 0xff, 0xff,
    0xff, 0xff, 0xff, 0xff, 0xff, 0xff, 0x99, 0xd6, 0xa2, 0x10, 0x00, 0x00, 0xe6, 0x62, 0xcf, 0xff, 0x2d, 0xff, 0xa8, 0xfd, 0x67, 0xfd, 0x88, 0xfd, 0xa8, 0xfd, 0xf0, 0xfe, 0xfc, 0xff, 0x3a, 0xe7, 0xd5, 0xbd, 0x0e, 0x84, 0x89, 0x52, 0x24, 0x21,
    0x20, 0x00, 0x00, 0x00, 0xa2, 0x10, 0x2b, 0x63, 0x59, 0xef, 0xfa, 0xff, 0xfa, 0xff, 0xfa, 0xff, 0xfb, 0xff, 0xda, 0xff, 0x57, 0xff, 0x57, 0xff, 0x77, 0xff, 0x98, 0xff, 0xb9, 0xff, 0xb9, 0xff, 0xfa, 0xff, 0xd9, 0xff, 0xd9, 0xff, 0xd9, 0xff,
    0xd9, 0xff, 0xd9, 0xff, 0xd9, 0xff, 0xd9, 0xff, 0xb9, 0xff, 0x98, 0xff, 0x98, 0xff, 0xb9, 0xff, 0xb9, 0xff, 0x99, 0xff, 0x99, 0xff, 0x98, 0xff, 0x78, 0xff, 0x57, 0xff, 0x98, 0xff, 0xd9, 0xff, 0xfa, 0xff, 0xb7, 0xd6, 0x8d, 0x73, 0xc6, 0x39,
    0xa5, 0x31, 0x69, 0x4a, 0x2e, 0x84, 0xf5, 0xbd, 0x17, 0xef, 0x6e, 0xfe, 0xa8, 0xfd, 0x88, 0xfd, 0x88, 0xfd, 0x88, 0xfd, 0x89, 0xfd, 0x89, 0xfd, 0x89, 0xfd, 0x89, 0xfd, 0x88, 0xfd, 0x0a, 0xfe, 0x67, 0x8b, 0x20, 0x00, 0x00, 0x00, 0x71, 0x8c,
    0xff, 0xff, 0xdf, 0xff, 0xff, 0xff, 0xff, 0xff, 0xff, 0xff, 0xff, 0xff, 0xff, 0xff, 0xff, 0xff, 0xff, 0xff, 0xff, 0xff, 0xff, 0xff, 0xff, 0xff, 0xff, 0xff, 0xff, 0xff, 0xff, 0xff, 0xff, 0xff, 0xff, 0xff, 0xff, 0xff, 0xff, 0xff, 0xff, 0xff,
    0xff, 0xff, 0xff, 0xff, 0xff, 0xff, 0xff, 0xff, 0xff, 0xff, 0xff, 0xff, 0xff, 0xff, 0xff, 0xff, 0xff, 0xff, 0xff, 0xff, 0xff, 0xff, 0xff, 0xff, 0xff, 0xff, 0xff, 0xff, 0xff, 0xff, 0xff, 0xff, 0xff, 0xff, 0xff, 0xff, 0xff, 0xff, 0xff, 0xff,
    0xff, 0xff, 0xff, 0xff, 0x7d, 0xef, 0x04, 0x21, 0x00, 0x00, 0x05, 0x42, 0x8f, 0xff, 0x4d, 0xff, 0xc9, 0xfd, 0x68, 0xfd, 0x88, 0xfd, 0xa9, 0xfd, 0xca, 0xfd, 0xf4, 0xf6, 0xda, 0xff, 0xfc, 0xff, 0xfd, 0xff, 0xfd, 0xff, 0xfd, 0xff, 0xdb, 0xff,
    0x39, 0xe7, 0x97, 0xd6, 0x36, 0xc6, 0xd8, 0xde, 0xfa, 0xff, 0xfa, 0xff, 0xfb, 0xff, 0x58, 0xff, 0xf5, 0xfe, 0x37, 0xff, 0x16, 0xff, 0xd5, 0xfe, 0xd5, 0xfe, 0xb4, 0xfe, 0xb4, 0xfe, 0xb4, 0xfe, 0xd4, 0xfe, 0xb4, 0xfe, 0xb4, 0xfe, 0xb4, 0xfe,
    0xb4, 0xfe, 0xb4, 0xfe, 0xb4, 0xfe, 0xb4, 0xfe, 0xb4, 0xfe, 0xd4, 0xfe, 0xb4, 0xfe, 0xd5, 0xfe, 0xd5, 0xfe, 0xb4, 0xfe, 0xb4, 0xfe, 0x94, 0xfe, 0x93, 0xfe, 0xf5, 0xfe, 0xb8, 0xff, 0xfa, 0xff, 0xfa, 0xff, 0xda, 0xf7, 0x9a, 0xf7, 0xba, 0xf7,
    0xfc, 0xff, 0xfd, 0xff, 0xfd, 0xff, 0xfc, 0xff, 0x97, 0xff, 0xf4, 0xf6, 0xa9, 0xf5, 0x68, 0xfd, 0x89, 0xfd, 0x89, 0xfd, 0x89, 0xfd, 0x89, 0xfd, 0xa9, 0xfd, 0x89, 0xfd, 0x89, 0xfd, 0xc9, 0xfd, 0x49, 0xfd, 0x63, 0x59, 0x00, 0x00, 0x00, 0x00,
    0x17, 0xc6, 0xff, 0xff, 0xff, 0xff, 0xff, 0xff, 0xff, 0xff, 0xff, 0xff, 0xff, 0xff, 0xff, 0xff, 0xff, 0xff, 0xff, 0xff, 0xff, 0xff, 0xff, 0xff, 0xff, 0xff, 0xff, 0xff, 0xff, 0xff, 0xff, 0xff, 0xff, 0xff, 0xff, 0xff, 0xff, 0xff, 0xff, 0xff,
    0xff, 0xff, 0xff, 0xff, 0xff, 0xff, 0xff, 0xff, 0xff, 0xff, 0xff, 0xff, 0xff, 0xff, 0xff, 0xff, 0xff, 0xff, 0xff, 0xff, 0xff, 0xff, 0xff, 0xff, 0xff, 0xff, 0xff, 0xff, 0xff, 0xff, 0xff, 0xff, 0xff, 0xff, 0xff, 0xff, 0xff, 0xff, 0xff, 0xff,
    0xdf, 0xff, 0xff, 0xff, 0xaa, 0x52, 0x00, 0x00, 0xe2, 0x18, 0xee, 0xee, 0xaf, 0xff, 0x0a, 0xfe, 0x88, 0xfd, 0xa8, 0xfd, 0xa9, 0xfd, 0xc9, 0xfd, 0xa8, 0xfd, 0xf3, 0xfe, 0xfc, 0xff, 0xdb, 0xff, 0xfb, 0xff, 0xdb, 0xff, 0xfb, 0xff, 0xfb, 0xff,
    0xfc, 0xff, 0xfd, 0xff, 0xfd, 0xff, 0xfc, 0xff, 0xfb, 0xff, 0xfa, 0xff, 0xfa, 0xff, 0xfa, 0xff, 0x37, 0xff, 0x94, 0xfe, 0xd4, 0xfe, 0xd5, 0xfe, 0xb4, 0xfe, 0xb4, 0xfe, 0x94, 0xfe, 0x94, 0xfe, 0xb4, 0xfe, 0xb4, 0xfe, 0xb4, 0xfe, 0xb4, 0xfe,
    0xb4, 0xfe, 0x94, 0xfe, 0x94, 0xfe, 0xb4, 0xfe, 0x94, 0xfe, 0x94, 0xfe, 0x94, 0xfe, 0xb4, 0xfe, 0xb4, 0xfe, 0xb4, 0xfe, 0x93, 0xfe, 0xb4, 0xfe, 0x36, 0xff, 0xb9, 0xff, 0xfa, 0xff, 0xfa, 0xff, 0xfa, 0xff, 0xfb, 0xff, 0xfb, 0xff, 0xfb, 0xff,
    0xfb, 0xff, 0xfb, 0xff, 0xdb, 0xff, 0xfc, 0xff, 0xb1, 0xf6, 0x0c, 0xf6, 0xca, 0xfd, 0x89, 0xfd, 0x88, 0xfd, 0x89, 0xfd, 0xa9, 0xfd, 0xa8, 0xfd, 0x88, 0xfd, 0x89, 0xfd, 0xa9, 0xfd, 0xa7, 0xf4, 0x03, 0xf3, 0x04, 0xeb, 0x81, 0x20, 0x00, 0x00,
    0x24, 0x21, 0xbe, 0xf7, 0xff, 0xff, 0xff, 0xff, 0xff, 0xff, 0xff, 0xff, 0xff, 0xff, 0xff, 0xff, 0xff, 0xff, 0xff, 0xff, 0xff, 0xff, 0xff, 0xff, 0xff, 0xff, 0xff, 0xff, 0xff, 0xff, 0xff, 0xff, 0xff, 0xff, 0xff, 0xff, 0xff, 0xff, 0xff, 0xff,
    0xff, 0xff, 0xff, 0xff, 0xff, 0xff, 0xff, 0xff, 0xff, 0xff, 0xff, 0xff, 0xff, 0xff, 0xff, 0xff, 0xff, 0xff, 0xff, 0xff, 0xff, 0xff, 0xff, 0xff, 0xff, 0xff, 0xff, 0xff, 0xff, 0xff, 0xff, 0xff, 0xff, 0xff, 0xff, 0xff, 0xff, 0xff, 0xdf, 0xff,
    0xff, 0xff, 0x91, 0x94, 0x00, 0x00, 0x20, 0x00, 0x05, 0xb3, 0x8a, 0xfd, 0x4b, 0xf6, 0x09, 0xfe, 0xc9, 0xfd, 0xc9, 0xfd, 0xc9, 0xfd, 0xa9, 0xfd, 0xa9, 0xfd, 0x0c, 0xfe, 0xba, 0xff, 0xfc, 0xff, 0xfb, 0xff, 0xfb, 0xff, 0xfb, 0xff, 0xfb, 0xff,
    0xfb, 0xff, 0xfb, 0xff, 0xfb, 0xff, 0xfb, 0xff, 0xfb, 0xff, 0xfa, 0xff, 0xfa, 0xff, 0xfb, 0xff, 0xfb, 0xff, 0xb9, 0xff, 0x16, 0xff, 0xd5, 0xfe, 0x94, 0xfe, 0x94, 0xfe, 0xb4, 0xfe, 0xb4, 0xfe, 0xb4, 0xfe, 0xb4, 0xfe, 0x94, 0xfe, 0xb4, 0xfe,
    0xb4, 0xfe, 0xb4, 0xfe, 0xb4, 0xfe, 0xb4, 0xfe, 0xb4, 0xfe, 0xb4, 0xfe, 0xb4, 0xfe, 0xb4, 0xfe, 0xb4, 0xfe, 0xb4, 0xfe, 0x16, 0xff, 0x98, 0xff, 0xfa, 0xff, 0xfa, 0xff, 0xfa, 0xff, 0xfa, 0xff, 0xfa, 0xff, 0xfb, 0xff, 0xfb, 0xff, 0xfb, 0xff,
    0xfb, 0xff, 0xfb, 0xff, 0xfb, 0xff, 0xfc, 0xff, 0x56, 0xf7, 0xcb, 0xf5, 0xa9, 0xfd, 0xa9, 0xfd, 0x89, 0xfd, 0x89, 0xfd, 0xa9, 0xfd, 0xa9, 0xfd, 0xa9, 0xfd, 0xc9, 0xfd, 0x46, 0xf4, 0x24, 0xf3, 0x03, 0xf3, 0x44, 0xfb, 0xa5, 0xba, 0x41, 0x00,
    0x00, 0x00, 0xae, 0x73, 0xff, 0xff, 0xff, 0xff, 0xff, 0xff, 0xff, 0xff, 0xff, 0xff, 0xff, 0xff, 0xff, 0xff, 0xff, 0xff, 0xff, 0xff, 0xff, 0xff, 0xff, 0xff, 0xff, 0xff, 0xff, 0xff, 0xff, 0xff, 0xff, 0xff, 0xff, 0xff, 0xff, 0xff, 0xff, 0xff,
    0xff, 0xff, 0xff, 0xff, 0xff, 0xff, 0xff, 0xff, 0xff, 0xff, 0xff, 0xff, 0xff, 0xff, 0xff, 0xff, 0xff, 0xff, 0xff, 0xff, 0xff, 0xff, 0xff, 0xff, 0xff, 0xff, 0xff, 0xff, 0xff, 0xff, 0xff, 0xff, 0xff, 0xff, 0xff, 0xff, 0xff, 0xff, 0xff, 0xff,
    0xfb, 0xde, 0x61, 0x08, 0x00, 0x00, 0xa3, 0x69, 0xa5, 0xfb, 0x03, 0xf3, 0x85, 0xf3, 0xe8, 0xf4, 0x09, 0xfe, 0xe9, 0xfd, 0xc9, 0xfd, 0xa9, 0xfd, 0xa9, 0xfd, 0xea, 0xfd, 0x15, 0xf7, 0xdb, 0xff, 0xfb, 0xff, 0xfb, 0xff, 0xfb, 0xff, 0xfc, 0xff,
    0xfc, 0xff, 0xfc, 0xff, 0xfc, 0xff, 0xfc, 0xff, 0xfb, 0xff, 0xfb, 0xff, 0xfb, 0xff, 0xfb, 0xff, 0xfa, 0xff, 0xfb, 0xff, 0xfa, 0xff, 0xd9, 0xff, 0x57, 0xff, 0xf5, 0xfe, 0xd4, 0xfe, 0xd4, 0xfe, 0xd4, 0xfe, 0xd4, 0xfe, 0xb4, 0xfe, 0xb4, 0xfe,
    0xb4, 0xfe, 0xb4, 0xfe, 0xd4, 0xfe, 0xb4, 0xfe, 0xb3, 0xfe, 0xb3, 0xfe, 0xb4, 0xfe, 0xd5, 0xfe, 0x16, 0xff, 0x99, 0xff, 0xfa, 0xff, 0xfa, 0xff, 0xfa, 0xff, 0xfa, 0xff, 0xfa, 0xff, 0xfa, 0xff, 0xfb, 0xff, 0xfb, 0xff, 0xfb, 0xff, 0xfb, 0xff,
    0xfb, 0xff, 0xfc, 0xff, 0xfc, 0xff, 0xfb, 0xff, 0xfc, 0xff, 0x36, 0xf7, 0xa9, 0xfd, 0xc9, 0xfd, 0xa9, 0xfd, 0xa9, 0xfd, 0xa9, 0xfd, 0xc9, 0xfd, 0x89, 0xfd, 0x26, 0xf4, 0x44, 0xf3, 0x24, 0xfb, 0x24, 0xfb, 0x03, 0xf3, 0x85, 0xfb, 0xa3, 0x71,
    0x00, 0x00, 0x20, 0x00, 0x79, 0xce, 0xff, 0xff, 0xff, 0xff, 0xff, 0xff, 0xff, 0xff, 0xff, 0xff, 0xff, 0xff, 0xff, 0xff, 0xff, 0xff, 0xff, 0xff, 0xff, 0xff, 0xff, 0xff, 0xff, 0xff, 0xff, 0xff, 0xff, 0xff, 0xff, 0xff, 0xff, 0xff, 0xff, 0xff,
    0xff, 0xff, 0xff, 0xff, 0xff, 0xff, 0xff, 0xff, 0xff, 0xff, 0xff, 0xff, 0xff, 0xff, 0xff, 0xff, 0xff, 0xff, 0xff, 0xff, 0xff, 0xff, 0xff, 0xff, 0xff, 0xff, 0xff, 0xff, 0xff, 0xff, 0xff, 0xff, 0xff, 0xff, 0xff, 0xff, 0xff, 0xff, 0xff, 0xff,
    0x48, 0x4a, 0x00, 0x00, 0xc2, 0x28, 0x86, 0xf3, 0x64, 0xfb, 0x44, 0xfb, 0x64, 0xfb, 0x44, 0xf3, 0xa7, 0xf4, 0xe9, 0xfd, 0xc9, 0xfd, 0xa9, 0xfd, 0xa9, 0xfd, 0xa8, 0xfd, 0x2d, 0xf6, 0x77, 0xf7, 0xfb, 0xff, 0xfb, 0xff, 0xfb, 0xff, 0xfc, 0xff,
    0xfc, 0xff, 0xfc, 0xff, 0xfb, 0xff, 0xfb, 0xff, 0xfb, 0xff, 0xfb, 0xff, 0xfb, 0xff, 0xfa, 0xff, 0xfb, 0xff, 0xfb, 0xff, 0xfb, 0xff, 0xfb, 0xff, 0xfc, 0xff, 0xfb, 0xff, 0xba, 0xff, 0x78, 0xff, 0x36, 0xff, 0xf5, 0xfe, 0xb4, 0xfe, 0xb4, 0xfe,
    0xb4, 0xfe, 0xb4, 0xfe, 0xd4, 0xfe, 0xf5, 0xfe, 0x16, 0xff, 0x57, 0xff, 0x98, 0xff, 0xda, 0xff, 0xfa, 0xff, 0xfb, 0xff, 0xfa, 0xff, 0xfa, 0xff, 0xfa, 0xff, 0xfa, 0xff, 0xfa, 0xff, 0xfb, 0xff, 0xfb, 0xff, 0xfc, 0xff, 0xfb, 0xff, 0xfc, 0xff,
    0xfc, 0xff, 0xfc, 0xff, 0xfb, 0xff, 0xfb, 0xff, 0xfb, 0xff, 0xfc, 0xff, 0xb1, 0xfe, 0x88, 0xfd, 0xa9, 0xfd, 0x88, 0xfd, 0xa9, 0xfd, 0x88, 0xfd, 0xe5, 0xf3, 0x24, 0xf3, 0x44, 0xfb, 0x24, 0xfb, 0x24, 0xfb, 0x24, 0xf3, 0x44, 0xfb, 0x45, 0xeb,
    0x81, 0x20, 0x00, 0x00, 0x07, 0x42, 0xff, 0xff, 0xff, 0xff, 0xff, 0xff, 0xff, 0xff, 0xff, 0xff, 0xff, 0xff, 0xff, 0xff, 0xff, 0xff, 0xff, 0xff, 0xff, 0xff, 0xff, 0xff, 0xff, 0xff, 0xff, 0xff, 0xff, 0xff, 0xff, 0xff, 0xff, 0xff, 0xff, 0xff,
    0xff, 0xff, 0xff, 0xff, 0xff, 0xff, 0xff, 0xff, 0xff, 0xff, 0xff, 0xff, 0xff, 0xff, 0xff, 0xff, 0xff, 0xff, 0xff, 0xff, 0xff, 0xff, 0xff, 0xff, 0xff, 0xff, 0xff, 0xff, 0xff, 0xff, 0xff, 0xff, 0xff, 0xff, 0xff, 0xff, 0xff, 0xff, 0x34, 0xa5,
    0x00, 0x00, 0x20, 0x00, 0xa4, 0xb2, 0xa5, 0xfb, 0x44, 0xfb, 0x44, 0xfb, 0x44, 0xfb, 0x44, 0xfb, 0x03, 0xf3, 0x26, 0xf4, 0xc9, 0xfd, 0xa9, 0xfd, 0xa9, 0xfd, 0xa8, 0xfd, 0xa9, 0xfd, 0x91, 0xfe, 0xdb, 0xff, 0xfb, 0xff, 0xfb, 0xff, 0xfc, 0xff,
    0xfc, 0xff, 0xfb, 0xff, 0xfb, 0xff, 0xfb, 0xff, 0xfb, 0xff, 0xfb, 0xff, 0xfb, 0xff, 0xfb, 0xff, 0xfa, 0xff, 0xfb, 0xff, 0xfb, 0xff, 0xfb, 0xff, 0xfb, 0xff, 0xfb, 0xff, 0xfb, 0xff, 0xfb, 0xff, 0xfb, 0xff, 0xda, 0xff, 0x99, 0xff, 0x78, 0xff,
    0x78, 0xff, 0x57, 0xff, 0xb9, 0xff, 0xfa, 0xff, 0xfb, 0xff, 0xfb, 0xff, 0xfb, 0xff, 0xfb, 0xff, 0xfb, 0xff, 0xfb, 0xff, 0xfb, 0xff, 0xfb, 0xff, 0xfb, 0xff, 0xfb, 0xff, 0xfb, 0xff, 0xfb, 0xff, 0xfb, 0xff, 0xfc, 0xff, 0xfc, 0xff, 0xfc, 0xff,
    0xfc, 0xff, 0xfc, 0xff, 0xfb, 0xff, 0xfb, 0xff, 0xfb, 0xff, 0xfb, 0xff, 0xb9, 0xff, 0xca, 0xfd, 0x88, 0xfd, 0xa8, 0xfd, 0x27, 0xfd, 0xa5, 0xf3, 0x44, 0xfb, 0x24, 0xfb, 0x24, 0xfb, 0x24, 0xfb, 0x44, 0xfb, 0x44, 0xfb, 0x24, 0xf3, 0x44, 0xfb,
    0x24, 0x92, 0x00, 0x00, 0x00, 0x00, 0x75, 0xad, 0xff, 0xff, 0xff, 0xff, 0xff, 0xff, 0xff, 0xff, 0xff, 0xff, 0xff, 0xff, 0xff, 0xff, 0xff, 0xff, 0xff, 0xff, 0xff, 0xff, 0xff, 0xff, 0xff, 0xff, 0xff, 0xff, 0xff, 0xff, 0xff, 0xff, 0xff, 0xff,
    0xff, 0xff, 0xff, 0xff, 0xff, 0xff, 0xff, 0xff, 0xff, 0xff, 0xff, 0xff, 0xff, 0xff, 0xff, 0xff, 0xff, 0xff, 0xff, 0xff, 0xff, 0xff, 0xff, 0xff, 0xff, 0xff, 0xff, 0xff, 0xff, 0xff, 0xff, 0xff, 0xff, 0xff, 0xff, 0xff, 0xbe, 0xf7, 0x24, 0x21,
    0x00, 0x00, 0x22, 0x51, 0x85, 0xfb, 0x44, 0xfb, 0x44, 0xfb, 0x44, 0xfb, 0x44, 0xfb, 0x44, 0xfb, 0x24, 0xfb, 0xe3, 0xfa, 0x46, 0xf4, 0xc9, 0xfd, 0x88, 0xfd, 0x88, 0xfd, 0xa9, 0xfd, 0xca, 0xfd, 0xf4, 0xfe, 0xfc, 0xff, 0xfb, 0xff, 0xfc, 0xff,
    0xfc, 0xff, 0xfc, 0xff, 0xfc, 0xff, 0xfb, 0xff, 0xfb, 0xff, 0xfb, 0xff, 0xfb, 0xff, 0xfb, 0xff, 0xfa, 0xff, 0xfb, 0xff, 0xfb, 0xff, 0xfb, 0xff, 0xfb, 0xff, 0xfb, 0xff, 0xfb, 0xff, 0xfb, 0xff, 0xfb, 0xff, 0xfb, 0xff, 0xfb, 0xff, 0xfb, 0xff,
    0xfb, 0xff, 0xfb, 0xff, 0xfb, 0xff, 0xfb, 0xff, 0xfb, 0xff, 0xfb, 0xff, 0xfb, 0xff, 0xfb, 0xff, 0xfb, 0xff, 0xfc, 0xff, 0xfc, 0xff, 0xfb, 0xff, 0xfb, 0xff, 0xfb, 0xff, 0xfb, 0xff, 0xfb, 0xff, 0xfb, 0xff, 0xfb, 0xff, 0xfb, 0xff, 0xfc, 0xff,
    0xfc, 0xff, 0xfc, 0xff, 0xfc, 0xff, 0xfb, 0xff, 0xfb, 0xff, 0xfc, 0xff, 0xb9, 0xff, 0xa9, 0xfd, 0x88, 0xfd, 0x88, 0xfd, 0x05, 0xf4, 0x44, 0xf3, 0x44, 0xfb, 0x44, 0xfb, 0x64, 0xfb, 0x44, 0xfb, 0x24, 0xfb, 0x24, 0xfb, 0x24, 0xf3, 0xc5, 0xf3,
    0x8b, 0xf5, 0x23, 0x29, 0x00, 0x00, 0x85, 0x31, 0xff, 0xff, 0xff, 0xff, 0xff, 0xff, 0xff, 0xff, 0xff, 0xff, 0xff, 0xff, 0xff, 0xff, 0xff, 0xff, 0xff, 0xff, 0xff, 0xff, 0xff, 0xff, 0xff, 0xff, 0xff, 0xff, 0xff, 0xff, 0xff, 0xff, 0xff, 0xff,
    0xff, 0xff, 0xff, 0xff, 0xff, 0xff, 0xff, 0xff, 0xff, 0xff, 0xff, 0xff, 0xff, 0xff, 0xff, 0xff, 0xff, 0xff, 0xff, 0xff, 0xff, 0xff, 0xff, 0xff, 0xff, 0xff, 0xff, 0xff, 0xff, 0xff, 0xff, 0xff, 0xdf, 0xff, 0xff, 0xff, 0xb2, 0x94, 0x00, 0x00,
    0x41, 0x08, 0x0a, 0xcd, 0x67, 0xfc, 0x44, 0xf3, 0x44, 0xfb, 0x44, 0xfb, 0x64, 0xfb, 0x65, 0xfb, 0x24, 0xfb, 0x23, 0xfb, 0x23, 0xf3, 0xe7, 0xfc, 0xc8, 0xfd, 0x88, 0xfd, 0xca, 0xfd, 0xea, 0xfd, 0xd2, 0xfe, 0xfc, 0xff, 0xfb, 0xff, 0xfc, 0xff,
    0xfc, 0xff, 0xfc, 0xff, 0xfc, 0xff, 0xfb, 0xff, 0xfb, 0xff, 0xfb, 0xff, 0xfb, 0xff, 0xfb, 0xff, 0xfb, 0xff, 0xfb, 0xff, 0xfb, 0xff, 0xfb, 0xff, 0xfc, 0xff, 0xfc, 0xff, 0xfb, 0xff, 0xfb, 0xff, 0xfb, 0xff, 0xfb, 0xff, 0xfb, 0xff, 0xfb, 0xff,
    0xfb, 0xff, 0xfb, 0xff, 0xfb, 0xff, 0xfb, 0xff, 0xfb, 0xff, 0xfb, 0xff, 0xfb, 0xff, 0xfb, 0xff, 0xfc, 0xff, 0xfc, 0xff, 0xfb, 0xff, 0xfc, 0xff, 0xfc, 0xff, 0xfb, 0xff, 0xfb, 0xff, 0xfb, 0xff, 0xfb, 0xff, 0xfb, 0xff, 0xfc, 0xff, 0xfc, 0xff,
    0xfc, 0xff, 0xfb, 0xff, 0xfb, 0xff, 0xfb, 0xff, 0xda, 0xff, 0xfc, 0xff, 0x6f, 0xfe, 0x67, 0xfd, 0xa8, 0xfd, 0x07, 0xfd, 0xc5, 0xf3, 0x84, 0xf3, 0x23, 0xfb, 0x23, 0xfb, 0x23, 0xfb, 0x24, 0xfb, 0x64, 0xf3, 0x05, 0xf4, 0x28, 0xfd, 0xca, 0xfd,
    0x6b, 0xfe, 0xe8, 0xa3, 0x00, 0x00, 0x00, 0x00, 0xb6, 0xb5, 0xff, 0xff, 0xdf, 0xff, 0xff, 0xff, 0xff, 0xff, 0xff, 0xff, 0xff, 0xff, 0xff, 0xff, 0xff, 0xff, 0xff, 0xff, 0xff, 0xff, 0xff, 0xff, 0xff, 0xff, 0xff, 0xff, 0xff, 0xff, 0xff, 0xff,
    0xff, 0xff, 0xff, 0xff, 0xff, 0xff, 0xff, 0xff, 0xff, 0xff, 0xff, 0xff, 0xff, 0xff, 0xff, 0xff, 0xff, 0xff, 0xff, 0xff, 0xff, 0xff, 0xff, 0xff, 0xff, 0xff, 0xff, 0xff, 0xff, 0xff, 0xff, 0xff, 0xff, 0xff, 0x9d, 0xef, 0x03, 0x21, 0x00, 0x00,
    0xe6, 0x62, 0xef, 0xff, 0x0d, 0xf7, 0x49, 0xf5, 0x26, 0xfc, 0x84, 0xfb, 0x23, 0xfb, 0x03, 0xfb, 0x03, 0xfb, 0x03, 0xfb, 0xe2, 0xfa, 0xa6, 0xf4, 0xc9, 0xfd, 0xca, 0xfd, 0x0b, 0xfe, 0x4e, 0xf6, 0xda, 0xff, 0xfb, 0xff, 0xfb, 0xff, 0xfc, 0xff,
    0xfc, 0xff, 0xfc, 0xff, 0xfc, 0xff, 0xfc, 0xff, 0xfb, 0xff, 0xfb, 0xff, 0xfb, 0xff, 0xfb, 0xff, 0xfb, 0xff, 0xfb, 0xff, 0xfb, 0xff, 0xfb, 0xff, 0xfb, 0xff, 0xfc, 0xff, 0xfb, 0xff, 0xfb, 0xff, 0xfb, 0xff, 0xfb, 0xff, 0xfb, 0xff, 0xfb, 0xff,
    0xfb, 0xff, 0xfb, 0xff, 0xfb, 0xff, 0xfb, 0xff, 0xfb, 0xff, 0xfb, 0xff, 0xfb, 0xff, 0xfb, 0xff, 0xfc, 0xff, 0xfb, 0xff, 0xfb, 0xff, 0xfc, 0xff, 0xfc, 0xff, 0xfc, 0xff, 0xfc, 0xff, 0xfb, 0xff, 0xfb, 0xff, 0xfb, 0xff, 0xfc, 0xff, 0xfc, 0xff,
    0xfc, 0xff, 0xfb, 0xff, 0xfb, 0xff, 0xdb, 0xff, 0x36, 0xf7, 0x6e, 0xfe, 0xa8, 0xfd, 0xa8, 0xfd, 0xa8, 0xfd, 0x68, 0xfd, 0xc7, 0xf4, 0x26, 0xf4, 0x05, 0xf4, 0x46, 0xf4, 0x86, 0xf4, 0x28, 0xfd, 0x89, 0xfd, 0xc9, 0xfd, 0xea, 0xfd, 0xc9, 0xfd,
    0xc9, 0xfd, 0xea, 0xfd, 0x03, 0x29, 0x00, 0x00, 0x28, 0x42, 0xff, 0xff, 0xff, 0xff, 0xff, 0xff, 0xff, 0xff, 0xff, 0xff, 0xff, 0xff, 0xff, 0xff, 0xff, 0xff, 0xff, 0xff, 0xff, 0xff, 0xff, 0xff, 0xff, 0xff, 0xff, 0xff, 0xff, 0xff, 0xff, 0xff,
    0xff, 0xff, 0xff, 0xff, 0xff, 0xff, 0xff, 0xff, 0xff, 0xff, 0xff, 0xff, 0xff, 0xff, 0xff, 0xff, 0xff, 0xff, 0xff, 0xff, 0xff, 0xff, 0xff, 0xff, 0xff, 0xff, 0xff, 0xff, 0xff, 0xff, 0xdf, 0xff, 0xff, 0xff, 0x92, 0x94, 0x00, 0x00, 0x61, 0x08,
    0x2d, 0xde, 0x4d, 0xff, 0x2d, 0xff, 0x4a, 0xfe, 0xc9, 0xfd, 0x88, 0xfd, 0x07, 0xfd, 0x66, 0xfc, 0x25, 0xfc, 0x25, 0xf4, 0xa7, 0xfc, 0x89, 0xfd, 0xa9, 0xfd, 0x0b, 0xfe, 0xeb, 0xfd, 0x78, 0xff, 0xfc, 0xff, 0xfb, 0xff, 0xfc, 0xff, 0xfc, 0xff,
    0xfc, 0xff, 0xfc, 0xff, 0xfc, 0xff, 0xfb, 0xff, 0xfb, 0xff, 0xfb, 0xff, 0xfb, 0xff, 0xfb, 0xff, 0xfb, 0xff, 0xfa, 0xff, 0xfa, 0xff, 0xfb, 0xff, 0xfb, 0xff, 0xfb, 0xff, 0xfb, 0xff, 0xfb, 0xff, 0xfb, 0xff, 0xfb, 0xff, 0xfb, 0xff, 0xfb, 0xff,
    0xfc, 0xff, 0xfb, 0xff, 0xfb, 0xff, 0xfb, 0xff, 0xfb, 0xff, 0xfb, 0xff, 0xfb, 0xff, 0xfb, 0xff, 0xfb, 0xff, 0xfb, 0xff, 0xfc, 0xff, 0xfc, 0xff, 0xfc, 0xff, 0xfc, 0xff, 0xfc, 0xff, 0xfb, 0xff, 0xfb, 0xff, 0xfc, 0xff, 0xfc, 0xff, 0xfc, 0xff,
    0xfb, 0xff, 0xfb, 0xff, 0xfb, 0xff, 0xf3, 0xf6, 0x89, 0xfd, 0x87, 0xfd, 0xa8, 0xfd, 0xa8, 0xfd, 0xa8, 0xfd, 0xa8, 0xfd, 0xc9, 0xfd, 0xa9, 0xfd, 0xc9, 0xfd, 0xc9, 0xfd, 0xe9, 0xfd, 0xe9, 0xfd, 0xc9, 0xfd, 0xc9, 0xfd, 0xa9, 0xfd, 0xa9, 0xfd,
    0xa9, 0xfd, 0x6b, 0xfe, 0x88, 0x8b, 0x00, 0x00, 0x20, 0x00, 0x38, 0xc6, 0xff, 0xff, 0xff, 0xff, 0xff, 0xff, 0xff, 0xff, 0xff, 0xff, 0xff, 0xff, 0xff, 0xff, 0xff, 0xff, 0xff, 0xff, 0xff, 0xff, 0xff, 0xff, 0xff, 0xff, 0xff, 0xff, 0xff, 0xff,
    0xff, 0xff, 0xff, 0xff, 0xff, 0xff, 0xff, 0xff, 0xff, 0xff, 0xff, 0xff, 0xff, 0xff, 0xff, 0xff, 0xff, 0xff, 0xff, 0xff, 0xff, 0xff, 0xff, 0xff, 0xff, 0xff, 0xff, 0xff, 0xff, 0xff, 0xff, 0xff, 0xdf, 0xff, 0x85, 0x29, 0x00, 0x00, 0x65, 0x5a,
    0xaf, 0xff, 0x2d, 0xff, 0xab, 0xfe, 0xa9, 0xfd, 0xc9, 0xfd, 0xc9, 0xfd, 0xe9, 0xfd, 0xea, 0xfd, 0xe9, 0xfd, 0xe9, 0xfd, 0xc9, 0xfd, 0xa9, 0xfd, 0xa9, 0xfd, 0x88, 0xfd, 0x2d, 0xfe, 0xda, 0xff, 0xfb, 0xff, 0xfb, 0xff, 0xfb, 0xff, 0xfc, 0xff,
    0xfc, 0xff, 0xfc, 0xff, 0xfc, 0xff, 0xfc, 0xff, 0xfb, 0xff, 0xfb, 0xff, 0xfb, 0xff, 0xfb, 0xff, 0xfb, 0xff, 0xfa, 0xff, 0xfa, 0xff, 0xfb, 0xff, 0xfb, 0xff, 0xfb, 0xff, 0xfc, 0xff, 0xfb, 0xff, 0xfc, 0xff, 0xfc, 0xff, 0xfb, 0xff, 0xfb, 0xff,
    0xfb, 0xff, 0xfb, 0xff, 0xfb, 0xff, 0xfb, 0xff, 0xfb, 0xff, 0xfb, 0xff, 0xfb, 0xff, 0xfb, 0xff, 0xfb, 0xff, 0xfc, 0xff, 0xfc, 0xff, 0xfc, 0xff, 0xfc, 0xff, 0xfc, 0xff, 0xfc, 0xff, 0xfc, 0xff, 0xfb, 0xff, 0xfc, 0xff, 0xfc, 0xff, 0xfb, 0xff,
    0xfb, 0xff, 0xda, 0xff, 0x90, 0xf6, 0x68, 0xfd, 0x88, 0xfd, 0xa8, 0xfd, 0xa8, 0xfd, 0xa8, 0xfd, 0xa8, 0xfd, 0xa8, 0xfd, 0xa9, 0xfd, 0xa9, 0xfd, 0xa9, 0xfd, 0xa9, 0xfd, 0xa9, 0xfd, 0xa9, 0xfd, 0xc9, 0xfd, 0xa9, 0xfd, 0xc9, 0xfd, 0xe9, 0xfd,
    0xa9, 0xfd, 0x08, 0xfd, 0xe6, 0xe3, 0x61, 0x10, 0x00, 0x00, 0x2c, 0x63, 0xff, 0xff, 0xdf, 0xff, 0xff, 0xff, 0xff, 0xff, 0xff, 0xff, 0xff, 0xff, 0xff, 0xff, 0xff, 0xff, 0xff, 0xff, 0xff, 0xff, 0xff, 0xff, 0xff, 0xff, 0xff, 0xff, 0xff, 0xff,
    0xff, 0xff, 0xff, 0xff, 0xff, 0xff, 0xff, 0xff, 0xff, 0xff, 0xff, 0xff, 0xff, 0xff, 0xff, 0xff, 0xff, 0xff, 0xff, 0xff, 0xff, 0xff, 0xff, 0xff, 0xff, 0xff, 0xff, 0xff, 0xff, 0xff, 0xff, 0xff, 0xd7, 0xbd, 0x00, 0x00, 0x20, 0x00, 0x65, 0xc3,
    0x69, 0xfd, 0x8c, 0xf6, 0x2a, 0xfe, 0xe9, 0xfd, 0xc9, 0xfd, 0xc9, 0xfd, 0xc9, 0xfd, 0xa9, 0xfd, 0xa9, 0xfd, 0xa9, 0xfd, 0xa9, 0xfd, 0xa9, 0xfd, 0xa9, 0xfd, 0x88, 0xfd, 0x70, 0xfe, 0xfb, 0xff, 0xfa, 0xff, 0xfb, 0xff, 0xfb, 0xff, 0xfb, 0xff,
    0xfc, 0xff, 0xfc, 0xff, 0xfc, 0xff, 0xfc, 0xff, 0xfb, 0xff, 0xfc, 0xff, 0xfb, 0xff, 0xfb, 0xff, 0xfb, 0xff, 0xfb, 0xff, 0xfb, 0xff, 0xfb, 0xff, 0xfb, 0xff, 0xfb, 0xff, 0xfb, 0xff, 0xfc, 0xff, 0xfc, 0xff, 0xfc, 0xff, 0xfc, 0xff, 0xfc, 0xff,
    0xfc, 0xff, 0xfb, 0xff, 0xfb, 0xff, 0xfc, 0xff, 0xfb, 0xff, 0xfb, 0xff, 0xfb, 0xff, 0xfb, 0xff, 0xfc, 0xff, 0xfc, 0xff, 0xfb, 0xff, 0xfb, 0xff, 0xfc, 0xff, 0xfc, 0xff, 0xfc, 0xff, 0xfc, 0xff, 0xfc, 0xff, 0xfc, 0xff, 0xfc, 0xff, 0xfb, 0xff,
    0xfb, 0xff, 0xf3, 0xf6, 0x88, 0xfd, 0x68, 0xfd, 0x88, 0xfd, 0xa8, 0xfd, 0xa8, 0xfd, 0xa9, 0xfd, 0xa8, 0xfd, 0xa8, 0xfd, 0xa9, 0xfd, 0xa9, 0xfd, 0xa9, 0xfd, 0xa9, 0xfd, 0xa8, 0xfd, 0xa8, 0xfd, 0xc9, 0xfd, 0xe9, 0xfd, 0x89, 0xfd, 0xa7, 0xf4,
    0xc5, 0xf3, 0x24, 0xf3, 0x44, 0xfb, 0x83, 0x61, 0x00, 0x00, 0xe3, 0x18, 0x9e, 0xf7, 0xff, 0xff, 0xff, 0xff, 0xff, 0xff, 0xff, 0xff, 0xff, 0xff, 0xff, 0xff, 0xff, 0xff, 0xff, 0xff, 0xff, 0xff, 0xff, 0xff, 0xff, 0xff, 0xff, 0xff, 0xff, 0xff,
    0xff, 0xff, 0xff, 0xff, 0xff, 0xff, 0xff, 0xff, 0xff, 0xff, 0xff, 0xff, 0xff, 0xff, 0xff, 0xff, 0xff, 0xff, 0xff, 0xff, 0xff, 0xff, 0xff, 0xff, 0xff, 0xff, 0xff, 0xff, 0xff, 0xff, 0xff, 0xff, 0xca, 0x5a, 0x00, 0x00, 0x22, 0x41, 0xc5, 0xfb,
    0xa5, 0xf3, 0xe6, 0xf3, 0x26, 0xf4, 0x28, 0xfd, 0xc9, 0xfd, 0xe9, 0xfd, 0xc9, 0xfd, 0xc9, 0xfd, 0xa9, 0xfd, 0xa9, 0xfd, 0xa9, 0xfd, 0xa9, 0xfd, 0xa9, 0xfd, 0x88, 0xfd, 0x0d, 0xf6, 0xda, 0xff, 0xfd, 0xff, 0xfb, 0xff, 0xfb, 0xff, 0xfb, 0xff,
    0xfb, 0xff, 0xfb, 0xff, 0xfb, 0xff, 0xfc, 0xff, 0xfb, 0xff, 0xfb, 0xff, 0xfb, 0xff, 0xfb, 0xff, 0xfb, 0xff, 0xfb, 0xff, 0xfb, 0xff, 0xfb, 0xff, 0xfb, 0xff, 0xfb, 0xff, 0xfc, 0xff, 0xfc, 0xff, 0xfc, 0xff, 0xfc, 0xff, 0xfc, 0xff, 0xfc, 0xff,
    0xfc, 0xff, 0xfb, 0xff, 0xfb, 0xff, 0xfb, 0xff, 0xfb, 0xff, 0xfb, 0xff, 0xfb, 0xff, 0xfb, 0xff, 0xfb, 0xff, 0xfc, 0xff, 0xfb, 0xff, 0xfb, 0xff, 0xfb, 0xff, 0xfb, 0xff, 0xfc, 0xff, 0xfc, 0xff, 0xfc, 0xff, 0xfb, 0xff, 0xfb, 0xff, 0xfc, 0xff,
    0xb9, 0xff, 0xec, 0xf5, 0x88, 0xfd, 0x89, 0xfd, 0x88, 0xfd, 0xa9, 0xfd, 0xa8, 0xfd, 0xa8, 0xfd, 0xa8, 0xfd, 0xa8, 0xfd, 0xa8, 0xfd, 0xa8, 0xfd, 0xa8, 0xfd, 0xa8, 0xfd, 0xa8, 0xfd, 0xc9, 0xfd, 0xa8, 0xfd, 0xc7, 0xfc, 0x85, 0xf3, 0x03, 0xf3,
    0x03, 0xfb, 0x03, 0xf3, 0x43, 0xfb, 0x43, 0xb2, 0x00, 0x00, 0x00, 0x00, 0xd7, 0xbd, 0xff, 0xff, 0xff, 0xff, 0xff, 0xff, 0xff, 0xff, 0xff, 0xff, 0xff, 0xff, 0xff, 0xff, 0xff, 0xff, 0xff, 0xff, 0xff, 0xff, 0xff, 0xff, 0xff, 0xff, 0xff, 0xff,
    0xff, 0xff, 0xff, 0xff, 0xff, 0xff, 0xff, 0xff, 0xff, 0xff, 0xff, 0xff, 0xff, 0xff, 0xff, 0xff, 0xff, 0xff, 0xff, 0xff, 0xff, 0xff, 0xff, 0xff, 0xff, 0xff, 0xff, 0xff, 0xff, 0xff, 0x5c, 0xef, 0x81, 0x10, 0x00, 0x00, 0x23, 0x92, 0xc5, 0xfb,
    0x64, 0xfb, 0x64, 0xfb, 0x44, 0xfb, 0x64, 0xfb, 0x66, 0xf4, 0x48, 0xfd, 0xe9, 0xfd, 0xc9, 0xfd, 0xc9, 0xfd, 0x09, 0xfe, 0xc9, 0xfd, 0xa8, 0xfd, 0xa9, 0xfd, 0xa8, 0xfd, 0xa9, 0xfd, 0x70, 0xfe, 0xf4, 0xfe, 0x78, 0xf7, 0xfb, 0xff, 0xfb, 0xff,
    0xfb, 0xff, 0xfb, 0xff, 0xfb, 0xff, 0xfb, 0xff, 0xfb, 0xff, 0xfb, 0xff, 0xfb, 0xff, 0xfb, 0xff, 0xfb, 0xff, 0xfb, 0xff, 0xfb, 0xff, 0xfb, 0xff, 0xfb, 0xff, 0xfb, 0xff, 0xfc, 0xff, 0xfc, 0xff, 0xfc, 0xff, 0xfc, 0xff, 0xfc, 0xff, 0xfc, 0xff,
    0xfb, 0xff, 0xfb, 0xff, 0xfb, 0xff, 0xfb, 0xff, 0xfb, 0xff, 0xfb, 0xff, 0xfb, 0xff, 0xfb, 0xff, 0xfb, 0xff, 0xfb, 0xff, 0xfb, 0xff, 0xfb, 0xff, 0xfb, 0xff, 0xfb, 0xff, 0xfb, 0xff, 0xfb, 0xff, 0xfb, 0xff, 0xfb, 0xff, 0xfb, 0xff, 0xfb, 0xff,
    0xfb, 0xff, 0x6f, 0xfe, 0xa9, 0xfd, 0xa9, 0xfd, 0xa9, 0xfd, 0xa9, 0xfd, 0xa8, 0xfd, 0xa8, 0xfd, 0xa8, 0xfd, 0xa8, 0xfd, 0xc9, 0xfd, 0x09, 0xfe, 0xa9, 0xfd, 0xc9, 0xfd, 0xc9, 0xfd, 0xc7, 0xfc, 0xa5, 0xfb, 0x24, 0xfb, 0x24, 0xfb, 0x29, 0xf4,
    0x6b, 0xf4, 0x4a, 0xf4, 0xc7, 0xf3, 0x0a, 0xe4, 0xc6, 0x39, 0x82, 0x10, 0x6d, 0x6b, 0xff, 0xff, 0xdf, 0xff, 0xff, 0xff, 0xff, 0xff, 0xde, 0xff, 0xde, 0xff, 0xff, 0xff, 0xff, 0xff, 0xff, 0xff, 0xdf, 0xff, 0xdf, 0xff, 0xff, 0xff, 0xff, 0xff,
    0xff, 0xff, 0xff, 0xff, 0xff, 0xff, 0xff, 0xff, 0xff, 0xff, 0xff, 0xff, 0xff, 0xff, 0xff, 0xff, 0xff, 0xff, 0xff, 0xff, 0xff, 0xff, 0xff, 0xff, 0xff, 0xff, 0xdf, 0xff, 0xff, 0xff, 0x34, 0xa5, 0x00, 0x00, 0x40, 0x08, 0x05, 0xdb, 0xa5, 0xfb,
    0x64, 0xfb, 0x64, 0xfb, 0x44, 0xfb, 0x44, 0xfb, 0xe5, 0xf3, 0x06, 0xf4, 0x28, 0xfd, 0xc9, 0xfd, 0xc9, 0xfd, 0x07, 0xac, 0x88, 0xf5, 0xc8, 0xfd, 0xa8, 0xfd, 0xa8, 0xfd, 0xa8, 0xfd, 0x87, 0xfd, 0x89, 0xfd, 0x56, 0xff, 0xfc, 0xff, 0xfb, 0xff,
    0xfb, 0xff, 0xfb, 0xff, 0xfb, 0xff, 0xfb, 0xff, 0xfb, 0xff, 0xfb, 0xff, 0xfb, 0xff, 0xfb, 0xff, 0xfb, 0xff, 0xfb, 0xff, 0xfb, 0xff, 0xfb, 0xff, 0xfb, 0xff, 0xfb, 0xff, 0xfc, 0xff, 0xfc, 0xff, 0xfc, 0xff, 0xfc, 0xff, 0xfc, 0xff, 0xfc, 0xff,
    0xfb, 0xff, 0xfb, 0xff, 0xfb, 0xff, 0xfb, 0xff, 0xfb, 0xff, 0xfb, 0xff, 0xfb, 0xff, 0xfb, 0xff, 0xfb, 0xff, 0xfb, 0xff, 0xfb, 0xff, 0xfb, 0xff, 0xfb, 0xff, 0xfb, 0xff, 0xfb, 0xff, 0xfc, 0xff, 0xfb, 0xff, 0xfc, 0xff, 0xfb, 0xff, 0xfb, 0xff,
    0xfc, 0xff, 0xd2, 0xfe, 0xa8, 0xfd, 0xa9, 0xfd, 0xa8, 0xfd, 0xa8, 0xfd, 0xa8, 0xfd, 0xa8, 0xfd, 0xa8, 0xfd, 0xc8, 0xfd, 0x08, 0xdd, 0xa7, 0xa3, 0xe9, 0xfd, 0xc9, 0xfd, 0xe7, 0xf4, 0x64, 0xf3, 0x84, 0xf3, 0x64, 0xfb, 0x23, 0xfb, 0x8c, 0xf4,
    0x71, 0xf5, 0x50, 0xf5, 0xe8, 0xeb, 0x50, 0xfd, 0x2f, 0x9c, 0xcb, 0x52, 0x65, 0x29, 0xdf, 0xff, 0xdf, 0xff, 0xff, 0xff, 0xde, 0xff, 0xde, 0xff, 0xdf, 0xff, 0xde, 0xff, 0xde, 0xff, 0xde, 0xff, 0xdf, 0xff, 0xdf, 0xff, 0xff, 0xff, 0xff, 0xff,
    0xff, 0xff, 0xff, 0xff, 0xff, 0xff, 0xff, 0xff, 0xff, 0xff, 0xff, 0xff, 0xff, 0xff, 0xff, 0xff, 0xff, 0xff, 0xff, 0xff, 0xff, 0xff, 0xff, 0xff, 0xff, 0xff, 0xff, 0xff, 0xff, 0xff, 0xca, 0x5a, 0x00, 0x00, 0xe2, 0x38, 0x85, 0xfb, 0x43, 0xfb,
    0x44, 0xfb, 0x44, 0xfb, 0x43, 0xfb, 0x23, 0xfb, 0x63, 0xfb, 0xa4, 0xf3, 0x46, 0xf4, 0x2a, 0xfe, 0x47, 0xbc, 0x41, 0x08, 0x69, 0xed, 0xc8, 0xfd, 0xa8, 0xfd, 0xc8, 0xfd, 0xc8, 0xfd, 0xc9, 0xfd, 0xcb, 0xfd, 0x98, 0xff, 0xfc, 0xff, 0xfb, 0xff,
    0xfb, 0xff, 0xfb, 0xff, 0xfb, 0xff, 0xfb, 0xff, 0xfb, 0xff, 0xfb, 0xff, 0xfb, 0xff, 0xfb, 0xff, 0xfb, 0xff, 0xfb, 0xff, 0xfb, 0xff, 0xfb, 0xff, 0xfb, 0xff, 0xfb, 0xff, 0xfc, 0xff, 0xfc, 0xff, 0xfc, 0xff, 0xfc, 0xff, 0xfb, 0xff, 0xfb, 0xff,
    0xfb, 0xff, 0xfb, 0xff, 0xfb, 0xff, 0xfb, 0xff, 0xfb, 0xff, 0xfb, 0xff, 0xfb, 0xff, 0xfb, 0xff, 0xfb, 0xff, 0xfb, 0xff, 0xfb, 0xff, 0xfb, 0xff, 0xfb, 0xff, 0xfb, 0xff, 0xfb, 0xff, 0xfb, 0xff, 0xfb, 0xff, 0xfc, 0xff, 0xfb, 0xff, 0xfb, 0xff,
    0xfc, 0xff, 0x78, 0xff, 0xca, 0xfd, 0xc9, 0xfd, 0xa9, 0xfd, 0xa8, 0xfd, 0xa8, 0xfd, 0xa8, 0xfd, 0x88, 0xfd, 0xe9, 0xfd, 0x88, 0xc4, 0x00, 0x00, 0xc8, 0xd4, 0x09, 0xfe, 0xe7, 0xf4, 0x84, 0xeb, 0x64, 0xf3, 0x24, 0xfb, 0xe2, 0xfa, 0x8c, 0xfc,
    0x0e, 0xf5, 0x0f, 0xf5, 0xc8, 0xf3, 0x4f, 0xfd, 0x0e, 0xa4, 0xaa, 0x4a, 0x24, 0x21, 0x9e, 0xf7, 0xff, 0xff, 0xdf, 0xff, 0xff, 0xff, 0xde, 0xff, 0xdf, 0xff, 0xde, 0xff, 0xde, 0xff, 0xde, 0xff, 0xbe, 0xf7, 0xdf, 0xff, 0xff, 0xff, 0xff, 0xff,
    0xff, 0xff, 0xff, 0xff, 0xff, 0xff, 0xff, 0xff, 0xff, 0xff, 0xff, 0xff, 0xff, 0xff, 0xff, 0xff, 0xff, 0xff, 0xff, 0xff, 0xff, 0xff, 0xff, 0xff, 0xff, 0xff, 0xff, 0xff, 0xde, 0xff, 0x03, 0x21, 0x00, 0x00, 0xc5, 0x7a, 0xa6, 0xfc, 0xa4, 0xf3,
    0x83, 0xfb, 0x63, 0xfb, 0x63, 0xfb, 0xa4, 0xf3, 0x26, 0xf4, 0x46, 0xf4, 0x48, 0xfd, 0x2a, 0xfe, 0x24, 0x62, 0x02, 0x29, 0x2a, 0xfe, 0xc8, 0xfd, 0xc8, 0xfd, 0xa8, 0xfd, 0xa9, 0xfd, 0xa9, 0xfd, 0xec, 0xf5, 0xb9, 0xff, 0xfc, 0xff, 0xfb, 0xff,
    0xfb, 0xff, 0xfb, 0xff, 0xfb, 0xff, 0xfb, 0xff, 0xfb, 0xff, 0xfb, 0xff, 0xfb, 0xff, 0xfb, 0xff, 0xfb, 0xff, 0xfb, 0xff, 0xfb, 0xff, 0xfb, 0xff, 0xfb, 0xff, 0xfb, 0xff, 0xfb, 0xff, 0xfc, 0xff, 0xfc, 0xff, 0xfc, 0xff, 0xfc, 0xff, 0xfb, 0xff,
    0xfb, 0xff, 0xfb, 0xff, 0xfb, 0xff, 0xfb, 0xff, 0xfb, 0xff, 0xfb, 0xff, 0xfb, 0xff, 0xfb, 0xff, 0xfb, 0xff, 0xfb, 0xff, 0xfb, 0xff, 0xfb, 0xff, 0xfb, 0xff, 0xfb, 0xff, 0xfb, 0xff, 0xfb, 0xff, 0xfb, 0xff, 0xfc, 0xff, 0xfb, 0xff, 0xfb, 0xff,
    0xfb, 0xff, 0xfb, 0xff, 0x6e, 0xfe, 0xa8, 0xfd, 0xc9, 0xfd, 0xa8, 0xfd, 0xa9, 0xfd, 0xa8, 0xfd, 0x88, 0xfd, 0xa8, 0xfd, 0x89, 0xf5, 0x41, 0x08, 0xc4, 0x7a, 0x29, 0xfe, 0xc9, 0xfd, 0x68, 0xfd, 0x86, 0xf4, 0x25, 0xf4, 0xe4, 0xf3, 0x8a, 0xf4,
    0x2e, 0xf5, 0xed, 0xf4, 0x28, 0xec, 0x33, 0xfe, 0x2f, 0xcd, 0xc7, 0x39, 0x49, 0x4a, 0xfb, 0xde, 0xff, 0xff, 0xde, 0xf7, 0xff, 0xff, 0xdf, 0xff, 0xdf, 0xff, 0xde, 0xff, 0xde, 0xff, 0xde, 0xff, 0xde, 0xff, 0xdf, 0xff, 0xff, 0xff, 0xff, 0xff,
    0xff, 0xff, 0xff, 0xff, 0xff, 0xff, 0xff, 0xff, 0xff, 0xff, 0xff, 0xff, 0xff, 0xff, 0xff, 0xff, 0xff, 0xff, 0xff, 0xff, 0xff, 0xff, 0xff, 0xff, 0xff, 0xff, 0xff, 0xff, 0x9a, 0xd6, 0x20, 0x00, 0x00, 0x00, 0x89, 0xbc, 0x4a, 0xfe, 0xa9, 0xfd,
    0xa8, 0xfd, 0x68, 0xfd, 0x48, 0xfd, 0x48, 0xfd, 0x68, 0xfd, 0xc9, 0xfd, 0xa9, 0xfd, 0xaa, 0xfd, 0x81, 0x18, 0x04, 0x52, 0x2a, 0xfe, 0xa8, 0xfd, 0xc8, 0xfd, 0xa8, 0xfd, 0xa9, 0xfd, 0xa9, 0xfd, 0x4f, 0xf6, 0xfb, 0xff, 0xfb, 0xff, 0xfb, 0xff,
    0xfb, 0xff, 0xfb, 0xff, 0xfb, 0xff, 0xfb, 0xff, 0xfb, 0xff, 0xfb, 0xff, 0xfb, 0xff, 0xfb, 0xff, 0xfb, 0xff, 0xfb, 0xff, 0xfb, 0xff, 0xfb, 0xff, 0xfb, 0xff, 0xfb, 0xff, 0xfb, 0xff, 0xfb, 0xff, 0xfc, 0xff, 0xfc, 0xff, 0xfb, 0xff, 0xfb, 0xff,
    0xfc, 0xff, 0xfc, 0xff, 0xfb, 0xff, 0xfb, 0xff, 0xfb, 0xff, 0xfb, 0xff, 0xfb, 0xff, 0xfb, 0xff, 0xfb, 0xff, 0xfb, 0xff, 0xfb, 0xff, 0xfb, 0xff, 0xfb, 0xff, 0xfb, 0xff, 0xfb, 0xff, 0xfb, 0xff, 0xfc, 0xff, 0xfb, 0xff, 0xfb, 0xff, 0xfc, 0xff,
    0xfb, 0xff, 0xfc, 0xff, 0xb1, 0xf6, 0xc8, 0xfd, 0xc9, 0xfd, 0xc9, 0xfd, 0xc9, 0xfd, 0x88, 0xfd, 0x88, 0xfd, 0x88, 0xfd, 0xc9, 0xfd, 0xe2, 0x28, 0x22, 0x29, 0xe9, 0xfd, 0xa8, 0xfd, 0xc9, 0xfd, 0xe9, 0xfd, 0xe9, 0xfd, 0xc9, 0xfd, 0x4f, 0xfe,
    0x71, 0xfe, 0x71, 0xfe, 0xec, 0xf5, 0x4f, 0xfe, 0x51, 0xf6, 0x07, 0x42, 0x24, 0x21, 0x30, 0x84, 0xff, 0xff, 0xbe, 0xf7, 0xdf, 0xff, 0xdf, 0xff, 0xdf, 0xff, 0xdf, 0xff, 0xdf, 0xff, 0xdf, 0xff, 0xdf, 0xff, 0xdf, 0xff, 0xff, 0xff, 0xff, 0xff,
    0xff, 0xff, 0xff, 0xff, 0xff, 0xff, 0xff, 0xff, 0xff, 0xff, 0xff, 0xff, 0xff, 0xff, 0xff, 0xff, 0xff, 0xff, 0xff, 0xff, 0xff, 0xff, 0xff, 0xff, 0xdf, 0xff, 0xff, 0xff, 0x34, 0xa5, 0x00, 0x00, 0x81, 0x10, 0x69, 0xed, 0xe9, 0xfd, 0xc9, 0xfd,
    0xc9, 0xfd, 0xe9, 0xfd, 0xc9, 0xfd, 0xc9, 0xfd, 0xc9, 0xfd, 0xa9, 0xfd, 0xc9, 0xfd, 0xa8, 0xd4, 0x00, 0x00, 0x86, 0x93, 0x29, 0xfe, 0xa8, 0xfd, 0xc8, 0xfd, 0xa8, 0xfd, 0xc9, 0xfd, 0xc9, 0xfd, 0xd2, 0xf6, 0xfc, 0xff, 0xfb, 0xff, 0xfb, 0xff,
    0xfb, 0xff, 0xfb, 0xff, 0xfb, 0xff, 0xfb, 0xff, 0xfb, 0xff, 0xfb, 0xff, 0xfb, 0xff, 0xfb, 0xff, 0xfb, 0xff, 0xfb, 0xff, 0xfb, 0xff, 0xfb, 0xff, 0xfb, 0xff, 0xfb, 0xff, 0xfc, 0xff, 0xfc, 0xff, 0xfc, 0xff, 0xfc, 0xff, 0xfb, 0xff, 0xfc, 0xff,
    0xfc, 0xff, 0xfc, 0xff, 0xfb, 0xff, 0xfb, 0xff, 0xfb, 0xff, 0xfb, 0xff, 0xfb, 0xff, 0xfb, 0xff, 0xfb, 0xff, 0xfb, 0xff, 0xfb, 0xff, 0xfb, 0xff, 0xfb, 0xff, 0xfb, 0xff, 0xfb, 0xff, 0xfb, 0xff, 0xfb, 0xff, 0xfc, 0xff, 0xfc, 0xff, 0xfb, 0xff,
    0xfb, 0xff, 0xfc, 0xff, 0x13, 0xff, 0xa8, 0xfd, 0xc9, 0xfd, 0xc9, 0xfd, 0xca, 0xfd, 0xa9, 0xfd, 0x88, 0xfd, 0x68, 0xfd, 0xe9, 0xfd, 0x24, 0x5a, 0x20, 0x00, 0x69, 0xed, 0xc8, 0xfd, 0xc8, 0xfd, 0xc9, 0xfd, 0xc9, 0xfd, 0xc9, 0xfd, 0xa8, 0xfd,
    0xa8, 0xfd, 0x88, 0xfd, 0xa8, 0xfd, 0x88, 0xfd, 0xa9, 0xfd, 0x63, 0x41, 0x00, 0x00, 0xaa, 0x52, 0xff, 0xff, 0xff, 0xff, 0xff, 0xff, 0xff, 0xff, 0xff, 0xff, 0xff, 0xff, 0xff, 0xff, 0xff, 0xff, 0xff, 0xff, 0xff, 0xff, 0xff, 0xff, 0xff, 0xff,
    0xff, 0xff, 0xff, 0xff, 0xff, 0xff, 0xff, 0xff, 0xff, 0xff, 0xff, 0xff, 0xff, 0xff, 0xff, 0xff, 0xff, 0xff, 0xff, 0xff, 0xff, 0xff, 0xff, 0xff, 0xdf, 0xff, 0xff, 0xff, 0x0f, 0x84, 0x00, 0x00, 0x63, 0x31, 0x09, 0xfe, 0xc9, 0xfd, 0xc9, 0xfd,
    0xc8, 0xfd, 0xc8, 0xfd, 0xc9, 0xfd, 0xc9, 0xfd, 0xc9, 0xfd, 0xa9, 0xfd, 0x0a, 0xfe, 0x86, 0x9b, 0x00, 0x00, 0x67, 0xbc, 0x29, 0xfe, 0xc8, 0xfd, 0xc9, 0xfd, 0xc8, 0xfd, 0xe9, 0xfd, 0xea, 0xfd, 0x35, 0xf7, 0xfc, 0xff, 0xfb, 0xff, 0xfb, 0xff,
    0xfc, 0xff, 0xfb, 0xff, 0xfc, 0xff, 0xfb, 0xff, 0xfb, 0xff, 0xfb, 0xff, 0xfb, 0xff, 0xfb, 0xff, 0xfb, 0xff, 0xfb, 0xff, 0xfb, 0xff, 0xfb, 0xff, 0xfb, 0xff, 0xfc, 0xff, 0xfc, 0xff, 0xfc, 0xff, 0xfc, 0xff, 0xfc, 0xff, 0xfc, 0xff, 0xfc, 0xff,
    0xfc, 0xff, 0xfc, 0xff, 0xfc, 0xff, 0xfc, 0xff, 0xfb, 0xff, 0xfb, 0xff, 0xfb, 0xff, 0xfb, 0xff, 0xfb, 0xff, 0xfc, 0xff, 0xfc, 0xff, 0xfc, 0xff, 0xfc, 0xff, 0xfc, 0xff, 0xfb, 0xff, 0xfb, 0xff, 0xfc, 0xff, 0xfc, 0xff, 0xfc, 0xff, 0xfb, 0xff,
    0xfb, 0xff, 0xfc, 0xff, 0x77, 0xff, 0xe9, 0xfd, 0xe9, 0xfd, 0xc9, 0xfd, 0xc9, 0xfd, 0xc9, 0xfd, 0xa8, 0xfd, 0x88, 0xfd, 0xe9, 0xfd, 0x25, 0x8b, 0x00, 0x00, 0xc7, 0xcc, 0x09, 0xfe, 0xc9, 0xfd, 0xe9, 0xfd, 0xe9, 0xfd, 0xe9, 0xfd, 0xc9, 0xfd,
    0xc9, 0xfd, 0xc9, 0xfd, 0xc9, 0xfd, 0xa9, 0xfd, 0x0a, 0xfe, 0x45, 0x62, 0x00, 0x00, 0xe7, 0x39, 0xff, 0xff, 0xff, 0xff, 0xff, 0xff, 0xff, 0xff, 0xff, 0xff, 0xff, 0xff, 0xff, 0xff, 0xff, 0xff, 0xff, 0xff, 0xff, 0xff, 0xff, 0xff, 0xff, 0xff,
    
};

const lv_img_dsc_t icon_cat_neutral = {
  .header.magic = LV_IMAGE_HEADER_MAGIC,
  .header.cf = LV_COLOR_FORMAT_RGB565,
  .header.w = 120,
  .header.h = 120,
  .data_size = 28800,
  .data = icon_cat_neutral_map,
};
