#ifdef __has_include
    #if __has_include("lvgl.h")
        #ifndef LV_LVGL_H_INCLUDE_SIMPLE
            #define LV_LVGL_H_INCLUDE_SIMPLE
        #endif
    #endif
#endif

#if defined(LV_LVGL_H_INCLUDE_SIMPLE)
    #include "lvgl.h"
#else
    #include "lvgl/lvgl.h"
#endif

#ifndef LV_ATTRIBUTE_MEM_ALIGN
#define LV_ATTRIBUTE_MEM_ALIGN
#endif

#ifndef LV_ATTRIBUTE_IMG_ICON_CAT_CALM
#define LV_ATTRIBUTE_IMG_ICON_CAT_CALM
#endif

const LV_ATTRIBUTE_MEM_ALIGN LV_ATTRIBUTE_LARGE_CONST LV_ATTRIBUTE_IMG_ICON_CAT_CALM uint8_t icon_cat_calm_map[] = {
    0xff, 0xff, 0xff, 0xff, 0xff, 0xff, 0xff, 0xff, 0xff, 0xff, 0xff, 0xff, 0xff, 0xff, 0xff, 0xff, 0xff, 0xff, 0xff, 0xff, 0xff, 0xff, 0xff, 0xff, 0xff, 0xff, 0xff, 0xff, 0xff, 0xff, 0xff, 0xff, 0xff, 0xff, 0xff, 0xff, 0xff, 0xff, 0xff, 0xff,
    0xff, 0xff, 0xff, 0xff, 0xff, 0xff, 0xff, 0xff, 0xff, 0xff, 0xff, 0xff, 0xff, 0xff, 0xff, 0xff, 0xff, 0xff, 0xff, 0xff, 0xff, 0xff, 0xff, 0xff, 0xff, 0xff, 0xff, 0xff, 0xff, 0xff, 0xff, 0xff, 0xff, 0xff, 0xff, 0xff, 0xff, 0xff, 0xff, 0xff,
    0xff, 0xff, 0xff, 0xff, 0xff, 0xff, 0xff, 0xff, 0xff, 0xff, 0xff, 0xff, 0xff, 0xff, 0xff, 0xff, 0xff, 0xff, 0xff, 0xff, 0xff, 0xff, 0xff, 0xff, 0xff, 0xff, 0xff, 0xff, 0xff, 0xff, 0xff, 0xff, 0xff, 0xff, 0xff, 0xff, 0xff, 0xff, 0xff, 0xff,
    0xff, 0xff, 0xff, 0xff, 0xff, 0xff, 0xff, 0xff, 0xff, 0xff, 0xff, 0xff, 0xff, 0xff, 0xff, 0xff, 0xff, 0xff, 0xff, 0xff, 0xff, 0xff, 0xff, 0xff, 0xff, 0xff, 0xff, 0xff, 0xff, 0xff, 0xff, 0xff, 0xff, 0xff, 0xff, 0xff, 0xff, 0xff, 0xff, 0xff,
    0xff, 0xff, 0xff, 0xff, 0xff, 0xff, 0xff, 0xff, 0xff, 0xff, 0xff, 0xff, 0xff, 0xff, 0xff, 0xff, 0xff, 0xff, 0xff, 0xff, 0xff, 0xff, 0xff, 0xff, 0xff, 0xff, 0xff, 0xff, 0xff, 0xff, 0xff, 0xff, 0xff, 0xff, 0xff, 0xff, 0xff, 0xff, 0xff, 0xff,
    0xff, 0xff, 0xff, 0xff, 0xff, 0xff, 0xff, 0xff, 0xff, 0xff, 0xff, 0xff, 0xff, 0xff, 0xff, 0xff, 0xff, 0xff, 0xff, 0xff, 0xff, 0xff, 0xff, 0xff, 0xff, 0xff, 0xff, 0xff, 0xff, 0xff, 0xff, 0xff, 0xff, 0xff, 0xff, 0xff, 0xff, 0xff, 0xff, 0xff,
    0xff, 0xff, 0xff, 0xff, 0xff, 0xff, 0xff, 0xff, 0xff, 0xff, 0xff, 0xff, 0xff, 0xff, 0xff, 0xff, 0xff, 0xff, 0xff, 0xff, 0xff, 0xff, 0xff, 0xff, 0xff, 0xff, 0xff, 0xff, 0xff, 0xff, 0xff, 0xff, 0xff, 0xff, 0xff, 0xff, 0xff, 0xff, 0xff, 0xff,
    0xff, 0xff, 0xff, 0xff, 0xff, 0xff, 0xff, 0xff, 0xff, 0xff, 0xff, 0xff, 0xff, 0xff, 0xff, 0xff, 0xff, 0xff, 0xff, 0xff, 0xff, 0xff, 0xff, 0xff, 0xff, 0xff, 0xff, 0xff, 0xff, 0xff, 0xff, 0xff, 0xff, 0xff, 0xff, 0xff, 0xff, 0xff, 0xff, 0xff,
    0xff, 0xff, 0xff, 0xff, 0xff, 0xff, 0xff, 0xff, 0xff, 0xff, 0xff, 0xff, 0xff, 0xff, 0xff, 0xff, 0xff, 0xff, 0xff, 0xff, 0xff, 0xff, 0xff, 0xff, 0xff, 0xff, 0xff, 0xff, 0xff, 0xff, 0xff, 0xff, 0xff, 0xff, 0xff, 0xff, 0xff, 0xff, 0xff, 0xff,
    0xff, 0xff, 0xff, 0xff, 0xff, 0xff, 0xff, 0xff, 0xff, 0xff, 0xff, 0xff, 0xff, 0xff, 0xff, 0xff, 0xff, 0xff, 0xff, 0xff, 0xff, 0xff, 0xff, 0xff, 0xff, 0xff, 0xff, 0xff, 0xff, 0xff, 0xff, 0xff, 0xff, 0xff, 0xff, 0xff, 0xff, 0xff, 0xff, 0xff,
    0xff, 0xff, 0xff, 0xff, 0xff, 0xff, 0xff, 0xff, 0xff, 0xff, 0xff, 0xff, 0xff, 0xff, 0xff, 0xff, 0xff, 0xff, 0xff, 0xff, 0xff, 0xff, 0xff, 0xff, 0xff, 0xff, 0xff, 0xff, 0xff, 0xff, 0xff, 0xff, 0xff, 0xff, 0xff, 0xff, 0xff, 0xff, 0xff, 0xff,
    0xff, 0xff, 0xff, 0xff, 0xff, 0xff, 0xff, 0xff, 0xff, 0xff, 0xff, 0xff, 0xff, 0xff, 0xff, 0xff, 0xff, 0xff, 0xff, 0xff, 0xff, 0xff, 0xff, 0xff, 0xff, 0xff, 0xff, 0xff, 0xff, 0xff, 0xff, 0xff, 0xff, 0xff, 0xff, 0xff, 0xff, 0xff, 0xff, 0xff,
    0xff, 0xff, 0xff, 0xff, 0xff, 0xff, 0xff, 0xff, 0xff, 0xff, 0xff, 0xff, 0xff, 0xff, 0xff, 0xff, 0xff, 0xff, 0xff, 0xff, 0xff, 0xff, 0xff, 0xff, 0xff, 0xff, 0xff, 0xff, 0xff, 0xff, 0xff, 0xff, 0xff, 0xff, 0xff, 0xff, 0xff, 0xff, 0xff, 0xff,
    0xff, 0xff, 0xff, 0xff, 0xff, 0xff, 0xff, 0xff, 0xff, 0xff, 0xff, 0xff, 0xff, 0xff, 0xff, 0xff, 0xff, 0xff, 0xff, 0xff, 0xff, 0xff, 0xff, 0xff, 0xff, 0xff, 0xff, 0xff, 0xff, 0xff, 0xff, 0xff, 0xff, 0xff, 0xff, 0xff, 0xff, 0xff, 0xff, 0xff,
    0xff, 0xff, 0xff, 0xff, 0xff, 0xff, 0xff, 0xff, 0xff, 0xff, 0xff, 0xff, 0xff, 0xff, 0xff, 0xff, 0xff, 0xff, 0xff, 0xff, 0xff, 0xff, 0xff, 0xff, 0xff, 0xff, 0xff, 0xff, 0xff, 0xff, 0xff, 0xff, 0xff, 0xff, 0xff, 0xff, 0xff, 0xff, 0xff, 0xff,
    0xff, 0xff, 0xff, 0xff, 0xff, 0xff, 0xff, 0xff, 0xff, 0xff, 0xff, 0xff, 0xff, 0xff, 0xff, 0xff, 0xff, 0xff, 0xff, 0xff, 0xff, 0xff, 0xff, 0xff, 0xff, 0xff, 0xff, 0xff, 0xff, 0xff, 0xff, 0xff, 0xff, 0xff, 0xff, 0xff, 0xff, 0xff, 0xff, 0xff,
    0xff, 0xff, 0xff, 0xff, 0xff, 0xff, 0xff, 0xff, 0xff, 0xff, 0xff, 0xff, 0xff, 0xff, 0xff, 0xff, 0xff, 0xff, 0xff, 0xff, 0xff, 0xff, 0xff, 0xff, 0xff, 0xff, 0xff, 0xff, 0xff, 0xff, 0xff, 0xff, 0xff, 0xff, 0xff, 0xff, 0xff, 0xff, 0xff, 0xff,
    0xff, 0xff, 0xff, 0xff, 0xff, 0xff, 0xff, 0xff, 0xff, 0xff, 0xff, 0xff, 0xff, 0xff, 0xff, 0xff, 0xff, 0xff, 0xff, 0xff, 0xff, 0xff, 0xff, 0xff, 0xff, 0xff, 0xff, 0xff, 0xff, 0xff, 0xff, 0xff, 0xff, 0xff, 0xff, 0xff, 0xff, 0xff, 0xde, 0xff,
    0xff, 0xff, 0xff, 0xff, 0xff, 0xff, 0xff, 0xff, 0xff, 0xff, 0xff, 0xff, 0xff, 0xff, 0xff, 0xff, 0xff, 0xff, 0xff, 0xff, 0xff, 0xff, 0xff, 0xff, 0xff, 0xff, 0xff, 0xff, 0xff, 0xff, 0xff, 0xff, 0xff, 0xff, 0xff, 0xff, 0xff, 0xff, 0xff, 0xff,
    0xff, 0xff, 0xff, 0xff, 0xff, 0xff, 0xff, 0xff, 0xff, 0xff, 0xff, 0xff, 0xff, 0xff, 0xff, 0xff, 0xff, 0xff, 0xff, 0xff, 0xff, 0xff, 0xff, 0xff, 0xff, 0xff, 0xff, 0xff, 0xff, 0xff, 0xff, 0xff, 0xff, 0xff, 0xff, 0xff, 0xff, 0xff, 0xff, 0xff,
    0xff, 0xff, 0xff, 0xff, 0xff, 0xff, 0xff, 0xff, 0xff, 0xff, 0xff, 0xff, 0xff, 0xff, 0xff, 0xff, 0xff, 0xff, 0xff, 0xff, 0xff, 0xff, 0xff, 0xff, 0xff, 0xff, 0xff, 0xff, 0xff, 0xff, 0xff, 0xff, 0xff, 0xff, 0xff, 0xff, 0xff, 0xff, 0xff, 0xff,
    0xff, 0xff, 0xff, 0xff, 0xff, 0xff, 0xff, 0xff, 0xff, 0xff, 0xff, 0xff, 0xff, 0xff, 0xff, 0xff, 0xff, 0xff, 0xff, 0xff, 0xff, 0xff, 0xff, 0xff, 0xff, 0xff, 0xff, 0xff, 0xff, 0xff, 0xff, 0xff, 0xff, 0xff, 0xff, 0xff, 0xff, 0xff, 0xff, 0xff,
    0xff, 0xff, 0xff, 0xff, 0xff, 0xff, 0xff, 0xff, 0xff, 0xff, 0xff, 0xff, 0xff, 0xff, 0xff, 0xff, 0xff, 0xff, 0xff, 0xff, 0xff, 0xff, 0xff, 0xff, 0xff, 0xff, 0xff, 0xff, 0xff, 0xff, 0xff, 0xff, 0xff, 0xff, 0xff, 0xff, 0xff, 0xff, 0xff, 0xff,
    0xff, 0xff, 0xff, 0xff, 0xff, 0xff, 0xff, 0xff, 0xff, 0xff, 0xff, 0xff, 0xff, 0xff, 0xff, 0xff, 0xff, 0xff, 0xff, 0xff, 0xff, 0xff, 0xff, 0xff, 0xff, 0xff, 0xff, 0xff, 0xff, 0xff, 0xff, 0xff, 0xff, 0xff, 0xff, 0xff, 0xff, 0xff, 0xde, 0xff,
    0xff, 0xff, 0xff, 0xff, 0xff, 0xff, 0xff, 0xff, 0xff, 0xff, 0xff, 0xff, 0xff, 0xff, 0xff, 0xff, 0xff, 0xff, 0xff, 0xff, 0xff, 0xff, 0xff, 0xff, 0xff, 0xff, 0xff, 0xff, 0xff, 0xff, 0xff, 0xff, 0xff, 0xff, 0xff, 0xff, 0xff, 0xff, 0xff, 0xff,
    0xff, 0xff, 0xff, 0xff, 0xff, 0xff, 0xff, 0xff, 0xff, 0xff, 0xff, 0xff, 0xff, 0xff, 0xff, 0xff, 0xff, 0xff, 0xff, 0xff, 0xff, 0xff, 0xff, 0xff, 0xff, 0xff, 0xff, 0xff, 0xff, 0xff, 0xff, 0xff, 0xff, 0xff, 0xff, 0xff, 0xff, 0xff, 0xff, 0xff,
    0xff, 0xff, 0xff, 0xff, 0xff, 0xff, 0xff, 0xff, 0xff, 0xff, 0xff, 0xff, 0xff, 0xff, 0xff, 0xff, 0xff, 0xff, 0xff, 0xff, 0xff, 0xff, 0xff, 0xff, 0xff, 0xff, 0xff, 0xff, 0xff, 0xff, 0xff, 0xff, 0xff, 0xff, 0xff, 0xff, 0xff, 0xff, 0xff, 0xff,
    0xff, 0xff, 0xff, 0xff, 0xff, 0xff, 0xff, 0xff, 0xff, 0xff, 0xff, 0xff, 0xff, 0xff, 0xff, 0xff, 0xff, 0xff, 0xff, 0xff, 0xff, 0xff, 0xff, 0xff, 0xff, 0xff, 0xff, 0xff, 0xff, 0xff, 0xff, 0xff, 0xff, 0xff, 0xff, 0xff, 0xff, 0xff, 0xff, 0xff,
    0xff, 0xff, 0xff, 0xff, 0xff, 0xff, 0xff, 0xff, 0xff, 0xff, 0xff, 0xff, 0xff, 0xff, 0xff, 0xff, 0xff, 0xff, 0xff, 0xff, 0xff, 0xff, 0xff, 0xff, 0xff, 0xff, 0xff, 0xff, 0xff, 0xff, 0xff, 0xff, 0xff, 0xff, 0xff, 0xff, 0xff, 0xff, 0xff, 0xff,
    0xff, 0xff, 0xff, 0xff, 0xff, 0xff, 0xff, 0xff, 0xff, 0xff, 0xff, 0xff, 0xff, 0xff, 0xff, 0xff, 0xff, 0xff, 0xff, 0xff, 0xff, 0xff, 0xff, 0xff, 0xff, 0xff, 0xff, 0xff, 0xff, 0xff, 0xff, 0xff, 0xff, 0xff, 0xff, 0xff, 0xff, 0xff, 0xde, 0xff,
    0xff, 0xff, 0xff, 0xff, 0xff, 0xff, 0xff, 0xff, 0xff, 0xff, 0xff, 0xff, 0xff, 0xff, 0xff, 0xff, 0xff, 0xff, 0xff, 0xff, 0xff, 0xff, 0xff, 0xff, 0xff, 0xff, 0xff, 0xff, 0xff, 0xff, 0xff, 0xff, 0xff, 0xff, 0xff, 0xff, 0xff, 0xff, 0xff, 0xff,
    0xff, 0xff, 0xff, 0xff, 0xff, 0xff, 0xff, 0xff, 0xff, 0xff, 0xff, 0xff, 0xff, 0xff, 0xff, 0xff, 0xff, 0xff, 0xff, 0xff, 0xff, 0xff, 0xff, 0xff, 0xff, 0xff, 0xff, 0xff, 0xff, 0xff, 0xff, 0xff, 0xff, 0xff, 0xff, 0xff, 0xff, 0xff, 0xff, 0xff,
    0xff, 0xff, 0xff, 0xff, 0xff, 0xff, 0xff, 0xff, 0xff, 0xff, 0xff, 0xff, 0xff, 0xff, 0xff, 0xff, 0xff, 0xff, 0xff, 0xff, 0xff, 0xff, 0xff, 0xff, 0xff, 0xff, 0xff, 0xff, 0xff, 0xff, 0xff, 0xff, 0xff, 0xff, 0xff, 0xff, 0xff, 0xff, 0xff, 0xff,
    0xff, 0xff, 0xff, 0xff, 0xff, 0xff, 0xff, 0xff, 0xff, 0xff, 0xff, 0xff, 0xff, 0xff, 0xff, 0xff, 0xff, 0xff, 0xff, 0xff, 0xff, 0xff, 0xff, 0xff, 0xff, 0xff, 0xff, 0xff, 0xff, 0xff, 0xff, 0xff, 0xff, 0xff, 0xff, 0xff, 0xff, 0xff, 0xff, 0xff,
    0xff, 0xff, 0xff, 0xff, 0xff, 0xff, 0xff, 0xff, 0xff, 0xff, 0xff, 0xff, 0xff, 0xff, 0xff, 0xff, 0xff, 0xff, 0xff, 0xff, 0xff, 0xff, 0xff, 0xff, 0xff, 0xff, 0xff, 0xff, 0xff, 0xff, 0xff, 0xff, 0xff, 0xff, 0xff, 0xff, 0xff, 0xff, 0xff, 0xff,
    0xff, 0xff, 0xff, 0xff, 0xff, 0xff, 0xff, 0xff, 0xff, 0xff, 0xff, 0xff, 0xff, 0xff, 0xff, 0xff, 0xff, 0xff, 0xff, 0xff, 0xff, 0xff, 0xff, 0xff, 0xff, 0xff, 0xff, 0xff, 0xff, 0xff, 0xff, 0xff, 0xff, 0xff, 0xff, 0xff, 0xff, 0xff, 0xde, 0xff,
    0xff, 0xff, 0xff, 0xff, 0xff, 0xff, 0xff, 0xff, 0xff, 0xff, 0xff, 0xff, 0xff, 0xff, 0xff, 0xff, 0xff, 0xff, 0xff, 0xff, 0xff, 0xff, 0xff, 0xff, 0xff, 0xff, 0xff, 0xff, 0xff, 0xff, 0xff, 0xff, 0xff, 0xff, 0xff, 0xff, 0xff, 0xff, 0xff, 0xff,
    0xff, 0xff, 0xff, 0xff, 0xff, 0xff, 0xff, 0xff, 0xff, 0xff, 0xff, 0xff, 0xff, 0xff, 0xff, 0xff, 0xff, 0xff, 0xff, 0xff, 0xff, 0xff, 0xff, 0xff, 0xff, 0xff, 0xff, 0xff, 0xff, 0xff, 0xff, 0xff, 0xff, 0xff, 0xff, 0xff, 0xff, 0xff, 0xff, 0xff,
    0xff, 0xff, 0xff, 0xff, 0xff, 0xff, 0xff, 0xff, 0xff, 0xff, 0xff, 0xff, 0xff, 0xff, 0xff, 0xff, 0xff, 0xff, 0xff, 0xff, 0xff, 0xff, 0xff, 0xff, 0xff, 0xff, 0xff, 0xff, 0xff, 0xff, 0xff, 0xff, 0xff, 0xff, 0xff, 0xff, 0xff, 0xff, 0xff, 0xff,
    0xff, 0xff, 0xff, 0xff, 0xff, 0xff, 0xff, 0xff, 0xff, 0xff, 0xff, 0xff, 0xff, 0xff, 0xff, 0xff, 0xff, 0xff, 0xff, 0xff, 0xff, 0xff, 0xff, 0xff, 0xff, 0xff, 0xff, 0xff, 0xff, 0xff, 0xff, 0xff, 0xff, 0xff, 0xff, 0xff, 0xff, 0xff, 0xff, 0xff,
    0xff, 0xff, 0xff, 0xff, 0xff, 0xff, 0xff, 0xff, 0xff, 0xff, 0xff, 0xff, 0xff, 0xff, 0xff, 0xff, 0xff, 0xff, 0xff, 0xff, 0xff, 0xff, 0xff, 0xff, 0xff, 0xff, 0xff, 0xff, 0xff, 0xff, 0xff, 0xff, 0xff, 0xff, 0xff, 0xff, 0xff, 0xff, 0xff, 0xff,
    0xff, 0xff, 0xff, 0xff, 0xff, 0xff, 0xff, 0xff, 0xff, 0xff, 0xff, 0xff, 0xff, 0xff, 0xff, 0xff, 0xff, 0xff, 0xff, 0xff, 0xff, 0xff, 0xff, 0xff, 0xff, 0xff, 0xff, 0xff, 0xff, 0xff, 0xff, 0xff, 0xff, 0xff, 0xff, 0xff, 0xff, 0xff, 0xdf, 0xff,
    0xff, 0xff, 0xff, 0xff, 0xff, 0xff, 0xff, 0xff, 0xff, 0xff, 0xff, 0xff, 0xff, 0xff, 0xff, 0xff, 0xff, 0xff, 0xff, 0xff, 0xff, 0xff, 0xff, 0xff, 0xff, 0xff, 0xff, 0xff, 0xff, 0xff, 0xff, 0xff, 0xff, 0xff, 0xff, 0xff, 0xff, 0xff, 0xff, 0xff,
    0xff, 0xff, 0xff, 0xff, 0xff, 0xff, 0xff, 0xff, 0xff, 0xff, 0xff, 0xff, 0xff, 0xff, 0xff, 0xff, 0xff, 0xff, 0xff, 0xff, 0xff, 0xff, 0xff, 0xff, 0xff, 0xff, 0xff, 0xff, 0xff, 0xff, 0xff, 0xff, 0xff, 0xff, 0xff, 0xff, 0xff, 0xff, 0xff, 0xff,
    0xff, 0xff, 0xff, 0xff, 0xff, 0xff, 0xff, 0xff, 0xff, 0xff, 0xff, 0xff, 0xff, 0xff, 0xff, 0xff, 0xff, 0xff, 0xff, 0xff, 0xff, 0xff, 0xff, 0xff, 0xff, 0xff, 0xff, 0xff, 0xff, 0xff, 0xff, 0xff, 0xff, 0xff, 0xff, 0xff, 0xff, 0xff, 0xff, 0xff,
    0xff, 0xff, 0xff, 0xff, 0xff, 0xff, 0xff, 0xff, 0xff, 0xff, 0xff, 0xff, 0xff, 0xff, 0xff, 0xff, 0xff, 0xff, 0xff, 0xff, 0xff, 0xff, 0xff, 0xff, 0xff, 0xff, 0xff, 0xff, 0xff, 0xff, 0xff, 0xff, 0xff, 0xff, 0xff, 0xff, 0xff, 0xff, 0xff, 0xff,
    0xff, 0xff, 0xff, 0xff, 0xff, 0xff, 0xff, 0xff, 0xff, 0xff, 0xff, 0xff, 0xff, 0xff, 0xff, 0xff, 0xff, 0xff, 0xff, 0xff, 0xff, 0xff, 0xff, 0xff, 0xff, 0xff, 0xff, 0xff, 0xff, 0xff, 0xff, 0xff, 0xff, 0xff, 0xff, 0xff, 0xff, 0xff, 0xff, 0xff,
    0xff, 0xff, 0xff, 0xff, 0xff, 0xff, 0xff, 0xff, 0xff, 0xff, 0xff, 0xff, 0xff, 0xff, 0xff, 0xff, 0xff, 0xff, 0xff, 0xff, 0xff, 0xff, 0xff, 0xff, 0xff, 0xff, 0xff, 0xff, 0xff, 0xff, 0xff, 0xff, 0xff, 0xff, 0xff, 0xff, 0xff, 0xff, 0xdf, 0xff,
    0xff, 0xff, 0xff, 0xff, 0xff, 0xff, 0xff, 0xff, 0xff, 0xff, 0xff, 0xff, 0xff, 0xff, 0xff, 0xff, 0xff, 0xff, 0xff, 0xff, 0xff, 0xff, 0xff, 0xff, 0xff, 0xff, 0xff, 0xff, 0xff, 0xff, 0xff, 0xff, 0xff, 0xff, 0xff, 0xff, 0xff, 0xff, 0xff, 0xff,
    0xff, 0xff, 0xff, 0xff, 0xff, 0xff, 0xff, 0xff, 0xff, 0xff, 0xff, 0xff, 0xff, 0xff, 0xff, 0xff, 0xff, 0xff, 0xff, 0xff, 0xff, 0xff, 0xff, 0xff, 0xff, 0xff, 0xff, 0xff, 0xff, 0xff, 0xff, 0xff, 0xff, 0xff, 0xff, 0xff, 0xff, 0xff, 0xff, 0xff,
    0xff, 0xff, 0xff, 0xff, 0xff, 0xff, 0xff, 0xff, 0xff, 0xff, 0xff, 0xff, 0xff, 0xff, 0xff, 0xff, 0xff, 0xff, 0xff, 0xff, 0xff, 0xff, 0xff, 0xff, 0xff, 0xff, 0xff, 0xff, 0xff, 0xff, 0xff, 0xff, 0xff, 0xff, 0xff, 0xff, 0xff, 0xff, 0xff, 0xff,
    0xff, 0xff, 0xff, 0xff, 0xff, 0xff, 0xff, 0xff, 0xff, 0xff, 0xff, 0xff, 0xff, 0xff, 0xff, 0xff, 0xff, 0xff, 0xff, 0xff, 0xff, 0xff, 0xff, 0xff, 0xff, 0xff, 0xff, 0xff, 0xff, 0xff, 0xff, 0xff, 0xff, 0xff, 0xff, 0xff, 0xff, 0xff, 0xff, 0xff,
    0xff, 0xff, 0xff, 0xff, 0xff, 0xff, 0xff, 0xff, 0xff, 0xff, 0xff, 0xff, 0xff, 0xff, 0xff, 0xff, 0xff, 0xff, 0xff, 0xff, 0xff, 0xff, 0xff, 0xff, 0xff, 0xff, 0xff, 0xff, 0xff, 0xff, 0xff, 0xff, 0xff, 0xff, 0xff, 0xff, 0xff, 0xff, 0xff, 0xff,
    0xff, 0xff, 0xff, 0xff, 0xff, 0xff, 0xff, 0xff, 0xff, 0xff, 0xff, 0xff, 0xff, 0xff, 0xff, 0xff, 0xff, 0xff, 0xff, 0xff, 0xff, 0xff, 0xff, 0xff, 0xff, 0xff, 0xff, 0xff, 0xff, 0xff, 0xff, 0xff, 0xff, 0xff, 0xff, 0xff, 0xff, 0xff, 0xde, 0xff,
    0xff, 0xff, 0xff, 0xff, 0xff, 0xff, 0xff, 0xff, 0xff, 0xff, 0xff, 0xff, 0xff, 0xff, 0xff, 0xff, 0xff, 0xff, 0xff, 0xff, 0xff, 0xff, 0xff, 0xff, 0xff, 0xff, 0xff, 0xff, 0xff, 0xff, 0xff, 0xff, 0xff, 0xff, 0xff, 0xff, 0xff, 0xff, 0xff, 0xff,
    0xff, 0xff, 0xff, 0xff, 0xff, 0xff, 0xff, 0xff, 0xff, 0xff, 0xff, 0xff, 0xff, 0xff, 0xff, 0xff, 0xff, 0xff, 0xff, 0xff, 0xff, 0xff, 0xff, 0xff, 0xff, 0xff, 0xff, 0xff, 0xff, 0xff, 0xff, 0xff, 0xff, 0xff, 0xff, 0xff, 0xff, 0xff, 0xff, 0xff,
    0xff, 0xff, 0xff, 0xff, 0xff, 0xff, 0xff, 0xff, 0xff, 0xff, 0xff, 0xff, 0xff, 0xff, 0xff, 0xff, 0xff, 0xff, 0xff, 0xff, 0xff, 0xff, 0xff, 0xff, 0xff, 0xff, 0xff, 0xff, 0xff, 0xff, 0xff, 0xff, 0xff, 0xff, 0xff, 0xff, 0xff, 0xff, 0xff, 0xff,
    0xff, 0xff, 0xff, 0xff, 0xff, 0xff, 0xff, 0xff, 0xff, 0xff, 0xff, 0xff, 0xff, 0xff, 0xff, 0xff, 0xff, 0xff, 0xff, 0xff, 0xff, 0xff, 0xff, 0xff, 0xff, 0xff, 0xff, 0xff, 0xff, 0xff, 0xff, 0xff, 0xff, 0xff, 0xff, 0xff, 0xff, 0xff, 0xff, 0xff,
    0xff, 0xff, 0xff, 0xff, 0xff, 0xff, 0xff, 0xff, 0xff, 0xff, 0xff, 0xff, 0xff, 0xff, 0xff, 0xff, 0xff, 0xff, 0xff, 0xff, 0xff, 0xff, 0xff, 0xff, 0xff, 0xff, 0xff, 0xff, 0xff, 0xff, 0xff, 0xff, 0xff, 0xff, 0xff, 0xff, 0xff, 0xff, 0xff, 0xff,
    0xff, 0xff, 0xff, 0xff, 0xff, 0xff, 0xff, 0xff, 0xff, 0xff, 0xff, 0xff, 0xff, 0xff, 0xff, 0xff, 0xff, 0xff, 0xff, 0xff, 0xff, 0xff, 0xff, 0xff, 0xff, 0xff, 0xff, 0xff, 0xff, 0xff, 0xff, 0xff, 0xff, 0xff, 0xff, 0xff, 0xff, 0xff, 0xde, 0xff,
    0xff, 0xff, 0xff, 0xff, 0xff, 0xff, 0xff, 0xff, 0xff, 0xff, 0xff, 0xff, 0xff, 0xff, 0xff, 0xff, 0xff, 0xff, 0xff, 0xff, 0xff, 0xff, 0xff, 0xff, 0xff, 0xff, 0xff, 0xff, 0xff, 0xff, 0xff, 0xff, 0xff, 0xff, 0xff, 0xff, 0xff, 0xff, 0xff, 0xff,
    0xff, 0xff, 0xff, 0xff, 0xff, 0xff, 0xff, 0xff, 0xff, 0xff, 0xff, 0xff, 0xff, 0xff, 0xff, 0xff, 0xff, 0xff, 0xff, 0xff, 0xff, 0xff, 0xff, 0xff, 0xff, 0xff, 0xff, 0xff, 0xff, 0xff, 0xff, 0xff, 0xff, 0xff, 0xff, 0xff, 0xff, 0xff, 0xff, 0xff,
    0xff, 0xff, 0xff, 0xff, 0xff, 0xff, 0xff, 0xff, 0xff, 0xff, 0xff, 0xff, 0xff, 0xff, 0xff, 0xff, 0xff, 0xff, 0xff, 0xff, 0xff, 0xff, 0xff, 0xff, 0xff, 0xff, 0xff, 0xff, 0xff, 0xff, 0xff, 0xff, 0xff, 0xff, 0xff, 0xff, 0xff, 0xff, 0xff, 0xff,
    0xff, 0xff, 0xff, 0xff, 0xff, 0xff, 0xff, 0xff, 0xff, 0xff, 0xff, 0xff, 0xff, 0xff, 0xff, 0xff, 0xff, 0xff, 0xff, 0xff, 0xff, 0xff, 0xff, 0xff, 0xff, 0xff, 0xff, 0xff, 0xff, 0xff, 0xff, 0xff, 0xff, 0xff, 0xff, 0xff, 0xff, 0xff, 0xff, 0xff,
    0xff, 0xff, 0xff, 0xff, 0xff, 0xff, 0xff, 0xff, 0xff, 0xff, 0xff, 0xff, 0xff, 0xff, 0xff, 0xff, 0xff, 0xff, 0xff, 0xff, 0xff, 0xff, 0xff, 0xff, 0xff, 0xff, 0xff, 0xff, 0xff, 0xff, 0xff, 0xff, 0xff, 0xff, 0xff, 0xff, 0xff, 0xff, 0xff, 0xff,
    0xff, 0xff, 0xff, 0xff, 0xff, 0xff, 0xff, 0xff, 0xff, 0xff, 0xff, 0xff, 0xff, 0xff, 0xff, 0xff, 0xff, 0xff, 0xff, 0xff, 0xff, 0xff, 0xff, 0xff, 0xff, 0xff, 0xff, 0xff, 0xff, 0xff, 0xff, 0xff, 0xff, 0xff, 0xff, 0xff, 0xff, 0xff, 0xdf, 0xff,
    0xff, 0xff, 0xff, 0xff, 0xff, 0xff, 0xff, 0xff, 0xff, 0xff, 0xff, 0xff, 0xff, 0xff, 0xff, 0xff, 0xff, 0xff, 0xff, 0xff, 0xff, 0xff, 0xff, 0xff, 0xff, 0xff, 0xff, 0xff, 0xff, 0xff, 0xff, 0xff, 0xff, 0xff, 0xff, 0xff, 0xff, 0xff, 0xff, 0xff,
    0xff, 0xff, 0xff, 0xff, 0xff, 0xff, 0xff, 0xff, 0xff, 0xff, 0xff, 0xff, 0xff, 0xff, 0xff, 0xff, 0xff, 0xff, 0xff, 0xff, 0xff, 0xff, 0xff, 0xff, 0xff, 0xff, 0xff, 0xff, 0xff, 0xff, 0xff, 0xff, 0xff, 0xff, 0xff, 0xff, 0xff, 0xff, 0xff, 0xff,
    0xff, 0xff, 0xff, 0xff, 0xff, 0xff, 0xff, 0xff, 0xff, 0xff, 0xff, 0xff, 0xff, 0xff, 0xff, 0xff, 0xff, 0xff, 0xff, 0xff, 0xff, 0xff, 0xff, 0xff, 0xff, 0xff, 0xff, 0xff, 0xff, 0xff, 0xff, 0xff, 0xff, 0xff, 0xff, 0xff, 0xff, 0xff, 0xff, 0xff,
    0xff, 0xff, 0xff, 0xff, 0xff, 0xff, 0xff, 0xff, 0xff, 0xff, 0xff, 0xff, 0xff, 0xff, 0xff, 0xff, 0xff, 0xff, 0xff, 0xff, 0xff, 0xff, 0xff, 0xff, 0xff, 0xff, 0xff, 0xff, 0xff, 0xff, 0xff, 0xff, 0xff, 0xff, 0xff, 0xff, 0xff, 0xff, 0xff, 0xff,
    0xff, 0xff, 0xff, 0xff, 0xff, 0xff, 0xff, 0xff, 0xff, 0xff, 0xff, 0xff, 0xff, 0xff, 0xff, 0xff, 0xff, 0xff, 0xff, 0xff, 0xff, 0xff, 0xff, 0xff, 0xff, 0xff, 0xff, 0xff, 0xff, 0xff, 0xff, 0xff, 0xff, 0xff, 0xff, 0xff, 0xff, 0xff, 0xff, 0xff,
    0xff, 0xff, 0xff, 0xff, 0xff, 0xff, 0xff, 0xff, 0xff, 0xff, 0xff, 0xff, 0xff, 0xff, 0xff, 0xff, 0xff, 0xff, 0xff, 0xff, 0xff, 0xff, 0xff, 0xff, 0xff, 0xff, 0xff, 0xff, 0xff, 0xff, 0xff, 0xff, 0xff, 0xff, 0xff, 0xff, 0xff, 0xff, 0xdf, 0xff,
    0xff, 0xff, 0xff, 0xff, 0xff, 0xff, 0xff, 0xff, 0xff, 0xff, 0xff, 0xff, 0xff, 0xff, 0xff, 0xff, 0xff, 0xff, 0xff, 0xff, 0xff, 0xff, 0xff, 0xff, 0xff, 0xff, 0xff, 0xff, 0xff, 0xff, 0xff, 0xff, 0xff, 0xff, 0xff, 0xff, 0xff, 0xff, 0xff, 0xff,
    0xff, 0xff, 0xff, 0xff, 0xff, 0xff, 0xff, 0xff, 0xff, 0xff, 0xff, 0xff, 0xff, 0xff, 0xff, 0xff, 0xff, 0xff, 0xff, 0xff, 0xff, 0xff, 0xff, 0xff, 0xff, 0xff, 0xff, 0xff, 0xff, 0xff, 0xff, 0xff, 0xff, 0xff, 0xff, 0xff, 0xff, 0xff, 0xff, 0xff,
    0xff, 0xff, 0xff, 0xff, 0xff, 0xff, 0xff, 0xff, 0xff, 0xff, 0xff, 0xff, 0xff, 0xff, 0xff, 0xff, 0xff, 0xff, 0xff, 0xff, 0xff, 0xff, 0xff, 0xff, 0xff, 0xff, 0xff, 0xff, 0xff, 0xff, 0xff, 0xff, 0xff, 0xff, 0xff, 0xff, 0xff, 0xff, 0xff, 0xff,
    0xff, 0xff, 0xff, 0xff, 0xff, 0xff, 0xff, 0xff, 0xff, 0xff, 0xff, 0xff, 0xff, 0xff, 0xff, 0xff, 0xff, 0xff, 0xff, 0xff, 0xff, 0xff, 0xff, 0xff, 0xff, 0xff, 0xff, 0xff, 0xff, 0xff, 0xff, 0xff, 0xff, 0xff, 0xff, 0xff, 0xff, 0xff, 0xff, 0xff,
    0xff, 0xff, 0xff, 0xff, 0xff, 0xff, 0xff, 0xff, 0xff, 0xff, 0xff, 0xff, 0xff, 0xff, 0xff, 0xff, 0xff, 0xff, 0xff, 0xff, 0xff, 0xff, 0xff, 0xff, 0xff, 0xff, 0xff, 0xff, 0xff, 0xff, 0xff, 0xff, 0xff, 0xff, 0xff, 0xff, 0xff, 0xff, 0xff, 0xff,
    0xff, 0xff, 0xff, 0xff, 0xfe, 0xff, 0xff, 0xff, 0xff, 0xff, 0xff, 0xff, 0xff, 0xff, 0xff, 0xff, 0xff, 0xff, 0xff, 0xff, 0xff, 0xff, 0xff, 0xff, 0xff, 0xff, 0xff, 0xff, 0xff, 0xff, 0xff, 0xff, 0xff, 0xff, 0xff, 0xff, 0xff, 0xff, 0xff, 0xff,
    0xff, 0xff, 0xff, 0xff, 0xff, 0xff, 0xff, 0xff, 0xff, 0xff, 0xff, 0xff, 0xff, 0xff, 0xff, 0xff, 0xff, 0xff, 0xff, 0xff, 0xff, 0xff, 0xff, 0xff, 0xff, 0xff, 0xff, 0xff, 0xff, 0xff, 0xff, 0xff, 0xff, 0xff, 0xff, 0xff, 0xff, 0xff, 0xff, 0xff,
    0xff, 0xff, 0xff, 0xff, 0xff, 0xff, 0xff, 0xff, 0xff, 0xff, 0xff, 0xff, 0xff, 0xff, 0xff, 0xff, 0xff, 0xff, 0xff, 0xff, 0xff, 0xff, 0xff, 0xff, 0xff, 0xff, 0xff, 0xff, 0xff, 0xff, 0xff, 0xff, 0xff, 0xff, 0xff, 0xff, 0xff, 0xff, 0xff, 0xff,
    0xff, 0xff, 0xff, 0xff, 0xff, 0xff, 0xff, 0xff, 0xff, 0xff, 0xff, 0xff, 0xff, 0xff, 0xff, 0xff, 0xff, 0xff, 0xff, 0xff, 0xff, 0xff, 0xff, 0xff, 0xff, 0xff, 0xff, 0xff, 0xff, 0xff, 0xff, 0xff, 0xff, 0xff, 0xff, 0xff, 0xff, 0xff, 0xff, 0xff,
    0xff, 0xff, 0xff, 0xff, 0xff, 0xff, 0xff, 0xff, 0xff, 0xff, 0xff, 0xff, 0xff, 0xff, 0xff, 0xff, 0xff, 0xff, 0xff, 0xff, 0xff, 0xff, 0xff, 0xff, 0xff, 0xff, 0xff, 0xff, 0xff, 0xff, 0xff, 0xff, 0xff, 0xff, 0xff, 0xff, 0xff, 0xff, 0xff, 0xff,
    0xff, 0xff, 0xff, 0xff, 0xff, 0xff, 0xff, 0xff, 0xff, 0xff, 0xfe, 0xff, 0xde, 0xff, 0xde, 0xff, 0xff, 0xff, 0xff, 0xff, 0xff, 0xff, 0xff, 0xff, 0xff, 0xff, 0xff, 0xff, 0xff, 0xff, 0xff, 0xff, 0xff, 0xff, 0xff, 0xff, 0xff, 0xff, 0xff, 0xff,
    0xff, 0xff, 0xff, 0xff, 0xff, 0xff, 0xff, 0xff, 0xff, 0xff, 0xff, 0xff, 0xff, 0xff, 0xff, 0xff, 0xff, 0xff, 0xff, 0xff, 0xff, 0xff, 0xff, 0xff, 0xff, 0xff, 0xfe, 0xff, 0xff, 0xff, 0xff, 0xff, 0xff, 0xff, 0xff, 0xff, 0xff, 0xff, 0xff, 0xff,
    0xff, 0xff, 0xff, 0xff, 0xff, 0xff, 0xff, 0xff, 0xff, 0xff, 0xff, 0xff, 0xff, 0xff, 0xff, 0xff, 0xff, 0xff, 0xff, 0xff, 0xff, 0xff, 0xff, 0xff, 0xff, 0xff, 0xff, 0xff, 0xff, 0xff, 0xff, 0xff, 0xff, 0xff, 0xff, 0xff, 0xff, 0xff, 0xff, 0xff,
    0xff, 0xff, 0xff, 0xff, 0xff, 0xff, 0xff, 0xff, 0xff, 0xff, 0xff, 0xff, 0xff, 0xff, 0xff, 0xff, 0xff, 0xff, 0xff, 0xff, 0xff, 0xff, 0xff, 0xff, 0xff, 0xff, 0xff, 0xff, 0xff, 0xff, 0xff, 0xff, 0xff, 0xff, 0xff, 0xff, 0xff, 0xff, 0xff, 0xff,
    0xff, 0xff, 0xff, 0xff, 0xff, 0xff, 0xff, 0xff, 0xff, 0xff, 0xff, 0xff, 0xff, 0xff, 0xff, 0xff, 0xff, 0xff, 0xff, 0xff, 0xff, 0xff, 0xff, 0xff, 0xff, 0xff, 0xff, 0xff, 0xff, 0xff, 0xff, 0xff, 0xff, 0xff, 0xff, 0xff, 0xff, 0xff, 0xff, 0xff,
    0xff, 0xff, 0xff, 0xff, 0xff, 0xff, 0xff, 0xff, 0xff, 0xff, 0xff, 0xff, 0xff, 0xff, 0xff, 0xff, 0xff, 0xff, 0xff, 0xff, 0xff, 0xff, 0xff, 0xff, 0xff, 0xff, 0xff, 0xff, 0xff, 0xff, 0xff, 0xff, 0xff, 0xff, 0xff, 0xff, 0xff, 0xff, 0xff, 0xff,
    0xff, 0xff, 0xff, 0xff, 0xde, 0xff, 0xde, 0xff, 0xff, 0xff, 0xff, 0xff, 0xff, 0xff, 0xff, 0xff, 0xff, 0xff, 0xff, 0xff, 0xff, 0xff, 0xff, 0xff, 0xff, 0xff, 0xff, 0xff, 0xff, 0xff, 0xff, 0xff, 0xff, 0xff, 0xff, 0xff, 0xff, 0xff, 0xff, 0xff,
    0xff, 0xff, 0xff, 0xff, 0xff, 0xff, 0xff, 0xff, 0xff, 0xff, 0xff, 0xff, 0xff, 0xff, 0xff, 0xff, 0xff, 0xff, 0xff, 0xff, 0xff, 0xff, 0xff, 0xff, 0xff, 0xff, 0xfe, 0xff, 0xff, 0xff, 0xff, 0xff, 0xff, 0xff, 0xff, 0xff, 0xff, 0xff, 0xff, 0xff,
    0xff, 0xff, 0xff, 0xff, 0xff, 0xff, 0xff, 0xff, 0xff, 0xff, 0xff, 0xff, 0xff, 0xff, 0xff, 0xff, 0xff, 0xff, 0xff, 0xff, 0xff, 0xff, 0xff, 0xff, 0xff, 0xff, 0xff, 0xff, 0xff, 0xff, 0xff, 0xff, 0xff, 0xff, 0xff, 0xff, 0xff, 0xff, 0xff, 0xff,
    0xfe, 0xff, 0xde, 0xff, 0xfe, 0xff, 0xfe, 0xff, 0xde, 0xff, 0xde, 0xff, 0xde, 0xff, 0xfe, 0xff, 0xff, 0xff, 0xff, 0xff, 0xff, 0xff, 0xff, 0xff, 0xff, 0xff, 0xff, 0xff, 0xff, 0xff, 0xff, 0xff, 0xff, 0xff, 0xff, 0xff, 0xff, 0xff, 0xff, 0xff,
    0xff, 0xff, 0xff, 0xff, 0xff, 0xff, 0xff, 0xff, 0xff, 0xff, 0xff, 0xff, 0xff, 0xff, 0xff, 0xff, 0xff, 0xff, 0xff, 0xff, 0xff, 0xff, 0xff, 0xff, 0xff, 0xff, 0xff, 0xff, 0xff, 0xff, 0xff, 0xff, 0xff, 0xff, 0xff, 0xff, 0xff, 0xff, 0xff, 0xff,
    0xff, 0xff, 0xff, 0xff, 0xff, 0xff, 0xff, 0xff, 0xff, 0xff, 0xff, 0xff, 0xff, 0xff, 0xff, 0xff, 0xff, 0xff, 0xff, 0xff, 0xff, 0xff, 0xff, 0xff, 0xff, 0xff, 0xff, 0xff, 0xff, 0xff, 0xff, 0xff, 0xff, 0xff, 0xff, 0xff, 0xff, 0xff, 0xff, 0xff,
    0xde, 0xff, 0xff, 0xff, 0xff, 0xff, 0xff, 0xff, 0x7d, 0xef, 0x38, 0xc6, 0x54, 0xad, 0x54, 0xad, 0x9a, 0xd6, 0xff, 0xff, 0xff, 0xff, 0xff, 0xff, 0xff, 0xff, 0xff, 0xff, 0xff, 0xff, 0xff, 0xff, 0xff, 0xff, 0xff, 0xff, 0xff, 0xff, 0xff, 0xff,
    0xff, 0xff, 0xff, 0xff, 0xff, 0xff, 0xff, 0xff, 0xff, 0xff, 0xff, 0xff, 0xff, 0xff, 0xff, 0xff, 0xff, 0xff, 0xff, 0xff, 0xff, 0xff, 0xff, 0xff, 0xff, 0xff, 0xff, 0xff, 0xfe, 0xff, 0xff, 0xff, 0xff, 0xff, 0xff, 0xff, 0xff, 0xff, 0xdf, 0xff,
    0xff, 0xff, 0xff, 0xff, 0xff, 0xff, 0xff, 0xff, 0xff, 0xff, 0xff, 0xff, 0xff, 0xff, 0xff, 0xff, 0xff, 0xff, 0xff, 0xff, 0xff, 0xff, 0xff, 0xff, 0xff, 0xff, 0xff, 0xff, 0xff, 0xff, 0xff, 0xff, 0xff, 0xff, 0xff, 0xff, 0xff, 0xff, 0xfe, 0xff,
    0xff, 0xff, 0xff, 0xff, 0xff, 0xff, 0xff, 0xff, 0xff, 0xff, 0xff, 0xff, 0xff, 0xff, 0xff, 0xff, 0xff, 0xff, 0xde, 0xff, 0xde, 0xff, 0xff, 0xff, 0xff, 0xff, 0xff, 0xff, 0xff, 0xff, 0xff, 0xff, 0xff, 0xff, 0xff, 0xff, 0xff, 0xff, 0xff, 0xff,
    0xff, 0xff, 0xff, 0xff, 0xff, 0xff, 0xff, 0xff, 0xff, 0xff, 0xff, 0xff, 0xff, 0xff, 0xff, 0xff, 0xff, 0xff, 0xff, 0xff, 0xff, 0xff, 0xff, 0xff, 0xff, 0xff, 0xff, 0xff, 0xff, 0xff, 0xff, 0xff, 0xff, 0xff, 0xff, 0xff, 0xff, 0xff, 0xff, 0xff,
    0xff, 0xff, 0xff, 0xff, 0xff, 0xff, 0xff, 0xff, 0xff, 0xff, 0xff, 0xff, 0xff, 0xff, 0xff, 0xff, 0xff, 0xff, 0xff, 0xff, 0xff, 0xff, 0xff, 0xff, 0xff, 0xff, 0xff, 0xff, 0xff, 0xff, 0xff, 0xff, 0xff, 0xff, 0xff, 0xff, 0xfe, 0xff, 0xfe, 0xff,
    0xff, 0xff, 0xff, 0xff, 0xd7, 0xbd, 0xeb, 0x5a, 0xc2, 0x18, 0x00, 0x00, 0x00, 0x00, 0x00, 0x00, 0x00, 0x00, 0xca, 0x5a, 0x3c, 0xe7, 0xff, 0xff, 0xff, 0xff, 0xff, 0xff, 0xff, 0xff, 0xff, 0xff, 0xff, 0xff, 0xff, 0xff, 0xff, 0xff, 0xff, 0xff,
    0xff, 0xff, 0xff, 0xff, 0xff, 0xff, 0xff, 0xff, 0xff, 0xff, 0xff, 0xff, 0xff, 0xff, 0xff, 0xff, 0xff, 0xff, 0xff, 0xff, 0xff, 0xff, 0xff, 0xff, 0xff, 0xff, 0xff, 0xff, 0xff, 0xff, 0xff, 0xff, 0xff, 0xff, 0xff, 0xff, 0xff, 0xff, 0xdf, 0xff,
    0xff, 0xff, 0xff, 0xff, 0xff, 0xff, 0xff, 0xff, 0xff, 0xff, 0xff, 0xff, 0xff, 0xff, 0xff, 0xff, 0xfe, 0xff, 0xff, 0xff, 0xff, 0xff, 0xff, 0xff, 0xff, 0xff, 0xff, 0xff, 0xff, 0xff, 0xff, 0xff, 0xff, 0xff, 0xff, 0xff, 0xfe, 0xff, 0xff, 0xff,
    0xfb, 0xde, 0x51, 0x8c, 0xca, 0x5a, 0x69, 0x4a, 0xca, 0x5a, 0xef, 0x7b, 0x75, 0xad, 0xfb, 0xde, 0xff, 0xff, 0xff, 0xff, 0xff, 0xff, 0xff, 0xff, 0xde, 0xff, 0xff, 0xff, 0xff, 0xff, 0xff, 0xff, 0xff, 0xff, 0xff, 0xff, 0xff, 0xff, 0xff, 0xff,
    0xff, 0xff, 0xff, 0xff, 0xff, 0xff, 0xff, 0xff, 0xff, 0xff, 0xff, 0xff, 0xff, 0xff, 0xff, 0xff, 0xff, 0xff, 0xff, 0xff, 0xff, 0xff, 0xff, 0xff, 0xff, 0xff, 0xff, 0xff, 0xff, 0xff, 0xff, 0xff, 0xff, 0xff, 0xff, 0xff, 0xff, 0xff, 0xff, 0xff,
    0xff, 0xff, 0xff, 0xff, 0xff, 0xff, 0xff, 0xff, 0xff, 0xff, 0xff, 0xff, 0xff, 0xff, 0xff, 0xff, 0xff, 0xff, 0xff, 0xff, 0xff, 0xff, 0xff, 0xff, 0xff, 0xff, 0xff, 0xff, 0xff, 0xff, 0xff, 0xff, 0xff, 0xff, 0xde, 0xff, 0xff, 0xff, 0xff, 0xff,
    0xf7, 0xbd, 0x28, 0x42, 0x00, 0x00, 0x00, 0x00, 0x00, 0x00, 0xa4, 0x31, 0x27, 0x6b, 0x07, 0x6b, 0xc2, 0x18, 0x00, 0x00, 0x44, 0x29, 0x3c, 0xef, 0xff, 0xff, 0xff, 0xff, 0xff, 0xff, 0xff, 0xff, 0xff, 0xff, 0xff, 0xff, 0xff, 0xff, 0xff, 0xff,
    0xff, 0xff, 0xff, 0xff, 0xff, 0xff, 0xff, 0xff, 0xff, 0xff, 0xff, 0xff, 0xff, 0xff, 0xff, 0xff, 0xff, 0xff, 0xff, 0xff, 0xff, 0xff, 0xff, 0xff, 0xff, 0xff, 0xff, 0xff, 0xff, 0xff, 0xff, 0xff, 0xff, 0xff, 0xff, 0xff, 0xff, 0xff, 0xdf, 0xff,
    0xff, 0xff, 0xff, 0xff, 0xff, 0xff, 0xff, 0xff, 0xff, 0xff, 0xff, 0xff, 0xff, 0xff, 0xff, 0xff, 0xff, 0xff, 0xff, 0xff, 0xff, 0xff, 0xff, 0xff, 0xff, 0xff, 0xff, 0xff, 0xff, 0xff, 0xff, 0xff, 0xff, 0xff, 0xfe, 0xff, 0xff, 0xff, 0x34, 0xa5,
    0x82, 0x10, 0x00, 0x00, 0x00, 0x00, 0x00, 0x00, 0x00, 0x00, 0x00, 0x00, 0x00, 0x00, 0x40, 0x08, 0xa6, 0x31, 0xcf, 0x7b, 0x38, 0xc6, 0xde, 0xff, 0xff, 0xff, 0xff, 0xff, 0xff, 0xff, 0xde, 0xff, 0xff, 0xff, 0xff, 0xff, 0xff, 0xff, 0xff, 0xff,
    0xff, 0xff, 0xff, 0xff, 0xff, 0xff, 0xff, 0xff, 0xff, 0xff, 0xff, 0xff, 0xff, 0xff, 0xff, 0xff, 0xff, 0xff, 0xff, 0xff, 0xff, 0xff, 0xff, 0xff, 0xff, 0xff, 0xff, 0xff, 0xff, 0xff, 0xff, 0xff, 0xff, 0xff, 0xff, 0xff, 0xff, 0xff, 0xff, 0xff,
    0xff, 0xff, 0xfe, 0xff, 0xff, 0xff, 0xff, 0xff, 0xff, 0xff, 0xff, 0xff, 0xff, 0xff, 0xff, 0xff, 0xff, 0xff, 0xff, 0xff, 0xff, 0xff, 0xff, 0xff, 0xff, 0xff, 0xff, 0xff, 0xff, 0xff, 0xff, 0xff, 0xfe, 0xff, 0xff, 0xff, 0xfb, 0xde, 0xeb, 0x5a,
    0x00, 0x00, 0x00, 0x00, 0x00, 0x00, 0x66, 0x52, 0x8d, 0xbd, 0xce, 0xfe, 0x6b, 0xfe, 0x6b, 0xfe, 0xac, 0xe5, 0x43, 0x31, 0x00, 0x00, 0x28, 0x4a, 0xff, 0xff, 0xff, 0xff, 0xff, 0xff, 0xff, 0xff, 0xff, 0xff, 0xff, 0xff, 0xff, 0xff, 0xff, 0xff,
    0xff, 0xff, 0xfe, 0xff, 0xff, 0xff, 0xfe, 0xff, 0xff, 0xff, 0xff, 0xff, 0xff, 0xff, 0xff, 0xff, 0xff, 0xff, 0xff, 0xff, 0xfe, 0xff, 0xff, 0xff, 0xff, 0xff, 0xff, 0xff, 0xff, 0xff, 0xff, 0xff, 0xff, 0xff, 0xff, 0xff, 0xff, 0xff, 0xdf, 0xff,
    0xff, 0xff, 0xff, 0xff, 0xff, 0xff, 0xff, 0xff, 0xff, 0xff, 0xff, 0xff, 0xff, 0xff, 0xff, 0xff, 0xff, 0xff, 0xff, 0xff, 0xff, 0xff, 0xff, 0xff, 0xff, 0xff, 0xff, 0xff, 0xff, 0xff, 0xff, 0xff, 0xde, 0xff, 0xff, 0xff, 0xf7, 0xbd, 0x00, 0x00,
    0x00, 0x00, 0x43, 0x31, 0xe9, 0x93, 0xcb, 0xbc, 0xaa, 0xb4, 0xc9, 0x8b, 0x86, 0x5a, 0xe2, 0x18, 0x00, 0x00, 0x00, 0x00, 0x00, 0x00, 0x85, 0x31, 0xef, 0x7b, 0xba, 0xd6, 0xff, 0xff, 0xff, 0xff, 0xff, 0xff, 0xde, 0xff, 0xff, 0xff, 0xff, 0xff,
    0xff, 0xff, 0xff, 0xff, 0xff, 0xff, 0xff, 0xff, 0xff, 0xff, 0xff, 0xff, 0xff, 0xff, 0xff, 0xff, 0xff, 0xff, 0xff, 0xff, 0xff, 0xff, 0xff, 0xff, 0xbe, 0xf7, 0xff, 0xff, 0xff, 0xff, 0xff, 0xff, 0xff, 0xff, 0xff, 0xff, 0xff, 0xff, 0xff, 0xff,
    0xff, 0xff, 0xff, 0xff, 0xff, 0xff, 0xff, 0xff, 0xff, 0xff, 0xff, 0xff, 0xff, 0xff, 0xff, 0xff, 0xff, 0xff, 0xff, 0xff, 0xff, 0xff, 0xff, 0xff, 0xff, 0xff, 0xff, 0xff, 0xde, 0xff, 0xff, 0xff, 0xff, 0xff, 0xf3, 0x9c, 0xa2, 0x10, 0x00, 0x00,
    0x00, 0x00, 0x63, 0x31, 0x6c, 0xbd, 0x4f, 0xff, 0x6b, 0xfe, 0xa8, 0xfd, 0x88, 0xfd, 0x88, 0xf5, 0x09, 0xfe, 0xea, 0xcc, 0x61, 0x08, 0x00, 0x00, 0x13, 0xa5, 0xff, 0xff, 0xde, 0xff, 0xff, 0xff, 0xff, 0xff, 0xff, 0xff, 0xff, 0xff, 0xff, 0xff,
    0xff, 0xff, 0xff, 0xff, 0xff, 0xff, 0xff, 0xff, 0xff, 0xff, 0xff, 0xff, 0xff, 0xff, 0xff, 0xff, 0xff, 0xff, 0xfe, 0xff, 0xff, 0xff, 0xff, 0xff, 0xff, 0xff, 0xff, 0xff, 0xff, 0xff, 0xff, 0xff, 0xff, 0xff, 0xff, 0xff, 0xff, 0xff, 0xdf, 0xff,
    0xff, 0xff, 0xff, 0xff, 0xff, 0xff, 0xff, 0xff, 0xff, 0xff, 0xff, 0xff, 0xff, 0xff, 0xff, 0xff, 0xff, 0xff, 0xff, 0xff, 0xff, 0xff, 0xff, 0xff, 0xff, 0xff, 0xff, 0xff, 0xff, 0xff, 0xff, 0xff, 0xff, 0xff, 0xdf, 0xff, 0x65, 0x29, 0x00, 0x00,
    0x84, 0x39, 0x0b, 0xf6, 0x29, 0xfe, 0xe9, 0xfd, 0x09, 0xfe, 0x2a, 0xfe, 0x4b, 0xfe, 0x2d, 0xf6, 0x2c, 0xbd, 0x28, 0x6b, 0xe2, 0x18, 0x00, 0x00, 0x00, 0x00, 0x40, 0x08, 0x8a, 0x52, 0xb6, 0xbd, 0xff, 0xff, 0xff, 0xff, 0xff, 0xff, 0xff, 0xff,
    0xff, 0xff, 0xff, 0xff, 0xff, 0xff, 0xff, 0xff, 0xff, 0xff, 0xff, 0xff, 0xff, 0xff, 0xff, 0xff, 0xfe, 0xff, 0xff, 0xff, 0xff, 0xff, 0xff, 0xff, 0x79, 0xd6, 0x69, 0x52, 0x7d, 0xef, 0xff, 0xff, 0xff, 0xff, 0xff, 0xff, 0xff, 0xff, 0xff, 0xff,
    0xff, 0xff, 0x54, 0xad, 0x5c, 0xef, 0xff, 0xff, 0xff, 0xff, 0xff, 0xff, 0xfe, 0xff, 0xfe, 0xff, 0xff, 0xff, 0xff, 0xff, 0xff, 0xff, 0xff, 0xff, 0xff, 0xff, 0xde, 0xff, 0xff, 0xff, 0x7d, 0xef, 0xeb, 0x5a, 0x00, 0x00, 0x00, 0x00, 0x41, 0x08,
    0xa9, 0x7b, 0x50, 0xf7, 0x2e, 0xff, 0xa8, 0xfd, 0x88, 0xfd, 0x88, 0xfd, 0xc9, 0xfd, 0xa9, 0xfd, 0x6a, 0xf5, 0xed, 0xfd, 0xe7, 0x7a, 0x00, 0x00, 0x44, 0x29, 0xbe, 0xf7, 0xff, 0xff, 0xff, 0xff, 0xff, 0xff, 0xff, 0xff, 0xff, 0xff, 0xff, 0xff,
    0xff, 0xff, 0xff, 0xff, 0xff, 0xff, 0xff, 0xff, 0xff, 0xff, 0xff, 0xff, 0xff, 0xff, 0xff, 0xff, 0xff, 0xff, 0xfe, 0xff, 0xff, 0xff, 0xff, 0xff, 0xff, 0xff, 0xff, 0xff, 0xff, 0xff, 0xff, 0xff, 0xff, 0xff, 0xff, 0xff, 0xff, 0xff, 0xde, 0xff,
    0xff, 0xff, 0xff, 0xff, 0xff, 0xff, 0xff, 0xff, 0xff, 0xff, 0xff, 0xff, 0xff, 0xff, 0xff, 0xff, 0xff, 0xff, 0xff, 0xff, 0xfe, 0xff, 0xff, 0xff, 0xff, 0xff, 0xff, 0xff, 0xff, 0xff, 0xde, 0xff, 0xff, 0xff, 0x95, 0xb5, 0x00, 0x00, 0x40, 0x08,
    0xc8, 0xd4, 0x08, 0xfe, 0x87, 0xf5, 0x88, 0xf5, 0x88, 0xf5, 0x68, 0xf5, 0x67, 0xf5, 0x88, 0xfd, 0x09, 0xfe, 0x6c, 0xfe, 0x4e, 0xee, 0x6b, 0x9c, 0xa4, 0x31, 0x00, 0x00, 0x00, 0x00, 0x00, 0x00, 0xe7, 0x41, 0x75, 0xb5, 0xff, 0xff, 0xff, 0xff,
    0xfe, 0xff, 0xff, 0xff, 0xff, 0xff, 0xff, 0xff, 0xff, 0xff, 0xff, 0xff, 0xff, 0xff, 0xff, 0xff, 0xff, 0xff, 0xff, 0xff, 0xde, 0xff, 0xfe, 0xff, 0xff, 0xff, 0x8d, 0x73, 0x44, 0x29, 0x9e, 0xf7, 0xff, 0xff, 0xff, 0xff, 0xde, 0xff, 0xff, 0xff,
    0x0f, 0x7c, 0x69, 0x52, 0xde, 0xff, 0xff, 0xff, 0xfe, 0xff, 0xfe, 0xff, 0xff, 0xff, 0xff, 0xff, 0xff, 0xff, 0xff, 0xff, 0xff, 0xff, 0xff, 0xff, 0xde, 0xff, 0xff, 0xff, 0x79, 0xce, 0x65, 0x29, 0x00, 0x00, 0x00, 0x00, 0x43, 0x29, 0xcd, 0xcd,
    0xf1, 0xff, 0xac, 0xfe, 0x68, 0xfd, 0x88, 0xfd, 0x88, 0xfd, 0xea, 0xfd, 0xe9, 0xdc, 0x2d, 0xf5, 0x2f, 0xf5, 0x4f, 0xfd, 0xce, 0xdc, 0x61, 0x08, 0x00, 0x00, 0x75, 0xad, 0xff, 0xff, 0xde, 0xff, 0xff, 0xff, 0xff, 0xff, 0xff, 0xff, 0xff, 0xff,
    0xff, 0xff, 0xff, 0xff, 0xff, 0xff, 0xff, 0xff, 0xff, 0xff, 0xff, 0xff, 0xfe, 0xff, 0xfe, 0xff, 0xff, 0xff, 0xff, 0xff, 0xff, 0xff, 0xff, 0xff, 0xff, 0xff, 0xff, 0xff, 0xff, 0xff, 0xff, 0xff, 0xff, 0xff, 0xff, 0xff, 0xff, 0xff, 0xdf, 0xff,
    0xff, 0xff, 0xff, 0xff, 0xff, 0xff, 0xff, 0xff, 0xff, 0xff, 0xff, 0xff, 0xff, 0xff, 0xff, 0xff, 0xff, 0xff, 0xff, 0xff, 0xff, 0xff, 0xff, 0xff, 0xff, 0xff, 0xff, 0xff, 0xff, 0xff, 0xde, 0xff, 0xff, 0xff, 0xeb, 0x5a, 0x00, 0x00, 0xa3, 0x49,
    0xcb, 0xfd, 0x6b, 0xfd, 0x8c, 0xfd, 0xaa, 0xfd, 0xa8, 0xfd, 0xe9, 0xfd, 0x09, 0xfe, 0x88, 0xfd, 0x68, 0xf5, 0x68, 0xfd, 0xa8, 0xfd, 0x4b, 0xfe, 0x8e, 0xfe, 0xec, 0xac, 0x06, 0x42, 0x00, 0x00, 0x00, 0x00, 0x00, 0x00, 0x07, 0x42, 0xf7, 0xbd,
    0xff, 0xff, 0xff, 0xff, 0xde, 0xff, 0xff, 0xff, 0xff, 0xff, 0xff, 0xff, 0xff, 0xff, 0x99, 0xd6, 0x38, 0xc6, 0xff, 0xff, 0xff, 0xff, 0xfe, 0xff, 0xde, 0xff, 0xff, 0xff, 0xaa, 0x52, 0xa6, 0x31, 0xff, 0xff, 0xbe, 0xf7, 0xff, 0xff, 0x34, 0xa5,
    0x61, 0x08, 0x5c, 0xef, 0xff, 0xff, 0xde, 0xff, 0xff, 0xff, 0xff, 0xff, 0xb6, 0xbd, 0x75, 0xad, 0xff, 0xff, 0xfe, 0xff, 0xff, 0xff, 0xde, 0xff, 0xff, 0xff, 0x95, 0xb5, 0x61, 0x08, 0x00, 0x00, 0x00, 0x00, 0xa6, 0x62, 0xef, 0xf6, 0xb0, 0xff,
    0x6c, 0xf6, 0x68, 0xfd, 0x68, 0xfd, 0x88, 0xfd, 0xea, 0xfd, 0xa5, 0x72, 0xa8, 0x7a, 0x4f, 0xfd, 0x2e, 0xf5, 0x2e, 0xf5, 0xb1, 0xfd, 0x06, 0x5a, 0x00, 0x00, 0x89, 0x52, 0xff, 0xff, 0xfe, 0xff, 0xff, 0xff, 0xff, 0xff, 0xff, 0xff, 0xff, 0xff,
    0xff, 0xff, 0xff, 0xff, 0xff, 0xff, 0xff, 0xff, 0xff, 0xff, 0xff, 0xff, 0xff, 0xff, 0xff, 0xff, 0xff, 0xff, 0xff, 0xff, 0xff, 0xff, 0xff, 0xff, 0xff, 0xff, 0xff, 0xff, 0xff, 0xff, 0xff, 0xff, 0xff, 0xff, 0xff, 0xff, 0xff, 0xff, 0xdf, 0xff,
    0xff, 0xff, 0xff, 0xff, 0xff, 0xff, 0xff, 0xff, 0xff, 0xff, 0xff, 0xff, 0xff, 0xff, 0xff, 0xff, 0xff, 0xff, 0xff, 0xff, 0xff, 0xff, 0xff, 0xff, 0xff, 0xff, 0xff, 0xff, 0xff, 0xff, 0xff, 0xff, 0x9e, 0xf7, 0x03, 0x21, 0x00, 0x00, 0x49, 0x93,
    0x8f, 0xfd, 0x0f, 0xf5, 0x0f, 0xf5, 0x0f, 0xf5, 0x6e, 0xfd, 0xc8, 0xab, 0xa7, 0xa3, 0xca, 0xfd, 0xe9, 0xfd, 0x88, 0xfd, 0x88, 0xfd, 0x68, 0xfd, 0x88, 0xfd, 0x2a, 0xfe, 0xae, 0xfe, 0xcc, 0xac, 0x85, 0x31, 0x00, 0x00, 0x00, 0x00, 0x00, 0x00,
    0xca, 0x5a, 0xda, 0xde, 0xff, 0xff, 0xff, 0xff, 0xff, 0xff, 0xff, 0xff, 0xdf, 0xff, 0x79, 0xd6, 0x69, 0x52, 0xe7, 0x41, 0x96, 0xb5, 0xff, 0xff, 0xff, 0xff, 0xff, 0xff, 0xff, 0xff, 0xa6, 0x31, 0xae, 0x7b, 0xff, 0xff, 0x7d, 0xef, 0x82, 0x10,
    0x59, 0xce, 0xff, 0xff, 0xff, 0xff, 0xff, 0xff, 0x3c, 0xe7, 0x0b, 0x63, 0x4d, 0x6b, 0x5d, 0xef, 0xff, 0xff, 0xff, 0xff, 0xde, 0xff, 0xff, 0xff, 0xf3, 0x9c, 0x00, 0x00, 0x00, 0x00, 0x00, 0x00, 0xe9, 0x8b, 0x90, 0xff, 0x2f, 0xff, 0x6d, 0xf6,
    0x68, 0xfd, 0x68, 0xfd, 0x68, 0xfd, 0xea, 0xfd, 0x24, 0x62, 0x03, 0x31, 0x4f, 0xfd, 0x2e, 0xfd, 0x2e, 0xf5, 0x2e, 0xf5, 0x90, 0xfd, 0xab, 0xa3, 0x00, 0x00, 0x61, 0x10, 0x3c, 0xe7, 0xff, 0xff, 0xff, 0xff, 0xff, 0xff, 0xff, 0xff, 0xff, 0xff,
    0xff, 0xff, 0xff, 0xff, 0xff, 0xff, 0xff, 0xff, 0xff, 0xff, 0xff, 0xff, 0xff, 0xff, 0xff, 0xff, 0xff, 0xff, 0xff, 0xff, 0xff, 0xff, 0xff, 0xff, 0xff, 0xff, 0xff, 0xff, 0xff, 0xff, 0xff, 0xff, 0xff, 0xff, 0xff, 0xff, 0xff, 0xff, 0xdf, 0xff,
    0xff, 0xff, 0xff, 0xff, 0xff, 0xff, 0xff, 0xff, 0xff, 0xff, 0xff, 0xff, 0xff, 0xff, 0xff, 0xff, 0xff, 0xff, 0xff, 0xff, 0xff, 0xff, 0xff, 0xff, 0xff, 0xff, 0xff, 0xff, 0xde, 0xff, 0xff, 0xff, 0x38, 0xc6, 0x41, 0x08, 0x40, 0x08, 0x6d, 0xcc,
    0x6f, 0xfd, 0x2f, 0xf5, 0x2e, 0xfd, 0xee, 0xf4, 0xee, 0xfc, 0x6d, 0xcc, 0xa5, 0x49, 0x02, 0x29, 0x28, 0xb4, 0x0a, 0xfe, 0xa8, 0xfd, 0x68, 0xfd, 0x88, 0xfd, 0x67, 0xf5, 0x67, 0xfd, 0x0a, 0xfe, 0x2d, 0xf6, 0x0a, 0x94, 0xe3, 0x18, 0x00, 0x00,
    0x00, 0x00, 0x81, 0x10, 0x71, 0x94, 0xff, 0xff, 0xff, 0xff, 0xff, 0xff, 0xff, 0xff, 0xff, 0xff, 0xff, 0xff, 0x96, 0xb5, 0x03, 0x21, 0xeb, 0x62, 0x9a, 0xd6, 0xf7, 0xbd, 0x75, 0xad, 0x8d, 0x73, 0x20, 0x00, 0xef, 0x7b, 0x07, 0x42, 0x61, 0x08,
    0x8d, 0x6b, 0x0c, 0x63, 0x6d, 0x73, 0x0f, 0x84, 0xe3, 0x18, 0x03, 0x21, 0x96, 0xb5, 0x58, 0xce, 0xfb, 0xde, 0xbe, 0xff, 0xff, 0xff, 0xb2, 0x94, 0x00, 0x00, 0x00, 0x00, 0x00, 0x00, 0x6a, 0x9c, 0xb0, 0xff, 0x2f, 0xff, 0x8d, 0xfe, 0x88, 0xfd,
    0x88, 0xfd, 0x68, 0xfd, 0x0a, 0xfe, 0x26, 0x8b, 0x20, 0x00, 0xee, 0xe4, 0x4f, 0xfd, 0x2e, 0xf5, 0x2e, 0xfd, 0x2e, 0xf5, 0x4f, 0xfd, 0xce, 0xe4, 0x61, 0x10, 0x00, 0x00, 0x34, 0xa5, 0xff, 0xff, 0xde, 0xff, 0xff, 0xff, 0xff, 0xff, 0xff, 0xff,
    0xff, 0xff, 0xff, 0xff, 0xff, 0xff, 0xff, 0xff, 0xff, 0xff, 0xff, 0xff, 0xff, 0xff, 0xff, 0xff, 0xff, 0xff, 0xff, 0xff, 0xff, 0xff, 0xff, 0xff, 0xff, 0xff, 0xff, 0xff, 0xff, 0xff, 0xff, 0xff, 0xff, 0xff, 0xff, 0xff, 0xff, 0xff, 0xde, 0xff,
    0xff, 0xff, 0xff, 0xff, 0xff, 0xff, 0xff, 0xff, 0xff, 0xff, 0xff, 0xff, 0xff, 0xff, 0xff, 0xff, 0xff, 0xff, 0xff, 0xff, 0xff, 0xff, 0xff, 0xff, 0xff, 0xff, 0xff, 0xff, 0xde, 0xff, 0xff, 0xff, 0xd2, 0x9c, 0x00, 0x00, 0xc2, 0x18, 0x0e, 0xed,
    0x4f, 0xfd, 0x2e, 0xf5, 0x2e, 0xf5, 0x0e, 0xf5, 0xee, 0xf4, 0x2e, 0xfd, 0x90, 0xfd, 0x09, 0x83, 0x00, 0x00, 0x04, 0x5a, 0x6a, 0xed, 0xc9, 0xfd, 0x67, 0xf5, 0x88, 0xfd, 0x67, 0xfd, 0x47, 0xf5, 0x67, 0xfd, 0x0a, 0xfe, 0xab, 0xe5, 0xa7, 0x6a,
    0x21, 0x00, 0x00, 0x00, 0x00, 0x00, 0x49, 0x4a, 0x1c, 0xe7, 0xff, 0xff, 0x9a, 0xd6, 0x13, 0xa5, 0x6d, 0x73, 0xaa, 0x52, 0xe3, 0x18, 0x00, 0x00, 0x00, 0x00, 0x00, 0x00, 0x00, 0x00, 0x00, 0x00, 0x20, 0x00, 0x00, 0x00, 0x00, 0x00, 0x60, 0x10,
    0x00, 0x00, 0x00, 0x00, 0x00, 0x00, 0x00, 0x00, 0x00, 0x00, 0x00, 0x00, 0x00, 0x00, 0x00, 0x00, 0x00, 0x00, 0x04, 0x21, 0x69, 0x4a, 0x20, 0x00, 0x00, 0x00, 0x41, 0x00, 0xeb, 0xac, 0xb0, 0xff, 0x0e, 0xff, 0xcd, 0xfe, 0xea, 0xfd, 0xa8, 0xfd,
    0x88, 0xfd, 0xe9, 0xfd, 0x88, 0xc4, 0x00, 0x00, 0xec, 0xab, 0x90, 0xfd, 0x0e, 0xf5, 0x4f, 0xfd, 0x2e, 0xfd, 0x2e, 0xf5, 0x2f, 0xf5, 0x70, 0xfd, 0x84, 0x41, 0x00, 0x00, 0x0c, 0x63, 0xff, 0xff, 0xde, 0xff, 0xff, 0xff, 0xff, 0xff, 0xff, 0xff,
    0xff, 0xff, 0xff, 0xff, 0xff, 0xff, 0xff, 0xff, 0xff, 0xff, 0xff, 0xff, 0xff, 0xff, 0xff, 0xff, 0xff, 0xff, 0xff, 0xff, 0xff, 0xff, 0xff, 0xff, 0xff, 0xff, 0xff, 0xff, 0xff, 0xff, 0xff, 0xff, 0xff, 0xff, 0xff, 0xff, 0xff, 0xff, 0xde, 0xff,
    0xff, 0xff, 0xff, 0xff, 0xff, 0xff, 0xff, 0xff, 0xff, 0xff, 0xff, 0xff, 0xff, 0xff, 0xff, 0xff, 0xff, 0xff, 0xff, 0xff, 0xff, 0xff, 0xff, 0xff, 0xff, 0xff, 0xff, 0xff, 0xde, 0xff, 0xff, 0xff, 0x8d, 0x73, 0x00, 0x00, 0x64, 0x39, 0x4f, 0xfd,
    0x0e, 0xfd, 0x0e, 0xfd, 0x2e, 0xf5, 0x0e, 0xfd, 0x0e, 0xfd, 0x0e, 0xf5, 0xee, 0xf4, 0xb0, 0xfd, 0x6d, 0xc4, 0x81, 0x10, 0xa2, 0x20, 0xa9, 0xcc, 0xe9, 0xfd, 0x68, 0xfd, 0x67, 0xfd, 0x67, 0xfd, 0x67, 0xfd, 0x47, 0xf5, 0x68, 0xfd, 0xea, 0xfd,
    0x48, 0xbc, 0x03, 0x31, 0x00, 0x00, 0x00, 0x00, 0x03, 0x21, 0x85, 0x31, 0x00, 0x00, 0x00, 0x00, 0x00, 0x00, 0x00, 0x00, 0x60, 0x20, 0x42, 0x41, 0x04, 0x5a, 0x81, 0x18, 0x85, 0x62, 0x47, 0xc4, 0x05, 0xcb, 0x25, 0xdb, 0x25, 0xdb, 0x24, 0xe3,
    0x45, 0xe3, 0x25, 0xd3, 0x63, 0x59, 0x08, 0xb4, 0x68, 0xbc, 0xa7, 0x9b, 0x24, 0x8a, 0xa2, 0x71, 0x01, 0x49, 0xa0, 0x28, 0x00, 0x00, 0x00, 0x00, 0x00, 0x00, 0x48, 0xac, 0xcc, 0xfe, 0x4c, 0xf6, 0x4b, 0xfe, 0xc9, 0xfd, 0xa8, 0xfd, 0xa8, 0xfd,
    0xa8, 0xfd, 0xaa, 0xfd, 0xc1, 0x20, 0xc5, 0x51, 0xb0, 0xfd, 0xee, 0xf4, 0x2f, 0xfd, 0x4f, 0xfd, 0x4f, 0xf5, 0x4e, 0xfd, 0x2e, 0xf5, 0x90, 0xfd, 0xa8, 0x7a, 0x00, 0x00, 0x85, 0x31, 0xff, 0xff, 0xff, 0xff, 0xff, 0xff, 0xff, 0xff, 0xff, 0xff,
    0xff, 0xff, 0xff, 0xff, 0xff, 0xff, 0xff, 0xff, 0xff, 0xff, 0xff, 0xff, 0xff, 0xff, 0xff, 0xff, 0xff, 0xff, 0xff, 0xff, 0xff, 0xff, 0xff, 0xff, 0xff, 0xff, 0xff, 0xff, 0xff, 0xff, 0xff, 0xff, 0xff, 0xff, 0xff, 0xff, 0xff, 0xff, 0xde, 0xff,
    0xff, 0xff, 0xff, 0xff, 0xff, 0xff, 0xff, 0xff, 0xff, 0xff, 0xff, 0xff, 0xff, 0xff, 0xff, 0xff, 0xff, 0xff, 0xff, 0xff, 0xff, 0xff, 0xff, 0xff, 0xff, 0xff, 0xff, 0xff, 0xde, 0xff, 0xff, 0xff, 0xaa, 0x52, 0x00, 0x00, 0xc5, 0x51, 0x6f, 0xfd,
    0x0e, 0xf5, 0x0e, 0xfd, 0x2e, 0xfd, 0x2e, 0xfd, 0x2f, 0xfd, 0x2f, 0xfd, 0x2e, 0xfd, 0xee, 0xf4, 0x6f, 0xfd, 0xee, 0xe4, 0x03, 0x31, 0x00, 0x00, 0x29, 0xb4, 0x09, 0xfe, 0x67, 0xf5, 0x67, 0xfd, 0x67, 0xfd, 0x47, 0xfd, 0x47, 0xf5, 0x27, 0xf5,
    0x87, 0xfd, 0x49, 0xf5, 0x65, 0x6a, 0x00, 0x00, 0x00, 0x00, 0x00, 0x00, 0xc1, 0x30, 0xa3, 0x69, 0x64, 0xa2, 0x05, 0xd3, 0x65, 0xf3, 0xa5, 0xfb, 0xe7, 0xfc, 0x49, 0xdd, 0xa8, 0xc4, 0x6a, 0xfe, 0xc7, 0xfc, 0x64, 0xfb, 0x64, 0xfb, 0x44, 0xfb,
    0x64, 0xfb, 0x64, 0xf3, 0x64, 0xf3, 0xc7, 0xfc, 0x4a, 0xfe, 0x4a, 0xfe, 0xc7, 0xfc, 0x64, 0xfb, 0x85, 0xfb, 0x65, 0xf3, 0x05, 0xd3, 0x64, 0x92, 0x28, 0xac, 0x09, 0xfe, 0x68, 0xfd, 0x88, 0xfd, 0x88, 0xfd, 0x88, 0xfd, 0xa8, 0xfd, 0x88, 0xfd,
    0x09, 0xfe, 0x26, 0x8b, 0x00, 0x00, 0xce, 0xdc, 0x4f, 0xfd, 0x70, 0xfd, 0x4f, 0xfd, 0x2f, 0xf5, 0x4f, 0xfd, 0x4f, 0xf5, 0x2e, 0xf5, 0x90, 0xfd, 0xcb, 0xab, 0x00, 0x00, 0x41, 0x08, 0x1b, 0xe7, 0xff, 0xff, 0xff, 0xff, 0xff, 0xff, 0xff, 0xff,
    0xff, 0xff, 0xff, 0xff, 0xff, 0xff, 0xff, 0xff, 0xff, 0xff, 0xff, 0xff, 0xff, 0xff, 0xfe, 0xff, 0xfe, 0xff, 0xff, 0xff, 0xff, 0xff, 0xff, 0xff, 0xff, 0xff, 0xff, 0xff, 0xff, 0xff, 0xff, 0xff, 0xff, 0xff, 0xff, 0xff, 0xff, 0xff, 0xde, 0xff,
    0xff, 0xff, 0xff, 0xff, 0xff, 0xff, 0xff, 0xff, 0xff, 0xff, 0xff, 0xff, 0xff, 0xff, 0xff, 0xff, 0xff, 0xff, 0xff, 0xff, 0xff, 0xff, 0xff, 0xff, 0xff, 0xff, 0xff, 0xff, 0xff, 0xff, 0xff, 0xff, 0xe7, 0x39, 0x00, 0x00, 0x46, 0x62, 0x90, 0xfd,
    0x0e, 0xf5, 0x2f, 0xfd, 0x2e, 0xfd, 0x2f, 0xfd, 0x2f, 0xfd, 0x2e, 0xfd, 0x2e, 0xfd, 0x0e, 0xfd, 0x0e, 0xf5, 0x2e, 0xfd, 0x4f, 0xf5, 0x84, 0x41, 0x00, 0x00, 0xc8, 0xa3, 0xe9, 0xfd, 0x47, 0xf5, 0x67, 0xfd, 0x46, 0xfd, 0x47, 0xfd, 0x47, 0xfd,
    0x48, 0xf5, 0x47, 0xfd, 0xc9, 0xfd, 0x27, 0xb4, 0x87, 0x93, 0x2a, 0xdd, 0xe5, 0xf3, 0x44, 0xfb, 0x84, 0xfb, 0x44, 0xfb, 0x44, 0xf3, 0x44, 0xf3, 0x24, 0xeb, 0xc7, 0xfc, 0x2a, 0xfe, 0xa9, 0xfd, 0x09, 0xfe, 0x06, 0xf4, 0x24, 0xf3, 0x44, 0xf3,
    0x44, 0xf3, 0x44, 0xf3, 0x64, 0xf3, 0x44, 0xf3, 0x08, 0xf5, 0xe9, 0xfd, 0xc9, 0xf5, 0xa5, 0xeb, 0x03, 0xeb, 0x44, 0xf3, 0x44, 0xfb, 0x84, 0xfb, 0xc7, 0xfc, 0xa9, 0xf5, 0xa9, 0xf5, 0xa9, 0xfd, 0xc9, 0xfd, 0xa9, 0xfd, 0x89, 0xfd, 0xa8, 0xfd,
    0x69, 0xf5, 0x40, 0x08, 0xa7, 0x72, 0x11, 0xfe, 0x30, 0xf5, 0xec, 0xb3, 0xcf, 0xe4, 0x50, 0xfd, 0x4f, 0xf5, 0x4f, 0xf5, 0x2f, 0xf5, 0x70, 0xfd, 0x8e, 0xd4, 0x20, 0x08, 0x00, 0x00, 0xd6, 0xbd, 0xff, 0xff, 0xde, 0xff, 0xff, 0xff, 0xff, 0xff,
    0xff, 0xff, 0xff, 0xff, 0xff, 0xff, 0xff, 0xff, 0xff, 0xff, 0xfe, 0xff, 0xff, 0xff, 0xff, 0xff, 0xfe, 0xff, 0xfe, 0xff, 0xff, 0xff, 0xff, 0xff, 0xff, 0xff, 0xff, 0xff, 0xff, 0xff, 0xff, 0xff, 0xff, 0xff, 0xff, 0xff, 0xff, 0xff, 0xde, 0xff,
    0xff, 0xff, 0xff, 0xff, 0xff, 0xff, 0xff, 0xff, 0xff, 0xff, 0xff, 0xff, 0xff, 0xff, 0xff, 0xff, 0xff, 0xff, 0xff, 0xff, 0xff, 0xff, 0xff, 0xff, 0xff, 0xff, 0xff, 0xff, 0xff, 0xff, 0xff, 0xff, 0x85, 0x31, 0x00, 0x00, 0xa8, 0x72, 0x90, 0xfd,
    0x0e, 0xf5, 0x2e, 0xfd, 0x2e, 0xfd, 0x2e, 0xfd, 0x2e, 0xfd, 0x2e, 0xfd, 0x2e, 0xfd, 0x2e, 0xfd, 0x2f, 0xfd, 0x0e, 0xfd, 0x2f, 0xfd, 0x70, 0xf5, 0xa5, 0x41, 0x00, 0x00, 0x08, 0xb4, 0xe9, 0xfd, 0x46, 0xf5, 0x46, 0xfd, 0x47, 0xfd, 0x88, 0xf5,
    0x89, 0xfd, 0x89, 0xfd, 0xa8, 0xfd, 0x09, 0xfe, 0x09, 0xfe, 0x09, 0xfe, 0x48, 0xfd, 0x44, 0xeb, 0x23, 0xeb, 0x44, 0xf3, 0x44, 0xf3, 0x44, 0xf3, 0x44, 0xf3, 0x24, 0xeb, 0x08, 0xf5, 0xe9, 0xfd, 0xe9, 0xfd, 0xa9, 0xfd, 0x84, 0xf3, 0x44, 0xf3,
    0x44, 0xf3, 0x44, 0xf3, 0x64, 0xf3, 0x64, 0xf3, 0xe6, 0xf3, 0xc9, 0xfd, 0x09, 0xfe, 0x28, 0xf5, 0x23, 0xf3, 0x44, 0xf3, 0x44, 0xf3, 0x24, 0xeb, 0x44, 0xeb, 0x68, 0xfd, 0x88, 0xfd, 0x88, 0xfd, 0x88, 0xfd, 0x89, 0xfd, 0x88, 0xf5, 0x09, 0xfe,
    0x66, 0x9b, 0x61, 0x08, 0x8f, 0xf5, 0x0c, 0xb4, 0x03, 0x29, 0xa4, 0x41, 0xce, 0xdc, 0x4f, 0xfd, 0x2f, 0xf5, 0x4f, 0xfd, 0x2f, 0xfd, 0x4f, 0xfd, 0x0f, 0xed, 0xa2, 0x18, 0x00, 0x00, 0x91, 0x94, 0xff, 0xff, 0xde, 0xff, 0xff, 0xff, 0xff, 0xff,
    0xff, 0xff, 0xff, 0xff, 0xff, 0xff, 0xff, 0xff, 0xff, 0xff, 0xff, 0xff, 0xff, 0xff, 0xff, 0xff, 0xfe, 0xff, 0xff, 0xff, 0xff, 0xff, 0xff, 0xff, 0xff, 0xff, 0xff, 0xff, 0xff, 0xff, 0xff, 0xff, 0xff, 0xff, 0xff, 0xff, 0xff, 0xff, 0xdf, 0xff,
    0xff, 0xff, 0xff, 0xff, 0xff, 0xff, 0xff, 0xff, 0xff, 0xff, 0xff, 0xff, 0xff, 0xff, 0xff, 0xff, 0xff, 0xff, 0xff, 0xff, 0xff, 0xff, 0xff, 0xff, 0xff, 0xff, 0xff, 0xff, 0xff, 0xff, 0xdf, 0xff, 0x65, 0x31, 0x00, 0x00, 0x87, 0x72, 0x8f, 0xfd,
    0x0e, 0xf5, 0x2e, 0xfd, 0x2e, 0xfd, 0x2e, 0xfd, 0x2e, 0xfd, 0x2f, 0xfd, 0x2f, 0xfd, 0x2f, 0xfd, 0x0f, 0xf5, 0x0f, 0xf5, 0x70, 0xfd, 0xd0, 0xfd, 0xb0, 0xfd, 0x64, 0x41, 0x00, 0x00, 0x68, 0xc4, 0x87, 0xfd, 0x47, 0xf5, 0x88, 0xfd, 0xa9, 0xfd,
    0xa9, 0xfd, 0xa9, 0xfd, 0xa9, 0xfd, 0xa8, 0xfd, 0xa8, 0xfd, 0xa8, 0xfd, 0xe9, 0xfd, 0x08, 0xf5, 0x44, 0xeb, 0x24, 0xf3, 0x44, 0xf3, 0x44, 0xf3, 0x44, 0xf3, 0x44, 0xf3, 0x85, 0xf3, 0x89, 0xfd, 0xc9, 0xfd, 0xe9, 0xfd, 0x28, 0xf5, 0x84, 0xf3,
    0x64, 0xf3, 0x44, 0xf3, 0x44, 0xf3, 0x64, 0xf3, 0x44, 0xf3, 0x08, 0xf5, 0xe9, 0xfd, 0xe9, 0xfd, 0xe5, 0xf3, 0x23, 0xf3, 0x64, 0xf3, 0x44, 0xf3, 0x23, 0xf3, 0x66, 0xf4, 0xa8, 0xfd, 0x88, 0xfd, 0xa8, 0xfd, 0x88, 0xfd, 0x88, 0xfd, 0xa8, 0xfd,
    0xe8, 0xdc, 0xea, 0xd4, 0xec, 0xd4, 0x23, 0x31, 0xe9, 0xab, 0x11, 0xfe, 0xd1, 0xfd, 0x90, 0xfd, 0x70, 0xfd, 0x4f, 0xfd, 0x4f, 0xfd, 0x4f, 0xf5, 0x70, 0xfd, 0x44, 0x31, 0x00, 0x00, 0x8d, 0x73, 0xff, 0xff, 0xde, 0xff, 0xff, 0xff, 0xff, 0xff,
    0xff, 0xff, 0xff, 0xff, 0xff, 0xff, 0xff, 0xff, 0xff, 0xff, 0xff, 0xff, 0xff, 0xff, 0xff, 0xff, 0xff, 0xff, 0xff, 0xff, 0xff, 0xff, 0xff, 0xff, 0xff, 0xff, 0xff, 0xff, 0xff, 0xff, 0xff, 0xff, 0xff, 0xff, 0xff, 0xff, 0xff, 0xff, 0xff, 0xff,
    0xff, 0xff, 0xff, 0xff, 0xff, 0xff, 0xff, 0xff, 0xff, 0xff, 0xff, 0xff, 0xff, 0xff, 0xff, 0xff, 0xff, 0xff, 0xff, 0xff, 0xff, 0xff, 0xff, 0xff, 0xff, 0xff, 0xff, 0xff, 0xff, 0xff, 0xff, 0xff, 0x85, 0x31, 0x00, 0x00, 0x87, 0x72, 0x6f, 0xfd,
    0xed, 0xf4, 0x2e, 0xfd, 0x2e, 0xfd, 0x2e, 0xfd, 0x2e, 0xfd, 0x2f, 0xfd, 0x2f, 0xfd, 0x6f, 0xfd, 0xeb, 0xb3, 0x24, 0x31, 0x03, 0x31, 0x06, 0x5a, 0x0b, 0xbc, 0x8e, 0xf5, 0x22, 0x31, 0x22, 0x31, 0xc9, 0xfd, 0x88, 0xfd, 0xa9, 0xfd, 0xa9, 0xfd,
    0xa9, 0xfd, 0xa9, 0xfd, 0xa9, 0xfd, 0xa9, 0xfd, 0xa9, 0xfd, 0xc9, 0xfd, 0xa9, 0xfd, 0xe9, 0xfd, 0x87, 0xf4, 0x03, 0xeb, 0x44, 0xf3, 0x44, 0xf3, 0x44, 0xf3, 0x44, 0xf3, 0x44, 0xf3, 0x67, 0xf4, 0xe9, 0xfd, 0xa9, 0xfd, 0x2a, 0xfe, 0x87, 0xf4,
    0x44, 0xf3, 0x64, 0xf3, 0x64, 0xf3, 0x64, 0xf3, 0x44, 0xf3, 0x46, 0xec, 0xc9, 0xfd, 0xe9, 0xfd, 0x08, 0xf5, 0x44, 0xf3, 0x84, 0xf3, 0x64, 0xf3, 0x44, 0xf3, 0x05, 0xf4, 0xa9, 0xfd, 0xa9, 0xfd, 0xa8, 0xfd, 0x88, 0xfd, 0xa8, 0xfd, 0x88, 0xfd,
    0xc9, 0xfd, 0xc9, 0xfd, 0x48, 0xed, 0x8a, 0xfd, 0xcd, 0xfd, 0x09, 0x8b, 0xa5, 0x49, 0xe6, 0x51, 0xce, 0xdc, 0x50, 0xfd, 0x4f, 0xf5, 0x4f, 0xf5, 0x90, 0xfd, 0xa5, 0x49, 0x00, 0x00, 0xca, 0x5a, 0xff, 0xff, 0xfe, 0xff, 0xff, 0xff, 0xff, 0xff,
    0xff, 0xff, 0xff, 0xff, 0xff, 0xff, 0xff, 0xff, 0xff, 0xff, 0xff, 0xff, 0xff, 0xff, 0xff, 0xff, 0xff, 0xff, 0xff, 0xff, 0xff, 0xff, 0xff, 0xff, 0xff, 0xff, 0xff, 0xff, 0xff, 0xff, 0xff, 0xff, 0xff, 0xff, 0xff, 0xff, 0xff, 0xff, 0xde, 0xff,
    0xff, 0xff, 0xff, 0xff, 0xff, 0xff, 0xff, 0xff, 0xff, 0xff, 0xff, 0xff, 0xff, 0xff, 0xff, 0xff, 0xff, 0xff, 0xff, 0xff, 0xff, 0xff, 0xff, 0xff, 0xff, 0xff, 0xff, 0xff, 0xff, 0xff, 0xff, 0xff, 0x85, 0x31, 0x00, 0x00, 0x67, 0x6a, 0x6f, 0xfd,
    0x0d, 0xf5, 0x2e, 0xfd, 0x2e, 0xfd, 0x0e, 0xfd, 0x2e, 0xfd, 0x2f, 0xfd, 0x2f, 0xfd, 0x4f, 0xfd, 0x6f, 0xfd, 0x2e, 0xed, 0x0b, 0xb4, 0x66, 0x62, 0xe3, 0x20, 0x68, 0x93, 0xcb, 0xfd, 0xe9, 0xdc, 0xa9, 0xfd, 0xa9, 0xfd, 0xc9, 0xfd, 0xa9, 0xfd,
    0xa9, 0xfd, 0xa9, 0xfd, 0xa9, 0xfd, 0xa9, 0xfd, 0xa9, 0xfd, 0xc9, 0xfd, 0xc9, 0xfd, 0xa9, 0xfd, 0xc9, 0xfd, 0x46, 0xec, 0x03, 0xf3, 0x44, 0xf3, 0x44, 0xf3, 0x44, 0xf3, 0x64, 0xf3, 0xa5, 0xf3, 0x89, 0xfd, 0xc9, 0xfd, 0xe9, 0xfd, 0xea, 0xfd,
    0x06, 0xf4, 0x44, 0xf3, 0x64, 0xf3, 0x64, 0xf3, 0x44, 0xf3, 0xc5, 0xeb, 0xa9, 0xf5, 0xc9, 0xfd, 0xc9, 0xfd, 0xe5, 0xf3, 0x44, 0xf3, 0x64, 0xf3, 0x44, 0xf3, 0xe5, 0xeb, 0x88, 0xfd, 0xa8, 0xfd, 0xa8, 0xfd, 0xa9, 0xfd, 0xa9, 0xfd, 0xa9, 0xfd,
    0x89, 0xfd, 0x88, 0xfd, 0xa9, 0xfd, 0x88, 0xfd, 0x69, 0xf5, 0x28, 0xbc, 0xca, 0xa3, 0xec, 0xb3, 0x0f, 0xed, 0x4f, 0xfd, 0x2f, 0xfd, 0x2f, 0xf5, 0x90, 0xfd, 0x06, 0x5a, 0x00, 0x00, 0x69, 0x4a, 0xff, 0xff, 0xfe, 0xff, 0xff, 0xff, 0xff, 0xff,
    0xff, 0xff, 0xff, 0xff, 0xff, 0xff, 0xff, 0xff, 0xff, 0xff, 0xff, 0xff, 0xff, 0xff, 0xff, 0xff, 0xff, 0xff, 0xff, 0xff, 0xff, 0xff, 0xff, 0xff, 0xff, 0xff, 0xff, 0xff, 0xff, 0xff, 0xff, 0xff, 0xff, 0xff, 0xff, 0xff, 0xff, 0xff, 0xdf, 0xff,
    0xff, 0xff, 0xff, 0xff, 0xff, 0xff, 0xff, 0xff, 0xff, 0xff, 0xff, 0xff, 0xff, 0xff, 0xff, 0xff, 0xff, 0xff, 0xff, 0xff, 0xff, 0xff, 0xff, 0xff, 0xff, 0xff, 0xff, 0xff, 0xff, 0xff, 0xff, 0xff, 0xa6, 0x39, 0x00, 0x00, 0x06, 0x5a, 0x6f, 0xfd,
    0x0d, 0xf5, 0x2e, 0xfd, 0x0e, 0xfd, 0x0e, 0xfd, 0x0e, 0xfd, 0x0e, 0xfd, 0x4f, 0xfd, 0x2f, 0xf5, 0xce, 0xe4, 0xce, 0xdc, 0x6e, 0xf5, 0x2f, 0xfe, 0xac, 0xf5, 0x29, 0xe5, 0xc9, 0xfd, 0xc9, 0xfd, 0xa8, 0xfd, 0xa9, 0xfd, 0xa9, 0xfd, 0xc9, 0xfd,
    0xa9, 0xfd, 0xa9, 0xfd, 0xa9, 0xfd, 0x88, 0xfd, 0xa9, 0xfd, 0xa9, 0xfd, 0xa9, 0xfd, 0xca, 0xfd, 0xc9, 0xfd, 0xc9, 0xfd, 0x26, 0xec, 0x43, 0xf3, 0x64, 0xf3, 0x64, 0xf3, 0x85, 0xf3, 0x64, 0xf3, 0xe8, 0xf4, 0xe9, 0xfd, 0xa9, 0xfd, 0x0a, 0xfe,
    0x48, 0xf5, 0x84, 0xf3, 0x64, 0xf3, 0x84, 0xf3, 0x84, 0xf3, 0x64, 0xf3, 0x28, 0xf5, 0xc9, 0xfd, 0xe9, 0xfd, 0xc7, 0xf4, 0x44, 0xf3, 0x64, 0xf3, 0x64, 0xf3, 0x85, 0xeb, 0x68, 0xfd, 0xa9, 0xfd, 0xa9, 0xfd, 0xa9, 0xfd, 0xa9, 0xfd, 0xa9, 0xfd,
    0xa9, 0xfd, 0xa9, 0xfd, 0xa9, 0xfd, 0x88, 0xfd, 0x88, 0xfd, 0xe8, 0xfd, 0xe9, 0xfd, 0xcd, 0xfd, 0x70, 0xfd, 0x50, 0xf5, 0x2f, 0xfd, 0x0e, 0xf5, 0x90, 0xfd, 0x46, 0x62, 0x00, 0x00, 0x07, 0x42, 0xff, 0xff, 0xff, 0xff, 0xff, 0xff, 0xff, 0xff,
    0xff, 0xff, 0xff, 0xff, 0xff, 0xff, 0xff, 0xff, 0xff, 0xff, 0xff, 0xff, 0xff, 0xff, 0xff, 0xff, 0xff, 0xff, 0xff, 0xff, 0xff, 0xff, 0xff, 0xff, 0xff, 0xff, 0xff, 0xff, 0xff, 0xff, 0xff, 0xff, 0xff, 0xff, 0xff, 0xff, 0xff, 0xff, 0xdf, 0xff,
    0xff, 0xff, 0xff, 0xff, 0xff, 0xff, 0xff, 0xff, 0xff, 0xff, 0xff, 0xff, 0xff, 0xff, 0xff, 0xff, 0xff, 0xff, 0xff, 0xff, 0xff, 0xff, 0xff, 0xff, 0xff, 0xff, 0xff, 0xff, 0xff, 0xff, 0xff, 0xff, 0xe7, 0x39, 0x00, 0x00, 0x84, 0x41, 0x6f, 0xfd,
    0xed, 0xf4, 0x0e, 0xfd, 0x0e, 0xfd, 0x0e, 0xfd, 0x0e, 0xfd, 0x6f, 0xfd, 0x8a, 0xab, 0xc2, 0x18, 0xc2, 0x18, 0xc3, 0x20, 0x66, 0x6a, 0x8a, 0xf5, 0xa9, 0xfd, 0xc9, 0xfd, 0xa9, 0xfd, 0xa8, 0xfd, 0xa8, 0xfd, 0xa9, 0xfd, 0xa9, 0xfd, 0xa9, 0xfd,
    0xa9, 0xfd, 0xa9, 0xfd, 0xa9, 0xfd, 0x89, 0xfd, 0x88, 0xfd, 0x88, 0xfd, 0xa9, 0xfd, 0xa9, 0xfd, 0xa9, 0xfd, 0xc9, 0xfd, 0xca, 0xfd, 0x26, 0xf4, 0x44, 0xf3, 0x64, 0xf3, 0xa5, 0xf3, 0xa5, 0xf3, 0x66, 0xf4, 0xc9, 0xfd, 0xa9, 0xfd, 0xc9, 0xfd,
    0x2b, 0xfe, 0x66, 0xf4, 0x44, 0xf3, 0x64, 0xf3, 0x84, 0xf3, 0x44, 0xf3, 0xc7, 0xf4, 0xc8, 0xfd, 0xc8, 0xfd, 0xa8, 0xfd, 0xa5, 0xf3, 0x64, 0xfb, 0x64, 0xf3, 0xc5, 0xf3, 0xa9, 0xfd, 0xa9, 0xfd, 0xa9, 0xfd, 0xa9, 0xfd, 0xa9, 0xfd, 0xa9, 0xfd,
    0xc9, 0xfd, 0xa9, 0xfd, 0xa9, 0xfd, 0xa9, 0xfd, 0x88, 0xfd, 0x88, 0xfd, 0x88, 0xfd, 0x87, 0xfd, 0x89, 0xfd, 0x4d, 0xf5, 0x2f, 0xf5, 0x2e, 0xf5, 0x90, 0xfd, 0x67, 0x6a, 0x00, 0x00, 0xc6, 0x39, 0xff, 0xff, 0xff, 0xff, 0xff, 0xff, 0xff, 0xff,
    0xff, 0xff, 0xff, 0xff, 0xff, 0xff, 0xff, 0xff, 0xff, 0xff, 0xff, 0xff, 0xff, 0xff, 0xff, 0xff, 0xff, 0xff, 0xff, 0xff, 0xff, 0xff, 0xff, 0xff, 0xff, 0xff, 0xff, 0xff, 0xff, 0xff, 0xff, 0xff, 0xff, 0xff, 0xff, 0xff, 0xff, 0xff, 0xdf, 0xff,
    0xff, 0xff, 0xff, 0xff, 0xff, 0xff, 0xff, 0xff, 0xff, 0xff, 0xff, 0xff, 0xff, 0xff, 0xff, 0xff, 0xff, 0xff, 0xff, 0xff, 0xff, 0xff, 0xff, 0xff, 0xff, 0xff, 0xff, 0xff, 0xff, 0xff, 0xff, 0xff, 0x69, 0x4a, 0x00, 0x00, 0x03, 0x29, 0x2e, 0xf5,
    0x0e, 0xfd, 0x0e, 0xfd, 0x0e, 0xfd, 0x0e, 0xfd, 0x2f, 0xfd, 0x4f, 0xfd, 0x8d, 0xd4, 0x0c, 0xb4, 0xcd, 0xd4, 0x6b, 0xed, 0xca, 0xfd, 0xa9, 0xfd, 0xa9, 0xfd, 0xa9, 0xfd, 0xa9, 0xfd, 0xa8, 0xfd, 0x88, 0xfd, 0xa8, 0xfd, 0xa9, 0xfd, 0xa9, 0xfd,
    0xa9, 0xfd, 0xa9, 0xfd, 0xa9, 0xfd, 0xa9, 0xfd, 0xa8, 0xfd, 0x88, 0xfd, 0xa8, 0xfd, 0xa9, 0xfd, 0xa9, 0xfd, 0xa9, 0xfd, 0xc9, 0xfd, 0xca, 0xfd, 0x26, 0xf4, 0x44, 0xf3, 0x84, 0xf3, 0x84, 0xf3, 0x26, 0xf4, 0xc9, 0xfd, 0xa9, 0xfd, 0xc9, 0xfd,
    0xea, 0xfd, 0x48, 0xf5, 0x85, 0xf3, 0x64, 0xf3, 0x84, 0xf3, 0x44, 0xf3, 0x86, 0xf4, 0xc9, 0xfd, 0x88, 0xfd, 0xc9, 0xfd, 0xc7, 0xf4, 0x64, 0xf3, 0x84, 0xf3, 0xa7, 0xf4, 0xc9, 0xfd, 0xa8, 0xfd, 0xa9, 0xfd, 0xa9, 0xfd, 0xa9, 0xfd, 0xc9, 0xfd,
    0xc9, 0xfd, 0xc9, 0xfd, 0xca, 0xfd, 0xc9, 0xfd, 0xa9, 0xfd, 0x88, 0xfd, 0x88, 0xfd, 0x88, 0xfd, 0x88, 0xfd, 0x88, 0xfd, 0x6b, 0xf5, 0x2f, 0xf5, 0xf1, 0xfd, 0x67, 0x72, 0x00, 0x00, 0xe7, 0x39, 0xff, 0xff, 0xff, 0xff, 0xff, 0xff, 0xff, 0xff,
    0xff, 0xff, 0xff, 0xff, 0xff, 0xff, 0xff, 0xff, 0xff, 0xff, 0xff, 0xff, 0xff, 0xff, 0xff, 0xff, 0xff, 0xff, 0xff, 0xff, 0xff, 0xff, 0xff, 0xff, 0xff, 0xff, 0xff, 0xff, 0xff, 0xff, 0xff, 0xff, 0xff, 0xff, 0xff, 0xff, 0xff, 0xff, 0xdf, 0xff,
    0xff, 0xff, 0xff, 0xff, 0xff, 0xff, 0xff, 0xff, 0xff, 0xff, 0xff, 0xff, 0xff, 0xff, 0xff, 0xff, 0xff, 0xff, 0xff, 0xff, 0xff, 0xff, 0xff, 0xff, 0xff, 0xff, 0xff, 0xff, 0xde, 0xff, 0xff, 0xff, 0x0b, 0x63, 0x00, 0x00, 0x81, 0x18, 0xcd, 0xe4,
    0x0e, 0xfd, 0xed, 0xf4, 0x0e, 0xfd, 0x2e, 0xfd, 0x2f, 0xfd, 0x2e, 0xfd, 0x4f, 0xfd, 0x8e, 0xfd, 0xaa, 0xfd, 0xa8, 0xfd, 0x88, 0xfd, 0xa8, 0xfd, 0xa9, 0xfd, 0x88, 0xfd, 0xa8, 0xfd, 0xa8, 0xfd, 0x88, 0xfd, 0xa8, 0xfd, 0xa9, 0xfd, 0xc9, 0xfd,
    0xc9, 0xfd, 0xc9, 0xfd, 0xa9, 0xfd, 0xa9, 0xfd, 0xa8, 0xfd, 0xa8, 0xfd, 0xa9, 0xfd, 0xa9, 0xfd, 0xa9, 0xfd, 0xa9, 0xfd, 0xa9, 0xfd, 0xc9, 0xfd, 0xc9, 0xfd, 0xa7, 0xf4, 0xc5, 0xf3, 0xc5, 0xeb, 0xc7, 0xf4, 0xa9, 0xfd, 0xa9, 0xfd, 0xa9, 0xfd,
    0xa9, 0xfd, 0xe9, 0xfd, 0xa7, 0xf4, 0x64, 0xeb, 0x84, 0xf3, 0x64, 0xf3, 0xa7, 0xf4, 0xc9, 0xfd, 0x88, 0xfd, 0xa8, 0xfd, 0xc9, 0xfd, 0xc7, 0xf4, 0xa7, 0xf4, 0xa9, 0xfd, 0xa8, 0xfd, 0xa8, 0xfd, 0xa9, 0xfd, 0xa9, 0xfd, 0xa9, 0xfd, 0xa9, 0xfd,
    0xc9, 0xfd, 0xc9, 0xfd, 0xca, 0xfd, 0xc9, 0xfd, 0xa9, 0xfd, 0xa9, 0xfd, 0x88, 0xfd, 0xa8, 0xfd, 0x88, 0xfd, 0x88, 0xfd, 0x88, 0xfd, 0x4a, 0xf5, 0x4d, 0xc4, 0x26, 0x5a, 0x00, 0x00, 0xc6, 0x39, 0xff, 0xff, 0xff, 0xff, 0xff, 0xff, 0xff, 0xff,
    0xff, 0xff, 0xff, 0xff, 0xff, 0xff, 0xff, 0xff, 0xff, 0xff, 0xff, 0xff, 0xff, 0xff, 0xff, 0xff, 0xff, 0xff, 0xff, 0xff, 0xff, 0xff, 0xff, 0xff, 0xff, 0xff, 0xff, 0xff, 0xff, 0xff, 0xff, 0xff, 0xff, 0xff, 0xff, 0xff, 0xff, 0xff, 0xdf, 0xff,
    0xff, 0xff, 0xff, 0xff, 0xff, 0xff, 0xff, 0xff, 0xff, 0xff, 0xff, 0xff, 0xfe, 0xff, 0xff, 0xff, 0xff, 0xff, 0xff, 0xff, 0xff, 0xff, 0xff, 0xff, 0xff, 0xff, 0xff, 0xff, 0xde, 0xff, 0xff, 0xff, 0xcf, 0x7b, 0x00, 0x00, 0x20, 0x00, 0x2c, 0xcc,
    0x2e, 0xfd, 0x0e, 0xf5, 0x2e, 0xfd, 0x2e, 0xfd, 0x2f, 0xfd, 0x30, 0xf5, 0x4c, 0xf5, 0x88, 0xf5, 0x88, 0xfd, 0x68, 0xfd, 0x88, 0xfd, 0x88, 0xfd, 0x88, 0xfd, 0x88, 0xfd, 0x88, 0xfd, 0x88, 0xfd, 0x88, 0xfd, 0x88, 0xfd, 0xa9, 0xfd, 0xa9, 0xfd,
    0xa9, 0xfd, 0xa9, 0xfd, 0xa9, 0xfd, 0xa9, 0xfd, 0xa9, 0xfd, 0xa9, 0xfd, 0xa9, 0xfd, 0xa9, 0xfd, 0xa9, 0xfd, 0xa8, 0xfd, 0xa8, 0xfd, 0xa8, 0xfd, 0xa8, 0xfd, 0xc9, 0xfd, 0x89, 0xfd, 0x68, 0xf5, 0xa9, 0xfd, 0xa8, 0xfd, 0xa9, 0xfd, 0xa9, 0xfd,
    0xa9, 0xfd, 0xa9, 0xfd, 0xc9, 0xfd, 0x26, 0xec, 0x44, 0xf3, 0x84, 0xf3, 0x08, 0xf5, 0xc9, 0xfd, 0xa8, 0xfd, 0xa8, 0xfd, 0xa8, 0xfd, 0xc9, 0xfd, 0xc9, 0xfd, 0xa9, 0xfd, 0xa8, 0xfd, 0xa9, 0xfd, 0xa9, 0xfd, 0xa9, 0xfd, 0xa9, 0xfd, 0xa9, 0xfd,
    0xa9, 0xfd, 0xc9, 0xfd, 0xc9, 0xfd, 0xca, 0xfd, 0xca, 0xfd, 0xc9, 0xfd, 0xa9, 0xfd, 0xa9, 0xfd, 0x88, 0xfd, 0xa9, 0xfd, 0xa9, 0xf5, 0xc9, 0xfd, 0x64, 0x6a, 0x00, 0x00, 0x00, 0x00, 0xca, 0x5a, 0xff, 0xff, 0xde, 0xff, 0xff, 0xff, 0xff, 0xff,
    0xff, 0xff, 0xff, 0xff, 0xff, 0xff, 0xff, 0xff, 0xff, 0xff, 0xff, 0xff, 0xff, 0xff, 0xff, 0xff, 0xff, 0xff, 0xff, 0xff, 0xff, 0xff, 0xff, 0xff, 0xff, 0xff, 0xff, 0xff, 0xff, 0xff, 0xff, 0xff, 0xff, 0xff, 0xff, 0xff, 0xff, 0xff, 0xdf, 0xff,
    0xff, 0xff, 0xff, 0xff, 0xff, 0xff, 0xff, 0xff, 0xff, 0xff, 0xff, 0xff, 0xfe, 0xff, 0xff, 0xff, 0xff, 0xff, 0xff, 0xff, 0xff, 0xff, 0xff, 0xff, 0xff, 0xff, 0xff, 0xff, 0xde, 0xff, 0xff, 0xff, 0xf3, 0x9c, 0x00, 0x00, 0x00, 0x00, 0x49, 0x9b,
    0x6f, 0xfd, 0x0e, 0xf5, 0x2e, 0xfd, 0x2f, 0xfd, 0x30, 0xf5, 0x8b, 0xfd, 0xa7, 0xfd, 0x88, 0xfd, 0x88, 0xfd, 0x88, 0xfd, 0x88, 0xfd, 0x88, 0xfd, 0x88, 0xfd, 0x88, 0xfd, 0x88, 0xfd, 0x88, 0xfd, 0x88, 0xfd, 0xa9, 0xfd, 0xa9, 0xfd, 0xa9, 0xfd,
    0xa9, 0xfd, 0xa9, 0xfd, 0xa9, 0xfd, 0xa9, 0xfd, 0xa9, 0xfd, 0xa9, 0xfd, 0xa9, 0xfd, 0xa9, 0xfd, 0xa9, 0xfd, 0xa9, 0xfd, 0xa9, 0xfd, 0xa9, 0xfd, 0xa8, 0xfd, 0x88, 0xfd, 0xa8, 0xfd, 0xa8, 0xfd, 0x88, 0xfd, 0xa8, 0xfd, 0xa9, 0xfd, 0xc9, 0xfd,
    0xc9, 0xfd, 0xa9, 0xfd, 0xa9, 0xfd, 0xa9, 0xfd, 0x66, 0xf4, 0x26, 0xf4, 0x89, 0xfd, 0xa9, 0xfd, 0xa9, 0xfd, 0xa8, 0xfd, 0xa8, 0xfd, 0xa8, 0xfd, 0xa9, 0xfd, 0xa9, 0xfd, 0xa8, 0xfd, 0xa8, 0xfd, 0xa9, 0xfd, 0xa9, 0xfd, 0xa9, 0xfd, 0xa9, 0xfd,
    0xa9, 0xfd, 0xc9, 0xfd, 0xc9, 0xfd, 0xc9, 0xfd, 0xca, 0xfd, 0xca, 0xfd, 0xca, 0xfd, 0xa9, 0xfd, 0xa9, 0xfd, 0x89, 0xfd, 0xa9, 0xf5, 0xca, 0xfd, 0x0a, 0xfe, 0xc6, 0x7a, 0x00, 0x00, 0x44, 0x29, 0x79, 0xce, 0xff, 0xff, 0xde, 0xff, 0xff, 0xff,
    0xff, 0xff, 0xff, 0xff, 0xff, 0xff, 0xff, 0xff, 0xff, 0xff, 0xff, 0xff, 0xff, 0xff, 0xff, 0xff, 0xff, 0xff, 0xff, 0xff, 0xff, 0xff, 0xff, 0xff, 0xff, 0xff, 0xff, 0xff, 0xff, 0xff, 0xff, 0xff, 0xff, 0xff, 0xff, 0xff, 0xff, 0xff, 0xde, 0xff,
    0xff, 0xff, 0xff, 0xff, 0xff, 0xff, 0xff, 0xff, 0xff, 0xff, 0xff, 0xff, 0xff, 0xff, 0xff, 0xff, 0xff, 0xff, 0xff, 0xff, 0xff, 0xff, 0xff, 0xff, 0xff, 0xff, 0xff, 0xff, 0xfe, 0xff, 0xff, 0xff, 0x17, 0xbe, 0x00, 0x00, 0x00, 0x00, 0x67, 0x72,
    0x6f, 0xfd, 0xed, 0xf4, 0x0f, 0xf5, 0x4f, 0xf5, 0x8a, 0xfd, 0x87, 0xfd, 0x88, 0xfd, 0x88, 0xfd, 0xa9, 0xfd, 0x89, 0xfd, 0x88, 0xfd, 0x88, 0xfd, 0xa9, 0xfd, 0xa9, 0xfd, 0x89, 0xfd, 0x88, 0xfd, 0xa8, 0xfd, 0xa9, 0xfd, 0xa9, 0xfd, 0xa9, 0xfd,
    0xa9, 0xfd, 0xa9, 0xfd, 0xa9, 0xfd, 0xa9, 0xfd, 0xa9, 0xfd, 0xa9, 0xfd, 0xa9, 0xfd, 0xa9, 0xfd, 0xa9, 0xfd, 0xa9, 0xfd, 0xa9, 0xfd, 0xa9, 0xfd, 0xa9, 0xfd, 0xa8, 0xfd, 0x89, 0xfd, 0x88, 0xfd, 0xa8, 0xfd, 0xa8, 0xfd, 0xa9, 0xfd, 0xc9, 0xfd,
    0xc9, 0xfd, 0xa9, 0xfd, 0xa9, 0xfd, 0xa9, 0xfd, 0xc9, 0xfd, 0xa9, 0xfd, 0xa9, 0xfd, 0xa9, 0xfd, 0xa9, 0xfd, 0xa9, 0xfd, 0xa8, 0xfd, 0xa9, 0xfd, 0xa9, 0xfd, 0xa9, 0xfd, 0xa8, 0xfd, 0xa9, 0xfd, 0xc9, 0xfd, 0xc9, 0xfd, 0xc9, 0xfd, 0xc9, 0xfd,
    0xc9, 0xfd, 0xc9, 0xfd, 0xc9, 0xfd, 0xc9, 0xfd, 0xc9, 0xfd, 0xc9, 0xfd, 0xc9, 0xfd, 0xa9, 0xfd, 0xa9, 0xfd, 0xa9, 0xfd, 0xa8, 0xfd, 0xa9, 0xfd, 0xc9, 0xfd, 0x2b, 0xfe, 0x68, 0x93, 0x00, 0x00, 0x61, 0x08, 0x34, 0xa5, 0xff, 0xff, 0xde, 0xff,
    0xff, 0xff, 0xff, 0xff, 0xff, 0xff, 0xff, 0xff, 0xff, 0xff, 0xff, 0xff, 0xff, 0xff, 0xff, 0xff, 0xff, 0xff, 0xff, 0xff, 0xff, 0xff, 0xff, 0xff, 0xff, 0xff, 0xff, 0xff, 0xff, 0xff, 0xff, 0xff, 0xff, 0xff, 0xff, 0xff, 0xff, 0xff, 0xde, 0xff,
    0xff, 0xff, 0xff, 0xff, 0xff, 0xff, 0xff, 0xff, 0xfe, 0xff, 0xff, 0xff, 0xfe, 0xff, 0xfe, 0xff, 0xff, 0xff, 0xff, 0xff, 0xff, 0xff, 0xff, 0xff, 0xff, 0xff, 0xff, 0xff, 0xff, 0xff, 0xff, 0xff, 0x5d, 0xef, 0xa2, 0x10, 0x00, 0x00, 0x64, 0x41,
    0x6f, 0xfd, 0x8f, 0xfd, 0x6e, 0xfd, 0x89, 0xfd, 0xa7, 0xfd, 0x88, 0xfd, 0x88, 0xfd, 0xa9, 0xfd, 0x89, 0xfd, 0x68, 0xfd, 0x89, 0xfd, 0xa9, 0xfd, 0xaa, 0xfd, 0xa9, 0xfd, 0x88, 0xfd, 0xa9, 0xfd, 0xa9, 0xfd, 0xa9, 0xfd, 0xa9, 0xfd, 0xa9, 0xfd,
    0xa9, 0xfd, 0xa8, 0xfd, 0xa9, 0xfd, 0xa9, 0xfd, 0xa9, 0xfd, 0xa8, 0xfd, 0xa8, 0xfd, 0xa9, 0xfd, 0xa9, 0xfd, 0xa8, 0xfd, 0xa8, 0xfd, 0xa8, 0xfd, 0xc9, 0xfd, 0xc9, 0xfd, 0xc9, 0xfd, 0xa8, 0xfd, 0xa8, 0xfd, 0xa8, 0xfd, 0xa9, 0xfd, 0xa9, 0xfd,
    0xa9, 0xfd, 0xa9, 0xfd, 0xa9, 0xfd, 0xa9, 0xfd, 0xa8, 0xfd, 0xa9, 0xfd, 0xa9, 0xfd, 0xa9, 0xfd, 0xa9, 0xfd, 0xc9, 0xfd, 0xa9, 0xfd, 0xa9, 0xfd, 0xa9, 0xfd, 0xa9, 0xfd, 0xc9, 0xfd, 0xc9, 0xfd, 0x89, 0xf5, 0x48, 0xed, 0x28, 0xed, 0x28, 0xe5,
    0x28, 0xed, 0x68, 0xf5, 0xc9, 0xfd, 0xc9, 0xfd, 0xc9, 0xfd, 0xc9, 0xfd, 0xc9, 0xfd, 0xa9, 0xfd, 0xa9, 0xfd, 0xa9, 0xfd, 0xa9, 0xfd, 0xa9, 0xfd, 0xa9, 0xfd, 0xa8, 0xfd, 0x2a, 0xfe, 0xc8, 0x9b, 0x00, 0x00, 0x00, 0x00, 0x91, 0x94, 0xff, 0xff,
    0xde, 0xff, 0xff, 0xff, 0xff, 0xff, 0xff, 0xff, 0xff, 0xff, 0xff, 0xff, 0xff, 0xff, 0xff, 0xff, 0xff, 0xff, 0xff, 0xff, 0xff, 0xff, 0xff, 0xff, 0xff, 0xff, 0xff, 0xff, 0xff, 0xff, 0xff, 0xff, 0xff, 0xff, 0xff, 0xff, 0xff, 0xff, 0xde, 0xff,
    0xff, 0xff, 0xff, 0xff, 0xff, 0xff, 0xff, 0xff, 0xff, 0xff, 0xff, 0xff, 0xff, 0xff, 0xff, 0xff, 0xff, 0xff, 0xff, 0xff, 0xff, 0xff, 0xff, 0xff, 0xff, 0xff, 0xff, 0xff, 0xff, 0xff, 0xff, 0xff, 0xff, 0xff, 0xe7, 0x39, 0x00, 0x00, 0x81, 0x10,
    0xee, 0xdc, 0x6a, 0xa3, 0xe8, 0xdc, 0xc8, 0xfd, 0xa9, 0xf5, 0xa8, 0xfd, 0xc9, 0xfd, 0xa9, 0xfd, 0x89, 0xfd, 0x89, 0xfd, 0xa9, 0xfd, 0xa9, 0xfd, 0x88, 0xfd, 0x88, 0xfd, 0xa8, 0xfd, 0xa9, 0xfd, 0xa8, 0xfd, 0xa9, 0xfd, 0xa9, 0xfd, 0xa9, 0xfd,
    0xa9, 0xfd, 0xa8, 0xfd, 0xa8, 0xfd, 0xa8, 0xfd, 0xa8, 0xfd, 0xa8, 0xfd, 0xa9, 0xfd, 0xa9, 0xfd, 0xa9, 0xfd, 0xc9, 0xfd, 0x88, 0xf5, 0x68, 0xf5, 0x48, 0xf5, 0x89, 0xf5, 0xa9, 0xf5, 0xa9, 0xf5, 0xc9, 0xfd, 0xa8, 0xfd, 0xa8, 0xfd, 0xa9, 0xfd,
    0xa9, 0xfd, 0xa9, 0xfd, 0xa9, 0xfd, 0xa9, 0xfd, 0xa9, 0xfd, 0xa9, 0xfd, 0xa9, 0xfd, 0xa9, 0xfd, 0xa9, 0xfd, 0xc9, 0xfd, 0xc9, 0xfd, 0xa9, 0xfd, 0xa9, 0xfd, 0xc9, 0xfd, 0xa9, 0xfd, 0xe8, 0xe4, 0x06, 0xcc, 0x05, 0xd4, 0xa7, 0xdc, 0xe7, 0xe4,
    0x08, 0xe5, 0x29, 0xe5, 0x89, 0xf5, 0xa9, 0xfd, 0xa9, 0xfd, 0xc9, 0xfd, 0xc9, 0xfd, 0xa9, 0xfd, 0xa8, 0xfd, 0xa9, 0xfd, 0xa9, 0xfd, 0xa9, 0xfd, 0xa9, 0xfd, 0xa9, 0xfd, 0x88, 0xfd, 0x2a, 0xfe, 0xe8, 0x9b, 0x00, 0x00, 0x00, 0x00, 0x30, 0x84,
    0xff, 0xff, 0xde, 0xff, 0xff, 0xff, 0xff, 0xff, 0xff, 0xff, 0xff, 0xff, 0xff, 0xff, 0xff, 0xff, 0xff, 0xff, 0xff, 0xff, 0xff, 0xff, 0xff, 0xff, 0xff, 0xff, 0xff, 0xff, 0xff, 0xff, 0xff, 0xff, 0xff, 0xff, 0xff, 0xff, 0xff, 0xff, 0xde, 0xff,
    0xff, 0xff, 0xff, 0xff, 0xff, 0xff, 0xff, 0xff, 0xff, 0xff, 0xff, 0xff, 0xff, 0xff, 0xff, 0xff, 0xff, 0xff, 0xff, 0xff, 0xff, 0xff, 0xff, 0xff, 0xff, 0xff, 0xff, 0xff, 0xff, 0xff, 0xde, 0xff, 0xff, 0xff, 0xcf, 0x7b, 0x00, 0x00, 0x61, 0x10,
    0xe2, 0x20, 0xa1, 0x18, 0x89, 0xed, 0x4b, 0xfe, 0xc9, 0xfd, 0xa8, 0xfd, 0xa9, 0xfd, 0xa9, 0xfd, 0xa8, 0xfd, 0xa9, 0xfd, 0xa9, 0xfd, 0x88, 0xfd, 0x88, 0xfd, 0xa8, 0xfd, 0xa8, 0xfd, 0xa8, 0xfd, 0xa8, 0xfd, 0xa9, 0xfd, 0xa9, 0xfd, 0xa9, 0xfd,
    0xa9, 0xfd, 0xa8, 0xfd, 0xa9, 0xfd, 0xa9, 0xfd, 0xa8, 0xfd, 0xa9, 0xfd, 0xa9, 0xfd, 0xa9, 0xf5, 0x48, 0xed, 0x08, 0xe5, 0xe8, 0xe4, 0xc7, 0xdc, 0xc7, 0xdc, 0x46, 0xd4, 0x26, 0xcc, 0x67, 0xd4, 0xc7, 0xdc, 0x88, 0xfd, 0xa8, 0xfd, 0xa8, 0xfd,
    0xa8, 0xfd, 0xa9, 0xfd, 0xa9, 0xfd, 0xa9, 0xfd, 0xa9, 0xfd, 0xa9, 0xfd, 0xa9, 0xfd, 0xa9, 0xfd, 0xa9, 0xfd, 0xa9, 0xfd, 0xc9, 0xfd, 0xa9, 0xfd, 0xa9, 0xfd, 0xc9, 0xfd, 0x48, 0xed, 0x87, 0xdc, 0x87, 0xe4, 0x48, 0xf5, 0xa9, 0xfd, 0xa9, 0xfd,
    0xa9, 0xfd, 0xa9, 0xfd, 0xa9, 0xfd, 0xa9, 0xfd, 0xa9, 0xfd, 0xc9, 0xfd, 0xc9, 0xfd, 0xa9, 0xfd, 0xa9, 0xfd, 0xa8, 0xfd, 0xa8, 0xfd, 0xc9, 0xfd, 0xc9, 0xfd, 0xa9, 0xfd, 0xa9, 0xfd, 0x88, 0xfd, 0x4b, 0xfe, 0x88, 0x8b, 0x00, 0x00, 0x00, 0x00,
    0x71, 0x94, 0xff, 0xff, 0xde, 0xff, 0xff, 0xff, 0xff, 0xff, 0xff, 0xff, 0xff, 0xff, 0xff, 0xff, 0xff, 0xff, 0xff, 0xff, 0xff, 0xff, 0xff, 0xff, 0xff, 0xff, 0xff, 0xff, 0xff, 0xff, 0xff, 0xff, 0xff, 0xff, 0xff, 0xff, 0xff, 0xff, 0xde, 0xff,
    0xff, 0xff, 0xff, 0xff, 0xff, 0xff, 0xff, 0xff, 0xff, 0xff, 0xff, 0xff, 0xff, 0xff, 0xff, 0xff, 0xff, 0xff, 0xff, 0xff, 0xff, 0xff, 0xff, 0xff, 0xff, 0xff, 0xff, 0xff, 0xff, 0xff, 0xfe, 0xff, 0xff, 0xff, 0xda, 0xde, 0x40, 0x08, 0x00, 0x00,
    0x20, 0x00, 0x4a, 0xcd, 0xed, 0xfe, 0x0a, 0xf6, 0x88, 0xfd, 0xa8, 0xfd, 0xa8, 0xfd, 0xa9, 0xfd, 0xa9, 0xfd, 0xa8, 0xfd, 0xa8, 0xfd, 0xa9, 0xfd, 0xa9, 0xfd, 0xa9, 0xfd, 0xa9, 0xfd, 0xa8, 0xfd, 0xa8, 0xfd, 0xa8, 0xfd, 0xa9, 0xfd, 0xa9, 0xfd,
    0xa9, 0xfd, 0xa9, 0xfd, 0xa9, 0xfd, 0xa9, 0xfd, 0xa8, 0xfd, 0xa9, 0xfd, 0xa9, 0xfd, 0x89, 0xf5, 0x69, 0xf5, 0x69, 0xed, 0x89, 0xf5, 0x89, 0xf5, 0x89, 0xf5, 0x69, 0xf5, 0xe7, 0xe4, 0xa7, 0xdc, 0x67, 0xd4, 0x08, 0xe5, 0xc9, 0xfd, 0x88, 0xfd,
    0xa8, 0xfd, 0xa8, 0xfd, 0xa9, 0xfd, 0xa9, 0xfd, 0xa9, 0xfd, 0xa9, 0xfd, 0xa9, 0xfd, 0xa9, 0xfd, 0xa9, 0xfd, 0xa9, 0xfd, 0xa9, 0xfd, 0xa9, 0xfd, 0x88, 0xfd, 0xa8, 0xfd, 0x89, 0xf5, 0xa9, 0xf5, 0xa9, 0xfd, 0xa8, 0xfd, 0xa9, 0xfd, 0xa9, 0xfd,
    0xa9, 0xfd, 0xa9, 0xfd, 0xa9, 0xfd, 0xa9, 0xfd, 0xa9, 0xfd, 0xc9, 0xfd, 0xc9, 0xfd, 0xa9, 0xfd, 0xa9, 0xfd, 0xa9, 0xfd, 0xa9, 0xfd, 0xa9, 0xfd, 0xc9, 0xfd, 0xa9, 0xfd, 0xa9, 0xfd, 0xa9, 0xfd, 0x88, 0xfd, 0x2b, 0xfe, 0xc7, 0x72, 0x00, 0x00,
    0x00, 0x00, 0x34, 0xa5, 0xff, 0xff, 0xde, 0xff, 0xff, 0xff, 0xff, 0xff, 0xff, 0xff, 0xff, 0xff, 0xff, 0xff, 0xff, 0xff, 0xff, 0xff, 0xff, 0xff, 0xff, 0xff, 0xff, 0xff, 0xff, 0xff, 0xff, 0xff, 0xff, 0xff, 0xff, 0xff, 0xff, 0xff, 0xdf, 0xff,
    0xff, 0xff, 0xff, 0xff, 0xff, 0xff, 0xff, 0xff, 0xff, 0xff, 0xff, 0xff, 0xff, 0xff, 0xff, 0xff, 0xff, 0xff, 0xff, 0xff, 0xff, 0xff, 0xff, 0xff, 0xff, 0xff, 0xff, 0xff, 0xff, 0xff, 0xde, 0xff, 0xff, 0xff, 0x51, 0x8c, 0x20, 0x00, 0x00, 0x00,
    0x8a, 0xac, 0x8f, 0xff, 0x6c, 0xf6, 0xa9, 0xfd, 0xa9, 0xfd, 0xa9, 0xfd, 0xa9, 0xfd, 0xa9, 0xfd, 0xa8, 0xfd, 0xa8, 0xfd, 0xa8, 0xfd, 0xa9, 0xfd, 0xa9, 0xfd, 0xa9, 0xfd, 0xa9, 0xfd, 0x88, 0xfd, 0x88, 0xfd, 0xa8, 0xfd, 0xa8, 0xfd, 0xa9, 0xfd,
    0xa9, 0xfd, 0xa9, 0xfd, 0xa9, 0xfd, 0xa9, 0xfd, 0xa9, 0xfd, 0xa9, 0xfd, 0xa9, 0xfd, 0xa9, 0xfd, 0xa9, 0xfd, 0xc9, 0xfd, 0xa8, 0xfd, 0xa9, 0xfd, 0xa9, 0xfd, 0xc9, 0xfd, 0xc9, 0xfd, 0xc9, 0xfd, 0xa9, 0xfd, 0x89, 0xf5, 0xa9, 0xfd, 0x88, 0xfd,
    0xa8, 0xfd, 0xa8, 0xfd, 0xa8, 0xfd, 0xa8, 0xfd, 0xa9, 0xfd, 0xa9, 0xfd, 0xa9, 0xfd, 0xc9, 0xfd, 0xa9, 0xfd, 0xa9, 0xfd, 0xa8, 0xfd, 0x88, 0xfd, 0x88, 0xfd, 0xa8, 0xfd, 0xa9, 0xfd, 0xa9, 0xfd, 0xa8, 0xfd, 0xa9, 0xfd, 0xa9, 0xfd, 0xc9, 0xfd,
    0xc9, 0xfd, 0xc9, 0xfd, 0xc9, 0xfd, 0xc9, 0xfd, 0xa9, 0xfd, 0xa9, 0xfd, 0xa9, 0xfd, 0xa9, 0xfd, 0xa9, 0xfd, 0xa8, 0xfd, 0xa8, 0xfd, 0xa9, 0xfd, 0xc9, 0xfd, 0xa9, 0xfd, 0xa9, 0xfd, 0xa9, 0xfd, 0xa9, 0xfd, 0xa9, 0xfd, 0x2c, 0xfe, 0x05, 0x4a,
    0x00, 0x00, 0x40, 0x08, 0x58, 0xce, 0xff, 0xff, 0xfe, 0xff, 0xff, 0xff, 0xff, 0xff, 0xff, 0xff, 0xff, 0xff, 0xff, 0xff, 0xff, 0xff, 0xff, 0xff, 0xff, 0xff, 0xff, 0xff, 0xff, 0xff, 0xff, 0xff, 0xff, 0xff, 0xff, 0xff, 0xff, 0xff, 0xdf, 0xff,
    0xff, 0xff, 0xff, 0xff, 0xff, 0xff, 0xff, 0xff, 0xff, 0xff, 0xff, 0xff, 0xff, 0xff, 0xff, 0xff, 0xff, 0xff, 0xff, 0xff, 0xff, 0xff, 0xff, 0xff, 0xff, 0xff, 0xff, 0xff, 0xde, 0xff, 0xff, 0xff, 0xb6, 0xb5, 0x00, 0x00, 0x00, 0x00, 0x88, 0x7b,
    0xd0, 0xff, 0xad, 0xf6, 0xc9, 0xfd, 0xc9, 0xfd, 0xa9, 0xfd, 0xa9, 0xfd, 0xa8, 0xfd, 0xa8, 0xfd, 0xa8, 0xfd, 0xa8, 0xfd, 0xa8, 0xfd, 0xa8, 0xfd, 0xa8, 0xfd, 0xa9, 0xfd, 0xa8, 0xfd, 0x88, 0xfd, 0x88, 0xfd, 0x88, 0xfd, 0xa8, 0xfd, 0xa9, 0xfd,
    0xa9, 0xfd, 0xa9, 0xfd, 0xa9, 0xfd, 0xa9, 0xfd, 0xa9, 0xfd, 0xa9, 0xfd, 0xa9, 0xfd, 0xa9, 0xfd, 0xa9, 0xfd, 0xa9, 0xfd, 0xa9, 0xfd, 0xa9, 0xfd, 0xa9, 0xfd, 0xc9, 0xfd, 0xca, 0xfd, 0xa9, 0xfd, 0xa8, 0xfd, 0xa8, 0xfd, 0xa8, 0xfd, 0xa8, 0xfd,
    0xa8, 0xfd, 0xa8, 0xfd, 0xa8, 0xfd, 0xa8, 0xfd, 0xa8, 0xfd, 0xa9, 0xfd, 0xc9, 0xfd, 0xc9, 0xfd, 0xa9, 0xfd, 0xa9, 0xfd, 0xa8, 0xfd, 0x88, 0xfd, 0xa8, 0xfd, 0xa8, 0xfd, 0xa9, 0xfd, 0xa9, 0xfd, 0xc9, 0xfd, 0xc9, 0xfd, 0xc9, 0xfd, 0xc9, 0xfd,
    0xc9, 0xfd, 0xc9, 0xfd, 0xc9, 0xfd, 0xc9, 0xfd, 0xa9, 0xfd, 0xa9, 0xfd, 0xa9, 0xfd, 0xa9, 0xfd, 0xa9, 0xfd, 0xa8, 0xfd, 0xa8, 0xfd, 0xa8, 0xfd, 0xa9, 0xfd, 0xc9, 0xfd, 0xc9, 0xfd, 0xa8, 0xfd, 0xa9, 0xfd, 0xa9, 0xfd, 0xe9, 0xfd, 0xcc, 0xed,
    0x03, 0x29, 0x00, 0x00, 0x24, 0x21, 0x7d, 0xef, 0xff, 0xff, 0xff, 0xff, 0xff, 0xff, 0xff, 0xff, 0xff, 0xff, 0xff, 0xff, 0xff, 0xff, 0xff, 0xff, 0xff, 0xff, 0xff, 0xff, 0xff, 0xff, 0xff, 0xff, 0xff, 0xff, 0xff, 0xff, 0xff, 0xff, 0xdf, 0xff,
    0xff, 0xff, 0xff, 0xff, 0xff, 0xff, 0xff, 0xff, 0xff, 0xff, 0xff, 0xff, 0xff, 0xff, 0xff, 0xff, 0xff, 0xff, 0xff, 0xff, 0xff, 0xff, 0xff, 0xff, 0xff, 0xff, 0xff, 0xff, 0xff, 0xff, 0x3c, 0xe7, 0xc2, 0x18, 0x00, 0x00, 0xe4, 0x41, 0x90, 0xff,
    0x0f, 0xff, 0x0a, 0xfe, 0xc9, 0xfd, 0xc9, 0xfd, 0xc9, 0xfd, 0xa8, 0xfd, 0xa8, 0xfd, 0xa8, 0xfd, 0xa8, 0xfd, 0xa8, 0xfd, 0xa8, 0xfd, 0xa9, 0xfd, 0xa9, 0xfd, 0xa9, 0xfd, 0xa9, 0xfd, 0xa8, 0xfd, 0xa8, 0xfd, 0xa8, 0xfd, 0xa9, 0xfd, 0xa9, 0xfd,
    0xa9, 0xfd, 0xa9, 0xfd, 0xa9, 0xfd, 0xa9, 0xfd, 0xa9, 0xfd, 0xa9, 0xfd, 0xa9, 0xfd, 0xa9, 0xfd, 0xa9, 0xfd, 0xa9, 0xfd, 0xc9, 0xfd, 0xc9, 0xfd, 0xc9, 0xfd, 0xc9, 0xfd, 0xca, 0xfd, 0xca, 0xfd, 0xa9, 0xfd, 0xa9, 0xfd, 0xa8, 0xfd, 0xa8, 0xfd,
    0xa8, 0xfd, 0xa9, 0xfd, 0xa8, 0xfd, 0xa9, 0xfd, 0xa9, 0xfd, 0xa9, 0xfd, 0xa9, 0xfd, 0xc9, 0xfd, 0xa9, 0xfd, 0xa9, 0xfd, 0xa9, 0xfd, 0xa8, 0xfd, 0xa8, 0xfd, 0xa8, 0xfd, 0xa9, 0xfd, 0xca, 0xfd, 0xca, 0xfd, 0xc9, 0xfd, 0xa9, 0xfd, 0xa9, 0xfd,
    0xa9, 0xfd, 0xc9, 0xfd, 0xc9, 0xfd, 0xe9, 0xfd, 0xe9, 0xfd, 0xe9, 0xfd, 0xc9, 0xfd, 0xa8, 0xfd, 0x88, 0xfd, 0x88, 0xfd, 0x88, 0xfd, 0xa8, 0xfd, 0xa9, 0xfd, 0xc9, 0xfd, 0xc9, 0xfd, 0xa8, 0xfd, 0xa9, 0xfd, 0xca, 0xfd, 0xa9, 0xfd, 0x2a, 0xfe,
    0xeb, 0xcc, 0x41, 0x08, 0x00, 0x00, 0xea, 0x5a, 0xff, 0xff, 0xde, 0xff, 0xff, 0xff, 0xff, 0xff, 0xff, 0xff, 0xff, 0xff, 0xff, 0xff, 0xff, 0xff, 0xff, 0xff, 0xff, 0xff, 0xff, 0xff, 0xff, 0xff, 0xff, 0xff, 0xff, 0xff, 0xff, 0xff, 0xdf, 0xff,
    0xff, 0xff, 0xff, 0xff, 0xff, 0xff, 0xff, 0xff, 0xff, 0xff, 0xff, 0xff, 0xff, 0xff, 0xff, 0xff, 0xff, 0xff, 0xff, 0xff, 0xff, 0xff, 0xff, 0xff, 0xff, 0xff, 0xff, 0xff, 0xff, 0xff, 0x69, 0x4a, 0x00, 0x00, 0x81, 0x10, 0x4e, 0xde, 0x70, 0xff,
    0x4c, 0xfe, 0xa9, 0xfd, 0xca, 0xfd, 0xca, 0xfd, 0xc9, 0xfd, 0xa8, 0xfd, 0xa8, 0xfd, 0xa9, 0xfd, 0xa8, 0xfd, 0xa8, 0xfd, 0xa8, 0xfd, 0xa9, 0xfd, 0xa9, 0xfd, 0xa9, 0xfd, 0xa9, 0xfd, 0xa8, 0xfd, 0xa8, 0xfd, 0xa8, 0xfd, 0xa8, 0xfd, 0xa9, 0xfd,
    0xa9, 0xfd, 0xa9, 0xfd, 0xa9, 0xfd, 0xa9, 0xfd, 0xa9, 0xfd, 0xa9, 0xfd, 0xc9, 0xfd, 0xc9, 0xfd, 0xa9, 0xfd, 0xa9, 0xfd, 0xa9, 0xfd, 0xa9, 0xfd, 0xa9, 0xfd, 0xa9, 0xfd, 0xa9, 0xfd, 0xca, 0xfd, 0xca, 0xfd, 0xa9, 0xfd, 0xa9, 0xfd, 0xa8, 0xfd,
    0xa8, 0xfd, 0xa8, 0xfd, 0xa9, 0xfd, 0xa9, 0xfd, 0xa9, 0xfd, 0xa9, 0xfd, 0xa9, 0xfd, 0xa9, 0xfd, 0xa9, 0xfd, 0xa9, 0xfd, 0xa9, 0xfd, 0xa9, 0xfd, 0xa8, 0xfd, 0xa8, 0xfd, 0xa9, 0xfd, 0xc9, 0xfd, 0xc9, 0xfd, 0xa9, 0xfd, 0xc9, 0xfd, 0x2a, 0xfe,
    0x2a, 0xfe, 0x0a, 0xfe, 0xca, 0xfd, 0x8a, 0xed, 0x49, 0xe5, 0x49, 0xe5, 0x89, 0xf5, 0xc9, 0xfd, 0x09, 0xfe, 0x09, 0xfe, 0xe9, 0xfd, 0xa8, 0xfd, 0x88, 0xfd, 0xa9, 0xfd, 0xc9, 0xfd, 0xc9, 0xfd, 0xa8, 0xfd, 0xa8, 0xfd, 0xc9, 0xfd, 0xa9, 0xfd,
    0x4b, 0xfe, 0x67, 0x93, 0x00, 0x00, 0x00, 0x00, 0x34, 0xa5, 0xff, 0xff, 0xfe, 0xff, 0xff, 0xff, 0xff, 0xff, 0xff, 0xff, 0xff, 0xff, 0xff, 0xff, 0xff, 0xff, 0xff, 0xff, 0xff, 0xff, 0xff, 0xff, 0xff, 0xff, 0xff, 0xff, 0xff, 0xff, 0xdf, 0xff,
    0xff, 0xff, 0xff, 0xff, 0xff, 0xff, 0xff, 0xff, 0xff, 0xff, 0xff, 0xff, 0xff, 0xff, 0xff, 0xff, 0xff, 0xff, 0xff, 0xff, 0xff, 0xff, 0xff, 0xff, 0xfe, 0xff, 0xff, 0xff, 0x55, 0xad, 0x00, 0x00, 0x00, 0x00, 0x6a, 0x9c, 0xb0, 0xff, 0xad, 0xfe,
    0xca, 0xfd, 0xa9, 0xfd, 0xc9, 0xfd, 0xc9, 0xfd, 0xa9, 0xfd, 0xa9, 0xfd, 0xa8, 0xfd, 0xa8, 0xfd, 0xa8, 0xfd, 0xa9, 0xfd, 0xa9, 0xfd, 0xa9, 0xfd, 0xa9, 0xfd, 0xa8, 0xfd, 0xa8, 0xfd, 0xa8, 0xfd, 0xa8, 0xfd, 0xa8, 0xfd, 0xa9, 0xfd, 0xa9, 0xfd,
    0xa9, 0xfd, 0xc9, 0xfd, 0xc9, 0xfd, 0xc9, 0xfd, 0xc9, 0xfd, 0xa9, 0xfd, 0xa9, 0xfd, 0xa9, 0xfd, 0xa9, 0xfd, 0xc9, 0xfd, 0xe9, 0xfd, 0xe9, 0xfd, 0xe9, 0xfd, 0xc9, 0xfd, 0xc9, 0xfd, 0xc9, 0xfd, 0xa9, 0xfd, 0xa9, 0xfd, 0xa9, 0xfd, 0xa8, 0xfd,
    0xa8, 0xfd, 0xa8, 0xfd, 0xa8, 0xfd, 0xa8, 0xfd, 0xa8, 0xfd, 0xa9, 0xfd, 0xa9, 0xfd, 0xa9, 0xfd, 0xa9, 0xfd, 0xa8, 0xfd, 0xa9, 0xfd, 0xa9, 0xfd, 0xa8, 0xfd, 0xa8, 0xfd, 0xa9, 0xfd, 0xa9, 0xfd, 0xe9, 0xfd, 0x4b, 0xfe, 0xca, 0xf5, 0x48, 0xb4,
    0xc5, 0x72, 0xc3, 0x49, 0x02, 0x29, 0xa1, 0x18, 0x61, 0x10, 0x61, 0x10, 0xa1, 0x18, 0x42, 0x31, 0x24, 0x5a, 0x66, 0x93, 0xc9, 0xd4, 0xea, 0xfd, 0x09, 0xfe, 0xa8, 0xfd, 0xa9, 0xfd, 0xa9, 0xfd, 0xa8, 0xfd, 0xa9, 0xfd, 0xc9, 0xfd, 0xc9, 0xfd,
    0xc9, 0xfd, 0x4b, 0xfe, 0xc4, 0x41, 0x00, 0x00, 0xc2, 0x18, 0x5c, 0xef, 0xff, 0xff, 0xfe, 0xff, 0xff, 0xff, 0xff, 0xff, 0xff, 0xff, 0xff, 0xff, 0xff, 0xff, 0xff, 0xff, 0xff, 0xff, 0xff, 0xff, 0xff, 0xff, 0xff, 0xff, 0xff, 0xff, 0xdf, 0xff,
    0xff, 0xff, 0xff, 0xff, 0xff, 0xff, 0xff, 0xff, 0xff, 0xff, 0xff, 0xff, 0xff, 0xff, 0xff, 0xff, 0xff, 0xff, 0xff, 0xff, 0xff, 0xff, 0xff, 0xff, 0xff, 0xff, 0x9e, 0xf7, 0x04, 0x21, 0x00, 0x00, 0xa4, 0x39, 0x70, 0xff, 0x2f, 0xff, 0x2b, 0xfe,
    0xa9, 0xfd, 0xca, 0xfd, 0xc9, 0xfd, 0xa9, 0xfd, 0xa9, 0xfd, 0xa9, 0xfd, 0xa8, 0xfd, 0xa8, 0xfd, 0xa8, 0xfd, 0xa9, 0xfd, 0xa9, 0xfd, 0xa9, 0xfd, 0xa9, 0xfd, 0xa8, 0xfd, 0xa8, 0xfd, 0xa8, 0xfd, 0xa9, 0xfd, 0xa9, 0xfd, 0xa9, 0xfd, 0xa9, 0xfd,
    0xc9, 0xfd, 0xc9, 0xfd, 0xa9, 0xfd, 0xa9, 0xfd, 0xc9, 0xfd, 0x09, 0xfe, 0x2a, 0xfe, 0x2a, 0xfe, 0xeb, 0xfd, 0xaa, 0xf5, 0x69, 0xed, 0x29, 0xe5, 0x29, 0xdd, 0x49, 0xe5, 0x8a, 0xf5, 0xea, 0xfd, 0x2b, 0xfe, 0x0a, 0xfe, 0xc9, 0xfd, 0x88, 0xfd,
    0xa8, 0xfd, 0xa8, 0xfd, 0x88, 0xfd, 0x88, 0xfd, 0x88, 0xfd, 0xa9, 0xfd, 0xa9, 0xfd, 0xa9, 0xfd, 0x88, 0xfd, 0x88, 0xfd, 0x88, 0xfd, 0x88, 0xfd, 0xa9, 0xfd, 0xa8, 0xfd, 0x88, 0xfd, 0x0a, 0xfe, 0x8a, 0xed, 0x06, 0x7b, 0xe2, 0x20, 0x00, 0x00,
    0x00, 0x00, 0x00, 0x00, 0x00, 0x00, 0x00, 0x00, 0x00, 0x00, 0x00, 0x00, 0x00, 0x00, 0x00, 0x00, 0x00, 0x00, 0x00, 0x00, 0x00, 0x00, 0x43, 0x39, 0xe7, 0xa3, 0xc9, 0xfd, 0xa8, 0xfd, 0xa9, 0xfd, 0xa9, 0xfd, 0xc9, 0xfd, 0xc9, 0xfd, 0xa9, 0xfd,
    0x69, 0xf5, 0x89, 0xfd, 0xaa, 0xcc, 0x61, 0x08, 0x00, 0x00, 0x4c, 0x6b, 0xff, 0xff, 0xde, 0xff, 0xff, 0xff, 0xff, 0xff, 0xff, 0xff, 0xff, 0xff, 0xff, 0xff, 0xff, 0xff, 0xff, 0xff, 0xff, 0xff, 0xff, 0xff, 0xff, 0xff, 0xff, 0xff, 0xdf, 0xff,
    0xff, 0xff, 0xff, 0xff, 0xff, 0xff, 0xff, 0xff, 0xff, 0xff, 0xff, 0xff, 0xff, 0xff, 0xff, 0xff, 0xff, 0xff, 0xff, 0xff, 0xff, 0xff, 0xde, 0xff, 0xff, 0xff, 0x30, 0x84, 0x00, 0x00, 0x00, 0x00, 0x6c, 0xc5, 0x8f, 0xff, 0xce, 0xf6, 0xe9, 0xfd,
    0xc9, 0xfd, 0xc9, 0xfd, 0xea, 0xfd, 0xc9, 0xfd, 0xa9, 0xfd, 0xa9, 0xfd, 0xa8, 0xfd, 0xa8, 0xfd, 0xa9, 0xfd, 0xa9, 0xfd, 0xa9, 0xfd, 0xa9, 0xfd, 0xa9, 0xfd, 0xa9, 0xfd, 0xa8, 0xfd, 0xa8, 0xfd, 0xa9, 0xfd, 0xa9, 0xfd, 0xa9, 0xfd, 0xa9, 0xfd,
    0xa9, 0xfd, 0xe9, 0xfd, 0x2a, 0xfe, 0x2a, 0xfe, 0xaa, 0xf5, 0xa9, 0xc4, 0x67, 0x93, 0x45, 0x62, 0x83, 0x39, 0xe2, 0x20, 0x81, 0x10, 0x61, 0x10, 0x40, 0x08, 0x61, 0x10, 0xc1, 0x20, 0x43, 0x39, 0x65, 0x62, 0xe8, 0xa3, 0x6a, 0xed, 0x09, 0xfe,
    0x88, 0xfd, 0xa8, 0xfd, 0x88, 0xfd, 0x88, 0xfd, 0x88, 0xfd, 0x88, 0xfd, 0x88, 0xfd, 0xca, 0xfd, 0x0c, 0xfe, 0xeb, 0xf5, 0xca, 0xfd, 0x88, 0xfd, 0x67, 0xfd, 0x68, 0xfd, 0xc9, 0xfd, 0xa8, 0xc4, 0x81, 0x18, 0x00, 0x00, 0x00, 0x00, 0x20, 0x00,
    0xe2, 0x20, 0xa3, 0x41, 0x85, 0x6a, 0x06, 0x83, 0x46, 0x8b, 0x47, 0x8b, 0x26, 0x83, 0xe6, 0x72, 0x25, 0x5a, 0x63, 0x39, 0x81, 0x18, 0x00, 0x00, 0x00, 0x00, 0xa7, 0x9b, 0x09, 0xfe, 0xa8, 0xfd, 0xa9, 0xfd, 0xe8, 0xf4, 0x26, 0xec, 0xc5, 0xeb,
    0x85, 0xeb, 0x64, 0xeb, 0xe6, 0xfb, 0x25, 0x7a, 0x00, 0x00, 0x00, 0x00, 0x17, 0xc6, 0xff, 0xff, 0xfe, 0xff, 0xff, 0xff, 0xff, 0xff, 0xff, 0xff, 0xfe, 0xff, 0xde, 0xff, 0xde, 0xff, 0xde, 0xff, 0xff, 0xff, 0xff, 0xff, 0xff, 0xff, 0xdf, 0xff,
    0xff, 0xff, 0xff, 0xff, 0xff, 0xff, 0xff, 0xff, 0xff, 0xff, 0xff, 0xff, 0xff, 0xff, 0xff, 0xff, 0xff, 0xff, 0xff, 0xff, 0xff, 0xff, 0xff, 0xff, 0x7d, 0xef, 0xc2, 0x18, 0x00, 0x00, 0x45, 0x52, 0x6f, 0xff, 0xee, 0xfe, 0x4b, 0xfe, 0xc9, 0xfd,
    0xca, 0xfd, 0xca, 0xfd, 0xea, 0xfd, 0xc9, 0xfd, 0xc9, 0xfd, 0xa8, 0xfd, 0xa9, 0xfd, 0xa9, 0xfd, 0xa9, 0xfd, 0xa9, 0xfd, 0xa9, 0xfd, 0xa9, 0xfd, 0xa9, 0xfd, 0xa8, 0xfd, 0xa8, 0xfd, 0xa8, 0xfd, 0xa9, 0xfd, 0xa9, 0xfd, 0xa9, 0xfd, 0x0a, 0xfe,
    0x2a, 0xfe, 0x8a, 0xed, 0x08, 0xac, 0x45, 0x62, 0xe2, 0x20, 0x00, 0x00, 0x00, 0x00, 0x00, 0x00, 0x00, 0x00, 0x00, 0x00, 0x00, 0x00, 0x00, 0x00, 0x00, 0x00, 0x00, 0x00, 0x00, 0x00, 0x00, 0x00, 0x00, 0x00, 0x00, 0x00, 0x20, 0x08, 0x07, 0xac,
    0xe8, 0xfd, 0x88, 0xfd, 0xa8, 0xfd, 0x88, 0xfd, 0x67, 0xfd, 0xeb, 0xfd, 0x90, 0xf6, 0x55, 0xff, 0xd9, 0xff, 0xfa, 0xff, 0xfa, 0xff, 0x97, 0xff, 0xb1, 0xfe, 0x89, 0xf5, 0xc8, 0xfd, 0x66, 0x9b, 0x81, 0x10, 0x44, 0x62, 0xe7, 0xa3, 0x29, 0xd5,
    0xca, 0xf5, 0x0a, 0xfe, 0x2a, 0xfe, 0x29, 0xfe, 0x29, 0xfe, 0x2a, 0xfe, 0x4a, 0xfe, 0x4a, 0xfe, 0x2a, 0xfe, 0xea, 0xfd, 0x8a, 0xed, 0xa9, 0xcc, 0xa7, 0x9b, 0x08, 0xe5, 0xa8, 0xfd, 0x88, 0xfd, 0x06, 0xec, 0x64, 0xf3, 0x44, 0xf3, 0x44, 0xf3,
    0x44, 0xf3, 0x44, 0xf3, 0x44, 0xf3, 0x86, 0xf3, 0xa1, 0x28, 0x00, 0x00, 0xe7, 0x39, 0xff, 0xff, 0xde, 0xff, 0xde, 0xff, 0xff, 0xff, 0xff, 0xff, 0xff, 0xff, 0xff, 0xff, 0xff, 0xff, 0xff, 0xff, 0xff, 0xff, 0xff, 0xff, 0xff, 0xff, 0xdf, 0xff,
    0xff, 0xff, 0xff, 0xff, 0xff, 0xff, 0xff, 0xff, 0xff, 0xff, 0xff, 0xff, 0xff, 0xff, 0xff, 0xff, 0xff, 0xff, 0xff, 0xff, 0xde, 0xff, 0xff, 0xff, 0x30, 0x84, 0x00, 0x00, 0x00, 0x00, 0x6c, 0xc5, 0x4f, 0xff, 0xcd, 0xf6, 0xea, 0xfd, 0xc9, 0xfd,
    0xca, 0xfd, 0xea, 0xfd, 0xc9, 0xfd, 0xc9, 0xfd, 0xa9, 0xfd, 0xa9, 0xfd, 0xa9, 0xfd, 0xa9, 0xfd, 0xa9, 0xfd, 0xa9, 0xfd, 0xa9, 0xfd, 0xa9, 0xfd, 0xa9, 0xfd, 0xa8, 0xfd, 0xa8, 0xfd, 0xa9, 0xfd, 0xa9, 0xfd, 0x0a, 0xfe, 0x2a, 0xfe, 0xc9, 0xcc,
    0x85, 0x6a, 0xa1, 0x18, 0x00, 0x00, 0x00, 0x00, 0x00, 0x00, 0x00, 0x00, 0x41, 0x08, 0xe2, 0x20, 0x83, 0x41, 0x24, 0x5a, 0xc5, 0x72, 0x26, 0x83, 0x66, 0x93, 0x87, 0x93, 0x67, 0x8b, 0x06, 0x83, 0xc6, 0x7a, 0x65, 0x62, 0x83, 0x39, 0x46, 0x8b,
    0xe9, 0xfd, 0x88, 0xfd, 0x87, 0xfd, 0xc9, 0xfd, 0xb1, 0xf6, 0xb7, 0xff, 0xfc, 0xff, 0xfc, 0xff, 0xf8, 0xde, 0x36, 0xc6, 0xd5, 0xb5, 0x16, 0xbe, 0x5a, 0xe7, 0xda, 0xff, 0x4f, 0xfe, 0x88, 0xfd, 0x89, 0xf5, 0x4b, 0xfe, 0x2a, 0xfe, 0x09, 0xfe,
    0xc9, 0xfd, 0xa8, 0xfd, 0x88, 0xf5, 0x88, 0xf5, 0x88, 0xf5, 0xa8, 0xfd, 0xa9, 0xfd, 0xa9, 0xfd, 0xa9, 0xfd, 0xa9, 0xfd, 0xc9, 0xfd, 0x09, 0xfe, 0x09, 0xfe, 0x88, 0xfd, 0x68, 0xfd, 0x88, 0xfd, 0x26, 0xf4, 0x64, 0xeb, 0x44, 0xf3, 0x44, 0xf3,
    0x64, 0xf3, 0x65, 0xf3, 0x44, 0xf3, 0xa5, 0xfb, 0x64, 0x9a, 0x00, 0x00, 0x00, 0x00, 0xb6, 0xb5, 0xff, 0xff, 0xff, 0xff, 0xff, 0xff, 0xdb, 0xde, 0x75, 0xad, 0x30, 0x84, 0x2c, 0x63, 0xcf, 0x7b, 0xbe, 0xf7, 0xff, 0xff, 0xff, 0xff, 0xdf, 0xff,
    0xff, 0xff, 0xff, 0xff, 0xff, 0xff, 0xff, 0xff, 0xff, 0xff, 0xff, 0xff, 0xff, 0xff, 0xff, 0xff, 0xff, 0xff, 0xff, 0xff, 0xff, 0xff, 0xde, 0xf7, 0x24, 0x21, 0x00, 0x00, 0xa4, 0x39, 0x2f, 0xff, 0xee, 0xfe, 0x4b, 0xfe, 0xa9, 0xfd, 0xa9, 0xfd,
    0xa9, 0xfd, 0xa9, 0xfd, 0xa9, 0xfd, 0xa9, 0xfd, 0xa8, 0xfd, 0xa9, 0xfd, 0xa9, 0xfd, 0xa9, 0xfd, 0xa9, 0xfd, 0xa9, 0xfd, 0xa9, 0xfd, 0xa9, 0xfd, 0xa9, 0xfd, 0xa9, 0xfd, 0xa9, 0xfd, 0xa9, 0xfd, 0xc9, 0xfd, 0xc9, 0xcc, 0xc3, 0x49, 0x00, 0x00,
    0x00, 0x00, 0x00, 0x00, 0xa1, 0x18, 0xc4, 0x49, 0x27, 0x83, 0x69, 0xbc, 0x4a, 0xdd, 0xca, 0xf5, 0x2a, 0xfe, 0x4a, 0xfe, 0x4a, 0xfe, 0x4a, 0xfe, 0x2a, 0xfe, 0x29, 0xfe, 0x4a, 0xfe, 0x2a, 0xfe, 0x2a, 0xfe, 0x2a, 0xfe, 0x2a, 0xfe, 0xe9, 0xfd,
    0x88, 0xfd, 0x87, 0xfd, 0xeb, 0xfd, 0x55, 0xff, 0xfa, 0xff, 0xfb, 0xff, 0x90, 0x8c, 0x07, 0x4a, 0x84, 0x51, 0x83, 0x61, 0xa4, 0x71, 0xc4, 0x71, 0x84, 0x49, 0xd1, 0x9c, 0xfe, 0xff, 0xf5, 0xf6, 0xa9, 0xfd, 0x88, 0xfd, 0xa9, 0xfd, 0xa9, 0xfd,
    0xa9, 0xfd, 0xa8, 0xfd, 0xa8, 0xfd, 0xa9, 0xfd, 0xa8, 0xfd, 0xa9, 0xfd, 0xc9, 0xfd, 0xc9, 0xfd, 0xc9, 0xfd, 0xa9, 0xfd, 0xa9, 0xfd, 0x88, 0xfd, 0x88, 0xfd, 0xa9, 0xfd, 0xa9, 0xfd, 0x88, 0xfd, 0xa8, 0xf5, 0x48, 0xf5, 0x46, 0xf4, 0x84, 0xf3,
    0x44, 0xf3, 0x44, 0xf3, 0x44, 0xf3, 0x64, 0xf3, 0xc6, 0xfb, 0x02, 0x39, 0x00, 0x00, 0xe6, 0x39, 0xf3, 0x9c, 0x69, 0x52, 0x24, 0x21, 0x03, 0x21, 0x85, 0x31, 0xca, 0x5a, 0x10, 0x84, 0x96, 0xb5, 0xde, 0xff, 0xff, 0xff, 0xff, 0xff, 0xff, 0xff,
    0xff, 0xff, 0xff, 0xff, 0xff, 0xff, 0xff, 0xff, 0xff, 0xff, 0xff, 0xff, 0xff, 0xff, 0xff, 0xff, 0xff, 0xff, 0xde, 0xff, 0xff, 0xff, 0x75, 0xad, 0x00, 0x00, 0x00, 0x00, 0x49, 0x9c, 0x6e, 0xff, 0xcd, 0xf6, 0xea, 0xfd, 0xc9, 0xfd, 0xc9, 0xfd,
    0xc9, 0xfd, 0xc9, 0xfd, 0xe9, 0xfd, 0xe9, 0xfd, 0xc9, 0xfd, 0xc9, 0xfd, 0xea, 0xfd, 0xea, 0xfd, 0xc9, 0xfd, 0xc9, 0xfd, 0xa9, 0xfd, 0xa9, 0xfd, 0xa9, 0xfd, 0xa9, 0xfd, 0xa9, 0xfd, 0x89, 0xfd, 0xea, 0xfd, 0xe4, 0x51, 0x00, 0x00, 0x83, 0x41,
    0x06, 0x7b, 0x89, 0xbc, 0xaa, 0xed, 0x2b, 0xfe, 0x4a, 0xfe, 0x2a, 0xfe, 0xe9, 0xfd, 0xc9, 0xfd, 0xc9, 0xfd, 0xa9, 0xfd, 0xa9, 0xfd, 0xa9, 0xfd, 0xa8, 0xfd, 0xa9, 0xfd, 0xa9, 0xfd, 0xa9, 0xfd, 0xa8, 0xfd, 0xa8, 0xfd, 0xa8, 0xfd, 0xa8, 0xfd,
    0x88, 0xfd, 0x6f, 0xfe, 0x98, 0xff, 0xda, 0xff, 0xfc, 0xff, 0xb1, 0x94, 0xc1, 0x48, 0x88, 0xeb, 0x88, 0xf3, 0xa8, 0xfb, 0xc9, 0xfb, 0xe9, 0xfb, 0x68, 0xeb, 0x64, 0x39, 0xdb, 0xff, 0xfc, 0xff, 0x57, 0xf7, 0xaa, 0xfd, 0x88, 0xfd, 0xa9, 0xfd,
    0x89, 0xfd, 0x88, 0xfd, 0xa8, 0xfd, 0xa8, 0xfd, 0xa8, 0xfd, 0xa9, 0xfd, 0xa9, 0xfd, 0xa9, 0xfd, 0xa9, 0xfd, 0xa9, 0xfd, 0xa9, 0xfd, 0xc9, 0xfd, 0x89, 0xfd, 0x88, 0xf4, 0xa7, 0xf3, 0xa8, 0xf3, 0xc7, 0xf3, 0x68, 0xf4, 0x29, 0xf5, 0x89, 0xf5,
    0x08, 0xf5, 0x46, 0xf4, 0x46, 0xfc, 0xe5, 0xfb, 0x45, 0xcb, 0x22, 0x41, 0x00, 0x00, 0x00, 0x00, 0x65, 0x29, 0xae, 0x73, 0xb6, 0xbd, 0x5c, 0xef, 0xff, 0xff, 0xff, 0xff, 0xff, 0xff, 0xff, 0xff, 0xff, 0xff, 0xff, 0xff, 0xff, 0xff, 0xff, 0xff,
    0xff, 0xff, 0xff, 0xff, 0xff, 0xff, 0xff, 0xff, 0xff, 0xff, 0xff, 0xff, 0xff, 0xff, 0xff, 0xff, 0xff, 0xff, 0xfe, 0xff, 0xff, 0xff, 0xaa, 0x52, 0x00, 0x00, 0xa1, 0x10, 0xae, 0xee, 0x4e, 0xff, 0x8c, 0xfe, 0x68, 0xfd, 0x28, 0xf5, 0x07, 0xf5,
    0xc7, 0xf4, 0x08, 0xf5, 0xc7, 0xf4, 0xa7, 0xf4, 0xa7, 0xf4, 0x87, 0xf4, 0x87, 0xec, 0xc7, 0xf4, 0x08, 0xf5, 0x48, 0xf5, 0xa9, 0xfd, 0xca, 0xfd, 0xa9, 0xfd, 0xa8, 0xfd, 0xa8, 0xfd, 0x88, 0xfd, 0xa9, 0xfd, 0x89, 0xf5, 0x69, 0xe5, 0x2a, 0xfe,
    0x4a, 0xfe, 0x0a, 0xfe, 0xe9, 0xfd, 0xc9, 0xfd, 0xa9, 0xfd, 0xa9, 0xfd, 0xa9, 0xfd, 0xa9, 0xfd, 0xc9, 0xfd, 0xc9, 0xfd, 0xc9, 0xfd, 0xc9, 0xfd, 0xc9, 0xfd, 0xc9, 0xfd, 0xc9, 0xfd, 0xa9, 0xfd, 0xa9, 0xfd, 0xa9, 0xfd, 0xa9, 0xfd, 0x88, 0xfd,
    0x90, 0xf6, 0xfa, 0xff, 0xfa, 0xff, 0xda, 0xff, 0xfc, 0xff, 0xd4, 0xbd, 0xe2, 0x38, 0x07, 0xcb, 0xe9, 0xfb, 0xa8, 0xfb, 0x67, 0xf3, 0x0a, 0xfc, 0x22, 0x59, 0xad, 0x73, 0xfc, 0xff, 0xba, 0xff, 0xfc, 0xff, 0x78, 0xff, 0xcc, 0xfd, 0x88, 0xfd,
    0xa9, 0xfd, 0x89, 0xfd, 0x88, 0xfd, 0xa9, 0xfd, 0xa9, 0xfd, 0xa9, 0xfd, 0xa9, 0xfd, 0xa9, 0xfd, 0xa8, 0xfd, 0xa8, 0xfd, 0xc9, 0xfd, 0xc8, 0xf4, 0x67, 0xf3, 0xc6, 0xf2, 0xc6, 0xf2, 0xe7, 0xf2, 0xe7, 0xf2, 0xc7, 0xf2, 0x07, 0xf3, 0xc8, 0xf3,
    0x09, 0xf5, 0x0a, 0xfe, 0x08, 0xb4, 0x43, 0x41, 0xc2, 0x30, 0x83, 0x61, 0xa1, 0x20, 0x00, 0x00, 0x8d, 0x73, 0xff, 0xff, 0xff, 0xff, 0xff, 0xff, 0xff, 0xff, 0xde, 0xff, 0xde, 0xff, 0xde, 0xff, 0xff, 0xff, 0xff, 0xff, 0xff, 0xff, 0xff, 0xff,
    0xff, 0xff, 0xff, 0xff, 0xff, 0xff, 0xff, 0xff, 0xde, 0xff, 0xde, 0xff, 0xfe, 0xff, 0xde, 0xff, 0xde, 0xff, 0xff, 0xff, 0x7d, 0xef, 0xc2, 0x18, 0x00, 0x00, 0x24, 0x52, 0x0b, 0xfe, 0xc8, 0xf4, 0x26, 0xf4, 0x84, 0xeb, 0x44, 0xf3, 0x44, 0xf3,
    0x44, 0xf3, 0x85, 0xf3, 0xa5, 0xf3, 0x64, 0xf3, 0x64, 0xf3, 0x44, 0xf3, 0x64, 0xf3, 0x84, 0xf3, 0x84, 0xeb, 0xc5, 0xf3, 0xe5, 0xf3, 0x67, 0xf4, 0x49, 0xf5, 0xa8, 0xfd, 0x88, 0xfd, 0x88, 0xfd, 0x88, 0xfd, 0xa8, 0xfd, 0xc8, 0xfd, 0xa8, 0xfd,
    0xa9, 0xfd, 0xa9, 0xfd, 0xa9, 0xfd, 0xc9, 0xfd, 0xc9, 0xfd, 0xa9, 0xfd, 0xa9, 0xfd, 0xa9, 0xfd, 0xc9, 0xfd, 0xc9, 0xfd, 0xa9, 0xfd, 0xa9, 0xfd, 0xc9, 0xfd, 0xc9, 0xfd, 0xa9, 0xfd, 0xa9, 0xfd, 0xa9, 0xfd, 0xa9, 0xfd, 0x88, 0xfd, 0x4f, 0xf6,
    0xda, 0xff, 0xda, 0xff, 0xda, 0xff, 0xdb, 0xff, 0xda, 0xff, 0xfc, 0xff, 0xb5, 0xb5, 0x86, 0x31, 0x63, 0x61, 0x07, 0xd3, 0xc9, 0xf3, 0x22, 0x59, 0x89, 0x52, 0xdc, 0xff, 0xdb, 0xff, 0xdb, 0xff, 0xda, 0xff, 0xfb, 0xff, 0x99, 0xff, 0xed, 0xf5,
    0x68, 0xfd, 0x88, 0xfd, 0x89, 0xfd, 0x89, 0xfd, 0xa9, 0xfd, 0xa9, 0xfd, 0xa9, 0xfd, 0xa9, 0xfd, 0xa9, 0xfd, 0x89, 0xfd, 0x07, 0xec, 0xc6, 0xf2, 0xc7, 0xf2, 0x07, 0xf3, 0x27, 0xf3, 0x07, 0xf3, 0x07, 0xf3, 0x07, 0xf3, 0xe7, 0xf2, 0xc7, 0xf2,
    0x07, 0xf3, 0xa9, 0xfc, 0x88, 0xc4, 0x48, 0xbc, 0xe8, 0xf4, 0x87, 0xfc, 0xc3, 0x71, 0x00, 0x00, 0x81, 0x10, 0x5c, 0xef, 0xff, 0xff, 0xfe, 0xff, 0xff, 0xff, 0xff, 0xff, 0xff, 0xff, 0xff, 0xff, 0xff, 0xff, 0xff, 0xff, 0xff, 0xff, 0xff, 0xff,
    0xff, 0xff, 0xff, 0xff, 0xff, 0xff, 0xff, 0xff, 0xff, 0xff, 0xff, 0xff, 0xff, 0xff, 0xff, 0xff, 0xff, 0xff, 0xff, 0xff, 0xb6, 0xb5, 0x00, 0x00, 0x00, 0x00, 0x84, 0x9a, 0xc5, 0xfb, 0x64, 0xeb, 0x64, 0xeb, 0x44, 0xeb, 0x64, 0xf3, 0x64, 0xf3,
    0x64, 0xf3, 0x84, 0xf3, 0x84, 0xf3, 0x84, 0xf3, 0x84, 0xf3, 0x64, 0xf3, 0x64, 0xf3, 0x84, 0xf3, 0x84, 0xf3, 0x64, 0xf3, 0x43, 0xf3, 0x44, 0xf3, 0xa7, 0xf4, 0xa9, 0xfd, 0x88, 0xfd, 0xa8, 0xfd, 0xc9, 0xfd, 0xc9, 0xfd, 0xa8, 0xfd, 0xc9, 0xfd,
    0xa9, 0xfd, 0xa9, 0xfd, 0xa9, 0xfd, 0xa9, 0xfd, 0xa9, 0xfd, 0xa9, 0xfd, 0xa9, 0xfd, 0xa9, 0xfd, 0xc9, 0xfd, 0xc9, 0xfd, 0xa9, 0xfd, 0xa9, 0xfd, 0xa9, 0xfd, 0xa9, 0xfd, 0xa9, 0xfd, 0xa9, 0xfd, 0xa9, 0xfd, 0x88, 0xfd, 0x0d, 0xf6, 0xba, 0xff,
    0xfb, 0xff, 0xda, 0xff, 0xdb, 0xff, 0xdb, 0xff, 0xdb, 0xff, 0xda, 0xff, 0xfc, 0xff, 0xdc, 0xff, 0x13, 0x9d, 0x48, 0x52, 0xe3, 0x28, 0x0f, 0x7c, 0xfd, 0xff, 0xfb, 0xff, 0xda, 0xff, 0xdb, 0xff, 0xdb, 0xff, 0xda, 0xff, 0xfb, 0xff, 0xba, 0xff,
    0x2f, 0xf6, 0x67, 0xfd, 0x88, 0xfd, 0xa9, 0xfd, 0xa9, 0xfd, 0xa9, 0xfd, 0xa8, 0xfd, 0xa9, 0xfd, 0xc9, 0xfd, 0xe7, 0xeb, 0xa6, 0xf2, 0xe7, 0xf2, 0xe7, 0xf2, 0x07, 0xf3, 0x27, 0xfb, 0x07, 0xf3, 0xe7, 0xf2, 0x07, 0xf3, 0x07, 0xf3, 0x07, 0xf3,
    0x07, 0xf3, 0x07, 0xf3, 0x0a, 0xfd, 0x0a, 0xfe, 0xa8, 0xfd, 0xc9, 0xfd, 0x28, 0xc4, 0x20, 0x00, 0x00, 0x00, 0x54, 0xad, 0xff, 0xff, 0xde, 0xff, 0xff, 0xff, 0xff, 0xff, 0xff, 0xff, 0xff, 0xff, 0xff, 0xff, 0xff, 0xff, 0xff, 0xff, 0xff, 0xff,
    0xff, 0xff, 0xff, 0xff, 0x7d, 0xef, 0xf7, 0xbd, 0xd6, 0xbd, 0xd6, 0xbd, 0xd7, 0xbd, 0xf7, 0xbd, 0x59, 0xce, 0x3c, 0xe7, 0x4c, 0x6b, 0x00, 0x00, 0x61, 0x10, 0xa5, 0xeb, 0x26, 0xfc, 0x05, 0xfc, 0xa5, 0xfb, 0x84, 0xfb, 0x84, 0xfb, 0x64, 0xfb,
    0x64, 0xf3, 0x64, 0xf3, 0x64, 0xf3, 0x84, 0xf3, 0x64, 0xf3, 0x64, 0xf3, 0x64, 0xf3, 0x64, 0xf3, 0x84, 0xf3, 0xa4, 0xf3, 0x05, 0xec, 0xc7, 0xf4, 0xa9, 0xfd, 0x89, 0xfd, 0x49, 0xf5, 0x09, 0xf5, 0xa8, 0xf4, 0xa8, 0xf4, 0xe8, 0xf4, 0x49, 0xfd,
    0xc9, 0xfd, 0xe9, 0xfd, 0xc9, 0xfd, 0xa9, 0xfd, 0xa9, 0xfd, 0xa9, 0xfd, 0xc9, 0xfd, 0xa9, 0xfd, 0xa9, 0xfd, 0xa9, 0xfd, 0xa9, 0xfd, 0xa9, 0xfd, 0xa9, 0xfd, 0xa9, 0xfd, 0xa9, 0xfd, 0x89, 0xfd, 0x67, 0xfd, 0xeb, 0xfd, 0x98, 0xff, 0xfb, 0xff,
    0xda, 0xff, 0xdb, 0xff, 0xdb, 0xff, 0xdb, 0xff, 0xdb, 0xff, 0xfb, 0xff, 0xda, 0xff, 0xda, 0xff, 0xfe, 0xff, 0x7b, 0xef, 0x86, 0x31, 0xdb, 0xff, 0xfb, 0xff, 0xdb, 0xff, 0xdb, 0xff, 0xdb, 0xff, 0xda, 0xff, 0xdb, 0xff, 0xda, 0xff, 0xdb, 0xff,
    0xda, 0xff, 0xd3, 0xf6, 0xa9, 0xfd, 0x67, 0xfd, 0x88, 0xfd, 0xa9, 0xfd, 0x88, 0xfd, 0xc9, 0xfd, 0xa8, 0xf4, 0xa6, 0xf2, 0xe7, 0xf2, 0xe7, 0xf2, 0xe7, 0xf2, 0xe7, 0xf2, 0xc7, 0xf2, 0x48, 0xfb, 0x07, 0xf3, 0x25, 0xe2, 0x86, 0xea, 0x07, 0xfb,
    0xe7, 0xf2, 0xe7, 0xf2, 0x48, 0xf3, 0x29, 0xf5, 0xa8, 0xfd, 0xa8, 0xfd, 0xaa, 0xfd, 0x03, 0x29, 0x00, 0x00, 0xca, 0x5a, 0xff, 0xff, 0xfe, 0xff, 0xff, 0xff, 0xff, 0xff, 0xff, 0xff, 0xff, 0xff, 0xff, 0xff, 0xff, 0xff, 0xff, 0xff, 0xfe, 0xff,
    0xff, 0xff, 0xff, 0xff, 0x17, 0xc6, 0x69, 0x4a, 0x07, 0x42, 0xa6, 0x31, 0x65, 0x29, 0x03, 0x21, 0xe3, 0x18, 0xe3, 0x20, 0x41, 0x08, 0x00, 0x00, 0x20, 0x00, 0x02, 0x41, 0x62, 0x59, 0xa3, 0x69, 0xe3, 0x89, 0x43, 0xaa, 0xc4, 0xca, 0x44, 0xe3,
    0x85, 0xfb, 0xc5, 0xfb, 0xc5, 0xfb, 0xa4, 0xfb, 0x84, 0xfb, 0x44, 0xf3, 0x64, 0xf3, 0xe5, 0xf3, 0x66, 0xf4, 0xe7, 0xf4, 0xa9, 0xf5, 0xaa, 0xfd, 0x88, 0xf4, 0xc8, 0xf3, 0x47, 0xf3, 0x27, 0xf3, 0x27, 0xf3, 0x27, 0xf3, 0x27, 0xf3, 0x27, 0xf3,
    0xa7, 0xf3, 0x88, 0xf4, 0x49, 0xfd, 0xca, 0xfd, 0xc9, 0xfd, 0xa9, 0xfd, 0xa9, 0xfd, 0xa9, 0xfd, 0xa9, 0xfd, 0xa9, 0xfd, 0xa9, 0xfd, 0xa9, 0xfd, 0xa8, 0xfd, 0x88, 0xfd, 0xa9, 0xfd, 0x67, 0xfd, 0xcb, 0xf5, 0x78, 0xff, 0xfb, 0xff, 0xdb, 0xff,
    0xdb, 0xff, 0xdb, 0xff, 0xdb, 0xff, 0xdb, 0xff, 0xfb, 0xff, 0xfb, 0xff, 0xfb, 0xff, 0xdb, 0xff, 0xda, 0xff, 0xfc, 0xff, 0xe6, 0x39, 0x56, 0xce, 0xfc, 0xff, 0xdb, 0xff, 0xdb, 0xff, 0xdb, 0xff, 0xdb, 0xff, 0xdb, 0xff, 0xdb, 0xff, 0xda, 0xff,
    0xda, 0xff, 0xfb, 0xff, 0x57, 0xff, 0x4e, 0xfe, 0xa9, 0xfd, 0x88, 0xfd, 0x88, 0xfd, 0xa9, 0xfd, 0xc7, 0xf3, 0xc6, 0xf2, 0x07, 0xf3, 0xe7, 0xf2, 0x07, 0xf3, 0x27, 0xfb, 0x05, 0xe2, 0x25, 0xe2, 0x48, 0xfb, 0x07, 0xf3, 0xe4, 0xe1, 0x45, 0xea,
    0x07, 0xf3, 0x07, 0xf3, 0xe7, 0xf2, 0xe8, 0xf3, 0xc9, 0xfd, 0x88, 0xf5, 0x0a, 0xfe, 0x65, 0x6a, 0x00, 0x00, 0xe2, 0x18, 0x9d, 0xf7, 0xff, 0xff, 0xff, 0xff, 0xff, 0xff, 0xff, 0xff, 0xff, 0xff, 0xff, 0xff, 0xff, 0xff, 0xff, 0xff, 0xff, 0xff,
    0xff, 0xff, 0xff, 0xff, 0xff, 0xff, 0xff, 0xff, 0xff, 0xff, 0xff, 0xff, 0xff, 0xff, 0xde, 0xff, 0x9e, 0xf7, 0x79, 0xce, 0x81, 0x10, 0x00, 0x00, 0xe1, 0x38, 0x43, 0x92, 0xe3, 0x79, 0xa3, 0x61, 0x42, 0x49, 0xe1, 0x38, 0xa1, 0x28, 0xa1, 0x28,
    0xc1, 0x30, 0x22, 0x51, 0xc3, 0x79, 0xa4, 0xb2, 0x85, 0xdb, 0x67, 0xf4, 0x08, 0xf5, 0x69, 0xf5, 0xa9, 0xfd, 0xe9, 0xfd, 0xe8, 0xf4, 0xa8, 0xf3, 0x27, 0xf3, 0x07, 0xf3, 0x07, 0xf3, 0x07, 0xf3, 0x07, 0xf3, 0x07, 0xf3, 0x07, 0xf3, 0xe6, 0xf2,
    0xc6, 0xf2, 0xc6, 0xf2, 0x07, 0xf3, 0xa8, 0xf3, 0x09, 0xf5, 0xc9, 0xfd, 0xa9, 0xfd, 0xa9, 0xfd, 0xa9, 0xfd, 0xa9, 0xfd, 0x88, 0xfd, 0x88, 0xfd, 0x88, 0xfd, 0x88, 0xfd, 0x67, 0xfd, 0xeb, 0xf5, 0x98, 0xff, 0xfb, 0xff, 0xda, 0xff, 0xdb, 0xff,
    0xdb, 0xff, 0xdb, 0xff, 0xfb, 0xff, 0xfb, 0xff, 0xfb, 0xff, 0xfb, 0xff, 0xdb, 0xff, 0xdb, 0xff, 0xda, 0xff, 0xfd, 0xff, 0x48, 0x4a, 0x93, 0xb5, 0xfd, 0xff, 0xdb, 0xff, 0xfb, 0xff, 0xdb, 0xff, 0xdb, 0xff, 0xdb, 0xff, 0xdb, 0xff, 0xdb, 0xff,
    0xdb, 0xff, 0xda, 0xff, 0xfa, 0xff, 0xda, 0xff, 0x57, 0xff, 0xb1, 0xfe, 0x0d, 0xfe, 0xaa, 0xfd, 0x67, 0xf3, 0xc6, 0xf2, 0xe7, 0xf2, 0xe7, 0xf2, 0xe4, 0xe1, 0x07, 0xf3, 0x68, 0xfb, 0xc4, 0xd9, 0x05, 0xe2, 0x48, 0xf3, 0x07, 0xf3, 0x45, 0xe2,
    0xe6, 0xf2, 0x07, 0xf3, 0x07, 0xf3, 0x48, 0xf3, 0x48, 0xf5, 0x88, 0xf5, 0xe9, 0xfd, 0xc7, 0xa3, 0x00, 0x00, 0x00, 0x00, 0x58, 0xce, 0xff, 0xff, 0xde, 0xff, 0xff, 0xff, 0xff, 0xff, 0xff, 0xff, 0xff, 0xff, 0xff, 0xff, 0xff, 0xff, 0xdf, 0xff,
    0xff, 0xff, 0xff, 0xff, 0xff, 0xff, 0xde, 0xff, 0xff, 0xff, 0xff, 0xff, 0xff, 0xff, 0xfe, 0xff, 0xff, 0xff, 0x79, 0xce, 0x00, 0x00, 0x00, 0x00, 0x03, 0x8a, 0x25, 0xfc, 0xc5, 0xfb, 0xe5, 0xfb, 0xc5, 0xfb, 0xa5, 0xfb, 0x85, 0xeb, 0x45, 0xd3,
    0xc4, 0xb2, 0x44, 0x8a, 0xe3, 0x59, 0x83, 0x39, 0x23, 0x31, 0x08, 0xa4, 0x09, 0xfe, 0x89, 0xfd, 0xc9, 0xfd, 0x88, 0xf4, 0x27, 0xf3, 0x88, 0xf3, 0x48, 0xf3, 0x07, 0xf3, 0x07, 0xf3, 0x07, 0xf3, 0x07, 0xf3, 0x07, 0xf3, 0x07, 0xf3, 0x07, 0xf3,
    0xe7, 0xf2, 0xe7, 0xf2, 0xe7, 0xf2, 0xc6, 0xf2, 0xe6, 0xea, 0x48, 0xf4, 0xa9, 0xfd, 0xa9, 0xfd, 0xa9, 0xfd, 0xa8, 0xfd, 0xa8, 0xfd, 0xa9, 0xfd, 0xa8, 0xfd, 0x88, 0xfd, 0x6f, 0xf6, 0xb9, 0xff, 0xfb, 0xff, 0xda, 0xff, 0xfb, 0xff, 0xdb, 0xff,
    0xdb, 0xff, 0xdb, 0xff, 0xfb, 0xff, 0xfb, 0xff, 0xdb, 0xff, 0xfb, 0xff, 0xdb, 0xff, 0xdb, 0xff, 0xba, 0xff, 0xfd, 0xff, 0xa9, 0x5a, 0x32, 0xa5, 0xfd, 0xff, 0xba, 0xf7, 0xdb, 0xff, 0xdb, 0xff, 0xda, 0xff, 0xdb, 0xff, 0xfb, 0xff, 0xdb, 0xff,
    0xdb, 0xff, 0xda, 0xff, 0xda, 0xff, 0xda, 0xff, 0xda, 0xff, 0xdb, 0xff, 0xb9, 0xff, 0x16, 0xf7, 0xa9, 0xf3, 0xe6, 0xf2, 0xe7, 0xf2, 0x28, 0xfb, 0x86, 0xea, 0x04, 0xe2, 0x48, 0xfb, 0x48, 0xfb, 0x25, 0xe2, 0xe7, 0xea, 0x27, 0xf3, 0x07, 0xf3,
    0xe6, 0xf2, 0xe6, 0xf2, 0x07, 0xf3, 0x07, 0xf3, 0xe9, 0xf4, 0x0a, 0xfe, 0x4a, 0xfe, 0x6b, 0xe5, 0x41, 0x08, 0x00, 0x00, 0xd2, 0x9c, 0xdf, 0xff, 0xbe, 0xf7, 0xde, 0xff, 0xfe, 0xff, 0xff, 0xff, 0xff, 0xff, 0xff, 0xff, 0xff, 0xff, 0xdf, 0xff,
    0xff, 0xff, 0xff, 0xff, 0xff, 0xff, 0xff, 0xff, 0xff, 0xff, 0xff, 0xff, 0xff, 0xff, 0xde, 0xff, 0xff, 0xff, 0x13, 0xa5, 0x00, 0x00, 0x00, 0x00, 0x83, 0xaa, 0xc5, 0xfb, 0xa5, 0xeb, 0x84, 0xf3, 0x64, 0xf3, 0x44, 0xf3, 0x64, 0xf3, 0xa4, 0xfb,
    0x46, 0xfc, 0x08, 0xfd, 0xc9, 0xfd, 0x0a, 0xfe, 0xaa, 0xf5, 0x89, 0xf5, 0xa9, 0xfd, 0xa9, 0xfd, 0x88, 0xf4, 0x07, 0xf3, 0x48, 0xf3, 0x48, 0xf3, 0x07, 0xf3, 0x07, 0xf3, 0x07, 0xf3, 0x07, 0xfb, 0xe6, 0xf2, 0xc6, 0xf2, 0x28, 0xf3, 0x07, 0xf3,
    0x07, 0xf3, 0xe7, 0xf2, 0x07, 0xf3, 0xe7, 0xf2, 0xc6, 0xf2, 0xe7, 0xea, 0xc9, 0xf4, 0xc9, 0xfd, 0xa9, 0xfd, 0xa9, 0xfd, 0xa8, 0xfd, 0xa8, 0xfd, 0xeb, 0xfd, 0xf4, 0xfe, 0xfb, 0xff, 0xfb, 0xff, 0xda, 0xff, 0xdb, 0xff, 0xdb, 0xff, 0xdb, 0xff,
    0xdb, 0xff, 0xdb, 0xff, 0xfb, 0xff, 0xfb, 0xff, 0xfb, 0xff, 0xfb, 0xff, 0xda, 0xff, 0xda, 0xff, 0xfc, 0xff, 0xff, 0xff, 0x48, 0x4a, 0x0e, 0x84, 0xff, 0xff, 0xfd, 0xff, 0xfb, 0xff, 0xda, 0xff, 0xfb, 0xff, 0xfc, 0xff, 0xbb, 0xff, 0xdb, 0xff,
    0xdb, 0xff, 0xdb, 0xff, 0xda, 0xff, 0xdb, 0xff, 0xda, 0xff, 0xba, 0xff, 0xdb, 0xff, 0xdb, 0xff, 0x0b, 0xec, 0xe6, 0xf2, 0x07, 0xf3, 0x07, 0xf3, 0x68, 0xfb, 0x86, 0xea, 0xe7, 0xf2, 0x27, 0xf3, 0x48, 0xf3, 0x07, 0xf3, 0x07, 0xf3, 0xe7, 0xf2,
    0xe6, 0xf2, 0xe6, 0xf2, 0xe6, 0xf2, 0xe6, 0xea, 0xc4, 0x59, 0xa4, 0x41, 0x65, 0x62, 0x27, 0x7b, 0xa1, 0x18, 0x00, 0x00, 0x6d, 0x73, 0xff, 0xff, 0xff, 0xff, 0xff, 0xff, 0xff, 0xff, 0xde, 0xff, 0xde, 0xff, 0xff, 0xff, 0xff, 0xff, 0xff, 0xff,
    0xff, 0xff, 0xff, 0xff, 0xff, 0xff, 0xff, 0xff, 0xff, 0xff, 0xff, 0xff, 0xff, 0xff, 0xde, 0xff, 0xff, 0xff, 0x30, 0x8c, 0x00, 0x00, 0x00, 0x00, 0xc4, 0xba, 0xc5, 0xfb, 0x84, 0xf3, 0x64, 0xf3, 0xa4, 0xf3, 0x05, 0xf4, 0x86, 0xf4, 0x28, 0xf5,
    0x89, 0xfd, 0xa9, 0xfd, 0xa9, 0xfd, 0xa9, 0xfd, 0xc9, 0xfd, 0xa9, 0xfd, 0xc9, 0xfd, 0x09, 0xf5, 0x27, 0xf3, 0x27, 0xf3, 0x07, 0xf3, 0x07, 0xf3, 0x07, 0xf3, 0x07, 0xf3, 0x27, 0xf3, 0xe6, 0xf2, 0xe4, 0xe1, 0xc6, 0xea, 0x28, 0xfb, 0x28, 0xf3,
    0xe7, 0xf2, 0xc6, 0xf2, 0xe7, 0xf2, 0xe7, 0xf2, 0x07, 0xf3, 0xe7, 0xf2, 0x68, 0xf3, 0x89, 0xfd, 0xc9, 0xfd, 0xa8, 0xfd, 0xca, 0xfd, 0x90, 0xfe, 0x98, 0xff, 0xfb, 0xff, 0xda, 0xff, 0xda, 0xff, 0xda, 0xff, 0xdb, 0xff, 0xdb, 0xff, 0xfc, 0xff,
    0xfc, 0xff, 0xba, 0xff, 0xdb, 0xff, 0xdb, 0xff, 0xdb, 0xff, 0xda, 0xff, 0xfc, 0xff, 0xfe, 0xff, 0xd8, 0xde, 0xca, 0x5a, 0x85, 0x31, 0xa6, 0x39, 0x48, 0x4a, 0x12, 0xa5, 0x39, 0xe7, 0xfc, 0xff, 0x7b, 0xef, 0x89, 0x52, 0x76, 0xd6, 0xfc, 0xff,
    0xdb, 0xff, 0xdb, 0xff, 0xdb, 0xff, 0xdb, 0xff, 0xdb, 0xff, 0xdb, 0xff, 0xda, 0xff, 0xfc, 0xff, 0xef, 0xec, 0xa6, 0xf2, 0x07, 0xf3, 0x07, 0xf3, 0x27, 0xf3, 0x48, 0xf3, 0x07, 0xf3, 0x07, 0xf3, 0x07, 0xf3, 0x07, 0xf3, 0x07, 0xf3, 0xe7, 0xf2,
    0xe6, 0xf2, 0xe6, 0xf2, 0xc6, 0xf2, 0xe6, 0xf2, 0x46, 0xdb, 0xc5, 0xaa, 0xe3, 0x79, 0x43, 0x41, 0x61, 0x10, 0x00, 0x00, 0xa2, 0x10, 0xca, 0x5a, 0x71, 0x8c, 0x59, 0xce, 0xde, 0xff, 0xff, 0xff, 0xff, 0xff, 0xff, 0xff, 0xff, 0xff, 0xff, 0xff,
    0xff, 0xff, 0xff, 0xff, 0xff, 0xff, 0xff, 0xff, 0xff, 0xff, 0xff, 0xff, 0xff, 0xff, 0xde, 0xff, 0xff, 0xff, 0x8d, 0x73, 0x00, 0x00, 0x20, 0x00, 0x04, 0xcb, 0x05, 0xfc, 0x66, 0xec, 0xa6, 0xf4, 0x48, 0xf5, 0xa8, 0xfd, 0xc9, 0xfd, 0xa8, 0xfd,
    0xa8, 0xfd, 0xa8, 0xfd, 0xa9, 0xfd, 0xa9, 0xfd, 0xa9, 0xfd, 0xa9, 0xfd, 0xc9, 0xfd, 0x08, 0xf4, 0x07, 0xf3, 0x07, 0xf3, 0x07, 0xf3, 0x07, 0xf3, 0x07, 0xf3, 0x07, 0xf3, 0xe7, 0xf2, 0xc3, 0xe1, 0xc6, 0xea, 0x48, 0xfb, 0x48, 0xfb, 0xc6, 0xf2,
    0xc4, 0xe1, 0xc6, 0xf2, 0xe7, 0xf2, 0x07, 0xf3, 0xe7, 0xf2, 0xe7, 0xf2, 0xe7, 0xf2, 0xea, 0xf4, 0x0b, 0xfe, 0x70, 0xfe, 0x77, 0xff, 0xdb, 0xff, 0xda, 0xff, 0xda, 0xff, 0xda, 0xff, 0xda, 0xff, 0xdb, 0xff, 0xdb, 0xff, 0xfc, 0xff, 0x94, 0xb5,
    0xf5, 0xc5, 0xfe, 0xff, 0xfc, 0xff, 0xfd, 0xff, 0xfd, 0xff, 0xfd, 0xff, 0x98, 0xd6, 0x0b, 0x63, 0x04, 0x21, 0xad, 0x73, 0x9b, 0xf7, 0xbb, 0xff, 0x12, 0xa5, 0x69, 0x52, 0xa6, 0x31, 0x07, 0x42, 0xa6, 0x31, 0xad, 0x7b, 0xdc, 0xff, 0xdb, 0xff,
    0xdb, 0xff, 0xdb, 0xff, 0xdb, 0xff, 0xdb, 0xff, 0xdb, 0xff, 0xdb, 0xff, 0xdb, 0xff, 0xfc, 0xff, 0xb6, 0xf6, 0x07, 0xf3, 0x07, 0xf3, 0x07, 0xf3, 0x07, 0xf3, 0x07, 0xf3, 0x07, 0xf3, 0x07, 0xf3, 0x07, 0xf3, 0x07, 0xf3, 0xe7, 0xf2, 0xe7, 0xf2,
    0xc6, 0xf2, 0xe6, 0xf2, 0xc6, 0xf2, 0xe6, 0xf2, 0x65, 0xf3, 0xa4, 0xfb, 0xa5, 0xfb, 0x06, 0xfc, 0x42, 0x49, 0x00, 0x00, 0x03, 0x21, 0x6d, 0x6b, 0xc7, 0x39, 0xe3, 0x20, 0x24, 0x29, 0x8a, 0x52, 0x13, 0xa5, 0x9e, 0xf7, 0xff, 0xff, 0xff, 0xff,
    0xff, 0xff, 0xff, 0xff, 0xff, 0xff, 0xff, 0xff, 0xff, 0xff, 0xff, 0xff, 0xff, 0xff, 0xde, 0xff, 0xff, 0xff, 0xeb, 0x5a, 0x00, 0x00, 0x41, 0x08, 0x2a, 0xd5, 0xac, 0xfe, 0x8c, 0xf6, 0xe9, 0xfd, 0xc9, 0xfd, 0xa8, 0xfd, 0xa9, 0xfd, 0xa8, 0xfd,
    0xa9, 0xfd, 0xa9, 0xfd, 0xa9, 0xfd, 0xa9, 0xfd, 0x88, 0xfd, 0xa9, 0xfd, 0x49, 0xf5, 0x47, 0xf3, 0xe6, 0xf2, 0xe6, 0xf2, 0xe6, 0xf2, 0xe6, 0xf2, 0x07, 0xfb, 0xc6, 0xf2, 0xe3, 0xe1, 0xc6, 0xf2, 0x48, 0xfb, 0x27, 0xf3, 0x07, 0xf3, 0xa3, 0xe1,
    0x86, 0xf2, 0xe7, 0xf2, 0xe7, 0xf2, 0x07, 0xf3, 0xe7, 0xf2, 0x07, 0xf3, 0xe6, 0xf2, 0xee, 0xec, 0x98, 0xff, 0xba, 0xff, 0xdb, 0xff, 0xda, 0xff, 0xda, 0xff, 0xda, 0xff, 0xdb, 0xff, 0xdb, 0xff, 0xdb, 0xff, 0xdb, 0xff, 0xfc, 0xff, 0xf5, 0xbd,
    0x24, 0x21, 0x0f, 0x84, 0xb4, 0xbd, 0x93, 0xb5, 0x2f, 0x84, 0x28, 0x42, 0x65, 0x31, 0xad, 0x73, 0x19, 0xe7, 0xfd, 0xff, 0xfb, 0xff, 0xfb, 0xff, 0xfd, 0xff, 0xfd, 0xff, 0x7a, 0xf7, 0x77, 0xce, 0x19, 0xe7, 0xfd, 0xff, 0xdb, 0xff, 0xdb, 0xff,
    0xdb, 0xff, 0xdb, 0xff, 0xdb, 0xff, 0xdb, 0xff, 0xdb, 0xff, 0xdb, 0xff, 0xdb, 0xff, 0xdb, 0xff, 0xdb, 0xff, 0x8d, 0xec, 0x28, 0xf3, 0x07, 0xf3, 0x07, 0xf3, 0x07, 0xf3, 0x07, 0xf3, 0xe7, 0xf2, 0x07, 0xf3, 0x07, 0xf3, 0x07, 0xf3, 0xe7, 0xf2,
    0xc6, 0xf2, 0xc6, 0xf2, 0xe6, 0xf2, 0x06, 0xf3, 0x45, 0xf3, 0x65, 0xeb, 0x44, 0xeb, 0x84, 0xfb, 0x42, 0x59, 0x00, 0x00, 0x65, 0x31, 0xff, 0xff, 0xff, 0xff, 0x7d, 0xef, 0xd7, 0xbd, 0xce, 0x7b, 0xe7, 0x39, 0xd6, 0xbd, 0xff, 0xff, 0xde, 0xff,
    0xff, 0xff, 0xff, 0xff, 0xff, 0xff, 0xff, 0xff, 0xff, 0xff, 0xff, 0xff, 0xff, 0xff, 0xde, 0xff, 0xff, 0xff, 0xaa, 0x5a, 0x00, 0x00, 0x81, 0x10, 0x6d, 0xe6, 0x2e, 0xff, 0x4b, 0xfe, 0xa8, 0xfd, 0xa9, 0xfd, 0xa9, 0xfd, 0xa9, 0xfd, 0xa9, 0xfd,
    0xa9, 0xf5, 0xa9, 0xfd, 0xc9, 0xfd, 0xe9, 0xfd, 0x0a, 0xfe, 0x4b, 0xfe, 0x2a, 0xfd, 0xe6, 0xf2, 0xe6, 0xf2, 0xe6, 0xf2, 0xe6, 0xf2, 0xe6, 0xf2, 0x07, 0xfb, 0x85, 0xea, 0xc6, 0xf2, 0x28, 0xfb, 0x07, 0xf3, 0x27, 0xf3, 0x04, 0xe2, 0x25, 0xea,
    0x07, 0xfb, 0xe7, 0xf2, 0x07, 0xf3, 0x07, 0xf3, 0xe7, 0xf2, 0x28, 0xf3, 0xc6, 0xf2, 0xef, 0xec, 0xfb, 0xff, 0xda, 0xff, 0xda, 0xff, 0xda, 0xff, 0xdb, 0xff, 0xdb, 0xff, 0xdb, 0xff, 0xdb, 0xff, 0xdb, 0xff, 0xfb, 0xff, 0xdb, 0xff, 0xfd, 0xff,
    0xd8, 0xde, 0x6c, 0x73, 0x69, 0x4a, 0x28, 0x4a, 0x0b, 0x63, 0x53, 0xad, 0x9a, 0xf7, 0xfd, 0xff, 0xfb, 0xff, 0xda, 0xff, 0xda, 0xff, 0xda, 0xff, 0xba, 0xff, 0xda, 0xff, 0xfb, 0xff, 0xfc, 0xff, 0xfb, 0xff, 0xda, 0xff, 0xda, 0xff, 0xda, 0xff,
    0xda, 0xff, 0xdb, 0xff, 0xdb, 0xff, 0xdb, 0xff, 0xdb, 0xff, 0xdb, 0xff, 0xdb, 0xff, 0xdb, 0xff, 0xfc, 0xff, 0xf7, 0xf6, 0x69, 0xe3, 0x07, 0xf3, 0x07, 0xf3, 0xe7, 0xf2, 0xe7, 0xf2, 0xe7, 0xf2, 0xe7, 0xf2, 0x07, 0xf3, 0x07, 0xf3, 0x07, 0xf3,
    0xe7, 0xf2, 0xc6, 0xf2, 0xa6, 0xf2, 0xc6, 0xf3, 0x85, 0xf3, 0x64, 0xf3, 0x44, 0xeb, 0xa5, 0xfb, 0x62, 0x61, 0x00, 0x00, 0xe3, 0x20, 0x7d, 0xf7, 0xff, 0xff, 0xff, 0xff, 0xff, 0xff, 0xff, 0xff, 0xff, 0xff, 0xff, 0xff, 0xff, 0xff, 0xff, 0xff,
    0xff, 0xff, 0xff, 0xff, 0xff, 0xff, 0xff, 0xff, 0xfe, 0xff, 0xff, 0xff, 0xff, 0xff, 0xde, 0xff, 0xff, 0xff, 0xaa, 0x5a, 0x00, 0x00, 0x61, 0x08, 0x2d, 0xe6, 0x2e, 0xff, 0x2b, 0xf6, 0xa8, 0xfd, 0xa9, 0xf5, 0xa9, 0xf5, 0xc9, 0xfd, 0x0a, 0xfe,
    0x4a, 0xfe, 0x2b, 0xfe, 0xca, 0xf5, 0xe9, 0xd4, 0xe7, 0xab, 0x06, 0x7b, 0xc6, 0x8a, 0xe6, 0xf2, 0x07, 0xf3, 0xe7, 0xf2, 0xe6, 0xfa, 0xe6, 0xfa, 0xe6, 0xf2, 0x07, 0xf3, 0x28, 0xf3, 0x07, 0xf3, 0x07, 0xf3, 0x07, 0xf3, 0xc7, 0xf2, 0xe7, 0xf2,
    0xe7, 0xf2, 0xe7, 0xf2, 0x07, 0xf3, 0xe7, 0xf2, 0xe7, 0xf2, 0x28, 0xf3, 0xe6, 0xf2, 0x50, 0xf5, 0xfc, 0xff, 0xda, 0xff, 0xdb, 0xff, 0xdb, 0xff, 0xdb, 0xff, 0xdb, 0xff, 0xdb, 0xff, 0xdb, 0xff, 0xdb, 0xff, 0xdb, 0xff, 0xdb, 0xff, 0xdb, 0xff,
    0xfb, 0xff, 0xfd, 0xff, 0xfd, 0xff, 0xfd, 0xff, 0xfd, 0xff, 0xfd, 0xff, 0xfb, 0xff, 0xda, 0xff, 0xda, 0xff, 0xdb, 0xff, 0xdb, 0xff, 0xfb, 0xff, 0xdb, 0xff, 0xdb, 0xff, 0xdb, 0xff, 0xdb, 0xff, 0xdb, 0xff, 0xdb, 0xff, 0xdb, 0xff, 0xdb, 0xff,
    0xda, 0xff, 0xda, 0xff, 0xda, 0xff, 0xdb, 0xff, 0xdb, 0xff, 0xdb, 0xff, 0xdb, 0xff, 0xdb, 0xff, 0xdb, 0xff, 0xfc, 0xff, 0x96, 0xf6, 0xaa, 0xeb, 0xe6, 0xf2, 0x07, 0xf3, 0x28, 0xf3, 0x07, 0xf3, 0x07, 0xf3, 0x28, 0xf3, 0x27, 0xf3, 0xe7, 0xf2,
    0xe7, 0xf2, 0xa6, 0xf2, 0x47, 0xf3, 0x89, 0xfd, 0x07, 0xf5, 0xa5, 0xf3, 0x24, 0xf3, 0xa5, 0xfb, 0x62, 0x59, 0x00, 0x00, 0xe3, 0x20, 0x9e, 0xf7, 0xff, 0xff, 0xff, 0xff, 0xff, 0xff, 0xde, 0xff, 0xfe, 0xff, 0xff, 0xff, 0xff, 0xff, 0xff, 0xff,
    0xff, 0xff, 0xff, 0xff, 0xff, 0xff, 0xff, 0xff, 0xff, 0xff, 0xff, 0xff, 0xff, 0xff, 0xde, 0xff, 0xff, 0xff, 0xeb, 0x5a, 0x00, 0x00, 0x41, 0x08, 0xec, 0xd5, 0x0d, 0xff, 0x2b, 0xf6, 0xe9, 0xfd, 0x2a, 0xfe, 0x2b, 0xfe, 0xaa, 0xf5, 0x89, 0xc4,
    0x26, 0x83, 0xc4, 0x41, 0xe2, 0x18, 0xc2, 0x20, 0x43, 0x41, 0x64, 0x82, 0x26, 0xcb, 0x06, 0xf3, 0xe7, 0xf2, 0xe6, 0xf2, 0xe6, 0xf2, 0xe7, 0xf2, 0xe6, 0xf2, 0x07, 0xf3, 0x07, 0xf3, 0x07, 0xf3, 0x07, 0xf3, 0x27, 0xf3, 0x27, 0xf3, 0xe7, 0xf2,
    0xe7, 0xf2, 0xe7, 0xf2, 0xe7, 0xf2, 0xe7, 0xf2, 0xe7, 0xf2, 0x07, 0xf3, 0xc6, 0xf2, 0x55, 0xf6, 0xfc, 0xff, 0xda, 0xff, 0xdb, 0xff, 0xdb, 0xff, 0xdb, 0xff, 0xdb, 0xff, 0xdb, 0xff, 0xdb, 0xff, 0xdb, 0xff, 0xdb, 0xff, 0xdb, 0xff, 0xdb, 0xff,
    0xdb, 0xff, 0xda, 0xff, 0xda, 0xff, 0xda, 0xff, 0xda, 0xff, 0xda, 0xff, 0xdb, 0xff, 0xdb, 0xff, 0xdb, 0xff, 0xfb, 0xff, 0xdb, 0xff, 0xdb, 0xff, 0xdb, 0xff, 0xdb, 0xff, 0xdb, 0xff, 0xfb, 0xff, 0xdb, 0xff, 0xdb, 0xff, 0xdb, 0xff, 0xdb, 0xff,
    0xda, 0xff, 0xda, 0xff, 0xda, 0xff, 0xdb, 0xff, 0xdb, 0xff, 0xdb, 0xff, 0xdb, 0xff, 0xdb, 0xff, 0xdb, 0xff, 0xda, 0xff, 0xfc, 0xff, 0x39, 0xf7, 0x6d, 0xec, 0x07, 0xf3, 0xe6, 0xf2, 0xe6, 0xfa, 0xe7, 0xf2, 0xe7, 0xf2, 0xe7, 0xf2, 0xa6, 0xf2,
    0x86, 0xf2, 0x27, 0xf3, 0x28, 0xfd, 0xa8, 0xfd, 0xa8, 0xfd, 0x48, 0xf5, 0x05, 0xf4, 0x64, 0xfb, 0x42, 0x51, 0x00, 0x00, 0x03, 0x21, 0xbe, 0xf7, 0xff, 0xff, 0xff, 0xff, 0xff, 0xff, 0xff, 0xff, 0xff, 0xff, 0xff, 0xff, 0xff, 0xff, 0xff, 0xff,
    0xff, 0xff, 0xff, 0xff, 0xff, 0xff, 0xff, 0xff, 0xff, 0xff, 0xff, 0xff, 0xff, 0xff, 0xde, 0xff, 0xff, 0xff, 0x4c, 0x6b, 0x00, 0x00, 0x00, 0x00, 0xcc, 0xd5, 0xef, 0xff, 0x8c, 0xfe, 0xe9, 0xd4, 0x66, 0x93, 0xa3, 0x49, 0xa1, 0x10, 0x61, 0x10,
    0x02, 0x29, 0xe3, 0x69, 0xc4, 0xaa, 0xa5, 0xe3, 0x06, 0xfc, 0xe5, 0xfb, 0x85, 0xfb, 0x26, 0xf3, 0x07, 0xf3, 0x07, 0xf3, 0xe7, 0xf2, 0xe6, 0xf2, 0xe6, 0xf2, 0xe6, 0xf2, 0x07, 0xf3, 0x07, 0xf3, 0x07, 0xf3, 0x27, 0xf3, 0x27, 0xf3, 0x07, 0xf3,
    0xe7, 0xf2, 0x07, 0xf3, 0x07, 0xf3, 0xe7, 0xf2, 0xe7, 0xf2, 0xe7, 0xf2, 0xaa, 0xeb, 0xba, 0xff, 0xfb, 0xff, 0xdb, 0xff, 0xdb, 0xff, 0xdb, 0xff, 0xdb, 0xff, 0xdb, 0xff, 0xda, 0xff, 0xda, 0xff, 0xda, 0xff, 0xdb, 0xff, 0xdb, 0xff, 0xda, 0xff,
    0xdb, 0xff, 0xfb, 0xff, 0xfb, 0xff, 0xfb, 0xff, 0xdb, 0xff, 0xdb, 0xff, 0xdb, 0xff, 0xda, 0xff, 0xdb, 0xff, 0xdb, 0xff, 0xdb, 0xff, 0xdb, 0xff, 0xdb, 0xff, 0xdb, 0xff, 0xdb, 0xff, 0xdb, 0xff, 0xdb, 0xff, 0xdb, 0xff, 0xdb, 0xff, 0xdb, 0xff,
    0xdb, 0xff, 0xda, 0xff, 0xda, 0xff, 0xda, 0xff, 0xdb, 0xff, 0xdb, 0xff, 0xdb, 0xff, 0xdb, 0xff, 0xdb, 0xff, 0xdb, 0xff, 0xdb, 0xff, 0xfb, 0xff, 0xfb, 0xff, 0xd6, 0xf6, 0x10, 0xf5, 0x69, 0xf3, 0x48, 0xf3, 0x48, 0xeb, 0x68, 0xf3, 0x68, 0xeb,
    0x08, 0xf4, 0x68, 0xfd, 0xa8, 0xfd, 0x88, 0xfd, 0xc9, 0xfd, 0xe9, 0xfd, 0x88, 0xf5, 0xc7, 0xfc, 0x02, 0x41, 0x00, 0x00, 0x44, 0x29, 0xff, 0xff, 0xff, 0xff, 0xff, 0xff, 0xff, 0xff, 0xff, 0xff, 0xff, 0xff, 0xff, 0xff, 0xff, 0xff, 0xff, 0xff,
    0xff, 0xff, 0xff, 0xff, 0xff, 0xff, 0xff, 0xff, 0xff, 0xff, 0xff, 0xff, 0xde, 0xff, 0xbe, 0xf7, 0xff, 0xff, 0x50, 0x8c, 0x00, 0x00, 0x00, 0x00, 0xa9, 0x83, 0x88, 0x7b, 0x02, 0x21, 0x61, 0x10, 0x02, 0x21, 0x65, 0x5a, 0xa7, 0xa3, 0x06, 0xe4,
    0x26, 0xfc, 0x05, 0xfc, 0xc4, 0xfb, 0x84, 0xfb, 0x84, 0xf3, 0x64, 0xf3, 0x85, 0xf3, 0x45, 0xf3, 0x27, 0xf3, 0x27, 0xf3, 0x07, 0xf3, 0xe6, 0xf2, 0xe6, 0xf2, 0xe6, 0xf2, 0x07, 0xf3, 0x27, 0xf3, 0x27, 0xf3, 0x07, 0xf3, 0x07, 0xf3, 0xe7, 0xf2,
    0xe7, 0xf2, 0x07, 0xf3, 0x07, 0xf3, 0x07, 0xf3, 0x28, 0xf3, 0xc6, 0xea, 0xf3, 0xf5, 0xfb, 0xff, 0xda, 0xff, 0xda, 0xff, 0xdb, 0xff, 0xdb, 0xff, 0xdb, 0xff, 0xda, 0xff, 0xda, 0xff, 0xda, 0xff, 0xda, 0xff, 0xdb, 0xff, 0xdb, 0xff, 0xdb, 0xff,
    0xdb, 0xff, 0xfb, 0xff, 0xfb, 0xff, 0xfb, 0xff, 0xdb, 0xff, 0xdb, 0xff, 0xdb, 0xff, 0xda, 0xff, 0xdb, 0xff, 0xdb, 0xff, 0xdb, 0xff, 0xdb, 0xff, 0xda, 0xff, 0xda, 0xff, 0xdb, 0xff, 0xdb, 0xff, 0xdb, 0xff, 0xdb, 0xff, 0xdb, 0xff, 0xdb, 0xff,
    0xdb, 0xff, 0xda, 0xff, 0xda, 0xff, 0xda, 0xff, 0xdb, 0xff, 0xdb, 0xff, 0xdb, 0xff, 0xdb, 0xff, 0xdb, 0xff, 0xdb, 0xff, 0xdb, 0xff, 0xdb, 0xff, 0xdb, 0xff, 0xfc, 0xff, 0xfc, 0xff, 0x99, 0xff, 0x38, 0xf7, 0xb6, 0xf6, 0xb6, 0xf6, 0x58, 0xff,
    0x2c, 0xfe, 0x88, 0xfd, 0x69, 0xfd, 0xa9, 0xfd, 0x47, 0xc4, 0x68, 0xc4, 0x2a, 0xfe, 0x0a, 0xfe, 0x02, 0x29, 0x00, 0x00, 0x07, 0x42, 0xff, 0xff, 0xfe, 0xff, 0xff, 0xff, 0xff, 0xff, 0xff, 0xff, 0xff, 0xff, 0xff, 0xff, 0xff, 0xff, 0xff, 0xff,
    0xff, 0xff, 0xff, 0xff, 0xff, 0xff, 0xff, 0xff, 0xde, 0xff, 0xff, 0xff, 0xff, 0xff, 0xff, 0xff, 0x9e, 0xf7, 0x6d, 0x6b, 0x00, 0x00, 0x20, 0x00, 0xa2, 0x18, 0x65, 0x52, 0x08, 0x94, 0x28, 0xd5, 0x69, 0xfd, 0xe8, 0xfc, 0x05, 0xfc, 0x64, 0xfb,
    0x85, 0xeb, 0x64, 0xeb, 0x84, 0xf3, 0x84, 0xf3, 0x84, 0xf3, 0x84, 0xf3, 0x64, 0xf3, 0x26, 0xf4, 0x67, 0xf3, 0x07, 0xf3, 0x07, 0xf3, 0xe6, 0xf2, 0xe6, 0xf2, 0xe6, 0xf2, 0x07, 0xf3, 0x07, 0xf3, 0x07, 0xf3, 0xe7, 0xf2, 0xe7, 0xf2, 0xe7, 0xf2,
    0xe7, 0xf2, 0x07, 0xf3, 0x28, 0xf3, 0x28, 0xf3, 0xc6, 0xea, 0x8d, 0xec, 0xfb, 0xff, 0xda, 0xff, 0xda, 0xff, 0xda, 0xff, 0xdb, 0xff, 0xdb, 0xff, 0xdb, 0xff, 0xdb, 0xff, 0xdb, 0xff, 0xdb, 0xff, 0xdb, 0xff, 0xdb, 0xff, 0xdb, 0xff, 0xda, 0xff,
    0xfb, 0xff, 0xfb, 0xff, 0xdb, 0xff, 0xfb, 0xff, 0xdb, 0xff, 0xdb, 0xff, 0xda, 0xff, 0xdb, 0xff, 0xda, 0xff, 0xdb, 0xff, 0xfb, 0xff, 0xda, 0xff, 0xda, 0xff, 0xda, 0xff, 0xdb, 0xff, 0xdb, 0xff, 0xdb, 0xff, 0xdb, 0xff, 0xdb, 0xff, 0xda, 0xff,
    0xda, 0xff, 0xda, 0xff, 0xda, 0xff, 0xda, 0xff, 0xdb, 0xff, 0xdb, 0xff, 0xdb, 0xff, 0xdb, 0xff, 0xdb, 0xff, 0xdb, 0xff, 0xdb, 0xff, 0xdb, 0xff, 0xdb, 0xff, 0xdb, 0xff, 0xdb, 0xff, 0xdb, 0xff, 0xfb, 0xff, 0xfb, 0xff, 0xfb, 0xff, 0xfb, 0xff,
    0x77, 0xff, 0xec, 0xf5, 0x69, 0xf5, 0xaa, 0xfd, 0xa8, 0xd4, 0x83, 0x41, 0x24, 0x5a, 0x48, 0xbc, 0xa1, 0x20, 0x00, 0x00, 0xca, 0x5a, 0xff, 0xff, 0xde, 0xff, 0xff, 0xff, 0xff, 0xff, 0xff, 0xff, 0xff, 0xff, 0xff, 0xff, 0xff, 0xff, 0xdf, 0xff,
    0xff, 0xff, 0xff, 0xff, 0xff, 0xff, 0xff, 0xff, 0xff, 0xff, 0xff, 0xff, 0xd7, 0xbd, 0xcb, 0x5a, 0xc2, 0x18, 0x03, 0x21, 0x40, 0x08, 0x00, 0x00, 0xc6, 0x6a, 0x2e, 0xff, 0x89, 0xfd, 0x25, 0xfc, 0x44, 0xf3, 0x44, 0xeb, 0x64, 0xf3, 0x85, 0xf3,
    0x84, 0xf3, 0x64, 0xf3, 0x84, 0xf3, 0x84, 0xf3, 0x44, 0xf3, 0x84, 0xf3, 0xa7, 0xfc, 0xc9, 0xfd, 0xa8, 0xf4, 0x07, 0xf3, 0x07, 0xf3, 0x07, 0xf3, 0xe6, 0xf2, 0xe6, 0xf2, 0xe6, 0xf2, 0xe7, 0xf2, 0xe7, 0xf2, 0xe7, 0xf2, 0xe7, 0xf2, 0xe7, 0xf2,
    0x07, 0xf3, 0x28, 0xf3, 0x07, 0xf3, 0xe6, 0xf2, 0xcf, 0xec, 0xba, 0xff, 0xda, 0xff, 0xda, 0xff, 0xda, 0xff, 0xda, 0xff, 0xdb, 0xff, 0xdb, 0xff, 0xdb, 0xff, 0xdb, 0xff, 0xdb, 0xff, 0xdb, 0xff, 0xdb, 0xff, 0xdb, 0xff, 0xdb, 0xff, 0xda, 0xff,
    0xdb, 0xff, 0xdb, 0xff, 0xdb, 0xff, 0xdb, 0xff, 0xdb, 0xff, 0xdb, 0xff, 0xdb, 0xff, 0xda, 0xff, 0xdb, 0xff, 0xdb, 0xff, 0xdb, 0xff, 0xda, 0xff, 0xda, 0xff, 0xda, 0xff, 0xda, 0xff, 0xda, 0xff, 0xdb, 0xff, 0xdb, 0xff, 0xdb, 0xff, 0xdb, 0xff,
    0xdb, 0xff, 0xdb, 0xff, 0xdb, 0xff, 0xfb, 0xff, 0xfb, 0xff, 0xdb, 0xff, 0xdb, 0xff, 0xdb, 0xff, 0xdb, 0xff, 0xdb, 0xff, 0xdb, 0xff, 0xdb, 0xff, 0xdb, 0xff, 0xdb, 0xff, 0xdb, 0xff, 0xdb, 0xff, 0xda, 0xff, 0xda, 0xff, 0xda, 0xff, 0xda, 0xff,
    0xfb, 0xff, 0x98, 0xff, 0x0d, 0xf6, 0x69, 0xfd, 0xeb, 0xfd, 0xaa, 0xfd, 0x05, 0x8b, 0xa1, 0x18, 0x20, 0x08, 0x00, 0x00, 0x91, 0x94, 0xff, 0xff, 0xbe, 0xf7, 0xff, 0xff, 0xff, 0xff, 0xff, 0xff, 0xff, 0xff, 0xff, 0xff, 0xff, 0xff, 0xff, 0xff,
    0xff, 0xff, 0xff, 0xff, 0xff, 0xff, 0xbe, 0xf7, 0xd3, 0x9c, 0x65, 0x29, 0x82, 0x10, 0x8a, 0x52, 0xf7, 0xbd, 0x7d, 0xef, 0xc2, 0x18, 0x00, 0x00, 0x02, 0x29, 0x26, 0xf4, 0x44, 0xf3, 0x64, 0xf3, 0x84, 0xf3, 0x84, 0xf3, 0x64, 0xf3, 0x64, 0xf3,
    0x64, 0xf3, 0x64, 0xf3, 0x64, 0xf3, 0x64, 0xf3, 0xe5, 0xf3, 0x28, 0xfd, 0xc9, 0xfd, 0x88, 0xfd, 0xa8, 0xfd, 0xc8, 0xf4, 0x67, 0xf3, 0x07, 0xf3, 0xe6, 0xf2, 0xe6, 0xf2, 0xe6, 0xf2, 0x07, 0xf3, 0xe7, 0xf2, 0x07, 0xf3, 0x07, 0xf3, 0xe7, 0xf2,
    0xc6, 0xf2, 0xe7, 0xf2, 0xca, 0xeb, 0xb2, 0xf5, 0xfb, 0xff, 0xda, 0xff, 0xba, 0xff, 0xdb, 0xff, 0xdb, 0xff, 0xdb, 0xff, 0xdb, 0xff, 0xfb, 0xff, 0xda, 0xff, 0xda, 0xff, 0xdb, 0xff, 0xdb, 0xff, 0xdb, 0xff, 0xdb, 0xff, 0xdb, 0xff, 0xdb, 0xff,
    0xdb, 0xff, 0xdb, 0xff, 0xdb, 0xff, 0xdb, 0xff, 0xda, 0xff, 0xda, 0xff, 0xda, 0xff, 0xda, 0xff, 0xda, 0xff, 0xda, 0xff, 0xda, 0xff, 0xda, 0xff, 0xda, 0xff, 0xda, 0xff, 0xda, 0xff, 0xda, 0xff, 0xdb, 0xff, 0xdb, 0xff, 0xdb, 0xff, 0xdb, 0xff,
    0xdb, 0xff, 0xdb, 0xff, 0xdb, 0xff, 0xdb, 0xff, 0xfb, 0xff, 0xdb, 0xff, 0xdb, 0xff, 0xfb, 0xff, 0xdb, 0xff, 0xdb, 0xff, 0xdb, 0xff, 0xdb, 0xff, 0xdb, 0xff, 0xdb, 0xff, 0xdb, 0xff, 0xdb, 0xff, 0xdb, 0xff, 0xdb, 0xff, 0xdb, 0xff, 0xdb, 0xff,
    0xda, 0xff, 0xfb, 0xff, 0xb9, 0xff, 0x2e, 0xf6, 0x89, 0xf5, 0xcb, 0xf5, 0x29, 0xfe, 0x25, 0x93, 0x00, 0x00, 0x00, 0x00, 0xe7, 0x39, 0x9a, 0xd6, 0xff, 0xff, 0xff, 0xff, 0xde, 0xff, 0xff, 0xff, 0xff, 0xff, 0xff, 0xff, 0xff, 0xff, 0xff, 0xff,
    0xff, 0xff, 0xfe, 0xff, 0xff, 0xff, 0x30, 0x84, 0xa6, 0x31, 0x91, 0x94, 0x5c, 0xef, 0xff, 0xff, 0xff, 0xff, 0xff, 0xff, 0xe7, 0x39, 0x00, 0x00, 0x20, 0x08, 0x45, 0xdb, 0xc4, 0xfb, 0x84, 0xf3, 0x64, 0xf3, 0x64, 0xf3, 0x64, 0xf3, 0x84, 0xf3,
    0x84, 0xf3, 0x44, 0xf3, 0x84, 0xf3, 0xa7, 0xf4, 0xa9, 0xfd, 0xa8, 0xfd, 0x88, 0xfd, 0x88, 0xfd, 0x88, 0xfd, 0xc8, 0xfd, 0x89, 0xfd, 0x68, 0xf4, 0x88, 0xf3, 0x48, 0xf3, 0x06, 0xf3, 0xe6, 0xf2, 0xc6, 0xf2, 0xe6, 0xea, 0x27, 0xf3, 0x68, 0xf3,
    0x4c, 0xf4, 0xd3, 0xed, 0xba, 0xff, 0xfb, 0xff, 0xda, 0xff, 0xda, 0xff, 0xda, 0xff, 0xdb, 0xff, 0xdb, 0xff, 0xdb, 0xff, 0xfb, 0xff, 0xdb, 0xff, 0xda, 0xff, 0xda, 0xff, 0xdb, 0xff, 0xdb, 0xff, 0xdb, 0xff, 0xdb, 0xff, 0xdb, 0xff, 0xdb, 0xff,
    0xdb, 0xff, 0xdb, 0xff, 0xdb, 0xff, 0xda, 0xff, 0xda, 0xff, 0xda, 0xff, 0xda, 0xff, 0xda, 0xff, 0xda, 0xff, 0xda, 0xff, 0xda, 0xff, 0xda, 0xff, 0xda, 0xff, 0xda, 0xff, 0xda, 0xff, 0xda, 0xff, 0xdb, 0xff, 0xdb, 0xff, 0xdb, 0xff, 0xdb, 0xff,
    0xdb, 0xff, 0xdb, 0xff, 0xdb, 0xff, 0xdb, 0xff, 0xdb, 0xff, 0xdb, 0xff, 0xdb, 0xff, 0xdb, 0xff, 0xdb, 0xff, 0xdb, 0xff, 0xdb, 0xff, 0xdb, 0xff, 0xdb, 0xff, 0xdb, 0xff, 0xdb, 0xff, 0xdb, 0xff, 0xdb, 0xff, 0xdb, 0xff, 0xdb, 0xff, 0xdb, 0xff,
    0xdb, 0xff, 0xda, 0xff, 0xfb, 0xff, 0xdb, 0xff, 0x70, 0xf6, 0x8a, 0xf5, 0x2c, 0xfe, 0x04, 0x5a, 0x00, 0x00, 0xa2, 0x18, 0x0c, 0x63, 0xc2, 0x18, 0x0b, 0x63, 0x3c, 0xe7, 0xff, 0xff, 0xde, 0xff, 0xff, 0xff, 0xff, 0xff, 0xff, 0xff, 0xff, 0xff,
    0xff, 0xff, 0xff, 0xff, 0xff, 0xff, 0x9d, 0xf7, 0xff, 0xff, 0xff, 0xff, 0xff, 0xff, 0xde, 0xff, 0xbe, 0xff, 0xff, 0xff, 0xef, 0x7b, 0x00, 0x00, 0x00, 0x00, 0x64, 0x9a, 0xc4, 0xfb, 0x64, 0xf3, 0x64, 0xf3, 0x44, 0xf3, 0x64, 0xf3, 0x64, 0xf3,
    0x44, 0xf3, 0x25, 0xf4, 0x48, 0xfd, 0xa9, 0xfd, 0xc9, 0xfd, 0xc9, 0xfd, 0x88, 0xfd, 0x88, 0xfd, 0x88, 0xfd, 0x88, 0xfd, 0xa8, 0xfd, 0xc9, 0xfd, 0xca, 0xfd, 0x10, 0xf6, 0x74, 0xf6, 0xd2, 0xf5, 0x50, 0xed, 0xd2, 0xf5, 0x55, 0xf6, 0x18, 0xf7,
    0xdb, 0xff, 0xfc, 0xff, 0xfa, 0xff, 0xda, 0xff, 0xda, 0xff, 0xdb, 0xff, 0xdb, 0xff, 0xdb, 0xff, 0xdb, 0xff, 0xdb, 0xff, 0xdb, 0xff, 0xdb, 0xff, 0xda, 0xff, 0xda, 0xff, 0xdb, 0xff, 0xdb, 0xff, 0xdb, 0xff, 0xdb, 0xff, 0xdb, 0xff, 0xdb, 0xff,
    0xdb, 0xff, 0xdb, 0xff, 0xda, 0xff, 0xda, 0xff, 0xda, 0xff, 0xda, 0xff, 0xdb, 0xff, 0xdb, 0xff, 0xda, 0xff, 0xda, 0xff, 0xda, 0xff, 0xda, 0xff, 0xda, 0xff, 0xda, 0xff, 0xda, 0xff, 0xdb, 0xff, 0xdb, 0xff, 0xdb, 0xff, 0xdb, 0xff, 0xdb, 0xff,
    0xdb, 0xff, 0xdb, 0xff, 0xdb, 0xff, 0xdb, 0xff, 0xfb, 0xff, 0xdb, 0xff, 0xdb, 0xff, 0xdb, 0xff, 0xdb, 0xff, 0xdb, 0xff, 0xdb, 0xff, 0xdb, 0xff, 0xdb, 0xff, 0xdb, 0xff, 0xdb, 0xff, 0xdb, 0xff, 0xdb, 0xff, 0xfb, 0xff, 0xdb, 0xff, 0xdb, 0xff,
    0xdb, 0xff, 0xdb, 0xff, 0xda, 0xff, 0xfb, 0xff, 0xdb, 0xff, 0x90, 0xf6, 0x6a, 0xe5, 0xc2, 0x18, 0x00, 0x00, 0x08, 0x42, 0xff, 0xff, 0xda, 0xde, 0x8a, 0x52, 0xc2, 0x18, 0x92, 0x94, 0xff, 0xff, 0xff, 0xff, 0xff, 0xff, 0xff, 0xff, 0xff, 0xff,
    0xff, 0xff, 0xff, 0xff, 0xff, 0xff, 0xff, 0xff, 0xff, 0xff, 0xde, 0xff, 0xff, 0xff, 0xff, 0xff, 0xde, 0xff, 0xff, 0xff, 0x58, 0xce, 0x20, 0x00, 0x00, 0x00, 0x22, 0x49, 0xc5, 0xfb, 0x64, 0xf3, 0x64, 0xf3, 0x44, 0xf3, 0x43, 0xf3, 0xa4, 0xf3,
    0xc7, 0xf4, 0xa8, 0xfd, 0xc9, 0xfd, 0x2a, 0xfe, 0x49, 0xe5, 0x09, 0xe5, 0xc9, 0xfd, 0x88, 0xfd, 0x88, 0xfd, 0xa9, 0xfd, 0xa9, 0xfd, 0xca, 0xfd, 0x6f, 0xfe, 0xb9, 0xff, 0xfb, 0xff, 0xfc, 0xff, 0xfc, 0xff, 0xfc, 0xff, 0xfc, 0xff, 0xfb, 0xff,
    0xdb, 0xff, 0xda, 0xff, 0xdb, 0xff, 0xdb, 0xff, 0xdb, 0xff, 0xdb, 0xff, 0xdb, 0xff, 0xdb, 0xff, 0xdb, 0xff, 0xdb, 0xff, 0xdb, 0xff, 0xdb, 0xff, 0xda, 0xff, 0xda, 0xff, 0xdb, 0xff, 0xdb, 0xff, 0xdb, 0xff, 0xdb, 0xff, 0xdb, 0xff, 0xdb, 0xff,
    0xdb, 0xff, 0xdb, 0xff, 0xda, 0xff, 0xda, 0xff, 0xda, 0xff, 0xda, 0xff, 0xdb, 0xff, 0xdb, 0xff, 0xdb, 0xff, 0xdb, 0xff, 0xda, 0xff, 0xda, 0xff, 0xda, 0xff, 0xda, 0xff, 0xdb, 0xff, 0xdb, 0xff, 0xdb, 0xff, 0xdb, 0xff, 0xdb, 0xff, 0xdb, 0xff,
    0xdb, 0xff, 0xdb, 0xff, 0xfb, 0xff, 0xdb, 0xff, 0xdb, 0xff, 0xdb, 0xff, 0xdb, 0xff, 0xdb, 0xff, 0xdb, 0xff, 0xdb, 0xff, 0xdb, 0xff, 0xdb, 0xff, 0xdb, 0xff, 0xdb, 0xff, 0xdb, 0xff, 0xdb, 0xff, 0xfb, 0xff, 0xfb, 0xff, 0xdb, 0xff, 0xdb, 0xff,
    0xdb, 0xff, 0xdb, 0xff, 0xda, 0xff, 0xda, 0xff, 0xdb, 0xff, 0xfc, 0xff, 0xad, 0xac, 0x00, 0x00, 0x00, 0x00, 0x91, 0x94, 0xff, 0xff, 0xff, 0xff, 0xff, 0xff, 0xd6, 0xbd, 0x24, 0x21, 0x0b, 0x63, 0xff, 0xff, 0xff, 0xff, 0xff, 0xff, 0xdf, 0xff,
    0xff, 0xff, 0xff, 0xff, 0xff, 0xff, 0xff, 0xff, 0xff, 0xff, 0xff, 0xff, 0xff, 0xff, 0xff, 0xff, 0xff, 0xff, 0xff, 0xff, 0xdf, 0xff, 0x85, 0x31, 0x00, 0x00, 0x20, 0x08, 0x25, 0xd3, 0xa4, 0xfb, 0x43, 0xf3, 0x43, 0xf3, 0x46, 0xf4, 0x68, 0xf5,
    0xa9, 0xfd, 0x0a, 0xfe, 0x69, 0xed, 0xc5, 0x72, 0x84, 0x41, 0xa8, 0xcc, 0xc9, 0xfd, 0xa9, 0xf5, 0xca, 0xfd, 0xeb, 0xfd, 0x0c, 0xfe, 0xb2, 0xf6, 0xba, 0xff, 0xda, 0xff, 0xba, 0xff, 0xda, 0xff, 0xda, 0xff, 0xda, 0xff, 0xdb, 0xff, 0xdb, 0xff,
    0xdb, 0xff, 0xdb, 0xff, 0xdb, 0xff, 0xdb, 0xff, 0xdb, 0xff, 0xdb, 0xff, 0xdb, 0xff, 0xdb, 0xff, 0xdb, 0xff, 0xdb, 0xff, 0xdb, 0xff, 0xda, 0xff, 0xda, 0xff, 0xda, 0xff, 0xda, 0xff, 0xda, 0xff, 0xdb, 0xff, 0xdb, 0xff, 0xfb, 0xff, 0xfb, 0xff,
    0xdb, 0xff, 0xdb, 0xff, 0xdb, 0xff, 0xdb, 0xff, 0xda, 0xff, 0xda, 0xff, 0xdb, 0xff, 0xdb, 0xff, 0xdb, 0xff, 0xdb, 0xff, 0xdb, 0xff, 0xdb, 0xff, 0xda, 0xff, 0xda, 0xff, 0xda, 0xff, 0xda, 0xff, 0xdb, 0xff, 0xdb, 0xff, 0xdb, 0xff, 0xdb, 0xff,
    0xdb, 0xff, 0xdb, 0xff, 0xdb, 0xff, 0xdb, 0xff, 0xdb, 0xff, 0xdb, 0xff, 0xdb, 0xff, 0xdb, 0xff, 0xdb, 0xff, 0xdb, 0xff, 0xdb, 0xff, 0xdb, 0xff, 0xdb, 0xff, 0xdb, 0xff, 0xdb, 0xff, 0xdb, 0xff, 0xdb, 0xff, 0xfb, 0xff, 0xfb, 0xff, 0xdb, 0xff,
    0xdb, 0xff, 0xdb, 0xff, 0xdb, 0xff, 0xda, 0xff, 0xda, 0xff, 0xfd, 0xff, 0xca, 0x5a, 0x00, 0x00, 0x61, 0x08, 0xfb, 0xe6, 0xff, 0xff, 0xde, 0xff, 0xde, 0xff, 0xff, 0xff, 0xde, 0xff, 0xf7, 0xc5, 0xff, 0xff, 0xff, 0xff, 0xff, 0xff, 0xff, 0xff,
    0xff, 0xff, 0xff, 0xff, 0xff, 0xff, 0xff, 0xff, 0xff, 0xff, 0xff, 0xff, 0xff, 0xff, 0xff, 0xff, 0xff, 0xff, 0xde, 0xff, 0xff, 0xff, 0x50, 0x8c, 0x00, 0x00, 0x00, 0x00, 0xe3, 0x71, 0xa4, 0xfb, 0xc5, 0xf3, 0x07, 0xf5, 0xa8, 0xfd, 0x09, 0xfe,
    0xca, 0xfd, 0x46, 0x8b, 0xc2, 0x20, 0x65, 0x62, 0x89, 0xed, 0xe9, 0xfd, 0xa9, 0xfd, 0xeb, 0xfd, 0x0c, 0xfe, 0x4e, 0xfe, 0x35, 0xff, 0xda, 0xff, 0xda, 0xff, 0xda, 0xff, 0xda, 0xff, 0xdb, 0xff, 0xdb, 0xff, 0xdb, 0xff, 0xdb, 0xff, 0xdb, 0xff,
    0xdb, 0xff, 0xdb, 0xff, 0xdb, 0xff, 0xdb, 0xff, 0xdb, 0xff, 0xdb, 0xff, 0xdb, 0xff, 0xdb, 0xff, 0xdb, 0xff, 0xdb, 0xff, 0xda, 0xff, 0xdb, 0xff, 0xdb, 0xff, 0xda, 0xff, 0xda, 0xff, 0xda, 0xff, 0xdb, 0xff, 0xdb, 0xff, 0xdb, 0xff, 0xfb, 0xff,
    0xdb, 0xff, 0xdb, 0xff, 0xdb, 0xff, 0xdb, 0xff, 0xdb, 0xff, 0xdb, 0xff, 0xdb, 0xff, 0xdb, 0xff, 0xdb, 0xff, 0xdb, 0xff, 0xdb, 0xff, 0xfb, 0xff, 0xdb, 0xff, 0xda, 0xff, 0xda, 0xff, 0xda, 0xff, 0xda, 0xff, 0xda, 0xff, 0xdb, 0xff, 0xdb, 0xff,
    0xdb, 0xff, 0xdb, 0xff, 0xdb, 0xff, 0xdc, 0xff, 0xdc, 0xff, 0xdb, 0xff, 0xdb, 0xff, 0xdb, 0xff, 0xdb, 0xff, 0xdb, 0xff, 0xdb, 0xff, 0xdb, 0xff, 0xdb, 0xff, 0xdb, 0xff, 0xdb, 0xff, 0xdb, 0xff, 0xdb, 0xff, 0xfb, 0xff, 0xfb, 0xff, 0xdb, 0xff,
    0xdb, 0xff, 0xdb, 0xff, 0xdb, 0xff, 0xda, 0xff, 0xfc, 0xff, 0xd8, 0xde, 0x41, 0x08, 0x00, 0x00, 0x89, 0x52, 0xff, 0xff, 0xde, 0xff, 0xff, 0xff, 0xff, 0xff, 0xde, 0xff, 0xff, 0xff, 0xff, 0xff, 0xff, 0xff, 0xff, 0xff, 0xff, 0xff, 0xdf, 0xff,
    0xff, 0xff, 0xff, 0xff, 0xff, 0xff, 0xff, 0xff, 0xff, 0xff, 0xff, 0xff, 0xff, 0xff, 0xff, 0xff, 0xff, 0xff, 0xff, 0xff, 0xff, 0xff, 0x3c, 0xe7, 0x82, 0x10, 0x00, 0x00, 0x61, 0x18, 0x88, 0xec, 0xa8, 0xfd, 0xe9, 0xfd, 0x09, 0xfe, 0x28, 0xb4,
    0x02, 0x29, 0x43, 0x39, 0xa8, 0xc4, 0x29, 0xfe, 0xc9, 0xfd, 0xca, 0xf5, 0xec, 0xfd, 0xec, 0xf5, 0x2e, 0xf6, 0x56, 0xff, 0xfa, 0xff, 0xda, 0xff, 0xda, 0xff, 0xda, 0xff, 0xda, 0xff, 0xdb, 0xff, 0xdb, 0xff, 0xdb, 0xff, 0xdb, 0xff, 0xdb, 0xff,
    0xdb, 0xff, 0xdb, 0xff, 0xdb, 0xff, 0xdb, 0xff, 0xdb, 0xff, 0xdb, 0xff, 0xdb, 0xff, 0xdb, 0xff, 0xdb, 0xff, 0xdb, 0xff, 0xda, 0xff, 0xda, 0xff, 0xda, 0xff, 0xda, 0xff, 0xdb, 0xff, 0xdb, 0xff, 0xdb, 0xff, 0xdb, 0xff, 0xdb, 0xff, 0xdb, 0xff,
    0xdb, 0xff, 0xdb, 0xff, 0xdb, 0xff, 0xdb, 0xff, 0xdb, 0xff, 0xdb, 0xff, 0xdb, 0xff, 0xdb, 0xff, 0xdb, 0xff, 0xdb, 0xff, 0xfb, 0xff, 0xdb, 0xff, 0xdb, 0xff, 0xda, 0xff, 0xda, 0xff, 0xda, 0xff, 0xda, 0xff, 0xda, 0xff, 0xda, 0xff, 0xdb, 0xff,
    0xdb, 0xff, 0xdc, 0xff, 0xdc, 0xff, 0xfb, 0xff, 0xfb, 0xff, 0xfb, 0xff, 0xdb, 0xff, 0xdb, 0xff, 0xdb, 0xff, 0xdb, 0xff, 0xfc, 0xff, 0xfb, 0xff, 0xdb, 0xff, 0xdb, 0xff, 0xdb, 0xff, 0xdb, 0xff, 0xfb, 0xff, 0xfb, 0xff, 0xfb, 0xff, 0xdb, 0xff,
    0xdb, 0xff, 0xda, 0xff, 0xdb, 0xff, 0xba, 0xff, 0xfd, 0xff, 0x8c, 0x73, 0x00, 0x00, 0x00, 0x00, 0xd7, 0xbd, 0xff, 0xff, 0xde, 0xff, 0xff, 0xff, 0xff, 0xff, 0xff, 0xff, 0xff, 0xff, 0xfe, 0xff, 0xff, 0xff, 0xff, 0xff, 0xff, 0xff, 0xdf, 0xff,
    0xff, 0xff, 0xff, 0xff, 0xff, 0xff, 0xff, 0xff, 0xff, 0xff, 0xff, 0xff, 0xff, 0xff, 0xff, 0xff, 0xff, 0xff, 0xff, 0xff, 0xde, 0xff, 0xff, 0xff, 0xce, 0x7b, 0x00, 0x00, 0x00, 0x00, 0xe6, 0x72, 0x8b, 0xfe, 0x08, 0xdd, 0xa3, 0x49, 0xa1, 0x18,
    0xa6, 0x9b, 0xe9, 0xfd, 0xe8, 0xfd, 0xc9, 0xfd, 0xeb, 0xf5, 0x2d, 0xf6, 0x0c, 0xf6, 0x50, 0xf6, 0xb9, 0xff, 0xfa, 0xff, 0xda, 0xff, 0xda, 0xff, 0xda, 0xff, 0xdb, 0xff, 0xda, 0xff, 0xdb, 0xff, 0xdb, 0xff, 0xdb, 0xff, 0xdb, 0xff, 0xdb, 0xff,
    0xdb, 0xff, 0xdb, 0xff, 0xdb, 0xff, 0xdb, 0xff, 0xdb, 0xff, 0xdb, 0xff, 0xdb, 0xff, 0xda, 0xff, 0xda, 0xff, 0xda, 0xff, 0xda, 0xff, 0xda, 0xff, 0xda, 0xff, 0xda, 0xff, 0xda, 0xff, 0xda, 0xff, 0xdb, 0xff, 0xdb, 0xff, 0xdb, 0xff, 0xdb, 0xff,
    0xda, 0xff, 0xda, 0xff, 0xda, 0xff, 0xdb, 0xff, 0xdb, 0xff, 0xdb, 0xff, 0xdb, 0xff, 0xdb, 0xff, 0xdb, 0xff, 0xdb, 0xff, 0xfb, 0xff, 0xdb, 0xff, 0xda, 0xff, 0xda, 0xff, 0xda, 0xff, 0xda, 0xff, 0xda, 0xff, 0xda, 0xff, 0xdb, 0xff, 0xdb, 0xff,
    0xdb, 0xff, 0xdb, 0xff, 0xdb, 0xff, 0xdb, 0xff, 0xfb, 0xff, 0xdb, 0xff, 0xfb, 0xff, 0xfb, 0xff, 0xdb, 0xff, 0xfb, 0xff, 0xfc, 0xff, 0xfb, 0xff, 0xfb, 0xff, 0xdb, 0xff, 0xdb, 0xff, 0xdb, 0xff, 0xfb, 0xff, 0xdb, 0xff, 0xdb, 0xff, 0xdb, 0xff,
    0xdb, 0xff, 0xdb, 0xff, 0xdb, 0xff, 0xfc, 0xff, 0xf8, 0xe6, 0x81, 0x10, 0x00, 0x00, 0xc6, 0x39, 0xff, 0xff, 0xff, 0xff, 0xff, 0xff, 0xff, 0xff, 0xff, 0xff, 0xff, 0xff, 0xff, 0xff, 0xff, 0xff, 0xff, 0xff, 0xff, 0xff, 0xff, 0xff, 0xff, 0xff,
    0xff, 0xff, 0xff, 0xff, 0xff, 0xff, 0xff, 0xff, 0xff, 0xff, 0xff, 0xff, 0xff, 0xff, 0xff, 0xff, 0xff, 0xff, 0xff, 0xff, 0xff, 0xff, 0xff, 0xff, 0x3c, 0xe7, 0x81, 0x10, 0x00, 0x00, 0x81, 0x10, 0xc6, 0x72, 0x61, 0x10, 0x44, 0x62, 0x48, 0xed,
    0xe8, 0xfd, 0x87, 0xf5, 0xc9, 0xfd, 0x0c, 0xf6, 0xeb, 0xf5, 0x2d, 0xf6, 0xb3, 0xf6, 0xba, 0xff, 0xda, 0xff, 0xda, 0xff, 0xda, 0xff, 0xda, 0xff, 0xda, 0xff, 0xdb, 0xff, 0xdb, 0xff, 0xdb, 0xff, 0xdb, 0xff, 0xdb, 0xff, 0xdb, 0xff, 0xdb, 0xff,
    0xdb, 0xff, 0xdb, 0xff, 0xdb, 0xff, 0xdb, 0xff, 0xdb, 0xff, 0xdb, 0xff, 0xdb, 0xff, 0xda, 0xff, 0xda, 0xff, 0xda, 0xff, 0xda, 0xff, 0xda, 0xff, 0xda, 0xff, 0xda, 0xff, 0xda, 0xff, 0xda, 0xff, 0xdb, 0xff, 0xdb, 0xff, 0xdb, 0xff, 0xda, 0xff,
    0xda, 0xff, 0xda, 0xff, 0xdb, 0xff, 0xdb, 0xff, 0xdb, 0xff, 0xdb, 0xff, 0xdb, 0xff, 0xdb, 0xff, 0xda, 0xff, 0xda, 0xff, 0xda, 0xff, 0xdb, 0xff, 0xdb, 0xff, 0xda, 0xff, 0xda, 0xff, 0xda, 0xff, 0xda, 0xff, 0xda, 0xff, 0xda, 0xff, 0xdb, 0xff,
    0xdb, 0xff, 0xdb, 0xff, 0xdb, 0xff, 0xdb, 0xff, 0xdb, 0xff, 0xdb, 0xff, 0xdb, 0xff, 0xdb, 0xff, 0xfb, 0xff, 0xfb, 0xff, 0xfb, 0xff, 0xfb, 0xff, 0xfb, 0xff, 0xdb, 0xff, 0xdb, 0xff, 0xdb, 0xff, 0xdb, 0xff, 0xdb, 0xff, 0xdb, 0xff, 0xdb, 0xff,
    0xdb, 0xff, 0xdb, 0xff, 0xba, 0xff, 0xfd, 0xff, 0x0a, 0x63, 0x00, 0x00, 0x00, 0x00, 0xb6, 0xbd, 0xff, 0xff, 0xfe, 0xff, 0xff, 0xff, 0xff, 0xff, 0xff, 0xff, 0xff, 0xff, 0xff, 0xff, 0xff, 0xff, 0xff, 0xff, 0xff, 0xff, 0xff, 0xff, 0xff, 0xff,
    0xff, 0xff, 0xff, 0xff, 0xff, 0xff, 0xff, 0xff, 0xff, 0xff, 0xff, 0xff, 0xff, 0xff, 0xff, 0xff, 0xff, 0xff, 0xff, 0xff, 0xff, 0xff, 0xde, 0xff, 0xff, 0xff, 0x54, 0xad, 0x00, 0x00, 0x00, 0x00, 0x00, 0x00, 0xa9, 0xc4, 0x29, 0xfe, 0x88, 0xfd,
    0x68, 0xf5, 0xa9, 0xf5, 0xeb, 0xf5, 0x89, 0xf5, 0x0c, 0xf6, 0x36, 0xf7, 0xdb, 0xff, 0xda, 0xff, 0xda, 0xff, 0xda, 0xff, 0xda, 0xff, 0xdb, 0xff, 0xda, 0xff, 0xdb, 0xff, 0xdb, 0xff, 0xdb, 0xff, 0xdb, 0xff, 0xdb, 0xff, 0xdb, 0xff, 0xdb, 0xff,
    0xdb, 0xff, 0xdb, 0xff, 0xdb, 0xff, 0xda, 0xff, 0xda, 0xff, 0xda, 0xff, 0xda, 0xff, 0xda, 0xff, 0xda, 0xff, 0xda, 0xff, 0xda, 0xff, 0xda, 0xff, 0xdb, 0xff, 0xdb, 0xff, 0xda, 0xff, 0xdb, 0xff, 0xdb, 0xff, 0xdb, 0xff, 0xdb, 0xff, 0xdb, 0xff,
    0xda, 0xff, 0xda, 0xff, 0xdb, 0xff, 0xdb, 0xff, 0xdb, 0xff, 0xdb, 0xff, 0xdb, 0xff, 0xdb, 0xff, 0xda, 0xff, 0xda, 0xff, 0xda, 0xff, 0xda, 0xff, 0xda, 0xff, 0xda, 0xff, 0xda, 0xff, 0xda, 0xff, 0xda, 0xff, 0xda, 0xff, 0xda, 0xff, 0xdb, 0xff,
    0xdb, 0xff, 0xdb, 0xff, 0xdb, 0xff, 0xdb, 0xff, 0xdb, 0xff, 0xdb, 0xff, 0xdb, 0xff, 0xdb, 0xff, 0xdb, 0xff, 0xfb, 0xff, 0xfb, 0xff, 0xdb, 0xff, 0xdb, 0xff, 0xdb, 0xff, 0xdb, 0xff, 0xdb, 0xff, 0xdb, 0xff, 0xdb, 0xff, 0xdb, 0xff, 0xdb, 0xff,
    0xdb, 0xff, 0xba, 0xff, 0xfd, 0xff, 0xd4, 0xbd, 0x00, 0x00, 0x00, 0x00, 0x48, 0x4a, 0xff, 0xff, 0xff, 0xff, 0xff, 0xff, 0xff, 0xff, 0xff, 0xff, 0xff, 0xff, 0xff, 0xff, 0xff, 0xff, 0xff, 0xff, 0xff, 0xff, 0xff, 0xff, 0xff, 0xff, 0xff, 0xff,
    0xff, 0xff, 0xff, 0xff, 0xff, 0xff, 0xff, 0xff, 0xff, 0xff, 0xff, 0xff, 0xff, 0xff, 0xff, 0xff, 0xff, 0xff, 0xff, 0xff, 0xde, 0xff, 0xff, 0xff, 0xbe, 0xf7, 0x2c, 0x63, 0x00, 0x00, 0x00, 0x00, 0x40, 0x08, 0xe7, 0xab, 0x09, 0xfe, 0x68, 0xf5,
    0xa9, 0xfd, 0xca, 0xfd, 0x88, 0xfd, 0xec, 0xf5, 0x36, 0xf7, 0xda, 0xff, 0xda, 0xff, 0xda, 0xff, 0xda, 0xff, 0xda, 0xff, 0xdb, 0xff, 0xdb, 0xff, 0xdb, 0xff, 0xdb, 0xff, 0xdb, 0xff, 0xdb, 0xff, 0xdb, 0xff, 0xdb, 0xff, 0xdb, 0xff, 0xdb, 0xff,
    0xda, 0xff, 0xdb, 0xff, 0xda, 0xff, 0xda, 0xff, 0xdb, 0xff, 0xdb, 0xff, 0xda, 0xff, 0xdb, 0xff, 0xda, 0xff, 0xda, 0xff, 0xda, 0xff, 0xda, 0xff, 0xdb, 0xff, 0xdb, 0xff, 0xda, 0xff, 0xda, 0xff, 0xda, 0xff, 0xdb, 0xff, 0xdb, 0xff, 0xdb, 0xff,
    0xda, 0xff, 0xdb, 0xff, 0xdb, 0xff, 0xdb, 0xff, 0xdb, 0xff, 0xdb, 0xff, 0xdb, 0xff, 0xdb, 0xff, 0xdb, 0xff, 0xdb, 0xff, 0xda, 0xff, 0xda, 0xff, 0xda, 0xff, 0xda, 0xff, 0xda, 0xff, 0xda, 0xff, 0xda, 0xff, 0xda, 0xff, 0xda, 0xff, 0xda, 0xff,
    0xda, 0xff, 0xdb, 0xff, 0xda, 0xff, 0xdb, 0xff, 0xdb, 0xff, 0xdb, 0xff, 0xdb, 0xff, 0xdb, 0xff, 0xdb, 0xff, 0xdb, 0xff, 0xdb, 0xff, 0xdb, 0xff, 0xdb, 0xff, 0xdb, 0xff, 0xdb, 0xff, 0xdb, 0xff, 0xdb, 0xff, 0xdb, 0xff, 0xdb, 0xff, 0xdb, 0xff,
    0xda, 0xff, 0xfb, 0xff, 0x7a, 0xef, 0x04, 0x21, 0x00, 0x00, 0x41, 0x08, 0xba, 0xd6, 0xff, 0xff, 0xff, 0xff, 0xff, 0xff, 0xff, 0xff, 0xff, 0xff, 0xff, 0xff, 0xff, 0xff, 0xff, 0xff, 0xff, 0xff, 0xff, 0xff, 0xff, 0xff, 0xff, 0xff, 0xff, 0xff,
    0xff, 0xff, 0xff, 0xff, 0xff, 0xff, 0xff, 0xff, 0xff, 0xff, 0xff, 0xff, 0xff, 0xff, 0xff, 0xff, 0xff, 0xff, 0xff, 0xff, 0xff, 0xff, 0x18, 0xc6, 0x04, 0x21, 0x28, 0x4a, 0xb6, 0xb5, 0x41, 0x08, 0x00, 0x00, 0x20, 0x08, 0xca, 0xcc, 0x0a, 0xfe,
    0xa9, 0xf5, 0xa8, 0xfd, 0x2e, 0xf6, 0x78, 0xff, 0xfb, 0xff, 0xda, 0xff, 0xdb, 0xff, 0xdb, 0xff, 0xda, 0xff, 0xda, 0xff, 0xda, 0xff, 0xda, 0xff, 0xdb, 0xff, 0xdb, 0xff, 0xdb, 0xff, 0xdb, 0xff, 0xdb, 0xff, 0xdb, 0xff, 0xdb, 0xff, 0xdb, 0xff,
    0xda, 0xff, 0xda, 0xff, 0xda, 0xff, 0xda, 0xff, 0xda, 0xff, 0xdb, 0xff, 0xdb, 0xff, 0xda, 0xff, 0xda, 0xff, 0xda, 0xff, 0xda, 0xff, 0xda, 0xff, 0xda, 0xff, 0xda, 0xff, 0xda, 0xff, 0xda, 0xff, 0xda, 0xff, 0xdb, 0xff, 0xda, 0xff, 0xdb, 0xff,
    0xdb, 0xff, 0xdb, 0xff, 0xdb, 0xff, 0xdb, 0xff, 0xdb, 0xff, 0xdb, 0xff, 0xda, 0xff, 0xda, 0xff, 0xdb, 0xff, 0xdb, 0xff, 0xdb, 0xff, 0xda, 0xff, 0xda, 0xff, 0xda, 0xff, 0xda, 0xff, 0xda, 0xff, 0xda, 0xff, 0xda, 0xff, 0xda, 0xff, 0xda, 0xff,
    0xda, 0xff, 0xda, 0xff, 0xda, 0xff, 0xda, 0xff, 0xdb, 0xff, 0xdb, 0xff, 0xdb, 0xff, 0xdb, 0xff, 0xdb, 0xff, 0xdb, 0xff, 0xdb, 0xff, 0xdb, 0xff, 0xdb, 0xff, 0xdb, 0xff, 0xdb, 0xff, 0xdb, 0xff, 0xdb, 0xff, 0xdb, 0xff, 0xdb, 0xff, 0xda, 0xff,
    0xba, 0xff, 0xfd, 0xff, 0x89, 0x52, 0x00, 0x00, 0x00, 0x00, 0x71, 0x8c, 0xff, 0xff, 0xde, 0xff, 0xff, 0xff, 0xff, 0xff, 0xff, 0xff, 0xff, 0xff, 0xff, 0xff, 0xff, 0xff, 0xff, 0xff, 0xff, 0xff, 0xff, 0xff, 0xff, 0xff, 0xff, 0xff, 0xdf, 0xff,
    0xff, 0xff, 0xff, 0xff, 0xff, 0xff, 0xff, 0xff, 0xff, 0xff, 0xff, 0xff, 0xff, 0xff, 0xfe, 0xff, 0xff, 0xff, 0xff, 0xff, 0xae, 0x73, 0x82, 0x10, 0xb2, 0x94, 0xff, 0xff, 0xff, 0xff, 0xd2, 0x9c, 0x00, 0x00, 0x00, 0x00, 0xc1, 0x18, 0x6a, 0xe5,
    0xe9, 0xfd, 0x4e, 0xf6, 0xb9, 0xff, 0xfb, 0xff, 0xda, 0xff, 0xda, 0xff, 0xdb, 0xff, 0xdb, 0xff, 0xda, 0xff, 0xda, 0xff, 0xda, 0xff, 0xda, 0xff, 0xda, 0xff, 0xdb, 0xff, 0xdb, 0xff, 0xda, 0xff, 0xda, 0xff, 0xda, 0xff, 0xda, 0xff, 0xda, 0xff,
    0xda, 0xff, 0xda, 0xff, 0xda, 0xff, 0xda, 0xff, 0xda, 0xff, 0xda, 0xff, 0xda, 0xff, 0xda, 0xff, 0xda, 0xff, 0xda, 0xff, 0xda, 0xff, 0xda, 0xff, 0xda, 0xff, 0xda, 0xff, 0xda, 0xff, 0xda, 0xff, 0xda, 0xff, 0xda, 0xff, 0xda, 0xff, 0xda, 0xff,
    0xda, 0xff, 0xda, 0xff, 0xdb, 0xff, 0xdb, 0xff, 0xda, 0xff, 0xdb, 0xff, 0xdb, 0xff, 0xda, 0xff, 0xda, 0xff, 0xda, 0xff, 0xdb, 0xff, 0xdb, 0xff, 0xda, 0xff, 0xda, 0xff, 0xda, 0xff, 0xda, 0xff, 0xda, 0xff, 0xda, 0xff, 0xda, 0xff, 0xda, 0xff,
    0xda, 0xff, 0xda, 0xff, 0xda, 0xff, 0xda, 0xff, 0xdb, 0xff, 0xdb, 0xff, 0xdb, 0xff, 0xda, 0xff, 0xda, 0xff, 0xdb, 0xff, 0xdb, 0xff, 0xdb, 0xff, 0xdb, 0xff, 0xdb, 0xff, 0xdb, 0xff, 0xda, 0xff, 0xda, 0xff, 0xda, 0xff, 0xda, 0xff, 0xba, 0xff,
    0xfd, 0xff, 0xee, 0x83, 0x00, 0x00, 0x00, 0x00, 0x69, 0x4a, 0xff, 0xff, 0xfe, 0xff, 0xff, 0xff, 0xff, 0xff, 0xff, 0xff, 0xff, 0xff, 0xff, 0xff, 0xff, 0xff, 0xff, 0xff, 0xff, 0xff, 0xff, 0xff, 0xff, 0xff, 0xff, 0xff, 0xff, 0xff, 0xdf, 0xff,
    0xff, 0xff, 0xff, 0xff, 0xff, 0xff, 0xff, 0xff, 0xff, 0xff, 0xff, 0xff, 0xfe, 0xff, 0xff, 0xff, 0x5d, 0xef, 0x07, 0x42, 0xa6, 0x39, 0xdb, 0xde, 0xff, 0xff, 0xde, 0xff, 0xde, 0xff, 0xff, 0xff, 0x2c, 0x63, 0x00, 0x00, 0x00, 0x00, 0x43, 0x31,
    0x92, 0xee, 0xda, 0xff, 0xda, 0xff, 0xda, 0xff, 0xdb, 0xff, 0xdb, 0xff, 0xdb, 0xff, 0xdb, 0xff, 0xdb, 0xff, 0xda, 0xff, 0xda, 0xff, 0xda, 0xff, 0xda, 0xff, 0xda, 0xff, 0xda, 0xff, 0xda, 0xff, 0xda, 0xff, 0xda, 0xff, 0xda, 0xff, 0xda, 0xff,
    0xda, 0xff, 0xda, 0xff, 0xda, 0xff, 0xda, 0xff, 0xda, 0xff, 0xda, 0xff, 0xda, 0xff, 0xda, 0xff, 0xda, 0xff, 0xda, 0xff, 0xda, 0xff, 0xda, 0xff, 0xda, 0xff, 0xda, 0xff, 0xda, 0xff, 0xda, 0xff, 0xda, 0xff, 0xda, 0xff, 0xda, 0xff, 0xda, 0xff,
    0xdb, 0xff, 0xdb, 0xff, 0xdb, 0xff, 0xda, 0xff, 0xda, 0xff, 0xda, 0xff, 0xda, 0xff, 0xda, 0xff, 0xda, 0xff, 0xda, 0xff, 0xdb, 0xff, 0xdb, 0xff, 0xda, 0xff, 0xda, 0xff, 0xda, 0xff, 0xda, 0xff, 0xda, 0xff, 0xda, 0xff, 0xda, 0xff, 0xda, 0xff,
    0xda, 0xff, 0xda, 0xff, 0xda, 0xff, 0xda, 0xff, 0xdb, 0xff, 0xda, 0xff, 0xda, 0xff, 0xda, 0xff, 0xda, 0xff, 0xda, 0xff, 0xdb, 0xff, 0xdb, 0xff, 0xdb, 0xff, 0xda, 0xff, 0xda, 0xff, 0xda, 0xff, 0xda, 0xff, 0xda, 0xff, 0xba, 0xff, 0xfd, 0xff,
    0xb0, 0x94, 0x00, 0x00, 0x00, 0x00, 0x24, 0x21, 0x7d, 0xef, 0xff, 0xff, 0xfe, 0xff, 0xff, 0xff, 0xff, 0xff, 0xff, 0xff, 0xff, 0xff, 0xff, 0xff, 0xfe, 0xff, 0xff, 0xff, 0xff, 0xff, 0xff, 0xff, 0xff, 0xff, 0xff, 0xff, 0xff, 0xff, 0xdf, 0xff,
    0xff, 0xff, 0xff, 0xff, 0xff, 0xff, 0xff, 0xff, 0xff, 0xff, 0xff, 0xff, 0xfe, 0xff, 0xff, 0xff, 0x99, 0xd6, 0x71, 0x8c, 0xff, 0xff, 0xff, 0xff, 0xde, 0xff, 0xff, 0xff, 0xff, 0xff, 0xff, 0xff, 0xdf, 0xff, 0x48, 0x4a, 0x00, 0x00, 0x00, 0x00,
    0xc6, 0x39, 0x5a, 0xef, 0xfc, 0xff, 0xba, 0xff, 0xdb, 0xff, 0xdb, 0xff, 0xdb, 0xff, 0xdb, 0xff, 0xda, 0xff, 0xdb, 0xff, 0xdb, 0xff, 0xda, 0xff, 0xda, 0xff, 0xda, 0xff, 0xda, 0xff, 0xda, 0xff, 0xda, 0xff, 0xda, 0xff, 0xda, 0xff, 0xda, 0xff,
    0xda, 0xff, 0xda, 0xff, 0xda, 0xff, 0xda, 0xff, 0xda, 0xff, 0xda, 0xff, 0xda, 0xff, 0xda, 0xff, 0xda, 0xff, 0xda, 0xff, 0xda, 0xff, 0xda, 0xff, 0xda, 0xff, 0xda, 0xff, 0xda, 0xff, 0xda, 0xff, 0xda, 0xff, 0xda, 0xff, 0xda, 0xff, 0xda, 0xff,
    0xdb, 0xff, 0xdb, 0xff, 0xdb, 0xff, 0xfb, 0xff, 0xdb, 0xff, 0xda, 0xff, 0xda, 0xff, 0xda, 0xff, 0xda, 0xff, 0xda, 0xff, 0xdb, 0xff, 0xdb, 0xff, 0xda, 0xff, 0xda, 0xff, 0xda, 0xff, 0xda, 0xff, 0xda, 0xff, 0xda, 0xff, 0xda, 0xff, 0xda, 0xff,
    0xda, 0xff, 0xda, 0xff, 0xda, 0xff, 0xda, 0xff, 0xda, 0xff, 0xda, 0xff, 0xdb, 0xff, 0xda, 0xff, 0xda, 0xff, 0xda, 0xff, 0xdb, 0xff, 0xdb, 0xff, 0xda, 0xff, 0xda, 0xff, 0xda, 0xff, 0xda, 0xff, 0xda, 0xff, 0xba, 0xff, 0xfd, 0xff, 0xf1, 0x9c,
    0x00, 0x00, 0x00, 0x00, 0x81, 0x10, 0x9a, 0xd6, 0xff, 0xff, 0xfe, 0xff, 0xff, 0xff, 0xff, 0xff, 0xff, 0xff, 0xff, 0xff, 0xff, 0xff, 0xff, 0xff, 0xfe, 0xff, 0xff, 0xff, 0xff, 0xff, 0xff, 0xff, 0xff, 0xff, 0xff, 0xff, 0xff, 0xff, 0xdf, 0xff,
    0xff, 0xff, 0xff, 0xff, 0xff, 0xff, 0xff, 0xff, 0xff, 0xff, 0xfe, 0xff, 0xfe, 0xff, 0xfe, 0xff, 0xff, 0xff, 0xff, 0xff, 0xff, 0xff, 0xff, 0xff, 0xff, 0xff, 0xff, 0xff, 0xff, 0xff, 0xff, 0xff, 0xff, 0xff, 0xbe, 0xf7, 0xe7, 0x39, 0x00, 0x00,
    0x00, 0x00, 0x85, 0x31, 0xd8, 0xde, 0xfd, 0xff, 0xba, 0xff, 0xdb, 0xff, 0xdb, 0xff, 0xdb, 0xff, 0xdb, 0xff, 0xdb, 0xff, 0xdb, 0xff, 0xda, 0xff, 0xda, 0xff, 0xda, 0xff, 0xda, 0xff, 0xda, 0xff, 0xda, 0xff, 0xda, 0xff, 0xda, 0xff, 0xda, 0xff,
    0xda, 0xff, 0xda, 0xff, 0xda, 0xff, 0xda, 0xff, 0xda, 0xff, 0xda, 0xff, 0xda, 0xff, 0xda, 0xff, 0xda, 0xff, 0xda, 0xff, 0xda, 0xff, 0xda, 0xff, 0xda, 0xff, 0xda, 0xff, 0xda, 0xff, 0xdb, 0xff, 0xda, 0xff, 0xdb, 0xff, 0xfb, 0xff, 0xfb, 0xff,
    0xfb, 0xff, 0xfb, 0xff, 0xdb, 0xff, 0xdb, 0xff, 0xfb, 0xff, 0xdb, 0xff, 0xdb, 0xff, 0xdb, 0xff, 0xdb, 0xff, 0xda, 0xff, 0xda, 0xff, 0xdb, 0xff, 0xdb, 0xff, 0xda, 0xff, 0xda, 0xff, 0xda, 0xff, 0xda, 0xff, 0xda, 0xff, 0xda, 0xff, 0xda, 0xff,
    0xda, 0xff, 0xda, 0xff, 0xda, 0xff, 0xda, 0xff, 0xda, 0xff, 0xda, 0xff, 0xda, 0xff, 0xda, 0xff, 0xda, 0xff, 0xda, 0xff, 0xda, 0xff, 0xdb, 0xff, 0xda, 0xff, 0xda, 0xff, 0xda, 0xff, 0xda, 0xff, 0xda, 0xff, 0xfd, 0xff, 0x90, 0x94, 0x00, 0x00,
    0x00, 0x00, 0x41, 0x08, 0xf7, 0xc5, 0xff, 0xff, 0xde, 0xff, 0xff, 0xff, 0xff, 0xff, 0xff, 0xff, 0xff, 0xff, 0xff, 0xff, 0xff, 0xff, 0xff, 0xff, 0xff, 0xff, 0xff, 0xff, 0xff, 0xff, 0xff, 0xff, 0xff, 0xff, 0xff, 0xff, 0xff, 0xff, 0xde, 0xff,
    0xff, 0xff, 0xff, 0xff, 0xff, 0xff, 0xff, 0xff, 0xff, 0xff, 0xff, 0xff, 0xfe, 0xff, 0xff, 0xff, 0xff, 0xff, 0xde, 0xff, 0xff, 0xff, 0xff, 0xff, 0xff, 0xff, 0xff, 0xff, 0xff, 0xff, 0xff, 0xff, 0xfe, 0xff, 0xff, 0xff, 0x9e, 0xf7, 0x48, 0x4a,
    0x00, 0x00, 0x00, 0x00, 0xa2, 0x18, 0xd5, 0xbd, 0xfd, 0xff, 0xdb, 0xff, 0xdb, 0xff, 0xdb, 0xff, 0xdb, 0xff, 0xda, 0xff, 0xda, 0xff, 0xda, 0xff, 0xda, 0xff, 0xda, 0xff, 0xda, 0xff, 0xda, 0xff, 0xdb, 0xff, 0xdb, 0xff, 0xda, 0xff, 0xda, 0xff,
    0xda, 0xff, 0xda, 0xff, 0xda, 0xff, 0xda, 0xff, 0xda, 0xff, 0xda, 0xff, 0xda, 0xff, 0xda, 0xff, 0xda, 0xff, 0xda, 0xff, 0xda, 0xff, 0xda, 0xff, 0xda, 0xff, 0xda, 0xff, 0xdb, 0xff, 0xdb, 0xff, 0xdb, 0xff, 0xdb, 0xff, 0xdb, 0xff, 0xdb, 0xff,
    0xdb, 0xff, 0xdb, 0xff, 0xdb, 0xff, 0xdb, 0xff, 0xfb, 0xff, 0xdb, 0xff, 0xdb, 0xff, 0xdb, 0xff, 0xdb, 0xff, 0xda, 0xff, 0xda, 0xff, 0xda, 0xff, 0xda, 0xff, 0xdb, 0xff, 0xda, 0xff, 0xda, 0xff, 0xda, 0xff, 0xda, 0xff, 0xda, 0xff, 0xda, 0xff,
    0xda, 0xff, 0xda, 0xff, 0xda, 0xff, 0xda, 0xff, 0xda, 0xff, 0xda, 0xff, 0xda, 0xff, 0xda, 0xff, 0xda, 0xff, 0xda, 0xff, 0xda, 0xff, 0xdb, 0xff, 0xdb, 0xff, 0xdb, 0xff, 0xba, 0xff, 0xfb, 0xff, 0xfd, 0xff, 0xad, 0x7b, 0x00, 0x00, 0x00, 0x00,
    0x61, 0x08, 0xf7, 0xbd, 0xff, 0xff, 0xde, 0xff, 0xff, 0xff, 0xff, 0xff, 0xff, 0xff, 0xff, 0xff, 0xff, 0xff, 0xff, 0xff, 0xff, 0xff, 0xff, 0xff, 0xff, 0xff, 0xff, 0xff, 0xff, 0xff, 0xff, 0xff, 0xff, 0xff, 0xff, 0xff, 0xff, 0xff, 0xdf, 0xff,
    0xff, 0xff, 0xff, 0xff, 0xff, 0xff, 0xff, 0xff, 0xff, 0xff, 0xff, 0xff, 0xff, 0xff, 0xff, 0xff, 0xff, 0xff, 0xff, 0xff, 0xff, 0xff, 0xff, 0xff, 0xff, 0xff, 0xff, 0xff, 0xff, 0xff, 0xff, 0xff, 0xff, 0xff, 0xfe, 0xff, 0xff, 0xff, 0xdf, 0xff,
    0x2c, 0x63, 0x00, 0x00, 0x00, 0x00, 0x20, 0x00, 0xad, 0x7b, 0xbb, 0xff, 0xfc, 0xff, 0xba, 0xff, 0xdb, 0xff, 0xdb, 0xff, 0xdb, 0xff, 0xda, 0xff, 0xda, 0xff, 0xda, 0xff, 0xda, 0xff, 0xda, 0xff, 0xdb, 0xff, 0xdb, 0xff, 0xda, 0xff, 0xda, 0xff,
    0xda, 0xff, 0xda, 0xff, 0xda, 0xff, 0xda, 0xff, 0xda, 0xff, 0xdb, 0xff, 0xda, 0xff, 0xda, 0xff, 0xda, 0xff, 0xda, 0xff, 0xda, 0xff, 0xda, 0xff, 0xda, 0xff, 0xdb, 0xff, 0xdb, 0xff, 0xdb, 0xff, 0xdb, 0xff, 0xdb, 0xff, 0xdb, 0xff, 0xdb, 0xff,
    0xdb, 0xff, 0xdb, 0xff, 0xdb, 0xff, 0xdb, 0xff, 0xdb, 0xff, 0xdb, 0xff, 0xdb, 0xff, 0xdb, 0xff, 0xdb, 0xff, 0xda, 0xff, 0xda, 0xff, 0xdb, 0xff, 0xdb, 0xff, 0xdb, 0xff, 0xdb, 0xff, 0xdb, 0xff, 0xda, 0xff, 0xda, 0xff, 0xda, 0xff, 0xda, 0xff,
    0xda, 0xff, 0xda, 0xff, 0xda, 0xff, 0xda, 0xff, 0xda, 0xff, 0xda, 0xff, 0xda, 0xff, 0xda, 0xff, 0xdb, 0xff, 0xda, 0xff, 0xda, 0xff, 0xda, 0xff, 0xda, 0xff, 0xba, 0xff, 0xfc, 0xff, 0x3a, 0xef, 0x69, 0x4a, 0x00, 0x00, 0x00, 0x00, 0xc2, 0x18,
    0x38, 0xc6, 0xff, 0xff, 0xde, 0xff, 0xff, 0xff, 0xff, 0xff, 0xff, 0xff, 0xff, 0xff, 0xff, 0xff, 0xff, 0xff, 0xff, 0xff, 0xff, 0xff, 0xff, 0xff, 0xff, 0xff, 0xff, 0xff, 0xff, 0xff, 0xff, 0xff, 0xff, 0xff, 0xff, 0xff, 0xff, 0xff, 0xdf, 0xff,
    0xff, 0xff, 0xff, 0xff, 0xff, 0xff, 0xff, 0xff, 0xff, 0xff, 0xff, 0xff, 0xff, 0xff, 0xff, 0xff, 0xfe, 0xff, 0xff, 0xff, 0xff, 0xff, 0xff, 0xff, 0xff, 0xff, 0xff, 0xff, 0xff, 0xff, 0xff, 0xff, 0xff, 0xff, 0xff, 0xff, 0xff, 0xff, 0xff, 0xff,
    0xff, 0xff, 0xb2, 0x94, 0x41, 0x08, 0x00, 0x00, 0x00, 0x00, 0xa5, 0x31, 0xf5, 0xbd, 0xfc, 0xff, 0xfb, 0xff, 0xba, 0xff, 0xda, 0xff, 0xda, 0xff, 0xda, 0xff, 0xda, 0xff, 0xda, 0xff, 0xda, 0xff, 0xda, 0xff, 0xda, 0xff, 0xda, 0xff, 0xda, 0xff,
    0xda, 0xff, 0xda, 0xff, 0xda, 0xff, 0xda, 0xff, 0xdb, 0xff, 0xdb, 0xff, 0xda, 0xff, 0xda, 0xff, 0xda, 0xff, 0xda, 0xff, 0xda, 0xff, 0xda, 0xff, 0xdb, 0xff, 0xdb, 0xff, 0xdb, 0xff, 0xdb, 0xff, 0xdb, 0xff, 0xdb, 0xff, 0xdb, 0xff, 0xdb, 0xff,
    0xdb, 0xff, 0xda, 0xff, 0xdb, 0xff, 0xdb, 0xff, 0xdb, 0xff, 0xdb, 0xff, 0xfb, 0xff, 0xdb, 0xff, 0xdb, 0xff, 0xdb, 0xff, 0xdb, 0xff, 0xdb, 0xff, 0xdb, 0xff, 0xdb, 0xff, 0xdb, 0xff, 0xdb, 0xff, 0xdb, 0xff, 0xdb, 0xff, 0xdb, 0xff, 0xdb, 0xff,
    0xdb, 0xff, 0xda, 0xff, 0xda, 0xff, 0xdb, 0xff, 0xda, 0xff, 0xda, 0xff, 0xda, 0xff, 0xda, 0xff, 0xdb, 0xff, 0xda, 0xff, 0xda, 0xff, 0xba, 0xf7, 0xfb, 0xff, 0xfd, 0xff, 0x94, 0xb5, 0x03, 0x21, 0x00, 0x00, 0x00, 0x00, 0xa6, 0x31, 0xfb, 0xde,
    0xff, 0xff, 0xde, 0xff, 0xff, 0xff, 0xff, 0xff, 0xff, 0xff, 0xff, 0xff, 0xff, 0xff, 0xff, 0xff, 0xff, 0xff, 0xff, 0xff, 0xff, 0xff, 0xff, 0xff, 0xff, 0xff, 0xff, 0xff, 0xff, 0xff, 0xff, 0xff, 0xff, 0xff, 0xff, 0xff, 0xff, 0xff, 0xdf, 0xff,
    0xff, 0xff, 0xff, 0xff, 0xff, 0xff, 0xff, 0xff, 0xff, 0xff, 0xff, 0xff, 0xff, 0xff, 0xff, 0xff, 0xfe, 0xff, 0xff, 0xff, 0xff, 0xff, 0xff, 0xff, 0xff, 0xff, 0xff, 0xff, 0xff, 0xff, 0xff, 0xff, 0xff, 0xff, 0xff, 0xff, 0xff, 0xff, 0xff, 0xff,
    0xdf, 0xff, 0xff, 0xff, 0x79, 0xce, 0xe7, 0x39, 0x00, 0x00, 0x00, 0x00, 0x00, 0x00, 0xca, 0x5a, 0x97, 0xd6, 0xfc, 0xff, 0xfb, 0xff, 0xba, 0xff, 0xba, 0xff, 0xda, 0xff, 0xda, 0xff, 0xda, 0xff, 0xda, 0xff, 0xda, 0xff, 0xda, 0xff, 0xda, 0xff,
    0xda, 0xff, 0xda, 0xff, 0xda, 0xff, 0xda, 0xff, 0xdb, 0xff, 0xda, 0xff, 0xda, 0xff, 0xda, 0xff, 0xda, 0xff, 0xda, 0xff, 0xda, 0xff, 0xda, 0xff, 0xfb, 0xff, 0xfb, 0xff, 0xfb, 0xff, 0xdb, 0xff, 0xdb, 0xff, 0xdb, 0xff, 0xdb, 0xff, 0xdb, 0xff,
    0xda, 0xff, 0xda, 0xff, 0xdb, 0xff, 0xdb, 0xff, 0xdb, 0xff, 0xdb, 0xff, 0xdb, 0xff, 0xdb, 0xff, 0xdb, 0xff, 0xdb, 0xff, 0xdb, 0xff, 0xdb, 0xff, 0xdb, 0xff, 0xdb, 0xff, 0xda, 0xff, 0xdb, 0xff, 0xdb, 0xff, 0xdb, 0xff, 0xdb, 0xff, 0xda, 0xff,
    0xda, 0xff, 0xdb, 0xff, 0xdb, 0xff, 0xdb, 0xff, 0xda, 0xff, 0xda, 0xff, 0xda, 0xff, 0xda, 0xff, 0xda, 0xff, 0xba, 0xff, 0xda, 0xff, 0xfc, 0xff, 0x59, 0xef, 0x4c, 0x6b, 0x00, 0x00, 0x00, 0x00, 0x00, 0x00, 0x4c, 0x6b, 0xbe, 0xf7, 0xff, 0xff,
    0xfe, 0xff, 0xff, 0xff, 0xff, 0xff, 0xff, 0xff, 0xff, 0xff, 0xff, 0xff, 0xff, 0xff, 0xff, 0xff, 0xff, 0xff, 0xff, 0xff, 0xff, 0xff, 0xff, 0xff, 0xff, 0xff, 0xff, 0xff, 0xff, 0xff, 0xff, 0xff, 0xff, 0xff, 0xff, 0xff, 0xff, 0xff, 0xff, 0xff,
    0xff, 0xff, 0xff, 0xff, 0xff, 0xff, 0xff, 0xff, 0xff, 0xff, 0xff, 0xff, 0xff, 0xff, 0xff, 0xff, 0xff, 0xff, 0xff, 0xff, 0xff, 0xff, 0xff, 0xff, 0xff, 0xff, 0xfe, 0xff, 0xff, 0xff, 0xff, 0xff, 0xff, 0xff, 0xff, 0xff, 0xff, 0xff, 0xff, 0xff,
    0xff, 0xff, 0xde, 0xff, 0xff, 0xff, 0xff, 0xff, 0x2c, 0x63, 0x20, 0x00, 0x00, 0x00, 0x00, 0x00, 0x61, 0x10, 0x4b, 0x6b, 0x97, 0xd6, 0xfc, 0xff, 0xfb, 0xff, 0xda, 0xff, 0xb9, 0xff, 0xda, 0xff, 0xda, 0xff, 0xda, 0xff, 0xda, 0xff, 0xda, 0xff,
    0xda, 0xff, 0xda, 0xff, 0xda, 0xff, 0xda, 0xff, 0xda, 0xff, 0xda, 0xff, 0xda, 0xff, 0xda, 0xff, 0xda, 0xff, 0xda, 0xff, 0xda, 0xff, 0xdb, 0xff, 0xdb, 0xff, 0xdb, 0xff, 0xdb, 0xff, 0xdb, 0xff, 0xdb, 0xff, 0xdb, 0xff, 0xda, 0xff, 0xda, 0xff,
    0xda, 0xff, 0xda, 0xff, 0xda, 0xff, 0xdb, 0xff, 0xdb, 0xff, 0xdb, 0xff, 0xdb, 0xff, 0xfb, 0xff, 0xfa, 0xff, 0xdb, 0xff, 0xdb, 0xff, 0xda, 0xff, 0xdb, 0xff, 0xda, 0xff, 0xda, 0xff, 0xda, 0xff, 0xda, 0xff, 0xda, 0xff, 0xdb, 0xff, 0xdb, 0xff,
    0xda, 0xff, 0xdb, 0xff, 0xda, 0xff, 0xda, 0xff, 0xda, 0xff, 0xda, 0xff, 0xda, 0xff, 0xba, 0xff, 0xfa, 0xff, 0xfc, 0xff, 0xba, 0xf7, 0xb0, 0x94, 0xe3, 0x18, 0x00, 0x00, 0x00, 0x00, 0x04, 0x21, 0x75, 0xad, 0xff, 0xff, 0xff, 0xff, 0xfe, 0xff,
    0xff, 0xff, 0xff, 0xff, 0xff, 0xff, 0xff, 0xff, 0xff, 0xff, 0xff, 0xff, 0xff, 0xff, 0xff, 0xff, 0xfe, 0xff, 0xff, 0xff, 0xff, 0xff, 0xff, 0xff, 0xff, 0xff, 0xff, 0xff, 0xff, 0xff, 0xff, 0xff, 0xff, 0xff, 0xff, 0xff, 0xff, 0xff, 0xdf, 0xff,
    0xff, 0xff, 0xff, 0xff, 0xff, 0xff, 0xff, 0xff, 0xff, 0xff, 0xff, 0xff, 0xff, 0xff, 0xff, 0xff, 0xff, 0xff, 0xff, 0xff, 0xff, 0xff, 0xff, 0xff, 0xff, 0xff, 0xff, 0xff, 0xff, 0xff, 0xff, 0xff, 0xff, 0xff, 0xff, 0xff, 0xff, 0xff, 0xff, 0xff,
    0xff, 0xff, 0xde, 0xff, 0xff, 0xff, 0x96, 0xb5, 0xc3, 0x18, 0x00, 0x00, 0xa1, 0x18, 0x81, 0x10, 0x00, 0x00, 0x00, 0x00, 0x61, 0x08, 0x89, 0x52, 0x93, 0xb5, 0x9a, 0xf7, 0xfc, 0xff, 0xfb, 0xff, 0xda, 0xff, 0xb9, 0xff, 0xb9, 0xff, 0xba, 0xff,
    0xda, 0xff, 0xda, 0xff, 0xda, 0xff, 0xda, 0xff, 0xdb, 0xff, 0xdb, 0xff, 0xda, 0xff, 0xda, 0xff, 0xda, 0xff, 0xda, 0xff, 0xda, 0xff, 0xdb, 0xff, 0xfb, 0xff, 0xdb, 0xff, 0xdb, 0xff, 0xdb, 0xff, 0xdb, 0xff, 0xdb, 0xff, 0xdb, 0xff, 0xdb, 0xff,
    0xdb, 0xff, 0xda, 0xff, 0xda, 0xff, 0xda, 0xff, 0xdb, 0xff, 0xdb, 0xff, 0xfb, 0xff, 0xfb, 0xff, 0xda, 0xff, 0xda, 0xff, 0xdb, 0xff, 0xda, 0xff, 0xda, 0xff, 0xda, 0xff, 0xda, 0xff, 0xda, 0xff, 0xda, 0xff, 0xda, 0xff, 0xda, 0xff, 0xdb, 0xff,
    0xdb, 0xff, 0xdb, 0xff, 0xda, 0xff, 0xda, 0xff, 0xda, 0xff, 0xda, 0xff, 0xfb, 0xff, 0xfc, 0xff, 0x9a, 0xf7, 0x11, 0xa5, 0x65, 0x31, 0x00, 0x00, 0x00, 0x00, 0x81, 0x10, 0xce, 0x7b, 0x7d, 0xef, 0xff, 0xff, 0xde, 0xff, 0xff, 0xff, 0xff, 0xff,
    0xff, 0xff, 0xff, 0xff, 0xff, 0xff, 0xff, 0xff, 0xff, 0xff, 0xff, 0xff, 0xff, 0xff, 0xff, 0xff, 0xff, 0xff, 0xff, 0xff, 0xff, 0xff, 0xff, 0xff, 0xff, 0xff, 0xff, 0xff, 0xff, 0xff, 0xff, 0xff, 0xff, 0xff, 0xff, 0xff, 0xff, 0xff, 0xdf, 0xff,
    0xff, 0xff, 0xff, 0xff, 0xff, 0xff, 0xff, 0xff, 0xff, 0xff, 0xff, 0xff, 0xff, 0xff, 0xff, 0xff, 0xff, 0xff, 0xff, 0xff, 0xff, 0xff, 0xff, 0xff, 0xff, 0xff, 0xff, 0xff, 0xff, 0xff, 0xff, 0xff, 0xff, 0xff, 0xff, 0xff, 0xff, 0xff, 0xff, 0xff,
    0xde, 0xff, 0xff, 0xff, 0x75, 0xad, 0x20, 0x00, 0x00, 0x00, 0x23, 0x29, 0x2c, 0xde, 0xec, 0xdd, 0xa5, 0x72, 0xc2, 0x18, 0x00, 0x00, 0x00, 0x00, 0x00, 0x00, 0x65, 0x31, 0x0e, 0x84, 0x56, 0xce, 0xdb, 0xff, 0xfc, 0xff, 0xfb, 0xff, 0xfa, 0xff,
    0xba, 0xff, 0xba, 0xff, 0xda, 0xff, 0xda, 0xff, 0xdb, 0xff, 0xda, 0xff, 0xda, 0xff, 0xda, 0xff, 0xda, 0xff, 0xda, 0xff, 0xda, 0xff, 0xda, 0xff, 0xdb, 0xff, 0xdb, 0xff, 0xda, 0xff, 0xda, 0xff, 0xda, 0xff, 0xda, 0xff, 0xdb, 0xff, 0xdb, 0xff,
    0xda, 0xff, 0xda, 0xff, 0xda, 0xff, 0xda, 0xff, 0xdb, 0xff, 0xdb, 0xff, 0xdb, 0xff, 0xfb, 0xff, 0xdb, 0xff, 0xda, 0xff, 0xda, 0xff, 0xda, 0xff, 0xda, 0xff, 0xda, 0xff, 0xda, 0xff, 0xda, 0xff, 0xda, 0xff, 0xda, 0xff, 0xda, 0xff, 0xda, 0xff,
    0xda, 0xff, 0xdb, 0xff, 0xda, 0xff, 0xfb, 0xff, 0xfc, 0xff, 0xfd, 0xff, 0x19, 0xe7, 0x4f, 0x8c, 0x44, 0x29, 0x00, 0x00, 0x00, 0x00, 0x41, 0x08, 0x00, 0x00, 0x82, 0x10, 0x9a, 0xd6, 0xff, 0xff, 0xde, 0xff, 0xff, 0xff, 0xff, 0xff, 0xff, 0xff,
    0xff, 0xff, 0xff, 0xff, 0xff, 0xff, 0xff, 0xff, 0xff, 0xff, 0xff, 0xff, 0xff, 0xff, 0xff, 0xff, 0xff, 0xff, 0xff, 0xff, 0xff, 0xff, 0xff, 0xff, 0xff, 0xff, 0xff, 0xff, 0xff, 0xff, 0xff, 0xff, 0xff, 0xff, 0xff, 0xff, 0xff, 0xff, 0xff, 0xff,
    0xff, 0xff, 0xff, 0xff, 0xff, 0xff, 0xff, 0xff, 0xff, 0xff, 0xff, 0xff, 0xff, 0xff, 0xff, 0xff, 0xff, 0xff, 0xff, 0xff, 0xff, 0xff, 0xff, 0xff, 0xff, 0xff, 0xff, 0xff, 0xff, 0xff, 0xff, 0xff, 0xff, 0xff, 0xff, 0xff, 0xff, 0xff, 0xde, 0xff,
    0xff, 0xff, 0xd6, 0xbd, 0x20, 0x00, 0x00, 0x00, 0x23, 0x29, 0x6e, 0xe6, 0x4e, 0xff, 0x0a, 0xfe, 0xe9, 0xfd, 0x48, 0xed, 0x86, 0x9b, 0xc4, 0x49, 0x61, 0x08, 0x00, 0x00, 0x00, 0x00, 0x40, 0x08, 0xa5, 0x31, 0xee, 0x7b, 0x15, 0xc6, 0x7a, 0xef,
    0xfc, 0xff, 0xfc, 0xff, 0xfc, 0xff, 0xfb, 0xff, 0xda, 0xff, 0xda, 0xff, 0xda, 0xff, 0xda, 0xff, 0xda, 0xff, 0xd9, 0xff, 0xda, 0xff, 0xda, 0xff, 0xda, 0xff, 0xdb, 0xff, 0xda, 0xff, 0xda, 0xff, 0xda, 0xff, 0xda, 0xff, 0xda, 0xff, 0xda, 0xff,
    0xda, 0xff, 0xda, 0xff, 0xda, 0xff, 0xda, 0xff, 0xda, 0xff, 0xda, 0xff, 0xda, 0xff, 0xda, 0xff, 0xda, 0xff, 0xda, 0xff, 0xda, 0xff, 0xda, 0xff, 0xda, 0xff, 0xda, 0xff, 0xda, 0xff, 0xda, 0xff, 0xda, 0xff, 0xda, 0xff, 0xda, 0xff, 0xda, 0xff,
    0xda, 0xff, 0xfb, 0xff, 0xfc, 0xff, 0x9a, 0xf7, 0x73, 0xb5, 0xca, 0x5a, 0x81, 0x10, 0x00, 0x00, 0x00, 0x00, 0x43, 0x39, 0x26, 0x9b, 0xa8, 0xdc, 0x23, 0x31, 0x00, 0x00, 0xa2, 0x10, 0xba, 0xd6, 0xff, 0xff, 0xfe, 0xff, 0xff, 0xff, 0xff, 0xff,
    0xff, 0xff, 0xff, 0xff, 0xff, 0xff, 0xff, 0xff, 0xfe, 0xff, 0xff, 0xff, 0xff, 0xff, 0xff, 0xff, 0xff, 0xff, 0xff, 0xff, 0xff, 0xff, 0xff, 0xff, 0xff, 0xff, 0xff, 0xff, 0xff, 0xff, 0xff, 0xff, 0xff, 0xff, 0xff, 0xff, 0xff, 0xff, 0xdf, 0xff,
    0xff, 0xff, 0xff, 0xff, 0xff, 0xff, 0xff, 0xff, 0xff, 0xff, 0xff, 0xff, 0xff, 0xff, 0xff, 0xff, 0xff, 0xff, 0xff, 0xff, 0xff, 0xff, 0xff, 0xff, 0xff, 0xff, 0xff, 0xff, 0xff, 0xff, 0xff, 0xff, 0xff, 0xff, 0xff, 0xff, 0xfe, 0xff, 0xff, 0xff,
    0x59, 0xce, 0x61, 0x08, 0x00, 0x00, 0x02, 0x21, 0x6e, 0xe6, 0x6f, 0xff, 0x0a, 0xf6, 0x67, 0xfd, 0x47, 0xfd, 0x87, 0xfd, 0xc8, 0xfd, 0xc9, 0xfd, 0x2b, 0xd5, 0x6e, 0x9c, 0xea, 0x5a, 0xe3, 0x18, 0x00, 0x00, 0x00, 0x00, 0x00, 0x00, 0x03, 0x21,
    0x48, 0x4a, 0x2e, 0x8c, 0x15, 0xc6, 0x7a, 0xef, 0xfb, 0xff, 0xda, 0xff, 0xda, 0xff, 0xda, 0xff, 0xda, 0xff, 0xd9, 0xff, 0xd9, 0xff, 0xd9, 0xff, 0xda, 0xff, 0xfa, 0xff, 0xfa, 0xff, 0xfa, 0xff, 0xda, 0xff, 0xfa, 0xff, 0xda, 0xff, 0xd9, 0xff,
    0xd9, 0xff, 0xd9, 0xff, 0xd9, 0xff, 0xda, 0xff, 0xda, 0xff, 0xd9, 0xff, 0xda, 0xff, 0xda, 0xff, 0xda, 0xff, 0xda, 0xff, 0xda, 0xff, 0xda, 0xff, 0xda, 0xff, 0xda, 0xff, 0xda, 0xff, 0xda, 0xff, 0xda, 0xff, 0xda, 0xff, 0xda, 0xff, 0xba, 0xff,
    0xda, 0xff, 0xb7, 0xde, 0x2f, 0x8c, 0x64, 0x29, 0x00, 0x00, 0x61, 0x08, 0x07, 0x42, 0x89, 0x83, 0x48, 0xcc, 0x49, 0xfd, 0x88, 0xfd, 0xa8, 0xfd, 0x09, 0xdd, 0xa1, 0x18, 0x00, 0x00, 0x65, 0x29, 0x9d, 0xf7, 0xff, 0xff, 0xff, 0xff, 0xff, 0xff,
    0xff, 0xff, 0xff, 0xff, 0xff, 0xff, 0xff, 0xff, 0xff, 0xff, 0xff, 0xff, 0xff, 0xff, 0xff, 0xff, 0xff, 0xff, 0xff, 0xff, 0xff, 0xff, 0xff, 0xff, 0xff, 0xff, 0xff, 0xff, 0xff, 0xff, 0xff, 0xff, 0xff, 0xff, 0xff, 0xff, 0xff, 0xff, 0xdf, 0xff,
    0xff, 0xff, 0xff, 0xff, 0xff, 0xff, 0xff, 0xff, 0xff, 0xff, 0xff, 0xff, 0xff, 0xff, 0xff, 0xff, 0xff, 0xff, 0xff, 0xff, 0xff, 0xff, 0xff, 0xff, 0xff, 0xff, 0xff, 0xff, 0xff, 0xff, 0xff, 0xff, 0xff, 0xff, 0xfe, 0xff, 0xff, 0xff, 0x3c, 0xe7,
    0xe3, 0x18, 0x00, 0x00, 0x81, 0x10, 0x0d, 0xd6, 0x8f, 0xff, 0x2b, 0xfe, 0x68, 0xfd, 0x88, 0xfd, 0x68, 0xfd, 0x68, 0xfd, 0x68, 0xf5, 0x67, 0xfd, 0x2c, 0xfe, 0xd9, 0xff, 0xfc, 0xff, 0x59, 0xef, 0x36, 0xc6, 0x4f, 0x8c, 0xea, 0x62, 0xc6, 0x39,
    0x81, 0x10, 0x20, 0x08, 0x81, 0x10, 0x45, 0x31, 0xf1, 0xa4, 0xfb, 0xff, 0xba, 0xff, 0xda, 0xff, 0xda, 0xff, 0xda, 0xff, 0xda, 0xff, 0xda, 0xff, 0x78, 0xff, 0x57, 0xff, 0x78, 0xff, 0x78, 0xff, 0xb9, 0xff, 0x99, 0xff, 0xd9, 0xff, 0xd9, 0xff,
    0xd9, 0xff, 0xda, 0xff, 0xda, 0xff, 0xda, 0xff, 0xd9, 0xff, 0xd9, 0xff, 0xd9, 0xff, 0xb9, 0xff, 0x99, 0xff, 0x99, 0xff, 0x99, 0xff, 0x99, 0xff, 0x79, 0xff, 0x78, 0xff, 0x58, 0xf7, 0x37, 0xff, 0x37, 0xf7, 0x57, 0xf7, 0x99, 0xff, 0xba, 0xff,
    0xba, 0xff, 0x73, 0xb5, 0xee, 0x83, 0x4f, 0x8c, 0x94, 0xb5, 0x39, 0xe7, 0xfb, 0xff, 0xd2, 0xfe, 0x89, 0xfd, 0x48, 0xfd, 0x68, 0xfd, 0x48, 0xfd, 0xc8, 0xfd, 0x49, 0xbc, 0x21, 0x00, 0x00, 0x00, 0xca, 0x5a, 0xff, 0xff, 0xde, 0xff, 0xff, 0xff,
    0xff, 0xff, 0xff, 0xff, 0xff, 0xff, 0xff, 0xff, 0xff, 0xff, 0xff, 0xff, 0xff, 0xff, 0xff, 0xff, 0xff, 0xff, 0xff, 0xff, 0xff, 0xff, 0xff, 0xff, 0xff, 0xff, 0xff, 0xff, 0xff, 0xff, 0xff, 0xff, 0xff, 0xff, 0xff, 0xff, 0xff, 0xff, 0xde, 0xff,
    0xff, 0xff, 0xff, 0xff, 0xff, 0xff, 0xff, 0xff, 0xff, 0xff, 0xff, 0xff, 0xff, 0xff, 0xff, 0xff, 0xff, 0xff, 0xff, 0xff, 0xff, 0xff, 0xff, 0xff, 0xff, 0xff, 0xff, 0xff, 0xff, 0xff, 0xff, 0xff, 0xff, 0xff, 0xdf, 0xff, 0xdf, 0xff, 0xe7, 0x39,
    0x00, 0x00, 0x00, 0x00, 0x0a, 0xb5, 0x8f, 0xff, 0x6c, 0xf6, 0x88, 0xfd, 0x68, 0xfd, 0x68, 0xfd, 0x68, 0xfd, 0x68, 0xfd, 0x89, 0xfd, 0x89, 0xfd, 0x4f, 0xf6, 0x57, 0xf7, 0xda, 0xff, 0xfb, 0xff, 0xfc, 0xff, 0xfd, 0xff, 0xfd, 0xff, 0xdb, 0xff,
    0x39, 0xef, 0x97, 0xd6, 0xf5, 0xc5, 0xd4, 0xbd, 0x18, 0xe7, 0xda, 0xff, 0xba, 0xff, 0xda, 0xff, 0xda, 0xff, 0x98, 0xff, 0x16, 0xff, 0x37, 0xff, 0xf6, 0xfe, 0xb4, 0xf6, 0xb4, 0xfe, 0xb4, 0xfe, 0xb4, 0xfe, 0x73, 0xf6, 0x94, 0xfe, 0xb4, 0xfe,
    0x94, 0xfe, 0xb4, 0xfe, 0xb4, 0xfe, 0xb4, 0xfe, 0xb4, 0xfe, 0xb4, 0xfe, 0xd4, 0xfe, 0xb4, 0xfe, 0xb4, 0xfe, 0xb4, 0xfe, 0xd5, 0xfe, 0xb4, 0xfe, 0xb4, 0xfe, 0x94, 0xfe, 0x94, 0xfe, 0x93, 0xfe, 0xb4, 0xf6, 0x57, 0xff, 0xb9, 0xff, 0xda, 0xff,
    0xda, 0xff, 0xfb, 0xff, 0xfc, 0xff, 0xfd, 0xff, 0xfc, 0xff, 0xfb, 0xff, 0xb9, 0xff, 0x16, 0xf7, 0xed, 0xf5, 0x68, 0xfd, 0x88, 0xfd, 0x68, 0xfd, 0x47, 0xfd, 0x0a, 0xfe, 0x07, 0x7b, 0x00, 0x00, 0x00, 0x00, 0xf3, 0x9c, 0xff, 0xff, 0xde, 0xff,
    0xff, 0xff, 0xff, 0xff, 0xff, 0xff, 0xff, 0xff, 0xff, 0xff, 0xff, 0xff, 0xff, 0xff, 0xff, 0xff, 0xff, 0xff, 0xff, 0xff, 0xff, 0xff, 0xff, 0xff, 0xff, 0xff, 0xff, 0xff, 0xff, 0xff, 0xff, 0xff, 0xff, 0xff, 0xff, 0xff, 0xff, 0xff, 0xdf, 0xff,
    0xff, 0xff, 0xff, 0xff, 0xff, 0xff, 0xff, 0xff, 0xff, 0xff, 0xff, 0xff, 0xff, 0xff, 0xff, 0xff, 0xff, 0xff, 0xff, 0xff, 0xff, 0xff, 0xff, 0xff, 0xff, 0xff, 0xff, 0xff, 0xff, 0xff, 0xff, 0xff, 0xde, 0xff, 0xff, 0xff, 0xae, 0x73, 0x00, 0x00,
    0x00, 0x00, 0xe8, 0x8b, 0x6e, 0xff, 0xac, 0xfe, 0xa8, 0xfd, 0x88, 0xfd, 0x88, 0xfd, 0x68, 0xfd, 0x88, 0xfd, 0x88, 0xfd, 0xa9, 0xfd, 0x89, 0xfd, 0x70, 0xf6, 0x99, 0xff, 0xba, 0xff, 0xda, 0xff, 0xda, 0xff, 0xda, 0xff, 0xdb, 0xff, 0xfb, 0xff,
    0xfb, 0xff, 0xfc, 0xff, 0xfc, 0xff, 0xfc, 0xff, 0xfb, 0xff, 0xdb, 0xff, 0xda, 0xff, 0xda, 0xff, 0xda, 0xff, 0xba, 0xff, 0x37, 0xff, 0xb4, 0xfe, 0x94, 0xfe, 0x94, 0xfe, 0x94, 0xfe, 0xb4, 0xfe, 0x73, 0xfe, 0x52, 0xfe, 0x52, 0xfe, 0x52, 0xfe,
    0x53, 0xfe, 0x73, 0xfe, 0x52, 0xfe, 0x72, 0xfe, 0x52, 0xfe, 0x72, 0xfe, 0x73, 0xfe, 0x73, 0xfe, 0x73, 0xfe, 0x93, 0xfe, 0x93, 0xfe, 0x93, 0xfe, 0x93, 0xfe, 0x93, 0xfe, 0x93, 0xfe, 0xd5, 0xf6, 0x57, 0xff, 0xd9, 0xff, 0xd9, 0xff, 0xda, 0xff,
    0xda, 0xff, 0xda, 0xff, 0xdb, 0xff, 0xda, 0xff, 0xda, 0xff, 0xdb, 0xff, 0xb9, 0xff, 0x91, 0xf6, 0xec, 0xf5, 0x68, 0xfd, 0x68, 0xfd, 0x68, 0xfd, 0x68, 0xfd, 0x88, 0xfd, 0xca, 0xfd, 0xa4, 0x41, 0x00, 0x00, 0x61, 0x08, 0xda, 0xde, 0xff, 0xff,
    0xff, 0xff, 0xff, 0xff, 0xff, 0xff, 0xff, 0xff, 0xff, 0xff, 0xff, 0xff, 0xff, 0xff, 0xff, 0xff, 0xff, 0xff, 0xff, 0xff, 0xff, 0xff, 0xff, 0xff, 0xff, 0xff, 0xff, 0xff, 0xff, 0xff, 0xff, 0xff, 0xff, 0xff, 0xff, 0xff, 0xff, 0xff, 0xdf, 0xff,
    0xff, 0xff, 0xff, 0xff, 0xff, 0xff, 0xff, 0xff, 0xff, 0xff, 0xff, 0xff, 0xff, 0xff, 0xff, 0xff, 0xff, 0xff, 0xff, 0xff, 0xff, 0xff, 0xff, 0xff, 0xff, 0xff, 0xff, 0xff, 0xff, 0xff, 0xde, 0xff, 0xff, 0xff, 0x95, 0xb5, 0x00, 0x00, 0x00, 0x00,
    0x82, 0x51, 0x6b, 0xfe, 0x0d, 0xff, 0xe9, 0xfd, 0x68, 0xfd, 0x88, 0xfd, 0x88, 0xfd, 0x88, 0xfd, 0x88, 0xfd, 0x88, 0xfd, 0x88, 0xfd, 0x88, 0xfd, 0xcb, 0xf5, 0x58, 0xf7, 0xba, 0xff, 0xda, 0xff, 0xda, 0xff, 0xdb, 0xff, 0xdb, 0xff, 0xdb, 0xff,
    0xdb, 0xff, 0xda, 0xff, 0xda, 0xff, 0xda, 0xff, 0xdb, 0xff, 0xdb, 0xff, 0xdb, 0xff, 0xda, 0xff, 0xda, 0xff, 0xda, 0xff, 0xfa, 0xff, 0x98, 0xff, 0xf5, 0xfe, 0xb4, 0xfe, 0x93, 0xfe, 0x93, 0xfe, 0x93, 0xfe, 0x73, 0xfe, 0x73, 0xfe, 0x73, 0xfe,
    0x73, 0xfe, 0x73, 0xfe, 0x73, 0xfe, 0x73, 0xfe, 0x73, 0xfe, 0x93, 0xfe, 0x93, 0xfe, 0x93, 0xfe, 0x94, 0xfe, 0xb4, 0xfe, 0xb4, 0xfe, 0x93, 0xfe, 0x94, 0xfe, 0xd5, 0xfe, 0x16, 0xff, 0x98, 0xff, 0xd9, 0xff, 0xd9, 0xff, 0xd9, 0xff, 0xda, 0xff,
    0xfa, 0xff, 0xfb, 0xff, 0xdb, 0xff, 0xdb, 0xff, 0xdb, 0xff, 0xdb, 0xff, 0xdb, 0xff, 0x2e, 0xf6, 0x8a, 0xf5, 0x89, 0xfd, 0x68, 0xfd, 0x68, 0xfd, 0x88, 0xfd, 0x68, 0xfd, 0xe9, 0xfd, 0xc9, 0xd4, 0x41, 0x10, 0x00, 0x00, 0x28, 0x42, 0xff, 0xff,
    0xff, 0xff, 0xff, 0xff, 0xff, 0xff, 0xff, 0xff, 0xff, 0xff, 0xff, 0xff, 0xff, 0xff, 0xff, 0xff, 0xff, 0xff, 0xff, 0xff, 0xff, 0xff, 0xff, 0xff, 0xff, 0xff, 0xff, 0xff, 0xff, 0xff, 0xff, 0xff, 0xff, 0xff, 0xff, 0xff, 0xff, 0xff, 0xfe, 0xff,
    0xff, 0xff, 0xff, 0xff, 0xff, 0xff, 0xff, 0xff, 0xff, 0xff, 0xff, 0xff, 0xff, 0xff, 0xff, 0xff, 0xff, 0xff, 0xff, 0xff, 0xff, 0xff, 0xff, 0xff, 0xff, 0xff, 0xff, 0xff, 0xfe, 0xff, 0xff, 0xff, 0x3c, 0xe7, 0xa2, 0x10, 0x00, 0x00, 0x81, 0x18,
    0x65, 0xe3, 0xa5, 0xf3, 0x87, 0xec, 0x68, 0xfd, 0xa8, 0xfd, 0x88, 0xfd, 0x88, 0xfd, 0x88, 0xfd, 0xa9, 0xfd, 0x88, 0xfd, 0x88, 0xfd, 0x89, 0xfd, 0x89, 0xfd, 0x4f, 0xf6, 0x9a, 0xf7, 0xda, 0xff, 0xda, 0xff, 0xdb, 0xff, 0xdb, 0xff, 0xdb, 0xff,
    0xdb, 0xff, 0xdb, 0xff, 0xdb, 0xff, 0xdb, 0xff, 0xdb, 0xff, 0xdb, 0xff, 0xdb, 0xff, 0xda, 0xff, 0xda, 0xff, 0xda, 0xff, 0xda, 0xff, 0xda, 0xff, 0xda, 0xff, 0xb9, 0xff, 0x37, 0xff, 0xd4, 0xfe, 0xb4, 0xfe, 0xb3, 0xfe, 0x93, 0xfe, 0xb4, 0xfe,
    0xb4, 0xfe, 0x93, 0xfe, 0x93, 0xfe, 0x94, 0xfe, 0x94, 0xfe, 0x94, 0xfe, 0x93, 0xfe, 0x93, 0xfe, 0x94, 0xfe, 0xb4, 0xfe, 0xb4, 0xfe, 0xf5, 0xfe, 0x36, 0xff, 0x98, 0xff, 0xd9, 0xff, 0xd9, 0xff, 0xda, 0xff, 0xda, 0xff, 0xda, 0xff, 0xda, 0xff,
    0xdb, 0xff, 0xdb, 0xff, 0xdb, 0xff, 0xdb, 0xff, 0xdb, 0xff, 0xdb, 0xff, 0xfb, 0xff, 0x79, 0xf7, 0xec, 0xf5, 0x88, 0xfd, 0x89, 0xfd, 0x89, 0xfd, 0x88, 0xfd, 0x88, 0xfd, 0x89, 0xf5, 0x66, 0xfc, 0xe3, 0x79, 0x00, 0x00, 0x00, 0x00, 0x34, 0xad,
    0xff, 0xff, 0xfe, 0xff, 0xff, 0xff, 0xff, 0xff, 0xff, 0xff, 0xff, 0xff, 0xff, 0xff, 0xff, 0xff, 0xff, 0xff, 0xfe, 0xff, 0xff, 0xff, 0xff, 0xff, 0xff, 0xff, 0xff, 0xff, 0xff, 0xff, 0xff, 0xff, 0xff, 0xff, 0xff, 0xff, 0xff, 0xff, 0xde, 0xff,
    0xff, 0xff, 0xff, 0xff, 0xff, 0xff, 0xff, 0xff, 0xff, 0xff, 0xff, 0xff, 0xff, 0xff, 0xff, 0xff, 0xff, 0xff, 0xff, 0xff, 0xff, 0xff, 0xff, 0xff, 0xff, 0xff, 0xff, 0xff, 0xde, 0xff, 0xff, 0xff, 0xaa, 0x52, 0x00, 0x00, 0x00, 0x00, 0x84, 0xaa,
    0x84, 0xfb, 0x44, 0xeb, 0x44, 0xeb, 0xa5, 0xeb, 0xa7, 0xf4, 0x88, 0xfd, 0x88, 0xfd, 0x88, 0xfd, 0xa8, 0xfd, 0x88, 0xfd, 0x68, 0xfd, 0x88, 0xfd, 0xa9, 0xfd, 0xcc, 0xf5, 0xf5, 0xf6, 0x9a, 0xff, 0xdb, 0xff, 0xda, 0xff, 0xda, 0xff, 0xdb, 0xff,
    0xdb, 0xff, 0xdb, 0xff, 0xdb, 0xff, 0xdb, 0xff, 0xdb, 0xff, 0xdb, 0xff, 0xdb, 0xff, 0xdb, 0xff, 0xda, 0xff, 0xda, 0xff, 0xda, 0xff, 0xda, 0xff, 0xda, 0xff, 0xda, 0xff, 0xda, 0xff, 0xba, 0xff, 0x79, 0xff, 0x58, 0xff, 0x16, 0xff, 0xd4, 0xfe,
    0xb4, 0xfe, 0x93, 0xfe, 0x93, 0xfe, 0x94, 0xfe, 0xb4, 0xfe, 0xb4, 0xfe, 0x94, 0xfe, 0xb4, 0xfe, 0xf5, 0xfe, 0x37, 0xff, 0x78, 0xff, 0xb9, 0xff, 0xda, 0xff, 0xda, 0xff, 0xda, 0xff, 0xda, 0xff, 0xda, 0xff, 0xda, 0xff, 0xda, 0xff, 0xdb, 0xff,
    0xdb, 0xff, 0xdb, 0xff, 0xdb, 0xff, 0xdb, 0xff, 0xdb, 0xff, 0xdb, 0xff, 0xdb, 0xff, 0xfb, 0xff, 0x57, 0xff, 0xaa, 0xfd, 0x88, 0xfd, 0x88, 0xfd, 0x88, 0xfd, 0x88, 0xfd, 0x46, 0xec, 0x64, 0xeb, 0x65, 0xeb, 0xa1, 0x20, 0x00, 0x00, 0x04, 0x21,
    0xbe, 0xf7, 0xff, 0xff, 0xff, 0xff, 0xff, 0xff, 0xff, 0xff, 0xff, 0xff, 0xff, 0xff, 0xff, 0xff, 0xff, 0xff, 0xfe, 0xff, 0xff, 0xff, 0xff, 0xff, 0xff, 0xff, 0xff, 0xff, 0xff, 0xff, 0xff, 0xff, 0xff, 0xff, 0xff, 0xff, 0xff, 0xff, 0xdf, 0xff,
    0xff, 0xff, 0xff, 0xff, 0xff, 0xff, 0xff, 0xff, 0xff, 0xff, 0xff, 0xff, 0xff, 0xff, 0xff, 0xff, 0xff, 0xff, 0xff, 0xff, 0xff, 0xff, 0xff, 0xff, 0xff, 0xff, 0xde, 0xff, 0xff, 0xff, 0x54, 0xad, 0x00, 0x00, 0x00, 0x00, 0x63, 0x59, 0xa5, 0xfb,
    0x44, 0xf3, 0x44, 0xf3, 0x64, 0xf3, 0x64, 0xf3, 0x24, 0xeb, 0x26, 0xec, 0x68, 0xfd, 0xa8, 0xfd, 0x68, 0xfd, 0x88, 0xfd, 0x88, 0xfd, 0x88, 0xfd, 0x88, 0xfd, 0x89, 0xfd, 0x0e, 0xf6, 0x16, 0xf7, 0x99, 0xf7, 0xda, 0xff, 0xda, 0xff, 0xda, 0xff,
    0xdb, 0xff, 0xdb, 0xff, 0xdb, 0xff, 0xdb, 0xff, 0xdb, 0xff, 0xdb, 0xff, 0xdb, 0xff, 0xda, 0xff, 0xda, 0xff, 0xda, 0xff, 0xda, 0xff, 0xda, 0xff, 0xda, 0xff, 0xda, 0xff, 0xda, 0xff, 0xda, 0xff, 0xdb, 0xff, 0xfb, 0xff, 0xda, 0xff, 0x99, 0xff,
    0x58, 0xff, 0x37, 0xff, 0x16, 0xff, 0xf5, 0xfe, 0x16, 0xff, 0x57, 0xff, 0x78, 0xff, 0xb9, 0xff, 0xb9, 0xff, 0xda, 0xff, 0xfa, 0xff, 0xda, 0xff, 0xda, 0xff, 0xda, 0xff, 0xda, 0xff, 0xda, 0xff, 0xda, 0xff, 0xdb, 0xff, 0xda, 0xff, 0xdb, 0xff,
    0xdb, 0xff, 0xdb, 0xff, 0xdb, 0xff, 0xdb, 0xff, 0xdb, 0xff, 0xdb, 0xff, 0xdb, 0xff, 0xda, 0xff, 0xfc, 0xff, 0x91, 0xf6, 0x67, 0xfd, 0x68, 0xfd, 0xa8, 0xfd, 0xc7, 0xf4, 0x64, 0xeb, 0x64, 0xeb, 0x84, 0xfb, 0x24, 0x9a, 0x00, 0x00, 0x00, 0x00,
    0x71, 0x8c, 0xff, 0xff, 0xde, 0xff, 0xff, 0xff, 0xff, 0xff, 0xff, 0xff, 0xff, 0xff, 0xff, 0xff, 0xff, 0xff, 0xff, 0xff, 0xff, 0xff, 0xff, 0xff, 0xff, 0xff, 0xff, 0xff, 0xff, 0xff, 0xff, 0xff, 0xff, 0xff, 0xff, 0xff, 0xff, 0xff, 0xde, 0xff,
    0xff, 0xff, 0xff, 0xff, 0xff, 0xff, 0xff, 0xff, 0xff, 0xff, 0xfe, 0xff, 0xff, 0xff, 0xff, 0xff, 0xff, 0xff, 0xff, 0xff, 0xff, 0xff, 0xff, 0xff, 0xff, 0xff, 0xff, 0xff, 0x9e, 0xf7, 0xe3, 0x20, 0x00, 0x00, 0x60, 0x10, 0x24, 0xe3, 0x64, 0xfb,
    0x44, 0xf3, 0x44, 0xf3, 0x44, 0xf3, 0x64, 0xf3, 0x84, 0xf3, 0x24, 0xeb, 0xa5, 0xeb, 0x08, 0xf5, 0xa8, 0xfd, 0x68, 0xfd, 0x88, 0xfd, 0x88, 0xfd, 0x88, 0xfd, 0x88, 0xfd, 0xa9, 0xfd, 0x2f, 0xf6, 0x58, 0xf7, 0xba, 0xff, 0xda, 0xff, 0xda, 0xff,
    0xdb, 0xff, 0xdb, 0xff, 0xdb, 0xff, 0xdb, 0xff, 0xdb, 0xff, 0xda, 0xff, 0xdb, 0xff, 0xda, 0xff, 0xda, 0xff, 0xda, 0xff, 0xda, 0xff, 0xda, 0xff, 0xda, 0xff, 0xdb, 0xff, 0xdb, 0xff, 0xdb, 0xff, 0xda, 0xff, 0xda, 0xff, 0xda, 0xff, 0xda, 0xff,
    0xda, 0xff, 0xdb, 0xff, 0xda, 0xff, 0xda, 0xff, 0xda, 0xff, 0xda, 0xff, 0xda, 0xff, 0xda, 0xff, 0xda, 0xff, 0xfa, 0xff, 0xda, 0xff, 0xda, 0xff, 0xdb, 0xff, 0xfb, 0xff, 0xfb, 0xff, 0xdb, 0xff, 0xdb, 0xff, 0xdb, 0xff, 0xdb, 0xff, 0xdb, 0xff,
    0xfb, 0xff, 0xdb, 0xff, 0xdb, 0xff, 0xdb, 0xff, 0xdb, 0xff, 0xdb, 0xff, 0xda, 0xff, 0xda, 0xff, 0xfb, 0xff, 0x36, 0xf7, 0x68, 0xfd, 0x88, 0xfd, 0x27, 0xf5, 0xe5, 0xf3, 0x64, 0xf3, 0x44, 0xf3, 0x44, 0xf3, 0x85, 0xf3, 0xe2, 0x30, 0x00, 0x00,
    0xc2, 0x18, 0x7d, 0xef, 0xff, 0xff, 0xff, 0xff, 0xff, 0xff, 0xff, 0xff, 0xff, 0xff, 0xfe, 0xff, 0xff, 0xff, 0xff, 0xff, 0xff, 0xff, 0xff, 0xff, 0xff, 0xff, 0xff, 0xff, 0xff, 0xff, 0xff, 0xff, 0xff, 0xff, 0xff, 0xff, 0xff, 0xff, 0xde, 0xff,
    0xff, 0xff, 0xff, 0xff, 0xff, 0xff, 0xff, 0xff, 0xff, 0xff, 0xff, 0xff, 0xff, 0xff, 0xff, 0xff, 0xff, 0xff, 0xff, 0xff, 0xff, 0xff, 0xff, 0xff, 0xde, 0xff, 0xff, 0xff, 0xce, 0x7b, 0x00, 0x00, 0x00, 0x00, 0x03, 0x92, 0x84, 0xfb, 0x44, 0xf3,
    0x44, 0xf3, 0x44, 0xf3, 0x44, 0xf3, 0x44, 0xf3, 0x44, 0xf3, 0x44, 0xf3, 0x23, 0xf3, 0x64, 0xeb, 0xe7, 0xf4, 0xa8, 0xfd, 0x68, 0xfd, 0x88, 0xfd, 0x88, 0xfd, 0x88, 0xfd, 0x89, 0xfd, 0x89, 0xfd, 0x50, 0xf6, 0x99, 0xf7, 0xda, 0xff, 0xda, 0xff,
    0xdb, 0xff, 0xdb, 0xff, 0xdb, 0xff, 0xdb, 0xff, 0xda, 0xff, 0xdb, 0xff, 0xda, 0xff, 0xda, 0xff, 0xdb, 0xff, 0xdb, 0xff, 0xda, 0xff, 0xdb, 0xff, 0xdb, 0xff, 0xdb, 0xff, 0xdb, 0xff, 0xdb, 0xff, 0xdb, 0xff, 0xda, 0xff, 0xda, 0xff, 0xda, 0xff,
    0xda, 0xff, 0xda, 0xff, 0xdb, 0xff, 0xdb, 0xff, 0xdb, 0xff, 0xda, 0xff, 0xda, 0xff, 0xdb, 0xff, 0xdb, 0xff, 0xfb, 0xff, 0xdb, 0xff, 0xdb, 0xff, 0xfb, 0xff, 0xfb, 0xff, 0xfb, 0xff, 0xdb, 0xff, 0xdb, 0xff, 0xdb, 0xff, 0xdb, 0xff, 0xdb, 0xff,
    0xdb, 0xff, 0xdb, 0xff, 0xdb, 0xff, 0xdb, 0xff, 0xda, 0xff, 0xda, 0xff, 0xda, 0xff, 0xda, 0xff, 0xfc, 0xff, 0xd4, 0xf6, 0x67, 0xfd, 0x88, 0xfd, 0x46, 0xf4, 0x64, 0xf3, 0x64, 0xf3, 0xa5, 0xf3, 0x64, 0xeb, 0xa4, 0xfb, 0x64, 0xaa, 0x00, 0x00,
    0x00, 0x00, 0x71, 0x8c, 0xff, 0xff, 0xde, 0xff, 0xff, 0xff, 0xff, 0xff, 0xff, 0xff, 0xff, 0xff, 0xff, 0xff, 0xff, 0xff, 0xff, 0xff, 0xff, 0xff, 0xff, 0xff, 0xff, 0xff, 0xff, 0xff, 0xff, 0xff, 0xff, 0xff, 0xff, 0xff, 0xff, 0xff, 0xdf, 0xff,
    0xff, 0xff, 0xff, 0xff, 0xff, 0xff, 0xff, 0xff, 0xff, 0xff, 0xff, 0xff, 0xff, 0xff, 0xff, 0xff, 0xff, 0xff, 0xff, 0xff, 0xff, 0xff, 0xfe, 0xff, 0xff, 0xff, 0xfb, 0xde, 0x61, 0x08, 0x00, 0x00, 0x43, 0x31, 0xe9, 0xf4, 0x64, 0xf3, 0x44, 0xf3,
    0x44, 0xf3, 0x44, 0xf3, 0x44, 0xf3, 0x64, 0xf3, 0x85, 0xf3, 0x44, 0xf3, 0x44, 0xf3, 0x23, 0xf3, 0x64, 0xf3, 0xe7, 0xf4, 0xa8, 0xfd, 0x88, 0xfd, 0x68, 0xfd, 0x88, 0xfd, 0x88, 0xfd, 0xaa, 0xfd, 0xca, 0xf5, 0x36, 0xf7, 0xfb, 0xff, 0xda, 0xff,
    0xdb, 0xff, 0xdb, 0xff, 0xfb, 0xff, 0xdb, 0xff, 0xdb, 0xff, 0xdb, 0xff, 0xda, 0xff, 0xdb, 0xff, 0xdb, 0xff, 0xdb, 0xff, 0xdb, 0xff, 0xdb, 0xff, 0xdb, 0xff, 0xdb, 0xff, 0xdb, 0xff, 0xdb, 0xff, 0xdb, 0xff, 0xdb, 0xff, 0xda, 0xff, 0xda, 0xff,
    0xdb, 0xff, 0xdb, 0xff, 0xdb, 0xff, 0xdb, 0xff, 0xdb, 0xff, 0xdb, 0xff, 0xdb, 0xff, 0xdb, 0xff, 0xdb, 0xff, 0xdb, 0xff, 0xdb, 0xff, 0xfb, 0xff, 0xfb, 0xff, 0xdb, 0xff, 0xdb, 0xff, 0xdb, 0xff, 0xdb, 0xff, 0xdb, 0xff, 0xdb, 0xff, 0xdb, 0xff,
    0xdb, 0xff, 0xdb, 0xff, 0xdb, 0xff, 0xdb, 0xff, 0xdb, 0xff, 0xda, 0xff, 0xba, 0xff, 0x9a, 0xf7, 0x78, 0xf7, 0xca, 0xfd, 0x87, 0xfd, 0x48, 0xfd, 0x06, 0xec, 0x84, 0xf3, 0x64, 0xf3, 0x84, 0xf3, 0x44, 0xf3, 0x64, 0xf3, 0x67, 0xf4, 0x22, 0x31,
    0x00, 0x00, 0x24, 0x21, 0xde, 0xff, 0xff, 0xff, 0xff, 0xff, 0xff, 0xff, 0xff, 0xff, 0xff, 0xff, 0xff, 0xff, 0xff, 0xff, 0xff, 0xff, 0xff, 0xff, 0xff, 0xff, 0xff, 0xff, 0xff, 0xff, 0xff, 0xff, 0xff, 0xff, 0xff, 0xff, 0xff, 0xff, 0xdf, 0xff,
    0xff, 0xff, 0xff, 0xff, 0xff, 0xff, 0xff, 0xff, 0xff, 0xff, 0xff, 0xff, 0xff, 0xff, 0xff, 0xff, 0xff, 0xff, 0xff, 0xff, 0xff, 0xff, 0xde, 0xff, 0xff, 0xff, 0x4c, 0x6b, 0x00, 0x00, 0x00, 0x00, 0xaa, 0xac, 0x4e, 0xff, 0x6a, 0xed, 0xe5, 0xeb,
    0x44, 0xf3, 0x44, 0xf3, 0x44, 0xf3, 0x64, 0xf3, 0x64, 0xf3, 0x64, 0xf3, 0x44, 0xf3, 0x44, 0xf3, 0x43, 0xf3, 0x84, 0xf3, 0x28, 0xf5, 0x88, 0xfd, 0x88, 0xfd, 0x88, 0xfd, 0xa9, 0xfd, 0xaa, 0xfd, 0x2e, 0xfe, 0xba, 0xff, 0xda, 0xff, 0xda, 0xff,
    0xdb, 0xff, 0xdb, 0xff, 0xfb, 0xff, 0xdb, 0xff, 0xdb, 0xff, 0xdb, 0xff, 0xdb, 0xff, 0xdb, 0xff, 0xdb, 0xff, 0xda, 0xff, 0xda, 0xff, 0xda, 0xff, 0xda, 0xff, 0xdb, 0xff, 0xdb, 0xff, 0xdb, 0xff, 0xdb, 0xff, 0xda, 0xff, 0xda, 0xff, 0xda, 0xff,
    0xdb, 0xff, 0xdb, 0xff, 0xdb, 0xff, 0xdb, 0xff, 0xdb, 0xff, 0xdb, 0xff, 0xdb, 0xff, 0xdb, 0xff, 0xdb, 0xff, 0xdb, 0xff, 0xdb, 0xff, 0xfb, 0xff, 0xfb, 0xff, 0xfb, 0xff, 0xdb, 0xff, 0xdb, 0xff, 0xdb, 0xff, 0xdb, 0xff, 0xdb, 0xff, 0xdb, 0xff,
    0xdb, 0xff, 0xdb, 0xff, 0xdb, 0xff, 0xdb, 0xff, 0xda, 0xff, 0xfb, 0xff, 0x9a, 0xf7, 0xb2, 0xf6, 0xcb, 0xfd, 0x87, 0xfd, 0x88, 0xfd, 0x68, 0xfd, 0xc7, 0xf4, 0x26, 0xf4, 0xe5, 0xeb, 0x46, 0xec, 0xe7, 0xf4, 0x48, 0xf5, 0x0a, 0xfe, 0x67, 0x93,
    0x00, 0x00, 0x00, 0x00, 0x34, 0xa5, 0xff, 0xff, 0xde, 0xff, 0xff, 0xff, 0xff, 0xff, 0xff, 0xff, 0xff, 0xff, 0xff, 0xff, 0xff, 0xff, 0xff, 0xff, 0xff, 0xff, 0xff, 0xff, 0xff, 0xff, 0xff, 0xff, 0xff, 0xff, 0xff, 0xff, 0xff, 0xff, 0xdf, 0xff,
    0xff, 0xff, 0xff, 0xff, 0xff, 0xff, 0xff, 0xff, 0xff, 0xff, 0xff, 0xff, 0xff, 0xff, 0xff, 0xff, 0xff, 0xff, 0xff, 0xff, 0xfe, 0xff, 0xff, 0xff, 0xdb, 0xde, 0x40, 0x08, 0x00, 0x00, 0x83, 0x39, 0x0e, 0xff, 0xcd, 0xfe, 0x0e, 0xff, 0xca, 0xf5,
    0xc7, 0xf4, 0x06, 0xf4, 0x64, 0xf3, 0x24, 0xf3, 0x23, 0xf3, 0x44, 0xf3, 0x44, 0xf3, 0x44, 0xf3, 0x64, 0xf3, 0x43, 0xf3, 0x26, 0xf4, 0x89, 0xfd, 0x88, 0xfd, 0xa9, 0xfd, 0xaa, 0xf5, 0xab, 0xf5, 0x35, 0xff, 0xfb, 0xff, 0xda, 0xff, 0xdb, 0xff,
    0xdb, 0xff, 0xfb, 0xff, 0xdb, 0xff, 0xdb, 0xff, 0xdb, 0xff, 0xda, 0xff, 0xdb, 0xff, 0xdb, 0xff, 0xdb, 0xff, 0xda, 0xff, 0xda, 0xff, 0xda, 0xff, 0xda, 0xff, 0xda, 0xff, 0xda, 0xff, 0xdb, 0xff, 0xdb, 0xff, 0xdb, 0xff, 0xda, 0xff, 0xdb, 0xff,
    0xdb, 0xff, 0xdb, 0xff, 0xdb, 0xff, 0xdb, 0xff, 0xdb, 0xff, 0xdb, 0xff, 0xdb, 0xff, 0xdb, 0xff, 0xda, 0xff, 0xdb, 0xff, 0xdb, 0xff, 0xdb, 0xff, 0xdb, 0xff, 0xfb, 0xff, 0xdb, 0xff, 0xdb, 0xff, 0xdb, 0xff, 0xdb, 0xff, 0xdb, 0xff, 0xdb, 0xff,
    0xdb, 0xff, 0xdb, 0xff, 0xdb, 0xff, 0xda, 0xff, 0xda, 0xff, 0x99, 0xf7, 0x50, 0xf6, 0x67, 0xfd, 0x87, 0xfd, 0x88, 0xfd, 0x88, 0xfd, 0x88, 0xfd, 0xa8, 0xfd, 0x88, 0xfd, 0x88, 0xfd, 0xa8, 0xfd, 0xc9, 0xfd, 0xa9, 0xfd, 0xc8, 0xfd, 0x8a, 0xed,
    0xa1, 0x18, 0x00, 0x00, 0xe7, 0x39, 0xff, 0xff, 0xff, 0xff, 0xff, 0xff, 0xff, 0xff, 0xff, 0xff, 0xff, 0xff, 0xff, 0xff, 0xff, 0xff, 0xff, 0xff, 0xff, 0xff, 0xff, 0xff, 0xff, 0xff, 0xff, 0xff, 0xff, 0xff, 0xff, 0xff, 0xff, 0xff, 0xff, 0xff,
    0xff, 0xff, 0xff, 0xff, 0xff, 0xff, 0xff, 0xff, 0xff, 0xff, 0xff, 0xff, 0xff, 0xff, 0xff, 0xff, 0xff, 0xff, 0xff, 0xff, 0xde, 0xff, 0xff, 0xff, 0x4d, 0x6b, 0x00, 0x00, 0x00, 0x00, 0xca, 0xb4, 0x4d, 0xff, 0xcd, 0xf6, 0xac, 0xfe, 0xa8, 0xfd,
    0xc8, 0xfd, 0xa8, 0xfd, 0x48, 0xf5, 0x87, 0xf4, 0xe5, 0xf3, 0x84, 0xf3, 0x64, 0xf3, 0x63, 0xf3, 0x84, 0xf3, 0x84, 0xf3, 0xa7, 0xf4, 0x89, 0xfd, 0x88, 0xfd, 0xca, 0xfd, 0x89, 0xfd, 0x70, 0xfe, 0xda, 0xff, 0xda, 0xff, 0xda, 0xff, 0xdb, 0xff,
    0xdb, 0xff, 0xfb, 0xff, 0xdb, 0xff, 0xdb, 0xff, 0xdb, 0xff, 0xda, 0xff, 0xda, 0xff, 0xdb, 0xff, 0xdb, 0xff, 0xda, 0xff, 0xda, 0xff, 0xda, 0xff, 0xda, 0xff, 0xda, 0xff, 0xda, 0xff, 0xdb, 0xff, 0xdb, 0xff, 0xdb, 0xff, 0xdb, 0xff, 0xdb, 0xff,
    0xdb, 0xff, 0xdb, 0xff, 0xdb, 0xff, 0xdb, 0xff, 0xdb, 0xff, 0xdb, 0xff, 0xdb, 0xff, 0xdb, 0xff, 0xda, 0xff, 0xda, 0xff, 0xdb, 0xff, 0xdb, 0xff, 0xdb, 0xff, 0xdb, 0xff, 0xdb, 0xff, 0xdb, 0xff, 0xdb, 0xff, 0xdb, 0xff, 0xdb, 0xff, 0xdb, 0xff,
    0xdb, 0xff, 0xdb, 0xff, 0xda, 0xff, 0xda, 0xff, 0xb9, 0xff, 0x2e, 0xf6, 0x47, 0xfd, 0x68, 0xfd, 0x88, 0xfd, 0x88, 0xfd, 0x88, 0xfd, 0x88, 0xfd, 0x88, 0xfd, 0x88, 0xfd, 0x88, 0xfd, 0x88, 0xfd, 0x88, 0xfd, 0xa8, 0xfd, 0x88, 0xfd, 0x2a, 0xfe,
    0xa5, 0x6a, 0x00, 0x00, 0x20, 0x00, 0x79, 0xce, 0xff, 0xff, 0xfe, 0xff, 0xff, 0xff, 0xff, 0xff, 0xff, 0xff, 0xff, 0xff, 0xff, 0xff, 0xff, 0xff, 0xff, 0xff, 0xff, 0xff, 0xff, 0xff, 0xff, 0xff, 0xff, 0xff, 0xff, 0xff, 0xff, 0xff, 0xff, 0xff,
    0xff, 0xff, 0xff, 0xff, 0xff, 0xff, 0xfe, 0xff, 0xff, 0xff, 0xff, 0xff, 0xff, 0xff, 0xff, 0xff, 0xfe, 0xff, 0xfe, 0xff, 0xff, 0xff, 0x3c, 0xe7, 0x81, 0x10, 0x00, 0x00, 0x02, 0x29, 0xad, 0xfe, 0x0c, 0xff, 0xed, 0xfe, 0x2a, 0xfe, 0x68, 0xfd,
    0x88, 0xfd, 0x88, 0xfd, 0xa8, 0xfd, 0xa8, 0xfd, 0xa8, 0xfd, 0x68, 0xfd, 0x27, 0xfd, 0x07, 0xf5, 0x27, 0xf5, 0x48, 0xfd, 0xa9, 0xfd, 0x88, 0xfd, 0x88, 0xfd, 0xa9, 0xfd, 0x88, 0xfd, 0xb3, 0xfe, 0xda, 0xff, 0xda, 0xff, 0xda, 0xff, 0xda, 0xff,
    0xdb, 0xff, 0xdb, 0xff, 0xdb, 0xff, 0xdb, 0xff, 0xdb, 0xff, 0xdb, 0xff, 0xdb, 0xff, 0xdb, 0xff, 0xfb, 0xff, 0xdb, 0xff, 0xda, 0xff, 0xdb, 0xff, 0xda, 0xff, 0xda, 0xff, 0xda, 0xff, 0xda, 0xff, 0xdb, 0xff, 0xdb, 0xff, 0xdb, 0xff, 0xdb, 0xff,
    0xdb, 0xff, 0xdb, 0xff, 0xdb, 0xff, 0xdb, 0xff, 0xdb, 0xff, 0xdb, 0xff, 0xdb, 0xff, 0xdb, 0xff, 0xdb, 0xff, 0xdb, 0xff, 0xdb, 0xff, 0xdb, 0xff, 0xdb, 0xff, 0xdb, 0xff, 0xdb, 0xff, 0xdb, 0xff, 0xdb, 0xff, 0xdb, 0xff, 0xdb, 0xff, 0xdb, 0xff,
    0xdb, 0xff, 0xdb, 0xff, 0xda, 0xff, 0xfb, 0xff, 0xb3, 0xf6, 0x68, 0xfd, 0x68, 0xfd, 0x68, 0xfd, 0x88, 0xfd, 0x88, 0xfd, 0x88, 0xfd, 0x88, 0xfd, 0x88, 0xfd, 0x68, 0xfd, 0x68, 0xfd, 0x88, 0xfd, 0x88, 0xfd, 0x88, 0xfd, 0x88, 0xfd, 0x09, 0xfe,
    0x48, 0xbc, 0x20, 0x00, 0x00, 0x00, 0xae, 0x73, 0xff, 0xff, 0xde, 0xff, 0xff, 0xff, 0xff, 0xff, 0xff, 0xff, 0xff, 0xff, 0xff, 0xff, 0xff, 0xff, 0xff, 0xff, 0xff, 0xff, 0xff, 0xff, 0xff, 0xff, 0xff, 0xff, 0xff, 0xff, 0xff, 0xff, 0xdf, 0xff,
    0xff, 0xff, 0xff, 0xff, 0xff, 0xff, 0xfe, 0xff, 0xfe, 0xff, 0xff, 0xff, 0xff, 0xff, 0xff, 0xff, 0xff, 0xff, 0xde, 0xff, 0xff, 0xff, 0x50, 0x8c, 0x00, 0x00, 0x00, 0x00, 0x23, 0x82, 0xa7, 0xfc, 0xaa, 0xf5, 0x8c, 0xfe, 0xc9, 0xfd, 0x88, 0xfd,
    0x88, 0xfd, 0x88, 0xfd, 0x88, 0xfd, 0x88, 0xfd, 0x88, 0xfd, 0x88, 0xfd, 0xa8, 0xfd, 0xa8, 0xfd, 0xa8, 0xfd, 0x88, 0xfd, 0x88, 0xfd, 0x88, 0xfd, 0x88, 0xfd, 0x89, 0xfd, 0x89, 0xfd, 0xb3, 0xf6, 0xfb, 0xff, 0xd9, 0xff, 0xda, 0xff, 0xda, 0xff,
    0xda, 0xff, 0xda, 0xff, 0xdb, 0xff, 0xdb, 0xff, 0xda, 0xff, 0xda, 0xff, 0xdb, 0xff, 0xdb, 0xff, 0xdb, 0xff, 0xdb, 0xff, 0xdb, 0xff, 0xdb, 0xff, 0xdb, 0xff, 0xda, 0xff, 0xdb, 0xff, 0xdb, 0xff, 0xdb, 0xff, 0xdb, 0xff, 0xdb, 0xff, 0xdb, 0xff,
    0xdb, 0xff, 0xdb, 0xff, 0xdb, 0xff, 0xdb, 0xff, 0xdb, 0xff, 0xdb, 0xff, 0xda, 0xff, 0xda, 0xff, 0xdb, 0xff, 0xdb, 0xff, 0xdb, 0xff, 0xdb, 0xff, 0xdb, 0xff, 0xda, 0xff, 0xda, 0xff, 0xda, 0xff, 0xdb, 0xff, 0xdb, 0xff, 0xdb, 0xff, 0xdb, 0xff,
    0xdb, 0xff, 0xdb, 0xff, 0xdb, 0xff, 0xdb, 0xff, 0x2f, 0xf6, 0x68, 0xfd, 0x68, 0xfd, 0x88, 0xfd, 0xa9, 0xfd, 0x88, 0xfd, 0x88, 0xfd, 0x88, 0xfd, 0x88, 0xfd, 0x68, 0xfd, 0x68, 0xfd, 0x88, 0xfd, 0x88, 0xfd, 0xa8, 0xfd, 0x88, 0xf5, 0x66, 0xf4,
    0x85, 0xeb, 0x80, 0x20, 0x00, 0x00, 0x03, 0x21, 0xde, 0xff, 0xff, 0xff, 0xff, 0xff, 0xff, 0xff, 0xff, 0xff, 0xff, 0xff, 0xff, 0xff, 0xff, 0xff, 0xff, 0xff, 0xff, 0xff, 0xff, 0xff, 0xff, 0xff, 0xff, 0xff, 0xff, 0xff, 0xff, 0xff, 0xff, 0xff,
    0xff, 0xff, 0xff, 0xff, 0xff, 0xff, 0xff, 0xff, 0xff, 0xff, 0xff, 0xff, 0xff, 0xff, 0xff, 0xff, 0xff, 0xff, 0xff, 0xff, 0xdf, 0xff, 0x65, 0x31, 0x00, 0x00, 0x40, 0x08, 0x44, 0xdb, 0x84, 0xfb, 0xc6, 0xeb, 0x47, 0xec, 0x87, 0xf4, 0x28, 0xf5,
    0xa8, 0xfd, 0xa8, 0xfd, 0x88, 0xfd, 0x88, 0xfd, 0x88, 0xfd, 0x88, 0xfd, 0x88, 0xfd, 0x88, 0xfd, 0x88, 0xfd, 0x88, 0xfd, 0x88, 0xfd, 0x88, 0xfd, 0x88, 0xfd, 0x89, 0xfd, 0x88, 0xfd, 0x0d, 0xf6, 0x99, 0xff, 0xfb, 0xff, 0xba, 0xff, 0xba, 0xff,
    0xda, 0xff, 0xdb, 0xff, 0xda, 0xff, 0xdb, 0xff, 0xda, 0xff, 0xda, 0xff, 0xda, 0xff, 0xda, 0xff, 0xdb, 0xff, 0xda, 0xff, 0xda, 0xff, 0xda, 0xff, 0xda, 0xff, 0xdb, 0xff, 0xdb, 0xff, 0xdb, 0xff, 0xdb, 0xff, 0xdb, 0xff, 0xdb, 0xff, 0xdb, 0xff,
    0xdb, 0xff, 0xdb, 0xff, 0xdb, 0xff, 0xdb, 0xff, 0xdb, 0xff, 0xda, 0xff, 0xda, 0xff, 0xda, 0xff, 0xdb, 0xff, 0xda, 0xff, 0xda, 0xff, 0xda, 0xff, 0xdb, 0xff, 0xda, 0xff, 0xda, 0xff, 0xda, 0xff, 0xda, 0xff, 0xdb, 0xff, 0xdb, 0xff, 0xfb, 0xff,
    0xfb, 0xff, 0xdb, 0xff, 0xdb, 0xff, 0xfb, 0xff, 0xd3, 0xfe, 0x88, 0xfd, 0x68, 0xfd, 0x88, 0xfd, 0x88, 0xfd, 0x88, 0xfd, 0x88, 0xfd, 0x68, 0xfd, 0x88, 0xfd, 0xa9, 0xfd, 0xa8, 0xfd, 0x68, 0xfd, 0xa8, 0xfd, 0x27, 0xf5, 0xe5, 0xf3, 0xc8, 0xeb,
    0x49, 0xfc, 0xc8, 0x8a, 0xa2, 0x10, 0x24, 0x29, 0x99, 0xd6, 0xff, 0xff, 0xde, 0xff, 0xde, 0xff, 0xde, 0xff, 0xde, 0xff, 0xde, 0xff, 0xde, 0xff, 0xbe, 0xf7, 0xde, 0xff, 0xfe, 0xff, 0xde, 0xff, 0xde, 0xff, 0xbe, 0xf7, 0xff, 0xff, 0xff, 0xff,
    0xff, 0xff, 0xff, 0xff, 0xff, 0xff, 0xff, 0xff, 0xff, 0xff, 0xff, 0xff, 0xff, 0xff, 0xff, 0xff, 0xde, 0xff, 0xff, 0xff, 0x59, 0xce, 0x00, 0x00, 0x00, 0x00, 0x22, 0x51, 0xa4, 0xfb, 0x84, 0xf3, 0x84, 0xf3, 0x64, 0xf3, 0x64, 0xf3, 0x84, 0xf3,
    0x26, 0xf4, 0x07, 0xf5, 0x88, 0xfd, 0xa8, 0xfd, 0x88, 0xfd, 0x88, 0xfd, 0x88, 0xfd, 0x88, 0xfd, 0x88, 0xfd, 0x88, 0xfd, 0x88, 0xfd, 0x88, 0xfd, 0x88, 0xfd, 0x88, 0xfd, 0x88, 0xfd, 0x89, 0xfd, 0x2e, 0xfe, 0x91, 0xfe, 0xd4, 0xf6, 0xba, 0xff,
    0xda, 0xff, 0xdb, 0xff, 0xdb, 0xff, 0xdb, 0xff, 0xdb, 0xff, 0xda, 0xff, 0xda, 0xff, 0xda, 0xff, 0xda, 0xff, 0xda, 0xff, 0xda, 0xff, 0xda, 0xff, 0xdb, 0xff, 0xdb, 0xff, 0xdb, 0xff, 0xdb, 0xff, 0xdb, 0xff, 0xdb, 0xff, 0xdb, 0xff, 0xdb, 0xff,
    0xdb, 0xff, 0xdb, 0xff, 0xdb, 0xff, 0xdb, 0xff, 0xdb, 0xff, 0xda, 0xff, 0xda, 0xff, 0xda, 0xff, 0xda, 0xff, 0xda, 0xff, 0xdb, 0xff, 0xdb, 0xff, 0xdb, 0xff, 0xda, 0xff, 0xda, 0xff, 0xda, 0xff, 0xda, 0xff, 0xdb, 0xff, 0xfb, 0xff, 0xfb, 0xff,
    0xdb, 0xff, 0xdb, 0xff, 0xdb, 0xff, 0xfb, 0xff, 0x36, 0xf7, 0x89, 0xfd, 0x88, 0xfd, 0x88, 0xfd, 0x68, 0xfd, 0x68, 0xfd, 0x68, 0xfd, 0x68, 0xfd, 0xa9, 0xfd, 0x64, 0x72, 0xc8, 0xd4, 0xc9, 0xfd, 0xe7, 0xf4, 0xa5, 0xf3, 0x64, 0xf3, 0x8b, 0xec,
    0x4e, 0xf5, 0x4c, 0xc4, 0xe3, 0x18, 0x28, 0x42, 0x34, 0xa5, 0xff, 0xff, 0xbe, 0xf7, 0xde, 0xff, 0xde, 0xff, 0xde, 0xff, 0xbe, 0xff, 0xbe, 0xf7, 0xbe, 0xf7, 0xbe, 0xf7, 0xbe, 0xf7, 0xde, 0xff, 0xbe, 0xf7, 0xde, 0xff, 0xff, 0xff, 0xff, 0xff,
    0xff, 0xff, 0xff, 0xff, 0xff, 0xff, 0xff, 0xff, 0xff, 0xff, 0xff, 0xff, 0xfe, 0xff, 0xff, 0xff, 0xde, 0xff, 0xff, 0xff, 0xce, 0x7b, 0x00, 0x00, 0x00, 0x00, 0x64, 0xa2, 0xc4, 0xfb, 0x84, 0xf3, 0x84, 0xf3, 0x64, 0xf3, 0x64, 0xf3, 0x64, 0xf3,
    0x64, 0xf3, 0xe5, 0xeb, 0x26, 0xec, 0x07, 0xf5, 0xa8, 0xfd, 0x88, 0xfd, 0x88, 0xfd, 0x88, 0xfd, 0x88, 0xfd, 0x88, 0xfd, 0x88, 0xfd, 0x88, 0xfd, 0x88, 0xfd, 0x88, 0xfd, 0x88, 0xfd, 0x68, 0xfd, 0x67, 0xfd, 0x68, 0xfd, 0x50, 0xf6, 0xdb, 0xff,
    0xda, 0xff, 0xda, 0xff, 0xdb, 0xff, 0xdb, 0xff, 0xdb, 0xff, 0xda, 0xff, 0xda, 0xff, 0xda, 0xff, 0xda, 0xff, 0xda, 0xff, 0xda, 0xff, 0xdb, 0xff, 0xdb, 0xff, 0xdb, 0xff, 0xdb, 0xff, 0xdb, 0xff, 0xdb, 0xff, 0xdb, 0xff, 0xdb, 0xff, 0xdb, 0xff,
    0xdb, 0xff, 0xdb, 0xff, 0xdb, 0xff, 0xdb, 0xff, 0xdb, 0xff, 0xdb, 0xff, 0xdb, 0xff, 0xda, 0xff, 0xda, 0xff, 0xdb, 0xff, 0xdb, 0xff, 0xdb, 0xff, 0xdb, 0xff, 0xda, 0xff, 0xda, 0xff, 0xda, 0xff, 0xda, 0xff, 0xdb, 0xff, 0xdb, 0xff, 0xdb, 0xff,
    0xdb, 0xff, 0xdb, 0xff, 0xdb, 0xff, 0xdb, 0xff, 0xba, 0xff, 0x0d, 0xf6, 0x88, 0xfd, 0x88, 0xfd, 0x88, 0xfd, 0x68, 0xfd, 0x68, 0xfd, 0x68, 0xf5, 0xe9, 0xfd, 0x83, 0x41, 0x24, 0x5a, 0x2a, 0xfe, 0x46, 0xec, 0xa5, 0xf3, 0x63, 0xf3, 0xcc, 0xf4,
    0x2e, 0xf5, 0xed, 0xdc, 0x24, 0x29, 0x28, 0x42, 0x70, 0x8c, 0xff, 0xff, 0xbe, 0xf7, 0xde, 0xf7, 0xde, 0xff, 0xde, 0xff, 0xde, 0xff, 0xbe, 0xff, 0xde, 0xff, 0xbe, 0xf7, 0xbe, 0xff, 0xde, 0xff, 0xbe, 0xf7, 0xdf, 0xff, 0xff, 0xff, 0xff, 0xff,
    0xff, 0xff, 0xff, 0xff, 0xff, 0xff, 0xff, 0xff, 0xfe, 0xff, 0xff, 0xff, 0xff, 0xff, 0xff, 0xff, 0xff, 0xff, 0xff, 0xff, 0x85, 0x31, 0x00, 0x00, 0x41, 0x10, 0x45, 0xe3, 0xa4, 0xfb, 0x84, 0xf3, 0x64, 0xf3, 0x64, 0xf3, 0x64, 0xf3, 0x64, 0xf3,
    0x84, 0xf3, 0xe5, 0xf3, 0x06, 0xf4, 0x26, 0xec, 0xe8, 0xf4, 0xa8, 0xfd, 0x88, 0xfd, 0x88, 0xfd, 0x88, 0xfd, 0x88, 0xfd, 0x88, 0xfd, 0x88, 0xfd, 0x88, 0xfd, 0x88, 0xfd, 0x88, 0xfd, 0x88, 0xfd, 0x88, 0xfd, 0xa9, 0xfd, 0x71, 0xf6, 0xba, 0xff,
    0xda, 0xff, 0xda, 0xff, 0xda, 0xff, 0xdb, 0xff, 0xdb, 0xff, 0xdb, 0xff, 0xda, 0xff, 0xdb, 0xff, 0xda, 0xff, 0xda, 0xff, 0xda, 0xff, 0xda, 0xff, 0xda, 0xff, 0xdb, 0xff, 0xdb, 0xff, 0xdb, 0xff, 0xdb, 0xff, 0xdb, 0xff, 0xdb, 0xff, 0xdb, 0xff,
    0xdb, 0xff, 0xdb, 0xff, 0xdb, 0xff, 0xdb, 0xff, 0xdb, 0xff, 0xdb, 0xff, 0xda, 0xff, 0xda, 0xff, 0xdb, 0xff, 0xdb, 0xff, 0xdb, 0xff, 0xdb, 0xff, 0xda, 0xff, 0xda, 0xff, 0xda, 0xff, 0xda, 0xff, 0xda, 0xff, 0xdb, 0xff, 0xdb, 0xff, 0xdb, 0xff,
    0xdb, 0xff, 0xdb, 0xff, 0xdb, 0xff, 0xda, 0xff, 0xdb, 0xff, 0xd3, 0xf6, 0x88, 0xfd, 0xa9, 0xfd, 0x88, 0xfd, 0x88, 0xfd, 0x88, 0xfd, 0x68, 0xf5, 0xe9, 0xfd, 0x46, 0x8b, 0x40, 0x08, 0x89, 0xf5, 0x47, 0xfd, 0x46, 0xf4, 0x84, 0xf3, 0x49, 0xf4,
    0xcc, 0xec, 0xec, 0xec, 0xe5, 0x59, 0x69, 0x42, 0x89, 0x52, 0x7d, 0xef, 0xde, 0xff, 0xde, 0xff, 0xde, 0xff, 0xde, 0xff, 0xbe, 0xff, 0xbe, 0xf7, 0xbe, 0xff, 0xde, 0xff, 0xbe, 0xf7, 0xbe, 0xf7, 0xbe, 0xf7, 0xde, 0xff, 0xdf, 0xff, 0xff, 0xff,
    0xff, 0xff, 0xff, 0xff, 0xff, 0xff, 0xff, 0xff, 0xff, 0xff, 0xff, 0xff, 0xff, 0xff, 0xde, 0xff, 0xff, 0xff, 0xda, 0xde, 0x40, 0x08, 0x00, 0x00, 0x22, 0x41, 0xa5, 0xfb, 0x44, 0xf3, 0x64, 0xf3, 0x64, 0xf3, 0x64, 0xf3, 0x64, 0xf3, 0x64, 0xf3,
    0x84, 0xf3, 0x84, 0xf3, 0xc4, 0xf3, 0xc5, 0xf3, 0x06, 0xec, 0x68, 0xfd, 0x88, 0xfd, 0x88, 0xfd, 0xa8, 0xfd, 0x88, 0xfd, 0x88, 0xfd, 0x88, 0xfd, 0x88, 0xfd, 0x88, 0xfd, 0x88, 0xfd, 0x88, 0xfd, 0x89, 0xfd, 0x89, 0xf5, 0x92, 0xf6, 0xda, 0xff,
    0xda, 0xff, 0xda, 0xff, 0xda, 0xff, 0xdb, 0xff, 0xdb, 0xff, 0xdb, 0xff, 0xdb, 0xff, 0xda, 0xff, 0xda, 0xff, 0xda, 0xff, 0xda, 0xff, 0xda, 0xff, 0xda, 0xff, 0xda, 0xff, 0xdb, 0xff, 0xda, 0xff, 0xdb, 0xff, 0xdb, 0xff, 0xdb, 0xff, 0xdb, 0xff,
    0xdb, 0xff, 0xdb, 0xff, 0xdb, 0xff, 0xdb, 0xff, 0xdb, 0xff, 0xdb, 0xff, 0xda, 0xff, 0xda, 0xff, 0xdb, 0xff, 0xdb, 0xff, 0xdb, 0xff, 0xdb, 0xff, 0xda, 0xff, 0xda, 0xff, 0xda, 0xff, 0xda, 0xff, 0xdb, 0xff, 0xdb, 0xff, 0xdb, 0xff, 0xdb, 0xff,
    0xdb, 0xff, 0xdb, 0xff, 0xda, 0xff, 0xda, 0xff, 0xfb, 0xff, 0xf5, 0xf6, 0x89, 0xf5, 0xa9, 0xfd, 0xa8, 0xfd, 0xa9, 0xfd, 0x88, 0xfd, 0x68, 0xf5, 0xc8, 0xfd, 0x67, 0xc4, 0x00, 0x00, 0x07, 0xac, 0x09, 0xfe, 0x88, 0xf5, 0x47, 0xf5, 0x8c, 0xf5,
    0x8d, 0xed, 0xee, 0xfd, 0x08, 0x83, 0x45, 0x21, 0x85, 0x29, 0x79, 0xce, 0xff, 0xff, 0xbe, 0xff, 0xde, 0xff, 0xbe, 0xf7, 0xbe, 0xff, 0xde, 0xff, 0xde, 0xff, 0xde, 0xff, 0xbe, 0xf7, 0xde, 0xff, 0xde, 0xff, 0xde, 0xff, 0xff, 0xff, 0xff, 0xff,
    0xff, 0xff, 0xff, 0xff, 0xff, 0xff, 0xff, 0xff, 0xff, 0xff, 0xff, 0xff, 0xff, 0xff, 0xde, 0xff, 0xff, 0xff, 0xf3, 0x9c, 0x00, 0x00, 0x00, 0x00, 0x05, 0x83, 0x88, 0xfd, 0x46, 0xf4, 0xe5, 0xf3, 0xa4, 0xf3, 0x64, 0xf3, 0x64, 0xf3, 0x63, 0xf3,
    0x84, 0xf3, 0x06, 0xf4, 0x46, 0xf4, 0x46, 0xf4, 0x07, 0xf5, 0xa8, 0xfd, 0x88, 0xfd, 0x88, 0xfd, 0xa8, 0xfd, 0x88, 0xfd, 0x87, 0xfd, 0x88, 0xfd, 0x88, 0xfd, 0x88, 0xfd, 0x88, 0xfd, 0x88, 0xfd, 0x89, 0xfd, 0xaa, 0xf5, 0xd3, 0xf6, 0xfa, 0xff,
    0xda, 0xff, 0xda, 0xff, 0xda, 0xff, 0xdb, 0xff, 0xdb, 0xff, 0xdb, 0xff, 0xdb, 0xff, 0xdb, 0xff, 0xda, 0xff, 0xdb, 0xff, 0xdb, 0xff, 0xda, 0xff, 0xda, 0xff, 0xda, 0xff, 0xdb, 0xff, 0xdb, 0xff, 0xdb, 0xff, 0xdb, 0xff, 0xdb, 0xff, 0xdb, 0xff,
    0xdb, 0xff, 0xdb, 0xff, 0xdb, 0xff, 0xdb, 0xff, 0xdb, 0xff, 0xdb, 0xff, 0xdb, 0xff, 0xdb, 0xff, 0xda, 0xff, 0xdb, 0xff, 0xdb, 0xff, 0xdb, 0xff, 0xdb, 0xff, 0xdb, 0xff, 0xdb, 0xff, 0xdb, 0xff, 0xdb, 0xff, 0xdb, 0xff, 0xdb, 0xff, 0xdb, 0xff,
    0xdb, 0xff, 0xda, 0xff, 0xda, 0xff, 0xda, 0xff, 0xfb, 0xff, 0x78, 0xf7, 0xca, 0xf5, 0xa9, 0xfd, 0xa8, 0xfd, 0xa9, 0xfd, 0x88, 0xfd, 0x68, 0xfd, 0x88, 0xfd, 0x49, 0xed, 0x40, 0x08, 0x24, 0x5a, 0x09, 0xfe, 0x88, 0xfd, 0xa8, 0xfd, 0xa8, 0xfd,
    0x87, 0xf5, 0xe8, 0xfd, 0xe7, 0xab, 0x00, 0x00, 0x00, 0x00, 0x91, 0x94, 0xff, 0xff, 0xde, 0xff, 0xff, 0xff, 0xff, 0xff, 0xff, 0xff, 0xff, 0xff, 0xff, 0xff, 0xff, 0xff, 0xff, 0xff, 0xff, 0xff, 0xff, 0xff, 0xff, 0xff, 0xff, 0xff, 0xff, 0xff,
    0xdf, 0xff, 0xff, 0xff, 0xff, 0xff, 0xff, 0xff, 0xff, 0xff, 0xff, 0xff, 0xff, 0xff, 0xde, 0xff, 0xff, 0xff, 0x4c, 0x6b, 0x00, 0x00, 0x00, 0x00, 0x87, 0xc4, 0x08, 0xfe, 0xa8, 0xfd, 0xa8, 0xfd, 0x68, 0xfd, 0x07, 0xf5, 0xe7, 0xf4, 0xc7, 0xf4,
    0x07, 0xf5, 0x28, 0xf5, 0x68, 0xfd, 0xc9, 0xfd, 0xc9, 0xfd, 0xa8, 0xfd, 0xa8, 0xfd, 0xa8, 0xfd, 0xa8, 0xfd, 0xa8, 0xfd, 0xa8, 0xfd, 0xa8, 0xfd, 0x88, 0xfd, 0x88, 0xfd, 0x88, 0xfd, 0x88, 0xfd, 0x89, 0xfd, 0xcb, 0xf5, 0x36, 0xf7, 0xdb, 0xff,
    0xda, 0xff, 0xda, 0xff, 0xdb, 0xff, 0xdb, 0xff, 0xdb, 0xff, 0xdb, 0xff, 0xdb, 0xff, 0xfb, 0xff, 0xdb, 0xff, 0xdb, 0xff, 0xdb, 0xff, 0xdb, 0xff, 0xdb, 0xff, 0xdb, 0xff, 0xdb, 0xff, 0xdb, 0xff, 0xdb, 0xff, 0xdb, 0xff, 0xdb, 0xff, 0xdb, 0xff,
    0xdb, 0xff, 0xdb, 0xff, 0xdb, 0xff, 0xdb, 0xff, 0xdb, 0xff, 0xdb, 0xff, 0xdb, 0xff, 0xdb, 0xff, 0xdb, 0xff, 0xdb, 0xff, 0xdb, 0xff, 0xdb, 0xff, 0xdb, 0xff, 0xdb, 0xff, 0xdb, 0xff, 0xdb, 0xff, 0xdb, 0xff, 0xdb, 0xff, 0xdb, 0xff, 0xdb, 0xff,
    0xdb, 0xff, 0xdb, 0xff, 0xdb, 0xff, 0xda, 0xff, 0xdb, 0xff, 0xda, 0xff, 0x2e, 0xfe, 0xa9, 0xfd, 0xa9, 0xfd, 0xa8, 0xfd, 0x88, 0xfd, 0x88, 0xfd, 0x88, 0xfd, 0xe9, 0xfd, 0x22, 0x31, 0xe1, 0x20, 0xc9, 0xfd, 0xa9, 0xfd, 0xa8, 0xfd, 0xa8, 0xfd,
    0xa8, 0xfd, 0xe9, 0xfd, 0x29, 0xdd, 0x61, 0x10, 0x00, 0x00, 0x4c, 0x6b, 0xff, 0xff, 0xde, 0xff, 0xff, 0xff, 0xff, 0xff, 0xff, 0xff, 0xff, 0xff, 0xff, 0xff, 0xff, 0xff, 0xff, 0xff, 0xff, 0xff, 0xff, 0xff, 0xff, 0xff, 0xff, 0xff, 0xff, 0xff,
    
};

const lv_img_dsc_t icon_cat_calm = {
  .header.magic = LV_IMAGE_HEADER_MAGIC,
  .header.cf = LV_COLOR_FORMAT_RGB565,
  .header.w = 120,
  .header.h = 120,
  .data_size = 28800,
  .data = icon_cat_calm_map,
};
