#ifdef __has_include
    #if __has_include("lvgl.h")
        #ifndef LV_LVGL_H_INCLUDE_SIMPLE
            #define LV_LVGL_H_INCLUDE_SIMPLE
        #endif
    #endif
#endif

#if defined(LV_LVGL_H_INCLUDE_SIMPLE)
    #include "lvgl.h"
#else
    #include "lvgl/lvgl.h"
#endif

#ifndef LV_ATTRIBUTE_MEM_ALIGN
#define LV_ATTRIBUTE_MEM_ALIGN
#endif

#ifndef LV_ATTRIBUTE_IMG_ICON_CAT_HAPPY
#define LV_ATTRIBUTE_IMG_ICON_CAT_HAPPY
#endif

const LV_ATTRIBUTE_MEM_ALIGN LV_ATTRIBUTE_LARGE_CONST LV_ATTRIBUTE_IMG_ICON_CAT_HAPPY uint8_t icon_cat_happy_map[] = {
    0xfe, 0xff, 0xff, 0xff, 0xfe, 0xff, 0xff, 0xff, 0xfe, 0xff, 0xff, 0xff, 0xfe, 
    0xff, 0xff, 0xff, 0xfe, 0xff, 0xff, 0xff, 0xfe, 0xff, 0xff, 0xff, 0xfe, 0xff, 
    0xff, 0xff, 0xfe, 0xff, 0xff, 0xff, 0xfe, 0xff, 0xff, 0xff, 0xfe, 0xff, 0xff, 
    0xff, 0xfe, 0xff, 0xff, 0xff, 0xfe, 0xff, 0xff, 0xff, 0xfe, 0xff, 0xff, 0xff, 
    0xfe, 0xff, 0xff, 0xff, 0xfe, 0xff, 0xff, 0xff, 0xfe, 0xff, 0xff, 0xff, 0xfe, 
    0xff, 0xff, 0xff, 0xfe, 0xff, 0xff, 0xff, 0xfe, 0xff, 0xff, 0xff, 0xfe, 0xff, 
    0xff, 0xff, 0xfe, 0xff, 0xff, 0xff, 0xfe, 0xff, 0xff, 0xff, 0xfe, 0xff, 0xff, 
    0xff, 0xfe, 0xff, 0xff, 0xff, 0xfe, 0xff, 0xff, 0xff, 0xfe, 0xff, 0xff, 0xff, 
    0xfe, 0xff, 0xff, 0xff, 0xfe, 0xff, 0xff, 0xff, 0xfe, 0xff, 0xff, 0xff, 0xfe, 
    0xff, 0xff, 0xff, 0xfe, 0xff, 0xff, 0xff, 0xfe, 0xff, 0xff, 0xff, 0xfe, 0xff, 
    0xff, 0xff, 0xfe, 0xff, 0xff, 0xff, 0xfe, 0xff, 0xff, 0xff, 0xfe, 0xff, 0xff, 
    0xff, 0xfe, 0xff, 0xff, 0xff, 0xfe, 0xff, 0xff, 0xff, 0xfe, 0xff, 0xff, 0xff, 
    0xfe, 0xff, 0xff, 0xff, 0xfe, 0xff, 0xff, 0xff, 0xfe, 0xff, 0xff, 0xff, 0xfe, 
    0xff, 0xff, 0xff, 0xfe, 0xff, 0xff, 0xff, 0xfe, 0xff, 0xff, 0xff, 0xfe, 0xff, 
    0xff, 0xff, 0xfe, 0xff, 0xff, 0xff, 0xfe, 0xff, 0xff, 0xff, 0xfe, 0xff, 0xff, 
    0xff, 0xfe, 0xff, 0xff, 0xff, 0xfe, 0xff, 0xff, 0xff, 0xfe, 0xff, 0xff, 0xff, 
    0xfe, 0xff, 0xff, 0xff, 0xfe, 0xff, 0xff, 0xff, 0xfe, 0xff, 0xff, 0xff, 0xfe, 
    0xff, 0xff, 0xff, 0xfe, 0xff, 0xff, 0xff, 0xfe, 0xff, 0xff, 0xff, 0xfe, 0xff, 
    0xff, 0xff, 0xfe, 0xff, 0xff, 0xff, 0xfe, 0xff, 0xff, 0xff, 0xfe, 0xff, 0xff, 
    0xff, 0xfe, 0xff, 0xff, 0xff, 0xfe, 0xff, 0xff, 0xff, 0xfe, 0xff, 0xff, 0xff, 
    0xfe, 0xff, 0xff, 0xff, 0xfe, 0xff, 0xff, 0xff, 0xfe, 0xff, 0xff, 0xff, 0xfe, 
    0xff, 0xff, 0xff, 0xfe, 0xff, 0xff, 0xff, 0xfe, 0xff, 0xff, 0xff, 0xfe, 0xff, 
    0xff, 0xff, 0xfe, 0xff, 0xff, 0xff, 0xfe, 0xff, 0xff, 0xff, 0xfe, 0xff, 0xff, 
    0xff, 0xfe, 0xff, 0xff, 0xff, 0xfe, 0xff, 0xff, 0xff, 0xfe, 0xff, 0xff, 0xff, 
    0xfe, 0xff, 0xff, 0xff, 0xfe, 0xff, 0xff, 0xff, 0xfe, 0xff, 0xff, 0xff, 0xfe, 
    0xff, 0xff, 0xff, 0xfe, 0xff, 0xff, 0xff, 0xfe, 0xff, 0xff, 0xff, 0xfe, 0xff, 
    0xff, 0xff, 0xfe, 0xff, 0xff, 0xff, 0xfe, 0xff, 0xff, 0xff, 0xfe, 0xff, 0xff, 
    0xff, 0xfe, 0xff, 0xff, 0xff, 0xfe, 0xff, 0xff, 0xff, 0xfe, 0xff, 0xff, 0xff, 
    0xfe, 0xff, 0xff, 0xff, 0xfe, 0xff, 0xff, 0xff, 0xfe, 0xff, 0xff, 0xff, 0xfe, 
    0xff, 0xff, 0xff, 0xfe, 0xff, 0xff, 0xff, 0xfe, 0xff, 0xff, 0xff, 0xfe, 0xff, 
    0xff, 0xff, 0xfe, 0xff, 0xff, 0xff, 0xfe, 0xff, 0xff, 0xff, 0xfe, 0xff, 0xff, 
    0xff, 0xfe, 0xff, 0xff, 0xff, 0xfe, 0xff, 0xff, 0xff, 0xfe, 0xff, 0xff, 0xff, 
    0xfe, 0xff, 0xff, 0xff, 0xfe, 0xff, 0xff, 0xff, 0xfe, 0xff, 0xff, 0xff, 0xfe, 
    0xff, 0xff, 0xff, 0xfe, 0xff, 0xff, 0xff, 0xfe, 0xff, 0xff, 0xff, 0xfe, 0xff, 
    0xff, 0xff, 0xfe, 0xff, 0xff, 0xff, 0xfe, 0xff, 0xff, 0xff, 0xfe, 0xff, 0xff, 
    0xff, 0xfe, 0xff, 0xff, 0xff, 0xfe, 0xff, 0xff, 0xff, 0xfe, 0xff, 0xff, 0xff, 
    0xfe, 0xff, 0xff, 0xff, 0xff, 0xff, 0xff, 0xff, 0xff, 0xff, 0xff, 0xff, 0xfe, 
    0xff, 0xff, 0xff, 0xfe, 0xff, 0xff, 0xff, 0xfe, 0xff, 0xff, 0xff, 0xfe, 0xff, 
    0xff, 0xff, 0xff, 0xff, 0xff, 0xff, 0xfe, 0xff, 0xff, 0xff, 0xfe, 0xff, 0xff, 
    0xff, 0xfe, 0xff, 0xff, 0xff, 0xfe, 0xff, 0xff, 0xff, 0xfe, 0xff, 0xff, 0xff, 
    0xfe, 0xff, 0xff, 0xff, 0xfe, 0xff, 0xff, 0xff, 0xfe, 0xff, 0xff, 0xff, 0xfe, 
    0xff, 0xff, 0xff, 0xfe, 0xff, 0xff, 0xff, 0xff, 0xff, 0xff, 0xff, 0xff, 0xff, 
    0xff, 0xff, 0xff, 0xff, 0xff, 0xff, 0xff, 0xff, 0xff, 0xff, 0xfe, 0xff, 0xff, 
    0xff, 0xfe, 0xff, 0xff, 0xff, 0xfe, 0xff, 0xff, 0xff, 0xfe, 0xff, 0xff, 0xff, 
    0xfe, 0xff, 0xff, 0xff, 0xfe, 0xff, 0xff, 0xff, 0xfe, 0xff, 0xff, 0xff, 0xfe, 
    0xff, 0xff, 0xff, 0xfe, 0xff, 0xff, 0xff, 0xfe, 0xff, 0xff, 0xff, 0xfe, 0xff, 
    0xff, 0xff, 0xff, 0xff, 0xff, 0xff, 0xff, 0xff, 0xff, 0xff, 0xfe, 0xff, 0xff, 
    0xff, 0xfe, 0xff, 0xff, 0xff, 0xff, 0xff, 0xff, 0xff, 0xfe, 0xff, 0xff, 0xff, 
    0xfe, 0xff, 0xff, 0xff, 0xff, 0xff, 0xff, 0xff, 0xfe, 0xff, 0xff, 0xff, 0xfe, 
    0xff, 0xff, 0xff, 0xfe, 0xff, 0xff, 0xff, 0xfe, 0xff, 0xff, 0xff, 0xfe, 0xff, 
    0xff, 0xff, 0xff, 0xff, 0xff, 0xff, 0xff, 0xff, 0xff, 0xff, 0xfe, 0xff, 0xff, 
    0xff, 0xfe, 0xff, 0xff, 0xff, 0xfe, 0xff, 0xff, 0xff, 0xfe, 0xff, 0xff, 0xff, 
    0xfe, 0xff, 0xff, 0xff, 0xff, 0xff, 0xff, 0xff, 0xfe, 0xff, 0xff, 0xff, 0xfe, 
    0xff, 0xff, 0xff, 0xfe, 0xff, 0xff, 0xff, 0xff, 0xff, 0xff, 0xff, 0xfe, 0xff, 
    0xff, 0xff, 0xfe, 0xff, 0xff, 0xff, 0xff, 0xff, 0xff, 0xff, 0xfe, 0xff, 0xff, 
    0xff, 0xfe, 0xff, 0xff, 0xff, 0xfe, 0xff, 0xff, 0xff, 0xfe, 0xff, 0xff, 0xff, 
    0xfe, 0xff, 0xff, 0xff, 0xff, 0xff, 0xff, 0xff, 0xfe, 0xff, 0xff, 0xff, 0xfe, 
    0xff, 0xff, 0xff, 0xfe, 0xff, 0xff, 0xff, 0xff, 0xff, 0xff, 0xff, 0xff, 0xff, 
    0xff, 0xff, 0xfe, 0xff, 0xff, 0xff, 0xfe, 0xff, 0xff, 0xff, 0xfe, 0xff, 0xff, 
    0xff, 0xfe, 0xff, 0xff, 0xff, 0xfe, 0xff, 0xff, 0xff, 0xff, 0xff, 0xff, 0xff, 
    0xfe, 0xff, 0xff, 0xff, 0xff, 0xff, 0xff, 0xff, 0xfe, 0xff, 0xff, 0xff, 0xfe, 
    0xff, 0xff, 0xff, 0xfe, 0xff, 0xff, 0xff, 0xff, 0xff, 0xff, 0xff, 0xff, 0xff, 
    0xff, 0xff, 0xfe, 0xff, 0xff, 0xff, 0xfe, 0xff, 0xff, 0xff, 0xfe, 0xff, 0xff, 
    0xff, 0xfe, 0xff, 0xff, 0xff, 0xfe, 0xff, 0xff, 0xff, 0xfe, 0xff, 0xff, 0xff, 
    0xfe, 0xff, 0xff, 0xff, 0xff, 0xff, 0xff, 0xff, 0xff, 0xff, 0xff, 0xff, 0xfe, 
    0xff, 0xff, 0xff, 0xfe, 0xff, 0xff, 0xff, 0xff, 0xff, 0xff, 0xff, 0xfe, 0xff, 
    0xff, 0xff, 0xfe, 0xff, 0xff, 0xff, 0xff, 0xff, 0xff, 0xff, 0xff, 0xff, 0xff, 
    0xff, 0xfe, 0xff, 0xff, 0xff, 0xfe, 0xff, 0xff, 0xff, 0xff, 0xff, 0xff, 0xff, 
    0xfe, 0xff, 0xff, 0xff, 0xfe, 0xff, 0xff, 0xff, 0xff, 0xff, 0xff, 0xff, 0xfe, 
    0xff, 0xff, 0xff, 0xfe, 0xff, 0xff, 0xff, 0xff, 0xff, 0xff, 0xff, 0xfe, 0xff, 
    0xff, 0xff, 0xff, 0xff, 0xff, 0xff, 0xff, 0xff, 0xff, 0xff, 0xfe, 0xff, 0xff, 
    0xff, 0xfe, 0xff, 0xff, 0xff, 0xfe, 0xff, 0xff, 0xff, 0xfe, 0xff, 0xff, 0xff, 
    0xfe, 0xff, 0xff, 0xff, 0xfe, 0xff, 0xff, 0xff, 0xff, 0xff, 0xff, 0xff, 0xfe, 
    0xff, 0xff, 0xff, 0xff, 0xff, 0xff, 0xff, 0xff, 0xff, 0xff, 0xff, 0xfe, 0xff, 
    0xff, 0xff, 0xfe, 0xff, 0xff, 0xff, 0xfe, 0xff, 0xff, 0xff, 0xfe, 0xff, 0xff, 
    0xff, 0xfe, 0xff, 0xff, 0xff, 0xfe, 0xff, 0xff, 0xff, 0xfe, 0xff, 0xff, 0xff, 
    0xff, 0xff, 0xff, 0xff, 0xfe, 0xff, 0xff, 0xff, 0xfe, 0xff, 0xff, 0xff, 0xfe, 
    0xff, 0xff, 0xff, 0xfe, 0xff, 0xff, 0xff, 0xfe, 0xff, 0xff, 0xff, 0xfe, 0xff, 
    0xff, 0xff, 0xfe, 0xff, 0xff, 0xff, 0xfe, 0xff, 0xff, 0xff, 0xfe, 0xff, 0xff, 
    0xff, 0xfe, 0xff, 0xff, 0xff, 0xfe, 0xff, 0xff, 0xff, 0xfe, 0xff, 0xff, 0xff, 
    0xfe, 0xff, 0xff, 0xff, 0xfe, 0xff, 0xff, 0xff, 0xfe, 0xff, 0xff, 0xff, 0xff, 
    0xff, 0xff, 0xff, 0xfd, 0xff, 0xff, 0xff, 0xfc, 0xff, 0xfe, 0xff, 0xfe, 0xff, 
    0xff, 0xff, 0xfe, 0xff, 0xff, 0xff, 0xfe, 0xff, 0xff, 0xff, 0xfe, 0xff, 0xff, 
    0xff, 0xfe, 0xff, 0xff, 0xff, 0xfe, 0xff, 0xff, 0xff, 0xfe, 0xff, 0xff, 0xff, 
    0xff, 0xff, 0xff, 0xff, 0xfe, 0xff, 0xff, 0xff, 0xfe, 0xff, 0xff, 0xff, 0xfe, 
    0xff, 0xff, 0xff, 0xfe, 0xff, 0xff, 0xff, 0xfe, 0xff, 0xff, 0xff, 0xfd, 0xff, 
    0xfe, 0xff, 0xfc, 0xfe, 0xfe, 0xff, 0xfd, 0xff, 0xfe, 0xff, 0xfd, 0xff, 0xfe, 
    0xff, 0xfd, 0xff, 0xff, 0xff, 0xfd, 0xff, 0xff, 0xff, 0xfd, 0xff, 0xff, 0xff, 
    0xfe, 0xff, 0xfe, 0xff, 0xfe, 0xff, 0xff, 0xff, 0xfe, 0xff, 0xff, 0xff, 0xfe, 
    0xff, 0xff, 0xff, 0xfe, 0xff, 0xff, 0xff, 0xfe, 0xff, 0xff, 0xff, 0xfe, 0xff, 
    0xff, 0xff, 0xff, 0xff, 0xff, 0xff, 0xfe, 0xff, 0xff, 0xff, 0xfe, 0xff, 0xff, 
    0xff, 0xfe, 0xff, 0xff, 0xff, 0xfe, 0xff, 0xff, 0xff, 0xfd, 0xff, 0xff, 0xff, 
    0xfe, 0xff, 0xff, 0xff, 0xfe, 0xff, 0xff, 0xff, 0xfe, 0xff, 0xff, 0xff, 0xfe, 
    0xff, 0xff, 0xff, 0xfe, 0xff, 0xff, 0xff, 0xfe, 0xff, 0xff, 0xff, 0xfe, 0xff, 
    0xff, 0xff, 0xfe, 0xff, 0xff, 0xff, 0xfe, 0xff, 0xff, 0xff, 0xfe, 0xff, 0xff, 
    0xff, 0xfd, 0xff, 0xff, 0xff, 0xfd, 0xff, 0xfe, 0xff, 0xfd, 0xff, 0xff, 0xff, 
    0xfe, 0xff, 0xff, 0xff, 0xff, 0xff, 0xff, 0xff, 0xfe, 0xff, 0xff, 0xff, 0xfe, 
    0xff, 0xff, 0xff, 0xfe, 0xff, 0xff, 0xff, 0xfe, 0xff, 0xff, 0xff, 0xfd, 0xff, 
    0xff, 0xff, 0xfd, 0xff, 0xff, 0xff, 0xfe, 0xff, 0xff, 0xff, 0xfe, 0xff, 0xff, 
    0xff, 0xfe, 0xff, 0xff, 0xff, 0xfe, 0xff, 0xff, 0xff, 0xfe, 0xff, 0xff, 0xff, 
    0xfd, 0xff, 0xff, 0xff, 0xfe, 0xff, 0xff, 0xff, 0xfe, 0xff, 0xff, 0xff, 0xfe, 
    0xff, 0xff, 0xff, 0xfe, 0xff, 0xff, 0xff, 0xfd, 0xff, 0xff, 0xff, 0xfd, 0xff, 
    0xff, 0xff, 0xfe, 0xff, 0xff, 0xff, 0xfe, 0xff, 0xff, 0xff, 0xfe, 0xff, 0xff, 
    0xff, 0xff, 0xff, 0xff, 0xff, 0xfe, 0xff, 0xff, 0xff, 0xfd, 0xff, 0xff, 0xff, 
    0xfe, 0xff, 0xff, 0xff, 0xfe, 0xff, 0xff, 0xff, 0xfe, 0xff, 0xff, 0xff, 0xfe, 
    0xff, 0xff, 0xff, 0xfe, 0xff, 0xff, 0xff, 0xfd, 0xff, 0xff, 0xff, 0xfc, 0xff, 
    0xfe, 0xff, 0xfd, 0xff, 0xfe, 0xff, 0xfd, 0xff, 0xfe, 0xff, 0xfd, 0xff, 0xff, 
    0xff, 0xfd, 0xff, 0xff, 0xff, 0xfc, 0xff, 0xff, 0xff, 0xfe, 0xff, 0xff, 0xff, 
    0xfe, 0xff, 0xff, 0xff, 0xff, 0xff, 0xff, 0xff, 0xfe, 0xff, 0xff, 0xff, 0xfe, 
    0xff, 0xff, 0xff, 0xfe, 0xff, 0xff, 0xff, 0xfe, 0xff, 0xff, 0xff, 0xfe, 0xff, 
    0xff, 0xff, 0xff, 0xff, 0xff, 0xff, 0xff, 0xff, 0xff, 0xff, 0xfe, 0xff, 0xff, 
    0xff, 0xfe, 0xff, 0xff, 0xff, 0xfd, 0xff, 0xff, 0xff, 0xfc, 0xff, 0xfe, 0xff, 
    0xfc, 0xfe, 0xfe, 0xff, 0xfe, 0xff, 0xff, 0xff, 0xfc, 0xff, 0xfe, 0xff, 0xfd, 
    0xff, 0xff, 0xff, 0xfe, 0xff, 0xff, 0xff, 0xfd, 0xff, 0xff, 0xff, 0xfd, 0xff, 
    0xfe, 0xff, 0xfd, 0xff, 0xfe, 0xff, 0xfd, 0xfe, 0xfe, 0xff, 0xfc, 0xff, 0xfe, 
    0xff, 0xfc, 0xfe, 0xfe, 0xff, 0xfc, 0xff, 0xfe, 0xff, 0xfc, 0xfe, 0xfe, 0xff, 
    0xfd, 0xff, 0xfe, 0xff, 0xfe, 0xff, 0xff, 0xff, 0xfd, 0xff, 0xff, 0xff, 0xfd, 
    0xff, 0xff, 0xff, 0xfd, 0xff, 0xfe, 0xff, 0xfd, 0xff, 0xfe, 0xff, 0xfd, 0xff, 
    0xff, 0xff, 0xfd, 0xff, 0xff, 0xff, 0xfd, 0xff, 0xfe, 0xff, 0xfc, 0xff, 0xfe, 
    0xff, 0xfc, 0xff, 0xfe, 0xff, 0xfc, 0xff, 0xfe, 0xff, 0xfd, 0xff, 0xfe, 0xff, 
    0xfe, 0xff, 0xff, 0xff, 0xfe, 0xff, 0xff, 0xff, 0xfc, 0xff, 0xfe, 0xff, 0xfd, 
    0xff, 0xff, 0xff, 0xfd, 0xff, 0xfe, 0xff, 0xfc, 0xff, 0xfe, 0xff, 0xfd, 0xfe, 
    0xfe, 0xff, 0xfc, 0xff, 0xfe, 0xff, 0xfc, 0xff, 0xfe, 0xff, 0xfc, 0xfe, 0xfe, 
    0xff, 0xfc, 0xfe, 0xfe, 0xff, 0xfc, 0xfe, 0xfe, 0xff, 0xfc, 0xff, 0xfe, 0xff, 
    0xfb, 0xfe, 0xfe, 0xff, 0xfb, 0xfe, 0xfe, 0xff, 0xfb, 0xfe, 0xfe, 0xff, 0xfc, 
    0xff, 0xfe, 0xff, 0xfb, 0xff, 0xfe, 0xff, 0xfc, 0xff, 0xfe, 0xff, 0xfe, 0xff, 
    0xff, 0xff, 0xfd, 0xff, 0xff, 0xff, 0xfd, 0xfe, 0xff, 0xff, 0xfc, 0xff, 0xfe, 
    0xff, 0xfc, 0xff, 0xfe, 0xff, 0xfd, 0xff, 0xff, 0xff, 0xfd, 0xff, 0xff, 0xff, 
    0xfd, 0xff, 0xfe, 0xff, 0xfc, 0xfe, 0xfe, 0xff, 0xfc, 0xfe, 0xfe, 0xff, 0xfb, 
    0xfe, 0xfe, 0xff, 0xfc, 0xfe, 0xfe, 0xff, 0xfb, 0xfe, 0xfe, 0xff, 0xfd, 0xff, 
    0xff, 0xff, 0xfe, 0xff, 0xff, 0xff, 0xfe, 0xff, 0xff, 0xff, 0xfd, 0xff, 0xff, 
    0xff, 0xfe, 0xff, 0xff, 0xff, 0xfd, 0xff, 0xfe, 0xff, 0xfc, 0xff, 0xfe, 0xff, 
    0xfd, 0xff, 0xfe, 0xff, 0xfc, 0xff, 0xfe, 0xff, 0xfd, 0xff, 0xfe, 0xff, 0xfd, 
    0xff, 0xff, 0xff, 0xfd, 0xff, 0xfe, 0xff, 0xfd, 0xff, 0xff, 0xff, 0xfe, 0xff, 
    0xff, 0xff, 0xfd, 0xff, 0xff, 0xff, 0xfc, 0xfe, 0xfe, 0xff, 0xfb, 0xfe, 0xfe, 
    0xff, 0xfa, 0xff, 0xfe, 0xff, 0xfb, 0xff, 0xfe, 0xff, 0xfc, 0xfe, 0xfe, 0xff, 
    0xfc, 0xfe, 0xfe, 0xff, 0xfc, 0xff, 0xfe, 0xff, 0xfd, 0xff, 0xfe, 0xff, 0xfc, 
    0xff, 0xfe, 0xff, 0xfc, 0xff, 0xfe, 0xff, 0xfc, 0xfe, 0xfe, 0xff, 0xfd, 0xfe, 
    0xfe, 0xff, 0xfc, 0xfe, 0xfe, 0xff, 0xfb, 0xff, 0xfe, 0xff, 0xfb, 0xfe, 0xfe, 
    0xff, 0xfc, 0xff, 0xfe, 0xff, 0xfc, 0xfe, 0xfe, 0xff, 0xfc, 0xff, 0xfe, 0xff, 
    0xfd, 0xff, 0xfe, 0xff, 0xfb, 0xff, 0xfe, 0xff, 0xfa, 0xff, 0xfe, 0xff, 0xfa, 
    0xff, 0xfe, 0xff, 0xfb, 0xfe, 0xfe, 0xff, 0xfc, 0xff, 0xfe, 0xff, 0xfc, 0xff, 
    0xfe, 0xff, 0xfb, 0xff, 0xfe, 0xff, 0xfb, 0xff, 0xfe, 0xff, 0xfc, 0xfe, 0xfe, 
    0xff, 0xfb, 0xff, 0xfe, 0xff, 0xfc, 0xfe, 0xfe, 0xff, 0xfb, 0xff, 0xfe, 0xff, 
    0xfb, 0xfe, 0xfe, 0xff, 0xfa, 0xff, 0xfe, 0xff, 0xfc, 0xff, 0xfe, 0xff, 0xfd, 
    0xff, 0xfe, 0xff, 0xfd, 0xff, 0xff, 0xff, 0xfc, 0xff, 0xfe, 0xff, 0xfd, 0xff, 
    0xfe, 0xff, 0xfe, 0xff, 0xff, 0xff, 0xfe, 0xff, 0xff, 0xff, 0xfe, 0xff, 0xff, 
    0xff, 0xff, 0xff, 0xff, 0xff, 0xff, 0xff, 0xff, 0xff, 0xfe, 0xff, 0xff, 0xff, 
    0xff, 0xff, 0xff, 0xff, 0xfe, 0xff, 0xff, 0xff, 0xfc, 0xff, 0xfe, 0xff, 0xfd, 
    0xfe, 0xfe, 0xff, 0xfb, 0xfe, 0xfe, 0xff, 0xfb, 0xfe, 0xfe, 0xff, 0xfd, 0xff, 
    0xff, 0xff, 0xfd, 0xff, 0xfe, 0xff, 0xfb, 0xfe, 0xfe, 0xff, 0xfc, 0xfe, 0xfe, 
    0xff, 0xfd, 0xff, 0xfe, 0xff, 0xfc, 0xff, 0xfe, 0xff, 0xfb, 0xfe, 0xfe, 0xff, 
    0xfc, 0xfe, 0xfe, 0xff, 0xfc, 0xff, 0xfe, 0xff, 0xfd, 0xff, 0xfe, 0xff, 0xfd, 
    0xfe, 0xfe, 0xff, 0xfd, 0xff, 0xff, 0xff, 0xfd, 0xfe, 0xfe, 0xff, 0xfe, 0xff, 
    0xff, 0xff, 0xfe, 0xff, 0xff, 0xff, 0xfd, 0xfe, 0xfe, 0xff, 0xfb, 0xfe, 0xfe, 
    0xff, 0xfb, 0xff, 0xfe, 0xff, 0xfc, 0xfe, 0xfe, 0xff, 0xfb, 0xfe, 0xfe, 0xff, 
    0xfb, 0xff, 0xfe, 0xff, 0xfa, 0xff, 0xfe, 0xff, 0xfc, 0xff, 0xfe, 0xff, 0xfd, 
    0xff, 0xfe, 0xff, 0xfe, 0xff, 0xff, 0xff, 0xfe, 0xff, 0xff, 0xff, 0xfc, 0xfe, 
    0xfe, 0xff, 0xfc, 0xfe, 0xfe, 0xff, 0xfc, 0xff, 0xfe, 0xff, 0xfc, 0xff, 0xfe, 
    0xff, 0xfc, 0xff, 0xfe, 0xff, 0xfd, 0xff, 0xfe, 0xff, 0xfd, 0xff, 0xff, 0xff, 
    0xfc, 0xfe, 0xfe, 0xff, 0xfc, 0xfe, 0xfe, 0xff, 0xfc, 0xfe, 0xfe, 0xff, 0xfc, 
    0xfe, 0xfe, 0xff, 0xfc, 0xfe, 0xfe, 0xff, 0xfc, 0xfe, 0xfe, 0xff, 0xfc, 0xff, 
    0xfe, 0xff, 0xfd, 0xff, 0xff, 0xff, 0xfd, 0xff, 0xfe, 0xff, 0xfe, 0xff, 0xff, 
    0xff, 0xfd, 0xff, 0xff, 0xff, 0xfd, 0xff, 0xff, 0xff, 0xfe, 0xff, 0xff, 0xff, 
    0xfe, 0xff, 0xff, 0xff, 0xfe, 0xff, 0xff, 0xff, 0xfe, 0xff, 0xff, 0xff, 0xfd, 
    0xfe, 0xfe, 0xff, 0xfc, 0xfe, 0xfe, 0xff, 0xfc, 0xfe, 0xfe, 0xff, 0xfb, 0xff, 
    0xfe, 0xff, 0xfc, 0xfe, 0xfe, 0xff, 0xfc, 0xfe, 0xfe, 0xff, 0xfd, 0xff, 0xfe, 
    0xff, 0xfd, 0xff, 0xfe, 0xff, 0xfc, 0xfe, 0xfe, 0xff, 0xfb, 0xfe, 0xfe, 0xff, 
    0xfc, 0xff, 0xfe, 0xff, 0xfd, 0xff, 0xff, 0xff, 0xfd, 0xfe, 0xfe, 0xff, 0xfd, 
    0xff, 0xff, 0xff, 0xfd, 0xfe, 0xff, 0xff, 0xfe, 0xff, 0xff, 0xff, 0xfd, 0xff, 
    0xff, 0xff, 0xfd, 0xff, 0xff, 0xff, 0xfe, 0xff, 0xff, 0xff, 0xfd, 0xfe, 0xfe, 
    0xff, 0xfc, 0xfe, 0xfe, 0xff, 0xfc, 0xfe, 0xfe, 0xff, 0xfb, 0xff, 0xfe, 0xff, 
    0xfa, 0xff, 0xfe, 0xff, 0xfa, 0xff, 0xfe, 0xff, 0xfb, 0xff, 0xfe, 0xff, 0xfb, 
    0xff, 0xfe, 0xff, 0xfc, 0xff, 0xfe, 0xff, 0xfc, 0xfe, 0xfe, 0xff, 0xfc, 0xfe, 
    0xfe, 0xff, 0xfb, 0xff, 0xfe, 0xff, 0xfb, 0xff, 0xfe, 0xff, 0xfb, 0xff, 0xfe, 
    0xff, 0xfb, 0xff, 0xfe, 0xff, 0xfb, 0xff, 0xfe, 0xff, 0xfc, 0xfe, 0xfe, 0xff, 
    0xfb, 0xfe, 0xfe, 0xff, 0xfc, 0xfe, 0xfe, 0xff, 0xfd, 0xfe, 0xfe, 0xff, 0xfc, 
    0xfe, 0xfe, 0xff, 0xfb, 0xff, 0xfe, 0xff, 0xfb, 0xff, 0xfe, 0xff, 0xfb, 0xff, 
    0xfe, 0xff, 0xfb, 0xff, 0xfe, 0xff, 0xfb, 0xfe, 0xfe, 0xff, 0xfb, 0xfe, 0xfe, 
    0xff, 0xfb, 0xfe, 0xfe, 0xff, 0xfb, 0xff, 0xfe, 0xff, 0xfb, 0xfe, 0xfe, 0xff, 
    0xfb, 0xfe, 0xfe, 0xff, 0xfb, 0xff, 0xfe, 0xff, 0xfc, 0xfe, 0xfe, 0xff, 0xfc, 
    0xfe, 0xfe, 0xff, 0xfd, 0xfe, 0xfe, 0xff, 0xfc, 0xfe, 0xfe, 0xff, 0xfc, 0xfe, 
    0xfe, 0xff, 0xfc, 0xff, 0xfe, 0xff, 0xfc, 0xfe, 0xfe, 0xff, 0xfb, 0xff, 0xfe, 
    0xff, 0xfd, 0xff, 0xfe, 0xff, 0xfe, 0xff, 0xff, 0xff, 0xfe, 0xff, 0xff, 0xff, 
    0xff, 0xff, 0xff, 0xff, 0xff, 0xff, 0xff, 0xff, 0xfe, 0xff, 0xff, 0xff, 0xfe, 
    0xff, 0xff, 0xff, 0xfe, 0xff, 0xff, 0xff, 0xfb, 0xff, 0xfe, 0xff, 0xfc, 0xff, 
    0xfe, 0xff, 0xfb, 0xff, 0xfe, 0xff, 0xfb, 0xff, 0xfe, 0xff, 0xfc, 0xff, 0xfe, 
    0xff, 0xfc, 0xfe, 0xfe, 0xff, 0xfb, 0xff, 0xfe, 0xff, 0xfb, 0xfe, 0xfe, 0xff, 
    0xfd, 0xff, 0xfe, 0xff, 0xfd, 0xff, 0xfe, 0xff, 0xfb, 0xff, 0xfe, 0xff, 0xfb, 
    0xff, 0xfe, 0xff, 0xfb, 0xfe, 0xfe, 0xff, 0xfc, 0xfe, 0xfe, 0xff, 0xfc, 0xfe, 
    0xfe, 0xff, 0xfd, 0xff, 0xff, 0xff, 0xfd, 0xfe, 0xfe, 0xff, 0xfc, 0xfe, 0xfe, 
    0xff, 0xfd, 0xff, 0xfe, 0xff, 0xfe, 0xff, 0xff, 0xff, 0xfd, 0xfe, 0xfe, 0xff, 
    0xfd, 0xff, 0xfe, 0xff, 0xfc, 0xff, 0xfe, 0xff, 0xfc, 0xff, 0xfe, 0xff, 0xfb, 
    0xff, 0xfe, 0xff, 0xfb, 0xff, 0xfe, 0xff, 0xfb, 0xff, 0xfe, 0xff, 0xfc, 0xfe, 
    0xfe, 0xff, 0xfd, 0xff, 0xfe, 0xff, 0xff, 0xff, 0xff, 0xff, 0xfc, 0xfe, 0xff, 
    0xff, 0xfb, 0xff, 0xfe, 0xff, 0xfd, 0xff, 0xfe, 0xff, 0xfd, 0xff, 0xff, 0xff, 
    0xfd, 0xff, 0xfe, 0xff, 0xfd, 0xff, 0xff, 0xff, 0xfd, 0xff, 0xfe, 0xff, 0xfc, 
    0xff, 0xfe, 0xff, 0xfc, 0xfe, 0xfe, 0xff, 0xfb, 0xfe, 0xfe, 0xff, 0xfc, 0xff, 
    0xfe, 0xff, 0xfc, 0xfe, 0xfe, 0xff, 0xfc, 0xfe, 0xfe, 0xff, 0xfb, 0xff, 0xfe, 
    0xff, 0xfb, 0xff, 0xfe, 0xff, 0xfc, 0xfe, 0xfe, 0xff, 0xfe, 0xff, 0xff, 0xff, 
    0xfe, 0xff, 0xff, 0xff, 0xfc, 0xfe, 0xfe, 0xff, 0xfd, 0xff, 0xfe, 0xff, 0xfe, 
    0xff, 0xff, 0xff, 0xfe, 0xff, 0xff, 0xff, 0xfd, 0xff, 0xfe, 0xff, 0xfe, 0xff, 
    0xff, 0xff, 0xfb, 0xfe, 0xfe, 0xff, 0xfd, 0xfe, 0xff, 0xff, 0xfc, 0xff, 0xfe, 
    0xff, 0xfc, 0xfe, 0xfe, 0xff, 0xfd, 0xff, 0xfe, 0xff, 0xfd, 0xff, 0xfe, 0xff, 
    0xfd, 0xff, 0xff, 0xff, 0xfd, 0xff, 0xfe, 0xff, 0xfc, 0xfe, 0xfe, 0xff, 0xfb, 
    0xff, 0xfe, 0xff, 0xfc, 0xff, 0xfe, 0xff, 0xfc, 0xfe, 0xfe, 0xff, 0xfd, 0xff, 
    0xfe, 0xff, 0xfd, 0xff, 0xff, 0xff, 0xfd, 0xff, 0xff, 0xff, 0xfd, 0xff, 0xfe, 
    0xff, 0xfd, 0xff, 0xff, 0xff, 0xfd, 0xff, 0xff, 0xff, 0xfd, 0xfe, 0xfe, 0xff, 
    0xfd, 0xff, 0xfe, 0xff, 0xfb, 0xff, 0xfe, 0xff, 0xfa, 0xff, 0xfe, 0xff, 0xfa, 
    0xff, 0xfe, 0xff, 0xfb, 0xff, 0xfe, 0xff, 0xfb, 0xff, 0xfe, 0xff, 0xfb, 0xff, 
    0xfe, 0xff, 0xfb, 0xff, 0xfe, 0xff, 0xfc, 0xfe, 0xfe, 0xff, 0xfb, 0xfe, 0xfe, 
    0xff, 0xfa, 0xff, 0xfe, 0xff, 0xfa, 0xff, 0xfe, 0xff, 0xfa, 0xff, 0xfe, 0xff, 
    0xfb, 0xfe, 0xfe, 0xff, 0xfa, 0xff, 0xfe, 0xff, 0xfc, 0xfe, 0xfe, 0xff, 0xfc, 
    0xfe, 0xfe, 0xff, 0xfc, 0xfe, 0xfe, 0xff, 0xfd, 0xff, 0xfe, 0xff, 0xfd, 0xff, 
    0xff, 0xff, 0xfc, 0xfe, 0xfe, 0xff, 0xfb, 0xfe, 0xfe, 0xff, 0xfb, 0xfe, 0xfe, 
    0xff, 0xfc, 0xff, 0xfe, 0xff, 0xfc, 0xff, 0xfe, 0xff, 0xfc, 0xff, 0xfe, 0xff, 
    0xfc, 0xfe, 0xfe, 0xff, 0xfc, 0xff, 0xfe, 0xff, 0xfc, 0xff, 0xfe, 0xff, 0xfc, 
    0xfe, 0xfe, 0xff, 0xfc, 0xff, 0xfe, 0xff, 0xfc, 0xfe, 0xfe, 0xff, 0xfc, 0xfe, 
    0xfe, 0xff, 0xfd, 0xff, 0xfe, 0xff, 0xfc, 0xfe, 0xfe, 0xff, 0xfc, 0xfe, 0xfe, 
    0xff, 0xfc, 0xfe, 0xfe, 0xff, 0xfc, 0xfe, 0xfe, 0xff, 0xfc, 0xfe, 0xfe, 0xff, 
    0xfc, 0xfe, 0xfe, 0xff, 0xfd, 0xff, 0xff, 0xff, 0xff, 0xff, 0xff, 0xff, 0xff, 
    0xff, 0xff, 0xff, 0xff, 0xff, 0xff, 0xff, 0xfe, 0xff, 0xff, 0xff, 0xfe, 0xff, 
    0xff, 0xff, 0xfe, 0xff, 0xff, 0xff, 0xfc, 0xff, 0xfe, 0xff, 0xfc, 0xff, 0xfe, 
    0xff, 0xfd, 0xff, 0xff, 0xff, 0xfd, 0xfe, 0xfe, 0xff, 0xfc, 0xfe, 0xfe, 0xff, 
    0xfb, 0xfe, 0xfe, 0xff, 0xfc, 0xff, 0xfe, 0xff, 0xfb, 0xff, 0xfe, 0xff, 0xfb, 
    0xff, 0xfe, 0xff, 0xfc, 0xfe, 0xfe, 0xff, 0xfb, 0xff, 0xfe, 0xff, 0xfb, 0xfe, 
    0xfe, 0xff, 0xfb, 0xfe, 0xfe, 0xff, 0xfc, 0xff, 0xfe, 0xff, 0xfb, 0xff, 0xfe, 
    0xff, 0xfc, 0xfe, 0xfe, 0xff, 0xfd, 0xff, 0xfe, 0xff, 0xfd, 0xff, 0xfe, 0xff, 
    0xfc, 0xfe, 0xfe, 0xff, 0xfe, 0xff, 0xff, 0xff, 0xfe, 0xff, 0xff, 0xff, 0xfd, 
    0xfe, 0xff, 0xff, 0xfd, 0xff, 0xff, 0xff, 0xfd, 0xff, 0xff, 0xff, 0xfb, 0xff, 
    0xfe, 0xff, 0xfb, 0xfe, 0xfe, 0xff, 0xfb, 0xff, 0xfe, 0xff, 0xfb, 0xff, 0xfe, 
    0xff, 0xfc, 0xff, 0xfe, 0xff, 0xfe, 0xff, 0xff, 0xff, 0xfb, 0xff, 0xfe, 0xff, 
    0xfb, 0xff, 0xfe, 0xff, 0xfd, 0xff, 0xff, 0xff, 0xfd, 0xff, 0xfe, 0xff, 0xfc, 
    0xff, 0xfe, 0xff, 0xfd, 0xff, 0xfe, 0xff, 0xfb, 0xfe, 0xfe, 0xff, 0xfb, 0xfe, 
    0xfe, 0xff, 0xfb, 0xfe, 0xfe, 0xff, 0xfb, 0xfe, 0xfe, 0xff, 0xfc, 0xff, 0xfe, 
    0xff, 0xfd, 0xff, 0xfe, 0xff, 0xfb, 0xff, 0xfe, 0xff, 0xfb, 0xfe, 0xfe, 0xff, 
    0xfb, 0xff, 0xfe, 0xff, 0xfc, 0xfe, 0xfe, 0xff, 0xfc, 0xfe, 0xfe, 0xff, 0xfd, 
    0xff, 0xff, 0xff, 0xfd, 0xff, 0xff, 0xff, 0xfd, 0xff, 0xff, 0xff, 0xfd, 0xff, 
    0xfe, 0xff, 0xfd, 0xff, 0xfe, 0xff, 0xfd, 0xff, 0xff, 0xff, 0xfc, 0xff, 0xfe, 
    0xff, 0xfd, 0xff, 0xff, 0xff, 0xfd, 0xff, 0xff, 0xff, 0xfc, 0xfe, 0xfe, 0xff, 
    0xfc, 0xfe, 0xfe, 0xff, 0xfd, 0xff, 0xff, 0xff, 0xfc, 0xfe, 0xfe, 0xff, 0xfc, 
    0xfe, 0xfe, 0xff, 0xfc, 0xfe, 0xfe, 0xff, 0xfc, 0xfe, 0xfe, 0xff, 0xfd, 0xff, 
    0xfe, 0xff, 0xfd, 0xff, 0xff, 0xff, 0xfd, 0xff, 0xfe, 0xff, 0xfd, 0xff, 0xff, 
    0xff, 0xfc, 0xff, 0xfe, 0xff, 0xfc, 0xff, 0xfe, 0xff, 0xfd, 0xff, 0xff, 0xff, 
    0xfc, 0xff, 0xfe, 0xff, 0xfc, 0xfe, 0xfe, 0xff, 0xfc, 0xfe, 0xfe, 0xff, 0xfc, 
    0xfe, 0xfe, 0xff, 0xfb, 0xfe, 0xfe, 0xff, 0xfa, 0xff, 0xfe, 0xff, 0xfa, 0xff, 
    0xfe, 0xff, 0xfb, 0xff, 0xfe, 0xff, 0xfc, 0xfe, 0xfe, 0xff, 0xfc, 0xff, 0xfe, 
    0xff, 0xfc, 0xff, 0xfe, 0xff, 0xfb, 0xff, 0xfe, 0xff, 0xfb, 0xff, 0xfe, 0xff, 
    0xfa, 0xff, 0xfe, 0xff, 0xfb, 0xfe, 0xfe, 0xff, 0xfc, 0xfe, 0xfe, 0xff, 0xfb, 
    0xfe, 0xfe, 0xff, 0xfa, 0xff, 0xfe, 0xff, 0xfb, 0xff, 0xfe, 0xff, 0xfc, 0xfe, 
    0xfe, 0xff, 0xfc, 0xfe, 0xfe, 0xff, 0xfe, 0xff, 0xff, 0xff, 0xfe, 0xff, 0xff, 
    0xff, 0xfd, 0xff, 0xff, 0xff, 0xfd, 0xff, 0xff, 0xff, 0xfc, 0xfe, 0xfe, 0xff, 
    0xfc, 0xfe, 0xfe, 0xff, 0xfb, 0xff, 0xfe, 0xff, 0xfb, 0xfe, 0xfe, 0xff, 0xfb, 
    0xff, 0xfe, 0xff, 0xfc, 0xff, 0xfe, 0xff, 0xfc, 0xff, 0xfe, 0xff, 0xfc, 0xfe, 
    0xfe, 0xff, 0xfd, 0xfe, 0xfe, 0xff, 0xfc, 0xff, 0xfe, 0xff, 0xfc, 0xfe, 0xfe, 
    0xff, 0xfc, 0xfe, 0xfe, 0xff, 0xfc, 0xfe, 0xfe, 0xff, 0xfb, 0xfe, 0xfe, 0xff, 
    0xfb, 0xfe, 0xfe, 0xff, 0xfb, 0xff, 0xfe, 0xff, 0xfc, 0xfe, 0xfe, 0xff, 0xfc, 
    0xfe, 0xfe, 0xff, 0xfd, 0xff, 0xfe, 0xff, 0xfe, 0xff, 0xff, 0xff, 0xff, 0xff, 
    0xff, 0xff, 0xff, 0xff, 0xff, 0xff, 0xfe, 0xff, 0xff, 0xff, 0xff, 0xff, 0xff, 
    0xff, 0xfe, 0xff, 0xff, 0xff, 0xfd, 0xff, 0xfe, 0xff, 0xfb, 0xff, 0xfe, 0xff, 
    0xfb, 0xff, 0xfe, 0xff, 0xfb, 0xff, 0xfe, 0xff, 0xfb, 0xff, 0xfe, 0xff, 0xfb, 
    0xff, 0xfe, 0xff, 0xfc, 0xff, 0xfe, 0xff, 0xfc, 0xfe, 0xfe, 0xff, 0xfb, 0xff, 
    0xfe, 0xff, 0xfb, 0xfe, 0xfe, 0xff, 0xfb, 0xfe, 0xfe, 0xff, 0xfc, 0xfe, 0xfe, 
    0xff, 0xfc, 0xff, 0xfe, 0xff, 0xfb, 0xff, 0xfe, 0xff, 0xfc, 0xff, 0xfe, 0xff, 
    0xfc, 0xff, 0xfe, 0xff, 0xfc, 0xfe, 0xfe, 0xff, 0xfd, 0xff, 0xfe, 0xff, 0xfc, 
    0xfe, 0xfe, 0xff, 0xfd, 0xff, 0xfe, 0xff, 0xfe, 0xff, 0xff, 0xff, 0xfb, 0xfe, 
    0xfe, 0xff, 0xfc, 0xff, 0xfe, 0xff, 0xfc, 0xfe, 0xfe, 0xff, 0xfc, 0xfe, 0xfe, 
    0xff, 0xfc, 0xfe, 0xfe, 0xff, 0xfc, 0xfe, 0xfe, 0xff, 0xfa, 0xff, 0xfe, 0xff, 
    0xfc, 0xfe, 0xfe, 0xff, 0xfc, 0xfe, 0xfe, 0xff, 0xfb, 0xff, 0xfe, 0xff, 0xfb, 
    0xfe, 0xfe, 0xff, 0xfb, 0xfe, 0xfe, 0xff, 0xfb, 0xfe, 0xfe, 0xff, 0xfb, 0xfe, 
    0xfe, 0xff, 0xfc, 0xfe, 0xfe, 0xff, 0xfb, 0xff, 0xfe, 0xff, 0xfb, 0xfe, 0xfe, 
    0xff, 0xfb, 0xfe, 0xfe, 0xff, 0xfa, 0xff, 0xfe, 0xff, 0xfa, 0xff, 0xfe, 0xff, 
    0xfb, 0xfe, 0xfe, 0xff, 0xfb, 0xfe, 0xfe, 0xff, 0xfb, 0xfe, 0xfe, 0xff, 0xfc, 
    0xfe, 0xfe, 0xff, 0xfb, 0xff, 0xfe, 0xff, 0xfc, 0xff, 0xfe, 0xff, 0xfd, 0xff, 
    0xff, 0xff, 0xfd, 0xff, 0xff, 0xff, 0xfe, 0xff, 0xff, 0xff, 0xfd, 0xff, 0xfe, 
    0xff, 0xfd, 0xff, 0xfe, 0xff, 0xfd, 0xff, 0xfe, 0xff, 0xfc, 0xfe, 0xfe, 0xff, 
    0xfd, 0xff, 0xfe, 0xff, 0xfd, 0xff, 0xff, 0xff, 0xfc, 0xfe, 0xfe, 0xff, 0xfb, 
    0xff, 0xfe, 0xff, 0xfc, 0xfe, 0xfe, 0xff, 0xfc, 0xfe, 0xfe, 0xff, 0xfc, 0xfe, 
    0xfe, 0xff, 0xfc, 0xff, 0xfe, 0xff, 0xfc, 0xfe, 0xfe, 0xff, 0xfb, 0xfe, 0xfe, 
    0xff, 0xfb, 0xfe, 0xfe, 0xff, 0xfb, 0xfe, 0xfe, 0xff, 0xfd, 0xff, 0xff, 0xff, 
    0xfe, 0xff, 0xff, 0xff, 0xfc, 0xfe, 0xfe, 0xff, 0xfb, 0xfe, 0xfe, 0xff, 0xfd, 
    0xfe, 0xfe, 0xff, 0xfd, 0xfe, 0xfe, 0xff, 0xfc, 0xfe, 0xfe, 0xff, 0xfc, 0xfe, 
    0xfe, 0xff, 0xfc, 0xff, 0xfe, 0xff, 0xfb, 0xff, 0xfe, 0xff, 0xfb, 0xff, 0xfe, 
    0xff, 0xfc, 0xff, 0xfe, 0xff, 0xfc, 0xfe, 0xfe, 0xff, 0xfc, 0xff, 0xfe, 0xff, 
    0xfc, 0xfe, 0xfe, 0xff, 0xfc, 0xfe, 0xfe, 0xff, 0xfb, 0xff, 0xfe, 0xff, 0xfb, 
    0xff, 0xfe, 0xff, 0xfb, 0xff, 0xfe, 0xff, 0xfc, 0xfe, 0xfe, 0xff, 0xfc, 0xfe, 
    0xfe, 0xff, 0xfb, 0xfe, 0xfe, 0xff, 0xfc, 0xfe, 0xfe, 0xff, 0xfe, 0xff, 0xff, 
    0xff, 0xfe, 0xff, 0xff, 0xff, 0xfe, 0xff, 0xff, 0xff, 0xfd, 0xff, 0xff, 0xff, 
    0xfc, 0xfe, 0xfe, 0xff, 0xfc, 0xfe, 0xfe, 0xff, 0xfc, 0xfe, 0xfe, 0xff, 0xfb, 
    0xff, 0xfe, 0xff, 0xfb, 0xff, 0xfe, 0xff, 0xfb, 0xff, 0xfe, 0xff, 0xfa, 0xff, 
    0xfe, 0xff, 0xfa, 0xff, 0xfe, 0xff, 0xfb, 0xfe, 0xfe, 0xff, 0xfb, 0xfe, 0xfe, 
    0xff, 0xfc, 0xfe, 0xfe, 0xff, 0xfb, 0xff, 0xfe, 0xff, 0xfc, 0xfe, 0xfe, 0xff, 
    0xfc, 0xfe, 0xfe, 0xff, 0xfb, 0xfe, 0xfe, 0xff, 0xfb, 0xff, 0xfe, 0xff, 0xfc, 
    0xfe, 0xfe, 0xff, 0xfb, 0xfe, 0xfe, 0xff, 0xfc, 0xff, 0xfe, 0xff, 0xfc, 0xff, 
    0xfe, 0xff, 0xfe, 0xff, 0xff, 0xff, 0xfe, 0xff, 0xff, 0xff, 0xff, 0xff, 0xff, 
    0xff, 0xff, 0xff, 0xff, 0xff, 0xfe, 0xff, 0xff, 0xff, 0xfe, 0xff, 0xff, 0xff, 
    0xfc, 0xff, 0xfe, 0xff, 0xfb, 0xff, 0xfe, 0xff, 0xfb, 0xff, 0xfe, 0xff, 0xfb, 
    0xff, 0xfe, 0xff, 0xfb, 0xff, 0xfe, 0xff, 0xfb, 0xfe, 0xfe, 0xff, 0xfb, 0xfe, 
    0xfe, 0xff, 0xfc, 0xff, 0xfe, 0xff, 0xfc, 0xff, 0xfe, 0xff, 0xfc, 0xfe, 0xfe, 
    0xff, 0xfb, 0xfe, 0xfe, 0xff, 0xfb, 0xfe, 0xfe, 0xff, 0xfc, 0xfe, 0xfe, 0xff, 
    0xfc, 0xff, 0xfe, 0xff, 0xfb, 0xfe, 0xfe, 0xff, 0xfb, 0xfe, 0xfe, 0xff, 0xfb, 
    0xff, 0xfe, 0xff, 0xfb, 0xfe, 0xfe, 0xff, 0xfb, 0xff, 0xfe, 0xff, 0xfb, 0xff, 
    0xfe, 0xff, 0xfc, 0xff, 0xfe, 0xff, 0xfb, 0xff, 0xfe, 0xff, 0xfa, 0xff, 0xfe, 
    0xff, 0xfa, 0xff, 0xfe, 0xff, 0xfc, 0xfe, 0xfe, 0xff, 0xfc, 0xfe, 0xfe, 0xff, 
    0xfb, 0xff, 0xfe, 0xff, 0xfc, 0xff, 0xfe, 0xff, 0xfd, 0xff, 0xfe, 0xff, 0xfc, 
    0xfe, 0xfe, 0xff, 0xfc, 0xfe, 0xfe, 0xff, 0xfd, 0xff, 0xfe, 0xff, 0xfd, 0xff, 
    0xff, 0xff, 0xfb, 0xff, 0xfe, 0xff, 0xfb, 0xff, 0xfe, 0xff, 0xfb, 0xfe, 0xfe, 
    0xff, 0xfb, 0xfe, 0xfe, 0xff, 0xfc, 0xfe, 0xfe, 0xff, 0xfc, 0xfe, 0xfe, 0xff, 
    0xfd, 0xff, 0xfe, 0xff, 0xfb, 0xfe, 0xfe, 0xff, 0xfb, 0xfe, 0xfe, 0xff, 0xfb, 
    0xff, 0xfe, 0xff, 0xfb, 0xff, 0xfe, 0xff, 0xfc, 0xfe, 0xfe, 0xff, 0xfc, 0xff, 
    0xfe, 0xff, 0xfd, 0xff, 0xff, 0xff, 0xfd, 0xff, 0xff, 0xff, 0xfc, 0xff, 0xff, 
    0xff, 0xfb, 0xff, 0xfe, 0xff, 0xfc, 0xff, 0xfe, 0xff, 0xfd, 0xff, 0xfe, 0xff, 
    0xfd, 0xff, 0xff, 0xff, 0xfe, 0xff, 0xff, 0xff, 0xfd, 0xfe, 0xff, 0xff, 0xfb, 
    0xff, 0xfe, 0xff, 0xfb, 0xff, 0xfe, 0xff, 0xfc, 0xff, 0xfe, 0xff, 0xfc, 0xfe, 
    0xfe, 0xff, 0xfc, 0xfe, 0xfe, 0xff, 0xfc, 0xfe, 0xfe, 0xff, 0xfc, 0xfe, 0xfe, 
    0xff, 0xfb, 0xff, 0xfe, 0xff, 0xfc, 0xff, 0xfe, 0xff, 0xfe, 0xff, 0xff, 0xff, 
    0xfd, 0xff, 0xfe, 0xff, 0xfb, 0xfe, 0xfe, 0xff, 0xfb, 0xff, 0xfe, 0xff, 0xfd, 
    0xff, 0xff, 0xff, 0xfd, 0xff, 0xff, 0xff, 0xfc, 0xfe, 0xfe, 0xff, 0xfc, 0xfe, 
    0xfe, 0xff, 0xfc, 0xfe, 0xfe, 0xff, 0xfc, 0xfe, 0xfe, 0xff, 0xfb, 0xfe, 0xfe, 
    0xff, 0xfd, 0xff, 0xff, 0xff, 0xfd, 0xff, 0xff, 0xff, 0xfd, 0xfe, 0xfe, 0xff, 
    0xfd, 0xff, 0xff, 0xff, 0xfc, 0xfe, 0xfe, 0xff, 0xfe, 0xff, 0xff, 0xff, 0xfd, 
    0xff, 0xff, 0xff, 0xfc, 0xfe, 0xfe, 0xff, 0xfb, 0xfe, 0xfe, 0xff, 0xfb, 0xff, 
    0xfe, 0xff, 0xfb, 0xff, 0xfe, 0xff, 0xfb, 0xff, 0xfe, 0xff, 0xfb, 0xfe, 0xfe, 
    0xff, 0xfb, 0xff, 0xfe, 0xff, 0xfb, 0xfe, 0xfe, 0xff, 0xfd, 0xff, 0xfe, 0xff, 
    0xfe, 0xff, 0xff, 0xff, 0xfe, 0xff, 0xff, 0xff, 0xfe, 0xff, 0xff, 0xff, 0xfd, 
    0xff, 0xff, 0xff, 0xfc, 0xfe, 0xfe, 0xff, 0xfc, 0xfe, 0xfe, 0xff, 0xfb, 0xff, 
    0xfe, 0xff, 0xfa, 0xff, 0xfe, 0xff, 0xfa, 0xff, 0xfe, 0xff, 0xfb, 0xfe, 0xfe, 
    0xff, 0xfb, 0xff, 0xfe, 0xff, 0xfb, 0xfe, 0xfe, 0xff, 0xfb, 0xfe, 0xfe, 0xff, 
    0xfb, 0xff, 0xfe, 0xff, 0xfb, 0xff, 0xfe, 0xff, 0xfa, 0xff, 0xfe, 0xff, 0xfb, 
    0xff, 0xfe, 0xff, 0xfb, 0xff, 0xfe, 0xff, 0xfb, 0xfe, 0xfe, 0xff, 0xfd, 0xff, 
    0xfe, 0xff, 0xfe, 0xff, 0xff, 0xff, 0xfe, 0xff, 0xff, 0xff, 0xfe, 0xff, 0xff, 
    0xff, 0xfe, 0xff, 0xff, 0xff, 0xfe, 0xff, 0xff, 0xff, 0xff, 0xff, 0xff, 0xff, 
    0xff, 0xff, 0xff, 0xff, 0xfe, 0xff, 0xff, 0xff, 0xfe, 0xff, 0xff, 0xff, 0xfd, 
    0xff, 0xff, 0xff, 0xfb, 0xff, 0xfe, 0xff, 0xfb, 0xff, 0xfe, 0xff, 0xfb, 0xff, 
    0xfe, 0xff, 0xfb, 0xff, 0xfe, 0xff, 0xfb, 0xff, 0xfe, 0xff, 0xfb, 0xfe, 0xfe, 
    0xff, 0xfb, 0xff, 0xfe, 0xff, 0xfa, 0xff, 0xfe, 0xff, 0xfb, 0xff, 0xfe, 0xff, 
    0xfb, 0xff, 0xfe, 0xff, 0xfb, 0xff, 0xfe, 0xff, 0xfc, 0xff, 0xfe, 0xff, 0xfb, 
    0xff, 0xfe, 0xff, 0xfb, 0xff, 0xfe, 0xff, 0xfa, 0xff, 0xfe, 0xff, 0xfb, 0xff, 
    0xfe, 0xff, 0xfb, 0xfe, 0xfe, 0xff, 0xfa, 0xff, 0xfe, 0xff, 0xfd, 0xff, 0xff, 
    0xff, 0xfd, 0xff, 0xff, 0xff, 0xfc, 0xfe, 0xfe, 0xff, 0xfc, 0xff, 0xfe, 0xff, 
    0xfc, 0xfe, 0xfe, 0xff, 0xfd, 0xff, 0xff, 0xff, 0xfd, 0xff, 0xff, 0xff, 0xfc, 
    0xfe, 0xfe, 0xff, 0xfb, 0xff, 0xfe, 0xff, 0xfd, 0xff, 0xfe, 0xff, 0xfd, 0xff, 
    0xff, 0xff, 0xfd, 0xfe, 0xfe, 0xff, 0xfd, 0xfe, 0xfe, 0xff, 0xfd, 0xff, 0xfe, 
    0xff, 0xfb, 0xff, 0xfe, 0xff, 0xfb, 0xff, 0xfe, 0xff, 0xfb, 0xff, 0xfe, 0xff, 
    0xfb, 0xff, 0xfe, 0xff, 0xfb, 0xff, 0xfe, 0xff, 0xfb, 0xfe, 0xfe, 0xff, 0xfc, 
    0xfe, 0xfe, 0xff, 0xfc, 0xfe, 0xfe, 0xff, 0xfb, 0xfe, 0xfe, 0xff, 0xfb, 0xff, 
    0xfe, 0xff, 0xfc, 0xfe, 0xfe, 0xff, 0xfd, 0xff, 0xfe, 0xff, 0xfd, 0xff, 0xff, 
    0xff, 0xfe, 0xff, 0xff, 0xff, 0xfd, 0xff, 0xff, 0xff, 0xfb, 0xff, 0xfe, 0xff, 
    0xfc, 0xfe, 0xfe, 0xff, 0xfc, 0xff, 0xff, 0xff, 0xfb, 0xfe, 0xfe, 0xff, 0xfb, 
    0xff, 0xfe, 0xff, 0xfc, 0xfe, 0xfe, 0xff, 0xfc, 0xfe, 0xfe, 0xff, 0xfc, 0xff, 
    0xfe, 0xff, 0xfc, 0xfe, 0xfe, 0xff, 0xfa, 0xff, 0xfe, 0xff, 0xfb, 0xff, 0xfe, 
    0xff, 0xfc, 0xff, 0xfe, 0xff, 0xfd, 0xff, 0xfe, 0xff, 0xfb, 0xfe, 0xfe, 0xff, 
    0xfa, 0xff, 0xfe, 0xff, 0xfb, 0xff, 0xfe, 0xff, 0xfd, 0xff, 0xfe, 0xff, 0xfc, 
    0xff, 0xfe, 0xff, 0xfb, 0xfe, 0xfe, 0xff, 0xfb, 0xfe, 0xfe, 0xff, 0xfb, 0xff, 
    0xfe, 0xff, 0xfb, 0xff, 0xfe, 0xff, 0xfb, 0xff, 0xfe, 0xff, 0xfc, 0xfe, 0xfe, 
    0xff, 0xfc, 0xfe, 0xfe, 0xff, 0xfc, 0xfe, 0xfe, 0xff, 0xfc, 0xfe, 0xfe, 0xff, 
    0xfd, 0xfe, 0xfe, 0xff, 0xfd, 0xff, 0xff, 0xff, 0xfd, 0xff, 0xff, 0xff, 0xfc, 
    0xff, 0xfe, 0xff, 0xfc, 0xff, 0xfe, 0xff, 0xfd, 0xff, 0xff, 0xff, 0xfd, 0xff, 
    0xff, 0xff, 0xfc, 0xfe, 0xfe, 0xff, 0xfb, 0xff, 0xfe, 0xff, 0xfb, 0xfe, 0xfe, 
    0xff, 0xfb, 0xff, 0xfe, 0xff, 0xfb, 0xff, 0xfe, 0xff, 0xfb, 0xff, 0xfe, 0xff, 
    0xfb, 0xff, 0xfe, 0xff, 0xfd, 0xff, 0xfe, 0xff, 0xfd, 0xff, 0xff, 0xff, 0xfe, 
    0xff, 0xff, 0xff, 0xfe, 0xff, 0xff, 0xff, 0xfe, 0xff, 0xff, 0xff, 0xfc, 0xff, 
    0xfe, 0xff, 0xfb, 0xfe, 0xfe, 0xff, 0xfa, 0xff, 0xfe, 0xff, 0xfa, 0xff, 0xfe, 
    0xff, 0xfa, 0xff, 0xfe, 0xff, 0xfa, 0xff, 0xfe, 0xff, 0xfb, 0xff, 0xfe, 0xff, 
    0xfb, 0xff, 0xfe, 0xff, 0xfb, 0xfe, 0xfe, 0xff, 0xfa, 0xff, 0xfe, 0xff, 0xfa, 
    0xff, 0xfe, 0xff, 0xfa, 0xff, 0xfe, 0xff, 0xfa, 0xff, 0xfe, 0xff, 0xfb, 0xff, 
    0xfe, 0xff, 0xfa, 0xff, 0xfe, 0xff, 0xfb, 0xfe, 0xfe, 0xff, 0xfd, 0xfe, 0xfe, 
    0xff, 0xfd, 0xff, 0xff, 0xff, 0xfe, 0xff, 0xff, 0xff, 0xfe, 0xff, 0xff, 0xff, 
    0xfe, 0xff, 0xff, 0xff, 0xfe, 0xff, 0xff, 0xff, 0xff, 0xff, 0xff, 0xff, 0xff, 
    0xff, 0xff, 0xff, 0xfe, 0xff, 0xff, 0xff, 0xff, 0xff, 0xff, 0xff, 0xfd, 0xff, 
    0xfe, 0xff, 0xfb, 0xff, 0xfe, 0xff, 0xfb, 0xff, 0xfe, 0xff, 0xfb, 0xff, 0xfe, 
    0xff, 0xfb, 0xff, 0xfe, 0xff, 0xfb, 0xff, 0xfe, 0xff, 0xfa, 0xff, 0xfe, 0xff, 
    0xfa, 0xff, 0xfe, 0xff, 0xfb, 0xff, 0xfe, 0xff, 0xfb, 0xff, 0xfe, 0xff, 0xfa, 
    0xff, 0xfe, 0xff, 0xfb, 0xff, 0xfe, 0xff, 0xfc, 0xff, 0xfe, 0xff, 0xfd, 0xfe, 
    0xfe, 0xff, 0xfb, 0xff, 0xfe, 0xff, 0xfb, 0xff, 0xfe, 0xff, 0xfb, 0xff, 0xfe, 
    0xff, 0xfb, 0xff, 0xfe, 0xff, 0xfa, 0xff, 0xfe, 0xff, 0xfc, 0xff, 0xff, 0xff, 
    0xfd, 0xff, 0xff, 0xff, 0xfd, 0xfe, 0xfe, 0xff, 0xfd, 0xff, 0xfe, 0xff, 0xfd, 
    0xff, 0xfe, 0xff, 0xfd, 0xff, 0xfe, 0xff, 0xfd, 0xff, 0xfe, 0xff, 0xfc, 0xff, 
    0xfe, 0xff, 0xfd, 0xff, 0xfe, 0xff, 0xfd, 0xff, 0xfe, 0xff, 0xfd, 0xff, 0xff, 
    0xff, 0xfe, 0xff, 0xff, 0xff, 0xfd, 0xff, 0xfe, 0xff, 0xfd, 0xfe, 0xfe, 0xff, 
    0xfc, 0xfe, 0xfe, 0xff, 0xfc, 0xff, 0xfe, 0xff, 0xfb, 0xff, 0xfe, 0xff, 0xfb, 
    0xff, 0xfe, 0xff, 0xfb, 0xff, 0xfe, 0xff, 0xfc, 0xfe, 0xfe, 0xff, 0xfc, 0xfe, 
    0xfe, 0xff, 0xfc, 0xff, 0xfe, 0xff, 0xfb, 0xff, 0xfe, 0xff, 0xfb, 0xfe, 0xfe, 
    0xff, 0xfd, 0xfe, 0xfe, 0xff, 0xfd, 0xfe, 0xfe, 0xff, 0xfe, 0xff, 0xff, 0xff, 
    0xfd, 0xfe, 0xff, 0xff, 0xfd, 0xff, 0xff, 0xff, 0xfc, 0xfe, 0xfe, 0xff, 0xfc, 
    0xfe, 0xfe, 0xff, 0xfc, 0xff, 0xfe, 0xff, 0xfd, 0xfe, 0xfe, 0xff, 0xfd, 0xfe, 
    0xfe, 0xff, 0xfc, 0xfe, 0xfe, 0xff, 0xfd, 0xfe, 0xfe, 0xff, 0xfc, 0xfe, 0xfe, 
    0xff, 0xfb, 0xff, 0xfe, 0xff, 0xfb, 0xff, 0xfe, 0xff, 0xfa, 0xff, 0xfe, 0xff, 
    0xfb, 0xfe, 0xfe, 0xff, 0xfd, 0xff, 0xfe, 0xff, 0xfc, 0xfe, 0xfe, 0xff, 0xfb, 
    0xff, 0xfe, 0xff, 0xfb, 0xff, 0xfe, 0xff, 0xfb, 0xfe, 0xfe, 0xff, 0xfb, 0xff, 
    0xfe, 0xff, 0xfb, 0xfe, 0xfe, 0xff, 0xfc, 0xfe, 0xfe, 0xff, 0xfb, 0xff, 0xfe, 
    0xff, 0xfc, 0xfe, 0xfe, 0xff, 0xfb, 0xff, 0xfe, 0xff, 0xfb, 0xfe, 0xfe, 0xff, 
    0xfd, 0xff, 0xfe, 0xff, 0xfc, 0xff, 0xfe, 0xff, 0xfd, 0xff, 0xfe, 0xff, 0xfd, 
    0xff, 0xff, 0xff, 0xfe, 0xff, 0xff, 0xff, 0xfe, 0xff, 0xff, 0xff, 0xfd, 0xff, 
    0xff, 0xff, 0xfd, 0xff, 0xfe, 0xff, 0xfd, 0xff, 0xff, 0xff, 0xfe, 0xff, 0xff, 
    0xff, 0xfc, 0xff, 0xfe, 0xff, 0xfb, 0xfe, 0xfe, 0xff, 0xfc, 0xfe, 0xfe, 0xff, 
    0xfb, 0xff, 0xfe, 0xff, 0xfa, 0xff, 0xfe, 0xff, 0xfb, 0xfe, 0xfe, 0xff, 0xfb, 
    0xff, 0xfe, 0xff, 0xfd, 0xff, 0xff, 0xff, 0xfd, 0xff, 0xfe, 0xff, 0xfd, 0xff, 
    0xff, 0xff, 0xfe, 0xff, 0xff, 0xff, 0xff, 0xff, 0xff, 0xff, 0xfe, 0xff, 0xff, 
    0xff, 0xfc, 0xfe, 0xfe, 0xff, 0xfc, 0xff, 0xfe, 0xff, 0xfa, 0xff, 0xfe, 0xff, 
    0xfb, 0xff, 0xfe, 0xff, 0xfb, 0xff, 0xfe, 0xff, 0xfa, 0xff, 0xfe, 0xff, 0xfa, 
    0xff, 0xfe, 0xff, 0xfb, 0xff, 0xfe, 0xff, 0xfa, 0xff, 0xfe, 0xff, 0xfa, 0xff, 
    0xfe, 0xff, 0xfb, 0xff, 0xfe, 0xff, 0xfc, 0xfe, 0xfe, 0xff, 0xfc, 0xfe, 0xfe, 
    0xff, 0xfb, 0xff, 0xfe, 0xff, 0xfb, 0xff, 0xfe, 0xff, 0xfb, 0xfe, 0xfe, 0xff, 
    0xfc, 0xfe, 0xfe, 0xff, 0xfd, 0xff, 0xff, 0xff, 0xfe, 0xff, 0xff, 0xff, 0xfe, 
    0xff, 0xff, 0xff, 0xfe, 0xff, 0xff, 0xff, 0xff, 0xff, 0xff, 0xff, 0xff, 0xff, 
    0xff, 0xff, 0xfe, 0xff, 0xff, 0xff, 0xfe, 0xff, 0xff, 0xff, 0xfd, 0xff, 0xff, 
    0xff, 0xfc, 0xfe, 0xfe, 0xff, 0xfb, 0xff, 0xfe, 0xff, 0xfb, 0xff, 0xfe, 0xff, 
    0xfb, 0xff, 0xfe, 0xff, 0xfb, 0xff, 0xfe, 0xff, 0xfb, 0xfe, 0xfe, 0xff, 0xfb, 
    0xff, 0xfe, 0xff, 0xfb, 0xfe, 0xfe, 0xff, 0xfb, 0xfe, 0xfe, 0xff, 0xfb, 0xff, 
    0xfe, 0xff, 0xfc, 0xff, 0xff, 0xff, 0xfd, 0xff, 0xfe, 0xff, 0xfc, 0xfe, 0xfe, 
    0xff, 0xfa, 0xff, 0xfe, 0xff, 0xfb, 0xff, 0xfe, 0xff, 0xfa, 0xff, 0xfe, 0xff, 
    0xfa, 0xff, 0xfe, 0xff, 0xfc, 0xff, 0xfe, 0xff, 0xfc, 0xfe, 0xfe, 0xff, 0xfb, 
    0xff, 0xfe, 0xff, 0xfc, 0xff, 0xfe, 0xff, 0xfb, 0xff, 0xfe, 0xff, 0xfc, 0xff, 
    0xfe, 0xff, 0xfd, 0xff, 0xfe, 0xff, 0xfc, 0xff, 0xff, 0xff, 0xfc, 0xff, 0xfe, 
    0xff, 0xfe, 0xff, 0xff, 0xff, 0xfd, 0xff, 0xff, 0xff, 0xfb, 0xfe, 0xfe, 0xff, 
    0xfd, 0xff, 0xfe, 0xff, 0xfd, 0xff, 0xff, 0xff, 0xfe, 0xff, 0xff, 0xff, 0xfd, 
    0xff, 0xfe, 0xff, 0xfd, 0xfe, 0xfe, 0xff, 0xfc, 0xfe, 0xfe, 0xff, 0xfb, 0xff, 
    0xfe, 0xff, 0xfb, 0xff, 0xfe, 0xff, 0xfc, 0xfe, 0xfe, 0xff, 0xfd, 0xfe, 0xfe, 
    0xff, 0xfc, 0xff, 0xfe, 0xff, 0xfc, 0xfe, 0xfe, 0xff, 0xfd, 0xff, 0xff, 0xff, 
    0xfe, 0xff, 0xff, 0xff, 0xfc, 0xff, 0xfe, 0xff, 0xfe, 0xff, 0xff, 0xff, 0xfc, 
    0xfe, 0xfe, 0xff, 0xfc, 0xff, 0xfe, 0xff, 0xfd, 0xff, 0xfe, 0xff, 0xfc, 0xff, 
    0xfe, 0xff, 0xfb, 0xfe, 0xfe, 0xff, 0xfc, 0xff, 0xfe, 0xff, 0xfd, 0xff, 0xfe, 
    0xff, 0xfc, 0xff, 0xfe, 0xff, 0xfc, 0xfe, 0xfe, 0xff, 0xfb, 0xff, 0xfe, 0xff, 
    0xfa, 0xff, 0xfe, 0xff, 0xfa, 0xff, 0xfe, 0xff, 0xfb, 0xff, 0xfe, 0xff, 0xfb, 
    0xfe, 0xfe, 0xff, 0xfb, 0xff, 0xfe, 0xff, 0xfb, 0xff, 0xfe, 0xff, 0xfa, 0xff, 
    0xfe, 0xff, 0xfb, 0xff, 0xfe, 0xff, 0xfb, 0xfe, 0xfe, 0xff, 0xfc, 0xfe, 0xfe, 
    0xff, 0xfb, 0xfe, 0xfe, 0xff, 0xfb, 0xff, 0xfe, 0xff, 0xfb, 0xff, 0xfe, 0xff, 
    0xfb, 0xfe, 0xfe, 0xff, 0xfc, 0xff, 0xfe, 0xff, 0xfd, 0xff, 0xff, 0xff, 0xfd, 
    0xfe, 0xfe, 0xff, 0xfe, 0xff, 0xff, 0xff, 0xfd, 0xff, 0xff, 0xff, 0xfd, 0xff, 
    0xff, 0xff, 0xfc, 0xff, 0xfe, 0xff, 0xfc, 0xff, 0xfe, 0xff, 0xfc, 0xfe, 0xfe, 
    0xff, 0xfd, 0xfe, 0xfe, 0xff, 0xfc, 0xff, 0xfe, 0xff, 0xfc, 0xfe, 0xfe, 0xff, 
    0xfb, 0xff, 0xfe, 0xff, 0xfb, 0xfe, 0xfe, 0xff, 0xfb, 0xff, 0xfe, 0xff, 0xfb, 
    0xff, 0xfe, 0xff, 0xfa, 0xff, 0xfe, 0xff, 0xfb, 0xff, 0xfe, 0xff, 0xfc, 0xff, 
    0xff, 0xff, 0xfc, 0xff, 0xfe, 0xff, 0xfc, 0xff, 0xfe, 0xff, 0xfd, 0xff, 0xff, 
    0xff, 0xfd, 0xfe, 0xfe, 0xff, 0xfd, 0xff, 0xff, 0xff, 0xfd, 0xff, 0xff, 0xff, 
    0xfc, 0xfe, 0xfe, 0xff, 0xfc, 0xfe, 0xfe, 0xff, 0xfb, 0xff, 0xfe, 0xff, 0xfb, 
    0xfe, 0xfe, 0xff, 0xfa, 0xff, 0xfe, 0xff, 0xf9, 0xff, 0xfe, 0xff, 0xf9, 0xff, 
    0xfe, 0xff, 0xf9, 0xff, 0xfe, 0xff, 0xfa, 0xff, 0xfe, 0xff, 0xfa, 0xff, 0xfe, 
    0xff, 0xfc, 0xff, 0xfe, 0xff, 0xfd, 0xff, 0xfe, 0xff, 0xfc, 0xff, 0xfe, 0xff, 
    0xfb, 0xff, 0xfe, 0xff, 0xfb, 0xff, 0xfe, 0xff, 0xfb, 0xff, 0xfe, 0xff, 0xfb, 
    0xff, 0xfe, 0xff, 0xfc, 0xff, 0xfe, 0xff, 0xfc, 0xfe, 0xfe, 0xff, 0xfe, 0xff, 
    0xff, 0xff, 0xfe, 0xff, 0xff, 0xff, 0xff, 0xff, 0xff, 0xff, 0xff, 0xff, 0xff, 
    0xff, 0xfe, 0xff, 0xff, 0xff, 0xfe, 0xff, 0xff, 0xff, 0xfe, 0xff, 0xff, 0xff, 
    0xfc, 0xfe, 0xfe, 0xff, 0xfb, 0xfe, 0xfe, 0xff, 0xfb, 0xff, 0xfe, 0xff, 0xfb, 
    0xff, 0xfe, 0xff, 0xfb, 0xff, 0xfe, 0xff, 0xfc, 0xfe, 0xfe, 0xff, 0xfc, 0xff, 
    0xfe, 0xff, 0xfc, 0xff, 0xfe, 0xff, 0xfc, 0xff, 0xfe, 0xff, 0xfc, 0xff, 0xfe, 
    0xff, 0xfc, 0xff, 0xfe, 0xff, 0xfc, 0xff, 0xff, 0xff, 0xfb, 0xff, 0xfe, 0xff, 
    0xfb, 0xfe, 0xfe, 0xff, 0xfb, 0xff, 0xfe, 0xff, 0xfb, 0xff, 0xfe, 0xff, 0xfc, 
    0xfe, 0xfe, 0xff, 0xfd, 0xff, 0xfe, 0xff, 0xfc, 0xfe, 0xfe, 0xff, 0xfb, 0xfe, 
    0xfe, 0xff, 0xfc, 0xfe, 0xfe, 0xff, 0xfc, 0xfe, 0xfe, 0xff, 0xfe, 0xff, 0xff, 
    0xff, 0xfe, 0xff, 0xff, 0xff, 0xfe, 0xff, 0xff, 0xff, 0xfe, 0xff, 0xff, 0xff, 
    0xfe, 0xff, 0xff, 0xff, 0xfe, 0xff, 0xff, 0xff, 0xfd, 0xff, 0xff, 0xff, 0xfd, 
    0xff, 0xff, 0xff, 0xfd, 0xff, 0xff, 0xff, 0xfd, 0xff, 0xff, 0xff, 0xfd, 0xfe, 
    0xfe, 0xff, 0xfc, 0xff, 0xfe, 0xff, 0xfb, 0xfe, 0xfe, 0xff, 0xfb, 0xfe, 0xfe, 
    0xff, 0xfc, 0xff, 0xfe, 0xff, 0xfc, 0xff, 0xfe, 0xff, 0xfb, 0xff, 0xfe, 0xff, 
    0xfb, 0xfe, 0xfe, 0xff, 0xfd, 0xff, 0xfe, 0xff, 0xfe, 0xff, 0xff, 0xff, 0xfc, 
    0xfd, 0xfd, 0xff, 0xfd, 0xfe, 0xfe, 0xff, 0xfe, 0xff, 0xff, 0xff, 0xfd, 0xff, 
    0xff, 0xff, 0xfc, 0xff, 0xfe, 0xff, 0xfc, 0xff, 0xfe, 0xff, 0xfc, 0xfe, 0xfe, 
    0xff, 0xfc, 0xfe, 0xfe, 0xff, 0xfb, 0xfe, 0xfe, 0xff, 0xfb, 0xff, 0xfe, 0xff, 
    0xfc, 0xff, 0xfe, 0xff, 0xfb, 0xfe, 0xfe, 0xff, 0xfb, 0xff, 0xfe, 0xff, 0xfb, 
    0xff, 0xfe, 0xff, 0xfa, 0xff, 0xfe, 0xff, 0xfa, 0xff, 0xfe, 0xff, 0xfa, 0xff, 
    0xfe, 0xff, 0xfb, 0xff, 0xfe, 0xff, 0xfc, 0xfe, 0xfe, 0xff, 0xfb, 0xfe, 0xfe, 
    0xff, 0xfb, 0xff, 0xfe, 0xff, 0xfc, 0xff, 0xfe, 0xff, 0xfc, 0xfe, 0xfe, 0xff, 
    0xfc, 0xfe, 0xfe, 0xff, 0xfc, 0xfe, 0xfe, 0xff, 0xfd, 0xfe, 0xfe, 0xff, 0xfd, 
    0xff, 0xff, 0xff, 0xfe, 0xff, 0xff, 0xff, 0xfd, 0xfe, 0xfe, 0xff, 0xff, 0xff, 
    0xff, 0xff, 0xfe, 0xff, 0xff, 0xff, 0xff, 0xff, 0xff, 0xff, 0xfd, 0xff, 0xff, 
    0xff, 0xfc, 0xff, 0xfe, 0xff, 0xfd, 0xfe, 0xfe, 0xff, 0xfc, 0xfe, 0xfe, 0xff, 
    0xfc, 0xff, 0xfe, 0xff, 0xfc, 0xfe, 0xfe, 0xff, 0xfc, 0xff, 0xfe, 0xff, 0xfc, 
    0xff, 0xfe, 0xff, 0xfc, 0xfe, 0xfe, 0xff, 0xfd, 0xff, 0xff, 0xff, 0xfe, 0xff, 
    0xff, 0xff, 0xfd, 0xff, 0xff, 0xff, 0xfe, 0xff, 0xff, 0xff, 0xff, 0xff, 0xff, 
    0xff, 0xfe, 0xff, 0xff, 0xff, 0xfe, 0xff, 0xff, 0xff, 0xfe, 0xff, 0xff, 0xff, 
    0xfe, 0xff, 0xff, 0xff, 0xfe, 0xff, 0xff, 0xff, 0xfd, 0xff, 0xff, 0xff, 0xfc, 
    0xfe, 0xfe, 0xff, 0xfc, 0xfe, 0xfe, 0xff, 0xfa, 0xff, 0xfe, 0xff, 0xfa, 0xff, 
    0xfe, 0xff, 0xfa, 0xff, 0xfe, 0xff, 0xf8, 0xff, 0xfe, 0xff, 0xf8, 0xff, 0xfe, 
    0xff, 0xf8, 0xff, 0xfe, 0xff, 0xfa, 0xff, 0xfe, 0xff, 0xfb, 0xff, 0xfe, 0xff, 
    0xfb, 0xff, 0xfe, 0xff, 0xfd, 0xfe, 0xfe, 0xff, 0xfd, 0xff, 0xfe, 0xff, 0xfc, 
    0xff, 0xfe, 0xff, 0xfc, 0xfe, 0xfe, 0xff, 0xfc, 0xff, 0xfe, 0xff, 0xfc, 0xfe, 
    0xfe, 0xff, 0xfb, 0xff, 0xfe, 0xff, 0xfb, 0xfe, 0xfe, 0xff, 0xfd, 0xff, 0xff, 
    0xff, 0xfe, 0xff, 0xff, 0xff, 0xff, 0xff, 0xff, 0xff, 0xff, 0xff, 0xff, 0xff, 
    0xfe, 0xff, 0xff, 0xff, 0xff, 0xff, 0xff, 0xff, 0xfe, 0xff, 0xff, 0xff, 0xfc, 
    0xfe, 0xfe, 0xff, 0xfc, 0xfe, 0xfe, 0xff, 0xfb, 0xff, 0xfe, 0xff, 0xfb, 0xff, 
    0xfe, 0xff, 0xfb, 0xff, 0xfe, 0xff, 0xfc, 0xff, 0xfe, 0xff, 0xfc, 0xff, 0xfe, 
    0xff, 0xfc, 0xff, 0xfe, 0xff, 0xfc, 0xff, 0xfe, 0xff, 0xfc, 0xfe, 0xfe, 0xff, 
    0xfb, 0xfe, 0xfe, 0xff, 0xfc, 0xfe, 0xfe, 0xff, 0xfb, 0xff, 0xfe, 0xff, 0xfc, 
    0xfe, 0xfe, 0xff, 0xfb, 0xfe, 0xfe, 0xff, 0xfc, 0xff, 0xfe, 0xff, 0xfd, 0xfe, 
    0xfe, 0xff, 0xfd, 0xfe, 0xfe, 0xff, 0xfd, 0xff, 0xfe, 0xff, 0xfc, 0xfe, 0xfe, 
    0xff, 0xfc, 0xff, 0xfe, 0xff, 0xfd, 0xff, 0xff, 0xff, 0xfe, 0xff, 0xff, 0xff, 
    0xfe, 0xff, 0xff, 0xff, 0xfe, 0xfe, 0xfe, 0xff, 0xfd, 0xfd, 0xfd, 0xff, 0xfc, 
    0xfd, 0xfd, 0xff, 0xfd, 0xfe, 0xfe, 0xff, 0xfe, 0xff, 0xff, 0xff, 0xfe, 0xff, 
    0xff, 0xff, 0xfe, 0xff, 0xff, 0xff, 0xfe, 0xff, 0xff, 0xff, 0xfd, 0xff, 0xff, 
    0xff, 0xfd, 0xff, 0xfe, 0xff, 0xfb, 0xff, 0xfe, 0xff, 0xfb, 0xff, 0xfe, 0xff, 
    0xfb, 0xff, 0xfe, 0xff, 0xfa, 0xff, 0xfe, 0xff, 0xfa, 0xff, 0xfe, 0xff, 0xfb, 
    0xff, 0xfe, 0xff, 0xfe, 0xff, 0xff, 0xff, 0xff, 0xff, 0xff, 0xff, 0xff, 0xff, 
    0xff, 0xff, 0xff, 0xff, 0xff, 0xff, 0xfe, 0xff, 0xff, 0xff, 0xff, 0xff, 0xff, 
    0xff, 0xfe, 0xff, 0xff, 0xff, 0xfd, 0xff, 0xff, 0xff, 0xfd, 0xff, 0xfe, 0xff, 
    0xfd, 0xff, 0xfe, 0xff, 0xfc, 0xfe, 0xfe, 0xff, 0xfc, 0xff, 0xfe, 0xff, 0xfa, 
    0xff, 0xfe, 0xff, 0xfa, 0xff, 0xfe, 0xff, 0xfa, 0xff, 0xfe, 0xff, 0xfa, 0xff, 
    0xfe, 0xff, 0xfb, 0xff, 0xfe, 0xff, 0xfb, 0xff, 0xfe, 0xff, 0xfc, 0xfe, 0xfe, 
    0xff, 0xfc, 0xff, 0xfe, 0xff, 0xfd, 0xff, 0xff, 0xff, 0xfd, 0xff, 0xff, 0xff, 
    0xfc, 0xff, 0xfe, 0xff, 0xfc, 0xfe, 0xfe, 0xff, 0xfd, 0xfe, 0xfe, 0xff, 0xfd, 
    0xff, 0xff, 0xff, 0xfd, 0xff, 0xff, 0xff, 0xfe, 0xff, 0xff, 0xff, 0xff, 0xff, 
    0xff, 0xff, 0xfe, 0xff, 0xff, 0xff, 0xff, 0xff, 0xff, 0xff, 0xff, 0xff, 0xff, 
    0xff, 0xfe, 0xff, 0xff, 0xff, 0xff, 0xff, 0xff, 0xff, 0xfd, 0xff, 0xff, 0xff, 
    0xfc, 0xff, 0xfe, 0xff, 0xfc, 0xfe, 0xfe, 0xff, 0xfb, 0xfe, 0xfe, 0xff, 0xfb, 
    0xfe, 0xfe, 0xff, 0xfb, 0xfe, 0xfe, 0xff, 0xfd, 0xff, 0xff, 0xff, 0xfe, 0xff, 
    0xff, 0xff, 0xfe, 0xff, 0xff, 0xff, 0xff, 0xff, 0xff, 0xff, 0xfd, 0xfe, 0xfe, 
    0xff, 0xfb, 0xfc, 0xfc, 0xff, 0xfa, 0xfb, 0xfb, 0xff, 0xfa, 0xfb, 0xfb, 0xff, 
    0xfa, 0xfb, 0xfb, 0xff, 0xfb, 0xfb, 0xfb, 0xff, 0xfd, 0xfe, 0xfe, 0xff, 0xfe, 
    0xff, 0xff, 0xff, 0xfe, 0xff, 0xff, 0xff, 0xfd, 0xff, 0xff, 0xff, 0xfc, 0xfe, 
    0xfe, 0xff, 0xfb, 0xff, 0xfe, 0xff, 0xfa, 0xff, 0xfe, 0xff, 0xfa, 0xff, 0xfe, 
    0xff, 0xfa, 0xff, 0xfe, 0xff, 0xf9, 0xff, 0xfe, 0xff, 0xf9, 0xff, 0xfe, 0xff, 
    0xf9, 0xff, 0xfe, 0xff, 0xfa, 0xff, 0xfe, 0xff, 0xfb, 0xff, 0xfe, 0xff, 0xfc, 
    0xfe, 0xfe, 0xff, 0xfd, 0xff, 0xff, 0xff, 0xfd, 0xfe, 0xfe, 0xff, 0xfd, 0xff, 
    0xff, 0xff, 0xfb, 0xfe, 0xfe, 0xff, 0xfb, 0xfe, 0xfe, 0xff, 0xfc, 0xfe, 0xfe, 
    0xff, 0xfb, 0xfe, 0xfe, 0xff, 0xfc, 0xfe, 0xfe, 0xff, 0xfc, 0xff, 0xfe, 0xff, 
    0xfe, 0xff, 0xff, 0xff, 0xff, 0xff, 0xff, 0xff, 0xff, 0xff, 0xff, 0xff, 0xfe, 
    0xff, 0xff, 0xff, 0xfe, 0xff, 0xff, 0xff, 0xfe, 0xff, 0xff, 0xff, 0xfc, 0xfe, 
    0xfe, 0xff, 0xfc, 0xfe, 0xfe, 0xff, 0xfc, 0xff, 0xfe, 0xff, 0xfb, 0xfe, 0xfe, 
    0xff, 0xfc, 0xff, 0xfe, 0xff, 0xfb, 0xff, 0xfe, 0xff, 0xfc, 0xff, 0xfe, 0xff, 
    0xfd, 0xff, 0xfe, 0xff, 0xfc, 0xff, 0xfe, 0xff, 0xfc, 0xfe, 0xfe, 0xff, 0xfc, 
    0xfe, 0xfe, 0xff, 0xfc, 0xfe, 0xfe, 0xff, 0xfc, 0xfe, 0xfe, 0xff, 0xfc, 0xfe, 
    0xfe, 0xff, 0xfc, 0xfe, 0xfe, 0xff, 0xfc, 0xfe, 0xfe, 0xff, 0xfc, 0xfe, 0xfe, 
    0xff, 0xfb, 0xff, 0xfe, 0xff, 0xfb, 0xff, 0xfe, 0xff, 0xfc, 0xfe, 0xfe, 0xff, 
    0xfd, 0xff, 0xff, 0xff, 0xfe, 0xff, 0xff, 0xff, 0xfd, 0xfe, 0xfe, 0xff, 0xfb, 
    0xfc, 0xfc, 0xff, 0xff, 0xff, 0xff, 0xff, 0xff, 0xff, 0xff, 0xff, 0xff, 0xff, 
    0xff, 0xff, 0xff, 0xff, 0xff, 0xff, 0xfd, 0xfd, 0xfd, 0xff, 0xfa, 0xfb, 0xfb, 
    0xff, 0xfc, 0xfd, 0xfd, 0xff, 0xfe, 0xff, 0xff, 0xff, 0xfe, 0xff, 0xff, 0xff, 
    0xfd, 0xff, 0xff, 0xff, 0xfb, 0xfe, 0xfe, 0xff, 0xfb, 0xfe, 0xfe, 0xff, 0xfa, 
    0xff, 0xfe, 0xff, 0xfb, 0xfe, 0xfe, 0xff, 0xfb, 0xff, 0xfe, 0xff, 0xfc, 0xfe, 
    0xfe, 0xff, 0xff, 0xff, 0xff, 0xff, 0xf8, 0xf9, 0xf9, 0xff, 0x5c, 0x5f, 0x60, 
    0xff, 0xe4, 0xe6, 0xe6, 0xff, 0xfe, 0xfe, 0xfe, 0xff, 0xfc, 0xfd, 0xfd, 0xff, 
    0xfe, 0xff, 0xff, 0xff, 0xfe, 0xff, 0xff, 0xff, 0xfe, 0xff, 0xff, 0xff, 0xfc, 
    0xff, 0xfe, 0xff, 0xfb, 0xff, 0xfe, 0xff, 0xfa, 0xff, 0xfe, 0xff, 0xfb, 0xff, 
    0xfe, 0xff, 0xfb, 0xff, 0xfe, 0xff, 0xfa, 0xff, 0xfe, 0xff, 0xf9, 0xff, 0xfe, 
    0xff, 0xfa, 0xff, 0xfe, 0xff, 0xfb, 0xff, 0xfe, 0xff, 0xfb, 0xff, 0xfe, 0xff, 
    0xfd, 0xfe, 0xfe, 0xff, 0xfc, 0xfe, 0xfe, 0xff, 0xfd, 0xff, 0xff, 0xff, 0xfc, 
    0xff, 0xfe, 0xff, 0xfc, 0xfe, 0xfe, 0xff, 0xfd, 0xff, 0xff, 0xff, 0xfd, 0xff, 
    0xff, 0xff, 0xfe, 0xff, 0xff, 0xff, 0xfe, 0xff, 0xff, 0xff, 0xfc, 0xfd, 0xfd, 
    0xff, 0xff, 0xff, 0xff, 0xff, 0xc9, 0xca, 0xca, 0xff, 0x4b, 0x4f, 0x4f, 0xff, 
    0xff, 0xff, 0xff, 0xff, 0xfd, 0xfe, 0xfe, 0xff, 0xfc, 0xfe, 0xfe, 0xff, 0xfc, 
    0xff, 0xfe, 0xff, 0xfb, 0xff, 0xfe, 0xff, 0xfb, 0xff, 0xfe, 0xff, 0xfc, 0xff, 
    0xfe, 0xff, 0xfe, 0xff, 0xff, 0xff, 0xfe, 0xff, 0xff, 0xff, 0xfe, 0xff, 0xff, 
    0xff, 0xfc, 0xfd, 0xfd, 0xff, 0xfb, 0xfc, 0xfc, 0xff, 0xff, 0xff, 0xff, 0xff, 
    0xff, 0xff, 0xff, 0xff, 0xff, 0xff, 0xff, 0xff, 0xff, 0xff, 0xff, 0xff, 0xff, 
    0xff, 0xff, 0xff, 0xff, 0xff, 0xff, 0xff, 0xff, 0xff, 0xff, 0xff, 0xfb, 0xfc, 
    0xfc, 0xff, 0xfe, 0xff, 0xff, 0xff, 0xfe, 0xff, 0xff, 0xff, 0xfd, 0xff, 0xff, 
    0xff, 0xfb, 0xfe, 0xfe, 0xff, 0xfa, 0xff, 0xfe, 0xff, 0xfa, 0xff, 0xfe, 0xff, 
    0xfa, 0xff, 0xfe, 0xff, 0xfb, 0xff, 0xfe, 0xff, 0xfa, 0xff, 0xfe, 0xff, 0xfa, 
    0xff, 0xfe, 0xff, 0xfa, 0xff, 0xfe, 0xff, 0xfa, 0xff, 0xfe, 0xff, 0xfa, 0xff, 
    0xfe, 0xff, 0xfb, 0xff, 0xfe, 0xff, 0xfc, 0xfe, 0xfe, 0xff, 0xfc, 0xfe, 0xfe, 
    0xff, 0xfc, 0xfe, 0xfe, 0xff, 0xfc, 0xfe, 0xfe, 0xff, 0xfb, 0xfe, 0xfe, 0xff, 
    0xfb, 0xff, 0xfe, 0xff, 0xfc, 0xfe, 0xfe, 0xff, 0xfd, 0xff, 0xff, 0xff, 0xfe, 
    0xff, 0xff, 0xff, 0xff, 0xff, 0xff, 0xff, 0xff, 0xff, 0xff, 0xff, 0xfe, 0xff, 
    0xff, 0xff, 0xfe, 0xff, 0xff, 0xff, 0xfd, 0xff, 0xff, 0xff, 0xfc, 0xff, 0xfe, 
    0xff, 0xfc, 0xff, 0xfe, 0xff, 0xfb, 0xff, 0xfe, 0xff, 0xfb, 0xff, 0xfe, 0xff, 
    0xfc, 0xff, 0xfe, 0xff, 0xfd, 0xff, 0xff, 0xff, 0xfc, 0xff, 0xfe, 0xff, 0xfb, 
    0xfe, 0xfe, 0xff, 0xfb, 0xfe, 0xfe, 0xff, 0xfb, 0xfe, 0xfe, 0xff, 0xfc, 0xff, 
    0xfe, 0xff, 0xfc, 0xfe, 0xfe, 0xff, 0xfc, 0xfe, 0xfe, 0xff, 0xfd, 0xff, 0xfe, 
    0xff, 0xfd, 0xff, 0xff, 0xff, 0xfc, 0xfe, 0xfe, 0xff, 0xfc, 0xff, 0xfe, 0xff, 
    0xfb, 0xfe, 0xfe, 0xff, 0xfc, 0xfe, 0xfe, 0xff, 0xfd, 0xff, 0xff, 0xff, 0xff, 
    0xff, 0xff, 0xff, 0xfd, 0xfd, 0xfd, 0xff, 0xff, 0xff, 0xff, 0xff, 0xff, 0xff, 
    0xff, 0xff, 0xf8, 0xf9, 0xf9, 0xff, 0xdf, 0xe0, 0xe0, 0xff, 0xda, 0xdd, 0xdd, 
    0xff, 0xef, 0xf0, 0xf0, 0xff, 0xff, 0xff, 0xff, 0xff, 0xff, 0xff, 0xff, 0xff, 
    0xff, 0xff, 0xff, 0xff, 0xfc, 0xfc, 0xfc, 0xff, 0xfb, 0xfc, 0xfc, 0xff, 0xfe, 
    0xff, 0xff, 0xff, 0xfe, 0xff, 0xff, 0xff, 0xfd, 0xff, 0xff, 0xff, 0xfc, 0xff, 
    0xfe, 0xff, 0xfb, 0xfe, 0xfe, 0xff, 0xfc, 0xfe, 0xfe, 0xff, 0xfd, 0xfe, 0xfe, 
    0xff, 0xfb, 0xfc, 0xfc, 0xff, 0xfe, 0xfe, 0xfe, 0xff, 0x49, 0x4c, 0x4c, 0xff, 
    0x42, 0x46, 0x46, 0xff, 0xff, 0xff, 0xff, 0xff, 0xfc, 0xfc, 0xfc, 0xff, 0xfe, 
    0xff, 0xff, 0xff, 0xfc, 0xff, 0xfe, 0xff, 0xfc, 0xff, 0xfe, 0xff, 0xfb, 0xfe, 
    0xfe, 0xff, 0xfa, 0xff, 0xfe, 0xff, 0xfa, 0xff, 0xfe, 0xff, 0xfb, 0xff, 0xfe, 
    0xff, 0xfb, 0xfe, 0xfe, 0xff, 0xfb, 0xff, 0xfe, 0xff, 0xfb, 0xff, 0xfe, 0xff, 
    0xfa, 0xff, 0xfe, 0xff, 0xfb, 0xff, 0xfe, 0xff, 0xfc, 0xff, 0xfe, 0xff, 0xfc, 
    0xff, 0xfe, 0xff, 0xfc, 0xfe, 0xfe, 0xff, 0xfc, 0xfe, 0xfe, 0xff, 0xfc, 0xfe, 
    0xfe, 0xff, 0xfd, 0xff, 0xff, 0xff, 0xfe, 0xff, 0xff, 0xff, 0xfe, 0xff, 0xff, 
    0xff, 0xfe, 0xff, 0xff, 0xff, 0xfe, 0xff, 0xff, 0xff, 0xfc, 0xfd, 0xfd, 0xff, 
    0xff, 0xff, 0xff, 0xff, 0x30, 0x33, 0x33, 0xff, 0x75, 0x78, 0x78, 0xff, 0xff, 
    0xff, 0xff, 0xff, 0xfb, 0xfb, 0xfb, 0xff, 0xfd, 0xff, 0xff, 0xff, 0xfd, 0xff, 
    0xff, 0xff, 0xfd, 0xff, 0xfe, 0xff, 0xfe, 0xff, 0xff, 0xff, 0xfe, 0xff, 0xff, 
    0xff, 0xfe, 0xff, 0xff, 0xff, 0xfd, 0xfd, 0xfd, 0xff, 0xfb, 0xfd, 0xfd, 0xff, 
    0xff, 0xff, 0xff, 0xff, 0xff, 0xff, 0xff, 0xff, 0xee, 0xee, 0xef, 0xff, 0xb8, 
    0xb9, 0xb9, 0xff, 0x85, 0x88, 0x88, 0xff, 0x6d, 0x70, 0x70, 0xff, 0x69, 0x6d, 
    0x6d, 0xff, 0x95, 0x98, 0x99, 0xff, 0xe5, 0xe6, 0xe7, 0xff, 0xff, 0xff, 0xff, 
    0xff, 0xfc, 0xfc, 0xfc, 0xff, 0xfe, 0xff, 0xff, 0xff, 0xfd, 0xff, 0xff, 0xff, 
    0xfe, 0xff, 0xff, 0xff, 0xfe, 0xff, 0xff, 0xff, 0xfb, 0xff, 0xfe, 0xff, 0xfb, 
    0xff, 0xfe, 0xff, 0xfa, 0xff, 0xfe, 0xff, 0xfa, 0xff, 0xfe, 0xff, 0xf9, 0xff, 
    0xfe, 0xff, 0xfa, 0xff, 0xfe, 0xff, 0xfa, 0xff, 0xfe, 0xff, 0xfa, 0xff, 0xfe, 
    0xff, 0xfa, 0xff, 0xfe, 0xff, 0xfb, 0xfe, 0xfe, 0xff, 0xfc, 0xff, 0xfe, 0xff, 
    0xfc, 0xfe, 0xfe, 0xff, 0xfc, 0xfe, 0xfe, 0xff, 0xfc, 0xfe, 0xfe, 0xff, 0xfa, 
    0xff, 0xfe, 0xff, 0xfa, 0xff, 0xfe, 0xff, 0xfb, 0xff, 0xfe, 0xff, 0xfe, 0xff, 
    0xff, 0xff, 0xff, 0xff, 0xff, 0xff, 0xff, 0xff, 0xff, 0xff, 0xfe, 0xff, 0xff, 
    0xff, 0xfe, 0xff, 0xff, 0xff, 0xfd, 0xff, 0xff, 0xff, 0xfc, 0xff, 0xfe, 0xff, 
    0xfc, 0xff, 0xfe, 0xff, 0xfc, 0xfe, 0xfe, 0xff, 0xfb, 0xfe, 0xfe, 0xff, 0xfb, 
    0xff, 0xfe, 0xff, 0xfe, 0xff, 0xff, 0xff, 0xfc, 0xff, 0xfe, 0xff, 0xfb, 0xfe, 
    0xfe, 0xff, 0xfb, 0xfe, 0xfe, 0xff, 0xfb, 0xff, 0xfe, 0xff, 0xfb, 0xfe, 0xfe, 
    0xff, 0xfc, 0xfe, 0xfe, 0xff, 0xfd, 0xfe, 0xfe, 0xff, 0xfd, 0xff, 0xfe, 0xff, 
    0xfc, 0xfe, 0xfe, 0xff, 0xfb, 0xfe, 0xfe, 0xff, 0xfc, 0xfe, 0xfe, 0xff, 0xfb, 
    0xfe, 0xfe, 0xff, 0xfc, 0xfe, 0xfe, 0xff, 0xfe, 0xff, 0xff, 0xff, 0xfd, 0xfd, 
    0xfd, 0xff, 0xff, 0xff, 0xff, 0xff, 0xef, 0xf0, 0xf0, 0xff, 0x75, 0x78, 0x78, 
    0xff, 0x20, 0x23, 0x23, 0xff, 0x01, 0x00, 0x00, 0xff, 0x00, 0x00, 0x00, 0xff, 
    0x12, 0x14, 0x15, 0xff, 0x46, 0x49, 0x49, 0xff, 0x8e, 0x90, 0x91, 0xff, 0xdc, 
    0xde, 0xde, 0xff, 0xff, 0xff, 0xff, 0xff, 0xff, 0xff, 0xff, 0xff, 0xfc, 0xfd, 
    0xfd, 0xff, 0xfc, 0xfd, 0xfd, 0xff, 0xff, 0xff, 0xff, 0xff, 0xfe, 0xff, 0xff, 
    0xff, 0xfd, 0xff, 0xff, 0xff, 0xfc, 0xff, 0xfe, 0xff, 0xfd, 0xff, 0xff, 0xff, 
    0xfd, 0xfd, 0xfd, 0xff, 0xfe, 0xff, 0xff, 0xff, 0xeb, 0xec, 0xec, 0xff, 0x03, 
    0x07, 0x07, 0xff, 0xaf, 0xb3, 0xb3, 0xff, 0xff, 0xff, 0xff, 0xff, 0xfb, 0xfc, 
    0xfc, 0xff, 0xfc, 0xff, 0xfe, 0xff, 0xfb, 0xfe, 0xfe, 0xff, 0xfb, 0xff, 0xfe, 
    0xff, 0xfb, 0xff, 0xfe, 0xff, 0xfd, 0xfe, 0xfe, 0xff, 0xfb, 0xff, 0xfe, 0xff, 
    0xfb, 0xff, 0xfe, 0xff, 0xfb, 0xff, 0xfe, 0xff, 0xfa, 0xff, 0xfe, 0xff, 0xfb, 
    0xff, 0xfe, 0xff, 0xfa, 0xff, 0xfe, 0xff, 0xfa, 0xff, 0xfe, 0xff, 0xfa, 0xff, 
    0xfe, 0xff, 0xfd, 0xfe, 0xfe, 0xff, 0xfe, 0xff, 0xff, 0xff, 0xfc, 0xfe, 0xfe, 
    0xff, 0xfd, 0xff, 0xfe, 0xff, 0xfe, 0xff, 0xff, 0xff, 0xfe, 0xff, 0xff, 0xff, 
    0xfe, 0xff, 0xff, 0xff, 0xfb, 0xfc, 0xfc, 0xff, 0xff, 0xff, 0xff, 0xff, 0x9e, 
    0xa0, 0xa0, 0xff, 0x20, 0x24, 0x24, 0xff, 0xfc, 0xfd, 0xfd, 0xff, 0xfd, 0xfd, 
    0xfd, 0xff, 0xfe, 0xfe, 0xfe, 0xff, 0xfe, 0xff, 0xff, 0xff, 0xff, 0xff, 0xff, 
    0xff, 0xfe, 0xff, 0xff, 0xff, 0xff, 0xff, 0xff, 0xff, 0xfd, 0xfe, 0xfe, 0xff, 
    0xfb, 0xfc, 0xfc, 0xff, 0xff, 0xff, 0xff, 0xff, 0xff, 0xff, 0xff, 0xff, 0xcd, 
    0xce, 0xce, 0xff, 0x67, 0x69, 0x69, 0xff, 0x1a, 0x1d, 0x1d, 0xff, 0x00, 0x00, 
    0x00, 0xff, 0x00, 0x00, 0x00, 0xff, 0x00, 0x00, 0x00, 0xff, 0x00, 0x00, 0x00, 
    0xff, 0x00, 0x00, 0x00, 0xff, 0x13, 0x16, 0x17, 0xff, 0xa1, 0xa4, 0xa4, 0xff, 
    0xff, 0xff, 0xff, 0xff, 0xfb, 0xfc, 0xfc, 0xff, 0xfe, 0xff, 0xff, 0xff, 0xff, 
    0xff, 0xff, 0xff, 0xfe, 0xff, 0xff, 0xff, 0xfd, 0xfe, 0xfe, 0xff, 0xfb, 0xff, 
    0xfe, 0xff, 0xfb, 0xff, 0xfe, 0xff, 0xfa, 0xff, 0xfe, 0xff, 0xfa, 0xff, 0xfe, 
    0xff, 0xfa, 0xff, 0xfe, 0xff, 0xfa, 0xff, 0xfe, 0xff, 0xfa, 0xff, 0xfe, 0xff, 
    0xfa, 0xff, 0xfe, 0xff, 0xfb, 0xff, 0xfe, 0xff, 0xfc, 0xfe, 0xfe, 0xff, 0xfd, 
    0xfe, 0xfe, 0xff, 0xfc, 0xff, 0xfe, 0xff, 0xfc, 0xfe, 0xfe, 0xff, 0xfa, 0xff, 
    0xfe, 0xff, 0xfa, 0xff, 0xfe, 0xff, 0xfb, 0xff, 0xfe, 0xff, 0xfe, 0xff, 0xff, 
    0xff, 0xff, 0xff, 0xff, 0xff, 0xff, 0xff, 0xff, 0xff, 0xfe, 0xff, 0xff, 0xff, 
    0xfe, 0xff, 0xff, 0xff, 0xfe, 0xff, 0xff, 0xff, 0xfc, 0xfe, 0xfe, 0xff, 0xfb, 
    0xff, 0xfe, 0xff, 0xfb, 0xff, 0xfe, 0xff, 0xfb, 0xff, 0xfe, 0xff, 0xfb, 0xff, 
    0xfe, 0xff, 0xfc, 0xff, 0xfe, 0xff, 0xfb, 0xff, 0xfe, 0xff, 0xfb, 0xfe, 0xfe, 
    0xff, 0xfb, 0xff, 0xfe, 0xff, 0xfa, 0xff, 0xfe, 0xff, 0xfb, 0xff, 0xfe, 0xff, 
    0xfc, 0xfe, 0xfe, 0xff, 0xfc, 0xfe, 0xfe, 0xff, 0xfc, 0xfe, 0xfe, 0xff, 0xfc, 
    0xfe, 0xfe, 0xff, 0xfb, 0xfe, 0xfe, 0xff, 0xfb, 0xff, 0xfe, 0xff, 0xfd, 0xff, 
    0xff, 0xff, 0xfe, 0xff, 0xff, 0xff, 0xfc, 0xfd, 0xfd, 0xff, 0xff, 0xff, 0xff, 
    0xff, 0xe2, 0xe2, 0xe2, 0xff, 0x29, 0x2c, 0x2c, 0xff, 0x00, 0x00, 0x00, 0xff, 
    0x00, 0x02, 0x00, 0xff, 0x20, 0x34, 0x32, 0xff, 0x25, 0x39, 0x37, 0xff, 0x10, 
    0x15, 0x10, 0xff, 0x00, 0x00, 0x00, 0xff, 0x00, 0x00, 0x00, 0xff, 0x0e, 0x11, 
    0x11, 0xff, 0x59, 0x5d, 0x5d, 0xff, 0xbf, 0xc1, 0xc1, 0xff, 0xff, 0xff, 0xff, 
    0xff, 0xff, 0xff, 0xff, 0xff, 0xfb, 0xfc, 0xfc, 0xff, 0xfd, 0xfe, 0xfe, 0xff, 
    0xfe, 0xff, 0xff, 0xff, 0xfe, 0xff, 0xff, 0xff, 0xfe, 0xff, 0xff, 0xff, 0xfe, 
    0xff, 0xff, 0xff, 0xfb, 0xfc, 0xfc, 0xff, 0xff, 0xff, 0xff, 0xff, 0x96, 0x98, 
    0x97, 0xff, 0x0f, 0x12, 0x12, 0xff, 0xf2, 0xf2, 0xf2, 0xff, 0xfe, 0xfe, 0xfe, 
    0xff, 0xfc, 0xfe, 0xfe, 0xff, 0xfb, 0xff, 0xfe, 0xff, 0xfa, 0xff, 0xfe, 0xff, 
    0xfc, 0xff, 0xfe, 0xff, 0xfe, 0xff, 0xff, 0xff, 0xfd, 0xfe, 0xfe, 0xff, 0xfd, 
    0xff, 0xff, 0xff, 0xfc, 0xff, 0xfe, 0xff, 0xfb, 0xff, 0xfe, 0xff, 0xfb, 0xff, 
    0xfe, 0xff, 0xfc, 0xff, 0xfe, 0xff, 0xfc, 0xff, 0xff, 0xff, 0xfe, 0xff, 0xff, 
    0xff, 0xfe, 0xff, 0xff, 0xff, 0xfe, 0xff, 0xff, 0xff, 0xfe, 0xff, 0xff, 0xff, 
    0xfd, 0xfe, 0xfe, 0xff, 0xfd, 0xff, 0xff, 0xff, 0xfd, 0xff, 0xff, 0xff, 0xfd, 
    0xff, 0xff, 0xff, 0xfd, 0xfd, 0xfd, 0xff, 0xfc, 0xfd, 0xfd, 0xff, 0x43, 0x47, 
    0x47, 0xff, 0xbc, 0xbe, 0xbe, 0xff, 0xff, 0xff, 0xff, 0xff, 0xfc, 0xfc, 0xfc, 
    0xff, 0xfe, 0xff, 0xff, 0xff, 0xfe, 0xff, 0xff, 0xff, 0xfe, 0xff, 0xff, 0xff, 
    0xfe, 0xff, 0xff, 0xff, 0xfb, 0xfc, 0xfc, 0xff, 0xff, 0xff, 0xff, 0xff, 0xff, 
    0xff, 0xff, 0xff, 0xd4, 0xd5, 0xd5, 0xff, 0x59, 0x5c, 0x5c, 0xff, 0x04, 0x07, 
    0x06, 0xff, 0x00, 0x00, 0x00, 0xff, 0x00, 0x00, 0x00, 0xff, 0x21, 0x2e, 0x2d, 
    0xff, 0x4e, 0x76, 0x74, 0xff, 0x60, 0x96, 0x9c, 0xff, 0x58, 0x8e, 0x9b, 0xff, 
    0x31, 0x47, 0x50, 0xff, 0x00, 0x00, 0x00, 0xff, 0x00, 0x00, 0x00, 0xff, 0xa3, 
    0xa6, 0xa7, 0xff, 0xff, 0xff, 0xff, 0xff, 0xfb, 0xfc, 0xfc, 0xff, 0xfe, 0xff, 
    0xff, 0xff, 0xfc, 0xfe, 0xfe, 0xff, 0xfc, 0xfe, 0xfe, 0xff, 0xfc, 0xfe, 0xfe, 
    0xff, 0xfb, 0xff, 0xfe, 0xff, 0xfa, 0xff, 0xfe, 0xff, 0xfa, 0xff, 0xfe, 0xff, 
    0xfb, 0xff, 0xfe, 0xff, 0xfa, 0xff, 0xfe, 0xff, 0xfa, 0xff, 0xfe, 0xff, 0xfa, 
    0xff, 0xfe, 0xff, 0xfa, 0xff, 0xfe, 0xff, 0xfb, 0xff, 0xfe, 0xff, 0xfa, 0xff, 
    0xfe, 0xff, 0xfb, 0xff, 0xfe, 0xff, 0xfb, 0xff, 0xfe, 0xff, 0xfa, 0xff, 0xfe, 
    0xff, 0xfa, 0xff, 0xfe, 0xff, 0xfc, 0xfe, 0xfe, 0xff, 0xfd, 0xff, 0xff, 0xff, 
    0xff, 0xff, 0xff, 0xff, 0xff, 0xff, 0xff, 0xff, 0xfe, 0xff, 0xff, 0xff, 0xfe, 
    0xff, 0xff, 0xff, 0xfe, 0xff, 0xff, 0xff, 0xfd, 0xfe, 0xfe, 0xff, 0xfc, 0xff, 
    0xfe, 0xff, 0xfb, 0xff, 0xfe, 0xff, 0xfb, 0xff, 0xfe, 0xff, 0xfa, 0xff, 0xfe, 
    0xff, 0xfb, 0xff, 0xfe, 0xff, 0xfb, 0xff, 0xfe, 0xff, 0xfb, 0xff, 0xfe, 0xff, 
    0xfb, 0xff, 0xfe, 0xff, 0xfc, 0xfe, 0xfe, 0xff, 0xfd, 0xff, 0xfe, 0xff, 0xfc, 
    0xff, 0xfe, 0xff, 0xfb, 0xff, 0xfe, 0xff, 0xfc, 0xfe, 0xfe, 0xff, 0xfc, 0xfe, 
    0xfe, 0xff, 0xfc, 0xfe, 0xfe, 0xff, 0xfe, 0xff, 0xff, 0xff, 0xff, 0xff, 0xff, 
    0xff, 0xfe, 0xfe, 0xfe, 0xff, 0xfc, 0xfd, 0xfd, 0xff, 0xf9, 0xf9, 0xf9, 0xff, 
    0x37, 0x39, 0x3a, 0xff, 0x00, 0x00, 0x00, 0xff, 0x26, 0x3e, 0x45, 0xff, 0x5b, 
    0xb6, 0xd2, 0xff, 0x61, 0xce, 0xff, 0xff, 0x64, 0xcd, 0xff, 0xff, 0x70, 0xc6, 
    0xea, 0xff, 0x63, 0x9b, 0xa8, 0xff, 0x3d, 0x56, 0x54, 0xff, 0x09, 0x08, 0x04, 
    0xff, 0x00, 0x00, 0x00, 0xff, 0x00, 0x01, 0x01, 0xff, 0x51, 0x54, 0x54, 0xff, 
    0xc6, 0xc8, 0xc8, 0xff, 0xff, 0xff, 0xff, 0xff, 0xff, 0xff, 0xff, 0xff, 0xfb, 
    0xfc, 0xfc, 0xff, 0xfe, 0xff, 0xff, 0xff, 0xfe, 0xff, 0xff, 0xff, 0xff, 0xff, 
    0xff, 0xff, 0xfe, 0xff, 0xff, 0xff, 0xfd, 0xfd, 0xfd, 0xff, 0xff, 0xff, 0xff, 
    0xff, 0x87, 0x89, 0x88, 0xff, 0xe3, 0xe4, 0xe4, 0xff, 0xff, 0xff, 0xff, 0xff, 
    0xfe, 0xfe, 0xfe, 0xff, 0xfe, 0xff, 0xff, 0xff, 0xfc, 0xff, 0xfe, 0xff, 0xfd, 
    0xff, 0xff, 0xff, 0xff, 0xff, 0xff, 0xff, 0xff, 0xff, 0xff, 0xff, 0xfe, 0xfe, 
    0xfe, 0xff, 0xff, 0xff, 0xff, 0xff, 0xfd, 0xff, 0xfe, 0xff, 0xfd, 0xff, 0xff, 
    0xff, 0xfe, 0xff, 0xff, 0xff, 0xfe, 0xff, 0xff, 0xff, 0xfc, 0xfc, 0xfc, 0xff, 
    0xfd, 0xfd, 0xfd, 0xff, 0xfe, 0xff, 0xff, 0xff, 0xfd, 0xff, 0xfe, 0xff, 0xfb, 
    0xfe, 0xfe, 0xff, 0xfc, 0xfe, 0xfe, 0xff, 0xfd, 0xff, 0xff, 0xff, 0xfd, 0xff, 
    0xff, 0xff, 0xff, 0xff, 0xff, 0xff, 0xfd, 0xfe, 0xfe, 0xff, 0xec, 0xee, 0xee, 
    0xff, 0xff, 0xff, 0xff, 0xff, 0xfe, 0xfe, 0xfe, 0xff, 0xff, 0xff, 0xff, 0xff, 
    0xff, 0xff, 0xff, 0xff, 0xfe, 0xff, 0xff, 0xff, 0xfd, 0xfe, 0xfe, 0xff, 0xfb, 
    0xfc, 0xfc, 0xff, 0xff, 0xff, 0xff, 0xff, 0xef, 0xf0, 0xf0, 0xff, 0x79, 0x7b, 
    0x7b, 0xff, 0x0b, 0x0f, 0x0e, 0xff, 0x00, 0x00, 0x00, 0xff, 0x00, 0x00, 0x00, 
    0xff, 0x2c, 0x43, 0x46, 0xff, 0x73, 0xb4, 0xb3, 0xff, 0x88, 0xed, 0xf9, 0xff, 
    0x72, 0xe0, 0xff, 0xff, 0x60, 0xd0, 0xff, 0xff, 0x59, 0xcc, 0xff, 0xff, 0x62, 
    0xce, 0xff, 0xff, 0x3e, 0x63, 0x7c, 0xff, 0x01, 0x00, 0x00, 0xff, 0x0b, 0x0e, 
    0x0e, 0xff, 0xdf, 0xe1, 0xe1, 0xff, 0xfe, 0xfe, 0xfe, 0xff, 0xfc, 0xfd, 0xfd, 
    0xff, 0xfd, 0xff, 0xfe, 0xff, 0xfc, 0xfe, 0xfe, 0xff, 0xfb, 0xfe, 0xfe, 0xff, 
    0xfa, 0xff, 0xfe, 0xff, 0xfa, 0xff, 0xfe, 0xff, 0xfa, 0xff, 0xfe, 0xff, 0xfa, 
    0xff, 0xfe, 0xff, 0xfb, 0xff, 0xfe, 0xff, 0xfa, 0xff, 0xfe, 0xff, 0xfa, 0xff, 
    0xfe, 0xff, 0xfa, 0xff, 0xfe, 0xff, 0xfb, 0xff, 0xfe, 0xff, 0xfa, 0xff, 0xfe, 
    0xff, 0xfa, 0xff, 0xfe, 0xff, 0xfc, 0xfe, 0xfe, 0xff, 0xfb, 0xff, 0xfe, 0xff, 
    0xfa, 0xff, 0xfe, 0xff, 0xfb, 0xfe, 0xfe, 0xff, 0xfc, 0xff, 0xfe, 0xff, 0xff, 
    0xff, 0xff, 0xff, 0xff, 0xff, 0xff, 0xff, 0xfe, 0xff, 0xff, 0xff, 0xfe, 0xff, 
    0xff, 0xff, 0xfe, 0xff, 0xff, 0xff, 0xfd, 0xff, 0xff, 0xff, 0xfc, 0xfe, 0xfe, 
    0xff, 0xfb, 0xff, 0xfe, 0xff, 0xf9, 0xff, 0xfe, 0xff, 0xfa, 0xff, 0xfe, 0xff, 
    0xfb, 0xff, 0xfe, 0xff, 0xfc, 0xff, 0xfe, 0xff, 0xfb, 0xff, 0xfe, 0xff, 0xfb, 
    0xff, 0xfe, 0xff, 0xfb, 0xfe, 0xfe, 0xff, 0xfc, 0xff, 0xfe, 0xff, 0xfc, 0xfe, 
    0xfe, 0xff, 0xfc, 0xfe, 0xfe, 0xff, 0xfd, 0xfe, 0xfe, 0xff, 0xfb, 0xff, 0xfe, 
    0xff, 0xfb, 0xff, 0xfe, 0xff, 0xfe, 0xff, 0xff, 0xff, 0xff, 0xff, 0xff, 0xff, 
    0xfa, 0xfb, 0xfb, 0xff, 0xff, 0xff, 0xff, 0xff, 0x8f, 0x92, 0x92, 0xff, 0x00, 
    0x00, 0x00, 0xff, 0x1c, 0x2a, 0x31, 0xff, 0x56, 0xc0, 0xf2, 0xff, 0x48, 0xc2, 
    0xff, 0xff, 0x43, 0xb3, 0xfc, 0xff, 0x44, 0xb3, 0xfd, 0xff, 0x45, 0xb6, 0xff, 
    0xff, 0x53, 0xc4, 0xff, 0xff, 0x67, 0xd2, 0xff, 0xff, 0x70, 0xbc, 0xd2, 0xff, 
    0x47, 0x66, 0x65, 0xff, 0x09, 0x08, 0x05, 0xff, 0x00, 0x00, 0x00, 0xff, 0x02, 
    0x06, 0x06, 0xff, 0x67, 0x69, 0x69, 0xff, 0xe7, 0xe8, 0xe8, 0xff, 0xff, 0xff, 
    0xff, 0xff, 0xfc, 0xfc, 0xfc, 0xff, 0xfd, 0xfe, 0xfe, 0xff, 0xfe, 0xff, 0xff, 
    0xff, 0xfe, 0xff, 0xff, 0xff, 0xfe, 0xff, 0xff, 0xff, 0xfe, 0xfe, 0xfe, 0xff, 
    0xff, 0xff, 0xff, 0xff, 0xff, 0xff, 0xff, 0xff, 0xfe, 0xff, 0xff, 0xff, 0xfe, 
    0xff, 0xff, 0xff, 0xfe, 0xff, 0xff, 0xff, 0xfe, 0xff, 0xff, 0xff, 0xff, 0xff, 
    0xff, 0xff, 0xf7, 0xf8, 0xf8, 0xff, 0xff, 0xff, 0xff, 0xff, 0xff, 0xff, 0xff, 
    0xff, 0xfd, 0xfe, 0xfe, 0xff, 0xff, 0xff, 0xff, 0xff, 0xfe, 0xff, 0xff, 0xff, 
    0xff, 0xff, 0xff, 0xff, 0xfc, 0xfd, 0xfd, 0xff, 0xff, 0xff, 0xff, 0xff, 0xff, 
    0xff, 0xff, 0xff, 0xfe, 0xff, 0xff, 0xff, 0xfd, 0xff, 0xff, 0xff, 0xfc, 0xff, 
    0xff, 0xff, 0xfd, 0xff, 0xff, 0xff, 0xfe, 0xff, 0xff, 0xff, 0xfe, 0xff, 0xff, 
    0xff, 0xfe, 0xff, 0xff, 0xff, 0xff, 0xff, 0xff, 0xff, 0xff, 0xff, 0xff, 0xff, 
    0xfd, 0xfd, 0xfd, 0xff, 0xfe, 0xff, 0xff, 0xff, 0xfe, 0xff, 0xff, 0xff, 0xfe, 
    0xff, 0xff, 0xff, 0xfc, 0xfd, 0xfd, 0xff, 0xff, 0xff, 0xff, 0xff, 0xff, 0xff, 
    0xff, 0xff, 0xb1, 0xb3, 0xb3, 0xff, 0x25, 0x28, 0x27, 0xff, 0x00, 0x00, 0x00, 
    0xff, 0x00, 0x00, 0x00, 0xff, 0x23, 0x30, 0x34, 0xff, 0x69, 0xab, 0xb0, 0xff, 
    0x90, 0xfc, 0xff, 0xff, 0x7b, 0xeb, 0xff, 0xff, 0x4f, 0xbb, 0xfe, 0xff, 0x48, 
    0xae, 0xf9, 0xff, 0x4a, 0xb1, 0xf9, 0xff, 0x4a, 0xb2, 0xf9, 0xff, 0x47, 0xb5, 
    0xfb, 0xff, 0x5c, 0xc3, 0xff, 0xff, 0x25, 0x37, 0x45, 0xff, 0x00, 0x00, 0x00, 
    0xff, 0x69, 0x6d, 0x6d, 0xff, 0xff, 0xff, 0xff, 0xff, 0xfb, 0xfc, 0xfc, 0xff, 
    0xff, 0xff, 0xff, 0xff, 0xfd, 0xff, 0xff, 0xff, 0xfb, 0xfe, 0xfe, 0xff, 0xfa, 
    0xff, 0xfe, 0xff, 0xfa, 0xff, 0xfe, 0xff, 0xfa, 0xff, 0xfe, 0xff, 0xf9, 0xff, 
    0xfe, 0xff, 0xf9, 0xff, 0xfe, 0xff, 0xfa, 0xff, 0xfe, 0xff, 0xfb, 0xff, 0xfe, 
    0xff, 0xfa, 0xff, 0xfe, 0xff, 0xfb, 0xff, 0xfe, 0xff, 0xfb, 0xff, 0xfe, 0xff, 
    0xfa, 0xff, 0xfe, 0xff, 0xfb, 0xfe, 0xfe, 0xff, 0xfb, 0xfe, 0xfe, 0xff, 0xfa, 
    0xff, 0xfe, 0xff, 0xfb, 0xfe, 0xfe, 0xff, 0xfd, 0xff, 0xfe, 0xff, 0xff, 0xff, 
    0xff, 0xff, 0xff, 0xff, 0xff, 0xff, 0xfe, 0xff, 0xff, 0xff, 0xfe, 0xff, 0xff, 
    0xff, 0xfe, 0xff, 0xff, 0xff, 0xfb, 0xfe, 0xfe, 0xff, 0xfb, 0xff, 0xfe, 0xff, 
    0xfb, 0xff, 0xfe, 0xff, 0xfb, 0xff, 0xfe, 0xff, 0xfb, 0xff, 0xfe, 0xff, 0xfb, 
    0xff, 0xfe, 0xff, 0xfc, 0xff, 0xfe, 0xff, 0xfb, 0xff, 0xfe, 0xff, 0xfa, 0xff, 
    0xfe, 0xff, 0xfb, 0xfe, 0xfe, 0xff, 0xfb, 0xff, 0xfe, 0xff, 0xfc, 0xfe, 0xfe, 
    0xff, 0xfc, 0xfe, 0xfe, 0xff, 0xfc, 0xfe, 0xfe, 0xff, 0xfc, 0xff, 0xfe, 0xff, 
    0xfd, 0xff, 0xff, 0xff, 0xfe, 0xff, 0xff, 0xff, 0xfd, 0xfe, 0xfe, 0xff, 0xfe, 
    0xfe, 0xfe, 0xff, 0xf5, 0xf6, 0xf6, 0xff, 0x1e, 0x22, 0x21, 0xff, 0x01, 0x00, 
    0x00, 0xff, 0x3a, 0x83, 0xb2, 0xff, 0x49, 0xc4, 0xff, 0xff, 0x47, 0xb4, 0xf8, 
    0xff, 0x43, 0xb8, 0xfe, 0xff, 0x44, 0xb7, 0xfe, 0xff, 0x45, 0xb2, 0xfb, 0xff, 
    0x42, 0xad, 0xf8, 0xff, 0x40, 0xad, 0xfb, 0xff, 0x47, 0xb9, 0xff, 0xff, 0x63, 
    0xd2, 0xff, 0xff, 0x6a, 0xb9, 0xc9, 0xff, 0x33, 0x48, 0x44, 0xff, 0x00, 0x00, 
    0x00, 0xff, 0x00, 0x00, 0x00, 0xff, 0x1b, 0x1e, 0x1e, 0xff, 0x9f, 0xa1, 0xa1, 
    0xff, 0xff, 0xff, 0xff, 0xff, 0xff, 0xff, 0xff, 0xff, 0xfb, 0xfc, 0xfc, 0xff, 
    0xff, 0xff, 0xff, 0xff, 0xfe, 0xff, 0xff, 0xff, 0xfe, 0xff, 0xff, 0xff, 0xfb, 
    0xfc, 0xfc, 0xff, 0xfd, 0xfe, 0xfe, 0xff, 0xfc, 0xfd, 0xfd, 0xff, 0xfb, 0xfc, 
    0xfc, 0xff, 0xfe, 0xff, 0xff, 0xff, 0xfc, 0xfd, 0xfd, 0xff, 0xff, 0xff, 0xff, 
    0xff, 0xc6, 0xc8, 0xc8, 0xff, 0x3e, 0x43, 0x44, 0xff, 0xf6, 0xf7, 0xf7, 0xff, 
    0xfc, 0xfc, 0xfc, 0xff, 0xfd, 0xfe, 0xfe, 0xff, 0xfe, 0xff, 0xff, 0xff, 0xfb, 
    0xfc, 0xfc, 0xff, 0xff, 0xff, 0xff, 0xff, 0xa8, 0xab, 0xab, 0xff, 0xae, 0xb0, 
    0xb0, 0xff, 0xff, 0xff, 0xff, 0xff, 0xfc, 0xfc, 0xfc, 0xff, 0xff, 0xff, 0xff, 
    0xff, 0xfd, 0xfe, 0xfe, 0xff, 0xfa, 0xfb, 0xfb, 0xff, 0xfe, 0xfe, 0xfe, 0xff, 
    0xff, 0xff, 0xff, 0xff, 0xfe, 0xff, 0xff, 0xff, 0xfc, 0xfe, 0xfe, 0xff, 0xfd, 
    0xfe, 0xfe, 0xff, 0xfe, 0xff, 0xff, 0xff, 0xfe, 0xff, 0xff, 0xff, 0xfb, 0xfb, 
    0xfb, 0xff, 0xff, 0xff, 0xff, 0xff, 0xf6, 0xf7, 0xf7, 0xff, 0x6c, 0x6e, 0x6f, 
    0xff, 0x00, 0x00, 0x00, 0xff, 0x00, 0x00, 0x00, 0xff, 0x0d, 0x11, 0x11, 0xff, 
    0x52, 0x84, 0x89, 0xff, 0x8f, 0xf5, 0xf8, 0xff, 0x8a, 0xfc, 0xff, 0xff, 0x5e, 
    0xc9, 0xfb, 0xff, 0x45, 0xb1, 0xfa, 0xff, 0x48, 0xb2, 0xfa, 0xff, 0x4e, 0xba, 
    0xff, 0xff, 0x4f, 0xbc, 0xff, 0xff, 0x4f, 0xb4, 0xfe, 0xff, 0x54, 0xb0, 0xfb, 
    0xff, 0x56, 0xbc, 0xff, 0xff, 0x4a, 0x8b, 0xc1, 0xff, 0x02, 0x02, 0x01, 0xff, 
    0x0c, 0x10, 0x10, 0xff, 0xe7, 0xe9, 0xe9, 0xff, 0xff, 0xff, 0xff, 0xff, 0xfd, 
    0xfe, 0xfe, 0xff, 0xfc, 0xff, 0xfe, 0xff, 0xfb, 0xff, 0xfe, 0xff, 0xfa, 0xff, 
    0xfe, 0xff, 0xfa, 0xff, 0xfe, 0xff, 0xfb, 0xfe, 0xfe, 0xff, 0xf9, 0xff, 0xfe, 
    0xff, 0xf9, 0xff, 0xfe, 0xff, 0xf9, 0xff, 0xfe, 0xff, 0xfa, 0xff, 0xfe, 0xff, 
    0xfa, 0xff, 0xfe, 0xff, 0xfb, 0xff, 0xfe, 0xff, 0xfb, 0xfe, 0xfe, 0xff, 0xfb, 
    0xff, 0xfe, 0xff, 0xfa, 0xff, 0xfe, 0xff, 0xfa, 0xff, 0xfe, 0xff, 0xfb, 0xff, 
    0xfe, 0xff, 0xfd, 0xfe, 0xfe, 0xff, 0xfe, 0xff, 0xff, 0xff, 0xff, 0xff, 0xff, 
    0xff, 0xff, 0xff, 0xff, 0xff, 0xfe, 0xff, 0xff, 0xff, 0xfe, 0xff, 0xff, 0xff, 
    0xfd, 0xff, 0xff, 0xff, 0xfb, 0xff, 0xfe, 0xff, 0xfb, 0xfe, 0xfe, 0xff, 0xfb, 
    0xff, 0xfe, 0xff, 0xfc, 0xfe, 0xfe, 0xff, 0xfd, 0xff, 0xfe, 0xff, 0xfb, 0xff, 
    0xfe, 0xff, 0xfb, 0xff, 0xfe, 0xff, 0xfb, 0xfe, 0xfe, 0xff, 0xfb, 0xff, 0xfe, 
    0xff, 0xfb, 0xff, 0xfe, 0xff, 0xfb, 0xff, 0xfe, 0xff, 0xfb, 0xff, 0xfe, 0xff, 
    0xfb, 0xff, 0xfe, 0xff, 0xfb, 0xff, 0xfe, 0xff, 0xfc, 0xff, 0xfe, 0xff, 0xfe, 
    0xff, 0xff, 0xff, 0xff, 0xff, 0xff, 0xff, 0xfb, 0xfc, 0xfc, 0xff, 0xff, 0xff, 
    0xff, 0xff, 0xb4, 0xb7, 0xb7, 0xff, 0x00, 0x00, 0x00, 0xff, 0x12, 0x1d, 0x28, 
    0xff, 0x5a, 0xac, 0xf9, 0xff, 0x6f, 0xac, 0xfd, 0xff, 0x7a, 0xad, 0xfd, 0xff, 
    0x69, 0xb0, 0xfe, 0xff, 0x4e, 0xb3, 0xfd, 0xff, 0x4c, 0xbb, 0xff, 0xff, 0x4b, 
    0xbd, 0xff, 0xff, 0x45, 0xaf, 0xfb, 0xff, 0x45, 0xaf, 0xfc, 0xff, 0x40, 0xaa, 
    0xfb, 0xff, 0x4c, 0xbb, 0xff, 0xff, 0x70, 0xd8, 0xff, 0xff, 0x60, 0x99, 0x9e, 
    0xff, 0x18, 0x1e, 0x1b, 0xff, 0x00, 0x00, 0x00, 0xff, 0x00, 0x00, 0x00, 0xff, 
    0x58, 0x5a, 0x5a, 0xff, 0xec, 0xed, 0xee, 0xff, 0xff, 0xff, 0xff, 0xff, 0xfa, 
    0xfb, 0xfb, 0xff, 0xfe, 0xff, 0xff, 0xff, 0xfe, 0xff, 0xff, 0xff, 0xff, 0xff, 
    0xff, 0xff, 0xfe, 0xff, 0xff, 0xff, 0xff, 0xff, 0xff, 0xff, 0xff, 0xff, 0xff, 
    0xff, 0xfd, 0xfe, 0xfe, 0xff, 0xfd, 0xfe, 0xfe, 0xff, 0xfc, 0xfd, 0xfd, 0xff, 
    0xfd, 0xfd, 0xfd, 0xff, 0x3a, 0x3d, 0x3e, 0xff, 0x55, 0x5a, 0x5a, 0xff, 0xff, 
    0xff, 0xff, 0xff, 0xfb, 0xfc, 0xfc, 0xff, 0xfb, 0xfc, 0xfc, 0xff, 0xff, 0xff, 
    0xff, 0xff, 0xb0, 0xb2, 0xb2, 0xff, 0x10, 0x13, 0x13, 0xff, 0xd5, 0xd6, 0xd6, 
    0xff, 0xfe, 0xfe, 0xfe, 0xff, 0xfd, 0xfd, 0xfd, 0xff, 0xfb, 0xfc, 0xfc, 0xff, 
    0xff, 0xff, 0xff, 0xff, 0xff, 0xff, 0xff, 0xff, 0xff, 0xff, 0xff, 0xff, 0xfe, 
    0xff, 0xff, 0xff, 0xfe, 0xff, 0xff, 0xff, 0xff, 0xff, 0xff, 0xff, 0xfe, 0xff, 
    0xff, 0xff, 0xfe, 0xff, 0xff, 0xff, 0xfa, 0xfb, 0xfb, 0xff, 0xff, 0xff, 0xff, 
    0xff, 0xd2, 0xd3, 0xd3, 0xff, 0x31, 0x33, 0x33, 0xff, 0x00, 0x00, 0x00, 0xff, 
    0x00, 0x00, 0x00, 0xff, 0x2b, 0x3f, 0x42, 0xff, 0x77, 0xcf, 0xd5, 0xff, 0x92, 
    0xff, 0xff, 0xff, 0x78, 0xe7, 0xfd, 0xff, 0x4c, 0xb7, 0xfa, 0xff, 0x45, 0xb0, 
    0xfd, 0xff, 0x49, 0xb3, 0xfc, 0xff, 0x56, 0xc5, 0xff, 0xff, 0x4f, 0xaa, 0xe8, 
    0xff, 0x4e, 0x98, 0xd8, 0xff, 0x76, 0xae, 0xfe, 0xff, 0x7d, 0xa6, 0xfd, 0xff, 
    0x76, 0xa9, 0xfe, 0xff, 0x6c, 0xaa, 0xf9, 0xff, 0x19, 0x21, 0x2b, 0xff, 0x00, 
    0x00, 0x00, 0xff, 0x9b, 0x9e, 0x9e, 0xff, 0xff, 0xff, 0xff, 0xff, 0xfa, 0xfb, 
    0xfb, 0xff, 0xfd, 0xfe, 0xfe, 0xff, 0xfa, 0xff, 0xfe, 0xff, 0xfa, 0xff, 0xfe, 
    0xff, 0xfa, 0xff, 0xfe, 0xff, 0xfc, 0xfe, 0xfe, 0xff, 0xfb, 0xff, 0xfe, 0xff, 
    0xfa, 0xff, 0xfe, 0xff, 0xf9, 0xff, 0xfe, 0xff, 0xf9, 0xff, 0xfe, 0xff, 0xfa, 
    0xff, 0xfe, 0xff, 0xfa, 0xff, 0xfe, 0xff, 0xfb, 0xff, 0xfe, 0xff, 0xfb, 0xff, 
    0xfe, 0xff, 0xfb, 0xfe, 0xfe, 0xff, 0xfc, 0xff, 0xfe, 0xff, 0xfc, 0xfe, 0xfe, 
    0xff, 0xfd, 0xff, 0xff, 0xff, 0xfe, 0xff, 0xff, 0xff, 0xff, 0xff, 0xff, 0xff, 
    0xff, 0xff, 0xff, 0xff, 0xfe, 0xff, 0xff, 0xff, 0xfe, 0xff, 0xff, 0xff, 0xfd, 
    0xff, 0xff, 0xff, 0xfc, 0xff, 0xfe, 0xff, 0xfb, 0xff, 0xfe, 0xff, 0xfb, 0xff, 
    0xfe, 0xff, 0xfb, 0xff, 0xfe, 0xff, 0xfa, 0xff, 0xfe, 0xff, 0xfb, 0xff, 0xfe, 
    0xff, 0xfb, 0xff, 0xfe, 0xff, 0xfb, 0xff, 0xfe, 0xff, 0xfa, 0xff, 0xfe, 0xff, 
    0xfa, 0xff, 0xfe, 0xff, 0xfb, 0xff, 0xfe, 0xff, 0xfa, 0xff, 0xfe, 0xff, 0xfb, 
    0xfe, 0xfe, 0xff, 0xfa, 0xff, 0xfe, 0xff, 0xfc, 0xff, 0xfe, 0xff, 0xfd, 0xff, 
    0xff, 0xff, 0xff, 0xff, 0xff, 0xff, 0xfa, 0xfb, 0xfb, 0xff, 0xff, 0xff, 0xff, 
    0xff, 0x65, 0x68, 0x69, 0xff, 0x01, 0x01, 0x01, 0xff, 0x40, 0x57, 0x7a, 0xff, 
    0x87, 0xb5, 0xff, 0xff, 0x7e, 0xa5, 0xfa, 0xff, 0x80, 0xaa, 0xfd, 0xff, 0x80, 
    0xa8, 0xfe, 0xff, 0x80, 0xaa, 0xf5, 0xff, 0x34, 0x53, 0x74, 0xff, 0x39, 0x7f, 
    0xb3, 0xff, 0x50, 0xc0, 0xff, 0xff, 0x44, 0xb0, 0xfc, 0xff, 0x47, 0xb2, 0xfd, 
    0xff, 0x49, 0xb0, 0xfc, 0xff, 0x45, 0xad, 0xfc, 0xff, 0x5e, 0xcc, 0xff, 0xff, 
    0x75, 0xcb, 0xe3, 0xff, 0x37, 0x4e, 0x4e, 0xff, 0x00, 0x00, 0x00, 0xff, 0x00, 
    0x00, 0x00, 0xff, 0x28, 0x2a, 0x2a, 0xff, 0xc7, 0xca, 0xca, 0xff, 0xff, 0xff, 
    0xff, 0xff, 0xfb, 0xfb, 0xfb, 0xff, 0xfe, 0xff, 0xff, 0xff, 0xfc, 0xfd, 0xfd, 
    0xff, 0xff, 0xff, 0xff, 0xff, 0xcc, 0xce, 0xcf, 0xff, 0xa6, 0xa9, 0xaa, 0xff, 
    0xff, 0xff, 0xff, 0xff, 0xff, 0xff, 0xff, 0xff, 0xfa, 0xfb, 0xfb, 0xff, 0xfd, 
    0xfd, 0xfd, 0xff, 0xe7, 0xe8, 0xe8, 0xff, 0x01, 0x03, 0x04, 0xff, 0xac, 0xaf, 
    0xaf, 0xff, 0xfe, 0xfe, 0xfe, 0xff, 0xfb, 0xfb, 0xfb, 0xff, 0xe0, 0xe2, 0xe2, 
    0xff, 0x00, 0x03, 0x03, 0xff, 0xaf, 0xb1, 0xb1, 0xff, 0xff, 0xff, 0xff, 0xff, 
    0xf8, 0xf8, 0xf9, 0xff, 0xfc, 0xfd, 0xfd, 0xff, 0xff, 0xff, 0xff, 0xff, 0xe5, 
    0xe6, 0xe6, 0xff, 0x76, 0x79, 0x79, 0xff, 0xd9, 0xdb, 0xdb, 0xff, 0xff, 0xff, 
    0xff, 0xff, 0xfd, 0xfd, 0xfd, 0xff, 0xfe, 0xff, 0xff, 0xff, 0xfe, 0xff, 0xff, 
    0xff, 0xfb, 0xfb, 0xfb, 0xff, 0xff, 0xff, 0xff, 0xff, 0xaf, 0xb1, 0xb1, 0xff, 
    0x11, 0x13, 0x13, 0xff, 0x00, 0x00, 0x00, 0xff, 0x05, 0x03, 0x04, 0xff, 0x4e, 
    0x77, 0x7f, 0xff, 0x87, 0xf2, 0xfe, 0xff, 0x84, 0xfd, 0xff, 0xff, 0x68, 0xd8, 
    0xf8, 0xff, 0x47, 0xb5, 0xfd, 0xff, 0x44, 0xb0, 0xfd, 0xff, 0x48, 0xb2, 0xfd, 
    0xff, 0x56, 0xc0, 0xff, 0xff, 0x39, 0x71, 0x96, 0xff, 0x1d, 0x26, 0x32, 0xff, 
    0x6c, 0x88, 0xc6, 0xff, 0x84, 0xab, 0xfe, 0xff, 0x7c, 0xa6, 0xfc, 0xff, 0x79, 
    0xa4, 0xfa, 0xff, 0x83, 0xb3, 0xff, 0xff, 0x3b, 0x4f, 0x70, 0xff, 0x01, 0x01, 
    0x01, 0xff, 0x52, 0x56, 0x56, 0xff, 0xff, 0xff, 0xff, 0xff, 0xfb, 0xfc, 0xfc, 
    0xff, 0xfd, 0xff, 0xff, 0xff, 0xfb, 0xff, 0xfe, 0xff, 0xfa, 0xff, 0xfe, 0xff, 
    0xfa, 0xff, 0xfe, 0xff, 0xfa, 0xff, 0xfe, 0xff, 0xf9, 0xff, 0xfe, 0xff, 0xf9, 
    0xff, 0xfe, 0xff, 0xf9, 0xff, 0xfe, 0xff, 0xfa, 0xff, 0xfe, 0xff, 0xfa, 0xff, 
    0xfe, 0xff, 0xfa, 0xff, 0xfe, 0xff, 0xfa, 0xff, 0xfe, 0xff, 0xfb, 0xff, 0xfe, 
    0xff, 0xfc, 0xfe, 0xfe, 0xff, 0xfd, 0xff, 0xff, 0xff, 0xfe, 0xff, 0xff, 0xff, 
    0xfc, 0xfe, 0xfe, 0xff, 0xfe, 0xff, 0xff, 0xff, 0xff, 0xff, 0xff, 0xff, 0xff, 
    0xff, 0xff, 0xff, 0xfe, 0xff, 0xff, 0xff, 0xfe, 0xff, 0xff, 0xff, 0xfe, 0xff, 
    0xff, 0xff, 0xfd, 0xfe, 0xfe, 0xff, 0xfb, 0xff, 0xfe, 0xff, 0xfb, 0xff, 0xfe, 
    0xff, 0xfc, 0xff, 0xfe, 0xff, 0xfc, 0xfe, 0xfe, 0xff, 0xfb, 0xff, 0xfe, 0xff, 
    0xfb, 0xff, 0xfe, 0xff, 0xfa, 0xff, 0xfe, 0xff, 0xf9, 0xff, 0xfe, 0xff, 0xfa, 
    0xff, 0xfe, 0xff, 0xfa, 0xff, 0xfe, 0xff, 0xfa, 0xff, 0xfe, 0xff, 0xfb, 0xff, 
    0xfe, 0xff, 0xfb, 0xfe, 0xfe, 0xff, 0xfd, 0xff, 0xfe, 0xff, 0xfe, 0xff, 0xff, 
    0xff, 0xfd, 0xfe, 0xfe, 0xff, 0xfe, 0xff, 0xff, 0xff, 0xf8, 0xf8, 0xf8, 0xff, 
    0x2b, 0x30, 0x2f, 0xff, 0x00, 0x01, 0x00, 0xff, 0x63, 0x82, 0xb7, 0xff, 0x85, 
    0xb4, 0xff, 0xff, 0x7b, 0xa8, 0xfa, 0xff, 0x7e, 0xaa, 0xfe, 0xff, 0x79, 0xa5, 
    0xfc, 0xff, 0x81, 0xac, 0xfe, 0xff, 0x73, 0x8b, 0xc3, 0xff, 0x12, 0x11, 0x15, 
    0xff, 0x25, 0x4d, 0x6a, 0xff, 0x51, 0xbd, 0xff, 0xff, 0x44, 0xb4, 0xfe, 0xff, 
    0x47, 0xb3, 0xfd, 0xff, 0x49, 0xb4, 0xfe, 0xff, 0x44, 0xad, 0xfa, 0xff, 0x4a, 
    0xb9, 0xff, 0xff, 0x6d, 0xd5, 0xff, 0xff, 0x4b, 0x71, 0x79, 0xff, 0x09, 0x06, 
    0x03, 0xff, 0x00, 0x00, 0x00, 0xff, 0x08, 0x0a, 0x0a, 0xff, 0x9e, 0xa0, 0xa0, 
    0xff, 0xff, 0xff, 0xff, 0xff, 0xfb, 0xfc, 0xfc, 0xff, 0xfc, 0xfc, 0xfd, 0xff, 
    0xfb, 0xfc, 0xfc, 0xff, 0xd5, 0xd6, 0xd7, 0xff, 0x28, 0x2b, 0x2c, 0xff, 0x46, 
    0x49, 0x49, 0xff, 0xf4, 0xf5, 0xf5, 0xff, 0xff, 0xff, 0xff, 0xff, 0xff, 0xff, 
    0xff, 0xff, 0xff, 0xff, 0xff, 0xff, 0x9d, 0x9e, 0x9e, 0xff, 0x17, 0x19, 0x19, 
    0xff, 0xff, 0xff, 0xff, 0xff, 0xff, 0xff, 0xff, 0xff, 0x38, 0x3b, 0x3b, 0xff, 
    0x6e, 0x70, 0x70, 0xff, 0xff, 0xff, 0xff, 0xff, 0xff, 0xff, 0xff, 0xff, 0xff, 
    0xff, 0xff, 0xff, 0xff, 0xff, 0xff, 0xff, 0x97, 0x99, 0x99, 0xff, 0x2a, 0x2b, 
    0x2b, 0xff, 0x89, 0x8b, 0x8b, 0xff, 0xf8, 0xf9, 0xf9, 0xff, 0xfc, 0xfc, 0xfc, 
    0xff, 0xfa, 0xfb, 0xfb, 0xff, 0xfa, 0xfb, 0xfc, 0xff, 0xfb, 0xfb, 0xfb, 0xff, 
    0xff, 0xff, 0xff, 0xff, 0x8d, 0x8f, 0x8f, 0xff, 0x00, 0x00, 0x00, 0xff, 0x00, 
    0x00, 0x00, 0xff, 0x0f, 0x14, 0x17, 0xff, 0x68, 0xae, 0xb7, 0xff, 0x8c, 0xfe, 
    0xff, 0xff, 0x7f, 0xf1, 0xfc, 0xff, 0x68, 0xd8, 0xfb, 0xff, 0x44, 0xb2, 0xfd, 
    0xff, 0x45, 0xb0, 0xfd, 0xff, 0x47, 0xb4, 0xfd, 0xff, 0x58, 0xbc, 0xff, 0xff, 
    0x27, 0x48, 0x62, 0xff, 0x0e, 0x0c, 0x10, 0xff, 0x75, 0x92, 0xcb, 0xff, 0x88, 
    0xb5, 0xff, 0xff, 0x7b, 0xa6, 0xfc, 0xff, 0x7b, 0xa8, 0xfe, 0xff, 0x78, 0xa5, 
    0xfa, 0xff, 0x81, 0xb2, 0xff, 0xff, 0x58, 0x75, 0xa9, 0xff, 0x00, 0x00, 0x00, 
    0xff, 0x1d, 0x22, 0x22, 0xff, 0xf5, 0xf7, 0xf7, 0xff, 0xff, 0xff, 0xff, 0xff, 
    0xfe, 0xfe, 0xfe, 0xff, 0xfe, 0xff, 0xff, 0xff, 0xfb, 0xff, 0xfe, 0xff, 0xfa, 
    0xff, 0xfe, 0xff, 0xfa, 0xff, 0xfe, 0xff, 0xf9, 0xff, 0xfe, 0xff, 0xf9, 0xff, 
    0xfe, 0xff, 0xf9, 0xff, 0xfe, 0xff, 0xfa, 0xff, 0xfe, 0xff, 0xfb, 0xff, 0xfe, 
    0xff, 0xfa, 0xff, 0xfe, 0xff, 0xf9, 0xff, 0xfe, 0xff, 0xfa, 0xff, 0xfe, 0xff, 
    0xfb, 0xfe, 0xfe, 0xff, 0xfc, 0xff, 0xfe, 0xff, 0xfd, 0xff, 0xfe, 0xff, 0xfe, 
    0xff, 0xff, 0xff, 0xfe, 0xff, 0xff, 0xff, 0xff, 0xff, 0xff, 0xff, 0xff, 0xff, 
    0xff, 0xff, 0xfe, 0xff, 0xff, 0xff, 0xff, 0xff, 0xff, 0xff, 0xfe, 0xff, 0xff, 
    0xff, 0xfb, 0xfe, 0xfe, 0xff, 0xfc, 0xfe, 0xfe, 0xff, 0xfb, 0xff, 0xfe, 0xff, 
    0xfc, 0xff, 0xfe, 0xff, 0xfc, 0xff, 0xfe, 0xff, 0xfc, 0xfe, 0xfe, 0xff, 0xfb, 
    0xff, 0xfe, 0xff, 0xfa, 0xff, 0xfe, 0xff, 0xf9, 0xff, 0xfe, 0xff, 0xfa, 0xff, 
    0xfe, 0xff, 0xfb, 0xff, 0xfe, 0xff, 0xfb, 0xff, 0xfe, 0xff, 0xfc, 0xfe, 0xfe, 
    0xff, 0xfc, 0xfe, 0xfe, 0xff, 0xfc, 0xfe, 0xfe, 0xff, 0xfe, 0xff, 0xff, 0xff, 
    0xfc, 0xfd, 0xfd, 0xff, 0xff, 0xff, 0xff, 0xff, 0xd7, 0xd8, 0xd8, 0xff, 0x04, 
    0x07, 0x05, 0xff, 0x08, 0x0c, 0x0c, 0xff, 0x77, 0x9e, 0xe3, 0xff, 0x81, 0xaf, 
    0xff, 0xff, 0x7b, 0xa9, 0xfd, 0xff, 0x7b, 0xa8, 0xfe, 0xff, 0x7c, 0xa8, 0xfe, 
    0xff, 0x79, 0xa5, 0xfc, 0xff, 0x86, 0xb3, 0xff, 0xff, 0x76, 0x99, 0xda, 0xff, 
    0x09, 0x07, 0x0b, 0xff, 0x22, 0x3d, 0x53, 0xff, 0x53, 0xbc, 0xfc, 0xff, 0x42, 
    0xb4, 0xfd, 0xff, 0x42, 0xb1, 0xfd, 0xff, 0x44, 0xb3, 0xfe, 0xff, 0x42, 0xb1, 
    0xfc, 0xff, 0x3e, 0xaf, 0xfd, 0xff, 0x5d, 0xcd, 0xff, 0xff, 0x5d, 0x94, 0xac, 
    0xff, 0x13, 0x15, 0x14, 0xff, 0x00, 0x00, 0x00, 0xff, 0x00, 0x00, 0x00, 0xff, 
    0x82, 0x85, 0x85, 0xff, 0xff, 0xff, 0xff, 0xff, 0xfe, 0xff, 0xff, 0xff, 0xff, 
    0xff, 0xff, 0xff, 0xff, 0xff, 0xff, 0xff, 0xff, 0xff, 0xff, 0xff, 0x54, 0x57, 
    0x57, 0xff, 0x33, 0x35, 0x36, 0xff, 0xdc, 0xde, 0xde, 0xff, 0xd5, 0xd6, 0xd6, 
    0xff, 0xb6, 0xb9, 0xba, 0xff, 0xa2, 0xa6, 0xa7, 0xff, 0x04, 0x07, 0x07, 0xff, 
    0x6f, 0x73, 0x73, 0xff, 0x7d, 0x81, 0x81, 0xff, 0x00, 0x00, 0x00, 0xff, 0x79, 
    0x7c, 0x7c, 0xff, 0x83, 0x86, 0x87, 0xff, 0x8c, 0x8d, 0x8d, 0xff, 0xa5, 0xa8, 
    0xa9, 0xff, 0x5f, 0x64, 0x65, 0xff, 0x00, 0x00, 0x00, 0xff, 0x96, 0x98, 0x99, 
    0xff, 0xf5, 0xf5, 0xf6, 0xff, 0xf6, 0xf7, 0xf8, 0xff, 0xff, 0xff, 0xff, 0xff, 
    0xff, 0xff, 0xff, 0xff, 0xff, 0xff, 0xff, 0xff, 0xff, 0xff, 0xff, 0xff, 0x84, 
    0x86, 0x86, 0xff, 0x00, 0x00, 0x00, 0xff, 0x00, 0x00, 0x00, 0xff, 0x16, 0x21, 
    0x26, 0xff, 0x6f, 0xc7, 0xd3, 0xff, 0x84, 0xfc, 0xff, 0xff, 0x7d, 0xec, 0xf9, 
    0xff, 0x68, 0xd7, 0xfb, 0xff, 0x45, 0xb2, 0xfe, 0xff, 0x45, 0xb0, 0xfd, 0xff, 
    0x44, 0xb1, 0xfc, 0xff, 0x53, 0xba, 0xff, 0xff, 0x20, 0x3b, 0x52, 0xff, 0x0c, 
    0x0b, 0x10, 0xff, 0x7e, 0xa0, 0xdf, 0xff, 0x87, 0xb3, 0xff, 0xff, 0x7b, 0xa6, 
    0xfb, 0xff, 0x7d, 0xa9, 0xfe, 0xff, 0x7b, 0xa8, 0xfe, 0xff, 0x79, 0xa7, 0xfc, 
    0xff, 0x7f, 0xaf, 0xff, 0xff, 0x6d, 0x91, 0xd3, 0xff, 0x03, 0x05, 0x04, 0xff, 
    0x03, 0x05, 0x04, 0xff, 0xd3, 0xd5, 0xd6, 0xff, 0xff, 0xff, 0xff, 0xff, 0xfc, 
    0xfd, 0xfd, 0xff, 0xfe, 0xff, 0xff, 0xff, 0xfd, 0xfe, 0xfe, 0xff, 0xfa, 0xff, 
    0xfe, 0xff, 0xf9, 0xff, 0xfe, 0xff, 0xfa, 0xff, 0xfe, 0xff, 0xf9, 0xff, 0xfe, 
    0xff, 0xf9, 0xff, 0xfe, 0xff, 0xfa, 0xff, 0xfe, 0xff, 0xfa, 0xff, 0xfe, 0xff, 
    0xf9, 0xff, 0xfe, 0xff, 0xf9, 0xff, 0xfe, 0xff, 0xf9, 0xff, 0xfe, 0xff, 0xfa, 
    0xff, 0xfe, 0xff, 0xfb, 0xff, 0xfe, 0xff, 0xfb, 0xff, 0xfe, 0xff, 0xfd, 0xff, 
    0xff, 0xff, 0xfe, 0xff, 0xff, 0xff, 0xff, 0xff, 0xff, 0xff, 0xff, 0xff, 0xff, 
    0xff, 0xfe, 0xff, 0xff, 0xff, 0xfe, 0xff, 0xff, 0xff, 0xfd, 0xff, 0xff, 0xff, 
    0xfc, 0xfe, 0xfe, 0xff, 0xfc, 0xfe, 0xfe, 0xff, 0xfb, 0xff, 0xfe, 0xff, 0xfb, 
    0xff, 0xfe, 0xff, 0xfb, 0xff, 0xfe, 0xff, 0xfc, 0xff, 0xfe, 0xff, 0xfb, 0xff, 
    0xfe, 0xff, 0xfa, 0xff, 0xfe, 0xff, 0xf9, 0xff, 0xfe, 0xff, 0xfa, 0xff, 0xfe, 
    0xff, 0xfb, 0xfe, 0xfe, 0xff, 0xfc, 0xfe, 0xfe, 0xff, 0xfc, 0xff, 0xfe, 0xff, 
    0xfc, 0xfe, 0xfe, 0xff, 0xfc, 0xff, 0xfe, 0xff, 0xfe, 0xff, 0xff, 0xff, 0xfb, 
    0xfb, 0xfb, 0xff, 0xff, 0xff, 0xff, 0xff, 0xa7, 0xa9, 0xa9, 0xff, 0x00, 0x00, 
    0x00, 0xff, 0x1b, 0x24, 0x2d, 0xff, 0x83, 0xaf, 0xfc, 0xff, 0x7c, 0xab, 0xfe, 
    0xff, 0x7b, 0xaa, 0xfe, 0xff, 0x7c, 0xaa, 0xfe, 0xff, 0x7c, 0xa7, 0xfe, 0xff, 
    0x7c, 0xa7, 0xfe, 0xff, 0x78, 0xa2, 0xfa, 0xff, 0x80, 0xad, 0xff, 0xff, 0x73, 
    0x97, 0xd6, 0xff, 0x08, 0x07, 0x09, 0xff, 0x20, 0x39, 0x4f, 0xff, 0x50, 0xbd, 
    0xff, 0xff, 0x41, 0xb2, 0xfc, 0xff, 0x43, 0xb2, 0xfd, 0xff, 0x41, 0xb2, 0xfe, 
    0xff, 0x41, 0xb1, 0xfe, 0xff, 0x3c, 0xac, 0xfa, 0xff, 0x4f, 0xc2, 0xff, 0xff, 
    0x59, 0xa2, 0xd1, 0xff, 0x15, 0x1c, 0x21, 0xff, 0x00, 0x00, 0x00, 0xff, 0x00, 
    0x00, 0x00, 0xff, 0x72, 0x74, 0x74, 0xff, 0xfb, 0xfc, 0xfc, 0xff, 0xd7, 0xd9, 
    0xda, 0xff, 0xa1, 0xa4, 0xa6, 0xff, 0x76, 0x79, 0x7b, 0xff, 0x49, 0x4e, 0x4d, 
    0xff, 0x00, 0x00, 0x00, 0xff, 0x08, 0x09, 0x06, 0xff, 0x05, 0x09, 0x09, 0xff, 
    0x00, 0x00, 0x00, 0xff, 0x00, 0x00, 0x00, 0xff, 0x01, 0x00, 0x00, 0xff, 0x00, 
    0x00, 0x00, 0xff, 0x00, 0x00, 0x00, 0xff, 0x03, 0x02, 0x00, 0xff, 0x00, 0x00, 
    0x00, 0xff, 0x00, 0x00, 0x00, 0xff, 0x00, 0x00, 0x00, 0xff, 0x00, 0x00, 0x00, 
    0xff, 0x00, 0x00, 0x00, 0xff, 0x00, 0x00, 0x00, 0xff, 0x04, 0x04, 0x00, 0xff, 
    0x04, 0x07, 0x01, 0xff, 0x1c, 0x1f, 0x1c, 0xff, 0x3b, 0x3f, 0x3f, 0xff, 0x68, 
    0x6b, 0x6d, 0xff, 0xb4, 0xb6, 0xb7, 0xff, 0x7c, 0x7e, 0x7e, 0xff, 0x00, 0x00, 
    0x00, 0xff, 0x00, 0x00, 0x00, 0xff, 0x1b, 0x2a, 0x2f, 0xff, 0x77, 0xd8, 0xe5, 
    0xff, 0x81, 0xf8, 0xff, 0xff, 0x7b, 0xeb, 0xf9, 0xff, 0x67, 0xd7, 0xfb, 0xff, 
    0x48, 0xb7, 0xfc, 0xff, 0x45, 0xb2, 0xfe, 0xff, 0x45, 0xb2, 0xfb, 0xff, 0x53, 
    0xbe, 0xff, 0xff, 0x24, 0x40, 0x59, 0xff, 0x09, 0x07, 0x08, 0xff, 0x7a, 0x9b, 
    0xd9, 0xff, 0x89, 0xb2, 0xff, 0xff, 0x7c, 0xa5, 0xfa, 0xff, 0x7d, 0xa8, 0xfe, 
    0xff, 0x7b, 0xa8, 0xfe, 0xff, 0x7b, 0xa9, 0xfe, 0xff, 0x7a, 0xa8, 0xfd, 0xff, 
    0x7d, 0xac, 0xff, 0xff, 0x7e, 0xa7, 0xf3, 0xff, 0x13, 0x19, 0x1e, 0xff, 0x00, 
    0x00, 0x00, 0xff, 0xaf, 0xb2, 0xb3, 0xff, 0xff, 0xff, 0xff, 0xff, 0xfb, 0xfb, 
    0xfc, 0xff, 0xfe, 0xff, 0xff, 0xff, 0xfb, 0xff, 0xfe, 0xff, 0xfa, 0xff, 0xfe, 
    0xff, 0xfc, 0xff, 0xfe, 0xff, 0xfc, 0xfe, 0xfe, 0xff, 0xf9, 0xff, 0xfe, 0xff, 
    0xf9, 0xff, 0xfe, 0xff, 0xfa, 0xff, 0xfe, 0xff, 0xfa, 0xff, 0xfe, 0xff, 0xf9, 
    0xff, 0xfe, 0xff, 0xf9, 0xff, 0xfe, 0xff, 0xfa, 0xff, 0xfe, 0xff, 0xfa, 0xff, 
    0xfe, 0xff, 0xfc, 0xfe, 0xfe, 0xff, 0xfb, 0xfe, 0xfe, 0xff, 0xfc, 0xff, 0xfe, 
    0xff, 0xfe, 0xff, 0xff, 0xff, 0xff, 0xff, 0xff, 0xff, 0xff, 0xff, 0xff, 0xff, 
    0xfe, 0xff, 0xff, 0xff, 0xfe, 0xff, 0xff, 0xff, 0xfd, 0xff, 0xff, 0xff, 0xfc, 
    0xfe, 0xfe, 0xff, 0xfd, 0xff, 0xff, 0xff, 0xfd, 0xff, 0xff, 0xff, 0xfc, 0xff, 
    0xfe, 0xff, 0xfb, 0xff, 0xfe, 0xff, 0xfa, 0xff, 0xfe, 0xff, 0xfa, 0xff, 0xfe, 
    0xff, 0xfa, 0xff, 0xfe, 0xff, 0xf9, 0xff, 0xfe, 0xff, 0xfa, 0xff, 0xfe, 0xff, 
    0xfa, 0xff, 0xfe, 0xff, 0xfb, 0xff, 0xfe, 0xff, 0xfa, 0xff, 0xfe, 0xff, 0xfb, 
    0xfe, 0xfe, 0xff, 0xfc, 0xfe, 0xfe, 0xff, 0xfe, 0xff, 0xff, 0xff, 0xfa, 0xfb, 
    0xfb, 0xff, 0xff, 0xff, 0xff, 0xff, 0x7a, 0x7c, 0x7c, 0xff, 0x00, 0x00, 0x00, 
    0xff, 0x2d, 0x3a, 0x4e, 0xff, 0x86, 0xb6, 0xff, 0xff, 0x7a, 0xa8, 0xfc, 0xff, 
    0x7d, 0xaa, 0xfe, 0xff, 0x7b, 0xa8, 0xfe, 0xff, 0x7d, 0xa8, 0xfe, 0xff, 0x7e, 
    0xa9, 0xfe, 0xff, 0x82, 0xad, 0xfe, 0xff, 0x79, 0xa2, 0xfa, 0xff, 0x83, 0xb0, 
    0xff, 0xff, 0x6a, 0x8a, 0xc6, 0xff, 0x00, 0x00, 0x00, 0xff, 0x28, 0x4b, 0x69, 
    0xff, 0x4b, 0xbc, 0xff, 0xff, 0x3f, 0xb0, 0xfb, 0xff, 0x41, 0xb1, 0xfe, 0xff, 
    0x3e, 0xb0, 0xfe, 0xff, 0x40, 0xb2, 0xfe, 0xff, 0x3f, 0xad, 0xfa, 0xff, 0x46, 
    0xb6, 0xff, 0xff, 0x4f, 0xa0, 0xe0, 0xff, 0x16, 0x20, 0x2d, 0xff, 0x00, 0x00, 
    0x00, 0xff, 0x00, 0x00, 0x00, 0xff, 0x25, 0x28, 0x25, 0xff, 0x03, 0x04, 0x00, 
    0xff, 0x00, 0x00, 0x00, 0xff, 0x00, 0x00, 0x00, 0xff, 0x00, 0x00, 0x00, 0xff, 
    0x0c, 0x13, 0x1f, 0xff, 0x08, 0x0d, 0x16, 0xff, 0x06, 0x07, 0x07, 0xff, 0x39, 
    0x6a, 0x80, 0xff, 0x35, 0x6e, 0x96, 0xff, 0x21, 0x4c, 0xac, 0xff, 0x26, 0x54, 
    0xbe, 0xff, 0x25, 0x52, 0xb9, 0xff, 0x22, 0x53, 0xc1, 0xff, 0x24, 0x55, 0xc2, 
    0xff, 0x27, 0x51, 0xaf, 0xff, 0x10, 0x13, 0x23, 0xff, 0x26, 0x48, 0x5b, 0xff, 
    0x2f, 0x5d, 0x76, 0xff, 0x21, 0x41, 0x54, 0xff, 0x10, 0x22, 0x3f, 0xff, 0x09, 
    0x15, 0x2c, 0xff, 0x00, 0x05, 0x0e, 0xff, 0x00, 0x00, 0x00, 0xff, 0x00, 0x00, 
    0x00, 0xff, 0x00, 0x00, 0x00, 0xff, 0x00, 0x00, 0x00, 0xff, 0x00, 0x00, 0x00, 
    0xff, 0x17, 0x26, 0x2c, 0xff, 0x6e, 0xd1, 0xe5, 0xff, 0x7d, 0xf2, 0xff, 0xff, 
    0x77, 0xe7, 0xfa, 0xff, 0x65, 0xd6, 0xfd, 0xff, 0x51, 0xbe, 0xfd, 0xff, 0x4d, 
    0xbc, 0xfd, 0xff, 0x44, 0xb2, 0xfa, 0xff, 0x50, 0xc2, 0xff, 0xff, 0x2f, 0x5c, 
    0x81, 0xff, 0x00, 0x00, 0x00, 0xff, 0x6d, 0x8d, 0xc7, 0xff, 0x8b, 0xb5, 0xff, 
    0xff, 0x7e, 0xa3, 0xfa, 0xff, 0x7f, 0xa8, 0xfe, 0xff, 0x7d, 0xa7, 0xfe, 0xff, 
    0x7d, 0xa8, 0xfe, 0xff, 0x7c, 0xaa, 0xfe, 0xff, 0x7c, 0xa9, 0xfe, 0xff, 0x7c, 
    0xa8, 0xfd, 0xff, 0x85, 0xb1, 0xff, 0xff, 0x24, 0x2d, 0x3d, 0xff, 0x00, 0x00, 
    0x00, 0xff, 0x8d, 0x91, 0x92, 0xff, 0xff, 0xff, 0xff, 0xff, 0xfa, 0xfb, 0xfb, 
    0xff, 0xfe, 0xff, 0xff, 0xff, 0xfd, 0xff, 0xff, 0xff, 0xfb, 0xfe, 0xfe, 0xff, 
    0xfd, 0xfe, 0xff, 0xff, 0xfc, 0xfe, 0xfe, 0xff, 0xfa, 0xff, 0xfe, 0xff, 0xfa, 
    0xff, 0xfe, 0xff, 0xf9, 0xff, 0xfe, 0xff, 0xf9, 0xff, 0xfe, 0xff, 0xfa, 0xff, 
    0xfe, 0xff, 0xfa, 0xff, 0xfe, 0xff, 0xfa, 0xff, 0xfe, 0xff, 0xfa, 0xff, 0xfe, 
    0xff, 0xfb, 0xff, 0xfe, 0xff, 0xfc, 0xfe, 0xfe, 0xff, 0xfd, 0xff, 0xff, 0xff, 
    0xfd, 0xff, 0xff, 0xff, 0xff, 0xff, 0xff, 0xff, 0xff, 0xff, 0xff, 0xff, 0xfe, 
    0xff, 0xff, 0xff, 0xff, 0xff, 0xff, 0xff, 0xfe, 0xff, 0xff, 0xff, 0xfd, 0xfe, 
    0xfe, 0xff, 0xfc, 0xff, 0xfe, 0xff, 0xfd, 0xff, 0xff, 0xff, 0xfd, 0xff, 0xfe, 
    0xff, 0xfb, 0xff, 0xfe, 0xff, 0xfb, 0xff, 0xfe, 0xff, 0xf9, 0xff, 0xfe, 0xff, 
    0xf9, 0xff, 0xfe, 0xff, 0xf9, 0xff, 0xfe, 0xff, 0xfa, 0xff, 0xfe, 0xff, 0xfa, 
    0xff, 0xfe, 0xff, 0xf9, 0xff, 0xfe, 0xff, 0xf9, 0xff, 0xfe, 0xff, 0xfa, 0xff, 
    0xfe, 0xff, 0xfc, 0xff, 0xfe, 0xff, 0xfe, 0xff, 0xff, 0xff, 0xfb, 0xfb, 0xfb, 
    0xff, 0xff, 0xff, 0xff, 0xff, 0x5f, 0x62, 0x62, 0xff, 0x00, 0x00, 0x00, 0xff, 
    0x3e, 0x51, 0x72, 0xff, 0x84, 0xb5, 0xff, 0xff, 0x7a, 0xa7, 0xfa, 0xff, 0x7e, 
    0xab, 0xfe, 0xff, 0x7d, 0xa9, 0xfe, 0xff, 0x7e, 0xaa, 0xfe, 0xff, 0x7e, 0xa9, 
    0xfe, 0xff, 0x80, 0xa8, 0xfe, 0xff, 0x7c, 0xa6, 0xfe, 0xff, 0x77, 0xa0, 0xf8, 
    0xff, 0x83, 0xb1, 0xff, 0xff, 0x56, 0x70, 0xa2, 0xff, 0x00, 0x00, 0x00, 0xff, 
    0x31, 0x66, 0x90, 0xff, 0x48, 0xbd, 0xff, 0xff, 0x3e, 0xae, 0xfb, 0xff, 0x3e, 
    0xb1, 0xfe, 0xff, 0x3e, 0xae, 0xfe, 0xff, 0x3f, 0xad, 0xfe, 0xff, 0x3d, 0xa8, 
    0xfa, 0xff, 0x43, 0xaf, 0xff, 0xff, 0x4b, 0x9f, 0xe6, 0xff, 0x13, 0x1e, 0x28, 
    0xff, 0x00, 0x00, 0x00, 0xff, 0x00, 0x00, 0x00, 0xff, 0x0c, 0x19, 0x31, 0xff, 
    0x1c, 0x36, 0x6a, 0xff, 0x23, 0x4b, 0x9c, 0xff, 0x2b, 0x60, 0xce, 0xff, 0x2b, 
    0x69, 0xef, 0xff, 0x3b, 0x83, 0xe8, 0xff, 0x38, 0x71, 0x8e, 0xff, 0x5d, 0xd2, 
    0xff, 0xff, 0x53, 0xc8, 0xff, 0xff, 0x28, 0x70, 0xff, 0xff, 0x27, 0x6e, 0xff, 
    0xff, 0x25, 0x6e, 0xff, 0xff, 0x28, 0x70, 0xff, 0xff, 0x26, 0x70, 0xff, 0xff, 
    0x27, 0x6d, 0xff, 0xff, 0x30, 0x68, 0xc4, 0xff, 0x54, 0xc4, 0xff, 0xff, 0x55, 
    0xcd, 0xff, 0xff, 0x53, 0xc2, 0xff, 0xff, 0x2f, 0x76, 0xff, 0xff, 0x29, 0x6c, 
    0xfc, 0xff, 0x29, 0x65, 0xe7, 0xff, 0x27, 0x5a, 0xc7, 0xff, 0x22, 0x46, 0x92, 
    0xff, 0x1c, 0x31, 0x53, 0xff, 0x0f, 0x14, 0x17, 0xff, 0x14, 0x25, 0x30, 0xff, 
    0x53, 0xb6, 0xe4, 0xff, 0x54, 0xc9, 0xff, 0xff, 0x55, 0xc1, 0xfa, 0xff, 0x54, 
    0xc0, 0xfe, 0xff, 0x4d, 0xb9, 0xfe, 0xff, 0x4a, 0xb8, 0xfe, 0xff, 0x47, 0xb4, 
    0xfb, 0xff, 0x51, 0xc3, 0xff, 0xff, 0x42, 0x7f, 0xb1, 0xff, 0x00, 0x00, 0x00, 
    0xff, 0x49, 0x61, 0x8e, 0xff, 0x86, 0xb4, 0xff, 0xff, 0x79, 0xa0, 0xf6, 0xff, 
    0x7f, 0xa5, 0xfc, 0xff, 0x80, 0xa6, 0xfe, 0xff, 0x80, 0xa9, 0xfe, 0xff, 0x7f, 
    0xaa, 0xfe, 0xff, 0x7f, 0xab, 0xfe, 0xff, 0x7e, 0xaa, 0xfd, 0xff, 0x7c, 0xa7, 
    0xfb, 0xff, 0x85, 0xb3, 0xff, 0xff, 0x2f, 0x3d, 0x56, 0xff, 0x00, 0x00, 0x00, 
    0xff, 0x6e, 0x71, 0x72, 0xff, 0xff, 0xff, 0xff, 0xff, 0xfa, 0xfb, 0xfb, 0xff, 
    0xfe, 0xff, 0xff, 0xff, 0xfe, 0xff, 0xff, 0xff, 0xfc, 0xff, 0xfe, 0xff, 0xfd, 
    0xfe, 0xfe, 0xff, 0xfc, 0xfe, 0xfe, 0xff, 0xfa, 0xff, 0xfe, 0xff, 0xfa, 0xff, 
    0xfe, 0xff, 0xfa, 0xff, 0xfe, 0xff, 0xf9, 0xff, 0xfe, 0xff, 0xfa, 0xff, 0xfe, 
    0xff, 0xfa, 0xff, 0xfe, 0xff, 0xfa, 0xff, 0xfe, 0xff, 0xfa, 0xff, 0xfe, 0xff, 
    0xfa, 0xff, 0xfe, 0xff, 0xfc, 0xfe, 0xfe, 0xff, 0xfd, 0xfe, 0xfe, 0xff, 0xfe, 
    0xff, 0xff, 0xff, 0xff, 0xff, 0xff, 0xff, 0xff, 0xff, 0xff, 0xff, 0xfe, 0xff, 
    0xff, 0xff, 0xfe, 0xff, 0xff, 0xff, 0xfe, 0xff, 0xff, 0xff, 0xfc, 0xff, 0xfe, 
    0xff, 0xfc, 0xff, 0xfe, 0xff, 0xfb, 0xff, 0xfe, 0xff, 0xfb, 0xfe, 0xfe, 0xff, 
    0xfb, 0xff, 0xfe, 0xff, 0xfa, 0xff, 0xfe, 0xff, 0xfa, 0xff, 0xfe, 0xff, 0xfa, 
    0xff, 0xfe, 0xff, 0xfa, 0xff, 0xfe, 0xff, 0xf9, 0xff, 0xfe, 0xff, 0xfa, 0xff, 
    0xfe, 0xff, 0xfa, 0xff, 0xfe, 0xff, 0xf9, 0xff, 0xfe, 0xff, 0xf9, 0xff, 0xfe, 
    0xff, 0xfc, 0xff, 0xfe, 0xff, 0xfe, 0xff, 0xff, 0xff, 0xfc, 0xfc, 0xfd, 0xff, 
    0xff, 0xff, 0xff, 0xff, 0x4b, 0x4f, 0x4f, 0xff, 0x00, 0x00, 0x00, 0xff, 0x48, 
    0x5e, 0x88, 0xff, 0x82, 0xb2, 0xff, 0xff, 0x7a, 0xa7, 0xfa, 0xff, 0x81, 0xad, 
    0xfe, 0xff, 0x7f, 0xab, 0xfe, 0xff, 0x7e, 0xa9, 0xfe, 0xff, 0x7e, 0xa9, 0xfe, 
    0xff, 0x7d, 0xa7, 0xfe, 0xff, 0x7c, 0xa6, 0xfe, 0xff, 0x7e, 0xa9, 0xff, 0xff, 
    0x7a, 0xa4, 0xff, 0xff, 0x84, 0xb1, 0xff, 0xff, 0x35, 0x44, 0x61, 0xff, 0x00, 
    0x00, 0x00, 0xff, 0x43, 0x93, 0xce, 0xff, 0x42, 0xb7, 0xff, 0xff, 0x3e, 0xad, 
    0xfb, 0xff, 0x3e, 0xae, 0xfe, 0xff, 0x3e, 0xad, 0xfe, 0xff, 0x43, 0xaf, 0xfe, 
    0xff, 0x46, 0xac, 0xfa, 0xff, 0x4b, 0xb9, 0xff, 0xff, 0x50, 0xa5, 0xdf, 0xff, 
    0x44, 0x7d, 0x9d, 0xff, 0x3e, 0x82, 0xda, 0xff, 0x25, 0x6a, 0xfe, 0xff, 0x2b, 
    0x76, 0xff, 0xff, 0x28, 0x73, 0xff, 0xff, 0x25, 0x6f, 0xff, 0xff, 0x20, 0x64, 
    0xfe, 0xff, 0x35, 0x8a, 0xfd, 0xff, 0x57, 0xd1, 0xff, 0xff, 0x4d, 0xc1, 0xfb, 
    0xff, 0x4c, 0xb9, 0xf7, 0xff, 0x25, 0x6f, 0xf4, 0xff, 0x24, 0x69, 0xf9, 0xff, 
    0x23, 0x68, 0xf9, 0xff, 0x26, 0x6b, 0xf9, 0xff, 0x26, 0x6a, 0xf8, 0xff, 0x24, 
    0x69, 0xfb, 0xff, 0x32, 0x80, 0xff, 0xff, 0x4b, 0xb9, 0xfb, 0xff, 0x4b, 0xbc, 
    0xfb, 0xff, 0x43, 0xa9, 0xf8, 0xff, 0x22, 0x66, 0xf8, 0xff, 0x21, 0x67, 0xfc, 
    0xff, 0x22, 0x69, 0xff, 0xff, 0x23, 0x6c, 0xff, 0xff, 0x22, 0x6b, 0xff, 0xff, 
    0x30, 0x7d, 0xff, 0xff, 0x52, 0xac, 0xea, 0xff, 0x51, 0xb5, 0xf2, 0xff, 0x53, 
    0xc4, 0xff, 0xff, 0x4e, 0xba, 0xfc, 0xff, 0x4f, 0xbd, 0xfe, 0xff, 0x4c, 0xb9, 
    0xfd, 0xff, 0x4b, 0xb8, 0xfe, 0xff, 0x49, 0xb6, 0xfc, 0xff, 0x4b, 0xb9, 0xfe, 
    0xff, 0x50, 0xad, 0xee, 0xff, 0x08, 0x0d, 0x13, 0xff, 0x28, 0x34, 0x49, 0xff, 
    0x85, 0xb0, 0xff, 0xff, 0x80, 0xab, 0xff, 0xff, 0x8a, 0xb3, 0xff, 0xff, 0x84, 
    0xac, 0xff, 0xff, 0x80, 0xa6, 0xfe, 0xff, 0x81, 0xaa, 0xfe, 0xff, 0x80, 0xab, 
    0xfe, 0xff, 0x7f, 0xab, 0xfe, 0xff, 0x7f, 0xab, 0xfe, 0xff, 0x7c, 0xa6, 0xfa, 
    0xff, 0x8a, 0xb6, 0xff, 0xff, 0x3c, 0x4b, 0x68, 0xff, 0x00, 0x00, 0x00, 0xff, 
    0x57, 0x59, 0x5a, 0xff, 0xff, 0xff, 0xff, 0xff, 0xfb, 0xfc, 0xfc, 0xff, 0xfe, 
    0xff, 0xff, 0xff, 0xfd, 0xff, 0xff, 0xff, 0xfc, 0xff, 0xfe, 0xff, 0xfb, 0xfe, 
    0xfe, 0xff, 0xfb, 0xfe, 0xfe, 0xff, 0xfa, 0xff, 0xfe, 0xff, 0xfa, 0xff, 0xfe, 
    0xff, 0xfa, 0xff, 0xfe, 0xff, 0xfa, 0xff, 0xfe, 0xff, 0xfa, 0xff, 0xfe, 0xff, 
    0xfb, 0xff, 0xfe, 0xff, 0xfa, 0xff, 0xfe, 0xff, 0xf9, 0xff, 0xfe, 0xff, 0xfa, 
    0xff, 0xfe, 0xff, 0xfb, 0xff, 0xfe, 0xff, 0xfd, 0xff, 0xff, 0xff, 0xfe, 0xff, 
    0xff, 0xff, 0xff, 0xff, 0xff, 0xff, 0xff, 0xff, 0xff, 0xff, 0xfe, 0xff, 0xff, 
    0xff, 0xfe, 0xff, 0xff, 0xff, 0xfe, 0xff, 0xff, 0xff, 0xfd, 0xfe, 0xfe, 0xff, 
    0xfc, 0xff, 0xfe, 0xff, 0xfc, 0xfe, 0xfe, 0xff, 0xfb, 0xfe, 0xfe, 0xff, 0xfb, 
    0xff, 0xfe, 0xff, 0xfa, 0xff, 0xfe, 0xff, 0xfa, 0xff, 0xfe, 0xff, 0xfb, 0xff, 
    0xfe, 0xff, 0xfa, 0xff, 0xfe, 0xff, 0xfa, 0xff, 0xfe, 0xff, 0xfb, 0xfe, 0xfe, 
    0xff, 0xfa, 0xff, 0xfe, 0xff, 0xfa, 0xff, 0xfe, 0xff, 0xfb, 0xfe, 0xfe, 0xff, 
    0xfd, 0xff, 0xff, 0xff, 0xfe, 0xff, 0xff, 0xff, 0xfd, 0xfe, 0xfe, 0xff, 0xff, 
    0xff, 0xff, 0xff, 0x39, 0x3c, 0x3d, 0xff, 0x00, 0x00, 0x00, 0xff, 0x50, 0x66, 
    0x93, 0xff, 0x83, 0xb2, 0xff, 0xff, 0x77, 0xa4, 0xfa, 0xff, 0x7d, 0xa9, 0xfe, 
    0xff, 0x7e, 0xa9, 0xfe, 0xff, 0x7e, 0xaa, 0xfe, 0xff, 0x7f, 0xa9, 0xfe, 0xff, 
    0x80, 0xa8, 0xfe, 0xff, 0x81, 0xa9, 0xfe, 0xff, 0x74, 0x98, 0xe9, 0xff, 0x75, 
    0x99, 0xe8, 0xff, 0x83, 0xb0, 0xff, 0xff, 0x7f, 0xad, 0xff, 0xff, 0x0e, 0x11, 
    0x19, 0xff, 0x11, 0x22, 0x30, 0xff, 0x49, 0xb4, 0xfa, 0xff, 0x3d, 0xac, 0xfd, 
    0xff, 0x3f, 0xae, 0xfd, 0xff, 0x49, 0xb6, 0xfe, 0xff, 0x4d, 0xba, 0xfe, 0xff, 
    0x4f, 0xbc, 0xfe, 0xff, 0x4e, 0xbc, 0xfd, 0xff, 0x50, 0xc0, 0xff, 0xff, 0x5b, 
    0xd1, 0xff, 0xff, 0x3b, 0x95, 0xfd, 0xff, 0x1b, 0x60, 0xf7, 0xff, 0x20, 0x66, 
    0xf7, 0xff, 0x20, 0x66, 0xf7, 0xff, 0x22, 0x68, 0xf9, 0xff, 0x20, 0x62, 0xfa, 
    0xff, 0x2e, 0x7d, 0xf6, 0xff, 0x4f, 0xc1, 0xfa, 0xff, 0x4d, 0xc2, 0xfe, 0xff, 
    0x50, 0xbe, 0xfb, 0xff, 0x29, 0x72, 0xf9, 0xff, 0x25, 0x6a, 0xfe, 0xff, 0x24, 
    0x69, 0xfd, 0xff, 0x23, 0x67, 0xfd, 0xff, 0x23, 0x69, 0xfd, 0xff, 0x22, 0x66, 
    0xfd, 0xff, 0x2f, 0x7b, 0xf7, 0xff, 0x4d, 0xbc, 0xfd, 0xff, 0x4d, 0xc1, 0xff, 
    0xff, 0x41, 0xa2, 0xf8, 0xff, 0x1f, 0x62, 0xf8, 0xff, 0x20, 0x66, 0xfb, 0xff, 
    0x21, 0x66, 0xf8, 0xff, 0x21, 0x65, 0xf6, 0xff, 0x20, 0x61, 0xf4, 0xff, 0x28, 
    0x71, 0xf4, 0xff, 0x4b, 0xb8, 0xff, 0xff, 0x4e, 0xbb, 0xff, 0xff, 0x4e, 0xb9, 
    0xfc, 0xff, 0x4f, 0xbb, 0xfe, 0xff, 0x55, 0xbf, 0xfe, 0xff, 0x54, 0xc0, 0xfe, 
    0xff, 0x51, 0xbc, 0xfe, 0xff, 0x4b, 0xb5, 0xfb, 0xff, 0x53, 0xbe, 0xff, 0xff, 
    0x1f, 0x3f, 0x5d, 0xff, 0x04, 0x04, 0x07, 0xff, 0x77, 0x9f, 0xe8, 0xff, 0x8a, 
    0xb6, 0xff, 0xff, 0x65, 0x82, 0xc0, 0xff, 0x2d, 0x37, 0x51, 0xff, 0x50, 0x64, 
    0x92, 0xff, 0x8b, 0xb2, 0xff, 0xff, 0x82, 0xa9, 0xfc, 0xff, 0x82, 0xab, 0xfe, 
    0xff, 0x80, 0xab, 0xfe, 0xff, 0x7f, 0xaa, 0xfe, 0xff, 0x7c, 0xa6, 0xfa, 0xff, 
    0x89, 0xb5, 0xff, 0xff, 0x3f, 0x4f, 0x70, 0xff, 0x00, 0x00, 0x00, 0xff, 0x3e, 
    0x41, 0x42, 0xff, 0xff, 0xff, 0xff, 0xff, 0xfd, 0xfd, 0xfd, 0xff, 0xfe, 0xff, 
    0xff, 0xff, 0xfc, 0xff, 0xfe, 0xff, 0xfb, 0xfe, 0xfe, 0xff, 0xfb, 0xfe, 0xfe, 
    0xff, 0xfb, 0xfe, 0xfe, 0xff, 0xfb, 0xff, 0xfe, 0xff, 0xfa, 0xff, 0xfe, 0xff, 
    0xfa, 0xff, 0xfe, 0xff, 0xfb, 0xff, 0xfe, 0xff, 0xfc, 0xff, 0xfe, 0xff, 0xfc, 
    0xff, 0xfe, 0xff, 0xfc, 0xfe, 0xfe, 0xff, 0xfb, 0xfe, 0xfe, 0xff, 0xfc, 0xfe, 
    0xfe, 0xff, 0xfc, 0xff, 0xfe, 0xff, 0xfe, 0xff, 0xff, 0xff, 0xfe, 0xff, 0xff, 
    0xff, 0xff, 0xff, 0xff, 0xff, 0xff, 0xff, 0xff, 0xff, 0xfe, 0xff, 0xff, 0xff, 
    0xfe, 0xff, 0xff, 0xff, 0xff, 0xff, 0xff, 0xff, 0xfd, 0xff, 0xfe, 0xff, 0xfb, 
    0xfe, 0xfe, 0xff, 0xfb, 0xff, 0xfe, 0xff, 0xfb, 0xff, 0xfe, 0xff, 0xfa, 0xff, 
    0xfe, 0xff, 0xfa, 0xff, 0xfe, 0xff, 0xfa, 0xfe, 0xfe, 0xff, 0xfa, 0xff, 0xfe, 
    0xff, 0xfa, 0xff, 0xfe, 0xff, 0xfa, 0xff, 0xfe, 0xff, 0xfb, 0xff, 0xfe, 0xff, 
    0xfa, 0xff, 0xfe, 0xff, 0xfc, 0xfe, 0xfe, 0xff, 0xfd, 0xff, 0xfe, 0xff, 0xfe, 
    0xff, 0xff, 0xff, 0xfe, 0xff, 0xff, 0xff, 0xfe, 0xfe, 0xff, 0xff, 0xff, 0xff, 
    0xff, 0xff, 0x33, 0x36, 0x36, 0xff, 0x00, 0x00, 0x00, 0xff, 0x56, 0x6c, 0x9b, 
    0xff, 0x84, 0xb3, 0xff, 0xff, 0x77, 0xa2, 0xfa, 0xff, 0x7b, 0xa6, 0xfe, 0xff, 
    0x7d, 0xa8, 0xfe, 0xff, 0x7e, 0xa8, 0xfe, 0xff, 0x7f, 0xa7, 0xfe, 0xff, 0x7f, 
    0xa6, 0xfb, 0xff, 0x85, 0xae, 0xfc, 0xff, 0x40, 0x51, 0x72, 0xff, 0x0c, 0x0d, 
    0x0f, 0xff, 0x20, 0x29, 0x3d, 0xff, 0x62, 0x87, 0xc0, 0xff, 0x66, 0x8c, 0xc0, 
    0xff, 0x00, 0x00, 0x00, 0xff, 0x2f, 0x67, 0x90, 0xff, 0x49, 0xbf, 0xff, 0xff, 
    0x48, 0xb4, 0xfa, 0xff, 0x4f, 0xbd, 0xfe, 0xff, 0x4e, 0xbd, 0xfe, 0xff, 0x4d, 
    0xbc, 0xfe, 0xff, 0x4c, 0xbc, 0xfe, 0xff, 0x4b, 0xba, 0xfc, 0xff, 0x51, 0xc1, 
    0xfb, 0xff, 0x3b, 0x96, 0xf3, 0xff, 0x1c, 0x5f, 0xf6, 0xff, 0x21, 0x67, 0xf9, 
    0xff, 0x20, 0x66, 0xf9, 0xff, 0x21, 0x67, 0xfa, 0xff, 0x20, 0x64, 0xfb, 0xff, 
    0x2a, 0x78, 0xf8, 0xff, 0x4c, 0xbe, 0xfd, 0xff, 0x4d, 0xc1, 0xff, 0xff, 0x4e, 
    0xbc, 0xfc, 0xff, 0x27, 0x6f, 0xfa, 0xff, 0x25, 0x69, 0xfd, 0xff, 0x24, 0x68, 
    0xfd, 0xff, 0x22, 0x67, 0xfe, 0xff, 0x23, 0x69, 0xfd, 0xff, 0x22, 0x65, 0xfc, 
    0xff, 0x32, 0x84, 0xf8, 0xff, 0x4d, 0xbf, 0xfe, 0xff, 0x4e, 0xc1, 0xff, 0xff, 
    0x3f, 0x9a, 0xf5, 0xff, 0x1d, 0x5f, 0xf6, 0xff, 0x20, 0x66, 0xfa, 0xff, 0x20, 
    0x65, 0xf9, 0xff, 0x21, 0x66, 0xf7, 0xff, 0x1e, 0x60, 0xf7, 0xff, 0x30, 0x7f, 
    0xf7, 0xff, 0x4c, 0xba, 0xfd, 0xff, 0x4a, 0xb6, 0xfd, 0xff, 0x4c, 0xb8, 0xfe, 
    0xff, 0x4c, 0xb9, 0xfd, 0xff, 0x50, 0xba, 0xfe, 0xff, 0x51, 0xbb, 0xfe, 0xff, 
    0x4d, 0xb8, 0xfc, 0xff, 0x4d, 0xbd, 0xff, 0xff, 0x4d, 0xa3, 0xe0, 0xff, 0x05, 
    0x03, 0x03, 0xff, 0x47, 0x77, 0xa9, 0xff, 0x76, 0xac, 0xf0, 0xff, 0x2d, 0x38, 
    0x53, 0xff, 0x0a, 0x0b, 0x0b, 0xff, 0x34, 0x43, 0x56, 0xff, 0x77, 0x96, 0xd0, 
    0xff, 0x89, 0xb0, 0xfb, 0xff, 0x83, 0xaa, 0xfb, 0xff, 0x82, 0xac, 0xfe, 0xff, 
    0x80, 0xaa, 0xfe, 0xff, 0x7f, 0xa9, 0xfe, 0xff, 0x7c, 0xa5, 0xfa, 0xff, 0x8a, 
    0xb5, 0xff, 0xff, 0x42, 0x52, 0x75, 0xff, 0x00, 0x00, 0x00, 0xff, 0x38, 0x3c, 
    0x3d, 0xff, 0xff, 0xff, 0xff, 0xff, 0xfd, 0xfe, 0xfe, 0xff, 0xfe, 0xff, 0xff, 
    0xff, 0xfc, 0xff, 0xfe, 0xff, 0xfb, 0xfe, 0xfe, 0xff, 0xfb, 0xff, 0xfe, 0xff, 
    0xfb, 0xfe, 0xfe, 0xff, 0xfc, 0xfe, 0xfe, 0xff, 0xfb, 0xff, 0xfe, 0xff, 0xfa, 
    0xff, 0xfe, 0xff, 0xfc, 0xff, 0xfe, 0xff, 0xfd, 0xff, 0xfe, 0xff, 0xfc, 0xff, 
    0xfe, 0xff, 0xfc, 0xfe, 0xfe, 0xff, 0xfd, 0xfe, 0xfe, 0xff, 0xfd, 0xfe, 0xfe, 
    0xff, 0xfd, 0xff, 0xfe, 0xff, 0xfe, 0xff, 0xff, 0xff, 0xfe, 0xff, 0xff, 0xff, 
    0xff, 0xff, 0xff, 0xff, 0xff, 0xff, 0xff, 0xff, 0xfe, 0xff, 0xff, 0xff, 0xfe, 
    0xff, 0xff, 0xff, 0xfe, 0xff, 0xff, 0xff, 0xfc, 0xfe, 0xfe, 0xff, 0xfb, 0xfe, 
    0xfe, 0xff, 0xfb, 0xfe, 0xfe, 0xff, 0xfb, 0xfe, 0xfe, 0xff, 0xfb, 0xff, 0xfe, 
    0xff, 0xfb, 0xff, 0xfe, 0xff, 0xfa, 0xff, 0xfe, 0xff, 0xfa, 0xff, 0xfe, 0xff, 
    0xfa, 0xff, 0xfe, 0xff, 0xfb, 0xff, 0xfe, 0xff, 0xfb, 0xff, 0xfe, 0xff, 0xfb, 
    0xff, 0xfe, 0xff, 0xfd, 0xff, 0xfe, 0xff, 0xfe, 0xff, 0xff, 0xff, 0xfe, 0xff, 
    0xff, 0xff, 0xfe, 0xfe, 0xfe, 0xff, 0xff, 0xff, 0xff, 0xff, 0xfc, 0xfd, 0xfd, 
    0xff, 0x2b, 0x2f, 0x2f, 0xff, 0x00, 0x01, 0x00, 0xff, 0x56, 0x6f, 0x9f, 0xff, 
    0x85, 0xb3, 0xff, 0xff, 0x78, 0xa4, 0xfa, 0xff, 0x7d, 0xa7, 0xfe, 0xff, 0x7e, 
    0xa7, 0xfe, 0xff, 0x7e, 0xa7, 0xfe, 0xff, 0x7e, 0xa7, 0xfe, 0xff, 0x81, 0xaa, 
    0xff, 0xff, 0x85, 0xb0, 0xff, 0xff, 0x8a, 0xb4, 0xff, 0xff, 0x73, 0x97, 0xcf, 
    0xff, 0x38, 0x4a, 0x61, 0xff, 0x06, 0x03, 0x04, 0xff, 0x5d, 0x89, 0xb4, 0xff, 
    0x45, 0x76, 0x95, 0xff, 0x3e, 0x88, 0xb6, 0xff, 0x50, 0xc2, 0xff, 0xff, 0x4d, 
    0xb9, 0xfc, 0xff, 0x4d, 0xbb, 0xfe, 0xff, 0x4d, 0xbb, 0xfe, 0xff, 0x4c, 0xbb, 
    0xfe, 0xff, 0x4d, 0xbb, 0xfe, 0xff, 0x4d, 0xbb, 0xfe, 0xff, 0x51, 0xc3, 0xff, 
    0xff, 0x46, 0xa8, 0xf7, 0xff, 0x1d, 0x62, 0xf6, 0xff, 0x21, 0x66, 0xfb, 0xff, 
    0x1f, 0x64, 0xfb, 0xff, 0x21, 0x66, 0xfb, 0xff, 0x22, 0x68, 0xfb, 0xff, 0x27, 
    0x73, 0xfa, 0xff, 0x4a, 0xb9, 0xfd, 0xff, 0x4c, 0xbf, 0xff, 0xff, 0x4e, 0xbe, 
    0xfd, 0xff, 0x2e, 0x7f, 0xfa, 0xff, 0x24, 0x69, 0xfd, 0xff, 0x23, 0x68, 0xfe, 
    0xff, 0x22, 0x68, 0xfe, 0xff, 0x23, 0x69, 0xfe, 0xff, 0x21, 0x64, 0xfb, 0xff, 
    0x36, 0x8d, 0xf8, 0xff, 0x4f, 0xc1, 0xfe, 0xff, 0x51, 0xc2, 0xff, 0xff, 0x3e, 
    0x99, 0xf6, 0xff, 0x1f, 0x62, 0xf5, 0xff, 0x20, 0x66, 0xf8, 0xff, 0x1f, 0x65, 
    0xf9, 0xff, 0x1e, 0x64, 0xf9, 0xff, 0x1b, 0x5e, 0xf7, 0xff, 0x32, 0x89, 0xf6, 
    0xff, 0x4f, 0xbf, 0xfe, 0xff, 0x4a, 0xb8, 0xfd, 0xff, 0x4b, 0xb9, 0xfe, 0xff, 
    0x4b, 0xb9, 0xfd, 0xff, 0x4a, 0xba, 0xfd, 0xff, 0x4b, 0xba, 0xfd, 0xff, 0x4a, 
    0xba, 0xfd, 0xff, 0x4b, 0xba, 0xfe, 0xff, 0x50, 0xb5, 0xf8, 0xff, 0x4a, 0x99, 
    0xce, 0xff, 0x62, 0xca, 0xff, 0xff, 0x37, 0x5c, 0x80, 0xff, 0x20, 0x38, 0x4e, 
    0xff, 0x6e, 0xa6, 0xe0, 0xff, 0x9c, 0xcc, 0xff, 0xff, 0x96, 0xbd, 0xff, 0xff, 
    0x91, 0xb8, 0xff, 0xff, 0x8d, 0xb5, 0xff, 0xff, 0x81, 0xa9, 0xfe, 0xff, 0x80, 
    0xa9, 0xff, 0xff, 0x81, 0xa9, 0xfe, 0xff, 0x7c, 0xa5, 0xfa, 0xff, 0x8a, 0xb5, 
    0xff, 0xff, 0x40, 0x50, 0x74, 0xff, 0x00, 0x00, 0x00, 0xff, 0x38, 0x3b, 0x3c, 
    0xff, 0xff, 0xff, 0xff, 0xff, 0xfd, 0xfe, 0xfe, 0xff, 0xfe, 0xff, 0xff, 0xff, 
    0xfb, 0xff, 0xfe, 0xff, 0xfa, 0xff, 0xfe, 0xff, 0xfb, 0xff, 0xfe, 0xff, 0xfb, 
    0xff, 0xfe, 0xff, 0xfc, 0xfe, 0xfe, 0xff, 0xfc, 0xfe, 0xfe, 0xff, 0xfc, 0xfe, 
    0xfe, 0xff, 0xfb, 0xfe, 0xfe, 0xff, 0xfd, 0xff, 0xfe, 0xff, 0xfd, 0xff, 0xff, 
    0xff, 0xfd, 0xfe, 0xfe, 0xff, 0xfd, 0xff, 0xff, 0xff, 0xfd, 0xff, 0xff, 0xff, 
    0xfd, 0xfe, 0xfe, 0xff, 0xfc, 0xfe, 0xfe, 0xff, 0xfe, 0xff, 0xff, 0xff, 0xff, 
    0xff, 0xff, 0xff, 0xff, 0xff, 0xff, 0xff, 0xfe, 0xff, 0xff, 0xff, 0xff, 0xff, 
    0xff, 0xff, 0xfd, 0xff, 0xff, 0xff, 0xfb, 0xfe, 0xfe, 0xff, 0xfb, 0xff, 0xfe, 
    0xff, 0xfb, 0xff, 0xfe, 0xff, 0xfb, 0xfe, 0xfe, 0xff, 0xfb, 0xfe, 0xfe, 0xff, 
    0xfb, 0xff, 0xfe, 0xff, 0xfc, 0xff, 0xfe, 0xff, 0xfc, 0xff, 0xfe, 0xff, 0xfc, 
    0xfe, 0xfe, 0xff, 0xfb, 0xfe, 0xfe, 0xff, 0xfc, 0xfe, 0xfe, 0xff, 0xfd, 0xfe, 
    0xfe, 0xff, 0xfd, 0xff, 0xfe, 0xff, 0xfe, 0xff, 0xff, 0xff, 0xff, 0xff, 0xff, 
    0xff, 0xfd, 0xfe, 0xfe, 0xff, 0xff, 0xff, 0xff, 0xff, 0xfb, 0xfc, 0xfc, 0xff, 
    0x28, 0x2b, 0x2b, 0xff, 0x00, 0x00, 0x00, 0xff, 0x57, 0x6f, 0xa0, 0xff, 0x85, 
    0xb3, 0xff, 0xff, 0x78, 0xa3, 0xfa, 0xff, 0x7d, 0xa7, 0xfe, 0xff, 0x7e, 0xa7, 
    0xfe, 0xff, 0x7d, 0xa5, 0xfd, 0xff, 0x7d, 0xa6, 0xfe, 0xff, 0x71, 0x93, 0xe1, 
    0xff, 0x69, 0x85, 0xc5, 0xff, 0x6d, 0x8c, 0xcc, 0xff, 0x7d, 0xa5, 0xf2, 0xff, 
    0x87, 0xc2, 0xff, 0xff, 0x60, 0xa2, 0xd8, 0xff, 0x49, 0xa2, 0xdc, 0xff, 0x56, 
    0xc9, 0xff, 0xff, 0x52, 0xc3, 0xff, 0xff, 0x4e, 0xbb, 0xfe, 0xff, 0x4e, 0xbb, 
    0xfe, 0xff, 0x4d, 0xba, 0xfe, 0xff, 0x4c, 0xba, 0xfe, 0xff, 0x4b, 0xbb, 0xfe, 
    0xff, 0x4c, 0xbc, 0xfe, 0xff, 0x4f, 0xbe, 0xfe, 0xff, 0x51, 0xc1, 0xfe, 0xff, 
    0x4c, 0xb6, 0xfa, 0xff, 0x20, 0x69, 0xf6, 0xff, 0x1e, 0x64, 0xfd, 0xff, 0x1f, 
    0x65, 0xfd, 0xff, 0x1f, 0x66, 0xfd, 0xff, 0x21, 0x67, 0xfc, 0xff, 0x2a, 0x73, 
    0xf8, 0xff, 0x4b, 0xb6, 0xfd, 0xff, 0x4d, 0xbf, 0xff, 0xff, 0x53, 0xc3, 0xfd, 
    0xff, 0x33, 0x87, 0xf8, 0xff, 0x21, 0x65, 0xfe, 0xff, 0x23, 0x68, 0xfe, 0xff, 
    0x23, 0x67, 0xfe, 0xff, 0x24, 0x69, 0xfd, 0xff, 0x20, 0x64, 0xfb, 0xff, 0x38, 
    0x93, 0xf9, 0xff, 0x50, 0xc3, 0xff, 0xff, 0x52, 0xc3, 0xfe, 0xff, 0x3e, 0x99, 
    0xf7, 0xff, 0x20, 0x64, 0xf7, 0xff, 0x22, 0x67, 0xf8, 0xff, 0x1e, 0x64, 0xfa, 
    0xff, 0x1c, 0x62, 0xfc, 0xff, 0x1c, 0x60, 0xf8, 0xff, 0x3f, 0xa1, 0xf8, 0xff, 
    0x4d, 0xbf, 0xff, 0xff, 0x4c, 0xbb, 0xfe, 0xff, 0x4e, 0xbd, 0xfe, 0xff, 0x4a, 
    0xba, 0xfe, 0xff, 0x4a, 0xba, 0xfe, 0xff, 0x49, 0xba, 0xfd, 0xff, 0x49, 0xba, 
    0xfe, 0xff, 0x4a, 0xba, 0xfe, 0xff, 0x4a, 0xba, 0xff, 0xff, 0x4c, 0xbf, 0xff, 
    0xff, 0x4b, 0xb8, 0xfc, 0xff, 0x51, 0xb2, 0xf5, 0xff, 0x57, 0xbf, 0xff, 0xff, 
    0x61, 0xa6, 0xed, 0xff, 0x37, 0x41, 0x5d, 0xff, 0x22, 0x2a, 0x39, 0xff, 0x22, 
    0x2b, 0x3a, 0xff, 0x5c, 0x76, 0xaa, 0xff, 0x88, 0xb0, 0xff, 0xff, 0x7e, 0xa7, 
    0xfc, 0xff, 0x82, 0xab, 0xfe, 0xff, 0x7e, 0xa7, 0xfa, 0xff, 0x89, 0xb4, 0xff, 
    0xff, 0x3d, 0x4c, 0x6d, 0xff, 0x00, 0x00, 0x00, 0xff, 0x3c, 0x3f, 0x40, 0xff, 
    0xff, 0xff, 0xff, 0xff, 0xfd, 0xfe, 0xfe, 0xff, 0xfe, 0xfe, 0xff, 0xff, 0xfb, 
    0xff, 0xfe, 0xff, 0xf9, 0xff, 0xfe, 0xff, 0xfd, 0xff, 0xff, 0xff, 0xfe, 0xff, 
    0xff, 0xff, 0xfe, 0xff, 0xff, 0xff, 0xfc, 0xff, 0xfe, 0xff, 0xfd, 0xff, 0xfe, 
    0xff, 0xfc, 0xfe, 0xfe, 0xff, 0xfc, 0xfe, 0xfe, 0xff, 0xfd, 0xff, 0xff, 0xff, 
    0xfd, 0xff, 0xff, 0xff, 0xfe, 0xff, 0xff, 0xff, 0xfd, 0xff, 0xff, 0xff, 0xfd, 
    0xff, 0xfe, 0xff, 0xfd, 0xff, 0xff, 0xff, 0xfe, 0xff, 0xff, 0xff, 0xff, 0xff, 
    0xff, 0xff, 0xff, 0xff, 0xff, 0xff, 0xfe, 0xff, 0xff, 0xff, 0xfe, 0xff, 0xff, 
    0xff, 0xfe, 0xff, 0xff, 0xff, 0xfc, 0xff, 0xfe, 0xff, 0xfb, 0xff, 0xfe, 0xff, 
    0xfb, 0xff, 0xfe, 0xff, 0xfa, 0xff, 0xfe, 0xff, 0xfa, 0xff, 0xfe, 0xff, 0xfb, 
    0xfe, 0xfe, 0xff, 0xfd, 0xff, 0xfe, 0xff, 0xfd, 0xff, 0xfe, 0xff, 0xfc, 0xfe, 
    0xfe, 0xff, 0xfc, 0xfe, 0xfe, 0xff, 0xfb, 0xff, 0xfe, 0xff, 0xfc, 0xfe, 0xfe, 
    0xff, 0xfc, 0xfe, 0xfe, 0xff, 0xfc, 0xff, 0xfe, 0xff, 0xfe, 0xff, 0xff, 0xff, 
    0xfe, 0xfe, 0xff, 0xff, 0xfe, 0xff, 0xff, 0xff, 0xfe, 0xff, 0xff, 0xff, 0x31, 
    0x34, 0x35, 0xff, 0x00, 0x00, 0x00, 0xff, 0x52, 0x69, 0x98, 0xff, 0x86, 0xb4, 
    0xff, 0xff, 0x78, 0xa4, 0xfa, 0xff, 0x7c, 0xa7, 0xfe, 0xff, 0x7d, 0xa6, 0xfe, 
    0xff, 0x7c, 0xa4, 0xfd, 0xff, 0x7f, 0xa8, 0xfc, 0xff, 0x30, 0x3e, 0x57, 0xff, 
    0x0b, 0x0d, 0x0f, 0xff, 0x0f, 0x0d, 0x0f, 0xff, 0x2f, 0x46, 0x61, 0xff, 0x5d, 
    0xb5, 0xf2, 0xff, 0x56, 0xc1, 0xff, 0xff, 0x4e, 0xbd, 0xff, 0xff, 0x4a, 0xb7, 
    0xfa, 0xff, 0x4b, 0xb9, 0xfc, 0xff, 0x4d, 0xbc, 0xfe, 0xff, 0x4d, 0xbc, 0xfe, 
    0xff, 0x4c, 0xbb, 0xfe, 0xff, 0x4d, 0xbb, 0xfe, 0xff, 0x4b, 0xbb, 0xfe, 0xff, 
    0x4b, 0xbb, 0xfe, 0xff, 0x4f, 0xbe, 0xfe, 0xff, 0x51, 0xc0, 0xfe, 0xff, 0x51, 
    0xc1, 0xfd, 0xff, 0x28, 0x77, 0xf7, 0xff, 0x1c, 0x62, 0xfd, 0xff, 0x20, 0x67, 
    0xfd, 0xff, 0x1f, 0x67, 0xfc, 0xff, 0x1f, 0x66, 0xfd, 0xff, 0x29, 0x73, 0xf9, 
    0xff, 0x4f, 0xba, 0xfc, 0xff, 0x4f, 0xbf, 0xff, 0xff, 0x53, 0xc3, 0xfd, 0xff, 
    0x36, 0x8f, 0xf8, 0xff, 0x1f, 0x63, 0xfd, 0xff, 0x22, 0x67, 0xfe, 0xff, 0x22, 
    0x66, 0xfe, 0xff, 0x23, 0x68, 0xfc, 0xff, 0x24, 0x6a, 0xf9, 0xff, 0x40, 0xa1, 
    0xfa, 0xff, 0x4f, 0xc2, 0xff, 0xff, 0x51, 0xc2, 0xff, 0xff, 0x3a, 0x94, 0xf6, 
    0xff, 0x20, 0x65, 0xf8, 0xff, 0x22, 0x67, 0xfa, 0xff, 0x1f, 0x64, 0xfc, 0xff, 
    0x1e, 0x65, 0xfc, 0xff, 0x26, 0x73, 0xf8, 0xff, 0x48, 0xb5, 0xfc, 0xff, 0x4a, 
    0xbc, 0xfe, 0xff, 0x4d, 0xbc, 0xfe, 0xff, 0x4e, 0xbd, 0xfe, 0xff, 0x4c, 0xbb, 
    0xfe, 0xff, 0x4c, 0xbb, 0xfe, 0xff, 0x4a, 0xba, 0xfe, 0xff, 0x4a, 0xba, 0xfe, 
    0xff, 0x49, 0xba, 0xfe, 0xff, 0x4a, 0xba, 0xfd, 0xff, 0x49, 0xb7, 0xfb, 0xff, 
    0x49, 0xb8, 0xfe, 0xff, 0x48, 0xb8, 0xff, 0xff, 0x49, 0xb7, 0xfc, 0xff, 0x54, 
    0xab, 0xec, 0xff, 0x47, 0x76, 0x9e, 0xff, 0x54, 0x6c, 0x93, 0xff, 0x4c, 0x5c, 
    0x81, 0xff, 0x68, 0x86, 0xbf, 0xff, 0x85, 0xaf, 0xff, 0xff, 0x81, 0xa9, 0xfc, 
    0xff, 0x80, 0xaa, 0xfe, 0xff, 0x7d, 0xa6, 0xfb, 0xff, 0x86, 0xb2, 0xff, 0xff, 
    0x35, 0x43, 0x5f, 0xff, 0x00, 0x00, 0x00, 0xff, 0x47, 0x4b, 0x4c, 0xff, 0xff, 
    0xff, 0xff, 0xff, 0xfc, 0xfc, 0xfd, 0xff, 0xfe, 0xff, 0xff, 0xff, 0xfe, 0xff, 
    0xff, 0xff, 0xfd, 0xff, 0xff, 0xff, 0xfe, 0xff, 0xff, 0xff, 0xfc, 0xfc, 0xfc, 
    0xff, 0xfc, 0xfc, 0xfc, 0xff, 0xfe, 0xff, 0xff, 0xff, 0xfe, 0xff, 0xff, 0xff, 
    0xfe, 0xff, 0xff, 0xff, 0xfc, 0xff, 0xfe, 0xff, 0xfb, 0xfe, 0xfe, 0xff, 0xfe, 
    0xff, 0xff, 0xff, 0xfe, 0xff, 0xff, 0xff, 0xfd, 0xff, 0xff, 0xff, 0xfd, 0xff, 
    0xfe, 0xff, 0xfd, 0xff, 0xff, 0xff, 0xfe, 0xff, 0xff, 0xff, 0xff, 0xff, 0xff, 
    0xff, 0xff, 0xff, 0xff, 0xff, 0xfe, 0xff, 0xff, 0xff, 0xfe, 0xff, 0xff, 0xff, 
    0xfe, 0xff, 0xff, 0xff, 0xfb, 0xff, 0xfe, 0xff, 0xfa, 0xff, 0xfe, 0xff, 0xfa, 
    0xff, 0xfe, 0xff, 0xfa, 0xff, 0xfe, 0xff, 0xf9, 0xff, 0xfe, 0xff, 0xfa, 0xff, 
    0xfe, 0xff, 0xfb, 0xff, 0xfe, 0xff, 0xfb, 0xff, 0xfe, 0xff, 0xfc, 0xfe, 0xfe, 
    0xff, 0xfb, 0xff, 0xfe, 0xff, 0xfb, 0xff, 0xfe, 0xff, 0xfb, 0xfe, 0xfe, 0xff, 
    0xfd, 0xfe, 0xff, 0xff, 0xfd, 0xff, 0xfe, 0xff, 0xfd, 0xff, 0xff, 0xff, 0xfe, 
    0xff, 0xff, 0xff, 0xfe, 0xff, 0xff, 0xff, 0xff, 0xff, 0xff, 0xff, 0x31, 0x36, 
    0x36, 0xff, 0x00, 0x00, 0x00, 0xff, 0x48, 0x5d, 0x88, 0xff, 0x85, 0xb2, 0xff, 
    0xff, 0x79, 0xa4, 0xfa, 0xff, 0x7c, 0xa7, 0xfe, 0xff, 0x7d, 0xa7, 0xfe, 0xff, 
    0x7d, 0xa7, 0xfe, 0xff, 0x7d, 0xa7, 0xfe, 0xff, 0x7c, 0xa3, 0xf7, 0xff, 0x71, 
    0x9f, 0xeb, 0xff, 0x5f, 0xa8, 0xe6, 0xff, 0x54, 0xb8, 0xf7, 0xff, 0x4f, 0xbb, 
    0xfe, 0xff, 0x4c, 0xb7, 0xfb, 0xff, 0x4d, 0xb9, 0xfd, 0xff, 0x4d, 0xba, 0xfe, 
    0xff, 0x4c, 0xba, 0xfe, 0xff, 0x4d, 0xba, 0xfd, 0xff, 0x4d, 0xba, 0xfe, 0xff, 
    0x4a, 0xb9, 0xfd, 0xff, 0x4f, 0xbc, 0xfe, 0xff, 0x4b, 0xbc, 0xfe, 0xff, 0x4b, 
    0xbc, 0xfe, 0xff, 0x4d, 0xbd, 0xfe, 0xff, 0x51, 0xc0, 0xfe, 0xff, 0x51, 0xc2, 
    0xfe, 0xff, 0x36, 0x8f, 0xf8, 0xff, 0x1b, 0x61, 0xfa, 0xff, 0x20, 0x68, 0xfd, 
    0xff, 0x20, 0x68, 0xfe, 0xff, 0x22, 0x6b, 0xfc, 0xff, 0x29, 0x74, 0xf8, 0xff, 
    0x4e, 0xb9, 0xfc, 0xff, 0x4f, 0xbf, 0xff, 0xff, 0x51, 0xc3, 0xfe, 0xff, 0x3d, 
    0x9d, 0xf6, 0xff, 0x1d, 0x63, 0xfc, 0xff, 0x22, 0x67, 0xfe, 0xff, 0x22, 0x66, 
    0xfc, 0xff, 0x24, 0x6a, 0xfa, 0xff, 0x27, 0x70, 0xf5, 0xff, 0x4a, 0xb4, 0xfa, 
    0xff, 0x4f, 0xbf, 0xff, 0xff, 0x53, 0xc3, 0xfe, 0xff, 0x3b, 0x93, 0xf6, 0xff, 
    0x1e, 0x63, 0xfb, 0xff, 0x21, 0x67, 0xfd, 0xff, 0x1f, 0x65, 0xfe, 0xff, 0x20, 
    0x67, 0xfb, 0xff, 0x34, 0x8c, 0xf6, 0xff, 0x4c, 0xbe, 0xfe, 0xff, 0x49, 0xb9, 
    0xfd, 0xff, 0x4a, 0xba, 0xfe, 0xff, 0x4a, 0xba, 0xfe, 0xff, 0x4b, 0xbc, 0xfe, 
    0xff, 0x4d, 0xbc, 0xfe, 0xff, 0x4b, 0xbb, 0xfe, 0xff, 0x4a, 0xbb, 0xfe, 0xff, 
    0x49, 0xbb, 0xfe, 0xff, 0x4a, 0xba, 0xfe, 0xff, 0x4a, 0xba, 0xfe, 0xff, 0x4b, 
    0xba, 0xfd, 0xff, 0x49, 0xb8, 0xfe, 0xff, 0x48, 0xb7, 0xfe, 0xff, 0x4a, 0xb9, 
    0xff, 0xff, 0x52, 0xc3, 0xff, 0xff, 0x63, 0xc3, 0xff, 0xff, 0x7e, 0xbe, 0xff, 
    0xff, 0x8b, 0xb3, 0xff, 0xff, 0x83, 0xab, 0xfe, 0xff, 0x82, 0xac, 0xfe, 0xff, 
    0x7f, 0xaa, 0xfe, 0xff, 0x7c, 0xa6, 0xfc, 0xff, 0x84, 0xae, 0xff, 0xff, 0x29, 
    0x34, 0x4a, 0xff, 0x00, 0x00, 0x00, 0xff, 0x60, 0x63, 0x64, 0xff, 0xff, 0xff, 
    0xff, 0xff, 0xfb, 0xfb, 0xfb, 0xff, 0xfe, 0xff, 0xff, 0xff, 0xfe, 0xff, 0xff, 
    0xff, 0xff, 0xff, 0xff, 0xff, 0xfb, 0xfc, 0xfc, 0xff, 0xff, 0xff, 0xff, 0xff, 
    0xff, 0xff, 0xff, 0xff, 0xfe, 0xff, 0xff, 0xff, 0xff, 0xff, 0xff, 0xff, 0xfe, 
    0xff, 0xff, 0xff, 0xfd, 0xff, 0xfe, 0xff, 0xfc, 0xfe, 0xfe, 0xff, 0xfd, 0xff, 
    0xfe, 0xff, 0xfd, 0xff, 0xff, 0xff, 0xfe, 0xff, 0xff, 0xff, 0xfe, 0xff, 0xff, 
    0xff, 0xfd, 0xff, 0xfe, 0xff, 0xfe, 0xff, 0xff, 0xff, 0xff, 0xff, 0xff, 0xff, 
    0xff, 0xff, 0xff, 0xff, 0xfe, 0xff, 0xff, 0xff, 0xff, 0xff, 0xff, 0xff, 0xfd, 
    0xff, 0xff, 0xff, 0xfa, 0xff, 0xfe, 0xff, 0xfa, 0xff, 0xfe, 0xff, 0xfb, 0xff, 
    0xfe, 0xff, 0xfa, 0xff, 0xfe, 0xff, 0xfa, 0xff, 0xfe, 0xff, 0xfa, 0xff, 0xfe, 
    0xff, 0xfa, 0xff, 0xfe, 0xff, 0xfb, 0xff, 0xfe, 0xff, 0xfc, 0xfe, 0xfe, 0xff, 
    0xfc, 0xfe, 0xfe, 0xff, 0xfe, 0xff, 0xff, 0xff, 0xfd, 0xff, 0xff, 0xff, 0xfd, 
    0xff, 0xff, 0xff, 0xfd, 0xfe, 0xfe, 0xff, 0xfd, 0xff, 0xfe, 0xff, 0xfd, 0xfe, 
    0xfe, 0xff, 0xfd, 0xfe, 0xfe, 0xff, 0xff, 0xff, 0xff, 0xff, 0x38, 0x3c, 0x3c, 
    0xff, 0x00, 0x00, 0x00, 0xff, 0x3c, 0x4e, 0x72, 0xff, 0x85, 0xb3, 0xff, 0xff, 
    0x79, 0xa4, 0xfa, 0xff, 0x7c, 0xa7, 0xfe, 0xff, 0x7c, 0xa8, 0xfe, 0xff, 0x7d, 
    0xa7, 0xfe, 0xff, 0x7f, 0xa5, 0xfe, 0xff, 0x74, 0xad, 0xff, 0xff, 0x58, 0xba, 
    0xff, 0xff, 0x4d, 0xbf, 0xff, 0xff, 0x4d, 0xbb, 0xff, 0xff, 0x4f, 0xb8, 0xfe, 
    0xff, 0x4d, 0xb9, 0xfd, 0xff, 0x4c, 0xba, 0xfd, 0xff, 0x4d, 0xba, 0xfe, 0xff, 
    0x4c, 0xba, 0xfe, 0xff, 0x4b, 0xb9, 0xfd, 0xff, 0x4b, 0xb9, 0xfd, 0xff, 0x4b, 
    0xb9, 0xfe, 0xff, 0x4d, 0xba, 0xfe, 0xff, 0x4b, 0xba, 0xfd, 0xff, 0x4a, 0xba, 
    0xfd, 0xff, 0x4b, 0xbb, 0xfd, 0xff, 0x4c, 0xba, 0xfd, 0xff, 0x4e, 0xbd, 0xfe, 
    0xff, 0x44, 0xa9, 0xfa, 0xff, 0x1f, 0x68, 0xf8, 0xff, 0x20, 0x69, 0xfc, 0xff, 
    0x21, 0x69, 0xfd, 0xff, 0x24, 0x6d, 0xfc, 0xff, 0x29, 0x76, 0xfa, 0xff, 0x4e, 
    0xba, 0xfd, 0xff, 0x4e, 0xbd, 0xfe, 0xff, 0x51, 0xc3, 0xff, 0xff, 0x45, 0xa9, 
    0xf7, 0xff, 0x24, 0x6b, 0xf8, 0xff, 0x20, 0x63, 0xfd, 0xff, 0x25, 0x6c, 0xfa, 
    0xff, 0x22, 0x69, 0xf8, 0xff, 0x26, 0x6f, 0xf4, 0xff, 0x4b, 0xb6, 0xfb, 0xff, 
    0x50, 0xbe, 0xff, 0xff, 0x55, 0xc2, 0xfe, 0xff, 0x38, 0x8e, 0xf6, 0xff, 0x1e, 
    0x64, 0xfd, 0xff, 0x21, 0x68, 0xfe, 0xff, 0x22, 0x67, 0xfd, 0xff, 0x1e, 0x64, 
    0xf6, 0xff, 0x41, 0xa4, 0xf9, 0xff, 0x4c, 0xbf, 0xff, 0xff, 0x4a, 0xba, 0xfd, 
    0xff, 0x4b, 0xba, 0xfd, 0xff, 0x4e, 0xbc, 0xfc, 0xff, 0x4d, 0xbb, 0xfc, 0xff, 
    0x4c, 0xbb, 0xfc, 0xff, 0x4c, 0xbc, 0xfd, 0xff, 0x4b, 0xbb, 0xfe, 0xff, 0x4b, 
    0xbc, 0xfe, 0xff, 0x4a, 0xbb, 0xfe, 0xff, 0x4b, 0xbb, 0xfe, 0xff, 0x4b, 0xba, 
    0xfd, 0xff, 0x4b, 0xb9, 0xfd, 0xff, 0x48, 0xb7, 0xfe, 0xff, 0x46, 0xb6, 0xfd, 
    0xff, 0x48, 0xb5, 0xfb, 0xff, 0x45, 0xb5, 0xfa, 0xff, 0x4a, 0xb3, 0xfa, 0xff, 
    0x62, 0xae, 0xfb, 0xff, 0x80, 0xaf, 0xfe, 0xff, 0x84, 0xab, 0xfe, 0xff, 0x7f, 
    0xa9, 0xfe, 0xff, 0x7e, 0xa8, 0xfe, 0xff, 0x80, 0xa9, 0xfe, 0xff, 0x1f, 0x28, 
    0x38, 0xff, 0x00, 0x00, 0x00, 0xff, 0x6e, 0x71, 0x71, 0xff, 0xff, 0xff, 0xff, 
    0xff, 0xfa, 0xfb, 0xfb, 0xff, 0xfe, 0xff, 0xff, 0xff, 0xfe, 0xff, 0xff, 0xff, 
    0xfa, 0xfb, 0xfb, 0xff, 0xff, 0xff, 0xff, 0xff, 0xbc, 0xbe, 0xbe, 0xff, 0xa2, 
    0xa5, 0xa6, 0xff, 0xff, 0xff, 0xff, 0xff, 0xfc, 0xfd, 0xfd, 0xff, 0xff, 0xff, 
    0xff, 0xff, 0xfd, 0xff, 0xfe, 0xff, 0xfb, 0xfe, 0xfe, 0xff, 0xfc, 0xfe, 0xfe, 
    0xff, 0xfc, 0xfe, 0xfe, 0xff, 0xfc, 0xff, 0xfe, 0xff, 0xfd, 0xfe, 0xfe, 0xff, 
    0xfc, 0xfe, 0xfe, 0xff, 0xfe, 0xff, 0xff, 0xff, 0xff, 0xff, 0xff, 0xff, 0xff, 
    0xff, 0xff, 0xff, 0xfe, 0xff, 0xff, 0xff, 0xfe, 0xff, 0xff, 0xff, 0xfd, 0xff, 
    0xff, 0xff, 0xfb, 0xff, 0xfe, 0xff, 0xfa, 0xff, 0xfe, 0xff, 0xfa, 0xff, 0xfe, 
    0xff, 0xf9, 0xff, 0xfe, 0xff, 0xf9, 0xff, 0xfe, 0xff, 0xfa, 0xff, 0xfe, 0xff, 
    0xfb, 0xff, 0xfe, 0xff, 0xfd, 0xff, 0xff, 0xff, 0xfe, 0xff, 0xff, 0xff, 0xfd, 
    0xfe, 0xfe, 0xff, 0xfb, 0xfc, 0xfc, 0xff, 0xfe, 0xff, 0xff, 0xff, 0xfe, 0xff, 
    0xff, 0xff, 0xfe, 0xff, 0xff, 0xff, 0xfe, 0xff, 0xff, 0xff, 0xfe, 0xff, 0xff, 
    0xff, 0xfc, 0xfc, 0xfc, 0xff, 0xff, 0xff, 0xff, 0xff, 0x4f, 0x52, 0x52, 0xff, 
    0x00, 0x00, 0x00, 0xff, 0x30, 0x3c, 0x54, 0xff, 0x85, 0xb3, 0xff, 0xff, 0x79, 
    0xa4, 0xfb, 0xff, 0x7d, 0xa7, 0xfe, 0xff, 0x80, 0xa7, 0xfe, 0xff, 0x80, 0xa8, 
    0xfe, 0xff, 0x6c, 0xb2, 0xfd, 0xff, 0x4f, 0xb9, 0xfd, 0xff, 0x49, 0xb8, 0xfd, 
    0xff, 0x4c, 0xb8, 0xfc, 0xff, 0x4c, 0xb8, 0xfd, 0xff, 0x4c, 0xb8, 0xfe, 0xff, 
    0x4c, 0xb9, 0xfe, 0xff, 0x4b, 0xb9, 0xfd, 0xff, 0x4b, 0xb9, 0xfd, 0xff, 0x4a, 
    0xb9, 0xfe, 0xff, 0x4a, 0xba, 0xfe, 0xff, 0x49, 0xb9, 0xfb, 0xff, 0x4b, 0xb9, 
    0xfa, 0xff, 0x4c, 0xbb, 0xfc, 0xff, 0x49, 0xbb, 0xfe, 0xff, 0x47, 0xba, 0xfd, 
    0xff, 0x48, 0xb7, 0xfa, 0xff, 0x49, 0xb7, 0xfb, 0xff, 0x4a, 0xb8, 0xfd, 0xff, 
    0x50, 0xbd, 0xfd, 0xff, 0x2f, 0x80, 0xf4, 0xff, 0x1e, 0x65, 0xfa, 0xff, 0x21, 
    0x6d, 0xfd, 0xff, 0x21, 0x6d, 0xfc, 0xff, 0x34, 0x8c, 0xfb, 0xff, 0x4f, 0xc0, 
    0xfe, 0xff, 0x4d, 0xbb, 0xfe, 0xff, 0x51, 0xc0, 0xff, 0xff, 0x4f, 0xb4, 0xfa, 
    0xff, 0x26, 0x6f, 0xf7, 0xff, 0x1f, 0x62, 0xfd, 0xff, 0x25, 0x6c, 0xfa, 0xff, 
    0x21, 0x68, 0xf6, 0xff, 0x27, 0x75, 0xf7, 0xff, 0x4f, 0xbd, 0xfd, 0xff, 0x4e, 
    0xbb, 0xfe, 0xff, 0x56, 0xc3, 0xfe, 0xff, 0x3a, 0x91, 0xf7, 0xff, 0x1f, 0x66, 
    0xfb, 0xff, 0x24, 0x6c, 0xfd, 0xff, 0x1d, 0x60, 0xfa, 0xff, 0x2d, 0x7e, 0xf5, 
    0xff, 0x4e, 0xc0, 0xfe, 0xff, 0x4a, 0xbb, 0xfd, 0xff, 0x4b, 0xba, 0xfa, 0xff, 
    0x4e, 0xbe, 0xff, 0xff, 0x52, 0xc4, 0xff, 0xff, 0x50, 0xc5, 0xff, 0xff, 0x4e, 
    0xc2, 0xff, 0xff, 0x4b, 0xbc, 0xff, 0xff, 0x49, 0xb8, 0xfa, 0xff, 0x4a, 0xba, 
    0xfd, 0xff, 0x49, 0xbb, 0xfe, 0xff, 0x4a, 0xba, 0xfe, 0xff, 0x4b, 0xba, 0xfe, 
    0xff, 0x4a, 0xb9, 0xfd, 0xff, 0x4a, 0xb8, 0xfe, 0xff, 0x49, 0xb8, 0xfe, 0xff, 
    0x4a, 0xb8, 0xfe, 0xff, 0x4c, 0xb8, 0xfe, 0xff, 0x4a, 0xb8, 0xfe, 0xff, 0x48, 
    0xb6, 0xfe, 0xff, 0x52, 0xb4, 0xfe, 0xff, 0x76, 0xb0, 0xfe, 0xff, 0x83, 0xaa, 
    0xfd, 0xff, 0x80, 0xac, 0xff, 0xff, 0x78, 0x9e, 0xee, 0xff, 0x12, 0x17, 0x1e, 
    0xff, 0x00, 0x00, 0x00, 0xff, 0x91, 0x94, 0x94, 0xff, 0xff, 0xff, 0xff, 0xff, 
    0xfa, 0xfb, 0xfb, 0xff, 0xfe, 0xff, 0xff, 0xff, 0xfb, 0xfc, 0xfc, 0xff, 0xff, 
    0xff, 0xff, 0xff, 0x9f, 0xa1, 0xa1, 0xff, 0x00, 0x03, 0x03, 0xff, 0xa7, 0xa9, 
    0xa9, 0xff, 0xff, 0xff, 0xff, 0xff, 0xfb, 0xfc, 0xfc, 0xff, 0xfe, 0xff, 0xff, 
    0xff, 0xfd, 0xff, 0xff, 0xff, 0xfb, 0xfe, 0xfe, 0xff, 0xfc, 0xfe, 0xfe, 0xff, 
    0xfb, 0xfe, 0xfe, 0xff, 0xfc, 0xff, 0xfe, 0xff, 0xfd, 0xff, 0xfe, 0xff, 0xfc, 
    0xfe, 0xfe, 0xff, 0xfe, 0xff, 0xff, 0xff, 0xff, 0xff, 0xff, 0xff, 0xff, 0xff, 
    0xff, 0xff, 0xfe, 0xff, 0xff, 0xff, 0xfe, 0xff, 0xff, 0xff, 0xfd, 0xff, 0xff, 
    0xff, 0xfb, 0xfe, 0xfe, 0xff, 0xfb, 0xff, 0xfe, 0xff, 0xfa, 0xff, 0xfe, 0xff, 
    0xf9, 0xff, 0xfe, 0xff, 0xf9, 0xff, 0xfe, 0xff, 0xfa, 0xff, 0xfe, 0xff, 0xfb, 
    0xfe, 0xfe, 0xff, 0xfe, 0xff, 0xff, 0xff, 0xff, 0xff, 0xff, 0xff, 0xff, 0xff, 
    0xff, 0xff, 0xff, 0xff, 0xff, 0xff, 0xfd, 0xfe, 0xfd, 0xff, 0xfe, 0xfe, 0xfe, 
    0xff, 0xfe, 0xff, 0xff, 0xff, 0xfe, 0xff, 0xff, 0xff, 0xfe, 0xff, 0xff, 0xff, 
    0xfa, 0xfb, 0xfb, 0xff, 0xff, 0xff, 0xff, 0xff, 0x69, 0x6c, 0x6c, 0xff, 0x00, 
    0x00, 0x00, 0xff, 0x21, 0x2a, 0x37, 0xff, 0x83, 0xaf, 0xfd, 0xff, 0x79, 0xa6, 
    0xfb, 0xff, 0x80, 0xa7, 0xfe, 0xff, 0x7d, 0xaa, 0xfe, 0xff, 0x61, 0xb4, 0xfe, 
    0xff, 0x4a, 0xb8, 0xfe, 0xff, 0x4a, 0xb8, 0xfe, 0xff, 0x4c, 0xb9, 0xfd, 0xff, 
    0x4c, 0xba, 0xfd, 0xff, 0x4b, 0xba, 0xfd, 0xff, 0x4a, 0xb9, 0xfd, 0xff, 0x4a, 
    0xb9, 0xfd, 0xff, 0x4a, 0xb9, 0xfe, 0xff, 0x4a, 0xb9, 0xfe, 0xff, 0x48, 0xb8, 
    0xfd, 0xff, 0x46, 0xb7, 0xfb, 0xff, 0x4b, 0xc0, 0xff, 0xff, 0x55, 0xcb, 0xff, 
    0xff, 0x55, 0xc8, 0xff, 0xff, 0x50, 0xbf, 0xff, 0xff, 0x4e, 0xc1, 0xff, 0xff, 
    0x50, 0xc7, 0xff, 0xff, 0x4c, 0xc3, 0xff, 0xff, 0x47, 0xb7, 0xfc, 0xff, 0x4f, 
    0xbf, 0xfe, 0xff, 0x4a, 0xad, 0xf7, 0xff, 0x22, 0x6a, 0xf2, 0xff, 0x1e, 0x66, 
    0xfa, 0xff, 0x1e, 0x69, 0xfa, 0xff, 0x3b, 0x9c, 0xfc, 0xff, 0x4e, 0xc0, 0xfe, 
    0xff, 0x4c, 0xba, 0xfe, 0xff, 0x50, 0xbf, 0xff, 0xff, 0x4f, 0xb7, 0xfb, 0xff, 
    0x26, 0x73, 0xf3, 0xff, 0x20, 0x67, 0xfb, 0xff, 0x22, 0x6a, 0xf8, 0xff, 0x1e, 
    0x61, 0xf7, 0xff, 0x35, 0x8a, 0xf8, 0xff, 0x51, 0xc1, 0xfe, 0xff, 0x4c, 0xb9, 
    0xfe, 0xff, 0x54, 0xc2, 0xff, 0xff, 0x41, 0x9e, 0xf8, 0xff, 0x1c, 0x64, 0xf8, 
    0xff, 0x20, 0x68, 0xfb, 0xff, 0x28, 0x74, 0xf5, 0xff, 0x48, 0xb2, 0xfb, 0xff, 
    0x4a, 0xbc, 0xfc, 0xff, 0x4c, 0xbf, 0xff, 0xff, 0x56, 0xcc, 0xff, 0xff, 0x55, 
    0xc1, 0xff, 0xff, 0x4d, 0xad, 0xe5, 0xff, 0x49, 0xa4, 0xd9, 0xff, 0x50, 0xae, 
    0xe6, 0xff, 0x54, 0xc1, 0xff, 0xff, 0x51, 0xca, 0xff, 0xff, 0x4b, 0xbf, 0xff, 
    0xff, 0x4a, 0xb9, 0xfb, 0xff, 0x4b, 0xbb, 0xfe, 0xff, 0x4b, 0xba, 0xfd, 0xff, 
    0x4b, 0xb9, 0xfe, 0xff, 0x4a, 0xb8, 0xfe, 0xff, 0x4b, 0xb8, 0xfe, 0xff, 0x4a, 
    0xb8, 0xfe, 0xff, 0x4a, 0xb8, 0xfe, 0xff, 0x49, 0xb8, 0xfe, 0xff, 0x4c, 0xb9, 
    0xfe, 0xff, 0x49, 0xb6, 0xfe, 0xff, 0x4d, 0xb5, 0xfe, 0xff, 0x66, 0xac, 0xfa, 
    0xff, 0x87, 0xb4, 0xff, 0xff, 0x71, 0x95, 0xdb, 0xff, 0x02, 0x05, 0x04, 0xff, 
    0x00, 0x00, 0x00, 0xff, 0xb8, 0xba, 0xba, 0xff, 0xff, 0xff, 0xff, 0xff, 0xfb, 
    0xfc, 0xfc, 0xff, 0xfc, 0xfc, 0xfd, 0xff, 0xff, 0xff, 0xff, 0xff, 0x97, 0x9a, 
    0x9a, 0xff, 0x00, 0x00, 0x00, 0xff, 0xb2, 0xb4, 0xb4, 0xff, 0xff, 0xff, 0xff, 
    0xff, 0xfc, 0xfd, 0xfd, 0xff, 0xfe, 0xff, 0xff, 0xff, 0xfe, 0xff, 0xff, 0xff, 
    0xfd, 0xff, 0xfe, 0xff, 0xfd, 0xff, 0xfe, 0xff, 0xfc, 0xfe, 0xfe, 0xff, 0xfb, 
    0xfe, 0xfe, 0xff, 0xfc, 0xfe, 0xfe, 0xff, 0xfc, 0xfe, 0xfe, 0xff, 0xfc, 0xff, 
    0xfe, 0xff, 0xfe, 0xff, 0xff, 0xff, 0xff, 0xff, 0xff, 0xff, 0xff, 0xff, 0xff, 
    0xff, 0xfe, 0xff, 0xff, 0xff, 0xff, 0xff, 0xff, 0xff, 0xfd, 0xff, 0xff, 0xff, 
    0xfa, 0xff, 0xfe, 0xff, 0xfa, 0xff, 0xfe, 0xff, 0xfa, 0xff, 0xfe, 0xff, 0xf9, 
    0xff, 0xfe, 0xff, 0xf9, 0xff, 0xfe, 0xff, 0xfa, 0xff, 0xfe, 0xff, 0xfa, 0xff, 
    0xfe, 0xff, 0xf8, 0xfc, 0xfb, 0xff, 0xff, 0xff, 0xff, 0xff, 0x93, 0x96, 0x96, 
    0xff, 0x82, 0x85, 0x86, 0xff, 0xff, 0xff, 0xff, 0xff, 0xfe, 0xfe, 0xfe, 0xff, 
    0xfd, 0xfe, 0xfe, 0xff, 0xff, 0xff, 0xff, 0xff, 0xfe, 0xff, 0xff, 0xff, 0xfa, 
    0xfb, 0xfb, 0xff, 0xff, 0xff, 0xff, 0xff, 0x8f, 0x91, 0x91, 0xff, 0x00, 0x00, 
    0x00, 0xff, 0x12, 0x16, 0x1b, 0xff, 0x80, 0xa9, 0xf3, 0xff, 0x8a, 0xbb, 0xff, 
    0xff, 0x77, 0xad, 0xfe, 0xff, 0x54, 0xb6, 0xfe, 0xff, 0x46, 0xb8, 0xfe, 0xff, 
    0x48, 0xb7, 0xfe, 0xff, 0x4b, 0xb9, 0xfe, 0xff, 0x4d, 0xbb, 0xfd, 0xff, 0x4b, 
    0xba, 0xfe, 0xff, 0x4a, 0xba, 0xfe, 0xff, 0x4b, 0xbb, 0xfe, 0xff, 0x4b, 0xba, 
    0xfe, 0xff, 0x48, 0xb8, 0xfe, 0xff, 0x48, 0xb5, 0xfc, 0xff, 0x4b, 0xbb, 0xff, 
    0xff, 0x53, 0xc7, 0xff, 0xff, 0x46, 0xa0, 0xd7, 0xff, 0x2c, 0x5e, 0x7c, 0xff, 
    0x18, 0x2e, 0x3c, 0xff, 0x0d, 0x1a, 0x21, 0xff, 0x11, 0x24, 0x30, 0xff, 0x26, 
    0x4d, 0x66, 0xff, 0x43, 0x92, 0xc1, 0xff, 0x51, 0xc4, 0xff, 0xff, 0x4a, 0xbd, 
    0xff, 0xff, 0x4f, 0xbe, 0xfd, 0xff, 0x40, 0xa1, 0xf7, 0xff, 0x2b, 0x7d, 0xf5, 
    0xff, 0x35, 0x8e, 0xf9, 0xff, 0x4b, 0xba, 0xfd, 0xff, 0x4b, 0xbc, 0xfe, 0xff, 
    0x4c, 0xbb, 0xfe, 0xff, 0x4e, 0xbb, 0xfe, 0xff, 0x54, 0xbe, 0xfd, 0xff, 0x35, 
    0x8a, 0xf3, 0xff, 0x21, 0x6a, 0xf8, 0xff, 0x22, 0x6a, 0xf9, 0xff, 0x22, 0x68, 
    0xf9, 0xff, 0x42, 0xa3, 0xfa, 0xff, 0x4e, 0xbf, 0xfe, 0xff, 0x4b, 0xb9, 0xfd, 
    0xff, 0x4c, 0xbc, 0xfe, 0xff, 0x4f, 0xba, 0xfd, 0xff, 0x2d, 0x81, 0xf7, 0xff, 
    0x2a, 0x7a, 0xf3, 0xff, 0x49, 0xae, 0xf8, 0xff, 0x4d, 0xbc, 0xfc, 0xff, 0x4f, 
    0xc4, 0xff, 0xff, 0x50, 0xb8, 0xf0, 0xff, 0x31, 0x66, 0x84, 0xff, 0x11, 0x1e, 
    0x26, 0xff, 0x00, 0x00, 0x00, 0xff, 0x00, 0x00, 0x00, 0xff, 0x02, 0x00, 0x00, 
    0xff, 0x0e, 0x17, 0x1d, 0xff, 0x2f, 0x5d, 0x79, 0xff, 0x51, 0xb5, 0xef, 0xff, 
    0x53, 0xc8, 0xff, 0xff, 0x4d, 0xbb, 0xfd, 0xff, 0x4c, 0xbb, 0xfe, 0xff, 0x4d, 
    0xba, 0xfe, 0xff, 0x4c, 0xba, 0xfe, 0xff, 0x4b, 0xb9, 0xfe, 0xff, 0x4c, 0xb8, 
    0xfe, 0xff, 0x4b, 0xb7, 0xfe, 0xff, 0x49, 0xb8, 0xfe, 0xff, 0x4b, 0xba, 0xfe, 
    0xff, 0x4a, 0xb7, 0xfd, 0xff, 0x48, 0xb4, 0xfe, 0xff, 0x4f, 0xb3, 0xf9, 0xff, 
    0x30, 0x44, 0x5e, 0xff, 0x2b, 0x37, 0x4e, 0xff, 0x00, 0x02, 0x02, 0xff, 0x0e, 
    0x11, 0x10, 0xff, 0xe4, 0xe5, 0xe5, 0xff, 0xfe, 0xfe, 0xff, 0xff, 0xfa, 0xfb, 
    0xfb, 0xff, 0xff, 0xff, 0xff, 0xff, 0xbb, 0xbd, 0xbd, 0xff, 0x15, 0x18, 0x18, 
    0xff, 0xc1, 0xc2, 0xc2, 0xff, 0xff, 0xff, 0xff, 0xff, 0xf9, 0xfa, 0xfa, 0xff, 
    0xfb, 0xfb, 0xfb, 0xff, 0xfc, 0xfc, 0xfc, 0xff, 0xfe, 0xff, 0xff, 0xff, 0xfe, 
    0xff, 0xff, 0xff, 0xfd, 0xff, 0xff, 0xff, 0xfb, 0xfe, 0xfe, 0xff, 0xfd, 0xff, 
    0xff, 0xff, 0xfc, 0xff, 0xfe, 0xff, 0xfc, 0xfe, 0xfe, 0xff, 0xfc, 0xff, 0xfe, 
    0xff, 0xfe, 0xff, 0xff, 0xff, 0xff, 0xff, 0xff, 0xff, 0xff, 0xff, 0xff, 0xff, 
    0xfe, 0xff, 0xff, 0xff, 0xfe, 0xff, 0xff, 0xff, 0xfe, 0xff, 0xff, 0xff, 0xfb, 
    0xff, 0xfe, 0xff, 0xfa, 0xff, 0xfe, 0xff, 0xf9, 0xff, 0xfe, 0xff, 0xfa, 0xff, 
    0xfe, 0xff, 0xfa, 0xff, 0xfe, 0xff, 0xfa, 0xff, 0xfe, 0xff, 0xfb, 0xff, 0xfe, 
    0xff, 0xfb, 0xfd, 0xfd, 0xff, 0xfd, 0xfe, 0xfe, 0xff, 0xd2, 0xd3, 0xd3, 0xff, 
    0x13, 0x15, 0x15, 0xff, 0x54, 0x57, 0x58, 0xff, 0xff, 0xff, 0xff, 0xff, 0xff, 
    0xff, 0xff, 0xff, 0xfd, 0xfe, 0xfe, 0xff, 0xfe, 0xff, 0xff, 0xff, 0xfc, 0xfc, 
    0xfc, 0xff, 0xff, 0xff, 0xff, 0xff, 0xc2, 0xc4, 0xc4, 0xff, 0x00, 0x00, 0x00, 
    0xff, 0x03, 0x06, 0x05, 0xff, 0x6a, 0x89, 0xbe, 0xff, 0x52, 0x6e, 0x9a, 0xff, 
    0x4b, 0xab, 0xef, 0xff, 0x48, 0xbb, 0xff, 0xff, 0x4a, 0xb7, 0xfd, 0xff, 0x4c, 
    0xba, 0xfd, 0xff, 0x4e, 0xbb, 0xfe, 0xff, 0x4d, 0xbb, 0xfe, 0xff, 0x4c, 0xba, 
    0xfe, 0xff, 0x51, 0xbd, 0xfe, 0xff, 0x4c, 0xbc, 0xfe, 0xff, 0x4a, 0xba, 0xfe, 
    0xff, 0x47, 0xb6, 0xfd, 0xff, 0x4e, 0xc2, 0xff, 0xff, 0x4d, 0xad, 0xe8, 0xff, 
    0x20, 0x3f, 0x55, 0xff, 0x05, 0x03, 0x04, 0xff, 0x08, 0x0d, 0x0f, 0xff, 0x15, 
    0x28, 0x30, 0xff, 0x19, 0x30, 0x39, 0xff, 0x0e, 0x18, 0x1c, 0xff, 0x00, 0x00, 
    0x00, 0xff, 0x00, 0x00, 0x00, 0xff, 0x26, 0x49, 0x61, 0xff, 0x52, 0xb8, 0xf2, 
    0xff, 0x4b, 0xbe, 0xff, 0xff, 0x4c, 0xbd, 0xfd, 0xff, 0x50, 0xbe, 0xfd, 0xff, 
    0x50, 0xbe, 0xfe, 0xff, 0x4c, 0xbd, 0xfe, 0xff, 0x4e, 0xbd, 0xfe, 0xff, 0x4d, 
    0xbc, 0xfe, 0xff, 0x4d, 0xba, 0xfe, 0xff, 0x55, 0xc0, 0xff, 0xff, 0x42, 0x9f, 
    0xf5, 0xff, 0x1c, 0x61, 0xf6, 0xff, 0x21, 0x67, 0xfb, 0xff, 0x2a, 0x78, 0xf9, 
    0xff, 0x4c, 0xb8, 0xfd, 0xff, 0x4a, 0xbb, 0xfe, 0xff, 0x4b, 0xba, 0xfe, 0xff, 
    0x4b, 0xba, 0xfe, 0xff, 0x4c, 0xbb, 0xfe, 0xff, 0x4f, 0xbb, 0xfd, 0xff, 0x4e, 
    0xb8, 0xfc, 0xff, 0x4c, 0xba, 0xfc, 0xff, 0x51, 0xc5, 0xff, 0xff, 0x48, 0x99, 
    0xc8, 0xff, 0x0f, 0x19, 0x21, 0xff, 0x00, 0x00, 0x00, 0xff, 0x0c, 0x14, 0x19, 
    0xff, 0x24, 0x49, 0x5b, 0xff, 0x32, 0x68, 0x86, 0xff, 0x32, 0x69, 0x89, 0xff, 
    0x25, 0x4b, 0x61, 0xff, 0x10, 0x19, 0x20, 0xff, 0x0d, 0x13, 0x1a, 0xff, 0x3f, 
    0x87, 0xb2, 0xff, 0x52, 0xc3, 0xff, 0xff, 0x4e, 0xba, 0xfc, 0xff, 0x4f, 0xbb, 
    0xfe, 0xff, 0x4f, 0xbc, 0xfe, 0xff, 0x4c, 0xba, 0xfd, 0xff, 0x4c, 0xb9, 0xfd, 
    0xff, 0x4c, 0xb9, 0xfe, 0xff, 0x4c, 0xba, 0xfd, 0xff, 0x4d, 0xba, 0xfe, 0xff, 
    0x55, 0xbe, 0xfd, 0xff, 0x4f, 0xb9, 0xfb, 0xff, 0x4e, 0xbd, 0xff, 0xff, 0x48, 
    0x8f, 0xbc, 0xff, 0x03, 0x04, 0x03, 0xff, 0x00, 0x00, 0x00, 0xff, 0x2b, 0x2e, 
    0x2e, 0xff, 0xff, 0xff, 0xff, 0xff, 0xfe, 0xfe, 0xfe, 0xff, 0xfc, 0xfc, 0xfd, 
    0xff, 0xff, 0xff, 0xff, 0xff, 0xe0, 0xe1, 0xe1, 0xff, 0xe8, 0xe9, 0xe9, 0xff, 
    0xff, 0xff, 0xff, 0xff, 0xf7, 0xf9, 0xf9, 0xff, 0xff, 0xff, 0xff, 0xff, 0xff, 
    0xff, 0xff, 0xff, 0xff, 0xff, 0xff, 0xff, 0xfe, 0xff, 0xff, 0xff, 0xff, 0xff, 
    0xff, 0xff, 0xfe, 0xff, 0xff, 0xff, 0xfc, 0xff, 0xfe, 0xff, 0xfe, 0xff, 0xff, 
    0xff, 0xfc, 0xff, 0xfe, 0xff, 0xfd, 0xfe, 0xfe, 0xff, 0xfe, 0xff, 0xff, 0xff, 
    0xfe, 0xff, 0xff, 0xff, 0xff, 0xff, 0xff, 0xff, 0xff, 0xff, 0xff, 0xff, 0xfe, 
    0xff, 0xff, 0xff, 0xfe, 0xff, 0xff, 0xff, 0xfe, 0xff, 0xff, 0xff, 0xfb, 0xff, 
    0xfe, 0xff, 0xfa, 0xff, 0xfe, 0xff, 0xfa, 0xff, 0xfe, 0xff, 0xfb, 0xff, 0xfe, 
    0xff, 0xfb, 0xff, 0xfe, 0xff, 0xfc, 0xff, 0xfe, 0xff, 0xfe, 0xff, 0xff, 0xff, 
    0xff, 0xff, 0xff, 0xff, 0xfd, 0xfd, 0xfd, 0xff, 0xff, 0xff, 0xff, 0xff, 0xe5, 
    0xe6, 0xe6, 0xff, 0x25, 0x26, 0x26, 0xff, 0x3f, 0x42, 0x43, 0xff, 0xf7, 0xf8, 
    0xf8, 0xff, 0xfd, 0xfd, 0xfd, 0xff, 0xfd, 0xfe, 0xfe, 0xff, 0xfe, 0xfe, 0xfe, 
    0xff, 0xfe, 0xfe, 0xfe, 0xff, 0xf3, 0xf3, 0xf4, 0xff, 0x1e, 0x21, 0x20, 0xff, 
    0x02, 0x04, 0x05, 0xff, 0x06, 0x05, 0x08, 0xff, 0x1a, 0x2f, 0x3b, 0xff, 0x67, 
    0xd3, 0xf7, 0xff, 0x59, 0xc7, 0xfc, 0xff, 0x4c, 0xba, 0xfd, 0xff, 0x4f, 0xbc, 
    0xfe, 0xff, 0x4e, 0xba, 0xfe, 0xff, 0x4f, 0xbb, 0xfe, 0xff, 0x53, 0xbd, 0xfe, 
    0xff, 0x50, 0xbc, 0xfd, 0xff, 0x4a, 0xba, 0xfd, 0xff, 0x48, 0xb8, 0xfc, 0xff, 
    0x4b, 0xbf, 0xfe, 0xff, 0x41, 0x92, 0xc3, 0xff, 0x14, 0x1e, 0x28, 0xff, 0x24, 
    0x47, 0x5b, 0xff, 0x44, 0x97, 0xc5, 0xff, 0x50, 0xbb, 0xf8, 0xff, 0x54, 0xc6, 
    0xff, 0xff, 0x53, 0xc8, 0xff, 0xff, 0x53, 0xbf, 0xfa, 0xff, 0x47, 0x98, 0xc3, 
    0xff, 0x20, 0x3d, 0x4f, 0xff, 0x00, 0x00, 0x00, 0xff, 0x19, 0x2b, 0x3b, 0xff, 
    0x52, 0xba, 0xf6, 0xff, 0x4a, 0xbc, 0xfd, 0xff, 0x49, 0xb9, 0xfd, 0xff, 0x4a, 
    0xba, 0xfe, 0xff, 0x4c, 0xbc, 0xfe, 0xff, 0x4f, 0xbe, 0xfe, 0xff, 0x4e, 0xbd, 
    0xfe, 0xff, 0x4f, 0xbb, 0xfe, 0xff, 0x51, 0xbc, 0xfe, 0xff, 0x53, 0xba, 0xfb, 
    0xff, 0x31, 0x81, 0xf2, 0xff, 0x1c, 0x62, 0xf8, 0xff, 0x3e, 0x9d, 0xf8, 0xff, 
    0x4e, 0xc0, 0xfe, 0xff, 0x4b, 0xba, 0xfe, 0xff, 0x4c, 0xbc, 0xfe, 0xff, 0x4b, 
    0xbb, 0xfe, 0xff, 0x4b, 0xba, 0xfe, 0xff, 0x4a, 0xb9, 0xfe, 0xff, 0x4a, 0xb7, 
    0xfb, 0xff, 0x50, 0xc2, 0xff, 0xff, 0x4a, 0x9b, 0xcd, 0xff, 0x03, 0x03, 0x05, 
    0xff, 0x07, 0x0a, 0x0e, 0xff, 0x3b, 0x77, 0x99, 0xff, 0x55, 0xbd, 0xf4, 0xff, 
    0x58, 0xcb, 0xff, 0xff, 0x56, 0xcc, 0xff, 0xff, 0x55, 0xca, 0xff, 0xff, 0x57, 
    0xca, 0xff, 0xff, 0x56, 0xc3, 0xff, 0xff, 0x42, 0x87, 0xb0, 0xff, 0x27, 0x42, 
    0x59, 0xff, 0x4f, 0xaf, 0xe8, 0xff, 0x52, 0xc0, 0xfe, 0xff, 0x4f, 0xba, 0xfd, 
    0xff, 0x4e, 0xbb, 0xfe, 0xff, 0x4d, 0xbb, 0xfe, 0xff, 0x4f, 0xbb, 0xfe, 0xff, 
    0x4e, 0xba, 0xfe, 0xff, 0x4c, 0xba, 0xfe, 0xff, 0x4d, 0xba, 0xfe, 0xff, 0x4d, 
    0xb9, 0xfe, 0xff, 0x55, 0xbe, 0xfd, 0xff, 0x53, 0xba, 0xfa, 0xff, 0x4e, 0xc1, 
    0xff, 0xff, 0x4c, 0x99, 0xcd, 0xff, 0x10, 0x16, 0x1b, 0xff, 0x00, 0x00, 0x00, 
    0xff, 0x5c, 0x60, 0x60, 0xff, 0xfe, 0xff, 0xff, 0xff, 0xfd, 0xfd, 0xfd, 0xff, 
    0xfd, 0xfe, 0xfe, 0xff, 0xff, 0xff, 0xff, 0xff, 0xff, 0xff, 0xff, 0xff, 0xfd, 
    0xfd, 0xfe, 0xff, 0xff, 0xff, 0xff, 0xff, 0xf0, 0xf1, 0xf1, 0xff, 0x88, 0x89, 
    0x89, 0xff, 0xa3, 0xa6, 0xa5, 0xff, 0xff, 0xff, 0xff, 0xff, 0xfc, 0xfd, 0xfd, 
    0xff, 0xfe, 0xff, 0xff, 0xff, 0xfe, 0xff, 0xff, 0xff, 0xfe, 0xff, 0xff, 0xff, 
    0xfc, 0xfe, 0xfe, 0xff, 0xfd, 0xfe, 0xfe, 0xff, 0xfd, 0xfe, 0xfe, 0xff, 0xfd, 
    0xff, 0xff, 0xff, 0xff, 0xff, 0xff, 0xff, 0xff, 0xff, 0xff, 0xff, 0xfe, 0xff, 
    0xff, 0xff, 0xff, 0xff, 0xff, 0xff, 0xfd, 0xff, 0xff, 0xff, 0xfa, 0xff, 0xfe, 
    0xff, 0xfb, 0xff, 0xfe, 0xff, 0xfa, 0xff, 0xfe, 0xff, 0xfa, 0xff, 0xfe, 0xff, 
    0xfc, 0xfe, 0xfe, 0xff, 0xfd, 0xff, 0xfe, 0xff, 0xfe, 0xff, 0xff, 0xff, 0xfc, 
    0xfc, 0xfc, 0xff, 0xfd, 0xfe, 0xfe, 0xff, 0xfb, 0xfc, 0xfc, 0xff, 0xff, 0xff, 
    0xff, 0xff, 0xf7, 0xf8, 0xf8, 0xff, 0x35, 0x37, 0x37, 0xff, 0x41, 0x46, 0x45, 
    0xff, 0xff, 0xff, 0xff, 0xff, 0xfd, 0xfd, 0xfd, 0xff, 0xfc, 0xfd, 0xfd, 0xff, 
    0xfe, 0xff, 0xff, 0xff, 0xf7, 0xf7, 0xf7, 0xff, 0x2e, 0x32, 0x31, 0xff, 0x00, 
    0x00, 0x00, 0xff, 0x1d, 0x31, 0x35, 0xff, 0x7f, 0xe8, 0xf3, 0xff, 0x71, 0xe3, 
    0xfe, 0xff, 0x4d, 0xba, 0xfc, 0xff, 0x4b, 0xb8, 0xfe, 0xff, 0x4a, 0xb8, 0xfe, 
    0xff, 0x4c, 0xbb, 0xfd, 0xff, 0x4e, 0xbc, 0xfe, 0xff, 0x4d, 0xba, 0xfe, 0xff, 
    0x4b, 0xba, 0xfd, 0xff, 0x4a, 0xba, 0xfd, 0xff, 0x4a, 0xb9, 0xfd, 0xff, 0x4e, 
    0xbe, 0xfd, 0xff, 0x37, 0x6e, 0x94, 0xff, 0x44, 0x96, 0xc6, 0xff, 0x58, 0xd0, 
    0xff, 0xff, 0x50, 0xc5, 0xff, 0xff, 0x4b, 0xbc, 0xff, 0xff, 0x48, 0xb9, 0xfd, 
    0xff, 0x48, 0xb9, 0xfc, 0xff, 0x49, 0xbc, 0xff, 0xff, 0x4f, 0xc7, 0xff, 0xff, 
    0x56, 0xc9, 0xff, 0xff, 0x3b, 0x76, 0x9a, 0xff, 0x00, 0x00, 0x00, 0xff, 0x22, 
    0x42, 0x58, 0xff, 0x53, 0xc7, 0xff, 0xff, 0x48, 0xb9, 0xfb, 0xff, 0x4c, 0xbc, 
    0xfe, 0xff, 0x4c, 0xbd, 0xfe, 0xff, 0x4d, 0xbd, 0xfe, 0xff, 0x4e, 0xbc, 0xfe, 
    0xff, 0x4f, 0xbb, 0xfe, 0xff, 0x4f, 0xba, 0xfe, 0xff, 0x51, 0xbc, 0xff, 0xff, 
    0x4e, 0xb7, 0xfc, 0xff, 0x43, 0xa5, 0xf8, 0xff, 0x4d, 0xbc, 0xfe, 0xff, 0x4b, 
    0xbc, 0xfe, 0xff, 0x4c, 0xbc, 0xfe, 0xff, 0x4d, 0xbd, 0xfe, 0xff, 0x4c, 0xbc, 
    0xfe, 0xff, 0x4b, 0xbb, 0xfe, 0xff, 0x4b, 0xb9, 0xfd, 0xff, 0x4a, 0xb9, 0xfd, 
    0xff, 0x52, 0xba, 0xf7, 0xff, 0x0c, 0x10, 0x15, 0xff, 0x16, 0x26, 0x30, 0xff, 
    0x50, 0xae, 0xde, 0xff, 0x54, 0xcb, 0xff, 0xff, 0x4f, 0xbe, 0xff, 0xff, 0x4e, 
    0xba, 0xfb, 0xff, 0x4d, 0xba, 0xfa, 0xff, 0x4c, 0xb9, 0xfa, 0xff, 0x4b, 0xb8, 
    0xfa, 0xff, 0x4d, 0xbc, 0xfe, 0xff, 0x55, 0xc8, 0xff, 0xff, 0x57, 0xc5, 0xff, 
    0xff, 0x4f, 0xbb, 0xfb, 0xff, 0x4f, 0xbe, 0xfe, 0xff, 0x50, 0xbc, 0xfe, 0xff, 
    0x4d, 0xbb, 0xfe, 0xff, 0x4d, 0xbb, 0xfe, 0xff, 0x50, 0xbb, 0xfe, 0xff, 0x4e, 
    0xba, 0xfe, 0xff, 0x4c, 0xb9, 0xfe, 0xff, 0x4c, 0xb9, 0xfd, 0xff, 0x4c, 0xb8, 
    0xfe, 0xff, 0x4a, 0xb7, 0xfe, 0xff, 0x57, 0xbe, 0xfc, 0xff, 0x52, 0xb7, 0xf8, 
    0xff, 0x4f, 0xbf, 0xff, 0xff, 0x4f, 0x9b, 0xd0, 0xff, 0x0e, 0x11, 0x14, 0xff, 
    0x00, 0x00, 0x00, 0xff, 0x5f, 0x64, 0x65, 0xff, 0xfe, 0xff, 0xff, 0xff, 0xfc, 
    0xfc, 0xfc, 0xff, 0xfc, 0xfd, 0xfd, 0xff, 0xfc, 0xfc, 0xfc, 0xff, 0xf6, 0xf7, 
    0xf7, 0xff, 0x85, 0x87, 0x87, 0xff, 0x21, 0x23, 0x23, 0xff, 0x3b, 0x3c, 0x3b, 
    0xff, 0xbd, 0xbf, 0xbe, 0xff, 0xfe, 0xfe, 0xfe, 0xff, 0xfc, 0xfd, 0xfd, 0xff, 
    0xfe, 0xff, 0xff, 0xff, 0xfe, 0xff, 0xff, 0xff, 0xfd, 0xff, 0xfe, 0xff, 0xfd, 
    0xfe, 0xfe, 0xff, 0xfd, 0xfe, 0xfe, 0xff, 0xfb, 0xfe, 0xfe, 0xff, 0xfd, 0xff, 
    0xfe, 0xff, 0xff, 0xff, 0xff, 0xff, 0xff, 0xff, 0xff, 0xff, 0xfe, 0xff, 0xff, 
    0xff, 0xfe, 0xff, 0xff, 0xff, 0xfe, 0xff, 0xff, 0xff, 0xfc, 0xfe, 0xfe, 0xff, 
    0xfb, 0xfe, 0xfe, 0xff, 0xfa, 0xff, 0xfe, 0xff, 0xfb, 0xff, 0xfe, 0xff, 0xfc, 
    0xfe, 0xfe, 0xff, 0xfe, 0xff, 0xff, 0xff, 0xff, 0xff, 0xff, 0xff, 0xff, 0xff, 
    0xff, 0xff, 0xff, 0xff, 0xff, 0xff, 0xfb, 0xfc, 0xfc, 0xff, 0xfa, 0xfb, 0xfb, 
    0xff, 0xff, 0xff, 0xff, 0xff, 0xfa, 0xfc, 0xfc, 0xff, 0xbc, 0xbe, 0xbe, 0xff, 
    0xfe, 0xff, 0xff, 0xff, 0xfd, 0xfe, 0xfe, 0xff, 0xfc, 0xfd, 0xfd, 0xff, 0xfc, 
    0xfc, 0xfc, 0xff, 0x49, 0x4c, 0x4c, 0xff, 0x00, 0x00, 0x00, 0xff, 0x1c, 0x2d, 
    0x32, 0xff, 0x81, 0xe4, 0xe9, 0xff, 0x7f, 0xf0, 0xff, 0xff, 0x4e, 0xbb, 0xfc, 
    0xff, 0x49, 0xb9, 0xfe, 0xff, 0x49, 0xb8, 0xfe, 0xff, 0x48, 0xb8, 0xfe, 0xff, 
    0x4a, 0xba, 0xfe, 0xff, 0x4b, 0xba, 0xfd, 0xff, 0x4a, 0xba, 0xfe, 0xff, 0x4a, 
    0xba, 0xfe, 0xff, 0x4a, 0xba, 0xfe, 0xff, 0x49, 0xba, 0xfe, 0xff, 0x49, 0xb9, 
    0xfd, 0xff, 0x51, 0xc5, 0xff, 0xff, 0x4f, 0xc5, 0xff, 0xff, 0x49, 0xb9, 0xfb, 
    0xff, 0x49, 0xb9, 0xfc, 0xff, 0x4a, 0xba, 0xfd, 0xff, 0x4a, 0xba, 0xfe, 0xff, 
    0x49, 0xba, 0xfd, 0xff, 0x4b, 0xba, 0xfd, 0xff, 0x4a, 0xb9, 0xfb, 0xff, 0x4a, 
    0xb9, 0xfb, 0xff, 0x56, 0xcd, 0xff, 0xff, 0x43, 0x89, 0xb4, 0xff, 0x2e, 0x59, 
    0x73, 0xff, 0x50, 0xc1, 0xff, 0xff, 0x4a, 0xbb, 0xfe, 0xff, 0x4e, 0xbd, 0xfe, 
    0xff, 0x4f, 0xbd, 0xfe, 0xff, 0x4d, 0xbc, 0xfe, 0xff, 0x4d, 0xbb, 0xfe, 0xff, 
    0x4f, 0xbb, 0xfe, 0xff, 0x4e, 0xbb, 0xfe, 0xff, 0x4c, 0xba, 0xfd, 0xff, 0x4b, 
    0xba, 0xfe, 0xff, 0x4e, 0xbe, 0xfe, 0xff, 0x4c, 0xbb, 0xfe, 0xff, 0x4c, 0xbc, 
    0xfe, 0xff, 0x4d, 0xbd, 0xfe, 0xff, 0x4e, 0xbd, 0xfe, 0xff, 0x4c, 0xbc, 0xfe, 
    0xff, 0x4a, 0xbb, 0xfe, 0xff, 0x4b, 0xb9, 0xfd, 0xff, 0x4b, 0xbb, 0xff, 0xff, 
    0x4d, 0xb4, 0xf4, 0xff, 0x38, 0x6f, 0x93, 0xff, 0x51, 0xb7, 0xf2, 0xff, 0x4f, 
    0xc6, 0xff, 0xff, 0x4a, 0xb9, 0xfa, 0xff, 0x4c, 0xbc, 0xfd, 0xff, 0x4d, 0xbc, 
    0xfe, 0xff, 0x4e, 0xbc, 0xfe, 0xff, 0x4c, 0xbb, 0xfe, 0xff, 0x4c, 0xba, 0xfd, 
    0xff, 0x4c, 0xbb, 0xfd, 0xff, 0x4a, 0xb8, 0xfb, 0xff, 0x4b, 0xba, 0xfc, 0xff, 
    0x4d, 0xbc, 0xff, 0xff, 0x4d, 0xbc, 0xfe, 0xff, 0x4d, 0xbd, 0xfe, 0xff, 0x4c, 
    0xbc, 0xfe, 0xff, 0x4b, 0xbb, 0xfe, 0xff, 0x4c, 0xba, 0xfe, 0xff, 0x4b, 0xba, 
    0xfd, 0xff, 0x4b, 0xb9, 0xfd, 0xff, 0x4b, 0xb9, 0xfd, 0xff, 0x4b, 0xb9, 0xfd, 
    0xff, 0x4b, 0xb7, 0xfe, 0xff, 0x4a, 0xb7, 0xfe, 0xff, 0x4e, 0xb9, 0xfd, 0xff, 
    0x47, 0xb0, 0xfa, 0xff, 0x4f, 0xbe, 0xff, 0xff, 0x50, 0x98, 0xcb, 0xff, 0x0f, 
    0x11, 0x14, 0xff, 0x00, 0x00, 0x00, 0xff, 0x67, 0x6c, 0x6c, 0xff, 0xff, 0xff, 
    0xff, 0xff, 0xf9, 0xfa, 0xfa, 0xff, 0xfe, 0xff, 0xff, 0xff, 0xe9, 0xeb, 0xeb, 
    0xff, 0x7b, 0x7e, 0x7d, 0xff, 0xcb, 0xcc, 0xcb, 0xff, 0xff, 0xff, 0xff, 0xff, 
    0xff, 0xff, 0xff, 0xff, 0xfa, 0xfb, 0xfb, 0xff, 0xfe, 0xfe, 0xfe, 0xff, 0xfe, 
    0xff, 0xff, 0xff, 0xfe, 0xff, 0xff, 0xff, 0xfd, 0xff, 0xff, 0xff, 0xfb, 0xff, 
    0xfe, 0xff, 0xfb, 0xfe, 0xfe, 0xff, 0xfb, 0xfe, 0xfe, 0xff, 0xfd, 0xff, 0xff, 
    0xff, 0xff, 0xff, 0xff, 0xff, 0xff, 0xff, 0xff, 0xff, 0xfe, 0xff, 0xff, 0xff, 
    0xfe, 0xff, 0xff, 0xff, 0xfe, 0xff, 0xff, 0xff, 0xfc, 0xfe, 0xfe, 0xff, 0xfc, 
    0xfe, 0xfe, 0xff, 0xfb, 0xff, 0xfe, 0xff, 0xfc, 0xfe, 0xfe, 0xff, 0xfd, 0xfe, 
    0xfe, 0xff, 0xff, 0xff, 0xff, 0xff, 0xf7, 0xf8, 0xf8, 0xff, 0xc0, 0xc1, 0xc2, 
    0xff, 0xed, 0xf0, 0xf0, 0xff, 0xff, 0xff, 0xff, 0xff, 0xff, 0xff, 0xff, 0xff, 
    0xfd, 0xfe, 0xfe, 0xff, 0xff, 0xff, 0xff, 0xff, 0xff, 0xff, 0xff, 0xff, 0xfe, 
    0xfe, 0xfe, 0xff, 0xfb, 0xfb, 0xfb, 0xff, 0xff, 0xff, 0xff, 0xff, 0x5b, 0x5f, 
    0x5e, 0xff, 0x00, 0x00, 0x00, 0xff, 0x1a, 0x29, 0x2d, 0xff, 0x7d, 0xe4, 0xeb, 
    0xff, 0x86, 0xf8, 0xff, 0xff, 0x56, 0xc3, 0xfb, 0xff, 0x49, 0xba, 0xfe, 0xff, 
    0x4b, 0xbc, 0xfe, 0xff, 0x48, 0xba, 0xfe, 0xff, 0x48, 0xb9, 0xfe, 0xff, 0x4a, 
    0xba, 0xfe, 0xff, 0x49, 0xb9, 0xfe, 0xff, 0x4a, 0xb9, 0xfe, 0xff, 0x4a, 0xba, 
    0xfe, 0xff, 0x4b, 0xbb, 0xfe, 0xff, 0x4b, 0xbb, 0xfe, 0xff, 0x4b, 0xba, 0xfe, 
    0xff, 0x49, 0xb9, 0xfb, 0xff, 0x4b, 0xba, 0xfc, 0xff, 0x4b, 0xbc, 0xfe, 0xff, 
    0x4a, 0xbb, 0xfe, 0xff, 0x4a, 0xb9, 0xfd, 0xff, 0x49, 0xb9, 0xfd, 0xff, 0x4b, 
    0xb9, 0xfd, 0xff, 0x4b, 0xba, 0xfd, 0xff, 0x4c, 0xbb, 0xfe, 0xff, 0x4c, 0xbc, 
    0xfe, 0xff, 0x4c, 0xb9, 0xfb, 0xff, 0x54, 0xc6, 0xff, 0xff, 0x57, 0xca, 0xff, 
    0xff, 0x4d, 0xbd, 0xfe, 0xff, 0x4c, 0xbd, 0xfe, 0xff, 0x4e, 0xbd, 0xfe, 0xff, 
    0x4e, 0xbe, 0xfe, 0xff, 0x4e, 0xbd, 0xfe, 0xff, 0x4d, 0xbc, 0xfe, 0xff, 0x4d, 
    0xbc, 0xfe, 0xff, 0x4b, 0xba, 0xfe, 0xff, 0x4b, 0xba, 0xfd, 0xff, 0x4a, 0xb9, 
    0xfd, 0xff, 0x4a, 0xb9, 0xfd, 0xff, 0x4c, 0xba, 0xfd, 0xff, 0x4c, 0xbb, 0xfe, 
    0xff, 0x4c, 0xbc, 0xfe, 0xff, 0x4d, 0xbc, 0xfe, 0xff, 0x4b, 0xbb, 0xfe, 0xff, 
    0x4a, 0xbb, 0xfe, 0xff, 0x4b, 0xba, 0xfe, 0xff, 0x4a, 0xb9, 0xfd, 0xff, 0x4c, 
    0xbb, 0xff, 0xff, 0x55, 0xc9, 0xff, 0xff, 0x4c, 0xbd, 0xff, 0xff, 0x4b, 0xba, 
    0xfc, 0xff, 0x4b, 0xbc, 0xfe, 0xff, 0x4b, 0xbc, 0xfd, 0xff, 0x4b, 0xb9, 0xfc, 
    0xff, 0x4b, 0xb8, 0xfa, 0xff, 0x4b, 0xb8, 0xfa, 0xff, 0x4c, 0xb8, 0xfa, 0xff, 
    0x4a, 0xb8, 0xfa, 0xff, 0x4a, 0xb9, 0xfb, 0xff, 0x4b, 0xbb, 0xfd, 0xff, 0x4b, 
    0xbc, 0xfe, 0xff, 0x4b, 0xbb, 0xfe, 0xff, 0x4a, 0xbb, 0xfe, 0xff, 0x4a, 0xba, 
    0xfe, 0xff, 0x4a, 0xb9, 0xfd, 0xff, 0x4a, 0xb9, 0xfd, 0xff, 0x49, 0xb9, 0xfe, 
    0xff, 0x4a, 0xb9, 0xfd, 0xff, 0x4a, 0xb9, 0xfe, 0xff, 0x4a, 0xb8, 0xfe, 0xff, 
    0x4a, 0xb7, 0xfe, 0xff, 0x4a, 0xb6, 0xfe, 0xff, 0x48, 0xb5, 0xfe, 0xff, 0x49, 
    0xb5, 0xfe, 0xff, 0x46, 0xb1, 0xfa, 0xff, 0x54, 0xc4, 0xff, 0xff, 0x4c, 0x88, 
    0xb3, 0xff, 0x06, 0x05, 0x04, 0xff, 0x00, 0x00, 0x00, 0xff, 0x87, 0x8a, 0x8b, 
    0xff, 0xff, 0xff, 0xff, 0xff, 0xfb, 0xfb, 0xfb, 0xff, 0xff, 0xff, 0xff, 0xff, 
    0xff, 0xff, 0xff, 0xff, 0xff, 0xff, 0xff, 0xff, 0xff, 0xff, 0xff, 0xff, 0xff, 
    0xff, 0xff, 0xff, 0xff, 0xff, 0xff, 0xff, 0xff, 0xff, 0xff, 0xff, 0xfe, 0xff, 
    0xff, 0xff, 0xfe, 0xff, 0xff, 0xff, 0xfe, 0xff, 0xff, 0xff, 0xfd, 0xff, 0xff, 
    0xff, 0xfb, 0xff, 0xfe, 0xff, 0xfb, 0xff, 0xfe, 0xff, 0xfe, 0xff, 0xff, 0xff, 
    0xff, 0xff, 0xff, 0xff, 0xff, 0xff, 0xff, 0xff, 0xfe, 0xff, 0xff, 0xff, 0xff, 
    0xff, 0xff, 0xff, 0xfd, 0xff, 0xff, 0xff, 0xfc, 0xff, 0xfe, 0xff, 0xfc, 0xfe, 
    0xfe, 0xff, 0xfb, 0xff, 0xfe, 0xff, 0xfc, 0xfe, 0xfe, 0xff, 0xfc, 0xfe, 0xfd, 
    0xff, 0xfe, 0xfe, 0xfe, 0xff, 0xed, 0xee, 0xee, 0xff, 0x39, 0x3c, 0x3c, 0xff, 
    0x0f, 0x12, 0x12, 0xff, 0x59, 0x5b, 0x5c, 0xff, 0xca, 0xcd, 0xcc, 0xff, 0xfd, 
    0xfd, 0xfd, 0xff, 0xfd, 0xfd, 0xfd, 0xff, 0xfb, 0xfc, 0xfc, 0xff, 0xfb, 0xfb, 
    0xfb, 0xff, 0xff, 0xff, 0xff, 0xff, 0x78, 0x7a, 0x7a, 0xff, 0x00, 0x00, 0x00, 
    0xff, 0x10, 0x17, 0x1a, 0xff, 0x74, 0xce, 0xd8, 0xff, 0x86, 0xfc, 0xff, 0xff, 
    0x5e, 0xcd, 0xfa, 0xff, 0x4d, 0xbd, 0xfe, 0xff, 0x53, 0xc3, 0xfe, 0xff, 0x4c, 
    0xbd, 0xfe, 0xff, 0x49, 0xba, 0xfe, 0xff, 0x48, 0xb9, 0xfe, 0xff, 0x49, 0xba, 
    0xfd, 0xff, 0x48, 0xba, 0xfe, 0xff, 0x49, 0xba, 0xfe, 0xff, 0x4a, 0xba, 0xfe, 
    0xff, 0x4c, 0xbb, 0xfe, 0xff, 0x4d, 0xbc, 0xfe, 0xff, 0x4c, 0xbb, 0xfe, 0xff, 
    0x4a, 0xba, 0xfd, 0xff, 0x4a, 0xba, 0xfd, 0xff, 0x48, 0xb8, 0xfa, 0xff, 0x48, 
    0xb8, 0xfb, 0xff, 0x48, 0xba, 0xfe, 0xff, 0x4b, 0xbd, 0xff, 0xff, 0x4b, 0xbe, 
    0xff, 0xff, 0x49, 0xbd, 0xff, 0xff, 0x49, 0xba, 0xfd, 0xff, 0x4a, 0xb9, 0xfa, 
    0xff, 0x4b, 0xba, 0xfb, 0xff, 0x4b, 0xba, 0xfb, 0xff, 0x4b, 0xba, 0xfb, 0xff, 
    0x4e, 0xbd, 0xfe, 0xff, 0x4e, 0xbd, 0xfe, 0xff, 0x4e, 0xbd, 0xfe, 0xff, 0x4d, 
    0xbc, 0xfe, 0xff, 0x4c, 0xbc, 0xfe, 0xff, 0x4c, 0xbc, 0xfe, 0xff, 0x4d, 0xbb, 
    0xfe, 0xff, 0x4d, 0xbb, 0xfe, 0xff, 0x4b, 0xba, 0xfd, 0xff, 0x4a, 0xb9, 0xfd, 
    0xff, 0x4a, 0xb9, 0xfd, 0xff, 0x4a, 0xba, 0xfd, 0xff, 0x4b, 0xba, 0xfd, 0xff, 
    0x4b, 0xbb, 0xfe, 0xff, 0x4c, 0xbb, 0xfe, 0xff, 0x4c, 0xbc, 0xfe, 0xff, 0x4b, 
    0xbb, 0xfe, 0xff, 0x4a, 0xba, 0xfe, 0xff, 0x49, 0xba, 0xfe, 0xff, 0x4b, 0xba, 
    0xfd, 0xff, 0x4d, 0xb8, 0xfa, 0xff, 0x4e, 0xba, 0xfd, 0xff, 0x4c, 0xbb, 0xfd, 
    0xff, 0x49, 0xb9, 0xfa, 0xff, 0x4a, 0xbb, 0xfe, 0xff, 0x4f, 0xc4, 0xff, 0xff, 
    0x53, 0xc9, 0xff, 0xff, 0x56, 0xca, 0xff, 0xff, 0x56, 0xca, 0xff, 0xff, 0x52, 
    0xc9, 0xff, 0xff, 0x4e, 0xc5, 0xff, 0xff, 0x4b, 0xbd, 0xff, 0xff, 0x49, 0xb8, 
    0xfa, 0xff, 0x4a, 0xba, 0xfc, 0xff, 0x4a, 0xbb, 0xfe, 0xff, 0x49, 0xba, 0xfe, 
    0xff, 0x49, 0xb9, 0xfe, 0xff, 0x49, 0xb9, 0xfe, 0xff, 0x49, 0xb9, 0xfe, 0xff, 
    0x49, 0xb9, 0xfe, 0xff, 0x49, 0xb9, 0xfe, 0xff, 0x4b, 0xb8, 0xfe, 0xff, 0x4e, 
    0xb8, 0xfe, 0xff, 0x4a, 0xb6, 0xfe, 0xff, 0x4a, 0xb7, 0xfe, 0xff, 0x48, 0xb6, 
    0xfe, 0xff, 0x49, 0xb6, 0xfe, 0xff, 0x47, 0xb3, 0xf9, 0xff, 0x58, 0xc7, 0xff, 
    0xff, 0x3a, 0x66, 0x87, 0xff, 0x02, 0x00, 0x00, 0xff, 0x00, 0x02, 0x02, 0xff, 
    0xb5, 0xb7, 0xb7, 0xff, 0xff, 0xff, 0xff, 0xff, 0xfb, 0xfb, 0xfb, 0xff, 0xfa, 
    0xfa, 0xfb, 0xff, 0xfb, 0xfb, 0xfc, 0xff, 0xa6, 0xa8, 0xa8, 0xff, 0x6a, 0x6c, 
    0x6b, 0xff, 0x66, 0x68, 0x67, 0xff, 0xe5, 0xe6, 0xe6, 0xff, 0xff, 0xff, 0xff, 
    0xff, 0xfc, 0xfd, 0xfd, 0xff, 0xfc, 0xff, 0xfe, 0xff, 0xfe, 0xff, 0xff, 0xff, 
    0xfc, 0xfe, 0xfe, 0xff, 0xfc, 0xff, 0xfe, 0xff, 0xfe, 0xff, 0xff, 0xff, 0xff, 
    0xff, 0xff, 0xff, 0xff, 0xff, 0xff, 0xff, 0xfe, 0xff, 0xff, 0xff, 0xfe, 0xff, 
    0xff, 0xff, 0xfe, 0xff, 0xff, 0xff, 0xfe, 0xff, 0xff, 0xff, 0xfb, 0xff, 0xfe, 
    0xff, 0xfb, 0xff, 0xfe, 0xff, 0xfb, 0xfe, 0xfe, 0xff, 0xfc, 0xff, 0xfe, 0xff, 
    0xfe, 0xfe, 0xff, 0xff, 0xff, 0xff, 0xff, 0xff, 0xff, 0xff, 0xff, 0xff, 0xb8, 
    0xba, 0xb9, 0xff, 0x55, 0x57, 0x57, 0xff, 0x34, 0x38, 0x37, 0xff, 0xe7, 0xe8, 
    0xe9, 0xff, 0xff, 0xff, 0xff, 0xff, 0xfa, 0xfa, 0xfa, 0xff, 0xff, 0xff, 0xff, 
    0xff, 0xa5, 0xa8, 0xa7, 0xff, 0x00, 0x00, 0x00, 0xff, 0x07, 0x06, 0x06, 0xff, 
    0x67, 0xb1, 0xbb, 0xff, 0x8b, 0xff, 0xff, 0xff, 0x60, 0xcf, 0xf9, 0xff, 0x4d, 
    0xbd, 0xfe, 0xff, 0x53, 0xc5, 0xfe, 0xff, 0x4f, 0xc0, 0xfe, 0xff, 0x4c, 0xbd, 
    0xfe, 0xff, 0x4b, 0xbb, 0xfe, 0xff, 0x49, 0xba, 0xfe, 0xff, 0x49, 0xba, 0xfe, 
    0xff, 0x48, 0xba, 0xfd, 0xff, 0x4a, 0xbb, 0xfe, 0xff, 0x4b, 0xbb, 0xfe, 0xff, 
    0x4b, 0xba, 0xfd, 0xff, 0x4d, 0xbb, 0xfe, 0xff, 0x4c, 0xbb, 0xfd, 0xff, 0x4a, 
    0xb9, 0xfb, 0xff, 0x4b, 0xbf, 0xff, 0xff, 0x53, 0xc9, 0xff, 0xff, 0x56, 0xc9, 
    0xff, 0xff, 0x52, 0xbd, 0xff, 0xff, 0x4f, 0xb2, 0xf1, 0xff, 0x4f, 0xb0, 0xed, 
    0xff, 0x53, 0xb9, 0xf7, 0xff, 0x55, 0xc4, 0xff, 0xff, 0x52, 0xca, 0xff, 0xff, 
    0x4d, 0xc3, 0xff, 0xff, 0x4a, 0xba, 0xfc, 0xff, 0x4c, 0xba, 0xfc, 0xff, 0x4c, 
    0xbc, 0xfe, 0xff, 0x4d, 0xbc, 0xfe, 0xff, 0x4c, 0xbc, 0xfe, 0xff, 0x4b, 0xbb, 
    0xfe, 0xff, 0x4c, 0xbc, 0xfe, 0xff, 0x4d, 0xbc, 0xfe, 0xff, 0x4d, 0xbc, 0xfe, 
    0xff, 0x4c, 0xbb, 0xfd, 0xff, 0x4b, 0xba, 0xfd, 0xff, 0x4b, 0xb9, 0xfd, 0xff, 
    0x4a, 0xba, 0xfd, 0xff, 0x49, 0xb9, 0xfd, 0xff, 0x4b, 0xba, 0xfd, 0xff, 0x4c, 
    0xbb, 0xfd, 0xff, 0x4b, 0xbb, 0xfe, 0xff, 0x4c, 0xbc, 0xfe, 0xff, 0x4c, 0xbb, 
    0xfe, 0xff, 0x4b, 0xbb, 0xfe, 0xff, 0x4b, 0xbb, 0xfe, 0xff, 0x4c, 0xbb, 0xfe, 
    0xff, 0x4e, 0xbc, 0xfe, 0xff, 0x4e, 0xb9, 0xfb, 0xff, 0x4c, 0xbd, 0xff, 0xff, 
    0x53, 0xcb, 0xff, 0xff, 0x56, 0xc5, 0xff, 0xff, 0x49, 0xa0, 0xd4, 0xff, 0x37, 
    0x7d, 0xa8, 0xff, 0x2a, 0x65, 0x8b, 0xff, 0x27, 0x60, 0x86, 0xff, 0x33, 0x75, 
    0x9f, 0xff, 0x47, 0x99, 0xca, 0xff, 0x58, 0xbe, 0xf9, 0xff, 0x57, 0xcd, 0xff, 
    0xff, 0x4c, 0xc1, 0xff, 0xff, 0x49, 0xb9, 0xfb, 0xff, 0x49, 0xbb, 0xfe, 0xff, 
    0x4b, 0xbb, 0xfe, 0xff, 0x4a, 0xba, 0xfe, 0xff, 0x4a, 0xba, 0xfe, 0xff, 0x4a, 
    0xba, 0xfe, 0xff, 0x49, 0xba, 0xfe, 0xff, 0x4c, 0xb9, 0xfd, 0xff, 0x4e, 0xb8, 
    0xfe, 0xff, 0x4c, 0xb8, 0xfe, 0xff, 0x4c, 0xb9, 0xfe, 0xff, 0x4a, 0xb8, 0xfe, 
    0xff, 0x4a, 0xb7, 0xfe, 0xff, 0x49, 0xb6, 0xfd, 0xff, 0x47, 0xb6, 0xfa, 0xff, 
    0x5d, 0xc6, 0xff, 0xff, 0x28, 0x3e, 0x4e, 0xff, 0x00, 0x00, 0x00, 0xff, 0x18, 
    0x1b, 0x1b, 0xff, 0xe7, 0xe9, 0xe9, 0xff, 0xfd, 0xfd, 0xfd, 0xff, 0xfc, 0xfc, 
    0xfc, 0xff, 0xfd, 0xfe, 0xfe, 0xff, 0x92, 0x95, 0x95, 0xff, 0x68, 0x6a, 0x69, 
    0xff, 0x78, 0x7b, 0x7a, 0xff, 0xe8, 0xea, 0xea, 0xff, 0xfe, 0xff, 0xff, 0xff, 
    0xfc, 0xfd, 0xfd, 0xff, 0xfc, 0xfe, 0xfe, 0xff, 0xfc, 0xff, 0xfe, 0xff, 0xfc, 
    0xff, 0xfe, 0xff, 0xfc, 0xfe, 0xfe, 0xff, 0xfe, 0xff, 0xff, 0xff, 0xff, 0xff, 
    0xff, 0xff, 0xff, 0xff, 0xff, 0xff, 0xfe, 0xff, 0xff, 0xff, 0xfe, 0xff, 0xff, 
    0xff, 0xfe, 0xff, 0xff, 0xff, 0xfc, 0xfe, 0xfe, 0xff, 0xfc, 0xff, 0xfe, 0xff, 
    0xfb, 0xfe, 0xfe, 0xff, 0xfb, 0xff, 0xfe, 0xff, 0xfe, 0xff, 0xff, 0xff, 0xff, 
    0xff, 0xff, 0xff, 0xfe, 0xff, 0xff, 0xff, 0xfe, 0xff, 0xff, 0xff, 0xff, 0xff, 
    0xff, 0xff, 0xff, 0xff, 0xff, 0xff, 0xfc, 0xfc, 0xfc, 0xff, 0xfe, 0xfe, 0xfe, 
    0xff, 0xfc, 0xfd, 0xfd, 0xff, 0xff, 0xff, 0xff, 0xff, 0xd5, 0xd6, 0xd6, 0xff, 
    0x0b, 0x0e, 0x0e, 0xff, 0x00, 0x00, 0x00, 0xff, 0x4f, 0x84, 0x8e, 0xff, 0x90, 
    0xff, 0xff, 0xff, 0x6c, 0xd9, 0xf9, 0xff, 0x50, 0xbb, 0xfe, 0xff, 0x55, 0xc2, 
    0xfe, 0xff, 0x52, 0xc2, 0xfe, 0xff, 0x4c, 0xbd, 0xfe, 0xff, 0x4c, 0xbc, 0xfe, 
    0xff, 0x4b, 0xbc, 0xfe, 0xff, 0x4c, 0xbc, 0xfe, 0xff, 0x4a, 0xbb, 0xfe, 0xff, 
    0x49, 0xba, 0xfe, 0xff, 0x4c, 0xbb, 0xfe, 0xff, 0x4c, 0xbb, 0xfe, 0xff, 0x4b, 
    0xbc, 0xfe, 0xff, 0x4a, 0xb9, 0xfb, 0xff, 0x4b, 0xbe, 0xff, 0xff, 0x56, 0xcb, 
    0xff, 0xff, 0x53, 0xb2, 0xea, 0xff, 0x32, 0x6d, 0x91, 0xff, 0x10, 0x2f, 0x42, 
    0xff, 0x02, 0x13, 0x1d, 0xff, 0x00, 0x08, 0x0e, 0xff, 0x00, 0x04, 0x07, 0xff, 
    0x00, 0x09, 0x0e, 0xff, 0x08, 0x1b, 0x27, 0xff, 0x25, 0x4f, 0x69, 0xff, 0x49, 
    0x98, 0xc9, 0xff, 0x57, 0xc6, 0xff, 0xff, 0x4e, 0xc2, 0xff, 0xff, 0x49, 0xb9, 
    0xfb, 0xff, 0x4c, 0xbc, 0xfe, 0xff, 0x4b, 0xbb, 0xfe, 0xff, 0x4b, 0xba, 0xfe, 
    0xff, 0x4b, 0xbb, 0xfe, 0xff, 0x4c, 0xbc, 0xfe, 0xff, 0x4c, 0xbb, 0xfe, 0xff, 
    0x4b, 0xba, 0xfe, 0xff, 0x4b, 0xb9, 0xfd, 0xff, 0x4a, 0xb9, 0xfd, 0xff, 0x4a, 
    0xb9, 0xfe, 0xff, 0x4a, 0xb9, 0xfe, 0xff, 0x49, 0xb9, 0xfe, 0xff, 0x4b, 0xba, 
    0xfd, 0xff, 0x4c, 0xbb, 0xfd, 0xff, 0x4d, 0xbc, 0xfe, 0xff, 0x4d, 0xbc, 0xfe, 
    0xff, 0x4c, 0xbc, 0xfe, 0xff, 0x4c, 0xbc, 0xfe, 0xff, 0x4d, 0xbb, 0xfe, 0xff, 
    0x4c, 0xb8, 0xfb, 0xff, 0x54, 0xc6, 0xff, 0xff, 0x57, 0xbe, 0xf8, 0xff, 0x31, 
    0x6d, 0x8f, 0xff, 0x06, 0x1a, 0x26, 0xff, 0x02, 0x03, 0x03, 0xff, 0x16, 0x13, 
    0x0f, 0xff, 0x2e, 0x29, 0x25, 0xff, 0x32, 0x2d, 0x29, 0xff, 0x21, 0x1d, 0x1a, 
    0xff, 0x09, 0x07, 0x06, 0xff, 0x02, 0x0d, 0x13, 0xff, 0x29, 0x54, 0x6d, 0xff, 
    0x53, 0xb0, 0xe4, 0xff, 0x54, 0xca, 0xff, 0xff, 0x4c, 0xba, 0xfc, 0xff, 0x4d, 
    0xbc, 0xfe, 0xff, 0x4b, 0xbb, 0xfe, 0xff, 0x4a, 0xba, 0xfe, 0xff, 0x4b, 0xba, 
    0xfe, 0xff, 0x4b, 0xba, 0xfd, 0xff, 0x4b, 0xb9, 0xfd, 0xff, 0x4c, 0xb9, 0xfe, 
    0xff, 0x4d, 0xb9, 0xfe, 0xff, 0x4b, 0xba, 0xfd, 0xff, 0x4b, 0xb9, 0xfd, 0xff, 
    0x4a, 0xb8, 0xfe, 0xff, 0x49, 0xb8, 0xfe, 0xff, 0x4a, 0xb7, 0xfc, 0xff, 0x4e, 
    0xbe, 0xfd, 0xff, 0x5b, 0xb2, 0xe8, 0xff, 0x14, 0x1a, 0x1f, 0xff, 0x00, 0x00, 
    0x00, 0xff, 0x51, 0x55, 0x55, 0xff, 0xff, 0xff, 0xff, 0xff, 0xfb, 0xfc, 0xfc, 
    0xff, 0xfe, 0xff, 0xff, 0xff, 0xff, 0xff, 0xff, 0xff, 0xff, 0xff, 0xff, 0xff, 
    0xff, 0xff, 0xff, 0xff, 0xff, 0xff, 0xff, 0xff, 0xfe, 0xff, 0xff, 0xff, 0xff, 
    0xff, 0xff, 0xff, 0xfe, 0xff, 0xff, 0xff, 0xfc, 0xfe, 0xfe, 0xff, 0xfc, 0xfe, 
    0xfe, 0xff, 0xfd, 0xfe, 0xfe, 0xff, 0xfe, 0xff, 0xff, 0xff, 0xff, 0xff, 0xff, 
    0xff, 0xff, 0xff, 0xff, 0xff, 0xfe, 0xff, 0xff, 0xff, 0xfe, 0xff, 0xff, 0xff, 
    0xfe, 0xff, 0xff, 0xff, 0xfe, 0xff, 0xff, 0xff, 0xfd, 0xfe, 0xfe, 0xff, 0xfb, 
    0xfe, 0xfe, 0xff, 0xfc, 0xff, 0xfe, 0xff, 0xff, 0xff, 0xff, 0xff, 0xfe, 0xff, 
    0xff, 0xff, 0xfd, 0xfe, 0xfe, 0xff, 0xff, 0xff, 0xff, 0xff, 0xfe, 0xff, 0xff, 
    0xff, 0xfb, 0xfc, 0xfc, 0xff, 0xff, 0xff, 0xff, 0xff, 0xfe, 0xfe, 0xfe, 0xff, 
    0xfc, 0xfc, 0xfc, 0xff, 0xf8, 0xf9, 0xf9, 0xff, 0x36, 0x39, 0x39, 0xff, 0x00, 
    0x00, 0x00, 0xff, 0x2f, 0x48, 0x4d, 0xff, 0x8e, 0xfc, 0xff, 0xff, 0x77, 0xe5, 
    0xfa, 0xff, 0x56, 0xc0, 0xfd, 0xff, 0x51, 0xbc, 0xfe, 0xff, 0x50, 0xbd, 0xfe, 
    0xff, 0x4c, 0xbd, 0xfe, 0xff, 0x4c, 0xbc, 0xfe, 0xff, 0x4c, 0xbc, 0xfe, 0xff, 
    0x4b, 0xbb, 0xfe, 0xff, 0x4c, 0xbc, 0xfe, 0xff, 0x4b, 0xbb, 0xfe, 0xff, 0x48, 
    0xba, 0xfe, 0xff, 0x4a, 0xbb, 0xfe, 0xff, 0x4a, 0xbb, 0xfe, 0xff, 0x49, 0xb8, 
    0xfb, 0xff, 0x50, 0xc5, 0xff, 0xff, 0x54, 0xb6, 0xee, 0xff, 0x28, 0x53, 0x6d, 
    0xff, 0x02, 0x07, 0x0b, 0xff, 0x23, 0x1e, 0x1a, 0xff, 0x66, 0x62, 0x5e, 0xff, 
    0x9b, 0x9a, 0x97, 0xff, 0xb2, 0xb3, 0xb1, 0xff, 0xb0, 0xb1, 0xaf, 0xff, 0x99, 
    0x99, 0x98, 0xff, 0x63, 0x62, 0x5f, 0xff, 0x19, 0x16, 0x11, 0xff, 0x00, 0x00, 
    0x00, 0xff, 0x19, 0x34, 0x46, 0xff, 0x4e, 0xa3, 0xd5, 0xff, 0x53, 0xc8, 0xff, 
    0xff, 0x49, 0xb8, 0xfb, 0xff, 0x4c, 0xbb, 0xfe, 0xff, 0x4c, 0xbb, 0xfd, 0xff, 
    0x4b, 0xba, 0xfe, 0xff, 0x4c, 0xbb, 0xfe, 0xff, 0x4c, 0xbb, 0xfd, 0xff, 0x4c, 
    0xbb, 0xfd, 0xff, 0x4b, 0xba, 0xfe, 0xff, 0x4b, 0xb9, 0xfd, 0xff, 0x4b, 0xb8, 
    0xfd, 0xff, 0x4b, 0xb9, 0xfd, 0xff, 0x4a, 0xba, 0xfe, 0xff, 0x4a, 0xba, 0xfe, 
    0xff, 0x4c, 0xbb, 0xfe, 0xff, 0x4e, 0xbc, 0xfe, 0xff, 0x4e, 0xbb, 0xfe, 0xff, 
    0x4d, 0xbc, 0xfe, 0xff, 0x4d, 0xbb, 0xfd, 0xff, 0x4d, 0xb9, 0xfb, 0xff, 0x57, 
    0xc9, 0xff, 0xff, 0x46, 0x8e, 0xbb, 0xff, 0x06, 0x13, 0x1d, 0xff, 0x19, 0x14, 
    0x11, 0xff, 0x7a, 0x78, 0x76, 0xff, 0xcb, 0xcd, 0xcd, 0xff, 0xf2, 0xf5, 0xf5, 
    0xff, 0xff, 0xff, 0xff, 0xff, 0xff, 0xff, 0xff, 0xff, 0xfa, 0xfd, 0xfe, 0xff, 
    0xdb, 0xdd, 0xdd, 0xff, 0x93, 0x92, 0x91, 0xff, 0x26, 0x22, 0x1e, 0xff, 0x00, 
    0x04, 0x08, 0xff, 0x3c, 0x79, 0x9d, 0xff, 0x59, 0xc9, 0xff, 0xff, 0x4c, 0xbb, 
    0xfb, 0xff, 0x4a, 0xbb, 0xfd, 0xff, 0x4a, 0xba, 0xfe, 0xff, 0x4a, 0xba, 0xfe, 
    0xff, 0x4b, 0xba, 0xfd, 0xff, 0x4c, 0xba, 0xfd, 0xff, 0x4c, 0xb9, 0xfd, 0xff, 
    0x4b, 0xba, 0xfd, 0xff, 0x4a, 0xb9, 0xfe, 0xff, 0x4a, 0xb9, 0xfd, 0xff, 0x4a, 
    0xb9, 0xfd, 0xff, 0x49, 0xb9, 0xfd, 0xff, 0x4b, 0xb9, 0xfe, 0xff, 0x4a, 0xb5, 
    0xfa, 0xff, 0x56, 0xc5, 0xff, 0xff, 0x49, 0x83, 0xac, 0xff, 0x03, 0x01, 0x00, 
    0xff, 0x00, 0x00, 0x00, 0xff, 0xa7, 0xaa, 0xaa, 0xff, 0xff, 0xff, 0xff, 0xff, 
    0xfb, 0xfc, 0xfc, 0xff, 0xfb, 0xfc, 0xfc, 0xff, 0xfa, 0xfb, 0xfb, 0xff, 0xfa, 
    0xfb, 0xfb, 0xff, 0xfd, 0xfe, 0xfe, 0xff, 0xfe, 0xff, 0xff, 0xff, 0xfd, 0xff, 
    0xff, 0xff, 0xfd, 0xff, 0xff, 0xff, 0xfc, 0xff, 0xfe, 0xff, 0xfc, 0xfe, 0xfe, 
    0xff, 0xfd, 0xff, 0xfe, 0xff, 0xfe, 0xff, 0xff, 0xff, 0xff, 0xff, 0xff, 0xff, 
    0xff, 0xff, 0xff, 0xff, 0xfe, 0xff, 0xff, 0xff, 0xfe, 0xff, 0xff, 0xff, 0xfe, 
    0xff, 0xff, 0xff, 0xfd, 0xff, 0xff, 0xff, 0xfb, 0xff, 0xfe, 0xff, 0xfb, 0xff, 
    0xfe, 0xff, 0xfc, 0xfe, 0xfe, 0xff, 0xff, 0xff, 0xff, 0xff, 0xfe, 0xff, 0xff, 
    0xff, 0xff, 0xff, 0xff, 0xff, 0xfc, 0xfd, 0xfd, 0xff, 0xf5, 0xf6, 0xf6, 0xff, 
    0xfe, 0xff, 0xff, 0xff, 0xfe, 0xff, 0xff, 0xff, 0xfb, 0xfc, 0xfc, 0xff, 0xff, 
    0xff, 0xff, 0xff, 0x84, 0x87, 0x87, 0xff, 0x00, 0x00, 0x00, 0xff, 0x12, 0x1a, 
    0x1b, 0xff, 0x7c, 0xdb, 0xe5, 0xff, 0x83, 0xf5, 0xfd, 0xff, 0x63, 0xcc, 0xfb, 
    0xff, 0x50, 0xba, 0xfe, 0xff, 0x4f, 0xbb, 0xfe, 0xff, 0x4b, 0xb9, 0xfd, 0xff, 
    0x4c, 0xbb, 0xfe, 0xff, 0x4c, 0xbc, 0xfe, 0xff, 0x4c, 0xbc, 0xfe, 0xff, 0x4c, 
    0xbc, 0xfe, 0xff, 0x4b, 0xbc, 0xfe, 0xff, 0x4b, 0xbb, 0xfe, 0xff, 0x4a, 0xbb, 
    0xfe, 0xff, 0x4a, 0xba, 0xfe, 0xff, 0x49, 0xb7, 0xfb, 0xff, 0x53, 0xc7, 0xff, 
    0xff, 0x4e, 0x9a, 0xc6, 0xff, 0x08, 0x11, 0x19, 0xff, 0x21, 0x1c, 0x19, 0xff, 
    0xa6, 0xa7, 0xa7, 0xff, 0xf9, 0xfb, 0xfc, 0xff, 0xff, 0xff, 0xff, 0xff, 0xff, 
    0xff, 0xff, 0xff, 0xff, 0xff, 0xff, 0xff, 0xff, 0xff, 0xff, 0xff, 0xff, 0xff, 
    0xff, 0xff, 0xff, 0xff, 0xff, 0xff, 0xf4, 0xf6, 0xf7, 0xff, 0x9f, 0xa2, 0xa1, 
    0xff, 0x21, 0x1f, 0x1c, 0xff, 0x00, 0x00, 0x00, 0xff, 0x40, 0x7b, 0x9f, 0xff, 
    0x53, 0xc8, 0xff, 0xff, 0x49, 0xb9, 0xfa, 0xff, 0x4d, 0xbb, 0xfd, 0xff, 0x4d, 
    0xbb, 0xfe, 0xff, 0x4d, 0xbc, 0xfe, 0xff, 0x4d, 0xbb, 0xfe, 0xff, 0x4d, 0xbb, 
    0xfe, 0xff, 0x4b, 0xba, 0xfd, 0xff, 0x4a, 0xb9, 0xfd, 0xff, 0x4b, 0xb9, 0xfe, 
    0xff, 0x4c, 0xb9, 0xfd, 0xff, 0x4c, 0xb9, 0xfe, 0xff, 0x4c, 0xba, 0xfd, 0xff, 
    0x4d, 0xbb, 0xfe, 0xff, 0x4d, 0xbb, 0xfe, 0xff, 0x4c, 0xbb, 0xfe, 0xff, 0x4c, 
    0xbb, 0xfd, 0xff, 0x4c, 0xb8, 0xfa, 0xff, 0x5c, 0xc9, 0xff, 0xff, 0x38, 0x6e, 
    0x91, 0xff, 0x00, 0x00, 0x00, 0xff, 0x6e, 0x6f, 0x6d, 0xff, 0xee, 0xf1, 0xf2, 
    0xff, 0xff, 0xff, 0xff, 0xff, 0xff, 0xff, 0xff, 0xff, 0xff, 0xff, 0xff, 0xff, 
    0xfe, 0xfe, 0xfe, 0xff, 0xfd, 0xfe, 0xfe, 0xff, 0xff, 0xff, 0xff, 0xff, 0xff, 
    0xff, 0xff, 0xff, 0xff, 0xff, 0xff, 0xff, 0xfa, 0xfc, 0xfd, 0xff, 0x7c, 0x7e, 
    0x7e, 0xff, 0x00, 0x00, 0x00, 0xff, 0x30, 0x5b, 0x76, 0xff, 0x5a, 0xc9, 0xff, 
    0xff, 0x49, 0xb9, 0xfb, 0xff, 0x4a, 0xba, 0xfd, 0xff, 0x4b, 0xba, 0xfe, 0xff, 
    0x4d, 0xbb, 0xfd, 0xff, 0x4d, 0xba, 0xfe, 0xff, 0x4d, 0xbb, 0xfe, 0xff, 0x4c, 
    0xba, 0xfe, 0xff, 0x4a, 0xb9, 0xfd, 0xff, 0x4b, 0xb9, 0xfe, 0xff, 0x4d, 0xbb, 
    0xfd, 0xff, 0x4e, 0xbc, 0xfe, 0xff, 0x4c, 0xba, 0xfd, 0xff, 0x4b, 0xb8, 0xfe, 
    0xff, 0x4c, 0xb6, 0xfb, 0xff, 0x61, 0xc7, 0xff, 0xff, 0x2b, 0x45, 0x55, 0xff, 
    0x00, 0x00, 0x00, 0xff, 0x18, 0x1d, 0x1d, 0xff, 0xea, 0xec, 0xec, 0xff, 0xfd, 
    0xfd, 0xfd, 0xff, 0xfc, 0xfe, 0xfe, 0xff, 0xfe, 0xff, 0xff, 0xff, 0xfe, 0xff, 
    0xff, 0xff, 0xfe, 0xff, 0xff, 0xff, 0xfc, 0xff, 0xfe, 0xff, 0xfb, 0xfe, 0xfe, 
    0xff, 0xfb, 0xff, 0xfe, 0xff, 0xfa, 0xff, 0xfe, 0xff, 0xfc, 0xfe, 0xfe, 0xff, 
    0xfd, 0xfe, 0xfe, 0xff, 0xfe, 0xff, 0xff, 0xff, 0xff, 0xff, 0xff, 0xff, 0xff, 
    0xff, 0xff, 0xff, 0xfe, 0xff, 0xff, 0xff, 0xff, 0xff, 0xff, 0xff, 0xfe, 0xff, 
    0xff, 0xff, 0xfc, 0xfe, 0xfe, 0xff, 0xfb, 0xff, 0xfe, 0xff, 0xfa, 0xff, 0xfe, 
    0xff, 0xfc, 0xfe, 0xfe, 0xff, 0xfb, 0xfc, 0xfc, 0xff, 0xff, 0xff, 0xff, 0xff, 
    0xb2, 0xb5, 0xb5, 0xff, 0x2d, 0x2e, 0x2e, 0xff, 0x7f, 0x82, 0x82, 0xff, 0xfe, 
    0xfe, 0xfe, 0xff, 0xfb, 0xfb, 0xfb, 0xff, 0xfe, 0xfe, 0xfe, 0xff, 0xdc, 0xdd, 
    0xdd, 0xff, 0x0b, 0x0e, 0x0e, 0xff, 0x02, 0x00, 0x00, 0xff, 0x58, 0x95, 0xa1, 
    0xff, 0x88, 0xff, 0xff, 0xff, 0x6d, 0xda, 0xf9, 0xff, 0x53, 0xbe, 0xfe, 0xff, 
    0x50, 0xbb, 0xfe, 0xff, 0x4e, 0xba, 0xfe, 0xff, 0x4d, 0xba, 0xfe, 0xff, 0x4b, 
    0xba, 0xfd, 0xff, 0x4b, 0xba, 0xfe, 0xff, 0x4b, 0xbb, 0xfe, 0xff, 0x4b, 0xbb, 
    0xfe, 0xff, 0x4c, 0xbc, 0xfe, 0xff, 0x4b, 0xbc, 0xfe, 0xff, 0x4a, 0xbb, 0xfe, 
    0xff, 0x49, 0xb8, 0xfb, 0xff, 0x51, 0xc5, 0xff, 0xff, 0x4a, 0x99, 0xc9, 0xff, 
    0x00, 0x00, 0x01, 0xff, 0x4c, 0x4e, 0x4c, 0xff, 0xf0, 0xf4, 0xf5, 0xff, 0xff, 
    0xff, 0xff, 0xff, 0xff, 0xff, 0xff, 0xff, 0xfa, 0xfb, 0xfb, 0xff, 0xfb, 0xfb, 
    0xfb, 0xff, 0xfb, 0xfc, 0xfc, 0xff, 0xfb, 0xfb, 0xfb, 0xff, 0xf7, 0xf9, 0xf8, 
    0xff, 0xf7, 0xf7, 0xf7, 0xff, 0xfc, 0xfd, 0xfd, 0xff, 0xff, 0xff, 0xff, 0xff, 
    0xf3, 0xf6, 0xf6, 0xff, 0x6c, 0x6f, 0x6e, 0xff, 0x00, 0x00, 0x00, 0xff, 0x3b, 
    0x74, 0x98, 0xff, 0x55, 0xc9, 0xff, 0xff, 0x4a, 0xb7, 0xfb, 0xff, 0x4c, 0xbb, 
    0xfe, 0xff, 0x4d, 0xbb, 0xfe, 0xff, 0x4c, 0xbb, 0xfe, 0xff, 0x4c, 0xbb, 0xfe, 
    0xff, 0x4b, 0xba, 0xfd, 0xff, 0x4b, 0xba, 0xfd, 0xff, 0x4c, 0xb9, 0xfe, 0xff, 
    0x4c, 0xb9, 0xfe, 0xff, 0x4c, 0xba, 0xfe, 0xff, 0x4c, 0xba, 0xfd, 0xff, 0x4d, 
    0xba, 0xfe, 0xff, 0x4d, 0xbb, 0xfe, 0xff, 0x4d, 0xbb, 0xfe, 0xff, 0x4c, 0xb7, 
    0xfb, 0xff, 0x5b, 0xca, 0xff, 0xff, 0x39, 0x6e, 0x94, 0xff, 0x02, 0x00, 0x00, 
    0xff, 0xa6, 0xa9, 0xa9, 0xff, 0xff, 0xff, 0xff, 0xff, 0xff, 0xff, 0xff, 0xff, 
    0xfa, 0xfb, 0xfb, 0xff, 0xfc, 0xfd, 0xfd, 0xff, 0xfe, 0xfe, 0xfe, 0xff, 0xfd, 
    0xff, 0xff, 0xff, 0xfe, 0xff, 0xff, 0xff, 0xfe, 0xfe, 0xfe, 0xff, 0xfd, 0xfd, 
    0xfd, 0xff, 0xfa, 0xfb, 0xfb, 0xff, 0xfe, 0xfe, 0xfe, 0xff, 0xff, 0xff, 0xff, 
    0xff, 0xa2, 0xa6, 0xa6, 0xff, 0x00, 0x00, 0x00, 0xff, 0x37, 0x69, 0x8a, 0xff, 
    0x56, 0xc8, 0xff, 0xff, 0x49, 0xb8, 0xfb, 0xff, 0x4b, 0xba, 0xfe, 0xff, 0x4c, 
    0xba, 0xfd, 0xff, 0x4d, 0xba, 0xfe, 0xff, 0x4d, 0xbb, 0xfe, 0xff, 0x4d, 0xbb, 
    0xfd, 0xff, 0x4b, 0xb9, 0xfd, 0xff, 0x4c, 0xbb, 0xfe, 0xff, 0x53, 0xbe, 0xfd, 
    0xff, 0x52, 0xc0, 0xfe, 0xff, 0x4e, 0xbc, 0xfe, 0xff, 0x4d, 0xba, 0xfe, 0xff, 
    0x4e, 0xb9, 0xfb, 0xff, 0x53, 0xc0, 0xfe, 0xff, 0x5d, 0xad, 0xe2, 0xff, 0x0f, 
    0x14, 0x15, 0xff, 0x00, 0x00, 0x00, 0xff, 0x76, 0x79, 0x79, 0xff, 0xff, 0xff, 
    0xff, 0xff, 0xfb, 0xfc, 0xfc, 0xff, 0xfe, 0xff, 0xff, 0xff, 0xfd, 0xff, 0xfe, 
    0xff, 0xfc, 0xfe, 0xfe, 0xff, 0xfc, 0xfe, 0xfe, 0xff, 0xfb, 0xff, 0xfe, 0xff, 
    0xfb, 0xff, 0xfe, 0xff, 0xfa, 0xff, 0xfe, 0xff, 0xfb, 0xff, 0xfe, 0xff, 0xfc, 
    0xfe, 0xfe, 0xff, 0xfe, 0xff, 0xff, 0xff, 0xff, 0xff, 0xff, 0xff, 0xff, 0xff, 
    0xff, 0xff, 0xfe, 0xff, 0xff, 0xff, 0xfe, 0xff, 0xff, 0xff, 0xfe, 0xff, 0xff, 
    0xff, 0xfc, 0xff, 0xfe, 0xff, 0xfc, 0xfe, 0xfe, 0xff, 0xfb, 0xff, 0xfe, 0xff, 
    0xfa, 0xff, 0xfe, 0xff, 0xfd, 0xfe, 0xfe, 0xff, 0xff, 0xff, 0xff, 0xff, 0xe8, 
    0xe9, 0xe9, 0xff, 0xd3, 0xd4, 0xd4, 0xff, 0xf8, 0xf9, 0xf9, 0xff, 0xfe, 0xff, 
    0xff, 0xff, 0xfb, 0xfc, 0xfc, 0xff, 0xff, 0xff, 0xff, 0xff, 0x5d, 0x60, 0x5f, 
    0xff, 0x00, 0x00, 0x00, 0xff, 0x29, 0x3e, 0x42, 0xff, 0x8c, 0xf7, 0xff, 0xff, 
    0x7b, 0xe9, 0xfa, 0xff, 0x58, 0xc2, 0xfd, 0xff, 0x52, 0xbd, 0xfe, 0xff, 0x57, 
    0xc4, 0xfd, 0xff, 0x52, 0xc0, 0xfe, 0xff, 0x4e, 0xbc, 0xfe, 0xff, 0x4b, 0xba, 
    0xfe, 0xff, 0x4a, 0xba, 0xfd, 0xff, 0x4a, 0xba, 0xfe, 0xff, 0x4b, 0xbc, 0xfe, 
    0xff, 0x4d, 0xbd, 0xfe, 0xff, 0x4b, 0xbc, 0xfe, 0xff, 0x4a, 0xba, 0xfc, 0xff, 
    0x4e, 0xbf, 0xfd, 0xff, 0x55, 0xb2, 0xe8, 0xff, 0x04, 0x0a, 0x10, 0xff, 0x4b, 
    0x4c, 0x4b, 0xff, 0xff, 0xff, 0xff, 0xff, 0xff, 0xff, 0xff, 0xff, 0xfa, 0xfb, 
    0xfb, 0xff, 0xfe, 0xfe, 0xfe, 0xff, 0xfc, 0xfe, 0xfe, 0xff, 0xfe, 0xff, 0xff, 
    0xff, 0xfe, 0xff, 0xff, 0xff, 0xfd, 0xfd, 0xfd, 0xff, 0xff, 0xff, 0xff, 0xff, 
    0xff, 0xff, 0xff, 0xff, 0xff, 0xff, 0xff, 0xff, 0xff, 0xff, 0xff, 0xff, 0xff, 
    0xff, 0xff, 0xff, 0xff, 0xff, 0xff, 0xff, 0x86, 0x8a, 0x8a, 0xff, 0x00, 0x00, 
    0x00, 0xff, 0x48, 0x92, 0xc2, 0xff, 0x50, 0xc3, 0xff, 0xff, 0x4b, 0xb8, 0xfb, 
    0xff, 0x4c, 0xba, 0xfd, 0xff, 0x4c, 0xba, 0xfd, 0xff, 0x4b, 0xba, 0xfe, 0xff, 
    0x4b, 0xba, 0xfe, 0xff, 0x4c, 0xba, 0xfd, 0xff, 0x4d, 0xba, 0xfe, 0xff, 0x4d, 
    0xb9, 0xfe, 0xff, 0x4c, 0xb9, 0xfd, 0xff, 0x4e, 0xba, 0xfe, 0xff, 0x4d, 0xba, 
    0xfe, 0xff, 0x4d, 0xba, 0xfe, 0xff, 0x4d, 0xb8, 0xfb, 0xff, 0x54, 0xc4, 0xff, 
    0xff, 0x48, 0x93, 0xc2, 0xff, 0x00, 0x00, 0x00, 0xff, 0xaa, 0xad, 0xad, 0xff, 
    0xff, 0xff, 0xff, 0xff, 0xf9, 0xfa, 0xfa, 0xff, 0xfd, 0xfe, 0xfe, 0xff, 0xfe, 
    0xff, 0xff, 0xff, 0xfe, 0xff, 0xff, 0xff, 0xfd, 0xfe, 0xfe, 0xff, 0xfd, 0xfe, 
    0xfe, 0xff, 0xfd, 0xfe, 0xfe, 0xff, 0xfe, 0xff, 0xff, 0xff, 0xfe, 0xff, 0xff, 
    0xff, 0xfe, 0xff, 0xff, 0xff, 0xfd, 0xfe, 0xfe, 0xff, 0xf9, 0xf9, 0xf9, 0xff, 
    0xff, 0xff, 0xff, 0xff, 0x8f, 0x92, 0x93, 0xff, 0x00, 0x00, 0x00, 0xff, 0x4f, 
    0x9f, 0xd1, 0xff, 0x4e, 0xc2, 0xfe, 0xff, 0x4b, 0xb8, 0xfb, 0xff, 0x4b, 0xb9, 
    0xfd, 0xff, 0x4b, 0xba, 0xfe, 0xff, 0x4d, 0xbc, 0xfe, 0xff, 0x4d, 0xbb, 0xfe, 
    0xff, 0x4b, 0xb9, 0xfd, 0xff, 0x4c, 0xba, 0xfd, 0xff, 0x51, 0xbc, 0xfe, 0xff, 
    0x50, 0xbd, 0xfe, 0xff, 0x4f, 0xbd, 0xfe, 0xff, 0x4e, 0xbc, 0xfe, 0xff, 0x4d, 
    0xbc, 0xfe, 0xff, 0x4b, 0xb7, 0xfa, 0xff, 0x5a, 0xca, 0xff, 0xff, 0x36, 0x5d, 
    0x7b, 0xff, 0x00, 0x00, 0x00, 0xff, 0x0c, 0x10, 0x10, 0xff, 0xe1, 0xe3, 0xe3, 
    0xff, 0xfe, 0xfe, 0xfe, 0xff, 0xfc, 0xfd, 0xfd, 0xff, 0xfd, 0xff, 0xff, 0xff, 
    0xfd, 0xff, 0xff, 0xff, 0xfd, 0xff, 0xfe, 0xff, 0xfb, 0xfe, 0xfe, 0xff, 0xfb, 
    0xfe, 0xfe, 0xff, 0xfa, 0xff, 0xfe, 0xff, 0xfc, 0xfe, 0xfe, 0xff, 0xfb, 0xfe, 
    0xfe, 0xff, 0xfe, 0xff, 0xff, 0xff, 0xff, 0xff, 0xff, 0xff, 0xff, 0xff, 0xff, 
    0xff, 0xfe, 0xff, 0xff, 0xff, 0xfe, 0xff, 0xff, 0xff, 0xfe, 0xff, 0xff, 0xff, 
    0xfc, 0xfe, 0xfe, 0xff, 0xfc, 0xff, 0xfe, 0xff, 0xfc, 0xff, 0xfe, 0xff, 0xfa, 
    0xff, 0xfe, 0xff, 0xfd, 0xff, 0xff, 0xff, 0xfe, 0xff, 0xff, 0xff, 0xff, 0xff, 
    0xff, 0xff, 0xff, 0xff, 0xff, 0xff, 0xff, 0xff, 0xff, 0xff, 0xfb, 0xfc, 0xfc, 
    0xff, 0xff, 0xff, 0xff, 0xff, 0xd0, 0xd1, 0xd1, 0xff, 0x04, 0x07, 0x07, 0xff, 
    0x05, 0x05, 0x05, 0xff, 0x6c, 0xb6, 0xc4, 0xff, 0x88, 0xfb, 0xff, 0xff, 0x66, 
    0xd2, 0xfa, 0xff, 0x51, 0xba, 0xfe, 0xff, 0x56, 0xc4, 0xfe, 0xff, 0x58, 0xc7, 
    0xfd, 0xff, 0x51, 0xbf, 0xfe, 0xff, 0x4f, 0xbe, 0xfe, 0xff, 0x4a, 0xba, 0xfd, 
    0xff, 0x49, 0xba, 0xfe, 0xff, 0x4a, 0xba, 0xfe, 0xff, 0x4b, 0xbb, 0xfe, 0xff, 
    0x4d, 0xbd, 0xfe, 0xff, 0x4d, 0xbd, 0xfe, 0xff, 0x4c, 0xb9, 0xfc, 0xff, 0x59, 
    0xc8, 0xff, 0xff, 0x1d, 0x3a, 0x4f, 0xff, 0x1e, 0x1b, 0x18, 0xff, 0xf3, 0xf4, 
    0xf5, 0xff, 0xfe, 0xfe, 0xfe, 0xff, 0xfc, 0xfd, 0xfd, 0xff, 0xfe, 0xff, 0xff, 
    0xff, 0xfd, 0xff, 0xfe, 0xff, 0xfe, 0xff, 0xff, 0xff, 0xfe, 0xff, 0xfe, 0xff, 
    0xfe, 0xff, 0xff, 0xff, 0xff, 0xff, 0xff, 0xff, 0xc0, 0xc2, 0xc2, 0xff, 0x7a, 
    0x7b, 0x7b, 0xff, 0x6e, 0x6f, 0x6f, 0xff, 0x9e, 0xa0, 0xa0, 0xff, 0xef, 0xf1, 
    0xf1, 0xff, 0xff, 0xff, 0xff, 0xff, 0xff, 0xff, 0xff, 0xff, 0x5a, 0x5a, 0x58, 
    0xff, 0x07, 0x11, 0x1b, 0xff, 0x56, 0xbd, 0xf8, 0xff, 0x49, 0xba, 0xfd, 0xff, 
    0x4a, 0xb9, 0xfd, 0xff, 0x4b, 0xba, 0xfd, 0xff, 0x4b, 0xb9, 0xfe, 0xff, 0x4b, 
    0xb9, 0xfe, 0xff, 0x4c, 0xb9, 0xfd, 0xff, 0x4d, 0xba, 0xfd, 0xff, 0x4c, 0xb9, 
    0xfe, 0xff, 0x4c, 0xb9, 0xfe, 0xff, 0x4d, 0xb9, 0xfd, 0xff, 0x4c, 0xba, 0xfd, 
    0xff, 0x4d, 0xba, 0xfd, 0xff, 0x4d, 0xba, 0xfd, 0xff, 0x5a, 0xc1, 0xfc, 0xff, 
    0x05, 0x13, 0x21, 0xff, 0x6b, 0x6a, 0x69, 0xff, 0xff, 0xff, 0xff, 0xff, 0xf9, 
    0xf9, 0xf9, 0xff, 0xfe, 0xff, 0xff, 0xff, 0xfd, 0xfe, 0xfe, 0xff, 0xfb, 0xfc, 
    0xfc, 0xff, 0xfb, 0xfc, 0xfc, 0xff, 0xff, 0xff, 0xff, 0xff, 0xff, 0xff, 0xff, 
    0xff, 0xff, 0xff, 0xff, 0xff, 0xfe, 0xff, 0xff, 0xff, 0xfa, 0xfb, 0xfb, 0xff, 
    0xfc, 0xfd, 0xfd, 0xff, 0xfe, 0xff, 0xff, 0xff, 0xfe, 0xfe, 0xfe, 0xff, 0xfa, 
    0xfa, 0xfa, 0xff, 0xff, 0xff, 0xff, 0xff, 0x38, 0x36, 0x34, 0xff, 0x16, 0x30, 
    0x42, 0xff, 0x5a, 0xc8, 0xff, 0xff, 0x4b, 0xb9, 0xfc, 0xff, 0x4c, 0xbb, 0xfd, 
    0xff, 0x4b, 0xbb, 0xfe, 0xff, 0x4d, 0xbc, 0xfe, 0xff, 0x4e, 0xbb, 0xfe, 0xff, 
    0x4d, 0xba, 0xfd, 0xff, 0x4b, 0xb8, 0xfe, 0xff, 0x4f, 0xba, 0xfe, 0xff, 0x52, 
    0xbd, 0xfe, 0xff, 0x4f, 0xbd, 0xfe, 0xff, 0x4f, 0xbd, 0xfe, 0xff, 0x4d, 0xbc, 
    0xfe, 0xff, 0x4b, 0xba, 0xfc, 0xff, 0x4c, 0xbe, 0xfd, 0xff, 0x57, 0xae, 0xe7, 
    0xff, 0x0e, 0x12, 0x16, 0xff, 0x00, 0x00, 0x00, 0xff, 0x6f, 0x72, 0x72, 0xff, 
    0xff, 0xff, 0xff, 0xff, 0xfb, 0xfc, 0xfc, 0xff, 0xfe, 0xff, 0xff, 0xff, 0xfe, 
    0xff, 0xff, 0xff, 0xfe, 0xff, 0xff, 0xff, 0xfd, 0xff, 0xfe, 0xff, 0xfb, 0xfe, 
    0xfe, 0xff, 0xfb, 0xff, 0xfe, 0xff, 0xfb, 0xfe, 0xfe, 0xff, 0xfb, 0xff, 0xfe, 
    0xff, 0xfd, 0xff, 0xff, 0xff, 0xff, 0xff, 0xff, 0xff, 0xff, 0xff, 0xff, 0xff, 
    0xfe, 0xff, 0xff, 0xff, 0xff, 0xff, 0xff, 0xff, 0xfe, 0xff, 0xff, 0xff, 0xfd, 
    0xff, 0xff, 0xff, 0xfc, 0xfe, 0xfe, 0xff, 0xfb, 0xfe, 0xfe, 0xff, 0xfb, 0xfe, 
    0xfe, 0xff, 0xfb, 0xff, 0xfe, 0xff, 0xff, 0xff, 0xff, 0xff, 0xfe, 0xfe, 0xfe, 
    0xff, 0xfd, 0xfd, 0xfd, 0xff, 0xfe, 0xff, 0xff, 0xff, 0xfc, 0xfc, 0xfd, 0xff, 
    0xff, 0xff, 0xff, 0xff, 0x4d, 0x51, 0x50, 0xff, 0x00, 0x00, 0x00, 0xff, 0x2b, 
    0x46, 0x4c, 0xff, 0x83, 0xf7, 0xff, 0xff, 0x72, 0xe4, 0xfb, 0xff, 0x57, 0xc2, 
    0xfe, 0xff, 0x52, 0xbf, 0xfe, 0xff, 0x5a, 0xca, 0xfd, 0xff, 0x55, 0xc5, 0xfe, 
    0xff, 0x52, 0xc1, 0xfe, 0xff, 0x4c, 0xbc, 0xfe, 0xff, 0x4b, 0xbb, 0xfe, 0xff, 
    0x49, 0xba, 0xfe, 0xff, 0x4a, 0xba, 0xfe, 0xff, 0x4b, 0xba, 0xfe, 0xff, 0x4c, 
    0xbb, 0xfe, 0xff, 0x4d, 0xba, 0xfb, 0xff, 0x54, 0xc4, 0xff, 0xff, 0x4b, 0x97, 
    0xcb, 0xff, 0x00, 0x00, 0x00, 0xff, 0xb3, 0xb6, 0xb6, 0xff, 0xff, 0xff, 0xff, 
    0xff, 0xfb, 0xfb, 0xfb, 0xff, 0xfe, 0xff, 0xff, 0xff, 0xfd, 0xff, 0xfe, 0xff, 
    0xfd, 0xfe, 0xfe, 0xff, 0xfd, 0xfe, 0xfe, 0xff, 0xfc, 0xfd, 0xfd, 0xff, 0xfb, 
    0xfb, 0xfc, 0xff, 0x5f, 0x62, 0x61, 0xff, 0x00, 0x00, 0x00, 0xff, 0x00, 0x00, 
    0x00, 0xff, 0x00, 0x00, 0x00, 0xff, 0x00, 0x00, 0x00, 0xff, 0x23, 0x25, 0x25, 
    0xff, 0xca, 0xcc, 0xcc, 0xff, 0xff, 0xff, 0xff, 0xff, 0xe6, 0xe9, 0xea, 0xff, 
    0x0b, 0x06, 0x02, 0xff, 0x37, 0x77, 0xa2, 0xff, 0x50, 0xc6, 0xff, 0xff, 0x48, 
    0xb7, 0xfa, 0xff, 0x4a, 0xb9, 0xfd, 0xff, 0x4a, 0xb8, 0xfe, 0xff, 0x4b, 0xb9, 
    0xfd, 0xff, 0x4b, 0xb9, 0xfd, 0xff, 0x4c, 0xba, 0xfd, 0xff, 0x4c, 0xb8, 0xfe, 
    0xff, 0x4b, 0xb8, 0xfe, 0xff, 0x4b, 0xb8, 0xfe, 0xff, 0x4b, 0xb9, 0xfd, 0xff, 
    0x4a, 0xb6, 0xfa, 0xff, 0x54, 0xc6, 0xff, 0xff, 0x3c, 0x7f, 0xae, 0xff, 0x12, 
    0x0e, 0x0c, 0xff, 0xf0, 0xf2, 0xf3, 0xff, 0xfd, 0xfd, 0xfd, 0xff, 0xfd, 0xfe, 
    0xfe, 0xff, 0xfc, 0xfc, 0xfc, 0xff, 0xff, 0xff, 0xff, 0xff, 0xff, 0xff, 0xff, 
    0xff, 0xff, 0xff, 0xff, 0xff, 0xf8, 0xf9, 0xf9, 0xff, 0xec, 0xed, 0xed, 0xff, 
    0xf0, 0xf1, 0xf1, 0xff, 0xff, 0xff, 0xff, 0xff, 0xff, 0xff, 0xff, 0xff, 0xff, 
    0xff, 0xff, 0xff, 0xfc, 0xfd, 0xfd, 0xff, 0xfe, 0xff, 0xff, 0xff, 0xfb, 0xfc, 
    0xfc, 0xff, 0xff, 0xfe, 0xfe, 0xff, 0xbc, 0xbe, 0xbe, 0xff, 0x00, 0x00, 0x00, 
    0xff, 0x4f, 0xa2, 0xda, 0xff, 0x50, 0xc2, 0xff, 0xff, 0x4b, 0xba, 0xfc, 0xff, 
    0x4d, 0xbc, 0xfe, 0xff, 0x4f, 0xbc, 0xfe, 0xff, 0x4f, 0xbb, 0xfe, 0xff, 0x4d, 
    0xb9, 0xfd, 0xff, 0x4b, 0xb7, 0xfe, 0xff, 0x4e, 0xb8, 0xfe, 0xff, 0x51, 0xbc, 
    0xfe, 0xff, 0x52, 0xc0, 0xff, 0xff, 0x51, 0xc2, 0xff, 0xff, 0x52, 0xc3, 0xff, 
    0xff, 0x51, 0xc2, 0xff, 0xff, 0x4f, 0xbe, 0xfb, 0xff, 0x5b, 0xd0, 0xff, 0xff, 
    0x37, 0x64, 0x7d, 0xff, 0x00, 0x00, 0x00, 0xff, 0x11, 0x15, 0x15, 0xff, 0xe9, 
    0xeb, 0xeb, 0xff, 0xfe, 0xff, 0xff, 0xff, 0xfd, 0xfe, 0xfe, 0xff, 0xfe, 0xff, 
    0xff, 0xff, 0xfd, 0xff, 0xff, 0xff, 0xfb, 0xff, 0xfe, 0xff, 0xfb, 0xff, 0xfe, 
    0xff, 0xfb, 0xff, 0xfe, 0xff, 0xfb, 0xff, 0xfe, 0xff, 0xfc, 0xff, 0xfe, 0xff, 
    0xfe, 0xff, 0xff, 0xff, 0xff, 0xff, 0xff, 0xff, 0xff, 0xff, 0xff, 0xff, 0xfe, 
    0xff, 0xff, 0xff, 0xfe, 0xff, 0xff, 0xff, 0xfe, 0xff, 0xff, 0xff, 0xfc, 0xff, 
    0xfe, 0xff, 0xfb, 0xfe, 0xfe, 0xff, 0xfb, 0xff, 0xfe, 0xff, 0xfb, 0xff, 0xfe, 
    0xff, 0xfb, 0xff, 0xfe, 0xff, 0xfc, 0xff, 0xfe, 0xff, 0xfc, 0xff, 0xfe, 0xff, 
    0xfe, 0xff, 0xff, 0xff, 0xfc, 0xfc, 0xfc, 0xff, 0xff, 0xff, 0xff, 0xff, 0xd0, 
    0xd1, 0xd1, 0xff, 0x02, 0x04, 0x03, 0xff, 0x04, 0x03, 0x03, 0xff, 0x61, 0xad, 
    0xbf, 0xff, 0x7b, 0xf5, 0xfe, 0xff, 0x61, 0xd0, 0xfa, 0xff, 0x50, 0xbd, 0xfe, 
    0xff, 0x51, 0xc0, 0xfe, 0xff, 0x52, 0xc2, 0xfe, 0xff, 0x54, 0xc3, 0xfe, 0xff, 
    0x51, 0xbf, 0xfe, 0xff, 0x4a, 0xba, 0xfe, 0xff, 0x4b, 0xba, 0xfe, 0xff, 0x4c, 
    0xba, 0xfd, 0xff, 0x4b, 0xba, 0xfd, 0xff, 0x4b, 0xba, 0xfd, 0xff, 0x4d, 0xba, 
    0xfe, 0xff, 0x4c, 0xb7, 0xfa, 0xff, 0x5c, 0xc9, 0xff, 0xff, 0x20, 0x46, 0x60, 
    0xff, 0x2d, 0x2b, 0x27, 0xff, 0xff, 0xff, 0xff, 0xff, 0xfc, 0xfd, 0xfd, 0xff, 
    0xfe, 0xff, 0xff, 0xff, 0xfc, 0xff, 0xfe, 0xff, 0xfd, 0xff, 0xff, 0xff, 0xfe, 
    0xff, 0xff, 0xff, 0xfc, 0xfc, 0xfc, 0xff, 0xff, 0xff, 0xff, 0xff, 0x6c, 0x6d, 
    0x6d, 0xff, 0x00, 0x00, 0x00, 0xff, 0x58, 0x59, 0x58, 0xff, 0x24, 0x26, 0x24, 
    0xff, 0x04, 0x05, 0x04, 0xff, 0x07, 0x07, 0x06, 0xff, 0x00, 0x00, 0x00, 0xff, 
    0x17, 0x19, 0x19, 0xff, 0xe0, 0xe2, 0xe2, 0xff, 0xff, 0xff, 0xff, 0xff, 0x59, 
    0x56, 0x52, 0xff, 0x0f, 0x2c, 0x40, 0xff, 0x56, 0xc8, 0xff, 0xff, 0x48, 0xb7, 
    0xfb, 0xff, 0x4b, 0xba, 0xfd, 0xff, 0x4a, 0xb9, 0xfe, 0xff, 0x4b, 0xba, 0xfd, 
    0xff, 0x4c, 0xba, 0xfd, 0xff, 0x4b, 0xb9, 0xfe, 0xff, 0x4b, 0xb8, 0xfe, 0xff, 
    0x4b, 0xb9, 0xfe, 0xff, 0x4c, 0xb9, 0xfe, 0xff, 0x4b, 0xb8, 0xfe, 0xff, 0x48, 
    0xb4, 0xfb, 0xff, 0x5a, 0xc7, 0xff, 0xff, 0x11, 0x32, 0x4b, 0xff, 0x69, 0x66, 
    0x63, 0xff, 0xff, 0xff, 0xff, 0xff, 0xfa, 0xfb, 0xfb, 0xff, 0xfb, 0xfc, 0xfc, 
    0xff, 0xff, 0xff, 0xff, 0xff, 0xfa, 0xfb, 0xfb, 0xff, 0xa2, 0xa3, 0xa3, 0xff, 
    0x4f, 0x50, 0x50, 0xff, 0x21, 0x22, 0x22, 0xff, 0x13, 0x14, 0x13, 0xff, 0x17, 
    0x19, 0x17, 0xff, 0x33, 0x35, 0x34, 0xff, 0x6d, 0x6e, 0x6e, 0xff, 0xc5, 0xc6, 
    0xc7, 0xff, 0xff, 0xff, 0xff, 0xff, 0xfe, 0xff, 0xff, 0xff, 0xfd, 0xfe, 0xfe, 
    0xff, 0xfd, 0xfe, 0xfe, 0xff, 0xfd, 0xfe, 0xff, 0xff, 0x27, 0x23, 0x20, 0xff, 
    0x2f, 0x68, 0x8c, 0xff, 0x57, 0xcb, 0xff, 0xff, 0x4a, 0xb8, 0xfa, 0xff, 0x4c, 
    0xbc, 0xfe, 0xff, 0x4e, 0xbb, 0xfe, 0xff, 0x50, 0xbd, 0xff, 0xff, 0x50, 0xbd, 
    0xff, 0xff, 0x50, 0xbf, 0xff, 0xff, 0x51, 0xbf, 0xfe, 0xff, 0x51, 0xbe, 0xfd, 
    0xff, 0x50, 0xba, 0xfb, 0xff, 0x4d, 0xb3, 0xf8, 0xff, 0x48, 0xac, 0xf8, 0xff, 
    0x45, 0xa4, 0xf7, 0xff, 0x44, 0xa2, 0xf6, 0xff, 0x4a, 0xad, 0xfa, 0xff, 0x4e, 
    0x9c, 0xde, 0xff, 0x09, 0x0b, 0x0d, 0xff, 0x00, 0x00, 0x00, 0xff, 0x8f, 0x93, 
    0x92, 0xff, 0xff, 0xff, 0xff, 0xff, 0xfa, 0xfb, 0xfb, 0xff, 0xfe, 0xff, 0xff, 
    0xff, 0xfe, 0xff, 0xff, 0xff, 0xfb, 0xff, 0xfe, 0xff, 0xfb, 0xff, 0xfe, 0xff, 
    0xfc, 0xff, 0xfe, 0xff, 0xfd, 0xff, 0xff, 0xff, 0xfe, 0xff, 0xff, 0xff, 0xff, 
    0xff, 0xff, 0xff, 0xff, 0xff, 0xff, 0xff, 0xff, 0xff, 0xff, 0xff, 0xfe, 0xff, 
    0xff, 0xff, 0xfe, 0xff, 0xff, 0xff, 0xfd, 0xff, 0xff, 0xff, 0xfc, 0xff, 0xfe, 
    0xff, 0xfc, 0xff, 0xfe, 0xff, 0xfb, 0xff, 0xfe, 0xff, 0xfc, 0xff, 0xfe, 0xff, 
    0xfd, 0xff, 0xff, 0xff, 0xfd, 0xff, 0xfe, 0xff, 0xfd, 0xff, 0xff, 0xff, 0xfe, 
    0xff, 0xff, 0xff, 0xfb, 0xfc, 0xfc, 0xff, 0xff, 0xff, 0xff, 0xff, 0x6b, 0x6e, 
    0x6e, 0xff, 0x00, 0x00, 0x00, 0xff, 0x1f, 0x2f, 0x32, 0xff, 0x7f, 0xed, 0xfd, 
    0xff, 0x70, 0xe4, 0xfd, 0xff, 0x54, 0xc3, 0xfe, 0xff, 0x4e, 0xbc, 0xfe, 0xff, 
    0x4d, 0xbc, 0xfe, 0xff, 0x4c, 0xbb, 0xfe, 0xff, 0x4e, 0xbb, 0xfe, 0xff, 0x4c, 
    0xba, 0xfe, 0xff, 0x4b, 0xb9, 0xfd, 0xff, 0x4c, 0xba, 0xfd, 0xff, 0x4b, 0xba, 
    0xfd, 0xff, 0x4b, 0xb9, 0xfd, 0xff, 0x4c, 0xba, 0xfd, 0xff, 0x4d, 0xb9, 0xfd, 
    0xff, 0x4f, 0xb9, 0xfe, 0xff, 0x5a, 0xbe, 0xfc, 0xff, 0x03, 0x11, 0x1d, 0xff, 
    0x84, 0x83, 0x81, 0xff, 0xff, 0xfe, 0xfe, 0xff, 0xfa, 0xfb, 0xfb, 0xff, 0xfd, 
    0xff, 0xff, 0xff, 0xfb, 0xfe, 0xfe, 0xff, 0xfd, 0xff, 0xff, 0xff, 0xfc, 0xfd, 
    0xfd, 0xff, 0xff, 0xff, 0xff, 0xff, 0xdc, 0xde, 0xde, 0xff, 0x00, 0x00, 0x00, 
    0xff, 0x3d, 0x40, 0x3f, 0xff, 0xff, 0xff, 0xff, 0xff, 0x91, 0x93, 0x92, 0xff, 
    0x00, 0x00, 0x00, 0xff, 0x05, 0x04, 0x04, 0xff, 0x06, 0x06, 0x06, 0xff, 0x00, 
    0x00, 0x00, 0xff, 0x75, 0x78, 0x78, 0xff, 0xfe, 0xfe, 0xfe, 0xff, 0x9d, 0x9c, 
    0x9b, 0xff, 0x00, 0x0b, 0x13, 0xff, 0x51, 0xb8, 0xfa, 0xff, 0x48, 0xba, 0xff, 
    0xff, 0x4b, 0xba, 0xfd, 0xff, 0x49, 0xb8, 0xfe, 0xff, 0x44, 0xb5, 0xfe, 0xff, 
    0x48, 0xb8, 0xfd, 0xff, 0x50, 0xbd, 0xfd, 0xff, 0x4d, 0xbb, 0xfd, 0xff, 0x44, 
    0xb6, 0xfe, 0xff, 0x45, 0xb6, 0xfe, 0xff, 0x4a, 0xb8, 0xfd, 0xff, 0x49, 0xb8, 
    0xfe, 0xff, 0x51, 0xb9, 0xfe, 0xff, 0x07, 0x18, 0x26, 0xff, 0xb4, 0xb5, 0xb3, 
    0xff, 0xfe, 0xfe, 0xfe, 0xff, 0xf8, 0xf9, 0xf9, 0xff, 0xff, 0xff, 0xff, 0xff, 
    0xb9, 0xbb, 0xbb, 0xff, 0x32, 0x33, 0x32, 0xff, 0x00, 0x00, 0x00, 0xff, 0x00, 
    0x00, 0x00, 0xff, 0x00, 0x00, 0x00, 0xff, 0x00, 0x00, 0x00, 0xff, 0x00, 0x00, 
    0x00, 0xff, 0x00, 0x00, 0x00, 0xff, 0x00, 0x00, 0x00, 0xff, 0x03, 0x04, 0x04, 
    0xff, 0x75, 0x78, 0x78, 0xff, 0xfd, 0xfe, 0xfe, 0xff, 0xff, 0xff, 0xff, 0xff, 
    0xf9, 0xfa, 0xfa, 0xff, 0xff, 0xff, 0xff, 0xff, 0x66, 0x62, 0x60, 0xff, 0x1c, 
    0x47, 0x62, 0xff, 0x5a, 0xcc, 0xff, 0xff, 0x48, 0xb6, 0xfa, 0xff, 0x4c, 0xbb, 
    0xfe, 0xff, 0x50, 0xc0, 0xff, 0xff, 0x4e, 0xbb, 0xfc, 0xff, 0x49, 0xb0, 0xf9, 
    0xff, 0x40, 0xa0, 0xf7, 0xff, 0x35, 0x8b, 0xf5, 0xff, 0x30, 0x80, 0xf7, 0xff, 
    0x2b, 0x76, 0xf7, 0xff, 0x29, 0x6e, 0xf3, 0xff, 0x2a, 0x6d, 0xf3, 0xff, 0x2a, 
    0x6f, 0xf3, 0xff, 0x2c, 0x73, 0xf3, 0xff, 0x2a, 0x70, 0xf0, 0xff, 0x31, 0x7b, 
    0xff, 0xff, 0x1a, 0x2f, 0x59, 0xff, 0x00, 0x00, 0x01, 0xff, 0x2e, 0x32, 0x33, 
    0xff, 0xfb, 0xfc, 0xfc, 0xff, 0xfe, 0xfe, 0xfe, 0xff, 0xfe, 0xff, 0xff, 0xff, 
    0xfe, 0xff, 0xff, 0xff, 0xfe, 0xff, 0xff, 0xff, 0xfe, 0xff, 0xff, 0xff, 0xfe, 
    0xff, 0xff, 0xff, 0xfe, 0xff, 0xff, 0xff, 0xff, 0xff, 0xff, 0xff, 0xfe, 0xff, 
    0xff, 0xff, 0xff, 0xff, 0xff, 0xff, 0xff, 0xff, 0xff, 0xff, 0xfe, 0xff, 0xff, 
    0xff, 0xfe, 0xff, 0xff, 0xff, 0xfe, 0xff, 0xff, 0xff, 0xfe, 0xff, 0xff, 0xff, 
    0xfe, 0xff, 0xff, 0xff, 0xfe, 0xff, 0xff, 0xff, 0xfe, 0xff, 0xff, 0xff, 0xfe, 
    0xff, 0xff, 0xff, 0xfe, 0xff, 0xff, 0xff, 0xfe, 0xff, 0xff, 0xff, 0xfd, 0xfe, 
    0xfe, 0xff, 0xff, 0xff, 0xff, 0xff, 0xed, 0xee, 0xee, 0xff, 0x15, 0x19, 0x17, 
    0xff, 0x00, 0x00, 0x00, 0xff, 0x57, 0x8f, 0x95, 0xff, 0x81, 0xf6, 0xff, 0xff, 
    0x65, 0xd3, 0xf8, 0xff, 0x4f, 0xbe, 0xfc, 0xff, 0x51, 0xc1, 0xfc, 0xff, 0x51, 
    0xc1, 0xfd, 0xff, 0x51, 0xc1, 0xfe, 0xff, 0x51, 0xc0, 0xff, 0xff, 0x50, 0xbf, 
    0xff, 0xff, 0x4e, 0xbe, 0xfe, 0xff, 0x4c, 0xbc, 0xfe, 0xff, 0x4b, 0xb9, 0xfd, 
    0xff, 0x4a, 0xb9, 0xfd, 0xff, 0x4b, 0xba, 0xfd, 0xff, 0x4c, 0xb8, 0xfc, 0xff, 
    0x50, 0xbd, 0xff, 0xff, 0x4f, 0xa7, 0xe3, 0xff, 0x01, 0x03, 0x05, 0xff, 0xc0, 
    0xc1, 0xc0, 0xff, 0xff, 0xff, 0xff, 0xff, 0xfc, 0xfc, 0xfc, 0xff, 0xfd, 0xff, 
    0xff, 0xff, 0xfc, 0xff, 0xfe, 0xff, 0xfe, 0xff, 0xff, 0xff, 0xfb, 0xfb, 0xfb, 
    0xff, 0xff, 0xff, 0xff, 0xff, 0x99, 0x9a, 0x9a, 0xff, 0x01, 0x01, 0x01, 0xff, 
    0x10, 0x11, 0x10, 0xff, 0x61, 0x63, 0x63, 0xff, 0x20, 0x21, 0x20, 0xff, 0x01, 
    0x00, 0x00, 0xff, 0x02, 0x01, 0x01, 0xff, 0x03, 0x04, 0x03, 0xff, 0x01, 0x01, 
    0x01, 0xff, 0x39, 0x3b, 0x3a, 0xff, 0xff, 0xff, 0xff, 0xff, 0xc3, 0xc3, 0xc3, 
    0xff, 0x03, 0x08, 0x0b, 0xff, 0x4f, 0xad, 0xea, 0xff, 0x4b, 0xbd, 0xff, 0xff, 
    0x43, 0xb5, 0xfc, 0xff, 0x4d, 0xba, 0xfd, 0xff, 0x70, 0xcb, 0xfa, 0xff, 0x93, 
    0xde, 0xf9, 0xff, 0xb5, 0xee, 0xfa, 0xff, 0xae, 0xeb, 0xf9, 0xff, 0x93, 0xde, 
    0xf9, 0xff, 0x6e, 0xca, 0xfa, 0xff, 0x46, 0xb6, 0xfd, 0xff, 0x46, 0xb6, 0xff, 
    0xff, 0x4d, 0xb2, 0xf5, 0xff, 0x0d, 0x17, 0x21, 0xff, 0xd3, 0xd8, 0xd5, 0xff, 
    0xff, 0xfe, 0xfe, 0xff, 0xff, 0xff, 0xff, 0xff, 0x8f, 0x91, 0x91, 0xff, 0x00, 
    0x01, 0x01, 0xff, 0x00, 0x00, 0x00, 0xff, 0x00, 0x02, 0x00, 0xff, 0x00, 0x00, 
    0x00, 0xff, 0x00, 0x00, 0x00, 0xff, 0x00, 0x00, 0x00, 0xff, 0x00, 0x00, 0x00, 
    0xff, 0x00, 0x00, 0x00, 0xff, 0x00, 0x00, 0x00, 0xff, 0x00, 0x00, 0x00, 0xff, 
    0x00, 0x00, 0x00, 0xff, 0x46, 0x49, 0x49, 0xff, 0xf3, 0xf3, 0xf3, 0xff, 0xfb, 
    0xfb, 0xfb, 0xff, 0xff, 0xff, 0xff, 0xff, 0x8b, 0x88, 0x86, 0xff, 0x19, 0x44, 
    0x63, 0xff, 0x57, 0xc9, 0xff, 0xff, 0x4a, 0xb8, 0xfa, 0xff, 0x4c, 0xba, 0xfc, 
    0xff, 0x3a, 0x9a, 0xf7, 0xff, 0x2e, 0x82, 0xf4, 0xff, 0x28, 0x72, 0xf4, 0xff, 
    0x21, 0x68, 0xf6, 0xff, 0x20, 0x66, 0xf8, 0xff, 0x22, 0x67, 0xf9, 0xff, 0x23, 
    0x68, 0xfa, 0xff, 0x23, 0x69, 0xf9, 0xff, 0x25, 0x6a, 0xf9, 0xff, 0x26, 0x6d, 
    0xfa, 0xff, 0x26, 0x6e, 0xfa, 0xff, 0x25, 0x6b, 0xf6, 0xff, 0x28, 0x72, 0xff, 
    0xff, 0x27, 0x55, 0xb6, 0xff, 0x03, 0x02, 0x01, 0xff, 0x01, 0x02, 0x03, 0xff, 
    0xc4, 0xc6, 0xc6, 0xff, 0xfe, 0xfe, 0xfe, 0xff, 0xf9, 0xfa, 0xfa, 0xff, 0xfb, 
    0xfb, 0xfb, 0xff, 0xfa, 0xfb, 0xfb, 0xff, 0xfb, 0xfc, 0xfc, 0xff, 0xfc, 0xfd, 
    0xfd, 0xff, 0xfd, 0xfe, 0xfe, 0xff, 0xfd, 0xfe, 0xfe, 0xff, 0xfe, 0xff, 0xff, 
    0xff, 0xff, 0xff, 0xff, 0xff, 0xff, 0xff, 0xff, 0xff, 0xfe, 0xff, 0xff, 0xff, 
    0xfe, 0xff, 0xff, 0xff, 0xfe, 0xff, 0xff, 0xff, 0xfd, 0xfe, 0xfe, 0xff, 0xfa, 
    0xfb, 0xfb, 0xff, 0xfb, 0xfb, 0xfb, 0xff, 0xfa, 0xfb, 0xfb, 0xff, 0xfa, 0xfb, 
    0xfb, 0xff, 0xfb, 0xfb, 0xfb, 0xff, 0xfb, 0xfc, 0xfc, 0xff, 0xf9, 0xf9, 0xfa, 
    0xff, 0xfe, 0xfe, 0xfe, 0xff, 0x9c, 0x9f, 0x9f, 0xff, 0x00, 0x00, 0x00, 0xff, 
    0x09, 0x0f, 0x16, 0xff, 0x3d, 0x8c, 0xe9, 0xff, 0x3a, 0x93, 0xf9, 0xff, 0x34, 
    0x88, 0xf4, 0xff, 0x2a, 0x7c, 0xf8, 0xff, 0x2d, 0x81, 0xf9, 0xff, 0x2f, 0x87, 
    0xf8, 0xff, 0x37, 0x95, 0xf5, 0xff, 0x3a, 0x98, 0xf6, 0xff, 0x43, 0xa5, 0xf9, 
    0xff, 0x46, 0xaa, 0xfa, 0xff, 0x49, 0xb4, 0xfc, 0xff, 0x4d, 0xbd, 0xfe, 0xff, 
    0x4b, 0xbe, 0xff, 0xff, 0x4a, 0xba, 0xfe, 0xff, 0x4b, 0xb8, 0xfb, 0xff, 0x51, 
    0xc1, 0xff, 0xff, 0x48, 0x99, 0xcf, 0xff, 0x0a, 0x0c, 0x0c, 0xff, 0xdd, 0xdf, 
    0xdf, 0xff, 0xff, 0xff, 0xff, 0xff, 0xfd, 0xfd, 0xfd, 0xff, 0xfc, 0xff, 0xfe, 
    0xff, 0xfb, 0xff, 0xfe, 0xff, 0xfe, 0xff, 0xff, 0xff, 0xfa, 0xfb, 0xfb, 0xff, 
    0xff, 0xff, 0xff, 0xff, 0x87, 0x89, 0x89, 0xff, 0x01, 0x01, 0x01, 0xff, 0x02, 
    0x04, 0x02, 0xff, 0x00, 0x00, 0x00, 0xff, 0x00, 0x00, 0x00, 0xff, 0x01, 0x00, 
    0x00, 0xff, 0x01, 0x00, 0x00, 0xff, 0x03, 0x05, 0x03, 0xff, 0x01, 0x01, 0x01, 
    0xff, 0x37, 0x39, 0x38, 0xff, 0xff, 0xff, 0xff, 0xff, 0xca, 0xcb, 0xca, 0xff, 
    0x08, 0x0e, 0x11, 0xff, 0x4c, 0xac, 0xec, 0xff, 0x43, 0xb6, 0xff, 0xff, 0x77, 
    0xcf, 0xfa, 0xff, 0xb2, 0xeb, 0xf8, 0xff, 0xd3, 0xfb, 0xfb, 0xff, 0xe1, 0xff, 
    0xff, 0xff, 0xef, 0xff, 0xff, 0xff, 0xee, 0xff, 0xff, 0xff, 0xea, 0xff, 0xff, 
    0xff, 0xe1, 0xfc, 0xf9, 0xff, 0xb5, 0xe9, 0xfa, 0xff, 0x59, 0xbf, 0xfd, 0xff, 
    0x47, 0xb6, 0xfd, 0xff, 0x32, 0x53, 0x67, 0xff, 0xd9, 0xe1, 0xdf, 0xff, 0xff, 
    0xff, 0xff, 0xff, 0x95, 0x99, 0x98, 0xff, 0x00, 0x00, 0x00, 0xff, 0x00, 0x00, 
    0x00, 0xff, 0x00, 0x00, 0x00, 0xff, 0x14, 0x15, 0x14, 0xff, 0x52, 0x56, 0x55, 
    0xff, 0x8c, 0x95, 0x95, 0xff, 0xae, 0xbd, 0xbd, 0xff, 0xbc, 0xce, 0xce, 0xff, 
    0xba, 0xc8, 0xc8, 0xff, 0xa3, 0xab, 0xab, 0xff, 0x6f, 0x74, 0x74, 0xff, 0x28, 
    0x2a, 0x2b, 0xff, 0x12, 0x15, 0x16, 0xff, 0xe3, 0xe6, 0xe8, 0xff, 0xfb, 0xfd, 
    0xfd, 0xff, 0xfe, 0xff, 0xff, 0xff, 0x7f, 0x78, 0x75, 0xff, 0x1f, 0x55, 0x7a, 
    0xff, 0x57, 0xcc, 0xff, 0xff, 0x49, 0xb3, 0xf8, 0xff, 0x2c, 0x7f, 0xf6, 0xff, 
    0x21, 0x69, 0xf8, 0xff, 0x22, 0x6a, 0xfb, 0xff, 0x22, 0x68, 0xfb, 0xff, 0x21, 
    0x67, 0xfa, 0xff, 0x22, 0x69, 0xfa, 0xff, 0x22, 0x6a, 0xfb, 0xff, 0x23, 0x6a, 
    0xfc, 0xff, 0x24, 0x6a, 0xfb, 0xff, 0x26, 0x6c, 0xfa, 0xff, 0x25, 0x6b, 0xfb, 
    0xff, 0x25, 0x6b, 0xfb, 0xff, 0x25, 0x6a, 0xfa, 0xff, 0x23, 0x6b, 0xf9, 0xff, 
    0x2a, 0x6c, 0xf3, 0xff, 0x0f, 0x17, 0x29, 0xff, 0x00, 0x00, 0x00, 0xff, 0x71, 
    0x73, 0x74, 0xff, 0xff, 0xff, 0xff, 0xff, 0xff, 0xff, 0xff, 0xff, 0xff, 0xff, 
    0xff, 0xff, 0xff, 0xff, 0xff, 0xff, 0xff, 0xff, 0xff, 0xff, 0xff, 0xff, 0xff, 
    0xff, 0xff, 0xff, 0xff, 0xff, 0xff, 0xff, 0xff, 0xff, 0xfe, 0xff, 0xff, 0xff, 
    0xff, 0xff, 0xff, 0xff, 0xff, 0xff, 0xff, 0xff, 0xfe, 0xff, 0xff, 0xff, 0xff, 
    0xff, 0xff, 0xff, 0xfe, 0xff, 0xff, 0xff, 0xff, 0xff, 0xff, 0xff, 0xff, 0xff, 
    0xff, 0xff, 0xff, 0xff, 0xff, 0xff, 0xff, 0xff, 0xff, 0xff, 0xff, 0xff, 0xff, 
    0xff, 0xff, 0xff, 0xff, 0xff, 0xff, 0xff, 0xff, 0xff, 0xff, 0xff, 0xff, 0xff, 
    0xff, 0xff, 0xff, 0xff, 0x40, 0x44, 0x45, 0xff, 0x01, 0x01, 0x01, 0xff, 0x16, 
    0x2e, 0x59, 0xff, 0x2a, 0x81, 0xff, 0xff, 0x29, 0x7b, 0xf6, 0xff, 0x23, 0x6f, 
    0xfc, 0xff, 0x23, 0x6d, 0xfe, 0xff, 0x21, 0x6a, 0xfd, 0xff, 0x20, 0x68, 0xfb, 
    0xff, 0x23, 0x6d, 0xf8, 0xff, 0x27, 0x72, 0xf9, 0xff, 0x2a, 0x74, 0xfa, 0xff, 
    0x2a, 0x73, 0xf7, 0xff, 0x2e, 0x79, 0xf5, 0xff, 0x36, 0x89, 0xf6, 0xff, 0x42, 
    0xa5, 0xfa, 0xff, 0x4d, 0xbf, 0xfd, 0xff, 0x4b, 0xba, 0xfc, 0xff, 0x50, 0xc1, 
    0xff, 0xff, 0x4b, 0x9c, 0xd3, 0xff, 0x11, 0x12, 0x14, 0xff, 0xe3, 0xe5, 0xe5, 
    0xff, 0xff, 0xff, 0xff, 0xff, 0xfd, 0xfd, 0xfe, 0xff, 0xfe, 0xff, 0xff, 0xff, 
    0xfc, 0xff, 0xfe, 0xff, 0xfc, 0xff, 0xfe, 0xff, 0xfa, 0xfb, 0xfc, 0xff, 0xff, 
    0xff, 0xff, 0xff, 0xab, 0xad, 0xad, 0xff, 0x00, 0x00, 0x00, 0xff, 0x04, 0x06, 
    0x04, 0xff, 0x05, 0x04, 0x04, 0xff, 0x02, 0x01, 0x01, 0xff, 0x01, 0x01, 0x00, 
    0xff, 0x00, 0x02, 0x00, 0xff, 0x05, 0x07, 0x05, 0xff, 0x00, 0x00, 0x00, 0xff, 
    0x6b, 0x6d, 0x6d, 0xff, 0xfe, 0xfe, 0xfe, 0xff, 0xb1, 0xaf, 0xad, 0xff, 0x03, 
    0x14, 0x1e, 0xff, 0x52, 0xbb, 0xfc, 0xff, 0x93, 0xdd, 0xfd, 0xff, 0xd5, 0xfd, 
    0xfb, 0xff, 0xed, 0xff, 0xff, 0xff, 0xe6, 0xff, 0xff, 0xff, 0xd1, 0xe8, 0xe5, 
    0xff, 0xc6, 0xd8, 0xd1, 0xff, 0xc9, 0xd8, 0xd0, 0xff, 0xdb, 0xea, 0xe5, 0xff, 
    0xf5, 0xff, 0xff, 0xff, 0xf8, 0xff, 0xff, 0xff, 0xc9, 0xf5, 0xfb, 0xff, 0x6e, 
    0xcb, 0xfc, 0xff, 0x56, 0xc0, 0xfe, 0xff, 0xde, 0xfd, 0xff, 0xff, 0xd5, 0xda, 
    0xd8, 0xff, 0x00, 0x00, 0x00, 0xff, 0x00, 0x00, 0x00, 0xff, 0x17, 0x18, 0x18, 
    0xff, 0x80, 0x88, 0x88, 0xff, 0xd5, 0xe9, 0xe9, 0xff, 0xf0, 0xff, 0xff, 0xff, 
    0xf0, 0xff, 0xff, 0xff, 0xe8, 0xff, 0xff, 0xff, 0xe3, 0xff, 0xff, 0xff, 0xea, 
    0xff, 0xff, 0xff, 0xf6, 0xff, 0xff, 0xff, 0xff, 0xff, 0xff, 0xff, 0xf1, 0xff, 
    0xf9, 0xff, 0xf4, 0xf7, 0xf1, 0xff, 0xff, 0xff, 0xff, 0xff, 0xff, 0xff, 0xfb, 
    0xff, 0xff, 0xff, 0xff, 0xff, 0x88, 0x95, 0x9a, 0xff, 0x37, 0x91, 0xca, 0xff, 
    0x52, 0xc3, 0xff, 0xff, 0x4d, 0xb6, 0xfa, 0xff, 0x2c, 0x7b, 0xf5, 0xff, 0x1f, 
    0x67, 0xf9, 0xff, 0x22, 0x6a, 0xfa, 0xff, 0x22, 0x68, 0xfd, 0xff, 0x21, 0x68, 
    0xfd, 0xff, 0x23, 0x6a, 0xfa, 0xff, 0x24, 0x6b, 0xfa, 0xff, 0x23, 0x6a, 0xfc, 
    0xff, 0x27, 0x6c, 0xfc, 0xff, 0x26, 0x6b, 0xfb, 0xff, 0x26, 0x6b, 0xfa, 0xff, 
    0x25, 0x69, 0xf8, 0xff, 0x24, 0x69, 0xf8, 0xff, 0x21, 0x69, 0xf8, 0xff, 0x29, 
    0x79, 0xff, 0xff, 0x23, 0x40, 0x83, 0xff, 0x00, 0x00, 0x01, 0xff, 0x27, 0x2a, 
    0x2b, 0xff, 0xeb, 0xec, 0xec, 0xff, 0xc9, 0xca, 0xca, 0xff, 0x96, 0x97, 0x97, 
    0xff, 0x6c, 0x6e, 0x6e, 0xff, 0x46, 0x49, 0x48, 0xff, 0x36, 0x39, 0x38, 0xff, 
    0x3a, 0x3d, 0x3d, 0xff, 0xc1, 0xc4, 0xc4, 0xff, 0xfe, 0xff, 0xff, 0xff, 0xfd, 
    0xfd, 0xfd, 0xff, 0xff, 0xff, 0xff, 0xff, 0xfe, 0xff, 0xff, 0xff, 0xfd, 0xfd, 
    0xfe, 0xff, 0xff, 0xff, 0xff, 0xff, 0xdb, 0xdc, 0xdc, 0xff, 0x62, 0x64, 0x63, 
    0xff, 0x55, 0x57, 0x56, 0xff, 0x68, 0x6a, 0x69, 0xff, 0x83, 0x84, 0x84, 0xff, 
    0x9b, 0x9d, 0x9c, 0xff, 0xbd, 0xbd, 0xbd, 0xff, 0xe5, 0xe5, 0xe5, 0xff, 0xdf, 
    0xe0, 0xe0, 0xff, 0x09, 0x0c, 0x0c, 0xff, 0x01, 0x01, 0x01, 0xff, 0x22, 0x5b, 
    0xbc, 0xff, 0x2b, 0x87, 0xff, 0xff, 0x29, 0x79, 0xf9, 0xff, 0x23, 0x6e, 0xfb, 
    0xff, 0x24, 0x6e, 0xfa, 0xff, 0x23, 0x6d, 0xfb, 0xff, 0x22, 0x6c, 0xfc, 0xff, 
    0x22, 0x6d, 0xfd, 0xff, 0x26, 0x6f, 0xfd, 0xff, 0x27, 0x6f, 0xfe, 0xff, 0x25, 
    0x6e, 0xfe, 0xff, 0x24, 0x6d, 0xfc, 0xff, 0x2a, 0x71, 0xf8, 0xff, 0x28, 0x71, 
    0xf9, 0xff, 0x35, 0x90, 0xf9, 0xff, 0x4b, 0xba, 0xfc, 0xff, 0x4d, 0xbd, 0xff, 
    0xff, 0x54, 0xb3, 0xf1, 0xff, 0x0a, 0x12, 0x19, 0xff, 0xce, 0xd0, 0xcf, 0xff, 
    0xff, 0xff, 0xff, 0xff, 0xfc, 0xfd, 0xfd, 0xff, 0xfe, 0xff, 0xff, 0xff, 0xfe, 
    0xff, 0xff, 0xff, 0xfb, 0xff, 0xfe, 0xff, 0xfc, 0xfe, 0xfe, 0xff, 0xfe, 0xfe, 
    0xfe, 0xff, 0xf0, 0xf1, 0xf1, 0xff, 0x18, 0x1b, 0x19, 0xff, 0x00, 0x00, 0x00, 
    0xff, 0x06, 0x07, 0x05, 0xff, 0x02, 0x02, 0x02, 0xff, 0x02, 0x02, 0x02, 0xff, 
    0x05, 0x07, 0x05, 0xff, 0x00, 0x01, 0x00, 0xff, 0x05, 0x05, 0x05, 0xff, 0xd1, 
    0xd3, 0xd3, 0xff, 0xff, 0xff, 0xff, 0xff, 0x72, 0x70, 0x6d, 0xff, 0x23, 0x3f, 
    0x4d, 0xff, 0xc6, 0xf9, 0xff, 0xff, 0xdd, 0xfe, 0xf9, 0xff, 0xe6, 0xff, 0xff, 
    0xff, 0x8f, 0x9f, 0x9b, 0xff, 0x37, 0x3b, 0x3b, 0xff, 0x20, 0x26, 0x37, 0xff, 
    0x1c, 0x25, 0x45, 0xff, 0x1e, 0x27, 0x48, 0xff, 0x23, 0x28, 0x3c, 0xff, 0x46, 
    0x4b, 0x4b, 0xff, 0xbd, 0xd1, 0xd3, 0xff, 0xe7, 0xff, 0xfd, 0xff, 0xdb, 0xfd, 
    0xfb, 0xff, 0x9e, 0xdf, 0xf9, 0xff, 0xc6, 0xf5, 0xfe, 0xff, 0xce, 0xde, 0xdb, 
    0xff, 0x1d, 0x1e, 0x1e, 0xff, 0x58, 0x5e, 0x5e, 0xff, 0xd8, 0xe5, 0xe6, 0xff, 
    0xf2, 0xff, 0xff, 0xff, 0xe1, 0xff, 0xff, 0xff, 0xda, 0xfc, 0xfb, 0xff, 0xd7, 
    0xfa, 0xfa, 0xff, 0xdc, 0xfd, 0xfb, 0xff, 0xe4, 0xff, 0xfc, 0xff, 0xdd, 0xfd, 
    0xfb, 0xff, 0xc8, 0xf4, 0xf9, 0xff, 0xb4, 0xe7, 0xf8, 0xff, 0xa9, 0xe3, 0xfc, 
    0xff, 0xac, 0xe3, 0xfe, 0xff, 0xaf, 0xe0, 0xf9, 0xff, 0xc3, 0xe8, 0xfa, 0xff, 
    0xdd, 0xf5, 0xfc, 0xff, 0xb3, 0xef, 0xff, 0xff, 0x5d, 0xc9, 0xff, 0xff, 0x4c, 
    0xba, 0xfe, 0xff, 0x4e, 0xbb, 0xff, 0xff, 0x4c, 0xb6, 0xfd, 0xff, 0x3c, 0x99, 
    0xf9, 0xff, 0x2e, 0x80, 0xf8, 0xff, 0x28, 0x75, 0xfa, 0xff, 0x20, 0x6b, 0xfb, 
    0xff, 0x1d, 0x67, 0xfc, 0xff, 0x1d, 0x65, 0xfd, 0xff, 0x20, 0x66, 0xfc, 0xff, 
    0x21, 0x67, 0xf9, 0xff, 0x23, 0x69, 0xf9, 0xff, 0x25, 0x6c, 0xff, 0xff, 0x27, 
    0x71, 0xff, 0xff, 0x28, 0x73, 0xff, 0xff, 0x26, 0x6b, 0xf6, 0xff, 0x22, 0x5c, 
    0xc9, 0xff, 0x19, 0x2f, 0x5d, 0xff, 0x00, 0x00, 0x00, 0xff, 0x03, 0x06, 0x05, 
    0xff, 0x13, 0x16, 0x15, 0xff, 0x10, 0x12, 0x11, 0xff, 0x25, 0x27, 0x26, 0xff, 
    0x47, 0x4a, 0x49, 0xff, 0x6a, 0x6c, 0x6b, 0xff, 0x9d, 0x9f, 0x9e, 0xff, 0xc2, 
    0xc4, 0xc4, 0xff, 0xef, 0xf0, 0xf0, 0xff, 0xfe, 0xff, 0xff, 0xff, 0xfe, 0xfe, 
    0xfe, 0xff, 0xff, 0xff, 0xff, 0xff, 0xfe, 0xff, 0xff, 0xff, 0xfd, 0xfe, 0xfe, 
    0xff, 0xfe, 0xfe, 0xfe, 0xff, 0xe4, 0xe6, 0xe6, 0xff, 0x97, 0x99, 0x98, 0xff, 
    0x6b, 0x6d, 0x6c, 0xff, 0x55, 0x58, 0x57, 0xff, 0x3d, 0x40, 0x3f, 0xff, 0x22, 
    0x25, 0x24, 0xff, 0x0e, 0x12, 0x11, 0xff, 0x08, 0x0a, 0x0a, 0xff, 0x17, 0x1a, 
    0x19, 0xff, 0x00, 0x01, 0x00, 0xff, 0x04, 0x04, 0x04, 0xff, 0x24, 0x4f, 0x99, 
    0xff, 0x27, 0x6b, 0xdb, 0xff, 0x28, 0x71, 0xfc, 0xff, 0x2a, 0x79, 0xff, 0xff, 
    0x28, 0x78, 0xff, 0xff, 0x23, 0x70, 0xff, 0xff, 0x1f, 0x6a, 0xfd, 0xff, 0x1f, 
    0x69, 0xf9, 0xff, 0x25, 0x6d, 0xfa, 0xff, 0x25, 0x6e, 0xfd, 0xff, 0x24, 0x6e, 
    0xfd, 0xff, 0x24, 0x6d, 0xfe, 0xff, 0x23, 0x6e, 0xfd, 0xff, 0x1e, 0x6a, 0xfc, 
    0xff, 0x24, 0x75, 0xf6, 0xff, 0x48, 0xb5, 0xfb, 0xff, 0x4a, 0xba, 0xfc, 0xff, 
    0x58, 0xc9, 0xff, 0xff, 0x1d, 0x3c, 0x52, 0xff, 0xa4, 0x9e, 0x9c, 0xff, 0xfe, 
    0xff, 0xff, 0xff, 0xfa, 0xfb, 0xfb, 0xff, 0xfe, 0xff, 0xff, 0xff, 0xfe, 0xff, 
    0xff, 0xff, 0xfc, 0xff, 0xfe, 0xff, 0xfc, 0xff, 0xfe, 0xff, 0xfb, 0xfc, 0xfc, 
    0xff, 0xff, 0xff, 0xff, 0xff, 0xb3, 0xb5, 0xb5, 0xff, 0x07, 0x08, 0x08, 0xff, 
    0x00, 0x00, 0x00, 0xff, 0x00, 0x00, 0x00, 0xff, 0x00, 0x00, 0x00, 0xff, 0x00, 
    0x00, 0x00, 0xff, 0x03, 0x04, 0x04, 0xff, 0xa1, 0xa2, 0xa2, 0xff, 0xff, 0xff, 
    0xff, 0xff, 0xf8, 0xf9, 0xf9, 0xff, 0x22, 0x24, 0x26, 0xff, 0xa8, 0xc2, 0xc3, 
    0xff, 0xe8, 0xff, 0xff, 0xff, 0xe5, 0xfe, 0xff, 0xff, 0x9d, 0xae, 0xa8, 0xff, 
    0x0a, 0x10, 0x2d, 0xff, 0x40, 0x5e, 0xcb, 0xff, 0x46, 0x69, 0xef, 0xff, 0x4c, 
    0x71, 0xff, 0xff, 0x4b, 0x70, 0xff, 0xff, 0x4e, 0x74, 0xf7, 0xff, 0x24, 0x38, 
    0x8e, 0xff, 0x2a, 0x2e, 0x2b, 0xff, 0xe8, 0xff, 0xff, 0xff, 0xdc, 0xfe, 0xfd, 
    0xff, 0xe5, 0xff, 0xfe, 0xff, 0xdf, 0xff, 0xfe, 0xff, 0xe3, 0xff, 0xff, 0xff, 
    0xdc, 0xf7, 0xf7, 0xff, 0xed, 0xff, 0xff, 0xff, 0xe7, 0xff, 0xff, 0xff, 0xd9, 
    0xfb, 0xfa, 0xff, 0xdb, 0xfe, 0xfd, 0xff, 0xdc, 0xff, 0xfe, 0xff, 0xe6, 0xff, 
    0xfe, 0xff, 0xd5, 0xfb, 0xfd, 0xff, 0xa1, 0xe2, 0xfc, 0xff, 0x70, 0xcb, 0xfc, 
    0xff, 0x57, 0xbd, 0xfc, 0xff, 0x4b, 0xb5, 0xfd, 0xff, 0x47, 0xb2, 0xfd, 0xff, 
    0x46, 0xb1, 0xfc, 0xff, 0x48, 0xb2, 0xfd, 0xff, 0x4d, 0xb7, 0xfc, 0xff, 0x56, 
    0xbf, 0xfc, 0xff, 0x60, 0xbf, 0xfa, 0xff, 0x58, 0xb5, 0xfa, 0xff, 0x4e, 0xb0, 
    0xfb, 0xff, 0x50, 0xb3, 0xfb, 0xff, 0x50, 0xbb, 0xfe, 0xff, 0x51, 0xc2, 0xff, 
    0xff, 0x51, 0xbe, 0xfe, 0xff, 0x4e, 0xb5, 0xfc, 0xff, 0x45, 0xaa, 0xf9, 0xff, 
    0x3e, 0x9e, 0xf9, 0xff, 0x36, 0x8e, 0xf7, 0xff, 0x31, 0x84, 0xfe, 0xff, 0x34, 
    0x8b, 0xff, 0xff, 0x34, 0x86, 0xff, 0xff, 0x2b, 0x6a, 0xe5, 0xff, 0x1d, 0x47, 
    0xa1, 0xff, 0x10, 0x23, 0x51, 0xff, 0x09, 0x0d, 0x19, 0xff, 0x09, 0x09, 0x12, 
    0xff, 0x0d, 0x15, 0x2d, 0xff, 0x07, 0x0a, 0x0d, 0xff, 0x00, 0x00, 0x00, 0xff, 
    0x6f, 0x70, 0x70, 0xff, 0xec, 0xed, 0xed, 0xff, 0xff, 0xff, 0xff, 0xff, 0xff, 
    0xff, 0xff, 0xff, 0xff, 0xff, 0xff, 0xff, 0xff, 0xff, 0xff, 0xff, 0xff, 0xff, 
    0xff, 0xff, 0xff, 0xff, 0xff, 0xff, 0xfe, 0xff, 0xff, 0xff, 0xff, 0xff, 0xff, 
    0xff, 0xff, 0xff, 0xff, 0xff, 0xfe, 0xff, 0xff, 0xff, 0xff, 0xff, 0xff, 0xff, 
    0xfe, 0xff, 0xff, 0xff, 0xff, 0xff, 0xff, 0xff, 0xff, 0xff, 0xff, 0xff, 0xff, 
    0xff, 0xff, 0xff, 0xff, 0xff, 0xff, 0xff, 0xff, 0xff, 0xff, 0xff, 0xff, 0xff, 
    0xff, 0xff, 0xed, 0xef, 0xef, 0xff, 0xc9, 0xca, 0xca, 0xff, 0x40, 0x42, 0x41, 
    0xff, 0x01, 0x01, 0x01, 0xff, 0x09, 0x0d, 0x15, 0xff, 0x0d, 0x13, 0x25, 0xff, 
    0x08, 0x09, 0x12, 0xff, 0x0a, 0x11, 0x22, 0xff, 0x11, 0x24, 0x4e, 0xff, 0x1b, 
    0x40, 0x8f, 0xff, 0x23, 0x5d, 0xd4, 0xff, 0x27, 0x72, 0xff, 0xff, 0x25, 0x76, 
    0xff, 0xff, 0x20, 0x6f, 0xff, 0xff, 0x1e, 0x68, 0xfc, 0xff, 0x1e, 0x69, 0xfc, 
    0xff, 0x20, 0x6c, 0xfb, 0xff, 0x28, 0x79, 0xf8, 0xff, 0x3a, 0x94, 0xf7, 0xff, 
    0x4a, 0xb7, 0xfa, 0xff, 0x52, 0xc7, 0xfe, 0xff, 0x4d, 0xc0, 0xfd, 0xff, 0x4c, 
    0xbf, 0xfe, 0xff, 0x5a, 0xb7, 0xe9, 0xff, 0xbe, 0xdd, 0xe0, 0xff, 0xff, 0xff, 
    0xff, 0xff, 0xf9, 0xfb, 0xfc, 0xff, 0xfe, 0xff, 0xff, 0xff, 0xff, 0xff, 0xff, 
    0xff, 0xfd, 0xff, 0xff, 0xff, 0xfc, 0xfe, 0xfe, 0xff, 0xfd, 0xff, 0xfe, 0xff, 
    0xfd, 0xfd, 0xfd, 0xff, 0xff, 0xff, 0xff, 0xff, 0xcb, 0xcd, 0xcd, 0xff, 0x58, 
    0x5a, 0x59, 0xff, 0x23, 0x24, 0x23, 0xff, 0x24, 0x25, 0x24, 0xff, 0x59, 0x5a, 
    0x5a, 0xff, 0xca, 0xcb, 0xca, 0xff, 0xff, 0xff, 0xff, 0xff, 0xff, 0xff, 0xff, 
    0xff, 0x7b, 0x7b, 0x7b, 0xff, 0x46, 0x51, 0x52, 0xff, 0xf2, 0xff, 0xff, 0xff, 
    0xd5, 0xf9, 0xf8, 0xff, 0xea, 0xff, 0xff, 0xff, 0x94, 0xa4, 0x9f, 0xff, 0x05, 
    0x0b, 0x26, 0xff, 0x56, 0x79, 0xfb, 0xff, 0x50, 0x77, 0xff, 0xff, 0x44, 0x68, 
    0xfa, 0xff, 0x48, 0x6e, 0xff, 0xff, 0x55, 0x7d, 0xff, 0xff, 0x12, 0x1f, 0x54, 
    0xff, 0x69, 0x74, 0x6f, 0xff, 0xec, 0xff, 0xff, 0xff, 0xda, 0xfc, 0xfb, 0xff, 
    0xdb, 0xfe, 0xfe, 0xff, 0xdc, 0xff, 0xfe, 0xff, 0xdc, 0xfe, 0xfd, 0xff, 0xe0, 
    0xff, 0xff, 0xff, 0xdd, 0xfd, 0xfc, 0xff, 0xde, 0xfe, 0xfd, 0xff, 0xdd, 0xff, 
    0xfe, 0xff, 0xdf, 0xff, 0xfe, 0xff, 0xde, 0xff, 0xfd, 0xff, 0x9b, 0xe1, 0xfc, 
    0xff, 0x58, 0xc0, 0xfc, 0xff, 0x41, 0xb3, 0xfe, 0xff, 0x45, 0xb5, 0xfe, 0xff, 
    0x4c, 0xb8, 0xfe, 0xff, 0x4f, 0xb8, 0xfe, 0xff, 0x50, 0xb7, 0xfe, 0xff, 0x52, 
    0xbb, 0xff, 0xff, 0x51, 0xba, 0xfe, 0xff, 0x4a, 0xa3, 0xfc, 0xff, 0x43, 0x89, 
    0xfc, 0xff, 0x39, 0x6b, 0xfc, 0xff, 0x38, 0x62, 0xfb, 0xff, 0x3c, 0x66, 0xfb, 
    0xff, 0x40, 0x6d, 0xfa, 0xff, 0x45, 0x7c, 0xfa, 0xff, 0x4c, 0x96, 0xfa, 0xff, 
    0x51, 0xb3, 0xfb, 0xff, 0x51, 0xbe, 0xff, 0xff, 0x50, 0xbc, 0xff, 0xff, 0x51, 
    0xbb, 0xfd, 0xff, 0x56, 0xc5, 0xff, 0xff, 0x52, 0xb0, 0xe6, 0xff, 0x33, 0x66, 
    0x87, 0xff, 0x14, 0x26, 0x3a, 0xff, 0x09, 0x0e, 0x1c, 0xff, 0x0c, 0x17, 0x2a, 
    0xff, 0x16, 0x32, 0x64, 0xff, 0x24, 0x51, 0xaa, 0xff, 0x28, 0x64, 0xe2, 0xff, 
    0x2d, 0x71, 0xff, 0xff, 0x12, 0x1d, 0x3a, 0xff, 0x00, 0x00, 0x00, 0xff, 0x68, 
    0x6a, 0x6b, 0xff, 0xff, 0xff, 0xff, 0xff, 0xfa, 0xfb, 0xfb, 0xff, 0xfb, 0xfc, 
    0xfc, 0xff, 0xfa, 0xfb, 0xfb, 0xff, 0xfb, 0xfc, 0xfc, 0xff, 0xfc, 0xfd, 0xfd, 
    0xff, 0xfe, 0xff, 0xfe, 0xff, 0xfe, 0xff, 0xff, 0xff, 0xff, 0xff, 0xff, 0xff, 
    0xff, 0xff, 0xff, 0xff, 0xfe, 0xff, 0xff, 0xff, 0xfe, 0xff, 0xff, 0xff, 0xfe, 
    0xff, 0xff, 0xff, 0xfd, 0xfe, 0xfe, 0xff, 0xfb, 0xfb, 0xfc, 0xff, 0xfa, 0xfb, 
    0xfb, 0xff, 0xfb, 0xfb, 0xfb, 0xff, 0xfb, 0xfc, 0xfc, 0xff, 0xfe, 0xfe, 0xff, 
    0xff, 0xff, 0xff, 0xff, 0xff, 0xff, 0xff, 0xff, 0xff, 0x3e, 0x41, 0x42, 0xff, 
    0x00, 0x00, 0x00, 0xff, 0x1a, 0x39, 0x73, 0xff, 0x2f, 0x7f, 0xff, 0xff, 0x28, 
    0x65, 0xda, 0xff, 0x23, 0x52, 0xac, 0xff, 0x18, 0x34, 0x66, 0xff, 0x0e, 0x1a, 
    0x2f, 0xff, 0x0a, 0x0c, 0x13, 0xff, 0x0e, 0x16, 0x2a, 0xff, 0x15, 0x30, 0x6a, 
    0xff, 0x26, 0x62, 0xc7, 0xff, 0x35, 0x90, 0xfb, 0xff, 0x38, 0x97, 0xf7, 0xff, 
    0x43, 0xa7, 0xf8, 0xff, 0x55, 0xbf, 0xfc, 0xff, 0x5f, 0xcb, 0xfd, 0xff, 0x51, 
    0xa9, 0xfc, 0xff, 0x48, 0x89, 0xfb, 0xff, 0x48, 0x85, 0xfb, 0xff, 0x48, 0x81, 
    0xfa, 0xff, 0x44, 0x81, 0xfd, 0xff, 0x71, 0xac, 0xfd, 0xff, 0xf8, 0xfc, 0xfd, 
    0xff, 0xff, 0xff, 0xff, 0xff, 0xfc, 0xfd, 0xfe, 0xff, 0xfd, 0xfd, 0xfd, 0xff, 
    0xff, 0xff, 0xff, 0xff, 0xfe, 0xff, 0xff, 0xff, 0xfd, 0xff, 0xfe, 0xff, 0xfe, 
    0xff, 0xff, 0xff, 0xfc, 0xfd, 0xfd, 0xff, 0xff, 0xff, 0xff, 0xff, 0xff, 0xff, 
    0xff, 0xff, 0xf9, 0xf9, 0xf9, 0xff, 0xfa, 0xfa, 0xfb, 0xff, 0xff, 0xff, 0xff, 
    0xff, 0xff, 0xff, 0xff, 0xff, 0xff, 0xff, 0xff, 0xff, 0xb6, 0xb6, 0xb7, 0xff, 
    0x1a, 0x1f, 0x20, 0xff, 0xd6, 0xea, 0xea, 0xff, 0xe2, 0xfd, 0xfc, 0xff, 0xdb, 
    0xfd, 0xfc, 0xff, 0xdb, 0xfd, 0xfc, 0xff, 0xea, 0xff, 0xff, 0xff, 0x6f, 0x77, 
    0x71, 0xff, 0x05, 0x09, 0x1f, 0xff, 0x36, 0x4d, 0xb3, 0xff, 0x4f, 0x72, 0xff, 
    0xff, 0x42, 0x61, 0xe1, 0xff, 0x0a, 0x12, 0x3c, 0xff, 0x54, 0x5a, 0x53, 0xff, 
    0xe9, 0xfe, 0xfe, 0xff, 0xdf, 0xfd, 0xfd, 0xff, 0xdc, 0xfe, 0xfd, 0xff, 0xdd, 
    0xff, 0xfe, 0xff, 0xdd, 0xff, 0xfe, 0xff, 0xdd, 0xff, 0xfe, 0xff, 0xdd, 0xfe, 
    0xfd, 0xff, 0xdf, 0xff, 0xfe, 0xff, 0xdf, 0xfe, 0xfe, 0xff, 0xe1, 0xff, 0xfe, 
    0xff, 0xd7, 0xfa, 0xfc, 0xff, 0x78, 0xd1, 0xfb, 0xff, 0x3c, 0xb5, 0xfe, 0xff, 
    0x45, 0xb7, 0xfe, 0xff, 0x4b, 0xb9, 0xfe, 0xff, 0x4b, 0xb8, 0xfe, 0xff, 0x4b, 
    0xb7, 0xfe, 0xff, 0x4d, 0xb7, 0xfe, 0xff, 0x51, 0xbd, 0xfe, 0xff, 0x4c, 0xa6, 
    0xfc, 0xff, 0x41, 0x7b, 0xf7, 0xff, 0x3d, 0x64, 0xfc, 0xff, 0x3c, 0x5b, 0xfe, 
    0xff, 0x3c, 0x5d, 0xfe, 0xff, 0x3c, 0x5e, 0xfe, 0xff, 0x3b, 0x5c, 0xfe, 0xff, 
    0x3a, 0x5c, 0xfe, 0xff, 0x3d, 0x5b, 0xfe, 0xff, 0x40, 0x5d, 0xfd, 0xff, 0x46, 
    0x72, 0xf8, 0xff, 0x4c, 0x97, 0xf8, 0xff, 0x4e, 0xb6, 0xfb, 0xff, 0x50, 0xc0, 
    0xfe, 0xff, 0x41, 0x8e, 0xbd, 0xff, 0x19, 0x25, 0x2f, 0xff, 0x1f, 0x37, 0x47, 
    0xff, 0x30, 0x67, 0x8e, 0xff, 0x31, 0x7e, 0xd4, 0xff, 0x2c, 0x7d, 0xff, 0xff, 
    0x27, 0x78, 0xff, 0xff, 0x23, 0x6f, 0xff, 0xff, 0x21, 0x68, 0xf7, 0xff, 0x24, 
    0x6e, 0xff, 0xff, 0x17, 0x30, 0x6a, 0xff, 0x00, 0x00, 0x00, 0xff, 0x2f, 0x32, 
    0x33, 0xff, 0xfd, 0xfd, 0xfd, 0xff, 0xfe, 0xfe, 0xfe, 0xff, 0xfe, 0xfe, 0xff, 
    0xff, 0xfe, 0xff, 0xff, 0xff, 0xfe, 0xff, 0xff, 0xff, 0xfe, 0xff, 0xff, 0xff, 
    0xfd, 0xff, 0xff, 0xff, 0xfe, 0xff, 0xff, 0xff, 0xff, 0xff, 0xff, 0xff, 0xff, 
    0xff, 0xff, 0xff, 0xfe, 0xff, 0xff, 0xff, 0xfe, 0xff, 0xff, 0xff, 0xfe, 0xff, 
    0xff, 0xff, 0xfe, 0xff, 0xff, 0xff, 0xfe, 0xff, 0xff, 0xff, 0xfe, 0xff, 0xff, 
    0xff, 0xfe, 0xff, 0xff, 0xff, 0xfe, 0xff, 0xff, 0xff, 0xfc, 0xfd, 0xfd, 0xff, 
    0xfe, 0xfe, 0xfe, 0xff, 0xe4, 0xe5, 0xe5, 0xff, 0x0b, 0x10, 0x10, 0xff, 0x00, 
    0x00, 0x00, 0xff, 0x1e, 0x4e, 0xa4, 0xff, 0x2a, 0x7e, 0xff, 0xff, 0x28, 0x75, 
    0xff, 0xff, 0x2a, 0x76, 0xff, 0xff, 0x2c, 0x7b, 0xff, 0xff, 0x28, 0x75, 0xff, 
    0xff, 0x27, 0x6a, 0xdc, 0xff, 0x22, 0x50, 0x90, 0xff, 0x1f, 0x38, 0x45, 0xff, 
    0x14, 0x1d, 0x1f, 0xff, 0x3c, 0x76, 0x98, 0xff, 0x5a, 0xc8, 0xff, 0xff, 0x58, 
    0xc4, 0xfc, 0xff, 0x56, 0xb4, 0xfc, 0xff, 0x46, 0x80, 0xf9, 0xff, 0x3f, 0x60, 
    0xfc, 0xff, 0x3f, 0x5d, 0xfe, 0xff, 0x3e, 0x5d, 0xfe, 0xff, 0x41, 0x62, 0xfd, 
    0xff, 0x43, 0x64, 0xfc, 0xff, 0x35, 0x5a, 0xf8, 0xff, 0x68, 0x88, 0xf7, 0xff, 
    0xbe, 0xc4, 0xd0, 0xff, 0xff, 0xff, 0xff, 0xff, 0xff, 0xff, 0xff, 0xff, 0xfb, 
    0xfc, 0xfc, 0xff, 0xfb, 0xfc, 0xfc, 0xff, 0xfc, 0xfe, 0xfd, 0xff, 0xfd, 0xfe, 
    0xfe, 0xff, 0xfe, 0xff, 0xff, 0xff, 0xfb, 0xfc, 0xfc, 0xff, 0xfa, 0xfb, 0xfb, 
    0xff, 0xfe, 0xff, 0xff, 0xff, 0xfc, 0xfd, 0xfd, 0xff, 0xfd, 0xfe, 0xfe, 0xff, 
    0xff, 0xff, 0xff, 0xff, 0xb5, 0xb6, 0xb6, 0xff, 0x21, 0x27, 0x28, 0xff, 0xbe, 
    0xcf, 0xd0, 0xff, 0xea, 0xff, 0xff, 0xff, 0xda, 0xfd, 0xfc, 0xff, 0xdd, 0xff, 
    0xfe, 0xff, 0xde, 0xff, 0xfe, 0xff, 0xde, 0xfe, 0xfd, 0xff, 0xef, 0xff, 0xff, 
    0xff, 0xa7, 0xb4, 0xb0, 0xff, 0x38, 0x3c, 0x3c, 0xff, 0x1c, 0x25, 0x46, 0xff, 
    0x27, 0x2b, 0x3b, 0xff, 0x88, 0x92, 0x8a, 0xff, 0xec, 0xff, 0xff, 0xff, 0xde, 
    0xfe, 0xfd, 0xff, 0xdd, 0xfe, 0xfd, 0xff, 0xde, 0xff, 0xfe, 0xff, 0xde, 0xff, 
    0xfe, 0xff, 0xde, 0xff, 0xfe, 0xff, 0xdc, 0xff, 0xfe, 0xff, 0xdc, 0xfe, 0xfe, 
    0xff, 0xdd, 0xff, 0xfe, 0xff, 0xdc, 0xfe, 0xfe, 0xff, 0xde, 0xfe, 0xfd, 0xff, 
    0x7b, 0xd2, 0xfb, 0xff, 0x40, 0xb6, 0xfe, 0xff, 0x4b, 0xbb, 0xfe, 0xff, 0x49, 
    0xb9, 0xfe, 0xff, 0x48, 0xb8, 0xfe, 0xff, 0x4a, 0xb7, 0xfe, 0xff, 0x4a, 0xb9, 
    0xfe, 0xff, 0x4d, 0xb5, 0xfd, 0xff, 0x46, 0x89, 0xfb, 0xff, 0x3c, 0x64, 0xfb, 
    0xff, 0x3b, 0x5e, 0xfd, 0xff, 0x3c, 0x61, 0xfe, 0xff, 0x40, 0x65, 0xfd, 0xff, 
    0x3f, 0x64, 0xfd, 0xff, 0x3e, 0x61, 0xfe, 0xff, 0x3e, 0x60, 0xfe, 0xff, 0x3d, 
    0x5e, 0xfd, 0xff, 0x3d, 0x5d, 0xfe, 0xff, 0x3d, 0x5e, 0xfe, 0xff, 0x3b, 0x5a, 
    0xfe, 0xff, 0x3e, 0x5e, 0xfa, 0xff, 0x46, 0x83, 0xf7, 0xff, 0x4b, 0xb7, 0xfe, 
    0xff, 0x48, 0xab, 0xea, 0xff, 0x4f, 0xab, 0xe6, 0xff, 0x56, 0xc7, 0xff, 0xff, 
    0x51, 0xc8, 0xff, 0xff, 0x4c, 0xbd, 0xff, 0xff, 0x45, 0xb0, 0xfc, 0xff, 0x40, 
    0xa4, 0xf7, 0xff, 0x39, 0x98, 0xf6, 0xff, 0x33, 0x89, 0xf0, 0xff, 0x2f, 0x83, 
    0xff, 0xff, 0x1c, 0x41, 0x89, 0xff, 0x00, 0x00, 0x00, 0xff, 0x12, 0x16, 0x17, 
    0xff, 0xec, 0xed, 0xed, 0xff, 0xff, 0xff, 0xff, 0xff, 0xfd, 0xfe, 0xfe, 0xff, 
    0xfe, 0xff, 0xff, 0xff, 0xfd, 0xff, 0xfe, 0xff, 0xfd, 0xff, 0xfe, 0xff, 0xfc, 
    0xff, 0xfe, 0xff, 0xfe, 0xff, 0xff, 0xff, 0xff, 0xff, 0xff, 0xff, 0xff, 0xff, 
    0xff, 0xff, 0xfe, 0xff, 0xff, 0xff, 0xfe, 0xff, 0xff, 0xff, 0xfe, 0xff, 0xff, 
    0xff, 0xfd, 0xff, 0xff, 0xff, 0xfd, 0xff, 0xff, 0xff, 0xfc, 0xfe, 0xfe, 0xff, 
    0xfe, 0xff, 0xff, 0xff, 0xff, 0xff, 0xff, 0xff, 0xfc, 0xfc, 0xfc, 0xff, 0xff, 
    0xff, 0xff, 0xff, 0xc7, 0xc8, 0xc9, 0xff, 0x00, 0x00, 0x00, 0xff, 0x01, 0x01, 
    0x00, 0xff, 0x1c, 0x57, 0xc5, 0xff, 0x25, 0x76, 0xff, 0xff, 0x23, 0x6c, 0xf8, 
    0xff, 0x25, 0x6f, 0xf9, 0xff, 0x2d, 0x7c, 0xf7, 0xff, 0x31, 0x88, 0xf8, 0xff, 
    0x39, 0x9a, 0xff, 0xff, 0x49, 0xb8, 0xff, 0xff, 0x58, 0xcc, 0xff, 0xff, 0x55, 
    0xb9, 0xf3, 0xff, 0x52, 0xb2, 0xef, 0xff, 0x55, 0xc1, 0xfd, 0xff, 0x4a, 0x91, 
    0xfa, 0xff, 0x40, 0x65, 0xfc, 0xff, 0x47, 0x6c, 0xfc, 0xff, 0x41, 0x65, 0xfd, 
    0xff, 0x40, 0x62, 0xfe, 0xff, 0x40, 0x63, 0xfe, 0xff, 0x3e, 0x62, 0xfe, 0xff, 
    0x3f, 0x62, 0xfe, 0xff, 0x42, 0x65, 0xfc, 0xff, 0x3f, 0x64, 0xff, 0xff, 0x25, 
    0x3c, 0x98, 0xff, 0x57, 0x58, 0x54, 0xff, 0xd5, 0xd5, 0xce, 0xff, 0xff, 0xff, 
    0xff, 0xff, 0xff, 0xff, 0xff, 0xff, 0xff, 0xff, 0xff, 0xff, 0xff, 0xff, 0xff, 
    0xff, 0xff, 0xff, 0xff, 0xff, 0xff, 0xff, 0xff, 0xff, 0xff, 0xff, 0xff, 0xff, 
    0xff, 0xff, 0xff, 0xff, 0xff, 0xff, 0xff, 0xff, 0xf2, 0xef, 0xed, 0xff, 0x7d, 
    0x7d, 0x7f, 0xff, 0x3c, 0x46, 0x48, 0xff, 0xcb, 0xdd, 0xdd, 0xff, 0xee, 0xff, 
    0xff, 0xff, 0xdc, 0xfc, 0xfb, 0xff, 0xde, 0xff, 0xfe, 0xff, 0xdd, 0xff, 0xfe, 
    0xff, 0xdd, 0xff, 0xfe, 0xff, 0xde, 0xff, 0xfe, 0xff, 0xdb, 0xfc, 0xfb, 0xff, 
    0xeb, 0xff, 0xff, 0xff, 0xee, 0xff, 0xff, 0xff, 0x2b, 0x2d, 0x27, 0xff, 0xa8, 
    0xb8, 0xb5, 0xff, 0xfb, 0xff, 0xff, 0xff, 0xda, 0xfb, 0xfa, 0xff, 0xdc, 0xff, 
    0xfd, 0xff, 0xde, 0xff, 0xfe, 0xff, 0xde, 0xff, 0xfe, 0xff, 0xde, 0xff, 0xfe, 
    0xff, 0xde, 0xff, 0xfe, 0xff, 0xdf, 0xff, 0xfe, 0xff, 0xdd, 0xff, 0xfe, 0xff, 
    0xdd, 0xfe, 0xfe, 0xff, 0xdc, 0xfc, 0xfb, 0xff, 0xca, 0xf6, 0xf9, 0xff, 0x54, 
    0xc0, 0xfb, 0xff, 0x48, 0xbb, 0xfe, 0xff, 0x4a, 0xbb, 0xfe, 0xff, 0x4b, 0xba, 
    0xfd, 0xff, 0x4a, 0xb8, 0xfe, 0xff, 0x49, 0xb8, 0xfe, 0xff, 0x4b, 0xb4, 0xfc, 
    0xff, 0x40, 0x77, 0xfa, 0xff, 0x3a, 0x5a, 0xfe, 0xff, 0x3c, 0x61, 0xfe, 0xff, 
    0x3e, 0x64, 0xfd, 0xff, 0x40, 0x65, 0xfe, 0xff, 0x40, 0x65, 0xfe, 0xff, 0x40, 
    0x62, 0xfe, 0xff, 0x40, 0x61, 0xfe, 0xff, 0x40, 0x61, 0xfe, 0xff, 0x41, 0x62, 
    0xff, 0xff, 0x3d, 0x5d, 0xfd, 0xff, 0x3c, 0x5c, 0xfe, 0xff, 0x3b, 0x5b, 0xfe, 
    0xff, 0x3e, 0x60, 0xfe, 0xff, 0x41, 0x63, 0xfa, 0xff, 0x47, 0x8c, 0xf9, 0xff, 
    0x4e, 0xbf, 0xff, 0xff, 0x4c, 0xbb, 0xff, 0xff, 0x49, 0xb6, 0xfb, 0xff, 0x49, 
    0xb6, 0xfa, 0xff, 0x49, 0xb8, 0xfc, 0xff, 0x4b, 0xba, 0xfe, 0xff, 0x4c, 0xbc, 
    0xfe, 0xff, 0x4e, 0xbe, 0xfe, 0xff, 0x4e, 0xbb, 0xfa, 0xff, 0x55, 0xc6, 0xff, 
    0xff, 0x41, 0x7e, 0xab, 0xff, 0x00, 0x00, 0x00, 0xff, 0x06, 0x0a, 0x0b, 0xff, 
    0xdd, 0xde, 0xdf, 0xff, 0xff, 0xff, 0xff, 0xff, 0xfd, 0xfd, 0xfd, 0xff, 0xfe, 
    0xff, 0xff, 0xff, 0xfc, 0xff, 0xfe, 0xff, 0xfc, 0xfe, 0xfe, 0xff, 0xfb, 0xff, 
    0xfe, 0xff, 0xfd, 0xfe, 0xfe, 0xff, 0xff, 0xff, 0xff, 0xff, 0xff, 0xff, 0xff, 
    0xff, 0xfe, 0xff, 0xff, 0xff, 0xfe, 0xff, 0xff, 0xff, 0xfe, 0xff, 0xff, 0xff, 
    0xfe, 0xff, 0xff, 0xff, 0xfc, 0xff, 0xfe, 0xff, 0xfa, 0xff, 0xfe, 0xff, 0xfb, 
    0xff, 0xfe, 0xff, 0xfc, 0xff, 0xfe, 0xff, 0xfa, 0xfb, 0xfb, 0xff, 0xff, 0xff, 
    0xff, 0xff, 0xa6, 0xa8, 0xa8, 0xff, 0x00, 0x00, 0x00, 0xff, 0x09, 0x0b, 0x0a, 
    0xff, 0x39, 0x85, 0xd6, 0xff, 0x45, 0xaa, 0xfd, 0xff, 0x3c, 0x9e, 0xf7, 0xff, 
    0x45, 0xae, 0xfb, 0xff, 0x4c, 0xbd, 0xfd, 0xff, 0x50, 0xc2, 0xfd, 0xff, 0x4f, 
    0xc1, 0xfd, 0xff, 0x4e, 0xbf, 0xfb, 0xff, 0x4e, 0xbb, 0xfb, 0xff, 0x50, 0xbd, 
    0xff, 0xff, 0x52, 0xc0, 0xff, 0xff, 0x48, 0x8f, 0xfa, 0xff, 0x3e, 0x61, 0xfc, 
    0xff, 0x41, 0x63, 0xfd, 0xff, 0x40, 0x64, 0xfd, 0xff, 0x3e, 0x5e, 0xfe, 0xff, 
    0x3f, 0x60, 0xfe, 0xff, 0x3e, 0x60, 0xfe, 0xff, 0x40, 0x63, 0xff, 0xff, 0x40, 
    0x63, 0xff, 0xff, 0x40, 0x63, 0xfd, 0xff, 0x41, 0x64, 0xfd, 0xff, 0x47, 0x6a, 
    0xff, 0xff, 0x27, 0x41, 0xb0, 0xff, 0x1c, 0x27, 0x4c, 0xff, 0x63, 0x66, 0x65, 
    0xff, 0xb2, 0xb2, 0xa9, 0xff, 0xde, 0xdb, 0xd6, 0xff, 0xf1, 0xed, 0xea, 0xff, 
    0xfa, 0xf7, 0xf4, 0xff, 0xf7, 0xf3, 0xf1, 0xff, 0xea, 0xe6, 0xe2, 0xff, 0xc9, 
    0xc3, 0xbe, 0xff, 0x8b, 0x89, 0x87, 0xff, 0x3f, 0x51, 0x59, 0xff, 0x74, 0x8e, 
    0x92, 0xff, 0xe6, 0xff, 0xff, 0xff, 0xe9, 0xff, 0xff, 0xff, 0xdc, 0xfc, 0xfb, 
    0xff, 0xe0, 0xff, 0xfe, 0xff, 0xdf, 0xff, 0xfe, 0xff, 0xdd, 0xff, 0xfe, 0xff, 
    0xdd, 0xff, 0xfe, 0xff, 0xdf, 0xff, 0xfe, 0xff, 0xe0, 0xff, 0xfe, 0xff, 0xd9, 
    0xfa, 0xf9, 0xff, 0xeb, 0xff, 0xff, 0xff, 0x2e, 0x33, 0x35, 0xff, 0x9e, 0xb2, 
    0xb3, 0xff, 0xe9, 0xfc, 0xfc, 0xff, 0xdb, 0xfc, 0xfb, 0xff, 0xde, 0xff, 0xfe, 
    0xff, 0xdf, 0xff, 0xfe, 0xff, 0xde, 0xff, 0xfe, 0xff, 0xde, 0xff, 0xfe, 0xff, 
    0xde, 0xff, 0xfe, 0xff, 0xde, 0xff, 0xfe, 0xff, 0xde, 0xff, 0xfe, 0xff, 0xdf, 
    0xff, 0xfe, 0xff, 0xec, 0xff, 0xff, 0xff, 0xe7, 0xff, 0xff, 0xff, 0x6e, 0xcf, 
    0xfa, 0xff, 0x40, 0xb7, 0xfc, 0xff, 0x4d, 0xbc, 0xfe, 0xff, 0x4b, 0xbb, 0xfd, 
    0xff, 0x4b, 0xb9, 0xfe, 0xff, 0x4d, 0xbb, 0xfd, 0xff, 0x41, 0x7d, 0xfb, 0xff, 
    0x39, 0x59, 0xfe, 0xff, 0x3d, 0x63, 0xfe, 0xff, 0x3e, 0x62, 0xfd, 0xff, 0x40, 
    0x64, 0xfd, 0xff, 0x3e, 0x61, 0xfb, 0xff, 0x41, 0x64, 0xfd, 0xff, 0x42, 0x65, 
    0xff, 0xff, 0x40, 0x62, 0xfd, 0xff, 0x22, 0x3c, 0xea, 0xff, 0x2e, 0x4b, 0xf4, 
    0xff, 0x41, 0x62, 0xff, 0xff, 0x3c, 0x5b, 0xfe, 0xff, 0x3c, 0x5b, 0xfe, 0xff, 
    0x3d, 0x5d, 0xfe, 0xff, 0x3e, 0x61, 0xfe, 0xff, 0x41, 0x66, 0xf8, 0xff, 0x4c, 
    0xa2, 0xfb, 0xff, 0x4e, 0xbb, 0xfd, 0xff, 0x4d, 0xb8, 0xfe, 0xff, 0x4c, 0xba, 
    0xfe, 0xff, 0x4b, 0xba, 0xfd, 0xff, 0x4a, 0xb9, 0xfe, 0xff, 0x49, 0xb9, 0xfe, 
    0xff, 0x4b, 0xba, 0xfe, 0xff, 0x49, 0xb8, 0xfb, 0xff, 0x50, 0xc6, 0xff, 0xff, 
    0x4c, 0x92, 0xbf, 0xff, 0x02, 0x01, 0x01, 0xff, 0x01, 0x02, 0x02, 0xff, 0xc7, 
    0xc9, 0xc9, 0xff, 0xff, 0xff, 0xff, 0xff, 0xfc, 0xfc, 0xfc, 0xff, 0xfe, 0xff, 
    0xff, 0xff, 0xfc, 0xff, 0xfe, 0xff, 0xfb, 0xfe, 0xfe, 0xff, 0xfb, 0xff, 0xfe, 
    0xff, 0xfd, 0xff, 0xfe, 0xff, 0xfe, 0xff, 0xff, 0xff, 0xff, 0xff, 0xff, 0xff, 
    0xfe, 0xff, 0xff, 0xff, 0xfe, 0xff, 0xff, 0xff, 0xfd, 0xff, 0xff, 0xff, 0xfc, 
    0xfe, 0xfe, 0xff, 0xfa, 0xff, 0xfe, 0xff, 0xfa, 0xff, 0xfe, 0xff, 0xfa, 0xff, 
    0xfe, 0xff, 0xfb, 0xff, 0xfe, 0xff, 0xf9, 0xfb, 0xfa, 0xff, 0xff, 0xff, 0xff, 
    0xff, 0x83, 0x86, 0x86, 0xff, 0x00, 0x00, 0x00, 0xff, 0x17, 0x20, 0x22, 0xff, 
    0x80, 0xe9, 0xf1, 0xff, 0x71, 0xec, 0xff, 0xff, 0x4f, 0xc0, 0xfd, 0xff, 0x4e, 
    0xc1, 0xff, 0xff, 0x4e, 0xbf, 0xff, 0xff, 0x4c, 0xbd, 0xfe, 0xff, 0x4c, 0xbc, 
    0xfe, 0xff, 0x4c, 0xbd, 0xfe, 0xff, 0x4f, 0xbc, 0xfe, 0xff, 0x51, 0xc0, 0xfe, 
    0xff, 0x4c, 0xa4, 0xfa, 0xff, 0x3c, 0x61, 0xfb, 0xff, 0x40, 0x65, 0xfd, 0xff, 
    0x3e, 0x60, 0xfe, 0xff, 0x3c, 0x5c, 0xfe, 0xff, 0x3d, 0x5f, 0xfe, 0xff, 0x3d, 
    0x5f, 0xfe, 0xff, 0x40, 0x63, 0xff, 0xff, 0x2a, 0x49, 0xef, 0xff, 0x31, 0x52, 
    0xf3, 0xff, 0x41, 0x67, 0xfe, 0xff, 0x3f, 0x62, 0xfe, 0xff, 0x40, 0x61, 0xfe, 
    0xff, 0x43, 0x68, 0xff, 0xff, 0x40, 0x63, 0xff, 0xff, 0x25, 0x42, 0xbb, 0xff, 
    0x1b, 0x30, 0x82, 0xff, 0x2d, 0x48, 0x67, 0xff, 0x38, 0x53, 0x64, 0xff, 0x3d, 
    0x53, 0x62, 0xff, 0x3b, 0x52, 0x61, 0xff, 0x39, 0x58, 0x6e, 0xff, 0x2f, 0x64, 
    0x89, 0xff, 0x3e, 0x87, 0xb5, 0xff, 0xa4, 0xe0, 0xf3, 0xff, 0xf0, 0xff, 0xff, 
    0xff, 0xe0, 0xff, 0xfe, 0xff, 0xdd, 0xfd, 0xfc, 0xff, 0xe0, 0xff, 0xfe, 0xff, 
    0xe0, 0xff, 0xfe, 0xff, 0xdf, 0xff, 0xfe, 0xff, 0xde, 0xff, 0xfe, 0xff, 0xdd, 
    0xff, 0xfe, 0xff, 0xdf, 0xff, 0xfe, 0xff, 0xe0, 0xff, 0xfe, 0xff, 0xde, 0xfd, 
    0xfc, 0xff, 0xeb, 0xff, 0xff, 0xff, 0x50, 0x58, 0x58, 0xff, 0xa8, 0xc0, 0xc1, 
    0xff, 0xe8, 0xff, 0xff, 0xff, 0xdb, 0xfd, 0xfc, 0xff, 0xdd, 0xff, 0xfe, 0xff, 
    0xde, 0xff, 0xfe, 0xff, 0xdf, 0xff, 0xfe, 0xff, 0xdf, 0xff, 0xfe, 0xff, 0xdf, 
    0xff, 0xfe, 0xff, 0xde, 0xff, 0xfe, 0xff, 0xde, 0xff, 0xfe, 0xff, 0xe1, 0xfd, 
    0xfd, 0xff, 0x94, 0xa8, 0xa9, 0xff, 0xa8, 0xb6, 0xb6, 0xff, 0xcf, 0xf8, 0xff, 
    0xff, 0x6a, 0xd1, 0xff, 0xff, 0x40, 0xb6, 0xfd, 0xff, 0x43, 0xb6, 0xfe, 0xff, 
    0x4a, 0xbc, 0xfe, 0xff, 0x4a, 0xa6, 0xfb, 0xff, 0x3e, 0x5e, 0xfc, 0xff, 0x3f, 
    0x63, 0xfe, 0xff, 0x3e, 0x62, 0xfd, 0xff, 0x42, 0x65, 0xff, 0xff, 0x43, 0x67, 
    0xff, 0xff, 0x38, 0x59, 0xf6, 0xff, 0x1d, 0x33, 0xdf, 0xff, 0x40, 0x63, 0xfa, 
    0xff, 0x46, 0x69, 0xff, 0xff, 0x3f, 0x5e, 0xf9, 0xff, 0x18, 0x2e, 0xdf, 0xff, 
    0x28, 0x43, 0xed, 0xff, 0x40, 0x60, 0xff, 0xff, 0x3c, 0x5a, 0xfd, 0xff, 0x3c, 
    0x5a, 0xfe, 0xff, 0x3c, 0x5d, 0xfe, 0xff, 0x3e, 0x60, 0xfc, 0xff, 0x4a, 0x85, 
    0xf9, 0xff, 0x50, 0xbc, 0xfb, 0xff, 0x4c, 0xb7, 0xfa, 0xff, 0x4a, 0xb8, 0xfb, 
    0xff, 0x4b, 0xb9, 0xfb, 0xff, 0x4b, 0xb9, 0xfc, 0xff, 0x4b, 0xba, 0xfc, 0xff, 
    0x4a, 0xba, 0xfd, 0xff, 0x47, 0xb9, 0xfb, 0xff, 0x4c, 0xc2, 0xff, 0xff, 0x4f, 
    0xa3, 0xd8, 0xff, 0x08, 0x07, 0x08, 0xff, 0x00, 0x00, 0x00, 0xff, 0xb0, 0xb2, 
    0xb2, 0xff, 0xff, 0xff, 0xff, 0xff, 0xfb, 0xfc, 0xfc, 0xff, 0xfe, 0xff, 0xff, 
    0xff, 0xfc, 0xfe, 0xfe, 0xff, 0xfb, 0xfe, 0xfe, 0xff, 0xfb, 0xff, 0xfe, 0xff, 
    0xfc, 0xfe, 0xfe, 0xff, 0xfe, 0xff, 0xff, 0xff, 0xff, 0xff, 0xff, 0xff, 0xfe, 
    0xff, 0xff, 0xff, 0xfe, 0xff, 0xff, 0xff, 0xfe, 0xff, 0xff, 0xff, 0xfb, 0xfe, 
    0xfe, 0xff, 0xfb, 0xff, 0xfe, 0xff, 0xfa, 0xff, 0xfe, 0xff, 0xfb, 0xff, 0xfe, 
    0xff, 0xfe, 0xff, 0xff, 0xff, 0xfb, 0xfb, 0xfb, 0xff, 0xff, 0xff, 0xff, 0xff, 
    0x6f, 0x72, 0x71, 0xff, 0x00, 0x00, 0x00, 0xff, 0x1e, 0x2c, 0x2f, 0xff, 0x80, 
    0xed, 0xfd, 0xff, 0x67, 0xdc, 0xff, 0xff, 0x4b, 0xbb, 0xfd, 0xff, 0x4b, 0xbe, 
    0xfe, 0xff, 0x4d, 0xbe, 0xfe, 0xff, 0x4e, 0xbe, 0xfd, 0xff, 0x4d, 0xbc, 0xfd, 
    0xff, 0x4c, 0xbb, 0xfc, 0xff, 0x4c, 0xb9, 0xfb, 0xff, 0x4e, 0xbb, 0xfa, 0xff, 
    0x41, 0x7a, 0xf9, 0xff, 0x3c, 0x60, 0xfd, 0xff, 0x3d, 0x61, 0xfd, 0xff, 0x3b, 
    0x5c, 0xfe, 0xff, 0x3b, 0x5c, 0xfe, 0xff, 0x3c, 0x5d, 0xfe, 0xff, 0x3c, 0x5f, 
    0xff, 0xff, 0x1e, 0x3d, 0xe9, 0xff, 0x1f, 0x3c, 0xe1, 0xff, 0x3f, 0x61, 0xfa, 
    0xff, 0x40, 0x61, 0xff, 0xff, 0x3d, 0x5f, 0xfd, 0xff, 0x37, 0x57, 0xf8, 0xff, 
    0x3d, 0x5e, 0xfb, 0xff, 0x3d, 0x5e, 0xfd, 0xff, 0x43, 0x66, 0xff, 0xff, 0x42, 
    0x64, 0xff, 0xff, 0x4a, 0x87, 0xff, 0xff, 0x4c, 0xba, 0xff, 0xff, 0x46, 0xb2, 
    0xfa, 0xff, 0x43, 0xb2, 0xfc, 0xff, 0x40, 0xb6, 0xff, 0xff, 0x64, 0xcd, 0xff, 
    0xff, 0xbf, 0xf7, 0xff, 0xff, 0xe5, 0xff, 0xff, 0xff, 0xd9, 0xfa, 0xfa, 0xff, 
    0xdd, 0xfe, 0xfd, 0xff, 0xdf, 0xff, 0xfe, 0xff, 0xdf, 0xff, 0xfe, 0xff, 0xe0, 
    0xff, 0xfe, 0xff, 0xdf, 0xff, 0xfe, 0xff, 0xde, 0xff, 0xfe, 0xff, 0xde, 0xff, 
    0xfe, 0xff, 0xdf, 0xff, 0xfe, 0xff, 0xdf, 0xff, 0xfe, 0xff, 0xdf, 0xff, 0xfe, 
    0xff, 0xe0, 0xff, 0xfe, 0xff, 0xdc, 0xfa, 0xfa, 0xff, 0xdd, 0xff, 0xfe, 0xff, 
    0xdd, 0xff, 0xfe, 0xff, 0xdd, 0xff, 0xfe, 0xff, 0xde, 0xff, 0xfe, 0xff, 0xdf, 
    0xff, 0xfe, 0xff, 0xdf, 0xff, 0xfe, 0xff, 0xe0, 0xff, 0xfe, 0xff, 0xdf, 0xff, 
    0xfe, 0xff, 0xde, 0xff, 0xfe, 0xff, 0xde, 0xfd, 0xfd, 0xff, 0xe4, 0xfa, 0xfa, 
    0xff, 0x4e, 0x56, 0x57, 0xff, 0x00, 0x00, 0x00, 0xff, 0x37, 0x39, 0x39, 0xff, 
    0xc0, 0xd8, 0xd9, 0xff, 0xa3, 0xe1, 0xfb, 0xff, 0x62, 0xc3, 0xfa, 0xff, 0x4a, 
    0xbe, 0xfd, 0xff, 0x49, 0x91, 0xf9, 0xff, 0x3f, 0x5c, 0xfd, 0xff, 0x40, 0x62, 
    0xfe, 0xff, 0x44, 0x66, 0xff, 0xff, 0x31, 0x4e, 0xf0, 0xff, 0x39, 0x5b, 0xf6, 
    0xff, 0x49, 0x71, 0xff, 0xff, 0x34, 0x52, 0xef, 0xff, 0x17, 0x2b, 0xdd, 0xff, 
    0x41, 0x62, 0xfb, 0xff, 0x4c, 0x6e, 0xff, 0xff, 0x46, 0x64, 0xfa, 0xff, 0x1f, 
    0x37, 0xe4, 0xff, 0x37, 0x54, 0xf8, 0xff, 0x40, 0x5e, 0xff, 0xff, 0x3d, 0x5b, 
    0xfd, 0xff, 0x3d, 0x5c, 0xfe, 0xff, 0x41, 0x64, 0xfc, 0xff, 0x47, 0x70, 0xfd, 
    0xff, 0x55, 0xbd, 0xff, 0xff, 0x54, 0xcb, 0xff, 0xff, 0x51, 0xc7, 0xff, 0xff, 
    0x50, 0xc5, 0xff, 0xff, 0x4f, 0xc2, 0xff, 0xff, 0x4c, 0xbe, 0xff, 0xff, 0x4a, 
    0xbb, 0xfe, 0xff, 0x47, 0xb8, 0xfa, 0xff, 0x49, 0xbe, 0xfb, 0xff, 0x4b, 0xa4, 
    0xdc, 0xff, 0x09, 0x0c, 0x0e, 0xff, 0x00, 0x00, 0x00, 0xff, 0xa3, 0xa5, 0xa5, 
    0xff, 0xff, 0xff, 0xff, 0xff, 0xfb, 0xfb, 0xfb, 0xff, 0xff, 0xff, 0xff, 0xff, 
    0xfe, 0xff, 0xff, 0xff, 0xfe, 0xff, 0xff, 0xff, 0xfd, 0xff, 0xff, 0xff, 0xfe, 
    0xff, 0xff, 0xff, 0xff, 0xff, 0xff, 0xff, 0xff, 0xff, 0xff, 0xff, 0xfe, 0xff, 
    0xff, 0xff, 0xfe, 0xff, 0xff, 0xff, 0xfe, 0xff, 0xff, 0xff, 0xfc, 0xff, 0xff, 
    0xff, 0xfb, 0xfe, 0xfe, 0xff, 0xfb, 0xff, 0xfe, 0xff, 0xfd, 0xfe, 0xfe, 0xff, 
    0xfe, 0xff, 0xff, 0xff, 0xfa, 0xfb, 0xfb, 0xff, 0xff, 0xff, 0xff, 0xff, 0x67, 
    0x6a, 0x6a, 0xff, 0x00, 0x00, 0x00, 0xff, 0x1e, 0x2e, 0x32, 0xff, 0x7e, 0xec, 
    0xfd, 0xff, 0x64, 0xd7, 0xfb, 0xff, 0x49, 0xb9, 0xfb, 0xff, 0x49, 0xbc, 0xfa, 
    0xff, 0x4a, 0xbc, 0xfc, 0xff, 0x4d, 0xbf, 0xff, 0xff, 0x4e, 0xc1, 0xff, 0xff, 
    0x50, 0xc3, 0xff, 0xff, 0x52, 0xcc, 0xff, 0xff, 0x50, 0xb2, 0xff, 0xff, 0x3b, 
    0x60, 0xfc, 0xff, 0x38, 0x5b, 0xfe, 0xff, 0x3a, 0x5c, 0xfe, 0xff, 0x3a, 0x5a, 
    0xfe, 0xff, 0x3b, 0x5b, 0xfe, 0xff, 0x3a, 0x5b, 0xfd, 0xff, 0x1d, 0x3b, 0xe9, 
    0xff, 0x26, 0x43, 0xea, 0xff, 0x45, 0x68, 0xfe, 0xff, 0x41, 0x63, 0xff, 0xff, 
    0x3f, 0x62, 0xff, 0xff, 0x1d, 0x3a, 0xe8, 0xff, 0x28, 0x44, 0xed, 0xff, 0x3c, 
    0x5d, 0xff, 0xff, 0x3d, 0x5f, 0xfc, 0xff, 0x3f, 0x5e, 0xfb, 0xff, 0x3c, 0x5a, 
    0xfa, 0xff, 0x3f, 0x63, 0xfa, 0xff, 0x4b, 0xac, 0xfc, 0xff, 0x48, 0xba, 0xff, 
    0xff, 0x5c, 0xc2, 0xfd, 0xff, 0x98, 0xdd, 0xf9, 0xff, 0xd5, 0xf8, 0xf9, 0xff, 
    0xe3, 0xff, 0xfc, 0xff, 0xde, 0xff, 0xff, 0xff, 0xe4, 0xff, 0xff, 0xff, 0xdd, 
    0xfd, 0xfc, 0xff, 0xdd, 0xfe, 0xfd, 0xff, 0xdf, 0xff, 0xfe, 0xff, 0xdf, 0xff, 
    0xfe, 0xff, 0xdf, 0xff, 0xfe, 0xff, 0xdf, 0xff, 0xfe, 0xff, 0xde, 0xff, 0xfe, 
    0xff, 0xde, 0xff, 0xfe, 0xff, 0xde, 0xff, 0xfe, 0xff, 0xde, 0xff, 0xfe, 0xff, 
    0xde, 0xff, 0xfe, 0xff, 0xdf, 0xff, 0xff, 0xff, 0xde, 0xff, 0xfe, 0xff, 0xde, 
    0xff, 0xfe, 0xff, 0xdd, 0xff, 0xfe, 0xff, 0xde, 0xff, 0xfe, 0xff, 0xde, 0xff, 
    0xfe, 0xff, 0xde, 0xff, 0xfe, 0xff, 0xdf, 0xff, 0xfe, 0xff, 0xe0, 0xff, 0xfe, 
    0xff, 0xde, 0xff, 0xfe, 0xff, 0xd8, 0xf9, 0xf8, 0xff, 0xf7, 0xff, 0xff, 0xff, 
    0x80, 0x8e, 0x8e, 0xff, 0x0a, 0x0a, 0x0a, 0xff, 0x13, 0x14, 0x14, 0xff, 0x3b, 
    0x43, 0x43, 0xff, 0xf4, 0xff, 0xff, 0xff, 0xd7, 0xfb, 0xfa, 0xff, 0xbd, 0xf1, 
    0xfb, 0xff, 0x5a, 0x88, 0xf5, 0xff, 0x3d, 0x5e, 0xfd, 0xff, 0x41, 0x61, 0xfe, 
    0xff, 0x45, 0x67, 0xff, 0xff, 0x32, 0x50, 0xf0, 0xff, 0x1b, 0x33, 0xde, 0xff, 
    0x47, 0x6f, 0xfd, 0xff, 0x4c, 0x73, 0xff, 0xff, 0x32, 0x4d, 0xec, 0xff, 0x1c, 
    0x31, 0xdf, 0xff, 0x46, 0x67, 0xfc, 0xff, 0x48, 0x68, 0xff, 0xff, 0x47, 0x66, 
    0xfe, 0xff, 0x41, 0x5e, 0xfc, 0xff, 0x3f, 0x5d, 0xfe, 0xff, 0x3e, 0x5c, 0xfe, 
    0xff, 0x3b, 0x59, 0xfd, 0xff, 0x3d, 0x5d, 0xfe, 0xff, 0x3b, 0x5c, 0xea, 0xff, 
    0x3a, 0x74, 0xa6, 0xff, 0x40, 0x82, 0xa3, 0xff, 0x44, 0x88, 0xb1, 0xff, 0x48, 
    0x95, 0xc2, 0xff, 0x4e, 0xa6, 0xdb, 0xff, 0x51, 0xb4, 0xef, 0xff, 0x53, 0xc0, 
    0xff, 0xff, 0x51, 0xc6, 0xff, 0xff, 0x55, 0xcf, 0xff, 0xff, 0x4f, 0xb5, 0xf5, 
    0xff, 0x09, 0x0e, 0x11, 0xff, 0x00, 0x00, 0x00, 0xff, 0x9f, 0xa0, 0xa0, 0xff, 
    0xfb, 0xfb, 0xfb, 0xff, 0xf7, 0xf7, 0xf7, 0xff, 0xfc, 0xfd, 0xfd, 0xff, 0xfe, 
    0xff, 0xff, 0xff, 0xfe, 0xff, 0xff, 0xff, 0xfe, 0xff, 0xff, 0xff, 0xfe, 0xff, 
    0xff, 0xff, 0xff, 0xff, 0xff, 0xff, 0xff, 0xff, 0xff, 0xff, 0xfe, 0xff, 0xff, 
    0xff, 0xfe, 0xff, 0xff, 0xff, 0xfe, 0xff, 0xff, 0xff, 0xfe, 0xff, 0xff, 0xff, 
    0xfd, 0xff, 0xff, 0xff, 0xfd, 0xff, 0xff, 0xff, 0xfe, 0xff, 0xff, 0xff, 0xfe, 
    0xff, 0xff, 0xff, 0xfa, 0xfb, 0xfb, 0xff, 0xfd, 0xfd, 0xfd, 0xff, 0x68, 0x6b, 
    0x6b, 0xff, 0x00, 0x00, 0x00, 0xff, 0x22, 0x32, 0x37, 0xff, 0x81, 0xf2, 0xff, 
    0xff, 0x66, 0xe1, 0xff, 0xff, 0x53, 0xcb, 0xff, 0xff, 0x56, 0xd0, 0xff, 0xff, 
    0x58, 0xcb, 0xff, 0xff, 0x55, 0xbf, 0xfc, 0xff, 0x4d, 0xaa, 0xe3, 0xff, 0x47, 
    0x96, 0xca, 0xff, 0x3f, 0x85, 0xa8, 0xff, 0x3c, 0x71, 0xb5, 0xff, 0x39, 0x5d, 
    0xfd, 0xff, 0x3d, 0x61, 0xfd, 0xff, 0x3c, 0x5d, 0xfe, 0xff, 0x3b, 0x5b, 0xfe, 
    0xff, 0x3e, 0x5f, 0xff, 0xff, 0x24, 0x41, 0xec, 0xff, 0x28, 0x43, 0xe9, 0xff, 
    0x48, 0x6a, 0xff, 0xff, 0x41, 0x61, 0xfe, 0xff, 0x42, 0x63, 0xff, 0xff, 0x25, 
    0x41, 0xee, 0xff, 0x23, 0x3c, 0xeb, 0xff, 0x3d, 0x5c, 0xfe, 0xff, 0x39, 0x59, 
    0xfd, 0xff, 0x43, 0x65, 0xfc, 0xff, 0x40, 0x5f, 0xfe, 0xff, 0x3f, 0x5c, 0xfe, 
    0xff, 0x3c, 0x5f, 0xfc, 0xff, 0x6d, 0xb2, 0xf7, 0xff, 0xa2, 0xe6, 0xfa, 0xff, 
    0xcc, 0xf6, 0xfb, 0xff, 0xe4, 0xff, 0xfd, 0xff, 0xdc, 0xfc, 0xfb, 0xff, 0xed, 
    0xfe, 0xff, 0xff, 0x7e, 0x8f, 0x8f, 0xff, 0x4a, 0x54, 0x54, 0xff, 0xee, 0xff, 
    0xff, 0xff, 0xda, 0xfb, 0xfb, 0xff, 0xdc, 0xfd, 0xfc, 0xff, 0xdf, 0xff, 0xfe, 
    0xff, 0xde, 0xff, 0xfe, 0xff, 0xdd, 0xff, 0xfe, 0xff, 0xdd, 0xff, 0xfe, 0xff, 
    0xde, 0xff, 0xfe, 0xff, 0xde, 0xff, 0xfe, 0xff, 0xde, 0xff, 0xfe, 0xff, 0xe0, 
    0xff, 0xfe, 0xff, 0xdf, 0xfe, 0xfd, 0xff, 0xdd, 0xff, 0xfe, 0xff, 0xdf, 0xff, 
    0xfe, 0xff, 0xde, 0xff, 0xfe, 0xff, 0xde, 0xff, 0xfe, 0xff, 0xde, 0xff, 0xfe, 
    0xff, 0xde, 0xff, 0xfe, 0xff, 0xde, 0xff, 0xfe, 0xff, 0xdc, 0xfd, 0xfc, 0xff, 
    0xda, 0xfb, 0xfa, 0xff, 0xf5, 0xff, 0xff, 0xff, 0xa9, 0xba, 0xba, 0xff, 0x00, 
    0x00, 0x00, 0xff, 0x83, 0x90, 0x91, 0xff, 0xe7, 0xf5, 0xf5, 0xff, 0xc0, 0xd9, 
    0xd9, 0xff, 0xdd, 0xfe, 0xfe, 0xff, 0xdb, 0xfe, 0xfe, 0xff, 0xe4, 0xff, 0xfb, 
    0xff, 0x6b, 0x8e, 0xf3, 0xff, 0x3b, 0x5d, 0xfe, 0xff, 0x44, 0x64, 0xfe, 0xff, 
    0x41, 0x61, 0xfe, 0xff, 0x46, 0x6a, 0xff, 0xff, 0x23, 0x3c, 0xe7, 0xff, 0x30, 
    0x51, 0xf0, 0xff, 0x49, 0x6c, 0xff, 0xff, 0x49, 0x6a, 0xff, 0xff, 0x3c, 0x58, 
    0xf5, 0xff, 0x42, 0x61, 0xfc, 0xff, 0x45, 0x64, 0xfe, 0xff, 0x43, 0x62, 0xfe, 
    0xff, 0x42, 0x61, 0xfe, 0xff, 0x3e, 0x5e, 0xfd, 0xff, 0x3d, 0x5c, 0xfe, 0xff, 
    0x3b, 0x59, 0xfd, 0xff, 0x3c, 0x5b, 0xfe, 0xff, 0x3b, 0x61, 0xe1, 0xff, 0x26, 
    0x40, 0x6b, 0xff, 0x1d, 0x2e, 0x48, 0xff, 0x16, 0x1f, 0x2b, 0xff, 0x12, 0x18, 
    0x1d, 0xff, 0x0d, 0x10, 0x13, 0xff, 0x0c, 0x0f, 0x0f, 0xff, 0x10, 0x19, 0x1a, 
    0xff, 0x14, 0x28, 0x30, 0xff, 0x24, 0x48, 0x5b, 0xff, 0x2f, 0x5c, 0x78, 0xff, 
    0x07, 0x0a, 0x0b, 0xff, 0x00, 0x00, 0x00, 0xff, 0xa5, 0xa6, 0xa7, 0xff, 0xff, 
    0xff, 0xff, 0xff, 0xff, 0xff, 0xff, 0xff, 0xff, 0xff, 0xff, 0xff, 0xfe, 0xff, 
    0xff, 0xff, 0xfa, 0xfb, 0xfb, 0xff, 0xfd, 0xfe, 0xfe, 0xff, 0xfe, 0xff, 0xff, 
    0xff, 0xff, 0xff, 0xff, 0xff, 0xff, 0xff, 0xff, 0xff, 0xfe, 0xff, 0xff, 0xff, 
    0xfe, 0xff, 0xff, 0xff, 0xfe, 0xff, 0xff, 0xff, 0xfe, 0xff, 0xff, 0xff, 0xff, 
    0xff, 0xff, 0xff, 0xfd, 0xfe, 0xfe, 0xff, 0xfb, 0xfc, 0xfc, 0xff, 0xfb, 0xfb, 
    0xfb, 0xff, 0xf9, 0xfa, 0xfa, 0xff, 0xff, 0xff, 0xff, 0xff, 0x76, 0x78, 0x78, 
    0xff, 0x00, 0x00, 0x00, 0xff, 0x1f, 0x29, 0x2c, 0xff, 0x7f, 0xd9, 0xec, 0xff, 
    0x56, 0xad, 0xcc, 0xff, 0x37, 0x79, 0xa1, 0xff, 0x26, 0x4e, 0x65, 0xff, 0x1a, 
    0x2d, 0x37, 0xff, 0x10, 0x17, 0x18, 0xff, 0x0d, 0x0f, 0x0e, 0xff, 0x10, 0x15, 
    0x1b, 0xff, 0x15, 0x24, 0x38, 0xff, 0x2a, 0x43, 0x88, 0xff, 0x3a, 0x5f, 0xfc, 
    0xff, 0x3d, 0x62, 0xfc, 0xff, 0x3c, 0x5d, 0xfe, 0xff, 0x3d, 0x5e, 0xfe, 0xff, 
    0x3c, 0x5d, 0xfe, 0xff, 0x3a, 0x5a, 0xf9, 0xff, 0x45, 0x65, 0xff, 0xff, 0x40, 
    0x61, 0xfe, 0xff, 0x43, 0x64, 0xff, 0xff, 0x36, 0x53, 0xf7, 0xff, 0x21, 0x39, 
    0xea, 0xff, 0x41, 0x60, 0xfd, 0xff, 0x3b, 0x59, 0xfe, 0xff, 0x41, 0x60, 0xfc, 
    0xff, 0x46, 0x66, 0xfc, 0xff, 0x41, 0x5f, 0xfe, 0xff, 0x44, 0x63, 0xfe, 0xff, 
    0x36, 0x5a, 0xfc, 0xff, 0x9f, 0xc4, 0xf5, 0xff, 0xec, 0xff, 0xff, 0xff, 0xda, 
    0xfd, 0xfe, 0xff, 0xda, 0xfe, 0xfe, 0xff, 0xdb, 0xfc, 0xfb, 0xff, 0xea, 0xff, 
    0xff, 0xff, 0xa9, 0xbb, 0xbb, 0xff, 0x00, 0x00, 0x00, 0xff, 0x75, 0x86, 0x87, 
    0xff, 0xf0, 0xff, 0xff, 0xff, 0xe0, 0xff, 0xff, 0xff, 0xd9, 0xfb, 0xfa, 0xff, 
    0xdd, 0xfd, 0xfc, 0xff, 0xdc, 0xff, 0xfe, 0xff, 0xdb, 0xff, 0xfd, 0xff, 0xdd, 
    0xff, 0xfe, 0xff, 0xde, 0xff, 0xfe, 0xff, 0xdf, 0xff, 0xfe, 0xff, 0xe0, 0xff, 
    0xfe, 0xff, 0xe0, 0xff, 0xfe, 0xff, 0xe0, 0xff, 0xfe, 0xff, 0xde, 0xff, 0xfe, 
    0xff, 0xdf, 0xff, 0xfe, 0xff, 0xde, 0xff, 0xfe, 0xff, 0xdc, 0xfe, 0xfd, 0xff, 
    0xda, 0xfc, 0xfb, 0xff, 0xd8, 0xfb, 0xfb, 0xff, 0xe4, 0xff, 0xff, 0xff, 0xef, 
    0xff, 0xff, 0xff, 0x8d, 0x99, 0x99, 0xff, 0x00, 0x00, 0x00, 0xff, 0x65, 0x6d, 
    0x6d, 0xff, 0xf0, 0xff, 0xff, 0xff, 0xe1, 0xff, 0xff, 0xff, 0xe5, 0xff, 0xff, 
    0xff, 0xdd, 0xff, 0xfe, 0xff, 0xdc, 0xfe, 0xff, 0xff, 0xe0, 0xfe, 0xfb, 0xff, 
    0x68, 0x8d, 0xf1, 0xff, 0x39, 0x5a, 0xfe, 0xff, 0x44, 0x64, 0xfe, 0xff, 0x42, 
    0x61, 0xfe, 0xff, 0x43, 0x64, 0xfe, 0xff, 0x43, 0x65, 0xfd, 0xff, 0x3f, 0x5f, 
    0xfa, 0xff, 0x46, 0x65, 0xfe, 0xff, 0x45, 0x63, 0xfd, 0xff, 0x47, 0x67, 0xff, 
    0xff, 0x43, 0x63, 0xfe, 0xff, 0x42, 0x61, 0xfe, 0xff, 0x41, 0x60, 0xfe, 0xff, 
    0x3e, 0x5d, 0xfe, 0xff, 0x3d, 0x5c, 0xfe, 0xff, 0x3c, 0x5b, 0xfe, 0xff, 0x3a, 
    0x58, 0xfe, 0xff, 0x38, 0x56, 0xfe, 0xff, 0x38, 0x62, 0xff, 0xff, 0x37, 0x80, 
    0xff, 0xff, 0x33, 0x82, 0xff, 0xff, 0x36, 0x83, 0xff, 0xff, 0x37, 0x81, 0xf5, 
    0xff, 0x33, 0x74, 0xdc, 0xff, 0x2a, 0x5f, 0xb9, 0xff, 0x1c, 0x44, 0x8a, 0xff, 
    0x1c, 0x34, 0x5d, 0xff, 0x13, 0x1d, 0x2f, 0xff, 0x08, 0x09, 0x0c, 0xff, 0x02, 
    0x04, 0x03, 0xff, 0x01, 0x03, 0x02, 0xff, 0x19, 0x1b, 0x1a, 0xff, 0x5b, 0x5e, 
    0x5e, 0xff, 0x9e, 0xa0, 0xa0, 0xff, 0xd9, 0xda, 0xda, 0xff, 0xff, 0xff, 0xff, 
    0xff, 0xff, 0xff, 0xff, 0xff, 0xff, 0xff, 0xff, 0xff, 0xfe, 0xff, 0xff, 0xff, 
    0xff, 0xff, 0xff, 0xff, 0xff, 0xff, 0xff, 0xff, 0xfe, 0xff, 0xff, 0xff, 0xfe, 
    0xff, 0xff, 0xff, 0xfe, 0xff, 0xff, 0xff, 0xfd, 0xfe, 0xfe, 0xff, 0xfb, 0xfc, 
    0xfc, 0xff, 0xff, 0xff, 0xff, 0xff, 0xff, 0xff, 0xff, 0xff, 0xff, 0xff, 0xff, 
    0xff, 0xff, 0xff, 0xff, 0xff, 0xe2, 0xe2, 0xe3, 0xff, 0x56, 0x58, 0x57, 0xff, 
    0x01, 0x01, 0x01, 0xff, 0x08, 0x0a, 0x09, 0xff, 0x12, 0x14, 0x17, 0xff, 0x12, 
    0x15, 0x15, 0xff, 0x19, 0x21, 0x1c, 0xff, 0x23, 0x3c, 0x40, 0xff, 0x23, 0x49, 
    0x65, 0xff, 0x28, 0x5c, 0x9b, 0xff, 0x32, 0x74, 0xcb, 0xff, 0x33, 0x7d, 0xeb, 
    0xff, 0x33, 0x7f, 0xff, 0xff, 0x36, 0x74, 0xff, 0xff, 0x3a, 0x63, 0xfb, 0xff, 
    0x39, 0x5d, 0xfd, 0xff, 0x3c, 0x5d, 0xfe, 0xff, 0x3d, 0x5e, 0xfe, 0xff, 0x3d, 
    0x5d, 0xfe, 0xff, 0x41, 0x61, 0xff, 0xff, 0x40, 0x60, 0xfe, 0xff, 0x3f, 0x5f, 
    0xfe, 0xff, 0x41, 0x60, 0xfe, 0xff, 0x3f, 0x5e, 0xfc, 0xff, 0x40, 0x5f, 0xfe, 
    0xff, 0x40, 0x5f, 0xfe, 0xff, 0x3c, 0x5b, 0xfd, 0xff, 0x42, 0x61, 0xfc, 0xff, 
    0x42, 0x61, 0xfe, 0xff, 0x42, 0x60, 0xfe, 0xff, 0x41, 0x61, 0xfe, 0xff, 0x39, 
    0x60, 0xf7, 0xff, 0xb3, 0xd8, 0xf5, 0xff, 0xe5, 0xfe, 0xff, 0xff, 0xda, 0xfd, 
    0xfe, 0xff, 0xde, 0xff, 0xfe, 0xff, 0xdf, 0xff, 0xfe, 0xff, 0xdb, 0xfd, 0xfc, 
    0xff, 0xef, 0xff, 0xff, 0xff, 0x90, 0x9f, 0x9e, 0xff, 0x00, 0x00, 0x00, 0xff, 
    0x54, 0x5e, 0x5f, 0xff, 0xd6, 0xec, 0xec, 0xff, 0xf0, 0xff, 0xff, 0xff, 0xe5, 
    0xff, 0xff, 0xff, 0xdb, 0xff, 0xfd, 0xff, 0xd7, 0xfb, 0xfa, 0xff, 0xd9, 0xfb, 
    0xfa, 0xff, 0xdb, 0xfc, 0xfb, 0xff, 0xdd, 0xfd, 0xfc, 0xff, 0xdd, 0xfd, 0xfc, 
    0xff, 0xde, 0xfd, 0xfc, 0xff, 0xde, 0xfc, 0xfb, 0xff, 0xdc, 0xfb, 0xfa, 0xff, 
    0xda, 0xfb, 0xfa, 0xff, 0xd8, 0xfb, 0xfb, 0xff, 0xdb, 0xff, 0xff, 0xff, 0xe7, 
    0xff, 0xff, 0xff, 0xee, 0xff, 0xff, 0xff, 0xc2, 0xd5, 0xd5, 0xff, 0x41, 0x48, 
    0x48, 0xff, 0x00, 0x00, 0x00, 0xff, 0x7a, 0x85, 0x85, 0xff, 0xf0, 0xff, 0xff, 
    0xff, 0xdf, 0xfc, 0xfb, 0xff, 0xde, 0xfd, 0xfc, 0xff, 0xdf, 0xfd, 0xfc, 0xff, 
    0xe0, 0xff, 0xfe, 0xff, 0xdd, 0xfd, 0xfe, 0xff, 0xe9, 0xff, 0xfe, 0xff, 0x90, 
    0xb2, 0xf6, 0xff, 0x37, 0x5a, 0xfc, 0xff, 0x44, 0x63, 0xfe, 0xff, 0x41, 0x5f, 
    0xfe, 0xff, 0x42, 0x62, 0xfe, 0xff, 0x43, 0x63, 0xfe, 0xff, 0x43, 0x62, 0xff, 
    0xff, 0x44, 0x62, 0xfe, 0xff, 0x45, 0x64, 0xfe, 0xff, 0x44, 0x63, 0xfd, 0xff, 
    0x43, 0x62, 0xfe, 0xff, 0x41, 0x60, 0xfe, 0xff, 0x3e, 0x5d, 0xfe, 0xff, 0x3d, 
    0x5b, 0xfe, 0xff, 0x3c, 0x5a, 0xfe, 0xff, 0x3a, 0x58, 0xfe, 0xff, 0x37, 0x55, 
    0xfe, 0xff, 0x38, 0x55, 0xff, 0xff, 0x32, 0x64, 0xfb, 0xff, 0x27, 0x6f, 0xf6, 
    0xff, 0x27, 0x6d, 0xf8, 0xff, 0x26, 0x6d, 0xf9, 0xff, 0x26, 0x6f, 0xfb, 0xff, 
    0x28, 0x73, 0xff, 0xff, 0x2a, 0x78, 0xff, 0xff, 0x2a, 0x7b, 0xff, 0xff, 0x2d, 
    0x80, 0xff, 0xff, 0x34, 0x89, 0xff, 0xff, 0x31, 0x66, 0xbe, 0xff, 0x02, 0x01, 
    0x00, 0xff, 0x01, 0x03, 0x02, 0xff, 0x52, 0x53, 0x53, 0xff, 0x42, 0x44, 0x43, 
    0xff, 0x14, 0x16, 0x15, 0xff, 0x08, 0x0b, 0x0a, 0xff, 0x24, 0x27, 0x26, 0xff, 
    0x67, 0x69, 0x69, 0xff, 0xd6, 0xd8, 0xd9, 0xff, 0xfe, 0xfe, 0xfe, 0xff, 0xfd, 
    0xfe, 0xfe, 0xff, 0xff, 0xff, 0xff, 0xff, 0xfe, 0xff, 0xff, 0xff, 0xfe, 0xff, 
    0xff, 0xff, 0xfe, 0xff, 0xff, 0xff, 0xff, 0xff, 0xff, 0xff, 0xff, 0xff, 0xff, 
    0xff, 0xfa, 0xfa, 0xfa, 0xff, 0xba, 0xbb, 0xbb, 0xff, 0x6f, 0x70, 0x70, 0xff, 
    0x2b, 0x2e, 0x2d, 0xff, 0x0f, 0x11, 0x10, 0xff, 0x0b, 0x0c, 0x0b, 0xff, 0x01, 
    0x02, 0x01, 0xff, 0x09, 0x0d, 0x0e, 0xff, 0x60, 0xa6, 0xbb, 0xff, 0x62, 0xc0, 
    0xeb, 0xff, 0x51, 0xaa, 0xf8, 0xff, 0x3c, 0x94, 0xff, 0xff, 0x33, 0x86, 0xff, 
    0xff, 0x2d, 0x7d, 0xff, 0xff, 0x29, 0x74, 0xff, 0xff, 0x29, 0x6f, 0xfa, 0xff, 
    0x27, 0x69, 0xf3, 0xff, 0x2b, 0x67, 0xf4, 0xff, 0x36, 0x60, 0xfb, 0xff, 0x39, 
    0x5d, 0xfd, 0xff, 0x3d, 0x5f, 0xfd, 0xff, 0x3b, 0x5b, 0xfe, 0xff, 0x3d, 0x5c, 
    0xfe, 0xff, 0x3e, 0x5f, 0xfe, 0xff, 0x40, 0x60, 0xfe, 0xff, 0x40, 0x5e, 0xfe, 
    0xff, 0x3f, 0x5e, 0xfe, 0xff, 0x41, 0x60, 0xfe, 0xff, 0x3f, 0x5f, 0xfe, 0xff, 
    0x3d, 0x5c, 0xfd, 0xff, 0x3d, 0x5c, 0xfe, 0xff, 0x3e, 0x5e, 0xfd, 0xff, 0x3f, 
    0x5f, 0xfe, 0xff, 0x41, 0x61, 0xfd, 0xff, 0x3b, 0x5b, 0xff, 0xff, 0x49, 0x70, 
    0xf6, 0xff, 0xd2, 0xf4, 0xfa, 0xff, 0xdf, 0xff, 0xff, 0xff, 0xdc, 0xfe, 0xfe, 
    0xff, 0xdd, 0xff, 0xfe, 0xff, 0xdd, 0xff, 0xfe, 0xff, 0xdf, 0xff, 0xfe, 0xff, 
    0xda, 0xfc, 0xfb, 0xff, 0xec, 0xff, 0xff, 0xff, 0xa4, 0xb5, 0xb5, 0xff, 0x0f, 
    0x11, 0x11, 0xff, 0x07, 0x08, 0x09, 0xff, 0x67, 0x72, 0x72, 0xff, 0xbe, 0xd4, 
    0xd4, 0xff, 0xe5, 0xff, 0xff, 0xff, 0xec, 0xff, 0xff, 0xff, 0xea, 0xff, 0xff, 
    0xff, 0xe9, 0xff, 0xff, 0xff, 0xe7, 0xff, 0xff, 0xff, 0xe7, 0xff, 0xff, 0xff, 
    0xe8, 0xff, 0xff, 0xff, 0xeb, 0xff, 0xff, 0xff, 0xed, 0xff, 0xff, 0xff, 0xee, 
    0xff, 0xff, 0xff, 0xea, 0xff, 0xff, 0xff, 0xd6, 0xf4, 0xf4, 0xff, 0xa0, 0xb3, 
    0xb3, 0xff, 0x45, 0x4b, 0x4b, 0xff, 0x00, 0x00, 0x00, 0xff, 0x28, 0x2b, 0x2c, 
    0xff, 0xb4, 0xc4, 0xc4, 0xff, 0xf1, 0xff, 0xff, 0xff, 0xde, 0xfc, 0xfc, 0xff, 
    0xe0, 0xfe, 0xfe, 0xff, 0xe1, 0xff, 0xfe, 0xff, 0xe0, 0xff, 0xfe, 0xff, 0xe0, 
    0xff, 0xfe, 0xff, 0xdd, 0xfd, 0xfe, 0xff, 0xe4, 0xff, 0xff, 0xff, 0xc9, 0xea, 
    0xfa, 0xff, 0x49, 0x70, 0xf7, 0xff, 0x44, 0x65, 0xfc, 0xff, 0x40, 0x5d, 0xfd, 
    0xff, 0x41, 0x61, 0xfe, 0xff, 0x41, 0x61, 0xfe, 0xff, 0x41, 0x61, 0xfe, 0xff, 
    0x42, 0x61, 0xfe, 0xff, 0x43, 0x62, 0xfe, 0xff, 0x43, 0x62, 0xfe, 0xff, 0x42, 
    0x61, 0xfe, 0xff, 0x3f, 0x5e, 0xfe, 0xff, 0x3c, 0x5b, 0xfe, 0xff, 0x3d, 0x5a, 
    0xfe, 0xff, 0x3c, 0x59, 0xfe, 0xff, 0x38, 0x56, 0xfe, 0xff, 0x38, 0x58, 0xfe, 
    0xff, 0x35, 0x5c, 0xfd, 0xff, 0x27, 0x65, 0xfa, 0xff, 0x26, 0x71, 0xfa, 0xff, 
    0x2a, 0x74, 0xf9, 0xff, 0x29, 0x70, 0xf8, 0xff, 0x28, 0x6f, 0xf8, 0xff, 0x25, 
    0x6d, 0xf8, 0xff, 0x24, 0x6d, 0xf9, 0xff, 0x25, 0x6e, 0xf8, 0xff, 0x21, 0x6a, 
    0xf4, 0xff, 0x24, 0x75, 0xfd, 0xff, 0x1e, 0x4c, 0xa4, 0xff, 0x01, 0x00, 0x00, 
    0xff, 0x00, 0x00, 0x00, 0xff, 0xd5, 0xd6, 0xd7, 0xff, 0xff, 0xff, 0xff, 0xff, 
    0xf8, 0xf9, 0xf9, 0xff, 0xcc, 0xcd, 0xcd, 0xff, 0x8c, 0x8e, 0x8e, 0xff, 0x36, 
    0x38, 0x37, 0xff, 0x97, 0x9a, 0x9a, 0xff, 0xff, 0xff, 0xff, 0xff, 0xfc, 0xfc, 
    0xfc, 0xff, 0xff, 0xff, 0xff, 0xff, 0xfe, 0xff, 0xff, 0xff, 0xfe, 0xfe, 0xfe, 
    0xff, 0xfe, 0xfe, 0xfe, 0xff, 0xec, 0xed, 0xed, 0xff, 0x6b, 0x6d, 0x6d, 0xff, 
    0x17, 0x19, 0x18, 0xff, 0x10, 0x13, 0x12, 0xff, 0x3b, 0x3d, 0x3c, 0xff, 0x82, 
    0x84, 0x84, 0xff, 0xd5, 0xd5, 0xd5, 0xff, 0x9f, 0xa1, 0xa1, 0xff, 0x00, 0x00, 
    0x00, 0xff, 0x09, 0x0b, 0x09, 0xff, 0x3c, 0x8b, 0xdd, 0xff, 0x29, 0x7e, 0xff, 
    0xff, 0x21, 0x6b, 0xfa, 0xff, 0x26, 0x6b, 0xf7, 0xff, 0x29, 0x6d, 0xf5, 0xff, 
    0x27, 0x6d, 0xf7, 0xff, 0x28, 0x6d, 0xfa, 0xff, 0x27, 0x6c, 0xf8, 0xff, 0x27, 
    0x6a, 0xf8, 0xff, 0x27, 0x69, 0xf6, 0xff, 0x34, 0x65, 0xf8, 0xff, 0x3c, 0x62, 
    0xfc, 0xff, 0x3b, 0x5e, 0xfe, 0xff, 0x3b, 0x5b, 0xfe, 0xff, 0x3b, 0x5b, 0xfe, 
    0xff, 0x3d, 0x5d, 0xfe, 0xff, 0x3f, 0x5f, 0xfe, 0xff, 0x41, 0x61, 0xfe, 0xff, 
    0x40, 0x60, 0xfe, 0xff, 0x3e, 0x5e, 0xfe, 0xff, 0x3f, 0x5d, 0xfd, 0xff, 0x3d, 
    0x5b, 0xfe, 0xff, 0x40, 0x5f, 0xfd, 0xff, 0x41, 0x60, 0xfe, 0xff, 0x3f, 0x5f, 
    0xfe, 0xff, 0x41, 0x61, 0xff, 0xff, 0x34, 0x56, 0xfa, 0xff, 0x86, 0xac, 0xf3, 
    0xff, 0xe7, 0xff, 0xfe, 0xff, 0xd9, 0xfd, 0xfd, 0xff, 0xdc, 0xff, 0xfe, 0xff, 
    0xdd, 0xff, 0xfe, 0xff, 0xdd, 0xff, 0xfe, 0xff, 0xdc, 0xff, 0xfe, 0xff, 0xdb, 
    0xff, 0xfe, 0xff, 0xd8, 0xfb, 0xfb, 0xff, 0xe7, 0xff, 0xff, 0xff, 0xd4, 0xee, 
    0xee, 0xff, 0x6e, 0x79, 0x79, 0xff, 0x10, 0x11, 0x11, 0xff, 0x00, 0x00, 0x00, 
    0xff, 0x22, 0x25, 0x25, 0xff, 0x57, 0x60, 0x60, 0xff, 0x84, 0x94, 0x95, 0xff, 
    0xa3, 0xb7, 0xb7, 0xff, 0xb7, 0xcd, 0xcd, 0xff, 0xbb, 0xd3, 0xd3, 0xff, 0xb7, 
    0xce, 0xce, 0xff, 0xaa, 0xbf, 0xbf, 0xff, 0x92, 0xa2, 0xa2, 0xff, 0x6a, 0x77, 
    0x77, 0xff, 0x3a, 0x41, 0x41, 0xff, 0x0c, 0x0d, 0x0d, 0xff, 0x00, 0x00, 0x00, 
    0xff, 0x2c, 0x30, 0x30, 0xff, 0x94, 0xa2, 0xa2, 0xff, 0xe9, 0xff, 0xff, 0xff, 
    0xec, 0xff, 0xff, 0xff, 0xdd, 0xfc, 0xfb, 0xff, 0xe0, 0xff, 0xfe, 0xff, 0xe1, 
    0xff, 0xfe, 0xff, 0xe0, 0xff, 0xfe, 0xff, 0xe0, 0xff, 0xfe, 0xff, 0xe1, 0xff, 
    0xfe, 0xff, 0xdf, 0xfe, 0xfe, 0xff, 0xdc, 0xfd, 0xfe, 0xff, 0xe5, 0xff, 0xfe, 
    0xff, 0x89, 0xaf, 0xef, 0xff, 0x40, 0x67, 0xf4, 0xff, 0x42, 0x61, 0xfd, 0xff, 
    0x40, 0x60, 0xfd, 0xff, 0x41, 0x60, 0xfe, 0xff, 0x3f, 0x5e, 0xfe, 0xff, 0x3f, 
    0x5f, 0xfe, 0xff, 0x40, 0x60, 0xfe, 0xff, 0x40, 0x60, 0xfe, 0xff, 0x40, 0x5e, 
    0xfe, 0xff, 0x3e, 0x5c, 0xfe, 0xff, 0x40, 0x60, 0xfd, 0xff, 0x3f, 0x5e, 0xfd, 
    0xff, 0x3b, 0x59, 0xfe, 0xff, 0x39, 0x59, 0xfe, 0xff, 0x37, 0x54, 0xfe, 0xff, 
    0x43, 0x83, 0xf9, 0xff, 0x41, 0x9b, 0xf9, 0xff, 0x29, 0x72, 0xf6, 0xff, 0x27, 
    0x70, 0xf9, 0xff, 0x28, 0x6f, 0xf7, 0xff, 0x26, 0x6e, 0xf9, 0xff, 0x24, 0x6c, 
    0xfb, 0xff, 0x23, 0x6c, 0xfb, 0xff, 0x23, 0x6d, 0xfb, 0xff, 0x23, 0x6b, 0xf7, 
    0xff, 0x29, 0x78, 0xfe, 0xff, 0x1b, 0x3c, 0x7f, 0xff, 0x00, 0x00, 0x00, 0xff, 
    0x09, 0x0c, 0x0d, 0xff, 0xdf, 0xe0, 0xe0, 0xff, 0xfc, 0xfc, 0xfc, 0xff, 0xff, 
    0xff, 0xff, 0xff, 0xff, 0xff, 0xff, 0xff, 0xff, 0xff, 0xff, 0xff, 0xff, 0xff, 
    0xff, 0xff, 0xff, 0xff, 0xff, 0xff, 0xfe, 0xff, 0xff, 0xff, 0xff, 0xff, 0xff, 
    0xff, 0xff, 0xff, 0xff, 0xff, 0xfe, 0xff, 0xff, 0xff, 0xfd, 0xfe, 0xfe, 0xff, 
    0xff, 0xff, 0xff, 0xff, 0xe0, 0xe2, 0xe2, 0xff, 0x6b, 0x6f, 0x6f, 0xff, 0xa7, 
    0xa9, 0xa9, 0xff, 0xec, 0xed, 0xed, 0xff, 0xff, 0xff, 0xff, 0xff, 0xff, 0xff, 
    0xff, 0xff, 0xff, 0xff, 0xff, 0xff, 0xc7, 0xc9, 0xc9, 0xff, 0x00, 0x01, 0x01, 
    0xff, 0x01, 0x00, 0x00, 0xff, 0x1f, 0x4d, 0xaa, 0xff, 0x2a, 0x76, 0xfe, 0xff, 
    0x2a, 0x73, 0xf7, 0xff, 0x2a, 0x73, 0xfc, 0xff, 0x28, 0x70, 0xfd, 0xff, 0x24, 
    0x6b, 0xfd, 0xff, 0x25, 0x6c, 0xfc, 0xff, 0x23, 0x68, 0xfc, 0xff, 0x20, 0x63, 
    0xfb, 0xff, 0x33, 0x87, 0xf9, 0xff, 0x4a, 0x9a, 0xf9, 0xff, 0x39, 0x5f, 0xfc, 
    0xff, 0x3f, 0x65, 0xfd, 0xff, 0x3b, 0x5c, 0xfe, 0xff, 0x3a, 0x5c, 0xfe, 0xff, 
    0x3a, 0x5a, 0xfe, 0xff, 0x3e, 0x60, 0xfd, 0xff, 0x43, 0x64, 0xfe, 0xff, 0x3f, 
    0x5f, 0xfe, 0xff, 0x3e, 0x5d, 0xfd, 0xff, 0x3f, 0x5c, 0xfd, 0xff, 0x3e, 0x5d, 
    0xfd, 0xff, 0x3f, 0x5e, 0xfe, 0xff, 0x40, 0x5f, 0xfe, 0xff, 0x40, 0x60, 0xfe, 
    0xff, 0x3d, 0x63, 0xfa, 0xff, 0x5c, 0x83, 0xec, 0xff, 0xd9, 0xf8, 0xfb, 0xff, 
    0xde, 0xfd, 0xff, 0xff, 0xdc, 0xfe, 0xfe, 0xff, 0xdc, 0xff, 0xfe, 0xff, 0xdb, 
    0xff, 0xfe, 0xff, 0xde, 0xff, 0xfe, 0xff, 0xdd, 0xff, 0xfe, 0xff, 0xdc, 0xff, 
    0xfe, 0xff, 0xdd, 0xff, 0xfe, 0xff, 0xd8, 0xfb, 0xfb, 0xff, 0xdd, 0xff, 0xff, 
    0xff, 0xec, 0xff, 0xff, 0xff, 0xdb, 0xf7, 0xf7, 0xff, 0x9f, 0xb0, 0xb0, 0xff, 
    0x58, 0x61, 0x61, 0xff, 0x21, 0x26, 0x25, 0xff, 0x07, 0x08, 0x07, 0xff, 0x00, 
    0x00, 0x00, 0xff, 0x00, 0x00, 0x00, 0xff, 0x00, 0x00, 0x00, 0xff, 0x00, 0x00, 
    0x00, 0xff, 0x00, 0x00, 0x00, 0xff, 0x04, 0x05, 0x04, 0xff, 0x18, 0x1b, 0x1b, 
    0xff, 0x42, 0x49, 0x49, 0xff, 0x7e, 0x8b, 0x8b, 0xff, 0xc0, 0xd5, 0xd4, 0xff, 
    0xea, 0xff, 0xff, 0xff, 0xed, 0xff, 0xff, 0xff, 0xde, 0xff, 0xfe, 0xff, 0xdc, 
    0xfc, 0xfc, 0xff, 0xdf, 0xff, 0xfe, 0xff, 0xde, 0xff, 0xfe, 0xff, 0xdf, 0xff, 
    0xfe, 0xff, 0xe0, 0xff, 0xfe, 0xff, 0xe0, 0xff, 0xfe, 0xff, 0xe0, 0xff, 0xfe, 
    0xff, 0xdf, 0xff, 0xfe, 0xff, 0xdd, 0xfe, 0xfe, 0xff, 0xe0, 0xfe, 0xff, 0xff, 
    0xd8, 0xf3, 0xf9, 0xff, 0x69, 0x8f, 0xe7, 0xff, 0x3b, 0x61, 0xf5, 0xff, 0x3e, 
    0x5e, 0xff, 0xff, 0x3f, 0x5f, 0xfd, 0xff, 0x3d, 0x5f, 0xfd, 0xff, 0x3d, 0x5d, 
    0xfe, 0xff, 0x3f, 0x5f, 0xfe, 0xff, 0x3f, 0x60, 0xfd, 0xff, 0x43, 0x65, 0xfd, 
    0xff, 0x41, 0x61, 0xfd, 0xff, 0x41, 0x60, 0xfd, 0xff, 0x3f, 0x5d, 0xfd, 0xff, 
    0x3c, 0x5b, 0xfe, 0xff, 0x38, 0x55, 0xfe, 0xff, 0x3c, 0x6d, 0xfb, 0xff, 0x50, 
    0xb5, 0xfc, 0xff, 0x52, 0xc1, 0xfe, 0xff, 0x46, 0xa9, 0xfb, 0xff, 0x34, 0x85, 
    0xf5, 0xff, 0x29, 0x72, 0xf4, 0xff, 0x25, 0x6b, 0xf9, 0xff, 0x23, 0x6b, 0xfa, 
    0xff, 0x23, 0x6b, 0xfa, 0xff, 0x23, 0x6c, 0xfa, 0xff, 0x23, 0x6c, 0xf8, 0xff, 
    0x2a, 0x75, 0xff, 0xff, 0x13, 0x26, 0x52, 0xff, 0x00, 0x00, 0x00, 0xff, 0x29, 
    0x2c, 0x2e, 0xff, 0xfb, 0xfc, 0xfc, 0xff, 0xfe, 0xfe, 0xfe, 0xff, 0xfd, 0xfe, 
    0xfe, 0xff, 0xfc, 0xfd, 0xfd, 0xff, 0xfa, 0xfb, 0xfb, 0xff, 0xfc, 0xfd, 0xfd, 
    0xff, 0xfd, 0xfe, 0xfe, 0xff, 0xfe, 0xff, 0xff, 0xff, 0xff, 0xff, 0xff, 0xff, 
    0xff, 0xff, 0xff, 0xff, 0xfe, 0xff, 0xff, 0xff, 0xfe, 0xff, 0xff, 0xff, 0xfe, 
    0xff, 0xff, 0xff, 0xff, 0xff, 0xff, 0xff, 0xff, 0xff, 0xff, 0xff, 0xff, 0xff, 
    0xff, 0xff, 0xff, 0xff, 0xff, 0xff, 0xfc, 0xfd, 0xfd, 0xff, 0xfa, 0xfa, 0xfa, 
    0xff, 0xfd, 0xfd, 0xfd, 0xff, 0xec, 0xed, 0xed, 0xff, 0x13, 0x17, 0x18, 0xff, 
    0x00, 0x00, 0x00, 0xff, 0x1d, 0x3f, 0x7d, 0xff, 0x2c, 0x7c, 0xff, 0xff, 0x25, 
    0x6e, 0xf7, 0xff, 0x23, 0x6c, 0xfb, 0xff, 0x25, 0x6d, 0xfc, 0xff, 0x25, 0x6c, 
    0xfe, 0xff, 0x20, 0x66, 0xfe, 0xff, 0x23, 0x70, 0xfc, 0xff, 0x3e, 0x99, 0xfb, 
    0xff, 0x55, 0xbe, 0xfe, 0xff, 0x58, 0xc1, 0xfe, 0xff, 0x48, 0x89, 0xf8, 0xff, 
    0x3e, 0x62, 0xfa, 0xff, 0x3b, 0x60, 0xfe, 0xff, 0x3b, 0x5e, 0xfe, 0xff, 0x39, 
    0x5a, 0xfe, 0xff, 0x3b, 0x5c, 0xfe, 0xff, 0x3e, 0x5e, 0xfe, 0xff, 0x3f, 0x5d, 
    0xfe, 0xff, 0x3e, 0x5c, 0xfd, 0xff, 0x3e, 0x5c, 0xfd, 0xff, 0x40, 0x5e, 0xfd, 
    0xff, 0x44, 0x63, 0xfd, 0xff, 0x46, 0x65, 0xfe, 0xff, 0x3c, 0x5f, 0xfc, 0xff, 
    0x43, 0x6a, 0xed, 0xff, 0xbd, 0xde, 0xf5, 0xff, 0xe5, 0xff, 0xff, 0xff, 0xdb, 
    0xfd, 0xfd, 0xff, 0xdd, 0xff, 0xfe, 0xff, 0xde, 0xff, 0xfe, 0xff, 0xdf, 0xff, 
    0xfe, 0xff, 0xdf, 0xff, 0xfe, 0xff, 0xdf, 0xff, 0xfe, 0xff, 0xde, 0xff, 0xfe, 
    0xff, 0xdc, 0xff, 0xfe, 0xff, 0xdd, 0xff, 0xfe, 0xff, 0xdb, 0xfd, 0xfd, 0xff, 
    0xd8, 0xfa, 0xfa, 0xff, 0xdc, 0xff, 0xff, 0xff, 0xe8, 0xff, 0xff, 0xff, 0xed, 
    0xff, 0xff, 0xff, 0xe4, 0xff, 0xff, 0xff, 0xd4, 0xf3, 0xf2, 0xff, 0xc4, 0xdf, 
    0xdf, 0xff, 0xb7, 0xd0, 0xd0, 0xff, 0xb4, 0xcd, 0xcd, 0xff, 0xb7, 0xd1, 0xd0, 
    0xff, 0xc3, 0xdd, 0xde, 0xff, 0xd2, 0xee, 0xee, 0xff, 0xe4, 0xff, 0xff, 0xff, 
    0xed, 0xff, 0xff, 0xff, 0xed, 0xff, 0xff, 0xff, 0xe5, 0xff, 0xff, 0xff, 0xdb, 
    0xfe, 0xfd, 0xff, 0xda, 0xfc, 0xfb, 0xff, 0xde, 0xfe, 0xfd, 0xff, 0xdf, 0xff, 
    0xfe, 0xff, 0xdf, 0xff, 0xfe, 0xff, 0xdf, 0xff, 0xfe, 0xff, 0xdf, 0xff, 0xfe, 
    0xff, 0xe0, 0xff, 0xfe, 0xff, 0xe0, 0xff, 0xfe, 0xff, 0xe0, 0xff, 0xfe, 0xff, 
    0xe0, 0xff, 0xfe, 0xff, 0xe0, 0xff, 0xfe, 0xff, 0xdd, 0xfe, 0xfe, 0xff, 0xe3, 
    0xff, 0xff, 0xff, 0xd9, 0xf2, 0xf7, 0xff, 0x7a, 0x9e, 0xe9, 0xff, 0x38, 0x5e, 
    0xf4, 0xff, 0x3b, 0x60, 0xfc, 0xff, 0x42, 0x66, 0xfd, 0xff, 0x40, 0x61, 0xfe, 
    0xff, 0x41, 0x62, 0xfd, 0xff, 0x40, 0x60, 0xfd, 0xff, 0x42, 0x63, 0xfc, 0xff, 
    0x41, 0x60, 0xfe, 0xff, 0x40, 0x5d, 0xfe, 0xff, 0x3d, 0x59, 0xff, 0xff, 0x38, 
    0x52, 0xfe, 0xff, 0x3a, 0x64, 0xfb, 0xff, 0x4e, 0xaf, 0xfb, 0xff, 0x4f, 0xbd, 
    0xfe, 0xff, 0x4c, 0xb5, 0xfe, 0xff, 0x4e, 0xbb, 0xff, 0xff, 0x51, 0xbf, 0xff, 
    0xff, 0x46, 0xa7, 0xf6, 0xff, 0x36, 0x8a, 0xf5, 0xff, 0x25, 0x70, 0xf7, 0xff, 
    0x1e, 0x65, 0xf8, 0xff, 0x21, 0x69, 0xf9, 0xff, 0x22, 0x6d, 0xfc, 0xff, 0x27, 
    0x69, 0xf1, 0xff, 0x0d, 0x12, 0x23, 0xff, 0x00, 0x00, 0x00, 0xff, 0x5a, 0x5d, 
    0x5d, 0xff, 0xff, 0xff, 0xff, 0xff, 0xfb, 0xfc, 0xfc, 0xff, 0xfe, 0xff, 0xff, 
    0xff, 0xfe, 0xff, 0xff, 0xff, 0xff, 0xff, 0xff, 0xff, 0xfe, 0xff, 0xff, 0xff, 
    0xfe, 0xff, 0xff, 0xff, 0xfe, 0xff, 0xff, 0xff, 0xff, 0xff, 0xff, 0xff, 0xff, 
    0xff, 0xff, 0xff, 0xfe, 0xff, 0xff, 0xff, 0xfe, 0xff, 0xff, 0xff, 0xfe, 0xff, 
    0xff, 0xff, 0xfd, 0xfe, 0xfe, 0xff, 0xfa, 0xfb, 0xfb, 0xff, 0xfb, 0xfc, 0xfc, 
    0xff, 0xfd, 0xfe, 0xfe, 0xff, 0xfe, 0xff, 0xff, 0xff, 0xfe, 0xff, 0xff, 0xff, 
    0xfd, 0xfd, 0xfd, 0xff, 0xff, 0xff, 0xff, 0xff, 0x3f, 0x43, 0x44, 0xff, 0x00, 
    0x00, 0x00, 0xff, 0x13, 0x25, 0x47, 0xff, 0x2b, 0x76, 0xff, 0xff, 0x23, 0x6b, 
    0xf9, 0xff, 0x21, 0x6a, 0xf9, 0xff, 0x20, 0x67, 0xfb, 0xff, 0x1f, 0x69, 0xfd, 
    0xff, 0x33, 0x8f, 0xfb, 0xff, 0x4b, 0xb5, 0xfb, 0xff, 0x52, 0xbc, 0xfa, 0xff, 
    0x4e, 0xb8, 0xfd, 0xff, 0x50, 0xba, 0xfe, 0xff, 0x53, 0xbd, 0xfc, 0xff, 0x45, 
    0x87, 0xf7, 0xff, 0x3e, 0x64, 0xf7, 0xff, 0x37, 0x5b, 0xfd, 0xff, 0x38, 0x5b, 
    0xff, 0xff, 0x3d, 0x5e, 0xfe, 0xff, 0x3f, 0x5e, 0xfe, 0xff, 0x3f, 0x5f, 0xfe, 
    0xff, 0x3e, 0x5e, 0xfe, 0xff, 0x3d, 0x5d, 0xfe, 0xff, 0x40, 0x5e, 0xfe, 0xff, 
    0x3a, 0x5a, 0xfe, 0xff, 0x31, 0x55, 0xfb, 0xff, 0x59, 0x7d, 0xee, 0xff, 0xbe, 
    0xda, 0xf3, 0xff, 0xe7, 0xff, 0xff, 0xff, 0xdc, 0xfd, 0xfd, 0xff, 0xde, 0xff, 
    0xfe, 0xff, 0xdd, 0xff, 0xfe, 0xff, 0xde, 0xff, 0xfe, 0xff, 0xe0, 0xff, 0xfe, 
    0xff, 0xe0, 0xff, 0xfe, 0xff, 0xe0, 0xff, 0xfe, 0xff, 0xdf, 0xff, 0xfe, 0xff, 
    0xde, 0xff, 0xfe, 0xff, 0xdd, 0xff, 0xfe, 0xff, 0xde, 0xff, 0xfe, 0xff, 0xdc, 
    0xfe, 0xfe, 0xff, 0xdb, 0xfd, 0xfd, 0xff, 0xd8, 0xfb, 0xfb, 0xff, 0xd6, 0xfa, 
    0xfa, 0xff, 0xda, 0xfe, 0xfd, 0xff, 0xdd, 0xff, 0xff, 0xff, 0xe0, 0xff, 0xff, 
    0xff, 0xe3, 0xff, 0xff, 0xff, 0xe3, 0xff, 0xff, 0xff, 0xe3, 0xff, 0xff, 0xff, 
    0xe2, 0xff, 0xff, 0xff, 0xdf, 0xff, 0xff, 0xff, 0xdd, 0xff, 0xfe, 0xff, 0xda, 
    0xfc, 0xfb, 0xff, 0xda, 0xfb, 0xfa, 0xff, 0xdd, 0xfd, 0xfc, 0xff, 0xdd, 0xff, 
    0xfe, 0xff, 0xdf, 0xff, 0xfe, 0xff, 0xdf, 0xff, 0xfe, 0xff, 0xdf, 0xff, 0xfe, 
    0xff, 0xdf, 0xff, 0xfe, 0xff, 0xe0, 0xff, 0xfe, 0xff, 0xdf, 0xff, 0xfe, 0xff, 
    0xdf, 0xff, 0xfe, 0xff, 0xe0, 0xff, 0xfe, 0xff, 0xe2, 0xff, 0xfe, 0xff, 0xe1, 
    0xfe, 0xfe, 0xff, 0xe2, 0xfe, 0xfe, 0xff, 0xe2, 0xff, 0xfe, 0xff, 0xdf, 0xfe, 
    0xfe, 0xff, 0xe2, 0xff, 0xff, 0xff, 0xe7, 0xff, 0xfd, 0xff, 0xa9, 0xc9, 0xf3, 
    0xff, 0x5b, 0x83, 0xf2, 0xff, 0x40, 0x67, 0xf9, 0xff, 0x32, 0x56, 0xfd, 0xff, 
    0x32, 0x55, 0xfe, 0xff, 0x38, 0x5b, 0xfe, 0xff, 0x40, 0x63, 0xfe, 0xff, 0x3c, 
    0x61, 0xfc, 0xff, 0x37, 0x5b, 0xfa, 0xff, 0x36, 0x5b, 0xfa, 0xff, 0x43, 0x80, 
    0xfb, 0xff, 0x4d, 0xb0, 0xfd, 0xff, 0x4d, 0xb9, 0xfe, 0xff, 0x4d, 0xb5, 0xfd, 
    0xff, 0x4f, 0xb9, 0xfe, 0xff, 0x4c, 0xb1, 0xf8, 0xff, 0x4c, 0xaa, 0xea, 0xff, 
    0x5b, 0xca, 0xff, 0xff, 0x5c, 0xca, 0xff, 0xff, 0x4f, 0xb2, 0xfa, 0xff, 0x38, 
    0x8d, 0xf4, 0xff, 0x22, 0x6c, 0xf5, 0xff, 0x1f, 0x6a, 0xff, 0xff, 0x21, 0x55, 
    0xc2, 0xff, 0x05, 0x05, 0x04, 0xff, 0x00, 0x00, 0x00, 0xff, 0x9c, 0x9e, 0x9e, 
    0xff, 0xff, 0xff, 0xff, 0xff, 0xfa, 0xfb, 0xfb, 0xff, 0xff, 0xff, 0xff, 0xff, 
    0xfe, 0xff, 0xff, 0xff, 0xfe, 0xff, 0xff, 0xff, 0xfd, 0xff, 0xff, 0xff, 0xfe, 
    0xff, 0xff, 0xff, 0xfe, 0xff, 0xff, 0xff, 0xff, 0xff, 0xff, 0xff, 0xff, 0xff, 
    0xff, 0xff, 0xfe, 0xff, 0xff, 0xff, 0xfe, 0xff, 0xff, 0xff, 0xfe, 0xff, 0xff, 
    0xff, 0xfc, 0xfe, 0xfe, 0xff, 0xfb, 0xfe, 0xfe, 0xff, 0xfc, 0xff, 0xfe, 0xff, 
    0xfb, 0xff, 0xfe, 0xff, 0xfb, 0xff, 0xfe, 0xff, 0xfb, 0xff, 0xfe, 0xff, 0xf9, 
    0xfb, 0xfb, 0xff, 0xff, 0xff, 0xff, 0xff, 0x76, 0x79, 0x79, 0xff, 0x00, 0x00, 
    0x00, 0xff, 0x09, 0x0d, 0x11, 0xff, 0x26, 0x66, 0xe2, 0xff, 0x21, 0x6c, 0xfe, 
    0xff, 0x1a, 0x61, 0xf7, 0xff, 0x29, 0x7e, 0xfa, 0xff, 0x44, 0xab, 0xfb, 0xff, 
    0x52, 0xc1, 0xfa, 0xff, 0x52, 0xc1, 0xff, 0xff, 0x56, 0xc9, 0xff, 0xff, 0x54, 
    0xc2, 0xff, 0xff, 0x4c, 0xb8, 0xfe, 0xff, 0x4b, 0xb7, 0xff, 0xff, 0x52, 0xbe, 
    0xfd, 0xff, 0x4e, 0xa1, 0xf7, 0xff, 0x44, 0x79, 0xf4, 0xff, 0x41, 0x6e, 0xf7, 
    0xff, 0x38, 0x61, 0xfb, 0xff, 0x39, 0x5f, 0xfd, 0xff, 0x39, 0x5e, 0xfc, 0xff, 
    0x3a, 0x5e, 0xfc, 0xff, 0x3c, 0x61, 0xfa, 0xff, 0x39, 0x5c, 0xfa, 0xff, 0x5a, 
    0x7f, 0xf4, 0xff, 0x95, 0xb5, 0xef, 0xff, 0xd6, 0xf4, 0xfa, 0xff, 0xe7, 0xff, 
    0xff, 0xff, 0xdc, 0xfd, 0xfe, 0xff, 0xde, 0xff, 0xfe, 0xff, 0xde, 0xff, 0xfe, 
    0xff, 0xde, 0xff, 0xfe, 0xff, 0xde, 0xff, 0xfe, 0xff, 0xdf, 0xff, 0xfe, 0xff, 
    0xe0, 0xff, 0xfe, 0xff, 0xdf, 0xff, 0xfe, 0xff, 0xe0, 0xff, 0xfe, 0xff, 0xde, 
    0xff, 0xfe, 0xff, 0xde, 0xff, 0xfe, 0xff, 0xde, 0xff, 0xfe, 0xff, 0xdd, 0xff, 
    0xfe, 0xff, 0xdc, 0xff, 0xfe, 0xff, 0xdb, 0xfe, 0xfe, 0xff, 0xda, 0xfe, 0xfd, 
    0xff, 0xda, 0xfe, 0xfd, 0xff, 0xda, 0xfd, 0xfc, 0xff, 0xd7, 0xfc, 0xfc, 0xff, 
    0xd7, 0xfc, 0xfb, 0xff, 0xd7, 0xfc, 0xfb, 0xff, 0xd7, 0xfc, 0xfb, 0xff, 0xd7, 
    0xfc, 0xfc, 0xff, 0xda, 0xfd, 0xfc, 0xff, 0xdd, 0xfe, 0xfd, 0xff, 0xde, 0xff, 
    0xfe, 0xff, 0xdd, 0xff, 0xfe, 0xff, 0xde, 0xff, 0xfe, 0xff, 0xdf, 0xff, 0xfe, 
    0xff, 0xe0, 0xff, 0xfe, 0xff, 0xdf, 0xff, 0xfe, 0xff, 0xdf, 0xff, 0xfe, 0xff, 
    0xe0, 0xff, 0xfe, 0xff, 0xe0, 0xff, 0xfe, 0xff, 0xe0, 0xff, 0xfe, 0xff, 0xe0, 
    0xff, 0xfe, 0xff, 0xe1, 0xfe, 0xfe, 0xff, 0xe3, 0xfe, 0xfe, 0xff, 0xe4, 0xff, 
    0xfe, 0xff, 0xe1, 0xff, 0xfe, 0xff, 0xe0, 0xff, 0xfe, 0xff, 0xdf, 0xff, 0xfe, 
    0xff, 0xde, 0xfe, 0xfe, 0xff, 0xdd, 0xfe, 0xfe, 0xff, 0xe7, 0xff, 0xff, 0xff, 
    0xdf, 0xfd, 0xfb, 0xff, 0xbb, 0xdc, 0xf5, 0xff, 0x88, 0xac, 0xf5, 0xff, 0x7c, 
    0x9f, 0xf3, 0xff, 0x68, 0x90, 0xf2, 0xff, 0x61, 0x8a, 0xf1, 0xff, 0x75, 0x9d, 
    0xf2, 0xff, 0x90, 0xb4, 0xf3, 0xff, 0xad, 0xdb, 0xf8, 0xff, 0x5c, 0xc2, 0xfa, 
    0xff, 0x43, 0xb5, 0xfe, 0xff, 0x50, 0xb6, 0xfe, 0xff, 0x52, 0xb7, 0xfc, 0xff, 
    0x4e, 0xb8, 0xfd, 0xff, 0x4d, 0xae, 0xef, 0xff, 0x23, 0x34, 0x45, 0xff, 0x23, 
    0x3c, 0x4e, 0xff, 0x48, 0x8f, 0xba, 0xff, 0x5e, 0xc9, 0xff, 0xff, 0x5e, 0xcf, 
    0xff, 0xff, 0x49, 0xac, 0xf9, 0xff, 0x35, 0x8d, 0xfd, 0xff, 0x1f, 0x3d, 0x7a, 
    0xff, 0x00, 0x00, 0x00, 0xff, 0x08, 0x0b, 0x0c, 0xff, 0xe1, 0xe2, 0xe2, 0xff, 
    0xff, 0xff, 0xff, 0xff, 0xfc, 0xfd, 0xfd, 0xff, 0xfe, 0xff, 0xff, 0xff, 0xfc, 
    0xff, 0xfe, 0xff, 0xfc, 0xff, 0xfe, 0xff, 0xfc, 0xff, 0xfe, 0xff, 0xfc, 0xfe, 
    0xfe, 0xff, 0xfd, 0xff, 0xff, 0xff, 0xff, 0xff, 0xff, 0xff, 0xff, 0xff, 0xff, 
    0xff, 0xfe, 0xff, 0xff, 0xff, 0xfe, 0xff, 0xff, 0xff, 0xfe, 0xff, 0xff, 0xff, 
    0xfe, 0xff, 0xff, 0xff, 0xfc, 0xfe, 0xfe, 0xff, 0xfb, 0xff, 0xfe, 0xff, 0xfb, 
    0xfe, 0xfe, 0xff, 0xfb, 0xff, 0xfe, 0xff, 0xfd, 0xff, 0xfe, 0xff, 0xfb, 0xfc, 
    0xfc, 0xff, 0xff, 0xff, 0xff, 0xff, 0xc0, 0xc3, 0xc2, 0xff, 0x00, 0x01, 0x01, 
    0xff, 0x01, 0x00, 0x00, 0xff, 0x1e, 0x49, 0x9b, 0xff, 0x28, 0x7c, 0xff, 0xff, 
    0x3c, 0x9b, 0xf4, 0xff, 0x4f, 0xbc, 0xfa, 0xff, 0x54, 0xc5, 0xff, 0xff, 0x58, 
    0xcb, 0xff, 0xff, 0x52, 0xb6, 0xef, 0xff, 0x2f, 0x5c, 0x7a, 0xff, 0x38, 0x6d, 
    0x94, 0xff, 0x4e, 0xbe, 0xff, 0xff, 0x49, 0xb4, 0xfd, 0xff, 0x4f, 0xb8, 0xfd, 
    0xff, 0x55, 0xbf, 0xff, 0xff, 0x56, 0xbf, 0xf9, 0xff, 0x86, 0xc7, 0xf3, 0xff, 
    0x9e, 0xc5, 0xf3, 0xff, 0x82, 0xaa, 0xef, 0xff, 0x7c, 0xa2, 0xf4, 0xff, 0x82, 
    0xa6, 0xf4, 0xff, 0x99, 0xbc, 0xf5, 0xff, 0xb8, 0xd8, 0xf5, 0xff, 0xdd, 0xfb, 
    0xf9, 0xff, 0xeb, 0xff, 0xff, 0xff, 0xe1, 0xff, 0xff, 0xff, 0xdc, 0xfe, 0xfe, 
    0xff, 0xdf, 0xff, 0xfe, 0xff, 0xdf, 0xff, 0xfe, 0xff, 0xdf, 0xff, 0xfe, 0xff, 
    0xe0, 0xff, 0xfe, 0xff, 0xe0, 0xff, 0xfe, 0xff, 0xde, 0xff, 0xfe, 0xff, 0xdf, 
    0xff, 0xfe, 0xff, 0xdf, 0xff, 0xfe, 0xff, 0xdf, 0xff, 0xfe, 0xff, 0xdf, 0xff, 
    0xfe, 0xff, 0xde, 0xff, 0xfe, 0xff, 0xde, 0xff, 0xfe, 0xff, 0xde, 0xff, 0xfe, 
    0xff, 0xde, 0xff, 0xfe, 0xff, 0xdb, 0xfe, 0xfe, 0xff, 0xdc, 0xfe, 0xfe, 0xff, 
    0xdc, 0xff, 0xfe, 0xff, 0xdb, 0xff, 0xfe, 0xff, 0xdb, 0xff, 0xfe, 0xff, 0xdb, 
    0xff, 0xfe, 0xff, 0xda, 0xfe, 0xfe, 0xff, 0xda, 0xfe, 0xfe, 0xff, 0xdb, 0xff, 
    0xfe, 0xff, 0xdd, 0xff, 0xfe, 0xff, 0xde, 0xff, 0xfe, 0xff, 0xde, 0xff, 0xfe, 
    0xff, 0xde, 0xff, 0xfe, 0xff, 0xde, 0xff, 0xfe, 0xff, 0xdf, 0xff, 0xfe, 0xff, 
    0xe0, 0xff, 0xfe, 0xff, 0xe0, 0xff, 0xfe, 0xff, 0xdf, 0xff, 0xfe, 0xff, 0xdf, 
    0xff, 0xfe, 0xff, 0xe0, 0xff, 0xfe, 0xff, 0xe0, 0xff, 0xfe, 0xff, 0xe0, 0xff, 
    0xfe, 0xff, 0xe1, 0xfe, 0xfe, 0xff, 0xe2, 0xfe, 0xfe, 0xff, 0xe3, 0xfe, 0xfe, 
    0xff, 0xe1, 0xff, 0xfe, 0xff, 0xe0, 0xff, 0xfe, 0xff, 0xe0, 0xff, 0xfe, 0xff, 
    0xe0, 0xff, 0xfe, 0xff, 0xde, 0xff, 0xfe, 0xff, 0xdb, 0xfd, 0xfe, 0xff, 0xdd, 
    0xff, 0xff, 0xff, 0xe4, 0xff, 0xff, 0xff, 0xe4, 0xff, 0xfe, 0xff, 0xe6, 0xff, 
    0xfd, 0xff, 0xe0, 0xfe, 0xfc, 0xff, 0xdc, 0xf9, 0xfa, 0xff, 0xe6, 0xff, 0xfd, 
    0xff, 0xe9, 0xff, 0xfe, 0xff, 0xe5, 0xff, 0xff, 0xff, 0xbf, 0xed, 0xf9, 0xff, 
    0x74, 0xc8, 0xf5, 0xff, 0x49, 0xb5, 0xfb, 0xff, 0x51, 0xb7, 0xfd, 0xff, 0x55, 
    0xb8, 0xfb, 0xff, 0x4f, 0xb8, 0xff, 0xff, 0x50, 0xac, 0xeb, 0xff, 0x2e, 0x5c, 
    0x7e, 0xff, 0x11, 0x17, 0x1e, 0xff, 0x15, 0x23, 0x2e, 0xff, 0x36, 0x70, 0x96, 
    0xff, 0x5c, 0xbe, 0xfa, 0xff, 0x5c, 0xc1, 0xff, 0xff, 0x14, 0x20, 0x2a, 0xff, 
    0x00, 0x00, 0x00, 0xff, 0x3f, 0x42, 0x42, 0xff, 0xff, 0xff, 0xff, 0xff, 0xfc, 
    0xfd, 0xfd, 0xff, 0xfe, 0xff, 0xff, 0xff, 0xfe, 0xff, 0xff, 0xff, 0xfd, 0xff, 
    0xff, 0xff, 0xfc, 0xff, 0xfe, 0xff, 0xfd, 0xff, 0xfe, 0xff, 0xfd, 0xff, 0xff, 
    0xff, 0xfd, 0xff, 0xff, 0xff, 0xff, 0xff, 0xff, 0xff, 0xff, 0xff, 0xff, 0xff, 
    0xfe, 0xff, 0xff, 0xff, 0xfe, 0xff, 0xff, 0xff, 0xfe, 0xff, 0xff, 0xff, 0xfd, 
    0xff, 0xff, 0xff, 0xfc, 0xfe, 0xfe, 0xff, 0xfa, 0xff, 0xfe, 0xff, 0xfa, 0xff, 
    0xfe, 0xff, 0xfb, 0xff, 0xfe, 0xff, 0xfe, 0xff, 0xff, 0xff, 0xfd, 0xfe, 0xfe, 
    0xff, 0xfe, 0xfe, 0xfe, 0xff, 0xf8, 0xf8, 0xf9, 0xff, 0x23, 0x27, 0x27, 0xff, 
    0x01, 0x01, 0x01, 0xff, 0x17, 0x2c, 0x47, 0xff, 0x50, 0xbb, 0xff, 0xff, 0x52, 
    0xc4, 0xff, 0xff, 0x5a, 0xcd, 0xff, 0xff, 0x54, 0xb5, 0xec, 0xff, 0x2e, 0x5c, 
    0x78, 0xff, 0x12, 0x1a, 0x23, 0xff, 0x1f, 0x3f, 0x56, 0xff, 0x43, 0xa5, 0xe0, 
    0xff, 0x4b, 0xb9, 0xfc, 0xff, 0x54, 0xba, 0xfa, 0xff, 0x63, 0xc7, 0xfc, 0xff, 
    0x64, 0xc5, 0xfa, 0xff, 0x86, 0xd2, 0xf6, 0xff, 0xd6, 0xfc, 0xfd, 0xff, 0xe8, 
    0xff, 0xff, 0xff, 0xe6, 0xff, 0xfd, 0xff, 0xe8, 0xff, 0xfe, 0xff, 0xe9, 0xff, 
    0xfe, 0xff, 0xe8, 0xff, 0xff, 0xff, 0xe6, 0xff, 0xff, 0xff, 0xe0, 0xff, 0xff, 
    0xff, 0xdd, 0xfd, 0xfe, 0xff, 0xdf, 0xfe, 0xfe, 0xff, 0xe0, 0xff, 0xfe, 0xff, 
    0xe0, 0xff, 0xfe, 0xff, 0xdf, 0xff, 0xfe, 0xff, 0xe0, 0xff, 0xfe, 0xff, 0xde, 
    0xff, 0xfe, 0xff, 0xdf, 0xff, 0xfe, 0xff, 0xdd, 0xff, 0xfe, 0xff, 0xdf, 0xff, 
    0xfe, 0xff, 0xdf, 0xff, 0xfe, 0xff, 0xde, 0xff, 0xfe, 0xff, 0xdf, 0xff, 0xfe, 
    0xff, 0xde, 0xff, 0xfe, 0xff, 0xde, 0xff, 0xfe, 0xff, 0xdf, 0xff, 0xfe, 0xff, 
    0xdf, 0xff, 0xfe, 0xff, 0xdb, 0xff, 0xfe, 0xff, 0xdc, 0xff, 0xfe, 0xff, 0xde, 
    0xff, 0xfe, 0xff, 0xdd, 0xff, 0xfe, 0xff, 0xdc, 0xff, 0xfe, 0xff, 0xdb, 0xff, 
    0xfd, 0xff, 0xda, 0xff, 0xfe, 0xff, 0xd9, 0xff, 0xfe, 0xff, 0xdc, 0xff, 0xfe, 
    0xff, 0xde, 0xff, 0xfe, 0xff, 0xdf, 0xff, 0xfe, 0xff, 0xe0, 0xff, 0xfe, 0xff, 
    0xe0, 0xff, 0xfe, 0xff, 0xe0, 0xff, 0xfe, 0xff, 0xdf, 0xff, 0xfe, 0xff, 0xdf, 
    0xff, 0xfe, 0xff, 0xdf, 0xff, 0xfe, 0xff, 0xde, 0xff, 0xfe, 0xff, 0xdf, 0xff, 
    0xfe, 0xff, 0xde, 0xff, 0xfe, 0xff, 0xdf, 0xff, 0xfe, 0xff, 0xe0, 0xff, 0xfe, 
    0xff, 0xe1, 0xff, 0xfe, 0xff, 0xe2, 0xfe, 0xfe, 0xff, 0xe2, 0xfe, 0xfe, 0xff, 
    0xe2, 0xff, 0xfe, 0xff, 0xe0, 0xff, 0xfe, 0xff, 0xe0, 0xff, 0xfe, 0xff, 0xe0, 
    0xff, 0xfe, 0xff, 0xde, 0xff, 0xfe, 0xff, 0xde, 0xff, 0xfe, 0xff, 0xde, 0xff, 
    0xfe, 0xff, 0xdd, 0xfe, 0xfe, 0xff, 0xda, 0xfd, 0xfe, 0xff, 0xdc, 0xfd, 0xfe, 
    0xff, 0xe1, 0xff, 0xff, 0xff, 0xe3, 0xff, 0xff, 0xff, 0xdf, 0xfe, 0xfe, 0xff, 
    0xde, 0xfd, 0xfe, 0xff, 0xdd, 0xfd, 0xfe, 0xff, 0xe5, 0xff, 0xff, 0xff, 0xde, 
    0xfd, 0xfc, 0xff, 0x8d, 0xd6, 0xf4, 0xff, 0x55, 0xbb, 0xf8, 0xff, 0x50, 0xb6, 
    0xfc, 0xff, 0x56, 0xb9, 0xfc, 0xff, 0x56, 0xba, 0xfe, 0xff, 0x5b, 0xc8, 0xff, 
    0xff, 0x4e, 0xb0, 0xf3, 0xff, 0x32, 0x66, 0x8e, 0xff, 0x0c, 0x10, 0x16, 0xff, 
    0x11, 0x17, 0x1d, 0xff, 0x2b, 0x49, 0x62, 0xff, 0x04, 0x05, 0x04, 0xff, 0x01, 
    0x02, 0x01, 0xff, 0xa4, 0xa6, 0xa5, 0xff, 0xfc, 0xfc, 0xfc, 0xff, 0xf9, 0xfa, 
    0xfa, 0xff, 0xff, 0xff, 0xff, 0xff, 0xfe, 0xff, 0xff, 0xff, 0xfe, 0xff, 0xff, 
    0xff, 0xfc, 0xfe, 0xfe, 0xff, 0xfc, 0xfe, 0xfe, 0xff, 0xfc, 0xfe, 0xfe, 0xff, 
    0xfe, 0xff, 0xff, 0xff, 0xff, 0xff, 0xff, 0xff, 0xff, 0xff, 0xff, 0xff, 0xfe, 
    0xff, 0xff, 0xff, 0xfe, 0xff, 0xff, 0xff, 0xfe, 0xff, 0xff, 0xff, 0xfc, 0xff, 
    0xfe, 0xff, 0xfb, 0xff, 0xfe, 0xff, 0xfa, 0xff, 0xfe, 0xff, 0xfb, 0xff, 0xfe, 
    0xff, 0xfb, 0xff, 0xfe, 0xff, 0xfc, 0xfe, 0xfe, 0xff, 0xfe, 0xff, 0xff, 0xff, 
    0xfa, 0xfb, 0xfb, 0xff, 0xff, 0xff, 0xff, 0xff, 0x82, 0x84, 0x84, 0xff, 0x00, 
    0x00, 0x00, 0xff, 0x09, 0x0a, 0x09, 0xff, 0x4e, 0xa1, 0xda, 0xff, 0x53, 0xbc, 
    0xf5, 0xff, 0x30, 0x5e, 0x77, 0xff, 0x0e, 0x12, 0x17, 0xff, 0x18, 0x2f, 0x42, 
    0xff, 0x40, 0x92, 0xc7, 0xff, 0x4e, 0xc2, 0xff, 0xff, 0x4a, 0xb9, 0xff, 0xff, 
    0x53, 0xb8, 0xf9, 0xff, 0x63, 0xc4, 0xf9, 0xff, 0x79, 0xd0, 0xf5, 0xff, 0xac, 
    0xe6, 0xf7, 0xff, 0xde, 0xfd, 0xfd, 0xff, 0xdf, 0xff, 0xfe, 0xff, 0xda, 0xfd, 
    0xfe, 0xff, 0xdc, 0xfe, 0xfe, 0xff, 0xdc, 0xfd, 0xfe, 0xff, 0xdb, 0xfd, 0xfe, 
    0xff, 0xdb, 0xfd, 0xfe, 0xff, 0xdd, 0xfd, 0xfe, 0xff, 0xdf, 0xfe, 0xfe, 0xff, 
    0xe0, 0xff, 0xfe, 0xff, 0xdf, 0xff, 0xfe, 0xff, 0xe0, 0xff, 0xfe, 0xff, 0xe0, 
    0xff, 0xfe, 0xff, 0xe0, 0xff, 0xfe, 0xff, 0xe0, 0xff, 0xfe, 0xff, 0xdf, 0xff, 
    0xfe, 0xff, 0xde, 0xff, 0xfe, 0xff, 0xde, 0xff, 0xfe, 0xff, 0xe0, 0xff, 0xfe, 
    0xff, 0xe1, 0xff, 0xfe, 0xff, 0xdf, 0xff, 0xfe, 0xff, 0xdf, 0xff, 0xfe, 0xff, 
    0xdf, 0xff, 0xfe, 0xff, 0xdf, 0xff, 0xfe, 0xff, 0xdf, 0xff, 0xfe, 0xff, 0xde, 
    0xff, 0xfe, 0xff, 0xdd, 0xff, 0xfe, 0xff, 0xdc, 0xfe, 0xfe, 0xff, 0xdc, 0xff, 
    0xfe, 0xff, 0xdc, 0xff, 0xfe, 0xff, 0xdb, 0xfe, 0xfe, 0xff, 0xdb, 0xff, 0xfe, 
    0xff, 0xdd, 0xff, 0xfe, 0xff, 0xdc, 0xff, 0xfe, 0xff, 0xdc, 0xff, 0xfe, 0xff, 
    0xdf, 0xff, 0xfe, 0xff, 0xe1, 0xff, 0xfe, 0xff, 0xe0, 0xff, 0xfe, 0xff, 0xe0, 
    0xff, 0xfe, 0xff, 0xe1, 0xff, 0xfe, 0xff, 0xdf, 0xff, 0xfe, 0xff, 0xdd, 0xff, 
    0xfe, 0xff, 0xdd, 0xff, 0xfe, 0xff, 0xde, 0xff, 0xfe, 0xff, 0xdf, 0xff, 0xfe, 
    0xff, 0xde, 0xff, 0xfe, 0xff, 0xdf, 0xff, 0xfe, 0xff, 0xe0, 0xff, 0xfe, 0xff, 
    0xe2, 0xfe, 0xfe, 0xff, 0xe1, 0xff, 0xfe, 0xff, 0xe1, 0xff, 0xfe, 0xff, 0xe1, 
    0xff, 0xfe, 0xff, 0xe1, 0xff, 0xfe, 0xff, 0xe0, 0xff, 0xfe, 0xff, 0xe0, 0xff, 
    0xfe, 0xff, 0xdf, 0xff, 0xfe, 0xff, 0xdf, 0xff, 0xfe, 0xff, 0xdf, 0xff, 0xfe, 
    0xff, 0xe0, 0xff, 0xfe, 0xff, 0xe0, 0xff, 0xfe, 0xff, 0xe0, 0xff, 0xfe, 0xff, 
    0xe2, 0xfe, 0xfe, 0xff, 0xe3, 0xfe, 0xfe, 0xff, 0xe2, 0xfe, 0xfe, 0xff, 0xe1, 
    0xff, 0xfe, 0xff, 0xe0, 0xff, 0xfe, 0xff, 0xde, 0xfe, 0xfe, 0xff, 0xde, 0xff, 
    0xff, 0xff, 0xe0, 0xff, 0xfc, 0xff, 0xba, 0xeb, 0xf8, 0xff, 0x63, 0xbe, 0xf5, 
    0xff, 0x49, 0xb1, 0xf9, 0xff, 0x59, 0xbb, 0xfa, 0xff, 0x5b, 0xbb, 0xf7, 0xff, 
    0x5e, 0xbf, 0xfc, 0xff, 0x53, 0xbd, 0xff, 0xff, 0x4b, 0xa6, 0xf5, 0xff, 0x30, 
    0x61, 0x90, 0xff, 0x04, 0x06, 0x07, 0xff, 0x01, 0x02, 0x02, 0xff, 0x05, 0x07, 
    0x06, 0xff, 0xcf, 0xd3, 0xd3, 0xff, 0xff, 0xff, 0xff, 0xff, 0xff, 0xff, 0xff, 
    0xff, 0xfb, 0xfc, 0xfc, 0xff, 0xfe, 0xff, 0xff, 0xff, 0xfe, 0xff, 0xff, 0xff, 
    0xfe, 0xff, 0xff, 0xff, 0xfd, 0xff, 0xff, 0xff, 0xfc, 0xff, 0xff, 0xff, 0xfe, 
    0xff, 0xff, 0xff, 0xff, 0xff, 0xff, 0xff, 0xff, 0xff, 0xff, 0xff, 0xfe, 0xff, 
    0xff, 0xff, 0xfe, 0xff, 0xff, 0xff, 0xfe, 0xff, 0xff, 0xff, 0xfd, 0xff, 0xfe, 
    0xff, 0xfb, 0xff, 0xfe, 0xff, 0xfa, 0xff, 0xfe, 0xff, 0xfb, 0xff, 0xfe, 0xff, 
    0xfb, 0xff, 0xfe, 0xff, 0xfb, 0xff, 0xfe, 0xff, 0xfe, 0xff, 0xff, 0xff, 0xfd, 
    0xfe, 0xfe, 0xff, 0xfc, 0xfc, 0xfc, 0xff, 0xe8, 0xe9, 0xe9, 0xff, 0x18, 0x1b, 
    0x1a, 0xff, 0x00, 0x00, 0x00, 0xff, 0x1c, 0x30, 0x3e, 0xff, 0x11, 0x1a, 0x21, 
    0xff, 0x0f, 0x1c, 0x2a, 0xff, 0x37, 0x81, 0xb4, 0xff, 0x4e, 0xbe, 0xff, 0xff, 
    0x4a, 0xbe, 0xff, 0xff, 0x55, 0xbd, 0xfa, 0xff, 0x62, 0xc3, 0xf9, 0xff, 0x68, 
    0xc6, 0xf8, 0xff, 0x72, 0xca, 0xf5, 0xff, 0xb9, 0xeb, 0xf9, 0xff, 0xe2, 0xff, 
    0xfe, 0xff, 0xdb, 0xfe, 0xfe, 0xff, 0xdb, 0xfe, 0xfe, 0xff, 0xdc, 0xff, 0xfe, 
    0xff, 0xde, 0xff, 0xfe, 0xff, 0xdf, 0xff, 0xfe, 0xff, 0xde, 0xff, 0xfe, 0xff, 
    0xdf, 0xff, 0xfe, 0xff, 0xe0, 0xff, 0xfe, 0xff, 0xe0, 0xff, 0xfe, 0xff, 0xe0, 
    0xff, 0xfe, 0xff, 0xe0, 0xff, 0xfe, 0xff, 0xe1, 0xff, 0xfe, 0xff, 0xe1, 0xff, 
    0xfe, 0xff, 0xe0, 0xff, 0xfe, 0xff, 0xe0, 0xff, 0xfe, 0xff, 0xdf, 0xff, 0xfe, 
    0xff, 0xdf, 0xff, 0xfe, 0xff, 0xde, 0xff, 0xfe, 0xff, 0xde, 0xff, 0xfe, 0xff, 
    0xe0, 0xff, 0xfe, 0xff, 0xe0, 0xff, 0xfe, 0xff, 0xe0, 0xff, 0xfe, 0xff, 0xdf, 
    0xff, 0xfe, 0xff, 0xe0, 0xff, 0xfe, 0xff, 0xe0, 0xff, 0xfe, 0xff, 0xdf, 0xff, 
    0xfe, 0xff, 0xde, 0xff, 0xfe, 0xff, 0xdd, 0xff, 0xfe, 0xff, 0xdc, 0xff, 0xfe, 
    0xff, 0xdd, 0xff, 0xfe, 0xff, 0xdd, 0xff, 0xfe, 0xff, 0xdd, 0xff, 0xfe, 0xff, 
    0xde, 0xff, 0xfe, 0xff, 0xdd, 0xff, 0xfe, 0xff, 0xdd, 0xff, 0xfe, 0xff, 0xdf, 
    0xff, 0xfe, 0xff, 0xe1, 0xff, 0xfe, 0xff, 0xe1, 0xff, 0xfe, 0xff, 0xe1, 0xff, 
    0xfe, 0xff, 0xe1, 0xff, 0xfe, 0xff, 0xdf, 0xff, 0xfe, 0xff, 0xdd, 0xff, 0xfe, 
    0xff, 0xdf, 0xff, 0xfe, 0xff, 0xde, 0xff, 0xfe, 0xff, 0xde, 0xff, 0xfe, 0xff, 
    0xde, 0xff, 0xfe, 0xff, 0xde, 0xff, 0xfe, 0xff, 0xde, 0xff, 0xfe, 0xff, 0xdf, 
    0xff, 0xfe, 0xff, 0xdf, 0xff, 0xfe, 0xff, 0xe0, 0xff, 0xfe, 0xff, 0xe1, 0xff, 
    0xfe, 0xff, 0xe2, 0xfe, 0xfe, 0xff, 0xe2, 0xfe, 0xfe, 0xff, 0xe1, 0xff, 0xfe, 
    0xff, 0xe1, 0xff, 0xfe, 0xff, 0xe1, 0xfe, 0xfe, 0xff, 0xe0, 0xff, 0xfe, 0xff, 
    0xe1, 0xff, 0xfe, 0xff, 0xe0, 0xff, 0xfe, 0xff, 0xe1, 0xff, 0xfe, 0xff, 0xe4, 
    0xff, 0xfe, 0xff, 0xe5, 0xff, 0xff, 0xff, 0xe5, 0xff, 0xfe, 0xff, 0xe5, 0xff, 
    0xfe, 0xff, 0xe1, 0xfe, 0xfe, 0xff, 0xe0, 0xff, 0xfe, 0xff, 0xdd, 0xff, 0xfe, 
    0xff, 0xdc, 0xfe, 0xfe, 0xff, 0xe3, 0xff, 0xff, 0xff, 0xd4, 0xf8, 0xfb, 0xff, 
    0x81, 0xca, 0xf3, 0xff, 0x57, 0xbc, 0xf8, 0xff, 0x5f, 0xc2, 0xfc, 0xff, 0x5d, 
    0xc0, 0xf9, 0xff, 0x69, 0xc4, 0xf3, 0xff, 0x4e, 0xb5, 0xff, 0xff, 0x46, 0x9d, 
    0xec, 0xff, 0x0a, 0x10, 0x14, 0xff, 0x00, 0x00, 0x00, 0xff, 0x13, 0x15, 0x15, 
    0xff, 0x09, 0x0b, 0x0b, 0xff, 0x6c, 0x6d, 0x6d, 0xff, 0xeb, 0xec, 0xed, 0xff, 
    0xff, 0xff, 0xff, 0xff, 0xfc, 0xfd, 0xfd, 0xff, 0xff, 0xff, 0xff, 0xff, 0xfe, 
    0xff, 0xff, 0xff, 0xfd, 0xff, 0xff, 0xff, 0xfc, 0xff, 0xfe, 0xff, 0xfe, 0xff, 
    0xff, 0xff, 0xff, 0xff, 0xff, 0xff, 0xff, 0xff, 0xff, 0xff, 0xfe, 0xff, 0xff, 
    0xff, 0xfe, 0xff, 0xff, 0xff, 0xfe, 0xff, 0xff, 0xff, 0xfb, 0xfe, 0xfe, 0xff, 
    0xfb, 0xff, 0xfe, 0xff, 0xfa, 0xff, 0xfe, 0xff, 0xf9, 0xff, 0xfe, 0xff, 0xfb, 
    0xff, 0xfe, 0xff, 0xfe, 0xff, 0xff, 0xff, 0xfd, 0xfe, 0xfe, 0xff, 0xfb, 0xfc, 
    0xfc, 0xff, 0xff, 0xff, 0xff, 0xff, 0xff, 0xff, 0xff, 0xff, 0x3e, 0x40, 0x40, 
    0xff, 0x00, 0x00, 0x00, 0xff, 0x00, 0x00, 0x00, 0xff, 0x2e, 0x5e, 0x80, 0xff, 
    0x50, 0xbe, 0xff, 0xff, 0x4b, 0xbd, 0xff, 0xff, 0x44, 0xb2, 0xfc, 0xff, 0x51, 
    0xbc, 0xfb, 0xff, 0x66, 0xc8, 0xf9, 0xff, 0x65, 0xc6, 0xf7, 0xff, 0x7e, 0xcf, 
    0xf4, 0xff, 0xc0, 0xee, 0xf9, 0xff, 0xe0, 0xff, 0xff, 0xff, 0xd8, 0xfd, 0xfe, 
    0xff, 0xdc, 0xfe, 0xfe, 0xff, 0xdd, 0xff, 0xfe, 0xff, 0xdc, 0xff, 0xfe, 0xff, 
    0xe0, 0xff, 0xfe, 0xff, 0xdf, 0xff, 0xfe, 0xff, 0xdc, 0xff, 0xfe, 0xff, 0xdf, 
    0xff, 0xfe, 0xff, 0xdf, 0xff, 0xfe, 0xff, 0xdf, 0xff, 0xfe, 0xff, 0xdf, 0xff, 
    0xfe, 0xff, 0xdf, 0xff, 0xfe, 0xff, 0xe0, 0xff, 0xfe, 0xff, 0xdf, 0xff, 0xfe, 
    0xff, 0xde, 0xff, 0xfe, 0xff, 0xdf, 0xff, 0xfe, 0xff, 0xdf, 0xff, 0xfe, 0xff, 
    0xde, 0xff, 0xfe, 0xff, 0xdd, 0xff, 0xfe, 0xff, 0xdb, 0xff, 0xfe, 0xff, 0xde, 
    0xff, 0xfe, 0xff, 0xdf, 0xff, 0xfe, 0xff, 0xe0, 0xff, 0xfe, 0xff, 0xe0, 0xff, 
    0xfe, 0xff, 0xe0, 0xff, 0xfe, 0xff, 0xdf, 0xff, 0xfe, 0xff, 0xdf, 0xff, 0xfe, 
    0xff, 0xde, 0xff, 0xfe, 0xff, 0xde, 0xff, 0xfe, 0xff, 0xde, 0xff, 0xfe, 0xff, 
    0xdf, 0xff, 0xfe, 0xff, 0xdf, 0xff, 0xfe, 0xff, 0xde, 0xff, 0xfe, 0xff, 0xde, 
    0xff, 0xfe, 0xff, 0xdf, 0xff, 0xfe, 0xff, 0xdf, 0xff, 0xfe, 0xff, 0xe0, 0xff, 
    0xfe, 0xff, 0xe0, 0xff, 0xfe, 0xff, 0xe1, 0xff, 0xfe, 0xff, 0xe0, 0xff, 0xfe, 
    0xff, 0xdf, 0xff, 0xfe, 0xff, 0xdf, 0xff, 0xfe, 0xff, 0xde, 0xff, 0xfe, 0xff, 
    0xdd, 0xff, 0xfe, 0xff, 0xde, 0xff, 0xfe, 0xff, 0xdd, 0xff, 0xfe, 0xff, 0xdd, 
    0xff, 0xfe, 0xff, 0xde, 0xff, 0xfe, 0xff, 0xde, 0xff, 0xfe, 0xff, 0xde, 0xff, 
    0xfe, 0xff, 0xdc, 0xff, 0xfe, 0xff, 0xde, 0xff, 0xfe, 0xff, 0xdf, 0xff, 0xfe, 
    0xff, 0xe1, 0xfe, 0xfe, 0xff, 0xe2, 0xfe, 0xfe, 0xff, 0xe0, 0xff, 0xfe, 0xff, 
    0xe1, 0xff, 0xfe, 0xff, 0xe0, 0xff, 0xfe, 0xff, 0xdf, 0xff, 0xfe, 0xff, 0xdf, 
    0xff, 0xfe, 0xff, 0xe0, 0xff, 0xfe, 0xff, 0xe0, 0xff, 0xfe, 0xff, 0xe2, 0xff, 
    0xfe, 0xff, 0xe4, 0xff, 0xff, 0xff, 0xe5, 0xff, 0xfe, 0xff, 0xe4, 0xff, 0xfe, 
    0xff, 0xe3, 0xfe, 0xfe, 0xff, 0xdf, 0xff, 0xfe, 0xff, 0xdc, 0xff, 0xfe, 0xff, 
    0xdd, 0xff, 0xfe, 0xff, 0xdb, 0xfe, 0xfe, 0xff, 0xdf, 0xff, 0xff, 0xff, 0xe1, 
    0xff, 0xfc, 0xff, 0xab, 0xe3, 0xf7, 0xff, 0x6f, 0xca, 0xf8, 0xff, 0x5a, 0xc1, 
    0xfb, 0xff, 0x5e, 0xbe, 0xf7, 0xff, 0x69, 0xcd, 0xff, 0xff, 0x28, 0x45, 0x5b, 
    0xff, 0x00, 0x00, 0x00, 0xff, 0x06, 0x08, 0x07, 0xff, 0xcf, 0xd1, 0xd1, 0xff, 
    0xa9, 0xab, 0xaa, 0xff, 0x1a, 0x1b, 0x1b, 0xff, 0x0d, 0x0f, 0x0f, 0xff, 0xa4, 
    0xa6, 0xa6, 0xff, 0xff, 0xff, 0xff, 0xff, 0xfd, 0xfd, 0xfd, 0xff, 0xfe, 0xff, 
    0xff, 0xff, 0xfe, 0xff, 0xff, 0xff, 0xfd, 0xff, 0xff, 0xff, 0xfe, 0xff, 0xff, 
    0xff, 0xff, 0xff, 0xff, 0xff, 0xff, 0xff, 0xff, 0xff, 0xfe, 0xff, 0xff, 0xff, 
    0xfe, 0xff, 0xff, 0xff, 0xfe, 0xff, 0xff, 0xff, 0xfb, 0xfe, 0xfe, 0xff, 0xf9, 
    0xff, 0xfe, 0xff, 0xfa, 0xff, 0xfe, 0xff, 0xfb, 0xfe, 0xfe, 0xff, 0xfc, 0xff, 
    0xfe, 0xff, 0xfd, 0xfd, 0xfd, 0xff, 0xff, 0xff, 0xff, 0xff, 0xff, 0xff, 0xff, 
    0xff, 0xc1, 0xc3, 0xc3, 0xff, 0x2c, 0x2e, 0x2d, 0xff, 0x24, 0x25, 0x24, 0xff, 
    0x0d, 0x0f, 0x0f, 0xff, 0x02, 0x03, 0x03, 0xff, 0x2b, 0x5a, 0x76, 0xff, 0x4b, 
    0xc3, 0xff, 0xff, 0x41, 0xb0, 0xf8, 0xff, 0x54, 0xc0, 0xfc, 0xff, 0x5a, 0xc0, 
    0xfa, 0xff, 0x51, 0xb8, 0xf8, 0xff, 0x8e, 0xd8, 0xf5, 0xff, 0xd5, 0xf9, 0xfb, 
    0xff, 0xe2, 0xff, 0xfe, 0xff, 0xda, 0xfd, 0xfe, 0xff, 0xdc, 0xff, 0xfe, 0xff, 
    0xda, 0xff, 0xfd, 0xff, 0xda, 0xff, 0xfd, 0xff, 0xdc, 0xff, 0xfe, 0xff, 0xe0, 
    0xff, 0xfe, 0xff, 0xdf, 0xff, 0xfe, 0xff, 0xde, 0xff, 0xfe, 0xff, 0xdd, 0xff, 
    0xfe, 0xff, 0xdf, 0xff, 0xfe, 0xff, 0xdf, 0xff, 0xfe, 0xff, 0xde, 0xff, 0xfe, 
    0xff, 0xde, 0xff, 0xfe, 0xff, 0xdd, 0xff, 0xfe, 0xff, 0xdd, 0xff, 0xfe, 0xff, 
    0xdc, 0xff, 0xfe, 0xff, 0xdb, 0xff, 0xfe, 0xff, 0xdb, 0xfe, 0xfe, 0xff, 0xdd, 
    0xff, 0xfe, 0xff, 0xdb, 0xff, 0xfe, 0xff, 0xdd, 0xff, 0xfe, 0xff, 0xdd, 0xff, 
    0xfe, 0xff, 0xdf, 0xff, 0xfe, 0xff, 0xdf, 0xff, 0xfe, 0xff, 0xe0, 0xff, 0xfe, 
    0xff, 0xdf, 0xff, 0xfe, 0xff, 0xdf, 0xff, 0xfe, 0xff, 0xdf, 0xff, 0xfe, 0xff, 
    0xdf, 0xff, 0xfe, 0xff, 0xde, 0xff, 0xfe, 0xff, 0xde, 0xff, 0xfe, 0xff, 0xe0, 
    0xff, 0xfe, 0xff, 0xe0, 0xff, 0xfe, 0xff, 0xdf, 0xff, 0xfe, 0xff, 0xdf, 0xff, 
    0xfe, 0xff, 0xe0, 0xff, 0xfe, 0xff, 0xe0, 0xff, 0xfe, 0xff, 0xe0, 0xff, 0xfe, 
    0xff, 0xe0, 0xff, 0xfe, 0xff, 0xe0, 0xff, 0xfe, 0xff, 0xe0, 0xff, 0xfe, 0xff, 
    0xde, 0xff, 0xfe, 0xff, 0xde, 0xff, 0xfe, 0xff, 0xde, 0xff, 0xfe, 0xff, 0xdd, 
    0xff, 0xfe, 0xff, 0xde, 0xff, 0xfe, 0xff, 0xde, 0xff, 0xfe, 0xff, 0xdd, 0xff, 
    0xfe, 0xff, 0xdd, 0xff, 0xfe, 0xff, 0xdf, 0xff, 0xfe, 0xff, 0xde, 0xff, 0xfe, 
    0xff, 0xdc, 0xff, 0xfe, 0xff, 0xdd, 0xff, 0xfe, 0xff, 0xde, 0xff, 0xfe, 0xff, 
    0xdf, 0xff, 0xfe, 0xff, 0xe1, 0xff, 0xfe, 0xff, 0xe0, 0xff, 0xfe, 0xff, 0xdf, 
    0xff, 0xfe, 0xff, 0xdd, 0xff, 0xfe, 0xff, 0xde, 0xff, 0xfe, 0xff, 0xdd, 0xff, 
    0xfe, 0xff, 0xde, 0xff, 0xfe, 0xff, 0xde, 0xff, 0xfe, 0xff, 0xdf, 0xff, 0xfe, 
    0xff, 0xe2, 0xff, 0xfe, 0xff, 0xe4, 0xfe, 0xfe, 0xff, 0xe3, 0xfe, 0xfe, 0xff, 
    0xe1, 0xff, 0xfe, 0xff, 0xde, 0xff, 0xfe, 0xff, 0xdc, 0xff, 0xfe, 0xff, 0xdc, 
    0xff, 0xfe, 0xff, 0xde, 0xff, 0xfe, 0xff, 0xdd, 0xff, 0xfe, 0xff, 0xdb, 0xfe, 
    0xfe, 0xff, 0xe4, 0xff, 0xff, 0xff, 0xd7, 0xfa, 0xfc, 0xff, 0xa0, 0xde, 0xf7, 
    0xff, 0x5b, 0xbf, 0xff, 0xff, 0x49, 0x90, 0xc1, 0xff, 0x08, 0x06, 0x03, 0xff, 
    0x00, 0x00, 0x00, 0xff, 0x67, 0x6a, 0x69, 0xff, 0xff, 0xff, 0xff, 0xff, 0xff, 
    0xff, 0xff, 0xff, 0xf9, 0xfa, 0xf9, 0xff, 0x80, 0x83, 0x82, 0xff, 0x00, 0x00, 
    0x00, 0xff, 0x71, 0x74, 0x74, 0xff, 0xff, 0xff, 0xff, 0xff, 0xfb, 0xfc, 0xfc, 
    0xff, 0xfe, 0xff, 0xff, 0xff, 0xff, 0xff, 0xff, 0xff, 0xfe, 0xff, 0xff, 0xff, 
    0xff, 0xff, 0xff, 0xff, 0xff, 0xff, 0xff, 0xff, 0xfe, 0xff, 0xff, 0xff, 0xfe, 
    0xff, 0xff, 0xff, 0xfe, 0xff, 0xff, 0xff, 0xfb, 0xff, 0xfe, 0xff, 0xfa, 0xff, 
    0xfe, 0xff, 0xf9, 0xff, 0xfe, 0xff, 0xfc, 0xff, 0xfe, 0xff, 0xfd, 0xfe, 0xfe, 
    0xff, 0xff, 0xff, 0xff, 0xff, 0xf2, 0xf3, 0xf3, 0xff, 0x5f, 0x61, 0x61, 0xff, 
    0x0b, 0x0c, 0x0c, 0xff, 0x6d, 0x6e, 0x6e, 0xff, 0xf3, 0xf3, 0xf3, 0xff, 0x70, 
    0x72, 0x71, 0xff, 0x00, 0x00, 0x00, 0xff, 0x07, 0x06, 0x03, 0xff, 0x49, 0x9a, 
    0xca, 0xff, 0x5e, 0xcb, 0xff, 0xff, 0x57, 0xbc, 0xf8, 0xff, 0x4e, 0xb9, 0xfc, 
    0xff, 0x9c, 0xdd, 0xf7, 0xff, 0xdf, 0xfd, 0xfb, 0xff, 0xe3, 0xff, 0xff, 0xff, 
    0xdf, 0xfe, 0xfe, 0xff, 0xe0, 0xff, 0xfe, 0xff, 0xde, 0xff, 0xfe, 0xff, 0xdb, 
    0xfe, 0xfe, 0xff, 0xda, 0xfe, 0xfd, 0xff, 0xdd, 0xff, 0xfe, 0xff, 0xe0, 0xff, 
    0xfe, 0xff, 0xdf, 0xff, 0xfe, 0xff, 0xdd, 0xff, 0xfe, 0xff, 0xdb, 0xfe, 0xfe, 
    0xff, 0xde, 0xff, 0xfe, 0xff, 0xdf, 0xff, 0xfe, 0xff, 0xde, 0xff, 0xfe, 0xff, 
    0xdd, 0xff, 0xfe, 0xff, 0xdc, 0xff, 0xfe, 0xff, 0xdd, 0xff, 0xfe, 0xff, 0xdc, 
    0xff, 0xfe, 0xff, 0xdc, 0xfe, 0xfe, 0xff, 0xdc, 0xfe, 0xfe, 0xff, 0xdd, 0xff, 
    0xfe, 0xff, 0xdc, 0xff, 0xfe, 0xff, 0xde, 0xff, 0xfe, 0xff, 0xde, 0xff, 0xfe, 
    0xff, 0xdf, 0xff, 0xfe, 0xff, 0xdf, 0xff, 0xfe, 0xff, 0xdf, 0xff, 0xfe, 0xff, 
    0xe0, 0xff, 0xfe, 0xff, 0xe0, 0xff, 0xfe, 0xff, 0xdf, 0xff, 0xfe, 0xff, 0xdf, 
    0xff, 0xfe, 0xff, 0xdf, 0xff, 0xfe, 0xff, 0xde, 0xff, 0xfe, 0xff, 0xe0, 0xff, 
    0xfe, 0xff, 0xdf, 0xff, 0xfe, 0xff, 0xdf, 0xff, 0xfe, 0xff, 0xe0, 0xff, 0xfe, 
    0xff, 0xe1, 0xff, 0xfe, 0xff, 0xe0, 0xff, 0xfe, 0xff, 0xe0, 0xff, 0xfe, 0xff, 
    0xdf, 0xff, 0xfe, 0xff, 0xdf, 0xff, 0xfe, 0xff, 0xdf, 0xff, 0xfe, 0xff, 0xde, 
    0xff, 0xfe, 0xff, 0xde, 0xff, 0xfe, 0xff, 0xde, 0xff, 0xfe, 0xff, 0xe0, 0xff, 
    0xfe, 0xff, 0xdf, 0xff, 0xfe, 0xff, 0xde, 0xff, 0xfe, 0xff, 0xdf, 0xff, 0xfe, 
    0xff, 0xde, 0xff, 0xfe, 0xff, 0xde, 0xff, 0xfe, 0xff, 0xde, 0xff, 0xfe, 0xff, 
    0xdb, 0xff, 0xfd, 0xff, 0xdc, 0xff, 0xfe, 0xff, 0xde, 0xff, 0xfe, 0xff, 0xde, 
    0xff, 0xfe, 0xff, 0xdd, 0xff, 0xfe, 0xff, 0xdf, 0xff, 0xfe, 0xff, 0xde, 0xff, 
    0xfe, 0xff, 0xdd, 0xff, 0xfe, 0xff, 0xde, 0xff, 0xfe, 0xff, 0xdf, 0xff, 0xfe, 
    0xff, 0xde, 0xff, 0xfe, 0xff, 0xdc, 0xff, 0xfe, 0xff, 0xde, 0xff, 0xfe, 0xff, 
    0xdf, 0xff, 0xfe, 0xff, 0xe0, 0xff, 0xfe, 0xff, 0xe0, 0xff, 0xfe, 0xff, 0xe0, 
    0xff, 0xfe, 0xff, 0xe1, 0xfe, 0xfe, 0xff, 0xe0, 0xff, 0xfe, 0xff, 0xdf, 0xff, 
    0xfe, 0xff, 0xe0, 0xff, 0xfe, 0xff, 0xe0, 0xff, 0xfe, 0xff, 0xdf, 0xff, 0xfe, 
    0xff, 0xdc, 0xfe, 0xfe, 0xff, 0xde, 0xff, 0xfe, 0xff, 0xe7, 0xff, 0xfb, 0xff, 
    0xcc, 0xf7, 0xfb, 0xff, 0x1d, 0x2b, 0x33, 0xff, 0x01, 0x01, 0x01, 0xff, 0x13, 
    0x14, 0x14, 0xff, 0xe4, 0xe5, 0xe5, 0xff, 0xfd, 0xfd, 0xfd, 0xff, 0xf9, 0xfa, 
    0xfa, 0xff, 0xff, 0xff, 0xff, 0xff, 0xff, 0xff, 0xff, 0xff, 0xcf, 0xd0, 0xd0, 
    0xff, 0xa6, 0xa8, 0xa8, 0xff, 0xff, 0xff, 0xff, 0xff, 0xfd, 0xfe, 0xfe, 0xff, 
    0xfd, 0xfe, 0xfe, 0xff, 0xfe, 0xff, 0xff, 0xff, 0xfe, 0xff, 0xff, 0xff, 0xff, 
    0xff, 0xff, 0xff, 0xff, 0xff, 0xff, 0xff, 0xfe, 0xff, 0xff, 0xff, 0xfe, 0xff, 
    0xff, 0xff, 0xfe, 0xff, 0xff, 0xff, 0xfb, 0xff, 0xfe, 0xff, 0xfa, 0xff, 0xfe, 
    0xff, 0xfa, 0xff, 0xfe, 0xff, 0xf9, 0xfd, 0xfc, 0xff, 0xfe, 0xfe, 0xfe, 0xff, 
    0xd0, 0xd1, 0xd1, 0xff, 0x18, 0x1b, 0x1b, 0xff, 0x34, 0x36, 0x35, 0xff, 0xd2, 
    0xd3, 0xd3, 0xff, 0xff, 0xff, 0xff, 0xff, 0xff, 0xff, 0xff, 0xff, 0xea, 0xeb, 
    0xeb, 0xff, 0x13, 0x15, 0x14, 0xff, 0x00, 0x00, 0x00, 0xff, 0x1e, 0x2d, 0x33, 
    0xff, 0x5e, 0xc1, 0xfa, 0xff, 0x4e, 0xba, 0xfa, 0xff, 0xb0, 0xe7, 0xf8, 0xff, 
    0xe5, 0xff, 0xfe, 0xff, 0xde, 0xff, 0xff, 0xff, 0xe0, 0xfe, 0xfe, 0xff, 0xe1, 
    0xff, 0xfe, 0xff, 0xe1, 0xff, 0xfe, 0xff, 0xdf, 0xff, 0xfe, 0xff, 0xda, 0xfe, 
    0xfe, 0xff, 0xd9, 0xfe, 0xfe, 0xff, 0xdd, 0xff, 0xfe, 0xff, 0xe0, 0xff, 0xfe, 
    0xff, 0xe0, 0xff, 0xfe, 0xff, 0xe0, 0xff, 0xfe, 0xff, 0xde, 0xff, 0xfe, 0xff, 
    0xde, 0xff, 0xfe, 0xff, 0xdf, 0xff, 0xfe, 0xff, 0xdd, 0xff, 0xfe, 0xff, 0xdb, 
    0xff, 0xfe, 0xff, 0xdb, 0xff, 0xfe, 0xff, 0xdd, 0xff, 0xfe, 0xff, 0xdb, 0xff, 
    0xfe, 0xff, 0xdd, 0xfe, 0xfe, 0xff, 0xdd, 0xfe, 0xfe, 0xff, 0xde, 0xff, 0xfe, 
    0xff, 0xdf, 0xff, 0xfe, 0xff, 0xde, 0xff, 0xfe, 0xff, 0xde, 0xff, 0xfe, 0xff, 
    0xdd, 0xff, 0xfe, 0xff, 0xdd, 0xff, 0xfe, 0xff, 0xde, 0xff, 0xfe, 0xff, 0xdf, 
    0xff, 0xfe, 0xff, 0xdf, 0xff, 0xfe, 0xff, 0xdf, 0xff, 0xfe, 0xff, 0xdf, 0xff, 
    0xfe, 0xff, 0xe0, 0xff, 0xfe, 0xff, 0xde, 0xff, 0xfe, 0xff, 0xdf, 0xff, 0xfe, 
    0xff, 0xe0, 0xff, 0xfe, 0xff, 0xdf, 0xff, 0xfe, 0xff, 0xdf, 0xff, 0xfe, 0xff, 
    0xdf, 0xff, 0xfe, 0xff, 0xe0, 0xff, 0xfe, 0xff, 0xe0, 0xff, 0xfe, 0xff, 0xde, 
    0xff, 0xfe, 0xff, 0xdc, 0xff, 0xfe, 0xff, 0xdd, 0xff, 0xfe, 0xff, 0xde, 0xff, 
    0xfe, 0xff, 0xde, 0xff, 0xfe, 0xff, 0xe0, 0xff, 0xfe, 0xff, 0xe0, 0xff, 0xfe, 
    0xff, 0xdf, 0xff, 0xfe, 0xff, 0xdf, 0xff, 0xfe, 0xff, 0xde, 0xff, 0xfe, 0xff, 
    0xdd, 0xff, 0xfe, 0xff, 0xdf, 0xff, 0xfe, 0xff, 0xde, 0xff, 0xfe, 0xff, 0xdc, 
    0xfe, 0xfe, 0xff, 0xdc, 0xff, 0xfe, 0xff, 0xdc, 0xff, 0xfe, 0xff, 0xdc, 0xff, 
    0xfe, 0xff, 0xdb, 0xff, 0xfe, 0xff, 0xdc, 0xff, 0xfe, 0xff, 0xdf, 0xff, 0xfe, 
    0xff, 0xdf, 0xff, 0xfe, 0xff, 0xde, 0xff, 0xfe, 0xff, 0xde, 0xff, 0xfe, 0xff, 
    0xdc, 0xff, 0xfe, 0xff, 0xdc, 0xff, 0xfe, 0xff, 0xdc, 0xff, 0xfe, 0xff, 0xdb, 
    0xff, 0xfd, 0xff, 0xdc, 0xff, 0xfe, 0xff, 0xdf, 0xff, 0xfe, 0xff, 0xe0, 0xff, 
    0xfe, 0xff, 0xe2, 0xfe, 0xfe, 0xff, 0xe1, 0xff, 0xfe, 0xff, 0xe1, 0xff, 0xfe, 
    0xff, 0xe2, 0xfe, 0xfe, 0xff, 0xe0, 0xff, 0xfe, 0xff, 0xde, 0xff, 0xfe, 0xff, 
    0xde, 0xff, 0xfe, 0xff, 0xd7, 0xfa, 0xf9, 0xff, 0xec, 0xff, 0xff, 0xff, 0x74, 
    0x80, 0x7f, 0xff, 0x01, 0x00, 0x00, 0xff, 0x00, 0x00, 0x00, 0xff, 0x9a, 0x9b, 
    0x9b, 0xff, 0xff, 0xff, 0xff, 0xff, 0xfb, 0xfc, 0xfc, 0xff, 0xfe, 0xff, 0xff, 
    0xff, 0xfd, 0xfe, 0xfe, 0xff, 0xfb, 0xfc, 0xfc, 0xff, 0xff, 0xff, 0xff, 0xff, 
    0xff, 0xff, 0xff, 0xff, 0xfe, 0xff, 0xff, 0xff, 0xfe, 0xff, 0xff, 0xff, 0xfc, 
    0xff, 0xfe, 0xff, 0xfc, 0xff, 0xfe, 0xff, 0xfe, 0xff, 0xff, 0xff, 0xff, 0xff, 
    0xff, 0xff, 0xff, 0xff, 0xff, 0xff, 0xfe, 0xff, 0xff, 0xff, 0xfe, 0xff, 0xff, 
    0xff, 0xfe, 0xff, 0xff, 0xff, 0xfd, 0xff, 0xfe, 0xff, 0xfb, 0xfe, 0xfe, 0xff, 
    0xfb, 0xfe, 0xfe, 0xff, 0xf8, 0xfd, 0xfc, 0xff, 0xfe, 0xff, 0xff, 0xff, 0xc4, 
    0xc6, 0xc6, 0xff, 0x95, 0x97, 0x96, 0xff, 0xff, 0xff, 0xff, 0xff, 0xff, 0xff, 
    0xff, 0xff, 0xfa, 0xfb, 0xfb, 0xff, 0xfa, 0xfb, 0xfb, 0xff, 0xff, 0xff, 0xff, 
    0xff, 0x9b, 0x9e, 0x9d, 0xff, 0x00, 0x00, 0x00, 0xff, 0x01, 0x00, 0x00, 0xff, 
    0x31, 0x59, 0x70, 0xff, 0xb6, 0xf5, 0xff, 0xff, 0xe1, 0xfe, 0xf9, 0xff, 0xdb, 
    0xfe, 0xfe, 0xff, 0xdb, 0xff, 0xfe, 0xff, 0xdf, 0xff, 0xfe, 0xff, 0xe2, 0xfe, 
    0xfe, 0xff, 0xe2, 0xfe, 0xfe, 0xff, 0xde, 0xfe, 0xfe, 0xff, 0xdb, 0xfe, 0xfe, 
    0xff, 0xda, 0xfe, 0xfe, 0xff, 0xdc, 0xff, 0xfe, 0xff, 0xe0, 0xff, 0xfe, 0xff, 
    0xe1, 0xff, 0xfe, 0xff, 0xe0, 0xff, 0xfe, 0xff, 0xe0, 0xff, 0xfe, 0xff, 0xe0, 
    0xff, 0xfe, 0xff, 0xde, 0xff, 0xfe, 0xff, 0xdb, 0xfe, 0xfe, 0xff, 0xdb, 0xfe, 
    0xfe, 0xff, 0xdc, 0xff, 0xfe, 0xff, 0xdd, 0xff, 0xfe, 0xff, 0xdd, 0xff, 0xfe, 
    0xff, 0xdc, 0xfe, 0xfe, 0xff, 0xde, 0xfe, 0xfe, 0xff, 0xde, 0xff, 0xfe, 0xff, 
    0xdd, 0xff, 0xfe, 0xff, 0xdd, 0xff, 0xfe, 0xff, 0xdb, 0xff, 0xfe, 0xff, 0xda, 
    0xff, 0xfe, 0xff, 0xda, 0xff, 0xfd, 0xff, 0xdb, 0xff, 0xfe, 0xff, 0xdc, 0xff, 
    0xfe, 0xff, 0xde, 0xff, 0xfe, 0xff, 0xdf, 0xff, 0xfe, 0xff, 0xe0, 0xff, 0xfe, 
    0xff, 0xde, 0xff, 0xfe, 0xff, 0xde, 0xff, 0xfe, 0xff, 0xde, 0xff, 0xfe, 0xff, 
    0xde, 0xff, 0xfe, 0xff, 0xde, 0xff, 0xfe, 0xff, 0xdf, 0xff, 0xfe, 0xff, 0xdf, 
    0xff, 0xfe, 0xff, 0xdf, 0xff, 0xfe, 0xff, 0xdd, 0xff, 0xfe, 0xff, 0xdc, 0xff, 
    0xfe, 0xff, 0xdd, 0xff, 0xfe, 0xff, 0xdd, 0xff, 0xfe, 0xff, 0xde, 0xff, 0xfe, 
    0xff, 0xdf, 0xff, 0xfe, 0xff, 0xde, 0xff, 0xfe, 0xff, 0xde, 0xff, 0xfe, 0xff, 
    0xdf, 0xff, 0xfe, 0xff, 0xdf, 0xff, 0xfe, 0xff, 0xdf, 0xff, 0xfe, 0xff, 0xde, 
    0xff, 0xfe, 0xff, 0xde, 0xff, 0xfe, 0xff, 0xde, 0xff, 0xfe, 0xff, 0xde, 0xff, 
    0xfe, 0xff, 0xdd, 0xff, 0xfe, 0xff, 0xdb, 0xff, 0xfe, 0xff, 0xda, 0xff, 0xfe, 
    0xff, 0xdb, 0xff, 0xfd, 0xff, 0xdb, 0xff, 0xfd, 0xff, 0xde, 0xff, 0xfe, 0xff, 
    0xde, 0xff, 0xfe, 0xff, 0xde, 0xff, 0xfe, 0xff, 0xdf, 0xff, 0xfe, 0xff, 0xdf, 
    0xff, 0xfe, 0xff, 0xde, 0xff, 0xfe, 0xff, 0xdc, 0xff, 0xfe, 0xff, 0xdc, 0xff, 
    0xfe, 0xff, 0xdf, 0xff, 0xfe, 0xff, 0xe0, 0xff, 0xfe, 0xff, 0xe1, 0xff, 0xfe, 
    0xff, 0xe2, 0xfe, 0xfe, 0xff, 0xe0, 0xff, 0xfe, 0xff, 0xe1, 0xff, 0xfe, 0xff, 
    0xe2, 0xff, 0xfe, 0xff, 0xe0, 0xff, 0xfe, 0xff, 0xde, 0xff, 0xfe, 0xff, 0xd9, 
    0xfb, 0xfa, 0xff, 0xeb, 0xff, 0xff, 0xff, 0xb0, 0xc5, 0xc5, 0xff, 0x05, 0x06, 
    0x05, 0xff, 0x00, 0x00, 0x00, 0xff, 0x44, 0x45, 0x45, 0xff, 0xfd, 0xfe, 0xfe, 
    0xff, 0xfb, 0xfc, 0xfc, 0xff, 0xfe, 0xff, 0xff, 0xff, 0xff, 0xff, 0xff, 0xff, 
    0xfe, 0xff, 0xff, 0xff, 0xfc, 0xff, 0xfe, 0xff, 0xfc, 0xfd, 0xfd, 0xff, 0xfa, 
    0xfc, 0xfb, 0xff, 0xfc, 0xfe, 0xfe, 0xff, 0xfc, 0xff, 0xfe, 0xff, 0xfc, 0xfe, 
    0xfe, 0xff, 0xfd, 0xff, 0xfe, 0xff, 0xfe, 0xff, 0xff, 0xff, 0xff, 0xff, 0xff, 
    0xff, 0xff, 0xff, 0xff, 0xff, 0xfe, 0xff, 0xff, 0xff, 0xff, 0xff, 0xff, 0xff, 
    0xfe, 0xff, 0xff, 0xff, 0xfb, 0xff, 0xfe, 0xff, 0xfb, 0xfe, 0xfe, 0xff, 0xfb, 
    0xff, 0xfe, 0xff, 0xfb, 0xff, 0xfe, 0xff, 0xfd, 0xfe, 0xfe, 0xff, 0xff, 0xff, 
    0xff, 0xff, 0xff, 0xff, 0xff, 0xff, 0xfe, 0xfe, 0xfe, 0xff, 0xfc, 0xfd, 0xfd, 
    0xff, 0xfe, 0xff, 0xff, 0xff, 0xfe, 0xff, 0xff, 0xff, 0xfb, 0xfc, 0xfc, 0xff, 
    0xff, 0xff, 0xff, 0xff, 0x56, 0x5a, 0x59, 0xff, 0x00, 0x00, 0x00, 0xff, 0x05, 
    0x02, 0x00, 0xff, 0x92, 0xa2, 0xa2, 0xff, 0xed, 0xff, 0xff, 0xff, 0xd7, 0xfa, 
    0xf9, 0xff, 0xdc, 0xff, 0xfe, 0xff, 0xdd, 0xff, 0xfe, 0xff, 0xdf, 0xff, 0xfe, 
    0xff, 0xe0, 0xff, 0xfe, 0xff, 0xdc, 0xfe, 0xfe, 0xff, 0xda, 0xfe, 0xfd, 0xff, 
    0xdb, 0xff, 0xfe, 0xff, 0xdc, 0xfe, 0xfe, 0xff, 0xde, 0xff, 0xfe, 0xff, 0xde, 
    0xff, 0xfe, 0xff, 0xe0, 0xff, 0xfe, 0xff, 0xdf, 0xff, 0xfe, 0xff, 0xde, 0xff, 
    0xfe, 0xff, 0xdb, 0xfe, 0xfe, 0xff, 0xd8, 0xfe, 0xfe, 0xff, 0xda, 0xfe, 0xfe, 
    0xff, 0xdd, 0xff, 0xfe, 0xff, 0xdd, 0xfe, 0xfe, 0xff, 0xdc, 0xfe, 0xfe, 0xff, 
    0xdc, 0xfe, 0xfe, 0xff, 0xd9, 0xfe, 0xfe, 0xff, 0xdb, 0xfe, 0xfe, 0xff, 0xdb, 
    0xfe, 0xfe, 0xff, 0xdb, 0xfe, 0xfe, 0xff, 0xdb, 0xfe, 0xfe, 0xff, 0xdb, 0xfe, 
    0xfe, 0xff, 0xda, 0xfe, 0xfe, 0xff, 0xda, 0xfe, 0xfe, 0xff, 0xdb, 0xfe, 0xfe, 
    0xff, 0xdd, 0xfe, 0xfe, 0xff, 0xde, 0xff, 0xfe, 0xff, 0xdd, 0xfe, 0xfe, 0xff, 
    0xdd, 0xff, 0xfe, 0xff, 0xdd, 0xff, 0xfe, 0xff, 0xdd, 0xff, 0xfe, 0xff, 0xdd, 
    0xff, 0xfe, 0xff, 0xde, 0xff, 0xfe, 0xff, 0xdf, 0xff, 0xfe, 0xff, 0xdd, 0xff, 
    0xfe, 0xff, 0xdd, 0xff, 0xfe, 0xff, 0xdb, 0xff, 0xfe, 0xff, 0xdc, 0xff, 0xfe, 
    0xff, 0xdd, 0xff, 0xfe, 0xff, 0xde, 0xff, 0xfe, 0xff, 0xdd, 0xff, 0xfe, 0xff, 
    0xdc, 0xff, 0xfe, 0xff, 0xdc, 0xff, 0xfe, 0xff, 0xdc, 0xff, 0xfe, 0xff, 0xdf, 
    0xff, 0xfe, 0xff, 0xdf, 0xff, 0xfe, 0xff, 0xe0, 0xff, 0xfe, 0xff, 0xde, 0xff, 
    0xfe, 0xff, 0xdd, 0xff, 0xfe, 0xff, 0xdc, 0xff, 0xfe, 0xff, 0xdc, 0xff, 0xfe, 
    0xff, 0xdc, 0xff, 0xfd, 0xff, 0xda, 0xfe, 0xfe, 0xff, 0xd9, 0xfe, 0xfe, 0xff, 
    0xd9, 0xfe, 0xfe, 0xff, 0xda, 0xff, 0xfe, 0xff, 0xdc, 0xff, 0xfe, 0xff, 0xdc, 
    0xff, 0xfe, 0xff, 0xde, 0xff, 0xfe, 0xff, 0xdf, 0xff, 0xfe, 0xff, 0xdf, 0xff, 
    0xfe, 0xff, 0xde, 0xff, 0xfe, 0xff, 0xdd, 0xff, 0xfe, 0xff, 0xde, 0xff, 0xfe, 
    0xff, 0xdf, 0xff, 0xfe, 0xff, 0xdf, 0xff, 0xfe, 0xff, 0xe1, 0xff, 0xfe, 0xff, 
    0xe1, 0xff, 0xfe, 0xff, 0xe0, 0xff, 0xfe, 0xff, 0xde, 0xff, 0xfe, 0xff, 0xdc, 
    0xff, 0xfe, 0xff, 0xde, 0xff, 0xfe, 0xff, 0xd8, 0xfc, 0xfb, 0xff, 0xe2, 0xff, 
    0xff, 0xff, 0xce, 0xe2, 0xe2, 0xff, 0x1f, 0x23, 0x23, 0xff, 0x00, 0x00, 0x00, 
    0xff, 0x13, 0x14, 0x14, 0xff, 0xe1, 0xe2, 0xe2, 0xff, 0xff, 0xfe, 0xfe, 0xff, 
    0xfd, 0xfd, 0xfd, 0xff, 0xfe, 0xff, 0xff, 0xff, 0xfd, 0xff, 0xff, 0xff, 0xfb, 
    0xff, 0xfe, 0xff, 0xfb, 0xff, 0xfe, 0xff, 0xfb, 0xff, 0xfe, 0xff, 0xfb, 0xff, 
    0xfe, 0xff, 0xfa, 0xff, 0xfe, 0xff, 0xfb, 0xfe, 0xfe, 0xff, 0xfb, 0xff, 0xfe, 
    0xff, 0xfb, 0xff, 0xfe, 0xff, 0xfe, 0xff, 0xff, 0xff, 0xff, 0xff, 0xff, 0xff, 
    0xff, 0xff, 0xff, 0xff, 0xfe, 0xff, 0xff, 0xff, 0xfe, 0xff, 0xff, 0xff, 0xfd, 
    0xff, 0xff, 0xff, 0xfb, 0xfe, 0xfe, 0xff, 0xfb, 0xff, 0xfe, 0xff, 0xfb, 0xff, 
    0xfe, 0xff, 0xfb, 0xfe, 0xfe, 0xff, 0xfb, 0xff, 0xfe, 0xff, 0xfa, 0xfd, 0xfc, 
    0xff, 0xf9, 0xfb, 0xfb, 0xff, 0xfd, 0xfe, 0xfe, 0xff, 0xfd, 0xfe, 0xfe, 0xff, 
    0xfd, 0xfe, 0xfe, 0xff, 0xfe, 0xff, 0xff, 0xff, 0xfd, 0xfe, 0xfe, 0xff, 0xfc, 
    0xfc, 0xfd, 0xff, 0xf2, 0xf3, 0xf3, 0xff, 0x31, 0x33, 0x33, 0xff, 0x00, 0x00, 
    0x00, 0xff, 0x05, 0x06, 0x07, 0xff, 0xa1, 0xb4, 0xb4, 0xff, 0xee, 0xff, 0xff, 
    0xff, 0xd8, 0xfa, 0xf9, 0xff, 0xdf, 0xff, 0xfe, 0xff, 0xde, 0xff, 0xfe, 0xff, 
    0xdd, 0xff, 0xfe, 0xff, 0xdc, 0xfe, 0xfe, 0xff, 0xdb, 0xff, 0xfe, 0xff, 0xdb, 
    0xfe, 0xfe, 0xff, 0xdc, 0xff, 0xfe, 0xff, 0xdd, 0xff, 0xfe, 0xff, 0xdc, 0xff, 
    0xfe, 0xff, 0xdb, 0xff, 0xfe, 0xff, 0xdc, 0xff, 0xfe, 0xff, 0xdb, 0xff, 0xfd, 
    0xff, 0xd8, 0xfe, 0xfe, 0xff, 0xd8, 0xfe, 0xfe, 0xff, 0xd9, 0xfe, 0xfe, 0xff, 
    0xda, 0xfe, 0xfe, 0xff, 0xdc, 0xfe, 0xfe, 0xff, 0xd9, 0xfe, 0xfe, 0xff, 0xd9, 
    0xfe, 0xfe, 0xff, 0xd9, 0xfe, 0xfe, 0xff, 0xda, 0xfe, 0xfe, 0xff, 0xdb, 0xfe, 
    0xfe, 0xff, 0xd8, 0xfe, 0xfe, 0xff, 0xda, 0xfe, 0xfd, 0xff, 0xd9, 0xfe, 0xfe, 
    0xff, 0xd9, 0xfe, 0xfe, 0xff, 0xd9, 0xfe, 0xfe, 0xff, 0xd9, 0xfd, 0xfe, 0xff, 
    0xdc, 0xfe, 0xfe, 0xff, 0xdb, 0xfe, 0xfe, 0xff, 0xda, 0xfe, 0xfe, 0xff, 0xda, 
    0xfe, 0xfe, 0xff, 0xdb, 0xfe, 0xfe, 0xff, 0xdb, 0xfe, 0xfe, 0xff, 0xdc, 0xfe, 
    0xfe, 0xff, 0xdd, 0xff, 0xfe, 0xff, 0xdc, 0xff, 0xfe, 0xff, 0xda, 0xff, 0xfd, 
    0xff, 0xdb, 0xff, 0xfe, 0xff, 0xdb, 0xff, 0xfe, 0xff, 0xdd, 0xff, 0xfe, 0xff, 
    0xde, 0xff, 0xfe, 0xff, 0xdd, 0xff, 0xfe, 0xff, 0xdd, 0xff, 0xfe, 0xff, 0xdc, 
    0xff, 0xfe, 0xff, 0xdb, 0xff, 0xfe, 0xff, 0xdc, 0xff, 0xfe, 0xff, 0xdd, 0xff, 
    0xfe, 0xff, 0xdd, 0xff, 0xfe, 0xff, 0xde, 0xff, 0xfe, 0xff, 0xdd, 0xff, 0xfe, 
    0xff, 0xdc, 0xff, 0xfe, 0xff, 0xdc, 0xff, 0xfe, 0xff, 0xdc, 0xff, 0xfe, 0xff, 
    0xdd, 0xff, 0xfe, 0xff, 0xdd, 0xff, 0xfe, 0xff, 0xda, 0xff, 0xfe, 0xff, 0xd8, 
    0xfe, 0xfe, 0xff, 0xda, 0xff, 0xfe, 0xff, 0xdb, 0xff, 0xfe, 0xff, 0xda, 0xfe, 
    0xfe, 0xff, 0xdb, 0xfe, 0xfe, 0xff, 0xde, 0xff, 0xfe, 0xff, 0xdd, 0xff, 0xfe, 
    0xff, 0xdd, 0xff, 0xfe, 0xff, 0xdf, 0xff, 0xfe, 0xff, 0xdf, 0xff, 0xfe, 0xff, 
    0xdf, 0xff, 0xfe, 0xff, 0xde, 0xff, 0xfe, 0xff, 0xdd, 0xff, 0xfe, 0xff, 0xdf, 
    0xff, 0xfe, 0xff, 0xdc, 0xff, 0xfe, 0xff, 0xdb, 0xff, 0xfe, 0xff, 0xdb, 0xff, 
    0xfe, 0xff, 0xd8, 0xfc, 0xfb, 0xff, 0xe1, 0xff, 0xff, 0xff, 0xda, 0xf0, 0xf0, 
    0xff, 0x2b, 0x30, 0x31, 0xff, 0x00, 0x00, 0x00, 0xff, 0x00, 0x01, 0x01, 0xff, 
    0xb5, 0xb7, 0xb7, 0xff, 0xff, 0xff, 0xff, 0xff, 0xfb, 0xfc, 0xfc, 0xff, 0xfe, 
    0xff, 0xff, 0xff, 0xfc, 0xff, 0xfe, 0xff, 0xfa, 0xff, 0xfe, 0xff, 0xfa, 0xff, 
    0xfe, 0xff, 0xfa, 0xff, 0xfe, 0xff, 0xf9, 0xff, 0xfe, 0xff, 0xfa, 0xff, 0xfe, 
    0xff, 0xf9, 0xff, 0xfe, 0xff, 0xfa, 0xff, 0xfe, 0xff, 0xfb, 0xff, 0xfe, 0xff, 
    0xfb, 0xfe, 0xfe, 0xff, 0xfe, 0xff, 0xff, 0xff, 0xff, 0xff, 0xff, 0xff, 0xff, 
    0xff, 0xff, 0xff, 0xfe, 0xff, 0xff, 0xff, 0xfe, 0xff, 0xff, 0xff, 0xfe, 0xff, 
    0xff, 0xff, 0xfb, 0xfe, 0xfe, 0xff, 0xfa, 0xff, 0xfe, 0xff, 0xf9, 0xff, 0xfe, 
    0xff, 0xfa, 0xff, 0xfe, 0xff, 0xfb, 0xfe, 0xfe, 0xff, 0xfb, 0xfe, 0xfe, 0xff, 
    0xfb, 0xff, 0xfe, 0xff, 0xfb, 0xff, 0xfe, 0xff, 0xfc, 0xfe, 0xfe, 0xff, 0xfc, 
    0xfe, 0xfe, 0xff, 0xfd, 0xff, 0xff, 0xff, 0xfe, 0xff, 0xff, 0xff, 0xfc, 0xfd, 
    0xfd, 0xff, 0xff, 0xff, 0xff, 0xff, 0xdf, 0xe1, 0xe1, 0xff, 0x1d, 0x1f, 0x1e, 
    0xff, 0x00, 0x00, 0x00, 0xff, 0x09, 0x0b, 0x0b, 0xff, 0xa4, 0xb5, 0xb5, 0xff, 
    0xf0, 0xff, 0xff, 0xff, 0xda, 0xfa, 0xf9, 0xff, 0xdf, 0xff, 0xfe, 0xff, 0xdd, 
    0xff, 0xfe, 0xff, 0xdd, 0xff, 0xfe, 0xff, 0xdc, 0xff, 0xfe, 0xff, 0xdc, 0xff, 
    0xfe, 0xff, 0xdc, 0xff, 0xfe, 0xff, 0xdc, 0xff, 0xfe, 0xff, 0xdd, 0xff, 0xfe, 
    0xff, 0xdd, 0xff, 0xfe, 0xff, 0xde, 0xff, 0xfe, 0xff, 0xdd, 0xff, 0xfe, 0xff, 
    0xda, 0xfe, 0xfe, 0xff, 0xd9, 0xfe, 0xfe, 0xff, 0xd9, 0xfe, 0xfe, 0xff, 0xd9, 
    0xfe, 0xfe, 0xff, 0xd9, 0xfe, 0xfe, 0xff, 0xd8, 0xfd, 0xfe, 0xff, 0xd8, 0xfe, 
    0xfe, 0xff, 0xd9, 0xfe, 0xfe, 0xff, 0xd9, 0xfe, 0xfd, 0xff, 0xd9, 0xfe, 0xfe, 
    0xff, 0xd8, 0xfe, 0xfe, 0xff, 0xd8, 0xfe, 0xfe, 0xff, 0xd8, 0xfe, 0xfe, 0xff, 
    0xd9, 0xfe, 0xfe, 0xff, 0xd8, 0xfe, 0xfe, 0xff, 0xd7, 0xfe, 0xfe, 0xff, 0xd8, 
    0xfe, 0xfe, 0xff, 0xd8, 0xfe, 0xfe, 0xff, 0xd8, 0xfe, 0xfe, 0xff, 0xd9, 0xfe, 
    0xfe, 0xff, 0xda, 0xfe, 0xfe, 0xff, 0xd9, 0xff, 0xfe, 0xff, 0xd9, 0xff, 0xfd, 
    0xff, 0xdc, 0xff, 0xfe, 0xff, 0xdd, 0xff, 0xfe, 0xff, 0xdb, 0xff, 0xfd, 0xff, 
    0xdb, 0xff, 0xfe, 0xff, 0xde, 0xff, 0xfe, 0xff, 0xdf, 0xff, 0xfe, 0xff, 0xe0, 
    0xff, 0xfe, 0xff, 0xe0, 0xff, 0xfe, 0xff, 0xde, 0xff, 0xfe, 0xff, 0xdd, 0xff, 
    0xfe, 0xff, 0xdb, 0xff, 0xfe, 0xff, 0xdb, 0xff, 0xfd, 0xff, 0xda, 0xff, 0xfe, 
    0xff, 0xde, 0xff, 0xfe, 0xff, 0xde, 0xff, 0xfe, 0xff, 0xde, 0xff, 0xfe, 0xff, 
    0xdd, 0xff, 0xfe, 0xff, 0xda, 0xfe, 0xfd, 0xff, 0xd9, 0xfe, 0xfe, 0xff, 0xda, 
    0xfe, 0xfe, 0xff, 0xda, 0xfe, 0xfe, 0xff, 0xd9, 0xff, 0xfe, 0xff, 0xdc, 0xff, 
    0xfe, 0xff, 0xdd, 0xff, 0xfe, 0xff, 0xdb, 0xff, 0xfe, 0xff, 0xda, 0xfe, 0xfe, 
    0xff, 0xd9, 0xfe, 0xfe, 0xff, 0xd8, 0xfe, 0xfe, 0xff, 0xdb, 0xfe, 0xfe, 0xff, 
    0xdc, 0xfe, 0xfe, 0xff, 0xdc, 0xff, 0xfe, 0xff, 0xde, 0xff, 0xfe, 0xff, 0xdd, 
    0xff, 0xfe, 0xff, 0xdc, 0xff, 0xfe, 0xff, 0xdd, 0xff, 0xfe, 0xff, 0xdc, 0xff, 
    0xfe, 0xff, 0xd8, 0xfe, 0xfe, 0xff, 0xd9, 0xfe, 0xfe, 0xff, 0xd5, 0xfb, 0xfa, 
    0xff, 0xe3, 0xff, 0xff, 0xff, 0xda, 0xee, 0xee, 0xff, 0x36, 0x3c, 0x3c, 0xff, 
    0x00, 0x00, 0x00, 0xff, 0x00, 0x00, 0x00, 0xff, 0x91, 0x93, 0x93, 0xff, 0xff, 
    0xff, 0xff, 0xff, 0xfa, 0xfb, 0xfb, 0xff, 0xfe, 0xff, 0xff, 0xff, 0xfe, 0xff, 
    0xff, 0xff, 0xfb, 0xff, 0xfe, 0xff, 0xfa, 0xff, 0xfe, 0xff, 0xf9, 0xff, 0xfe, 
    0xff, 0xf9, 0xff, 0xfe, 0xff, 0xf9, 0xff, 0xfe, 0xff, 0xf9, 0xff, 0xfe, 0xff, 
    0xf9, 0xff, 0xfe, 0xff, 0xf9, 0xff, 0xfe, 0xff, 0xfb, 0xff, 0xfe, 0xff, 0xfc, 
    0xfe, 0xfe, 0xff, 0xfe, 0xff, 0xff, 0xff, 0xff, 0xff, 0xff, 0xff, 0xff, 0xff, 
    0xff, 0xff, 0xfe, 0xff, 0xff, 0xff, 0xff, 0xff, 0xff, 0xff, 0xfe, 0xff, 0xff, 
    0xff, 0xfb, 0xff, 0xfe, 0xff, 0xfa, 0xff, 0xfe, 0xff, 0xf9, 0xff, 0xfe, 0xff, 
    0xfa, 0xff, 0xfe, 0xff, 0xfb, 0xfe, 0xfe, 0xff, 0xfb, 0xff, 0xfe, 0xff, 0xfa, 
    0xff, 0xfe, 0xff, 0xfa, 0xff, 0xfe, 0xff, 0xfc, 0xff, 0xfe, 0xff, 0xfb, 0xff, 
    0xfe, 0xff, 0xfb, 0xfe, 0xfe, 0xff, 0xfc, 0xff, 0xfe, 0xff, 0xfe, 0xff, 0xff, 
    0xff, 0xfc, 0xfc, 0xfc, 0xff, 0xff, 0xff, 0xff, 0xff, 0xd6, 0xd8, 0xd8, 0xff, 
    0x1e, 0x22, 0x21, 0xff, 0x00, 0x00, 0x00, 0xff, 0x07, 0x09, 0x08, 0xff, 0x9a, 
    0xaa, 0xab, 0xff, 0xf4, 0xff, 0xff, 0xff, 0xde, 0xfb, 0xfa, 0xff, 0xde, 0xfd, 
    0xfc, 0xff, 0xde, 0xff, 0xfe, 0xff, 0xdc, 0xff, 0xfe, 0xff, 0xdc, 0xff, 0xfe, 
    0xff, 0xdb, 0xff, 0xfe, 0xff, 0xdd, 0xff, 0xfe, 0xff, 0xdd, 0xff, 0xfe, 0xff, 
    0xde, 0xff, 0xfe, 0xff, 0xdf, 0xff, 0xfe, 0xff, 0xde, 0xff, 0xfe, 0xff, 0xdd, 
    0xff, 0xfe, 0xff, 0xdb, 0xfe, 0xfd, 0xff, 0xd8, 0xfe, 0xfe, 0xff, 0xd8, 0xfe, 
    0xfe, 0xff, 0xd8, 0xfe, 0xfe, 0xff, 0xd8, 0xfe, 0xfe, 0xff, 0xd7, 0xfe, 0xfe, 
    0xff, 0xd8, 0xfe, 0xfd, 0xff, 0xdb, 0xfe, 0xfd, 0xff, 0xd9, 0xfe, 0xfe, 0xff, 
    0xd8, 0xfe, 0xfe, 0xff, 0xd9, 0xfe, 0xfe, 0xff, 0xda, 0xfe, 0xfe, 0xff, 0xdb, 
    0xfe, 0xfe, 0xff, 0xda, 0xfe, 0xfe, 0xff, 0xd9, 0xfe, 0xfe, 0xff, 0xd9, 0xfe, 
    0xfe, 0xff, 0xd9, 0xfe, 0xfe, 0xff, 0xdb, 0xfe, 0xfe, 0xff, 0xdc, 0xfe, 0xfe, 
    0xff, 0xdd, 0xff, 0xfe, 0xff, 0xde, 0xff, 0xfe, 0xff, 0xdd, 0xff, 0xfe, 0xff, 
    0xdd, 0xff, 0xfe, 0xff, 0xde, 0xff, 0xfe, 0xff, 0xdd, 0xff, 0xfe, 0xff, 0xde, 
    0xff, 0xfe, 0xff, 0xdf, 0xff, 0xfe, 0xff, 0xe0, 0xff, 0xfe, 0xff, 0xe1, 0xff, 
    0xfe, 0xff, 0xe0, 0xff, 0xfe, 0xff, 0xdf, 0xff, 0xfe, 0xff, 0xde, 0xff, 0xfe, 
    0xff, 0xde, 0xff, 0xfe, 0xff, 0xdf, 0xff, 0xfe, 0xff, 0xdf, 0xff, 0xfe, 0xff, 
    0xe1, 0xfe, 0xfe, 0xff, 0xe0, 0xff, 0xfe, 0xff, 0xdb, 0xff, 0xfe, 0xff, 0xda, 
    0xfe, 0xfe, 0xff, 0xda, 0xfe, 0xfd, 0xff, 0xd9, 0xfe, 0xfe, 0xff, 0xda, 0xfe, 
    0xfe, 0xff, 0xd9, 0xfe, 0xfe, 0xff, 0xda, 0xff, 0xfe, 0xff, 0xda, 0xff, 0xfe, 
    0xff, 0xdd, 0xff, 0xfe, 0xff, 0xdc, 0xff, 0xfe, 0xff, 0xda, 0xfe, 0xfe, 0xff, 
    0xd8, 0xfe, 0xfe, 0xff, 0xd8, 0xfe, 0xfe, 0xff, 0xdc, 0xfe, 0xfe, 0xff, 0xdc, 
    0xfe, 0xfe, 0xff, 0xdb, 0xff, 0xfe, 0xff, 0xdc, 0xff, 0xfe, 0xff, 0xdd, 0xff, 
    0xfe, 0xff, 0xdc, 0xff, 0xfe, 0xff, 0xdc, 0xff, 0xfe, 0xff, 0xdb, 0xff, 0xfe, 
    0xff, 0xd8, 0xfe, 0xfe, 0xff, 0xd2, 0xf9, 0xfa, 0xff, 0xe3, 0xff, 0xff, 0xff, 
    0xd0, 0xe6, 0xe6, 0xff, 0x2f, 0x34, 0x34, 0xff, 0x00, 0x00, 0x00, 0xff, 0x00, 
    0x00, 0x00, 0xff, 0x84, 0x87, 0x87, 0xff, 0xff, 0xff, 0xff, 0xff, 0xfa, 0xfb, 
    0xfb, 0xff, 0xfe, 0xff, 0xff, 0xff, 0xfe, 0xff, 0xff, 0xff, 0xfb, 0xff, 0xfe, 
    0xff, 0xfa, 0xff, 0xfe, 0xff, 0xfa, 0xff, 0xfe, 0xff, 0xfa, 0xff, 0xfe, 0xff, 
    0xf9, 0xff, 0xfe, 0xff, 0xf9, 0xff, 0xfe, 0xff, 0xf9, 0xff, 0xfe, 0xff, 0xf9, 
    0xff, 0xfe, 0xff, 0xf9, 0xff, 0xfe, 0xff, 0xfa, 0xff, 0xfe, 0xff, 0xfb, 0xff, 
    0xfe, 0xff, 0xfe, 0xff, 0xff, 0xff, 0xff, 0xff, 0xff, 0xff, 0xff, 0xff, 0xff, 
    0xff, 0xfe, 0xff, 0xff, 0xff, 0xfe, 0xff, 0xff, 0xff, 0xfe, 0xff, 0xff, 0xff, 
    0xfc, 0xfe, 0xfe, 0xff, 0xfb, 0xff, 0xfe, 0xff, 0xfa, 0xff, 0xfe, 0xff, 0xfa, 
    0xff, 0xfe, 0xff, 0xfa, 0xff, 0xfe, 0xff, 0xfb, 0xfe, 0xfe, 0xff, 0xfa, 0xff, 
    0xfe, 0xff, 0xfa, 0xff, 0xfe, 0xff, 0xfa, 0xff, 0xfe, 0xff, 0xfa, 0xff, 0xfe, 
    0xff, 0xfb, 0xff, 0xfe, 0xff, 0xfb, 0xff, 0xfe, 0xff, 0xfc, 0xff, 0xfe, 0xff, 
    0xff, 0xff, 0xff, 0xff, 0xfb, 0xfc, 0xfc, 0xff, 0xff, 0xff, 0xff, 0xff, 0xd7, 
    0xd9, 0xd9, 0xff, 0x25, 0x28, 0x27, 0xff, 0x00, 0x00, 0x00, 0xff, 0x02, 0x03, 
    0x03, 0xff, 0x7d, 0x8a, 0x8b, 0xff, 0xee, 0xff, 0xff, 0xff, 0xe4, 0xff, 0xff, 
    0xff, 0xdb, 0xfb, 0xfb, 0xff, 0xdc, 0xff, 0xfe, 0xff, 0xda, 0xff, 0xfe, 0xff, 
    0xd8, 0xfe, 0xfe, 0xff, 0xdd, 0xff, 0xfe, 0xff, 0xdd, 0xff, 0xfe, 0xff, 0xdd, 
    0xff, 0xfe, 0xff, 0xde, 0xff, 0xfe, 0xff, 0xdf, 0xff, 0xfe, 0xff, 0xde, 0xff, 
    0xfe, 0xff, 0xdc, 0xfe, 0xfe, 0xff, 0xd9, 0xfe, 0xfd, 0xff, 0xd8, 0xfe, 0xfe, 
    0xff, 0xd8, 0xfe, 0xfe, 0xff, 0xd9, 0xfe, 0xfe, 0xff, 0xd9, 0xfe, 0xfe, 0xff, 
    0xda, 0xff, 0xfe, 0xff, 0xd9, 0xfe, 0xfe, 0xff, 0xd9, 0xfe, 0xfe, 0xff, 0xda, 
    0xfe, 0xfe, 0xff, 0xda, 0xfe, 0xfe, 0xff, 0xdb, 0xfe, 0xfe, 0xff, 0xdb, 0xfe, 
    0xfe, 0xff, 0xdb, 0xfe, 0xfe, 0xff, 0xdd, 0xff, 0xfe, 0xff, 0xde, 0xff, 0xfe, 
    0xff, 0xde, 0xff, 0xfe, 0xff, 0xde, 0xff, 0xfe, 0xff, 0xe0, 0xff, 0xfe, 0xff, 
    0xdf, 0xff, 0xfe, 0xff, 0xdf, 0xff, 0xfe, 0xff, 0xe0, 0xff, 0xfe, 0xff, 0xdf, 
    0xff, 0xfe, 0xff, 0xdf, 0xff, 0xfe, 0xff, 0xdd, 0xff, 0xfe, 0xff, 0xde, 0xff, 
    0xfe, 0xff, 0xde, 0xff, 0xfe, 0xff, 0xde, 0xff, 0xfe, 0xff, 0xdd, 0xff, 0xfe, 
    0xff, 0xdf, 0xff, 0xfe, 0xff, 0xde, 0xff, 0xfe, 0xff, 0xde, 0xff, 0xfe, 0xff, 
    0xde, 0xff, 0xfe, 0xff, 0xdc, 0xff, 0xfe, 0xff, 0xde, 0xff, 0xfe, 0xff, 0xe0, 
    0xff, 0xfe, 0xff, 0xdf, 0xff, 0xfe, 0xff, 0xdc, 0xfe, 0xfe, 0xff, 0xda, 0xfe, 
    0xfe, 0xff, 0xd9, 0xfe, 0xfe, 0xff, 0xda, 0xfe, 0xfe, 0xff, 0xdc, 0xff, 0xfe, 
    0xff, 0xdc, 0xff, 0xfe, 0xff, 0xda, 0xfe, 0xfe, 0xff, 0xdb, 0xff, 0xfe, 0xff, 
    0xdc, 0xff, 0xfe, 0xff, 0xdd, 0xff, 0xfe, 0xff, 0xdb, 0xfe, 0xfe, 0xff, 0xd8, 
    0xfe, 0xfe, 0xff, 0xd9, 0xfe, 0xfd, 0xff, 0xdb, 0xfe, 0xfd, 0xff, 0xdb, 0xff, 
    0xfd, 0xff, 0xda, 0xff, 0xfe, 0xff, 0xdc, 0xff, 0xfe, 0xff, 0xdc, 0xff, 0xfe, 
    0xff, 0xdb, 0xff, 0xfe, 0xff, 0xda, 0xff, 0xfe, 0xff, 0xd7, 0xfc, 0xfc, 0xff, 
    0xd4, 0xf9, 0xfa, 0xff, 0xe7, 0xff, 0xff, 0xff, 0xb5, 0xc8, 0xc9, 0xff, 0x20, 
    0x23, 0x23, 0xff, 0x00, 0x00, 0x00, 0xff, 0x00, 0x00, 0x00, 0xff, 0x80, 0x82, 
    0x82, 0xff, 0xff, 0xff, 0xff, 0xff, 0xfb, 0xfb, 0xfb, 0xff, 0xfe, 0xfe, 0xff, 
    0xff, 0xfe, 0xff, 0xff, 0xff, 0xfe, 0xff, 0xff, 0xff, 0xfa, 0xff, 0xfe, 0xff, 
    0xfa, 0xff, 0xfe, 0xff, 0xfa, 0xff, 0xfe, 0xff, 0xfa, 0xff, 0xfe, 0xff, 0xfa, 
    0xff, 0xfe, 0xff, 0xf9, 0xff, 0xfe, 0xff, 0xf9, 0xff, 0xfe, 0xff, 0xfa, 0xff, 
    0xfe, 0xff, 0xf9, 0xff, 0xfe, 0xff, 0xfa, 0xff, 0xfe, 0xff, 0xfb, 0xff, 0xfe, 
    0xff, 0xfe, 0xff, 0xff, 0xff, 0xff, 0xff, 0xff, 0xff, 0xff, 0xff, 0xff, 0xff, 
    0xfe, 0xff, 0xff, 0xff, 0xfe, 0xff, 0xff, 0xff, 0xfc, 0xff, 0xff, 0xff, 0xfb, 
    0xfe, 0xfe, 0xff, 0xfb, 0xfe, 0xfe, 0xff, 0xfb, 0xff, 0xfe, 0xff, 0xfa, 0xff, 
    0xfe, 0xff, 0xf9, 0xff, 0xfe, 0xff, 0xf9, 0xff, 0xfe, 0xff, 0xf9, 0xff, 0xfe, 
    0xff, 0xfb, 0xff, 0xfe, 0xff, 0xfb, 0xff, 0xfe, 0xff, 0xfb, 0xff, 0xfe, 0xff, 
    0xfa, 0xff, 0xfe, 0xff, 0xfa, 0xff, 0xfe, 0xff, 0xfa, 0xff, 0xfe, 0xff, 0xfd, 
    0xff, 0xfe, 0xff, 0xff, 0xff, 0xff, 0xff, 0xfb, 0xfc, 0xfc, 0xff, 0xff, 0xff, 
    0xff, 0xff, 0xe7, 0xe9, 0xe8, 0xff, 0x3c, 0x3f, 0x3e, 0xff, 0x00, 0x00, 0x00, 
    0xff, 0x00, 0x00, 0x00, 0xff, 0x53, 0x5d, 0x5d, 0xff, 0xd3, 0xe7, 0xe8, 0xff, 
    0xec, 0xff, 0xff, 0xff, 0xdb, 0xfc, 0xfb, 0xff, 0xdb, 0xfd, 0xfc, 0xff, 0xda, 
    0xff, 0xfe, 0xff, 0xda, 0xff, 0xfe, 0xff, 0xdc, 0xff, 0xfe, 0xff, 0xdc, 0xff, 
    0xfe, 0xff, 0xdb, 0xff, 0xfe, 0xff, 0xdd, 0xff, 0xfe, 0xff, 0xdd, 0xff, 0xfe, 
    0xff, 0xdc, 0xff, 0xfe, 0xff, 0xda, 0xfe, 0xfe, 0xff, 0xd9, 0xfe, 0xfe, 0xff, 
    0xd9, 0xfe, 0xfe, 0xff, 0xd9, 0xff, 0xfe, 0xff, 0xdc, 0xff, 0xfd, 0xff, 0xda, 
    0xff, 0xfe, 0xff, 0xda, 0xff, 0xfe, 0xff, 0xda, 0xfe, 0xfe, 0xff, 0xdc, 0xfe, 
    0xfe, 0xff, 0xdb, 0xff, 0xfe, 0xff, 0xda, 0xfe, 0xfe, 0xff, 0xda, 0xfe, 0xfd, 
    0xff, 0xdc, 0xff, 0xfe, 0xff, 0xde, 0xff, 0xfe, 0xff, 0xdf, 0xff, 0xfe, 0xff, 
    0xe0, 0xff, 0xfe, 0xff, 0xdf, 0xff, 0xfe, 0xff, 0xde, 0xff, 0xfe, 0xff, 0xdf, 
    0xff, 0xfe, 0xff, 0xe0, 0xff, 0xfe, 0xff, 0xe0, 0xff, 0xfe, 0xff, 0xe1, 0xff, 
    0xfe, 0xff, 0xe0, 0xff, 0xfe, 0xff, 0xe0, 0xff, 0xfe, 0xff, 0xdd, 0xff, 0xfe, 
    0xff, 0xdd, 0xff, 0xfe, 0xff, 0xde, 0xff, 0xfe, 0xff, 0xdd, 0xff, 0xfe, 0xff, 
    0xdf, 0xff, 0xfe, 0xff, 0xde, 0xff, 0xfe, 0xff, 0xdd, 0xff, 0xfe, 0xff, 0xdc, 
    0xff, 0xfe, 0xff, 0xda, 0xff, 0xfe, 0xff, 0xdc, 0xff, 0xfe, 0xff, 0xdf, 0xff, 
    0xfe, 0xff, 0xdc, 0xff, 0xfe, 0xff, 0xda, 0xfe, 0xfe, 0xff, 0xd9, 0xfe, 0xfe, 
    0xff, 0xdb, 0xfe, 0xfe, 0xff, 0xdd, 0xff, 0xfe, 0xff, 0xde, 0xff, 0xfe, 0xff, 
    0xdd, 0xff, 0xfe, 0xff, 0xdb, 0xff, 0xfe, 0xff, 0xdd, 0xff, 0xfe, 0xff, 0xde, 
    0xff, 0xfe, 0xff, 0xdd, 0xff, 0xfe, 0xff, 0xdc, 0xfe, 0xfe, 0xff, 0xd9, 0xfe, 
    0xfe, 0xff, 0xdb, 0xfe, 0xfe, 0xff, 0xdc, 0xff, 0xfe, 0xff, 0xda, 0xff, 0xfe, 
    0xff, 0xd9, 0xfe, 0xfe, 0xff, 0xd9, 0xfe, 0xfe, 0xff, 0xda, 0xff, 0xfe, 0xff, 
    0xda, 0xfe, 0xfd, 0xff, 0xd5, 0xfa, 0xfa, 0xff, 0xdc, 0xff, 0xff, 0xff, 0xe7, 
    0xff, 0xff, 0xff, 0x8d, 0x9e, 0x9e, 0xff, 0x0d, 0x0f, 0x0e, 0xff, 0x00, 0x00, 
    0x00, 0xff, 0x02, 0x04, 0x03, 0xff, 0x93, 0x95, 0x95, 0xff, 0xff, 0xff, 0xff, 
    0xff, 0xfb, 0xfb, 0xfb, 0xff, 0xfe, 0xff, 0xff, 0xff, 0xff, 0xff, 0xff, 0xff, 
    0xfd, 0xff, 0xfe, 0xff, 0xfb, 0xff, 0xfe, 0xff, 0xfb, 0xff, 0xfe, 0xff, 0xfb, 
    0xff, 0xfe, 0xff, 0xfa, 0xff, 0xfe, 0xff, 0xfa, 0xff, 0xfe, 0xff, 0xfa, 0xff, 
    0xfe, 0xff, 0xfb, 0xff, 0xfe, 0xff, 0xfa, 0xff, 0xfe, 0xff, 0xfa, 0xff, 0xfe, 
    0xff, 0xf9, 0xff, 0xfe, 0xff, 0xfb, 0xff, 0xfe, 0xff, 0xfc, 0xfe, 0xfe, 0xff, 
    0xfe, 0xff, 0xff, 0xff, 0xff, 0xff, 0xff, 0xff, 0xff, 0xff, 0xff, 0xff, 0xfe, 
    0xff, 0xff, 0xff, 0xff, 0xff, 0xff, 0xff, 0xfe, 0xff, 0xff, 0xff, 0xfc, 0xfe, 
    0xfe, 0xff, 0xfa, 0xff, 0xfe, 0xff, 0xfa, 0xff, 0xfe, 0xff, 0xf9, 0xff, 0xfe, 
    0xff, 0xf8, 0xff, 0xfe, 0xff, 0xf8, 0xff, 0xfe, 0xff, 0xf9, 0xff, 0xfe, 0xff, 
    0xfa, 0xff, 0xfe, 0xff, 0xfa, 0xff, 0xfe, 0xff, 0xfa, 0xff, 0xfe, 0xff, 0xfa, 
    0xff, 0xfe, 0xff, 0xfa, 0xff, 0xfe, 0xff, 0xfa, 0xff, 0xfe, 0xff, 0xfb, 0xfe, 
    0xfe, 0xff, 0xfd, 0xff, 0xff, 0xff, 0xfe, 0xff, 0xff, 0xff, 0xfb, 0xfc, 0xfc, 
    0xff, 0xff, 0xff, 0xff, 0xff, 0xf7, 0xf8, 0xf8, 0xff, 0x61, 0x64, 0x64, 0xff, 
    0x00, 0x00, 0x00, 0xff, 0x00, 0x00, 0x00, 0xff, 0x1c, 0x20, 0x21, 0xff, 0x95, 
    0xa6, 0xa7, 0xff, 0xe7, 0xff, 0xff, 0xff, 0xe3, 0xff, 0xff, 0xff, 0xda, 0xfc, 
    0xfb, 0xff, 0xd9, 0xfd, 0xfc, 0xff, 0xd9, 0xff, 0xfe, 0xff, 0xdb, 0xff, 0xfe, 
    0xff, 0xdc, 0xff, 0xfe, 0xff, 0xdb, 0xff, 0xfe, 0xff, 0xdc, 0xff, 0xfe, 0xff, 
    0xdb, 0xff, 0xfd, 0xff, 0xd8, 0xfe, 0xfe, 0xff, 0xd7, 0xfe, 0xfe, 0xff, 0xd9, 
    0xff, 0xfe, 0xff, 0xdb, 0xff, 0xfd, 0xff, 0xde, 0xff, 0xfe, 0xff, 0xdd, 0xff, 
    0xfe, 0xff, 0xdd, 0xff, 0xfe, 0xff, 0xde, 0xff, 0xfe, 0xff, 0xdd, 0xff, 0xfe, 
    0xff, 0xdc, 0xff, 0xfe, 0xff, 0xda, 0xff, 0xfe, 0xff, 0xda, 0xfe, 0xfe, 0xff, 
    0xdd, 0xff, 0xfe, 0xff, 0xde, 0xff, 0xfe, 0xff, 0xde, 0xff, 0xfe, 0xff, 0xdf, 
    0xff, 0xfe, 0xff, 0xdf, 0xff, 0xfe, 0xff, 0xdf, 0xff, 0xfe, 0xff, 0xdf, 0xff, 
    0xfe, 0xff, 0xdf, 0xff, 0xfe, 0xff, 0xe0, 0xff, 0xfe, 0xff, 0xe0, 0xff, 0xfe, 
    0xff, 0xe0, 0xff, 0xfe, 0xff, 0xe0, 0xff, 0xfe, 0xff, 0xdf, 0xff, 0xfe, 0xff, 
    0xdd, 0xff, 0xfe, 0xff, 0xde, 0xff, 0xfe, 0xff, 0xde, 0xff, 0xfe, 0xff, 0xde, 
    0xff, 0xfe, 0xff, 0xde, 0xff, 0xfe, 0xff, 0xde, 0xff, 0xfe, 0xff, 0xde, 0xff, 
    0xfe, 0xff, 0xde, 0xff, 0xfe, 0xff, 0xde, 0xff, 0xfe, 0xff, 0xde, 0xff, 0xfe, 
    0xff, 0xdb, 0xff, 0xfe, 0xff, 0xd8, 0xfe, 0xfe, 0xff, 0xda, 0xfe, 0xfe, 0xff, 
    0xde, 0xff, 0xfe, 0xff, 0xdd, 0xff, 0xfe, 0xff, 0xdd, 0xff, 0xfe, 0xff, 0xdc, 
    0xff, 0xfe, 0xff, 0xdb, 0xff, 0xfe, 0xff, 0xdd, 0xff, 0xfe, 0xff, 0xdf, 0xff, 
    0xfe, 0xff, 0xdd, 0xff, 0xfe, 0xff, 0xdd, 0xff, 0xfe, 0xff, 0xdc, 0xff, 0xfe, 
    0xff, 0xdd, 0xff, 0xfe, 0xff, 0xdd, 0xff, 0xfe, 0xff, 0xda, 0xfe, 0xfe, 0xff, 
    0xd9, 0xfe, 0xfe, 0xff, 0xd8, 0xfd, 0xfd, 0xff, 0xd4, 0xfa, 0xfa, 0xff, 0xd6, 
    0xfd, 0xfe, 0xff, 0xe6, 0xff, 0xff, 0xff, 0xcc, 0xe5, 0xe6, 0xff, 0x51, 0x5a, 
    0x5a, 0xff, 0x00, 0x00, 0x00, 0xff, 0x00, 0x00, 0x00, 0xff, 0x1a, 0x1c, 0x1c, 
    0xff, 0xb6, 0xb7, 0xb7, 0xff, 0xff, 0xff, 0xff, 0xff, 0xfb, 0xfb, 0xfb, 0xff, 
    0xfe, 0xff, 0xff, 0xff, 0xfe, 0xff, 0xff, 0xff, 0xfc, 0xff, 0xfe, 0xff, 0xfa, 
    0xff, 0xfe, 0xff, 0xfa, 0xff, 0xfe, 0xff, 0xfa, 0xff, 0xfe, 0xff, 0xfa, 0xff, 
    0xfe, 0xff, 0xfa, 0xff, 0xfe, 0xff, 0xfa, 0xff, 0xfe, 0xff, 0xfa, 0xff, 0xfe, 
    0xff, 0xfa, 0xff, 0xfe, 0xff, 0xfb, 0xff, 0xfe, 0xff, 0xfa, 0xff, 0xfe, 0xff, 
    0xf9, 0xff, 0xfe, 0xff, 0xfa, 0xff, 0xfe, 0xff, 0xfb, 0xff, 0xfe, 0xff, 0xfe, 
    0xff, 0xff, 0xff, 0xff, 0xff, 0xff, 0xff, 0xff, 0xff, 0xff, 0xff, 0xfe, 0xff, 
    0xff, 0xff, 0xfe, 0xff, 0xff, 0xff, 0xfe, 0xff, 0xff, 0xff, 0xfc, 0xfe, 0xfe, 
    0xff, 0xfc, 0xfe, 0xfe, 0xff, 0xfb, 0xff, 0xfe, 0xff, 0xfa, 0xff, 0xfe, 0xff, 
    0xf9, 0xff, 0xfe, 0xff, 0xf8, 0xff, 0xfe, 0xff, 0xf9, 0xff, 0xfe, 0xff, 0xf9, 
    0xff, 0xfe, 0xff, 0xf9, 0xff, 0xfe, 0xff, 0xf9, 0xff, 0xfe, 0xff, 0xf8, 0xff, 
    0xfe, 0xff, 0xf9, 0xff, 0xfe, 0xff, 0xfb, 0xff, 0xfe, 0xff, 0xfc, 0xfe, 0xfe, 
    0xff, 0xfd, 0xff, 0xfe, 0xff, 0xff, 0xff, 0xff, 0xff, 0xff, 0xff, 0xff, 0xff, 
    0xfc, 0xfd, 0xfd, 0xff, 0xfe, 0xff, 0xff, 0xff, 0xff, 0xff, 0xff, 0xff, 0x99, 
    0x9b, 0x9b, 0xff, 0x10, 0x12, 0x12, 0xff, 0x00, 0x00, 0x00, 0xff, 0x00, 0x00, 
    0x00, 0xff, 0x4c, 0x56, 0x57, 0xff, 0xc0, 0xd9, 0xda, 0xff, 0xe8, 0xff, 0xff, 
    0xff, 0xe2, 0xff, 0xff, 0xff, 0xd6, 0xfb, 0xfb, 0xff, 0xd7, 0xfc, 0xfc, 0xff, 
    0xd9, 0xff, 0xfd, 0xff, 0xda, 0xff, 0xfd, 0xff, 0xda, 0xfe, 0xfe, 0xff, 0xda, 
    0xfe, 0xfe, 0xff, 0xd9, 0xfe, 0xfe, 0xff, 0xda, 0xff, 0xfe, 0xff, 0xda, 0xff, 
    0xfe, 0xff, 0xd8, 0xfe, 0xfe, 0xff, 0xdb, 0xff, 0xfe, 0xff, 0xe0, 0xff, 0xfe, 
    0xff, 0xe0, 0xff, 0xfe, 0xff, 0xdf, 0xff, 0xfe, 0xff, 0xdd, 0xff, 0xfe, 0xff, 
    0xda, 0xff, 0xfe, 0xff, 0xd9, 0xfe, 0xfe, 0xff, 0xd9, 0xfe, 0xfe, 0xff, 0xdc, 
    0xff, 0xfe, 0xff, 0xde, 0xff, 0xfe, 0xff, 0xde, 0xff, 0xfe, 0xff, 0xde, 0xff, 
    0xfe, 0xff, 0xde, 0xff, 0xfe, 0xff, 0xde, 0xff, 0xfe, 0xff, 0xdf, 0xff, 0xfe, 
    0xff, 0xdf, 0xff, 0xfe, 0xff, 0xdf, 0xff, 0xfe, 0xff, 0xe0, 0xff, 0xfe, 0xff, 
    0xdf, 0xff, 0xfe, 0xff, 0xdf, 0xff, 0xfe, 0xff, 0xde, 0xff, 0xfe, 0xff, 0xde, 
    0xff, 0xfe, 0xff, 0xde, 0xff, 0xfe, 0xff, 0xdf, 0xff, 0xfe, 0xff, 0xde, 0xff, 
    0xfe, 0xff, 0xdc, 0xff, 0xfe, 0xff, 0xdd, 0xff, 0xfe, 0xff, 0xdc, 0xff, 0xfe, 
    0xff, 0xdd, 0xff, 0xfe, 0xff, 0xdd, 0xff, 0xfe, 0xff, 0xdd, 0xff, 0xfe, 0xff, 
    0xdc, 0xff, 0xfe, 0xff, 0xdb, 0xff, 0xfe, 0xff, 0xda, 0xfe, 0xfe, 0xff, 0xdd, 
    0xff, 0xfe, 0xff, 0xdd, 0xff, 0xfe, 0xff, 0xdc, 0xff, 0xfe, 0xff, 0xdd, 0xff, 
    0xfe, 0xff, 0xde, 0xff, 0xfe, 0xff, 0xde, 0xff, 0xfe, 0xff, 0xdf, 0xff, 0xfe, 
    0xff, 0xdd, 0xff, 0xfe, 0xff, 0xdc, 0xff, 0xfe, 0xff, 0xdb, 0xff, 0xfe, 0xff, 
    0xdb, 0xff, 0xfe, 0xff, 0xdb, 0xff, 0xfd, 0xff, 0xd9, 0xfd, 0xfd, 0xff, 0xd3, 
    0xfa, 0xfa, 0xff, 0xd6, 0xfd, 0xfe, 0xff, 0xe4, 0xff, 0xff, 0xff, 0xd9, 0xf8, 
    0xf9, 0xff, 0x88, 0x97, 0x97, 0xff, 0x16, 0x19, 0x19, 0xff, 0x00, 0x00, 0x00, 
    0xff, 0x00, 0x00, 0x00, 0xff, 0x48, 0x4a, 0x4a, 0xff, 0xe0, 0xe1, 0xe1, 0xff, 
    0xff, 0xff, 0xff, 0xff, 0xfa, 0xfb, 0xfb, 0xff, 0xfe, 0xff, 0xff, 0xff, 0xfe, 
    0xff, 0xff, 0xff, 0xfd, 0xfe, 0xfe, 0xff, 0xfa, 0xff, 0xfe, 0xff, 0xfa, 0xff, 
    0xfe, 0xff, 0xf9, 0xff, 0xfe, 0xff, 0xf9, 0xff, 0xfe, 0xff, 0xf9, 0xff, 0xfe, 
    0xff, 0xfa, 0xff, 0xfe, 0xff, 0xf9, 0xff, 0xfe, 0xff, 0xf9, 0xff, 0xfe, 0xff, 
    0xfa, 0xff, 0xfe, 0xff, 0xf9, 0xff, 0xfe, 0xff, 0xf9, 0xff, 0xfe, 0xff, 0xfa, 
    0xff, 0xfe, 0xff, 0xf9, 0xff, 0xfe, 0xff, 0xfb, 0xff, 0xfe, 0xff, 0xfe, 0xff, 
    0xff, 0xff, 0xff, 0xff, 0xff, 0xff, 0xff, 0xff, 0xff, 0xff, 0xfe, 0xff, 0xff, 
    0xff, 0xff, 0xff, 0xff, 0xff, 0xfe, 0xff, 0xff, 0xff, 0xfb, 0xff, 0xfe, 0xff, 
    0xfb, 0xff, 0xfe, 0xff, 0xfb, 0xff, 0xfe, 0xff, 0xfb, 0xff, 0xfe, 0xff, 0xfa, 
    0xff, 0xfe, 0xff, 0xfa, 0xff, 0xfe, 0xff, 0xfa, 0xff, 0xfe, 0xff, 0xfa, 0xff, 
    0xfe, 0xff, 0xfa, 0xff, 0xfe, 0xff, 0xfa, 0xff, 0xfe, 0xff, 0xfa, 0xff, 0xfe, 
    0xff, 0xfb, 0xff, 0xfe, 0xff, 0xfb, 0xff, 0xfe, 0xff, 0xfb, 0xfe, 0xfe, 0xff, 
    0xfc, 0xff, 0xfe, 0xff, 0xfc, 0xff, 0xfe, 0xff, 0xfd, 0xff, 0xff, 0xff, 0xfe, 
    0xff, 0xff, 0xff, 0xfe, 0xfe, 0xfe, 0xff, 0xfb, 0xfc, 0xfc, 0xff, 0xff, 0xff, 
    0xff, 0xff, 0xd6, 0xd7, 0xd7, 0xff, 0x4e, 0x50, 0x50, 0xff, 0x00, 0x00, 0x00, 
    0xff, 0x00, 0x00, 0x00, 0xff, 0x0b, 0x0e, 0x0e, 0xff, 0x5c, 0x69, 0x6a, 0xff, 
    0xbc, 0xd6, 0xd7, 0xff, 0xe6, 0xff, 0xff, 0xff, 0xe0, 0xff, 0xff, 0xff, 0xd7, 
    0xfd, 0xfc, 0xff, 0xd7, 0xfb, 0xfa, 0xff, 0xd8, 0xfd, 0xfd, 0xff, 0xd8, 0xfe, 
    0xfe, 0xff, 0xd9, 0xfe, 0xfe, 0xff, 0xdb, 0xfe, 0xfe, 0xff, 0xdc, 0xff, 0xfe, 
    0xff, 0xda, 0xff, 0xfe, 0xff, 0xda, 0xff, 0xfe, 0xff, 0xdd, 0xff, 0xfe, 0xff, 
    0xde, 0xff, 0xfe, 0xff, 0xde, 0xff, 0xfe, 0xff, 0xdc, 0xff, 0xfe, 0xff, 0xdb, 
    0xff, 0xfe, 0xff, 0xdb, 0xff, 0xfe, 0xff, 0xdc, 0xff, 0xfe, 0xff, 0xdd, 0xff, 
    0xfe, 0xff, 0xdd, 0xff, 0xfe, 0xff, 0xde, 0xff, 0xfe, 0xff, 0xde, 0xff, 0xfe, 
    0xff, 0xdd, 0xff, 0xfe, 0xff, 0xdd, 0xff, 0xfe, 0xff, 0xde, 0xff, 0xfe, 0xff, 
    0xdf, 0xff, 0xfe, 0xff, 0xe0, 0xff, 0xfe, 0xff, 0xdf, 0xff, 0xfe, 0xff, 0xdd, 
    0xff, 0xfe, 0xff, 0xdd, 0xff, 0xfe, 0xff, 0xdd, 0xff, 0xfe, 0xff, 0xdd, 0xff, 
    0xfe, 0xff, 0xde, 0xff, 0xfe, 0xff, 0xe0, 0xff, 0xfe, 0xff, 0xe0, 0xff, 0xfe, 
    0xff, 0xdd, 0xff, 0xfe, 0xff, 0xdb, 0xff, 0xfd, 0xff, 0xdb, 0xff, 0xfe, 0xff, 
    0xda, 0xff, 0xfd, 0xff, 0xdb, 0xff, 0xfe, 0xff, 0xdd, 0xff, 0xfe, 0xff, 0xdc, 
    0xff, 0xfe, 0xff, 0xdb, 0xff, 0xfd, 0xff, 0xdb, 0xff, 0xfe, 0xff, 0xdc, 0xff, 
    0xfe, 0xff, 0xdc, 0xff, 0xfe, 0xff, 0xdd, 0xff, 0xfe, 0xff, 0xdf, 0xff, 0xfe, 
    0xff, 0xdf, 0xff, 0xfe, 0xff, 0xdf, 0xff, 0xfe, 0xff, 0xdd, 0xff, 0xfe, 0xff, 
    0xdb, 0xff, 0xfe, 0xff, 0xda, 0xfe, 0xfe, 0xff, 0xd9, 0xfe, 0xfe, 0xff, 0xd8, 
    0xfc, 0xfc, 0xff, 0xd6, 0xfb, 0xfa, 0xff, 0xda, 0xff, 0xff, 0xff, 0xe5, 0xff, 
    0xff, 0xff, 0xd8, 0xfa, 0xfb, 0xff, 0x96, 0xa8, 0xa9, 0xff, 0x2c, 0x31, 0x32, 
    0xff, 0x00, 0x00, 0x00, 0xff, 0x00, 0x00, 0x00, 0xff, 0x0c, 0x0e, 0x0d, 0xff, 
    0x9d, 0x9f, 0x9f, 0xff, 0xff, 0xff, 0xff, 0xff, 0xff, 0xff, 0xff, 0xff, 0xfb, 
    0xfc, 0xfc, 0xff, 0xfe, 0xff, 0xff, 0xff, 0xfe, 0xff, 0xff, 0xff, 0xfe, 0xff, 
    0xff, 0xff, 0xfc, 0xfe, 0xfe, 0xff, 0xfa, 0xff, 0xfe, 0xff, 0xfb, 0xff, 0xfe, 
    0xff, 0xfa, 0xff, 0xfe, 0xff, 0xfa, 0xff, 0xfe, 0xff, 0xfa, 0xff, 0xfe, 0xff, 
    0xfa, 0xff, 0xfe, 0xff, 0xf9, 0xff, 0xfe, 0xff, 0xf9, 0xff, 0xfe, 0xff, 0xfa, 
    0xff, 0xfe, 0xff, 0xfb, 0xff, 0xfe, 0xff, 0xfa, 0xff, 0xfe, 0xff, 0xfa, 0xff, 
    0xfe, 0xff, 0xf9, 0xff, 0xfe, 0xff, 0xfa, 0xff, 0xfe, 0xff, 0xfe, 0xff, 0xff, 
    0xff, 0xff, 0xff, 0xff, 0xff, 0xff, 0xff, 0xff, 0xff, 0xfe, 0xff, 0xff, 0xff, 
    0xfe, 0xff, 0xff, 0xff, 0xfd, 0xff, 0xff, 0xff, 0xfc, 0xff, 0xfe, 0xff, 0xfc, 
    0xff, 0xfe, 0xff, 0xfb, 0xff, 0xfe, 0xff, 0xfb, 0xfe, 0xfe, 0xff, 0xfb, 0xff, 
    0xfe, 0xff, 0xfb, 0xff, 0xfe, 0xff, 0xfa, 0xff, 0xfe, 0xff, 0xfa, 0xff, 0xfe, 
    0xff, 0xfa, 0xff, 0xfe, 0xff, 0xfa, 0xff, 0xfe, 0xff, 0xfa, 0xff, 0xfe, 0xff, 
    0xfb, 0xff, 0xfe, 0xff, 0xfa, 0xff, 0xfe, 0xff, 0xfa, 0xff, 0xfe, 0xff, 0xfc, 
    0xfe, 0xfe, 0xff, 0xfc, 0xff, 0xfe, 0xff, 0xfb, 0xff, 0xfe, 0xff, 0xfc, 0xff, 
    0xfe, 0xff, 0xfe, 0xff, 0xff, 0xff, 0xfe, 0xff, 0xff, 0xff, 0xfb, 0xfc, 0xfc, 
    0xff, 0xff, 0xff, 0xff, 0xff, 0xff, 0xff, 0xff, 0xff, 0xb8, 0xb9, 0xb9, 0xff, 
    0x20, 0x22, 0x22, 0xff, 0x00, 0x02, 0x01, 0xff, 0x00, 0x00, 0x00, 0xff, 0x08, 
    0x0b, 0x0c, 0xff, 0x55, 0x61, 0x63, 0xff, 0xb5, 0xca, 0xcb, 0xff, 0xe3, 0xff, 
    0xff, 0xff, 0xe4, 0xff, 0xff, 0xff, 0xda, 0xff, 0xff, 0xff, 0xd4, 0xfb, 0xfc, 
    0xff, 0xd5, 0xfa, 0xfa, 0xff, 0xd8, 0xfc, 0xfc, 0xff, 0xd9, 0xfe, 0xfd, 0xff, 
    0xda, 0xfe, 0xfe, 0xff, 0xd9, 0xfe, 0xfe, 0xff, 0xda, 0xfe, 0xfe, 0xff, 0xda, 
    0xfe, 0xfe, 0xff, 0xdb, 0xfe, 0xfe, 0xff, 0xdb, 0xfe, 0xfe, 0xff, 0xda, 0xfe, 
    0xfe, 0xff, 0xda, 0xff, 0xfe, 0xff, 0xde, 0xff, 0xfe, 0xff, 0xde, 0xff, 0xfe, 
    0xff, 0xde, 0xff, 0xfe, 0xff, 0xde, 0xff, 0xfe, 0xff, 0xde, 0xff, 0xfe, 0xff, 
    0xdb, 0xff, 0xfe, 0xff, 0xdb, 0xfe, 0xfe, 0xff, 0xdb, 0xff, 0xfe, 0xff, 0xdd, 
    0xfe, 0xfe, 0xff, 0xdd, 0xff, 0xfe, 0xff, 0xdc, 0xff, 0xfe, 0xff, 0xdb, 0xff, 
    0xfe, 0xff, 0xdc, 0xff, 0xfe, 0xff, 0xdb, 0xff, 0xfe, 0xff, 0xdc, 0xff, 0xfe, 
    0xff, 0xde, 0xff, 0xfe, 0xff, 0xe0, 0xff, 0xfe, 0xff, 0xdf, 0xff, 0xfe, 0xff, 
    0xdc, 0xff, 0xfe, 0xff, 0xdc, 0xff, 0xfe, 0xff, 0xdd, 0xff, 0xfe, 0xff, 0xdc, 
    0xff, 0xfe, 0xff, 0xdc, 0xff, 0xfe, 0xff, 0xdc, 0xff, 0xfe, 0xff, 0xdc, 0xff, 
    0xfe, 0xff, 0xdc, 0xff, 0xfe, 0xff, 0xdc, 0xff, 0xfe, 0xff, 0xdc, 0xff, 0xfe, 
    0xff, 0xdd, 0xff, 0xfe, 0xff, 0xdd, 0xff, 0xfe, 0xff, 0xdd, 0xff, 0xfe, 0xff, 
    0xdc, 0xff, 0xfe, 0xff, 0xdd, 0xff, 0xfe, 0xff, 0xdd, 0xfe, 0xfe, 0xff, 0xd7, 
    0xfc, 0xfb, 0xff, 0xd3, 0xf9, 0xfb, 0xff, 0xd6, 0xfb, 0xfc, 0xff, 0xde, 0xff, 
    0xff, 0xff, 0xea, 0xff, 0xff, 0xff, 0xd6, 0xf2, 0xf3, 0xff, 0x89, 0x9c, 0x9d, 
    0xff, 0x2e, 0x34, 0x35, 0xff, 0x00, 0x00, 0x00, 0xff, 0x00, 0x00, 0x00, 0xff, 
    0x0e, 0x12, 0x19, 0xff, 0x07, 0x07, 0x08, 0xff, 0x02, 0x02, 0x02, 0xff, 0x61, 
    0x65, 0x65, 0xff, 0xf4, 0xf5, 0xf5, 0xff, 0xfe, 0xfe, 0xfe, 0xff, 0xfd, 0xfd, 
    0xfd, 0xff, 0xfe, 0xff, 0xff, 0xff, 0xfe, 0xff, 0xff, 0xff, 0xfe, 0xff, 0xff, 
    0xff, 0xfd, 0xfe, 0xfe, 0xff, 0xfa, 0xff, 0xfe, 0xff, 0xfb, 0xff, 0xfe, 0xff, 
    0xfb, 0xff, 0xfe, 0xff, 0xfb, 0xfe, 0xfe, 0xff, 0xfb, 0xff, 0xfe, 0xff, 0xfa, 
    0xff, 0xfe, 0xff, 0xfa, 0xff, 0xfe, 0xff, 0xf9, 0xff, 0xfe, 0xff, 0xfa, 0xff, 
    0xfe, 0xff, 0xfa, 0xff, 0xfe, 0xff, 0xfb, 0xff, 0xfe, 0xff, 0xfb, 0xfe, 0xfe, 
    0xff, 0xfa, 0xff, 0xfe, 0xff, 0xfc, 0xff, 0xfe, 0xff, 0xfe, 0xff, 0xff, 0xff, 
    0xff, 0xff, 0xff, 0xff, 0xff, 0xff, 0xff, 0xff, 0xfe, 0xff, 0xff, 0xff, 0xfe, 
    0xff, 0xff, 0xff, 0xfd, 0xff, 0xff, 0xff, 0xfb, 0xff, 0xfe, 0xff, 0xfc, 0xff, 
    0xfe, 0xff, 0xfb, 0xff, 0xfe, 0xff, 0xfb, 0xfe, 0xfe, 0xff, 0xfb, 0xff, 0xfe, 
    0xff, 0xfb, 0xff, 0xfe, 0xff, 0xfa, 0xff, 0xfe, 0xff, 0xfb, 0xff, 0xfe, 0xff, 
    0xfb, 0xfe, 0xfe, 0xff, 0xfa, 0xff, 0xfe, 0xff, 0xfa, 0xff, 0xfe, 0xff, 0xfb, 
    0xfe, 0xfe, 0xff, 0xfa, 0xff, 0xfe, 0xff, 0xfa, 0xff, 0xfe, 0xff, 0xfa, 0xff, 
    0xfe, 0xff, 0xfc, 0xfe, 0xfe, 0xff, 0xfc, 0xfe, 0xfe, 0xff, 0xfa, 0xff, 0xfe, 
    0xff, 0xfb, 0xff, 0xfe, 0xff, 0xfe, 0xff, 0xff, 0xff, 0xfe, 0xff, 0xff, 0xff, 
    0xf8, 0xf9, 0xf9, 0xff, 0xff, 0xff, 0xff, 0xff, 0xbb, 0xbc, 0xbc, 0xff, 0x13, 
    0x15, 0x14, 0xff, 0x01, 0x00, 0x00, 0xff, 0x1b, 0x23, 0x25, 0xff, 0x00, 0x00, 
    0x00, 0xff, 0x00, 0x00, 0x00, 0xff, 0x00, 0x00, 0x00, 0xff, 0x3d, 0x44, 0x45, 
    0xff, 0x8d, 0xa0, 0xa1, 0xff, 0xc4, 0xe2, 0xe4, 0xff, 0xe2, 0xff, 0xff, 0xff, 
    0xe7, 0xff, 0xff, 0xff, 0xe1, 0xff, 0xff, 0xff, 0xd9, 0xff, 0xfe, 0xff, 0xd6, 
    0xfb, 0xfb, 0xff, 0xd8, 0xfb, 0xfa, 0xff, 0xda, 0xfd, 0xfc, 0xff, 0xda, 0xfe, 
    0xfd, 0xff, 0xd8, 0xfd, 0xfd, 0xff, 0xd8, 0xfe, 0xfd, 0xff, 0xd9, 0xfe, 0xfe, 
    0xff, 0xd9, 0xfe, 0xfe, 0xff, 0xd9, 0xfe, 0xfe, 0xff, 0xdb, 0xff, 0xfe, 0xff, 
    0xde, 0xff, 0xfe, 0xff, 0xdd, 0xff, 0xfe, 0xff, 0xdc, 0xff, 0xfe, 0xff, 0xdb, 
    0xfe, 0xfe, 0xff, 0xd9, 0xfe, 0xfe, 0xff, 0xda, 0xfe, 0xfe, 0xff, 0xda, 0xfe, 
    0xfe, 0xff, 0xdb, 0xff, 0xfd, 0xff, 0xda, 0xff, 0xfd, 0xff, 0xd9, 0xfe, 0xfe, 
    0xff, 0xdb, 0xff, 0xfe, 0xff, 0xdb, 0xff, 0xfd, 0xff, 0xdd, 0xff, 0xfe, 0xff, 
    0xde, 0xff, 0xfe, 0xff, 0xde, 0xff, 0xfe, 0xff, 0xde, 0xff, 0xfe, 0xff, 0xdd, 
    0xff, 0xfe, 0xff, 0xdd, 0xff, 0xfe, 0xff, 0xde, 0xff, 0xfe, 0xff, 0xdc, 0xff, 
    0xfe, 0xff, 0xdd, 0xff, 0xfe, 0xff, 0xdd, 0xff, 0xfe, 0xff, 0xdd, 0xff, 0xfe, 
    0xff, 0xde, 0xff, 0xfe, 0xff, 0xdd, 0xff, 0xfe, 0xff, 0xdc, 0xff, 0xfe, 0xff, 
    0xdc, 0xff, 0xfe, 0xff, 0xdc, 0xff, 0xfe, 0xff, 0xdc, 0xfe, 0xfd, 0xff, 0xdb, 
    0xfc, 0xfb, 0xff, 0xda, 0xfb, 0xfa, 0xff, 0xda, 0xfd, 0xfd, 0xff, 0xe0, 0xff, 
    0xff, 0xff, 0xe5, 0xff, 0xff, 0xff, 0xe1, 0xff, 0xff, 0xff, 0xc2, 0xda, 0xdc, 
    0xff, 0x77, 0x84, 0x85, 0xff, 0x1e, 0x20, 0x1f, 0xff, 0x00, 0x00, 0x00, 0xff, 
    0x00, 0x00, 0x00, 0xff, 0x11, 0x1b, 0x29, 0xff, 0x2d, 0x57, 0x87, 0xff, 0x48, 
    0xa0, 0xe9, 0xff, 0x3f, 0x80, 0xaf, 0xff, 0x06, 0x07, 0x09, 0xff, 0x00, 0x00, 
    0x00, 0xff, 0x41, 0x44, 0x45, 0xff, 0xf4, 0xf5, 0xf6, 0xff, 0xfe, 0xfe, 0xfe, 
    0xff, 0xfc, 0xfd, 0xfd, 0xff, 0xfe, 0xff, 0xff, 0xff, 0xfe, 0xff, 0xff, 0xff, 
    0xfd, 0xff, 0xfe, 0xff, 0xfd, 0xfe, 0xfe, 0xff, 0xfb, 0xff, 0xfe, 0xff, 0xfa, 
    0xff, 0xfe, 0xff, 0xfa, 0xff, 0xfe, 0xff, 0xfa, 0xff, 0xfe, 0xff, 0xfb, 0xfe, 
    0xfe, 0xff, 0xfa, 0xff, 0xfe, 0xff, 0xf9, 0xff, 0xfe, 0xff, 0xf9, 0xff, 0xfe, 
    0xff, 0xfa, 0xff, 0xfe, 0xff, 0xfa, 0xff, 0xfe, 0xff, 0xfb, 0xfe, 0xfe, 0xff, 
    0xfb, 0xff, 0xfe, 0xff, 0xfd, 0xff, 0xff, 0xff, 0xfe, 0xff, 0xff, 0xff, 0xff, 
    0xff, 0xff, 0xff, 0xff, 0xff, 0xff, 0xff, 0xfe, 0xff, 0xff, 0xff, 0xff, 0xff, 
    0xff, 0xff, 0xfe, 0xff, 0xff, 0xff, 0xfc, 0xfe, 0xfe, 0xff, 0xfd, 0xff, 0xff, 
    0xff, 0xfb, 0xff, 0xfe, 0xff, 0xfb, 0xff, 0xfe, 0xff, 0xfb, 0xff, 0xfe, 0xff, 
    0xfb, 0xfe, 0xfe, 0xff, 0xfa, 0xff, 0xfe, 0xff, 0xfb, 0xff, 0xfe, 0xff, 0xfb, 
    0xff, 0xfe, 0xff, 0xfa, 0xff, 0xfe, 0xff, 0xfa, 0xff, 0xfe, 0xff, 0xfa, 0xff, 
    0xfe, 0xff, 0xfa, 0xff, 0xfe, 0xff, 0xfa, 0xff, 0xfe, 0xff, 0xfb, 0xff, 0xfe, 
    0xff, 0xfd, 0xfe, 0xfe, 0xff, 0xfc, 0xfe, 0xfe, 0xff, 0xfb, 0xff, 0xfe, 0xff, 
    0xfc, 0xff, 0xfe, 0xff, 0xfe, 0xff, 0xff, 0xff, 0xfa, 0xfb, 0xfb, 0xff, 0xff, 
    0xff, 0xff, 0xff, 0xa5, 0xa7, 0xa6, 0xff, 0x01, 0x03, 0x03, 0xff, 0x00, 0x00, 
    0x00, 0xff, 0x3f, 0x6f, 0x79, 0xff, 0x82, 0xf0, 0xf5, 0xff, 0x4d, 0x95, 0xaf, 
    0xff, 0x1c, 0x3a, 0x51, 0xff, 0x08, 0x0a, 0x0c, 0xff, 0x00, 0x00, 0x00, 0xff, 
    0x00, 0x00, 0x00, 0xff, 0x10, 0x13, 0x12, 0xff, 0x46, 0x4e, 0x4e, 0xff, 0x84, 
    0x94, 0x94, 0xff, 0xc2, 0xd7, 0xd7, 0xff, 0xe2, 0xff, 0xff, 0xff, 0xe9, 0xff, 
    0xff, 0xff, 0xe6, 0xff, 0xff, 0xff, 0xdf, 0xff, 0xff, 0xff, 0xd7, 0xfe, 0xff, 
    0xff, 0xd6, 0xfd, 0xfe, 0xff, 0xd7, 0xfd, 0xfe, 0xff, 0xd7, 0xfe, 0xfe, 0xff, 
    0xd8, 0xfe, 0xfd, 0xff, 0xd7, 0xfe, 0xfe, 0xff, 0xd7, 0xfe, 0xfe, 0xff, 0xd8, 
    0xfe, 0xfe, 0xff, 0xd9, 0xfe, 0xfe, 0xff, 0xd7, 0xfe, 0xfe, 0xff, 0xd8, 0xfe, 
    0xfe, 0xff, 0xd9, 0xfe, 0xfe, 0xff, 0xd8, 0xfe, 0xfe, 0xff, 0xd9, 0xfe, 0xfe, 
    0xff, 0xd8, 0xfe, 0xfe, 0xff, 0xd8, 0xfe, 0xfe, 0xff, 0xd7, 0xfe, 0xfe, 0xff, 
    0xd7, 0xfe, 0xfe, 0xff, 0xd9, 0xfe, 0xfe, 0xff, 0xd9, 0xfe, 0xfe, 0xff, 0xdb, 
    0xff, 0xfe, 0xff, 0xdc, 0xff, 0xfe, 0xff, 0xdb, 0xff, 0xfe, 0xff, 0xda, 0xfe, 
    0xfe, 0xff, 0xd9, 0xfe, 0xfe, 0xff, 0xd9, 0xfe, 0xfe, 0xff, 0xda, 0xff, 0xfe, 
    0xff, 0xdb, 0xff, 0xfe, 0xff, 0xdb, 0xfe, 0xfe, 0xff, 0xdb, 0xfe, 0xfd, 0xff, 
    0xda, 0xfe, 0xfe, 0xff, 0xdc, 0xff, 0xfe, 0xff, 0xdb, 0xff, 0xfd, 0xff, 0xda, 
    0xff, 0xfe, 0xff, 0xda, 0xfe, 0xfe, 0xff, 0xdc, 0xff, 0xff, 0xff, 0xe5, 0xff, 
    0xff, 0xff, 0xeb, 0xff, 0xff, 0xff, 0xe2, 0xff, 0xff, 0xff, 0xbd, 0xd6, 0xd7, 
    0xff, 0x88, 0x98, 0x98, 0xff, 0x3d, 0x45, 0x45, 0xff, 0x05, 0x03, 0x00, 0xff, 
    0x00, 0x00, 0x00, 0xff, 0x01, 0x04, 0x07, 0xff, 0x1d, 0x36, 0x51, 0xff, 0x33, 
    0x6d, 0xac, 0xff, 0x45, 0xa1, 0xf5, 0xff, 0x4a, 0xb8, 0xff, 0xff, 0x46, 0xb6, 
    0xff, 0xff, 0x4f, 0xc5, 0xff, 0xff, 0x40, 0x83, 0xb2, 0xff, 0x08, 0x07, 0x07, 
    0xff, 0x00, 0x00, 0x00, 0xff, 0x49, 0x4c, 0x4c, 0xff, 0xfb, 0xfc, 0xfc, 0xff, 
    0xfc, 0xfc, 0xfc, 0xff, 0xfd, 0xfe, 0xfe, 0xff, 0xfe, 0xff, 0xff, 0xff, 0xfd, 
    0xff, 0xfe, 0xff, 0xfb, 0xff, 0xfe, 0xff, 0xfb, 0xfe, 0xfe, 0xff, 0xfa, 0xff, 
    0xfe, 0xff, 0xfb, 0xff, 0xfe, 0xff, 0xfc, 0xfe, 0xfe, 0xff, 0xfc, 0xfe, 0xfe, 
    0xff, 0xfd, 0xfe, 0xfe, 0xff, 0xfc, 0xff, 0xfe, 0xff, 0xfb, 0xfe, 0xfe, 0xff, 
    0xfc, 0xfe, 0xfe, 0xff, 0xfb, 0xfe, 0xfe, 0xff, 0xfc, 0xff, 0xfe, 0xff, 0xfc, 
    0xfe, 0xfe, 0xff, 0xfd, 0xff, 0xfe, 0xff, 0xfe, 0xff, 0xff, 0xff, 0xff, 0xff, 
    0xff, 0xff, 0xff, 0xff, 0xff, 0xff, 0xfe, 0xff, 0xff, 0xff, 0xfe, 0xff, 0xff, 
    0xff, 0xfe, 0xff, 0xff, 0xff, 0xfd, 0xff, 0xff, 0xff, 0xfd, 0xff, 0xfe, 0xff, 
    0xfb, 0xff, 0xfe, 0xff, 0xfb, 0xff, 0xfe, 0xff, 0xfc, 0xfe, 0xfe, 0xff, 0xfb, 
    0xff, 0xfe, 0xff, 0xfb, 0xfe, 0xfe, 0xff, 0xfb, 0xfe, 0xfe, 0xff, 0xfb, 0xff, 
    0xfe, 0xff, 0xf9, 0xff, 0xfe, 0xff, 0xf9, 0xff, 0xfe, 0xff, 0xfa, 0xff, 0xfe, 
    0xff, 0xfa, 0xff, 0xfe, 0xff, 0xfb, 0xff, 0xfe, 0xff, 0xfc, 0xff, 0xfe, 0xff, 
    0xfd, 0xfe, 0xfe, 0xff, 0xfb, 0xfe, 0xfe, 0xff, 0xfc, 0xfe, 0xfe, 0xff, 0xfe, 
    0xff, 0xff, 0xff, 0xfb, 0xfb, 0xfb, 0xff, 0xff, 0xff, 0xff, 0xff, 0xb7, 0xb9, 
    0xb9, 0xff, 0x02, 0x04, 0x04, 0xff, 0x00, 0x00, 0x00, 0xff, 0x39, 0x68, 0x73, 
    0xff, 0x7d, 0xfc, 0xff, 0xff, 0x69, 0xe2, 0xfe, 0xff, 0x4b, 0xc2, 0xff, 0xff, 
    0x47, 0xb9, 0xff, 0xff, 0x40, 0x9c, 0xde, 0xff, 0x44, 0x7a, 0x97, 0xff, 0x50, 
    0x58, 0x57, 0xff, 0x11, 0x12, 0x12, 0xff, 0x00, 0x00, 0x00, 0xff, 0x00, 0x00, 
    0x00, 0xff, 0x00, 0x00, 0x00, 0xff, 0x2d, 0x30, 0x30, 0xff, 0x59, 0x60, 0x60, 
    0xff, 0x88, 0x99, 0x99, 0xff, 0xb4, 0xce, 0xcf, 0xff, 0xd7, 0xf9, 0xfb, 0xff, 
    0xd6, 0xfe, 0xfe, 0xff, 0xd5, 0xfd, 0xfe, 0xff, 0xd6, 0xfe, 0xfe, 0xff, 0xd6, 
    0xfe, 0xfe, 0xff, 0xd5, 0xfd, 0xfe, 0xff, 0xd6, 0xfe, 0xfe, 0xff, 0xd8, 0xff, 
    0xfe, 0xff, 0xd9, 0xff, 0xfe, 0xff, 0xd9, 0xff, 0xfe, 0xff, 0xd9, 0xff, 0xfe, 
    0xff, 0xd7, 0xff, 0xff, 0xff, 0xd7, 0xff, 0xff, 0xff, 0xd8, 0xff, 0xfe, 0xff, 
    0xd7, 0xff, 0xfe, 0xff, 0xd6, 0xff, 0xfe, 0xff, 0xd7, 0xff, 0xfe, 0xff, 0xd6, 
    0xff, 0xfe, 0xff, 0xd7, 0xff, 0xfe, 0xff, 0xd8, 0xff, 0xfe, 0xff, 0xda, 0xff, 
    0xfe, 0xff, 0xdb, 0xff, 0xfe, 0xff, 0xd8, 0xff, 0xfe, 0xff, 0xd8, 0xff, 0xfe, 
    0xff, 0xd7, 0xff, 0xfe, 0xff, 0xd5, 0xfe, 0xfe, 0xff, 0xd7, 0xfe, 0xfe, 0xff, 
    0xdb, 0xff, 0xfe, 0xff, 0xda, 0xff, 0xfd, 0xff, 0xd9, 0xff, 0xfe, 0xff, 0xda, 
    0xff, 0xfe, 0xff, 0xda, 0xff, 0xfd, 0xff, 0xd7, 0xfd, 0xfd, 0xff, 0xd7, 0xfd, 
    0xfd, 0xff, 0xdb, 0xfe, 0xfe, 0xff, 0xd4, 0xf4, 0xf4, 0xff, 0xa7, 0xbc, 0xbd, 
    0xff, 0x61, 0x6b, 0x6b, 0xff, 0x2b, 0x2f, 0x2f, 0xff, 0x00, 0x00, 0x00, 0xff, 
    0x00, 0x00, 0x00, 0xff, 0x09, 0x0a, 0x08, 0xff, 0x1f, 0x37, 0x48, 0xff, 0x31, 
    0x66, 0x95, 0xff, 0x44, 0x96, 0xe2, 0xff, 0x49, 0xae, 0xff, 0xff, 0x49, 0xb7, 
    0xff, 0xff, 0x47, 0xb6, 0xff, 0xff, 0x48, 0xb5, 0xfa, 0xff, 0x49, 0xb5, 0xfd, 
    0xff, 0x46, 0xaf, 0xf9, 0xff, 0x50, 0xc1, 0xff, 0xff, 0x41, 0x79, 0xa3, 0xff, 
    0x06, 0x04, 0x03, 0xff, 0x00, 0x00, 0x00, 0xff, 0x61, 0x64, 0x64, 0xff, 0xff, 
    0xff, 0xff, 0xff, 0xfb, 0xfb, 0xfb, 0xff, 0xfe, 0xff, 0xff, 0xff, 0xfd, 0xff, 
    0xff, 0xff, 0xfb, 0xff, 0xfe, 0xff, 0xfb, 0xff, 0xfe, 0xff, 0xfc, 0xff, 0xfe, 
    0xff, 0xfc, 0xff, 0xfe, 0xff, 0xfd, 0xff, 0xfe, 0xff, 0xfe, 0xff, 0xff, 0xff, 
    0xfe, 0xff, 0xff, 0xff, 0xfd, 0xff, 0xfe, 0xff, 0xfc, 0xfe, 0xfe, 0xff, 0xfc, 
    0xfe, 0xfe, 0xff, 0xfc, 0xff, 0xfe, 0xff, 0xfd, 0xff, 0xfe, 0xff, 0xfc, 0xfe, 
    0xfe, 0xff, 0xfc, 0xff, 0xfe, 0xff, 0xfe, 0xff, 0xff, 0xff, 0xff, 0xff, 0xff, 
    0xff, 0xff, 0xff, 0xff, 0xff, 0xfe, 0xff, 0xff, 0xff, 0xfe, 0xff, 0xff, 0xff, 
    0xfe, 0xff, 0xff, 0xff, 0xfc, 0xff, 0xfe, 0xff, 0xfc, 0xfe, 0xfe, 0xff, 0xfb, 
    0xfe, 0xfe, 0xff, 0xfc, 0xff, 0xfe, 0xff, 0xfb, 0xff, 0xfe, 0xff, 0xfb, 0xff, 
    0xfe, 0xff, 0xfb, 0xff, 0xfe, 0xff, 0xfb, 0xfe, 0xfe, 0xff, 0xfb, 0xff, 0xfe, 
    0xff, 0xfa, 0xff, 0xfe, 0xff, 0xf9, 0xff, 0xfe, 0xff, 0xf9, 0xff, 0xfe, 0xff, 
    0xf9, 0xff, 0xfe, 0xff, 0xfa, 0xff, 0xfe, 0xff, 0xfb, 0xff, 0xfe, 0xff, 0xfb, 
    0xff, 0xfe, 0xff, 0xfc, 0xff, 0xfe, 0xff, 0xfe, 0xff, 0xff, 0xff, 0xfc, 0xfc, 
    0xfd, 0xff, 0xff, 0xff, 0xff, 0xff, 0xcc, 0xce, 0xce, 0xff, 0x10, 0x13, 0x13, 
    0xff, 0x00, 0x00, 0x00, 0xff, 0x37, 0x5d, 0x66, 0xff, 0x7f, 0xf9, 0xff, 0xff, 
    0x6f, 0xe4, 0xfa, 0xff, 0x4a, 0xb5, 0xfc, 0xff, 0x40, 0xac, 0xfb, 0xff, 0x45, 
    0xb1, 0xfc, 0xff, 0x43, 0xb5, 0xff, 0xff, 0x84, 0xde, 0xff, 0xff, 0xe5, 0xff, 
    0xff, 0xff, 0xd8, 0xe8, 0xe8, 0xff, 0xac, 0xbe, 0xbe, 0xff, 0x80, 0x8f, 0x8e, 
    0xff, 0x4e, 0x55, 0x54, 0xff, 0x25, 0x28, 0x28, 0xff, 0x03, 0x05, 0x04, 0xff, 
    0x00, 0x00, 0x00, 0xff, 0x10, 0x11, 0x10, 0xff, 0x59, 0x61, 0x62, 0xff, 0xc9, 
    0xe7, 0xe8, 0xff, 0xd6, 0xfd, 0xfe, 0xff, 0xd3, 0xfc, 0xfd, 0xff, 0xd6, 0xfe, 
    0xfe, 0xff, 0xd6, 0xff, 0xfe, 0xff, 0xcd, 0xf8, 0xfd, 0xff, 0xb7, 0xe5, 0xfb, 
    0xff, 0xba, 0xe8, 0xfc, 0xff, 0xbe, 0xeb, 0xfb, 0xff, 0xc5, 0xf0, 0xfc, 0xff, 
    0xca, 0xf6, 0xfc, 0xff, 0xcc, 0xf6, 0xfd, 0xff, 0xd3, 0xfb, 0xfe, 0xff, 0xd1, 
    0xfa, 0xfd, 0xff, 0xce, 0xf9, 0xfd, 0xff, 0xcc, 0xf8, 0xfd, 0xff, 0xce, 0xf9, 
    0xfd, 0xff, 0xcd, 0xf9, 0xfc, 0xff, 0xcf, 0xf9, 0xfc, 0xff, 0xcf, 0xf9, 0xfc, 
    0xff, 0xcb, 0xf6, 0xfc, 0xff, 0xc7, 0xf4, 0xfc, 0xff, 0xc4, 0xf2, 0xfc, 0xff, 
    0xc6, 0xf2, 0xfc, 0xff, 0xc5, 0xf1, 0xfb, 0xff, 0xc6, 0xf1, 0xfb, 0xff, 0xc9, 
    0xf2, 0xfb, 0xff, 0xc6, 0xf0, 0xfb, 0xff, 0xbf, 0xeb, 0xfb, 0xff, 0xbc, 0xe8, 
    0xfb, 0xff, 0xc8, 0xf3, 0xfc, 0xff, 0xce, 0xf8, 0xfc, 0xff, 0xd6, 0xfe, 0xfe, 
    0xff, 0xbc, 0xd8, 0xda, 0xff, 0x68, 0x72, 0x74, 0xff, 0x35, 0x3a, 0x3b, 0xff, 
    0x2b, 0x30, 0x30, 0xff, 0x4a, 0x50, 0x50, 0xff, 0x7c, 0x8a, 0x8a, 0xff, 0xaf, 
    0xc2, 0xc3, 0xff, 0xc3, 0xe5, 0xe9, 0xff, 0x7c, 0xd2, 0xff, 0xff, 0x4d, 0xb9, 
    0xff, 0xff, 0x4a, 0xb3, 0xff, 0xff, 0x49, 0xb3, 0xfb, 0xff, 0x48, 0xb3, 0xfb, 
    0xff, 0x48, 0xb4, 0xfd, 0xff, 0x4a, 0xb5, 0xfe, 0xff, 0x4a, 0xb5, 0xfe, 0xff, 
    0x4b, 0xb5, 0xfe, 0xff, 0x49, 0xb0, 0xfa, 0xff, 0x55, 0xc2, 0xff, 0xff, 0x3a, 
    0x6a, 0x8c, 0xff, 0x04, 0x03, 0x00, 0xff, 0x00, 0x00, 0x00, 0xff, 0x89, 0x8c, 
    0x8c, 0xff, 0xff, 0xff, 0xff, 0xff, 0xfb, 0xfb, 0xfb, 0xff, 0xfe, 0xff, 0xff, 
    0xff, 0xfb, 0xff, 0xfe, 0xff, 0xfc, 0xff, 0xfe, 0xff, 0xfd, 0xff, 0xfe, 0xff, 
    0xfc, 0xff, 0xfe, 0xff, 0xfc, 0xff, 0xfe, 0xff, 0xfc, 0xff, 0xfe, 0xff, 0xfe, 
    0xff, 0xff, 0xff, 0xfd, 0xff, 0xff, 0xff, 0xfb, 0xfe, 0xfe, 0xff, 0xfd, 0xff, 
    0xff, 0xff, 0xfd, 0xff, 0xff, 0xff, 0xfd, 0xfe, 0xfe, 0xff, 0xfc, 0xfe, 0xfe, 
    0xff, 0xfc, 0xff, 0xfe, 0xff, 0xfe, 0xff, 0xff, 0xff, 0xff, 0xff, 0xff, 0xff, 
    0xff, 0xff, 0xff, 0xff, 0xfe, 0xff, 0xff, 0xff, 0xfe, 0xff, 0xff, 0xff, 0xfe, 
    0xff, 0xff, 0xff, 0xfc, 0xff, 0xfe, 0xff, 0xfc, 0xfe, 0xfe, 0xff, 0xfb, 0xfe, 
    0xfe, 0xff, 0xfb, 0xff, 0xfe, 0xff, 0xfa, 0xff, 0xfe, 0xff, 0xfa, 0xff, 0xfe, 
    0xff, 0xf9, 0xff, 0xfe, 0xff, 0xfb, 0xff, 0xfe, 0xff, 0xfa, 0xff, 0xfe, 0xff, 
    0xfb, 0xff, 0xfe, 0xff, 0xfb, 0xff, 0xfe, 0xff, 0xf9, 0xff, 0xfe, 0xff, 0xf8, 
    0xff, 0xfe, 0xff, 0xfa, 0xff, 0xfe, 0xff, 0xfa, 0xff, 0xfe, 0xff, 0xfb, 0xff, 
    0xfe, 0xff, 0xfe, 0xff, 0xff, 0xff, 0xfd, 0xfd, 0xfe, 0xff, 0xfd, 0xfe, 0xfe, 
    0xff, 0xed, 0xee, 0xed, 0xff, 0x1e, 0x22, 0x21, 0xff, 0x00, 0x00, 0x00, 0xff, 
    0x29, 0x45, 0x4d, 0xff, 0x7e, 0xf1, 0xff, 0xff, 0x70, 0xe5, 0xfb, 0xff, 0x52, 
    0xbc, 0xfc, 0xff, 0x45, 0xaf, 0xfe, 0xff, 0x48, 0xb1, 0xfe, 0xff, 0x4a, 0xb5, 
    0xfe, 0xff, 0x52, 0xb7, 0xfb, 0xff, 0xa5, 0xe0, 0xf2, 0xff, 0xd6, 0xf8, 0xf9, 
    0xff, 0xe3, 0xff, 0xff, 0xff, 0xe9, 0xff, 0xff, 0xff, 0xed, 0xff, 0xff, 0xff, 
    0xec, 0xff, 0xff, 0xff, 0xdf, 0xfb, 0xfb, 0xff, 0xcb, 0xe4, 0xe4, 0xff, 0xbe, 
    0xd5, 0xd4, 0xff, 0xb4, 0xcb, 0xcb, 0xff, 0xc2, 0xdb, 0xdb, 0xff, 0xd8, 0xfc, 
    0xfc, 0xff, 0xd4, 0xfe, 0xfe, 0xff, 0xd5, 0xfe, 0xfe, 0xff, 0xc0, 0xe9, 0xfb, 
    0xff, 0xb0, 0xdd, 0xfa, 0xff, 0xb8, 0xe4, 0xfb, 0xff, 0xaf, 0xde, 0xfb, 0xff, 
    0xa4, 0xd6, 0xfc, 0xff, 0xa6, 0xd9, 0xfb, 0xff, 0xa6, 0xd8, 0xfb, 0xff, 0xa3, 
    0xd5, 0xfc, 0xff, 0xa2, 0xd4, 0xfd, 0xff, 0xa8, 0xd8, 0xfd, 0xff, 0xa5, 0xd6, 
    0xfd, 0xff, 0xa6, 0xd6, 0xfc, 0xff, 0xa8, 0xd7, 0xfd, 0xff, 0xa9, 0xd9, 0xfd, 
    0xff, 0xa7, 0xd7, 0xfd, 0xff, 0xa8, 0xd7, 0xfd, 0xff, 0xa8, 0xd7, 0xfd, 0xff, 
    0xa9, 0xd9, 0xfd, 0xff, 0xac, 0xdc, 0xfd, 0xff, 0xa8, 0xd8, 0xfc, 0xff, 0xaa, 
    0xd9, 0xfc, 0xff, 0xa8, 0xd7, 0xfd, 0xff, 0xa6, 0xd6, 0xfd, 0xff, 0xa6, 0xd6, 
    0xfc, 0xff, 0xa4, 0xd4, 0xfc, 0xff, 0x9f, 0xd1, 0xfd, 0xff, 0xac, 0xdd, 0xfb, 
    0xff, 0xca, 0xf5, 0xfc, 0xff, 0xd6, 0xfd, 0xfd, 0xff, 0xd2, 0xfc, 0xfd, 0xff, 
    0xd0, 0xf7, 0xf8, 0xff, 0xd4, 0xf3, 0xf2, 0xff, 0xd9, 0xf7, 0xf6, 0xff, 0xe3, 
    0xff, 0xff, 0xff, 0xed, 0xff, 0xff, 0xff, 0xef, 0xff, 0xff, 0xff, 0xe4, 0xff, 
    0xff, 0xff, 0xc4, 0xf2, 0xfb, 0xff, 0xa8, 0xe1, 0xf3, 0xff, 0x54, 0xb9, 0xf7, 
    0xff, 0x4a, 0xb3, 0xfd, 0xff, 0x4b, 0xb5, 0xfe, 0xff, 0x4a, 0xb4, 0xfe, 0xff, 
    0x49, 0xb4, 0xfe, 0xff, 0x4b, 0xb5, 0xfe, 0xff, 0x4b, 0xb5, 0xfe, 0xff, 0x4a, 
    0xb4, 0xfe, 0xff, 0x4a, 0xb2, 0xfe, 0xff, 0x4d, 0xb8, 0xfb, 0xff, 0x4d, 0xa8, 
    0xff, 0xff, 0x18, 0x2a, 0x57, 0xff, 0x02, 0x01, 0x00, 0xff, 0x01, 0x03, 0x03, 
    0xff, 0xbf, 0xc2, 0xc2, 0xff, 0xff, 0xff, 0xff, 0xff, 0xfc, 0xfc, 0xfc, 0xff, 
    0xfe, 0xff, 0xff, 0xff, 0xfd, 0xfe, 0xfe, 0xff, 0xfc, 0xfe, 0xfe, 0xff, 0xfc, 
    0xff, 0xfe, 0xff, 0xfb, 0xff, 0xfe, 0xff, 0xfb, 0xfe, 0xfe, 0xff, 0xfd, 0xfe, 
    0xfe, 0xff, 0xfd, 0xfe, 0xfe, 0xff, 0xfc, 0xfe, 0xfe, 0xff, 0xfd, 0xff, 0xfe, 
    0xff, 0xfd, 0xfe, 0xfe, 0xff, 0xfc, 0xfe, 0xfe, 0xff, 0xfc, 0xff, 0xfe, 0xff, 
    0xfd, 0xff, 0xff, 0xff, 0xff, 0xff, 0xff, 0xff, 0xff, 0xff, 0xff, 0xff, 0xff, 
    0xff, 0xff, 0xff, 0xfe, 0xff, 0xff, 0xff, 0xfe, 0xff, 0xff, 0xff, 0xfe, 0xff, 
    0xff, 0xff, 0xfb, 0xff, 0xfe, 0xff, 0xfa, 0xff, 0xfe, 0xff, 0xfa, 0xff, 0xfe, 
    0xff, 0xfa, 0xff, 0xfe, 0xff, 0xfa, 0xff, 0xfe, 0xff, 0xf9, 0xff, 0xfe, 0xff, 
    0xf9, 0xff, 0xfe, 0xff, 0xf9, 0xff, 0xfe, 0xff, 0xfa, 0xff, 0xfe, 0xff, 0xfb, 
    0xff, 0xfe, 0xff, 0xfb, 0xff, 0xfe, 0xff, 0xfb, 0xff, 0xfe, 0xff, 0xfb, 0xfe, 
    0xfe, 0xff, 0xfa, 0xff, 0xfe, 0xff, 0xfb, 0xfe, 0xfe, 0xff, 0xfd, 0xff, 0xff, 
    0xff, 0xfe, 0xff, 0xff, 0xff, 0xfb, 0xfb, 0xfb, 0xff, 0xff, 0xff, 0xff, 0xff, 
    0x51, 0x54, 0x54, 0xff, 0x00, 0x00, 0x00, 0xff, 0x12, 0x1e, 0x20, 0xff, 0x73, 
    0xdc, 0xeb, 0xff, 0x76, 0xf0, 0xfe, 0xff, 0x55, 0xc1, 0xfa, 0xff, 0x4a, 0xb3, 
    0xfe, 0xff, 0x4b, 0xb6, 0xfe, 0xff, 0x4b, 0xb5, 0xfe, 0xff, 0x4e, 0xb8, 0xfe, 
    0xff, 0x46, 0xb2, 0xfd, 0xff, 0x97, 0xda, 0xf9, 0xff, 0xdf, 0xfc, 0xfa, 0xff, 
    0xdb, 0xfb, 0xfb, 0xff, 0xdb, 0xfc, 0xfb, 0xff, 0xdb, 0xfb, 0xfa, 0xff, 0xdb, 
    0xfd, 0xfb, 0xff, 0xe0, 0xff, 0xff, 0xff, 0xe5, 0xff, 0xff, 0xff, 0xe9, 0xff, 
    0xff, 0xff, 0xe8, 0xff, 0xff, 0xff, 0xe5, 0xff, 0xff, 0xff, 0xd9, 0xff, 0xfe, 
    0xff, 0xd6, 0xff, 0xfe, 0xff, 0xd4, 0xfe, 0xfd, 0xff, 0xd4, 0xfb, 0xfd, 0xff, 
    0xbe, 0xe8, 0xfb, 0xff, 0xa5, 0xd6, 0xfb, 0xff, 0xa7, 0xd8, 0xfc, 0xff, 0xa8, 
    0xd8, 0xfd, 0xff, 0xa6, 0xd7, 0xfd, 0xff, 0xa5, 0xd4, 0xfd, 0xff, 0xa1, 0xd2, 
    0xfd, 0xff, 0xa1, 0xd2, 0xfd, 0xff, 0xa0, 0xd1, 0xfd, 0xff, 0xa4, 0xd4, 0xfd, 
    0xff, 0xa6, 0xd5, 0xfe, 0xff, 0xa5, 0xd5, 0xfe, 0xff, 0xa4, 0xd4, 0xfe, 0xff, 
    0xa4, 0xd4, 0xfe, 0xff, 0xa5, 0xd5, 0xfe, 0xff, 0xa5, 0xd6, 0xfe, 0xff, 0xa4, 
    0xd4, 0xfe, 0xff, 0xa3, 0xd4, 0xfe, 0xff, 0xa3, 0xd4, 0xfe, 0xff, 0xa5, 0xd5, 
    0xfe, 0xff, 0xa3, 0xd4, 0xfd, 0xff, 0xa1, 0xd2, 0xfc, 0xff, 0x9e, 0xd0, 0xfc, 
    0xff, 0xa5, 0xd7, 0xfd, 0xff, 0xb8, 0xe7, 0xfb, 0xff, 0xcc, 0xf7, 0xfb, 0xff, 
    0xd9, 0xff, 0xfe, 0xff, 0xd9, 0xfe, 0xfe, 0xff, 0xd7, 0xfe, 0xfe, 0xff, 0xd8, 
    0xff, 0xff, 0xff, 0xdd, 0xff, 0xff, 0xff, 0xdf, 0xff, 0xff, 0xff, 0xde, 0xff, 
    0xfe, 0xff, 0xdc, 0xfd, 0xfb, 0xff, 0xda, 0xfb, 0xfa, 0xff, 0xdf, 0xfc, 0xfb, 
    0xff, 0x8f, 0xd2, 0xf2, 0xff, 0x5c, 0xbe, 0xf7, 0xff, 0x52, 0xbb, 0xfc, 0xff, 
    0x49, 0xb3, 0xfe, 0xff, 0x49, 0xb3, 0xfe, 0xff, 0x4a, 0xb4, 0xfe, 0xff, 0x4a, 
    0xb5, 0xfe, 0xff, 0x49, 0xb5, 0xfe, 0xff, 0x4a, 0xb4, 0xfe, 0xff, 0x4b, 0xb4, 
    0xfe, 0xff, 0x4d, 0xb6, 0xfe, 0xff, 0x3d, 0x95, 0xf5, 0xff, 0x25, 0x68, 0xf8, 
    0xff, 0x26, 0x60, 0xea, 0xff, 0x0b, 0x12, 0x22, 0xff, 0x00, 0x00, 0x00, 0xff, 
    0x23, 0x25, 0x25, 0xff, 0xf3, 0xf4, 0xf4, 0xff, 0xfc, 0xfd, 0xfd, 0xff, 0xfd, 
    0xfe, 0xfe, 0xff, 0xfd, 0xff, 0xfe, 0xff, 0xfc, 0xfe, 0xfe, 0xff, 0xfd, 0xff, 
    0xff, 0xff, 0xfc, 0xfe, 0xfe, 0xff, 0xfd, 0xff, 0xfe, 0xff, 0xfd, 0xff, 0xfe, 
    0xff, 0xfd, 0xff, 0xff, 0xff, 0xfc, 0xfe, 0xfe, 0xff, 0xfb, 0xfe, 0xfe, 0xff, 
    0xfc, 0xff, 0xfe, 0xff, 0xfc, 0xfe, 0xfe, 0xff, 0xfb, 0xfe, 0xfe, 0xff, 0xfd, 
    0xff, 0xff, 0xff, 0xfe, 0xff, 0xff, 0xff, 0xff, 0xff, 0xff, 0xff, 0xff, 0xff, 
    0xff, 0xff, 0xfe, 0xff, 0xff, 0xff, 0xfe, 0xff, 0xff, 0xff, 0xfd, 0xff, 0xff, 
    0xff, 0xfa, 0xff, 0xfe, 0xff, 0xfb, 0xff, 0xfe, 0xff, 0xfb, 0xfe, 0xfe, 0xff, 
    0xfb, 0xfe, 0xfe, 0xff, 0xfa, 0xff, 0xfe, 0xff, 0xf9, 0xff, 0xfe, 0xff, 0xf9, 
    0xff, 0xfe, 0xff, 0xf8, 0xff, 0xfe, 0xff, 0xfa, 0xff, 0xfe, 0xff, 0xfb, 0xfe, 
    0xfe, 0xff, 0xfc, 0xfe, 0xfe, 0xff, 0xfc, 0xfe, 0xfe, 0xff, 0xfc, 0xff, 0xfe, 
    0xff, 0xfb, 0xfe, 0xfe, 0xff, 0xfc, 0xff, 0xfe, 0xff, 0xff, 0xff, 0xff, 0xff, 
    0xfb, 0xfb, 0xfc, 0xff, 0xff, 0xff, 0xff, 0xff, 0x91, 0x93, 0x93, 0xff, 0x00, 
    0x00, 0x00, 0xff, 0x05, 0x06, 0x05, 0xff, 0x33, 0x65, 0xb3, 0xff, 0x4f, 0xac, 
    0xfe, 0xff, 0x5a, 0xc4, 0xf6, 0xff, 0x50, 0xc0, 0xff, 0xff, 0x4c, 0xb9, 0xfe, 
    0xff, 0x4d, 0xb9, 0xfd, 0xff, 0x4f, 0xba, 0xfd, 0xff, 0x4d, 0xb6, 0xfe, 0xff, 
    0x4a, 0xb5, 0xfe, 0xff, 0x62, 0xbf, 0xfa, 0xff, 0xce, 0xf4, 0xf9, 0xff, 0xe0, 
    0xfe, 0xfe, 0xff, 0xde, 0xff, 0xfe, 0xff, 0xdd, 0xff, 0xfe, 0xff, 0xde, 0xff, 
    0xfe, 0xff, 0xde, 0xfe, 0xfd, 0xff, 0xde, 0xfd, 0xfc, 0xff, 0xde, 0xfd, 0xfc, 
    0xff, 0xde, 0xfc, 0xfc, 0xff, 0xdd, 0xfd, 0xfc, 0xff, 0xdc, 0xff, 0xfe, 0xff, 
    0xd8, 0xff, 0xfe, 0xff, 0xd5, 0xfe, 0xfe, 0xff, 0xd6, 0xff, 0xfe, 0xff, 0xdb, 
    0xff, 0xfe, 0xff, 0xcc, 0xf5, 0xfd, 0xff, 0xb5, 0xe2, 0xfc, 0xff, 0xa9, 0xd9, 
    0xfb, 0xff, 0xa0, 0xd2, 0xfd, 0xff, 0xa2, 0xd3, 0xfd, 0xff, 0xa4, 0xd4, 0xfe, 
    0xff, 0xa4, 0xd4, 0xfe, 0xff, 0xa2, 0xd3, 0xfd, 0xff, 0xa3, 0xd3, 0xfd, 0xff, 
    0xa4, 0xd4, 0xfe, 0xff, 0xa3, 0xd5, 0xfe, 0xff, 0xa4, 0xd6, 0xfe, 0xff, 0xa6, 
    0xd7, 0xfe, 0xff, 0xa7, 0xd9, 0xfd, 0xff, 0xa6, 0xd8, 0xfd, 0xff, 0xa6, 0xd7, 
    0xfe, 0xff, 0xa6, 0xd7, 0xfd, 0xff, 0xa3, 0xd4, 0xfd, 0xff, 0xa1, 0xd3, 0xfd, 
    0xff, 0x9e, 0xd0, 0xfd, 0xff, 0x9f, 0xd2, 0xfa, 0xff, 0xb2, 0xe2, 0xfa, 0xff, 
    0xc7, 0xf3, 0xfb, 0xff, 0xd5, 0xfe, 0xfd, 0xff, 0xd8, 0xff, 0xfe, 0xff, 0xd8, 
    0xfe, 0xfe, 0xff, 0xd9, 0xfe, 0xfe, 0xff, 0xd8, 0xfe, 0xfe, 0xff, 0xd9, 0xfe, 
    0xfd, 0xff, 0xdb, 0xfe, 0xfd, 0xff, 0xde, 0xfe, 0xfd, 0xff, 0xde, 0xff, 0xfe, 
    0xff, 0xdf, 0xff, 0xfe, 0xff, 0xdd, 0xfe, 0xfe, 0xff, 0xe3, 0xff, 0xff, 0xff, 
    0xb7, 0xe8, 0xf7, 0xff, 0x55, 0xb9, 0xf6, 0xff, 0x4a, 0xb7, 0xff, 0xff, 0x4b, 
    0xb6, 0xfe, 0xff, 0x4b, 0xb4, 0xfe, 0xff, 0x4b, 0xb5, 0xfe, 0xff, 0x4c, 0xb7, 
    0xfe, 0xff, 0x4b, 0xb6, 0xfe, 0xff, 0x4c, 0xb8, 0xff, 0xff, 0x4d, 0xb9, 0xfd, 
    0xff, 0x34, 0x87, 0xf1, 0xff, 0x24, 0x64, 0xef, 0xff, 0x23, 0x64, 0xf0, 0xff, 
    0x22, 0x68, 0xff, 0xff, 0x26, 0x51, 0xb8, 0xff, 0x07, 0x06, 0x04, 0xff, 0x00, 
    0x00, 0x00, 0xff, 0x72, 0x75, 0x75, 0xff, 0xff, 0xff, 0xff, 0xff, 0xfb, 0xfc, 
    0xfc, 0xff, 0xfe, 0xff, 0xff, 0xff, 0xfc, 0xfe, 0xfe, 0xff, 0xfc, 0xfe, 0xfe, 
    0xff, 0xfb, 0xff, 0xfe, 0xff, 0xfd, 0xfe, 0xfe, 0xff, 0xfd, 0xff, 0xff, 0xff, 
    0xfc, 0xff, 0xfe, 0xff, 0xfc, 0xfe, 0xfe, 0xff, 0xfa, 0xff, 0xfe, 0xff, 0xfa, 
    0xff, 0xfe, 0xff, 0xfc, 0xfe, 0xfe, 0xff, 0xfc, 0xfe, 0xfe, 0xff, 0xfc, 0xfe, 
    0xfe, 0xff, 0xfe, 0xff, 0xff, 0xff, 0xff, 0xff, 0xff, 0xff, 0xff, 0xff, 0xff, 
    0xff, 0xfe, 0xff, 0xff, 0xff, 0xff, 0xff, 0xff, 0xff, 0xfe, 0xff, 0xff, 0xff, 
    0xfb, 0xff, 0xfe, 0xff, 0xfb, 0xff, 0xfe, 0xff, 0xfb, 0xff, 0xfe, 0xff, 0xfb, 
    0xfe, 0xfe, 0xff, 0xfa, 0xff, 0xfe, 0xff, 0xfa, 0xff, 0xfe, 0xff, 0xf9, 0xff, 
    0xfe, 0xff, 0xfa, 0xff, 0xfe, 0xff, 0xf9, 0xff, 0xfe, 0xff, 0xfa, 0xff, 0xfe, 
    0xff, 0xfc, 0xfe, 0xfe, 0xff, 0xfc, 0xff, 0xfe, 0xff, 0xfc, 0xfe, 0xfe, 0xff, 
    0xfc, 0xfe, 0xfe, 0xff, 0xfe, 0xff, 0xff, 0xff, 0xfc, 0xfd, 0xfd, 0xff, 0xfe, 
    0xfe, 0xfe, 0xff, 0xdd, 0xdd, 0xdd, 0xff, 0x0d, 0x0f, 0x10, 0xff, 0x01, 0x00, 
    0x00, 0xff, 0x1d, 0x36, 0x6f, 0xff, 0x2e, 0x76, 0xff, 0xff, 0x1f, 0x62, 0xf1, 
    0xff, 0x2b, 0x70, 0xf2, 0xff, 0x43, 0x9d, 0xf7, 0xff, 0x50, 0xc3, 0xfe, 0xff, 
    0x52, 0xc0, 0xfe, 0xff, 0x50, 0xb9, 0xfd, 0xff, 0x4a, 0xb5, 0xfe, 0xff, 0x4c, 
    0xb8, 0xfe, 0xff, 0x57, 0xbb, 0xfb, 0xff, 0xa7, 0xe1, 0xf5, 0xff, 0xd5, 0xfa, 
    0xfb, 0xff, 0xdd, 0xfe, 0xfe, 0xff, 0xdb, 0xff, 0xfe, 0xff, 0xde, 0xff, 0xfe, 
    0xff, 0xe0, 0xff, 0xfe, 0xff, 0xe0, 0xff, 0xfe, 0xff, 0xe1, 0xfe, 0xfe, 0xff, 
    0xe2, 0xfe, 0xfe, 0xff, 0xe0, 0xff, 0xfe, 0xff, 0xdd, 0xff, 0xfe, 0xff, 0xd9, 
    0xfe, 0xfe, 0xff, 0xd7, 0xfe, 0xfe, 0xff, 0xd7, 0xfe, 0xfe, 0xff, 0xd6, 0xfd, 
    0xfe, 0xff, 0xda, 0xff, 0xfe, 0xff, 0xda, 0xff, 0xfe, 0xff, 0xd0, 0xf8, 0xfc, 
    0xff, 0xbd, 0xe9, 0xfc, 0xff, 0xad, 0xdf, 0xfb, 0xff, 0xa4, 0xd7, 0xfb, 0xff, 
    0xa2, 0xd6, 0xfd, 0xff, 0xa4, 0xd6, 0xfd, 0xff, 0xa5, 0xd6, 0xfd, 0xff, 0xa7, 
    0xd8, 0xfd, 0xff, 0xa6, 0xd7, 0xfe, 0xff, 0xa7, 0xd8, 0xfe, 0xff, 0xa8, 0xd9, 
    0xfe, 0xff, 0xa7, 0xd9, 0xfe, 0xff, 0xa5, 0xd8, 0xfe, 0xff, 0xa2, 0xd5, 0xfe, 
    0xff, 0xa1, 0xd4, 0xfd, 0xff, 0xa1, 0xd5, 0xfc, 0xff, 0xa5, 0xd8, 0xfc, 0xff, 
    0xb2, 0xe1, 0xfb, 0xff, 0xc5, 0xf1, 0xfc, 0xff, 0xd5, 0xfd, 0xfe, 0xff, 0xd7, 
    0xfe, 0xff, 0xff, 0xd6, 0xfe, 0xfe, 0xff, 0xd7, 0xfe, 0xfe, 0xff, 0xd7, 0xfe, 
    0xfe, 0xff, 0xd7, 0xfe, 0xfe, 0xff, 0xda, 0xfe, 0xfe, 0xff, 0xdc, 0xff, 0xfe, 
    0xff, 0xdd, 0xff, 0xfe, 0xff, 0xde, 0xff, 0xfe, 0xff, 0xdf, 0xff, 0xfe, 0xff, 
    0xe0, 0xff, 0xfe, 0xff, 0xde, 0xff, 0xfe, 0xff, 0xdc, 0xfe, 0xfe, 0xff, 0xe6, 
    0xff, 0xfe, 0xff, 0xae, 0xe3, 0xf6, 0xff, 0x4b, 0xb5, 0xfb, 0xff, 0x4d, 0xb9, 
    0xfe, 0xff, 0x4a, 0xb5, 0xfe, 0xff, 0x4b, 0xb5, 0xfe, 0xff, 0x4c, 0xb6, 0xfe, 
    0xff, 0x4e, 0xb9, 0xff, 0xff, 0x49, 0xaf, 0xfa, 0xff, 0x31, 0x82, 0xf2, 0xff, 
    0x25, 0x67, 0xf2, 0xff, 0x23, 0x65, 0xf4, 0xff, 0x22, 0x63, 0xf5, 0xff, 0x20, 
    0x61, 0xf2, 0xff, 0x2d, 0x71, 0xff, 0xff, 0x1f, 0x36, 0x6c, 0xff, 0x02, 0x01, 
    0x00, 0xff, 0x04, 0x05, 0x06, 0xff, 0xce, 0xcf, 0xcf, 0xff, 0xff, 0xff, 0xff, 
    0xff, 0xfc, 0xfc, 0xfc, 0xff, 0xfe, 0xff, 0xff, 0xff, 0xfd, 0xfe, 0xfe, 0xff, 
    0xfc, 0xff, 0xfe, 0xff, 0xfd, 0xff, 0xff, 0xff, 0xfd, 0xff, 0xff, 0xff, 0xfb, 
    0xff, 0xfe, 0xff, 0xfb, 0xff, 0xfe, 0xff, 0xfc, 0xff, 0xfe, 0xff, 0xfb, 0xff, 
    0xfe, 0xff, 0xfc, 0xff, 0xfe, 0xff, 0xfd, 0xff, 0xfe, 0xff, 0xfc, 0xff, 0xfe, 
    0xff, 0xfe, 0xff, 0xff, 0xff, 0xff, 0xff, 0xff, 0xff, 0xff, 0xff, 0xff, 0xff, 
    0xfe, 0xff, 0xff, 0xff, 0xfe, 0xff, 0xff, 0xff, 0xfd, 0xff, 0xff, 0xff, 0xfb, 
    0xff, 0xfe, 0xff, 0xfb, 0xff, 0xfe, 0xff, 0xfa, 0xff, 0xfe, 0xff, 0xfa, 0xff, 
    0xfe, 0xff, 0xfa, 0xff, 0xfe, 0xff, 0xf9, 0xff, 0xfe, 0xff, 0xfa, 0xff, 0xfe, 
    0xff, 0xf9, 0xff, 0xfe, 0xff, 0xfa, 0xff, 0xfe, 0xff, 0xfa, 0xff, 0xfe, 0xff, 
    0xfb, 0xff, 0xfe, 0xff, 0xfc, 0xfe, 0xfe, 0xff, 0xfb, 0xff, 0xfe, 0xff, 0xfc, 
    0xff, 0xfe, 0xff, 0xfe, 0xff, 0xff, 0xff, 0xfb, 0xfc, 0xfc, 0xff, 0xff, 0xff, 
    0xff, 0xff, 0x48, 0x4b, 0x4b, 0xff, 0x00, 0x00, 0x00, 0xff, 0x10, 0x18, 0x2d, 
    0xff, 0x30, 0x6f, 0xf4, 0xff, 0x24, 0x6b, 0xfb, 0xff, 0x24, 0x6b, 0xf9, 0xff, 
    0x28, 0x6d, 0xf6, 0xff, 0x27, 0x67, 0xf6, 0xff, 0x3d, 0x92, 0xf7, 0xff, 0x51, 
    0xbd, 0xfd, 0xff, 0x4c, 0xb8, 0xfe, 0xff, 0x4a, 0xb6, 0xfe, 0xff, 0x4a, 0xb7, 
    0xfe, 0xff, 0x46, 0xb4, 0xfe, 0xff, 0x70, 0xc5, 0xf7, 0xff, 0xbe, 0xec, 0xf5, 
    0xff, 0xdb, 0xfd, 0xfd, 0xff, 0xdc, 0xff, 0xfe, 0xff, 0xdd, 0xff, 0xfe, 0xff, 
    0xe0, 0xff, 0xfe, 0xff, 0xe1, 0xff, 0xfe, 0xff, 0xe0, 0xff, 0xfe, 0xff, 0xe0, 
    0xff, 0xfe, 0xff, 0xdf, 0xff, 0xfe, 0xff, 0xdf, 0xff, 0xfe, 0xff, 0xda, 0xfe, 
    0xfe, 0xff, 0xd7, 0xfe, 0xfe, 0xff, 0xd7, 0xfe, 0xfe, 0xff, 0xd8, 0xfe, 0xfe, 
    0xff, 0xd8, 0xfe, 0xfe, 0xff, 0xd9, 0xfe, 0xfe, 0xff, 0xda, 0xff, 0xfe, 0xff, 
    0xdc, 0xff, 0xfe, 0xff, 0xd6, 0xfc, 0xfd, 0xff, 0xcf, 0xf6, 0xfb, 0xff, 0xc2, 
    0xed, 0xfb, 0xff, 0xb4, 0xe3, 0xfc, 0xff, 0xab, 0xdd, 0xfd, 0xff, 0xaa, 0xdb, 
    0xfd, 0xff, 0xa6, 0xd6, 0xfd, 0xff, 0xa4, 0xd4, 0xfe, 0xff, 0xa5, 0xd7, 0xfd, 
    0xff, 0xa8, 0xda, 0xfd, 0xff, 0xad, 0xdf, 0xfd, 0xff, 0xb3, 0xe3, 0xfd, 0xff, 
    0xb9, 0xe6, 0xfb, 0xff, 0xc5, 0xf0, 0xfb, 0xff, 0xd2, 0xfa, 0xfd, 0xff, 0xd7, 
    0xfe, 0xfe, 0xff, 0xd8, 0xff, 0xff, 0xff, 0xd6, 0xfe, 0xfe, 0xff, 0xd7, 0xfe, 
    0xfe, 0xff, 0xd8, 0xfe, 0xfe, 0xff, 0xd7, 0xfe, 0xfe, 0xff, 0xd8, 0xfe, 0xfe, 
    0xff, 0xda, 0xfe, 0xfe, 0xff, 0xdd, 0xff, 0xfe, 0xff, 0xe0, 0xff, 0xfe, 0xff, 
    0xdf, 0xff, 0xfe, 0xff, 0xdf, 0xff, 0xfe, 0xff, 0xe0, 0xff, 0xfe, 0xff, 0xe0, 
    0xff, 0xfe, 0xff, 0xdf, 0xff, 0xfe, 0xff, 0xde, 0xff, 0xfe, 0xff, 0xdb, 0xfe, 
    0xfe, 0xff, 0xe5, 0xff, 0xfd, 0xff, 0x88, 0xd3, 0xf8, 0xff, 0x40, 0xb2, 0xfe, 
    0xff, 0x48, 0xb5, 0xfe, 0xff, 0x47, 0xb3, 0xfe, 0xff, 0x4d, 0xb9, 0xff, 0xff, 
    0x49, 0xb0, 0xfb, 0xff, 0x2b, 0x76, 0xef, 0xff, 0x21, 0x64, 0xf4, 0xff, 0x25, 
    0x69, 0xf7, 0xff, 0x24, 0x66, 0xf6, 0xff, 0x23, 0x66, 0xf8, 0xff, 0x24, 0x67, 
    0xf6, 0xff, 0x25, 0x69, 0xf7, 0xff, 0x2c, 0x66, 0xe8, 0xff, 0x0b, 0x0f, 0x1b, 
    0xff, 0x00, 0x00, 0x00, 0xff, 0x3d, 0x40, 0x40, 0xff, 0xff, 0xff, 0xff, 0xff, 
    0xfc, 0xfd, 0xfd, 0xff, 0xfe, 0xff, 0xff, 0xff, 0xfd, 0xff, 0xff, 0xff, 0xfb, 
    0xff, 0xfe, 0xff, 0xfd, 0xff, 0xff, 0xff, 0xfd, 0xfe, 0xfe, 0xff, 0xfa, 0xff, 
    0xfe, 0xff, 0xfc, 0xff, 0xfe, 0xff, 0xfe, 0xff, 0xff, 0xff, 0xfd, 0xff, 0xff, 
    0xff, 0xfb, 0xff, 0xfe, 0xff, 0xfc, 0xfe, 0xfe, 0xff, 0xfd, 0xff, 0xfe, 0xff, 
    0xfe, 0xff, 0xff, 0xff, 0xff, 0xff, 0xff, 0xff, 0xff, 0xff, 0xff, 0xff, 0xfe, 
    0xff, 0xff, 0xff, 0xfe, 0xff, 0xff, 0xff, 0xfe, 0xff, 0xff, 0xff, 0xfd, 0xff, 
    0xff, 0xff, 0xfb, 0xff, 0xfe, 0xff, 0xfb, 0xff, 0xfe, 0xff, 0xfb, 0xfe, 0xfe, 
    0xff, 0xfa, 0xff, 0xfe, 0xff, 0xfa, 0xff, 0xfe, 0xff, 0xfa, 0xff, 0xfe, 0xff, 
    0xf9, 0xff, 0xfe, 0xff, 0xf9, 0xff, 0xfe, 0xff, 0xfb, 0xfe, 0xfe, 0xff, 0xfb, 
    0xfe, 0xfe, 0xff, 0xfc, 0xff, 0xfe, 0xff, 0xfd, 0xff, 0xff, 0xff, 0xfe, 0xff, 
    0xff, 0xff, 0xfb, 0xfc, 0xfc, 0xff, 0xff, 0xff, 0xff, 0xff, 0xa4, 0xa6, 0xa6, 
    0xff, 0x00, 0x00, 0x00, 0xff, 0x06, 0x06, 0x05, 0xff, 0x28, 0x55, 0xb8, 0xff, 
    0x29, 0x72, 0xff, 0xff, 0x22, 0x68, 0xf8, 0xff, 0x21, 0x6a, 0xfa, 0xff, 0x24, 
    0x6c, 0xf9, 0xff, 0x26, 0x6d, 0xf7, 0xff, 0x20, 0x62, 0xf6, 0xff, 0x35, 0x83, 
    0xf5, 0xff, 0x4d, 0xb8, 0xfd, 0xff, 0x48, 0xb7, 0xfe, 0xff, 0x47, 0xb5, 0xfd, 
    0xff, 0x47, 0xb5, 0xfe, 0xff, 0x4a, 0xb4, 0xfc, 0xff, 0x85, 0xcf, 0xf7, 0xff, 
    0xd8, 0xf9, 0xf9, 0xff, 0xdd, 0xff, 0xfe, 0xff, 0xde, 0xff, 0xfe, 0xff, 0xe2, 
    0xff, 0xfe, 0xff, 0xe2, 0xfe, 0xfe, 0xff, 0xe1, 0xff, 0xfe, 0xff, 0xe0, 0xff, 
    0xfe, 0xff, 0xdf, 0xff, 0xfe, 0xff, 0xdd, 0xff, 0xfe, 0xff, 0xdb, 0xff, 0xfe, 
    0xff, 0xd9, 0xfe, 0xfe, 0xff, 0xd8, 0xfe, 0xfe, 0xff, 0xd8, 0xfe, 0xfe, 0xff, 
    0xdb, 0xfe, 0xfe, 0xff, 0xde, 0xff, 0xfe, 0xff, 0xdd, 0xff, 0xfe, 0xff, 0xdd, 
    0xfe, 0xfe, 0xff, 0xdd, 0xff, 0xfe, 0xff, 0xdf, 0xff, 0xfe, 0xff, 0xdf, 0xff, 
    0xfe, 0xff, 0xdc, 0xff, 0xfd, 0xff, 0xd3, 0xfa, 0xfd, 0xff, 0xca, 0xf3, 0xfd, 
    0xff, 0xc5, 0xf0, 0xfc, 0xff, 0xc3, 0xed, 0xfd, 0xff, 0xbf, 0xea, 0xfd, 0xff, 
    0xce, 0xf5, 0xfd, 0xff, 0xd8, 0xfc, 0xfd, 0xff, 0xdb, 0xff, 0xfd, 0xff, 0xdc, 
    0xff, 0xfe, 0xff, 0xdc, 0xff, 0xfe, 0xff, 0xdb, 0xff, 0xfe, 0xff, 0xd8, 0xfd, 
    0xfe, 0xff, 0xd9, 0xfe, 0xfe, 0xff, 0xdc, 0xff, 0xfe, 0xff, 0xdb, 0xff, 0xfe, 
    0xff, 0xdb, 0xff, 0xfe, 0xff, 0xdb, 0xfe, 0xfe, 0xff, 0xdc, 0xff, 0xfe, 0xff, 
    0xdf, 0xff, 0xfe, 0xff, 0xe0, 0xff, 0xfe, 0xff, 0xe2, 0xfe, 0xfe, 0xff, 0xe3, 
    0xfe, 0xfe, 0xff, 0xe3, 0xfe, 0xfe, 0xff, 0xe4, 0xff, 0xfe, 0xff, 0xe3, 0xfe, 
    0xfe, 0xff, 0xe1, 0xff, 0xfe, 0xff, 0xdf, 0xff, 0xfe, 0xff, 0xdb, 0xfe, 0xfd, 
    0xff, 0xdc, 0xfe, 0xfe, 0xff, 0xd0, 0xf8, 0xfb, 0xff, 0x52, 0xba, 0xfc, 0xff, 
    0x41, 0xb2, 0xfe, 0xff, 0x48, 0xb7, 0xff, 0xff, 0x40, 0xa8, 0xfb, 0xff, 0x29, 
    0x77, 0xf4, 0xff, 0x23, 0x67, 0xf5, 0xff, 0x22, 0x67, 0xf8, 0xff, 0x23, 0x67, 
    0xf9, 0xff, 0x25, 0x6a, 0xf9, 0xff, 0x23, 0x69, 0xfa, 0xff, 0x24, 0x69, 0xf9, 
    0xff, 0x22, 0x64, 0xf1, 0xff, 0x20, 0x66, 0xff, 0xff, 0x1d, 0x40, 0x8f, 0xff, 
    0x03, 0x01, 0x00, 0xff, 0x00, 0x00, 0x00, 0xff, 0xac, 0xaf, 0xaf, 0xff, 0xff, 
    0xff, 0xff, 0xff, 0xfb, 0xfc, 0xfc, 0xff, 0xfe, 0xff, 0xff, 0xff, 0xfd, 0xff, 
    0xfe, 0xff, 0xfd, 0xfe, 0xfe, 0xff, 0xfc, 0xfe, 0xfe, 0xff, 0xfa, 0xff, 0xfe, 
    0xff, 0xfc, 0xfe, 0xfe, 0xff, 0xfd, 0xfe, 0xfe, 0xff, 0xfc, 0xfe, 0xfe, 0xff, 
    0xfc, 0xfe, 0xfe, 0xff, 0xfc, 0xfe, 0xfe, 0xff, 0xfd, 0xff, 0xff, 0xff, 0xfe, 
    0xff, 0xff, 0xff, 0xff, 0xff, 0xff, 0xff, 0xff, 0xff, 0xff, 0xff, 0xfe, 0xff, 
    0xff, 0xff, 0xfe, 0xff, 0xff, 0xff, 0xfe, 0xff, 0xff, 0xff, 0xfd, 0xff, 0xff, 
    0xff, 0xfc, 0xff, 0xfe, 0xff, 0xfb, 0xfe, 0xfe, 0xff, 0xfa, 0xff, 0xfe, 0xff, 
    0xfa, 0xff, 0xfe, 0xff, 0xfa, 0xff, 0xfe, 0xff, 0xfa, 0xff, 0xfe, 0xff, 0xfa, 
    0xff, 0xfe, 0xff, 0xfa, 0xff, 0xfe, 0xff, 0xfa, 0xff, 0xfe, 0xff, 0xfc, 0xff, 
    0xfe, 0xff, 0xfc, 0xff, 0xfe, 0xff, 0xfe, 0xff, 0xff, 0xff, 0xfd, 0xfe, 0xfe, 
    0xff, 0xfd, 0xfd, 0xfd, 0xff, 0xf5, 0xf6, 0xf6, 0xff, 0x22, 0x26, 0x25, 0xff, 
    0x00, 0x00, 0x00, 0xff, 0x15, 0x25, 0x51, 0xff, 0x2e, 0x74, 0xff, 0xff, 0x26, 
    0x6b, 0xf9, 0xff, 0x24, 0x6a, 0xfb, 0xff, 0x20, 0x69, 0xfa, 0xff, 0x23, 0x6b, 
    0xf9, 0xff, 0x24, 0x6b, 0xf7, 0xff, 0x21, 0x68, 0xf8, 0xff, 0x1e, 0x61, 0xf7, 
    0xff, 0x36, 0x88, 0xf4, 0xff, 0x49, 0xb8, 0xfd, 0xff, 0x45, 0xb5, 0xfe, 0xff, 
    0x47, 0xb4, 0xfe, 0xff, 0x4c, 0xb6, 0xfd, 0xff, 0x4b, 0xb4, 0xfb, 0xff, 0x97, 
    0xd9, 0xf7, 0xff, 0xe3, 0xff, 0xfd, 0xff, 0xdc, 0xfe, 0xfe, 0xff, 0xe1, 0xff, 
    0xfe, 0xff, 0xe1, 0xff, 0xfe, 0xff, 0xe1, 0xff, 0xfe, 0xff, 0xe0, 0xff, 0xfe, 
    0xff, 0xdf, 0xff, 0xfe, 0xff, 0xde, 0xff, 0xfe, 0xff, 0xdb, 0xfe, 0xfe, 0xff, 
    0xd9, 0xfe, 0xfe, 0xff, 0xd8, 0xfe, 0xfe, 0xff, 0xd9, 0xfe, 0xfe, 0xff, 0xdb, 
    0xff, 0xfe, 0xff, 0xe0, 0xff, 0xfe, 0xff, 0xe0, 0xff, 0xfe, 0xff, 0xe0, 0xff, 
    0xfe, 0xff, 0xdf, 0xff, 0xfe, 0xff, 0xdd, 0xfe, 0xfe, 0xff, 0xdb, 0xfe, 0xfe, 
    0xff, 0xdb, 0xff, 0xfe, 0xff, 0xdc, 0xff, 0xfe, 0xff, 0xdd, 0xff, 0xfe, 0xff, 
    0xde, 0xff, 0xfe, 0xff, 0xdf, 0xff, 0xfe, 0xff, 0xdf, 0xff, 0xfe, 0xff, 0xde, 
    0xff, 0xfe, 0xff, 0xdf, 0xff, 0xfe, 0xff, 0xdc, 0xfe, 0xfe, 0xff, 0xda, 0xfe, 
    0xfe, 0xff, 0xdb, 0xfe, 0xfe, 0xff, 0xdc, 0xff, 0xfe, 0xff, 0xdc, 0xff, 0xfd, 
    0xff, 0xdf, 0xff, 0xfe, 0xff, 0xdf, 0xff, 0xfe, 0xff, 0xde, 0xff, 0xfe, 0xff, 
    0xdf, 0xff, 0xfe, 0xff, 0xde, 0xff, 0xfe, 0xff, 0xde, 0xff, 0xfe, 0xff, 0xdf, 
    0xff, 0xfe, 0xff, 0xe1, 0xff, 0xfe, 0xff, 0xe0, 0xff, 0xfe, 0xff, 0xe1, 0xff, 
    0xfe, 0xff, 0xe2, 0xff, 0xfe, 0xff, 0xe3, 0xfe, 0xfe, 0xff, 0xe2, 0xfe, 0xfe, 
    0xff, 0xe0, 0xff, 0xfe, 0xff, 0xdf, 0xff, 0xfe, 0xff, 0xdd, 0xff, 0xff, 0xff, 
    0xe1, 0xff, 0xff, 0xff, 0xcd, 0xf6, 0xfb, 0xff, 0x50, 0xb9, 0xfc, 0xff, 0x43, 
    0xb5, 0xff, 0xff, 0x44, 0xb1, 0xfc, 0xff, 0x29, 0x7d, 0xf5, 0xff, 0x21, 0x6a, 
    0xf7, 0xff, 0x22, 0x6a, 0xf9, 0xff, 0x21, 0x68, 0xfa, 0xff, 0x25, 0x6d, 0xfa, 
    0xff, 0x26, 0x6d, 0xf9, 0xff, 0x23, 0x67, 0xfb, 0xff, 0x20, 0x66, 0xfb, 0xff, 
    0x21, 0x66, 0xf7, 0xff, 0x2c, 0x78, 0xf3, 0xff, 0x56, 0xb0, 0xf4, 0xff, 0x1a, 
    0x27, 0x2d, 0xff, 0x01, 0x01, 0x01, 0xff, 0x30, 0x34, 0x34, 0xff, 0xfb, 0xfc, 
    0xfc, 0xff, 0xfd, 0xfd, 0xfd, 0xff, 0xfe, 0xff, 0xff, 0xff, 0xfd, 0xff, 0xff, 
    0xff, 0xfb, 0xff, 0xfe, 0xff, 0xfb, 0xff, 0xfe, 0xff, 0xfb, 0xff, 0xfe, 0xff, 
    0xfb, 0xfe, 0xfe, 0xff, 0xfc, 0xfe, 0xfe, 0xff, 0xfc, 0xff, 0xfe, 0xff, 0xfd, 
    0xff, 0xff, 0xff, 0xfd, 0xff, 0xfe, 0xff, 0xfc, 0xfe, 0xfe, 0xff, 0xfe, 0xff, 
    0xff, 0xff, 0xff, 0xff, 0xff, 0xff, 0xff, 0xff, 0xff, 0xff, 0xfe, 0xff, 0xff, 
    0xff, 0xfe, 0xff, 0xff, 0xff, 0xfd, 0xff, 0xff, 0xff, 0xfc, 0xff, 0xfe, 0xff, 
    0xfd, 0xff, 0xff, 0xff, 0xfb, 0xfe, 0xfe, 0xff, 0xfa, 0xff, 0xfe, 0xff, 0xfa, 
    0xff, 0xfe, 0xff, 0xfa, 0xff, 0xfe, 0xff, 0xfa, 0xff, 0xfe, 0xff, 0xfa, 0xff, 
    0xfe, 0xff, 0xfa, 0xff, 0xfe, 0xff, 0xfa, 0xff, 0xfe, 0xff, 0xfb, 0xff, 0xfe, 
    0xff, 0xfe, 0xff, 0xff, 0xff, 0xfe, 0xff, 0xff, 0xff, 0xfa, 0xfb, 0xfb, 0xff, 
    0xff, 0xff, 0xff, 0xff, 0x91, 0x93, 0x93, 0xff, 0x00, 0x00, 0x00, 0xff, 0x08, 
    0x09, 0x09, 0xff, 0x53, 0x9f, 0xcb, 0xff, 0x3b, 0x8f, 0xf8, 0xff, 0x27, 0x6d, 
    0xf3, 0xff, 0x22, 0x68, 0xf9, 0xff, 0x20, 0x67, 0xfa, 0xff, 0x26, 0x6d, 0xf9, 
    0xff, 0x28, 0x6f, 0xf8, 0xff, 0x20, 0x69, 0xf9, 0xff, 0x1f, 0x68, 0xfb, 0xff, 
    0x1f, 0x65, 0xf3, 0xff, 0x3a, 0x9a, 0xf7, 0xff, 0x48, 0xb9, 0xff, 0xff, 0x46, 
    0xb2, 0xfe, 0xff, 0x56, 0xbb, 0xfc, 0xff, 0x51, 0xb8, 0xf9, 0xff, 0x92, 0xd7, 
    0xf9, 0xff, 0xe6, 0xff, 0xfe, 0xff, 0xda, 0xfe, 0xfe, 0xff, 0xe1, 0xff, 0xfe, 
    0xff, 0xe1, 0xfe, 0xfe, 0xff, 0xe1, 0xfe, 0xfe, 0xff, 0xe0, 0xff, 0xfe, 0xff, 
    0xde, 0xff, 0xfe, 0xff, 0xdc, 0xff, 0xfe, 0xff, 0xda, 0xfe, 0xfe, 0xff, 0xdc, 
    0xff, 0xfe, 0xff, 0xdc, 0xff, 0xfe, 0xff, 0xdb, 0xfe, 0xfe, 0xff, 0xdc, 0xff, 
    0xfe, 0xff, 0xde, 0xff, 0xfe, 0xff, 0xdf, 0xff, 0xfe, 0xff, 0xdf, 0xff, 0xfe, 
    0xff, 0xe1, 0xff, 0xfe, 0xff, 0xe0, 0xff, 0xfe, 0xff, 0xdc, 0xff, 0xfe, 0xff, 
    0xdc, 0xff, 0xfe, 0xff, 0xdd, 0xff, 0xfe, 0xff, 0xdd, 0xff, 0xfe, 0xff, 0xdd, 
    0xff, 0xfe, 0xff, 0xdd, 0xfe, 0xfe, 0xff, 0xdd, 0xfe, 0xfe, 0xff, 0xde, 0xff, 
    0xfe, 0xff, 0xde, 0xff, 0xfe, 0xff, 0xde, 0xff, 0xfe, 0xff, 0xdb, 0xfe, 0xfe, 
    0xff, 0xdc, 0xff, 0xfe, 0xff, 0xe0, 0xff, 0xfe, 0xff, 0xe0, 0xff, 0xfe, 0xff, 
    0xe0, 0xff, 0xfe, 0xff, 0xe0, 0xff, 0xfe, 0xff, 0xe0, 0xff, 0xfe, 0xff, 0xdf, 
    0xff, 0xfe, 0xff, 0xde, 0xff, 0xfe, 0xff, 0xdf, 0xff, 0xfe, 0xff, 0xdf, 0xff, 
    0xfe, 0xff, 0xde, 0xff, 0xfe, 0xff, 0xe0, 0xff, 0xfe, 0xff, 0xe0, 0xff, 0xfe, 
    0xff, 0xe1, 0xff, 0xfe, 0xff, 0xe3, 0xfe, 0xfe, 0xff, 0xe2, 0xff, 0xfe, 0xff, 
    0xde, 0xff, 0xfe, 0xff, 0xdc, 0xfe, 0xfe, 0xff, 0xd5, 0xf9, 0xf9, 0xff, 0xde, 
    0xfd, 0xfa, 0xff, 0x7e, 0xd0, 0xfa, 0xff, 0x3e, 0xb1, 0xfd, 0xff, 0x49, 0xbb, 
    0xff, 0xff, 0x3d, 0xa0, 0xf8, 0xff, 0x28, 0x75, 0xf1, 0xff, 0x24, 0x71, 0xf5, 
    0xff, 0x1e, 0x66, 0xf9, 0xff, 0x1f, 0x68, 0xfa, 0xff, 0x20, 0x67, 0xf9, 0xff, 
    0x20, 0x67, 0xf6, 0xff, 0x24, 0x6f, 0xf7, 0xff, 0x30, 0x85, 0xf8, 0xff, 0x46, 
    0xa5, 0xfa, 0xff, 0x55, 0xbb, 0xfa, 0xff, 0x5b, 0xcc, 0xff, 0xff, 0x43, 0x7e, 
    0xa6, 0xff, 0x02, 0x00, 0x00, 0xff, 0x00, 0x00, 0x00, 0xff, 0xb4, 0xb6, 0xb6, 
    0xff, 0xff, 0xff, 0xff, 0xff, 0xfb, 0xfc, 0xfc, 0xff, 0xfe, 0xff, 0xff, 0xff, 
    0xfd, 0xff, 0xfe, 0xff, 0xfb, 0xfe, 0xfe, 0xff, 0xfb, 0xff, 0xfe, 0xff, 0xfa, 
    0xff, 0xfe, 0xff, 0xfb, 0xfe, 0xfe, 0xff, 0xfd, 0xfe, 0xfe, 0xff, 0xfd, 0xff, 
    0xff, 0xff, 0xfd, 0xff, 0xff, 0xff, 0xfd, 0xff, 0xff, 0xff, 0xfe, 0xff, 0xff, 
    0xff, 0xff, 0xff, 0xff, 0xff, 0xff, 0xff, 0xff, 0xff, 0xfe, 0xff, 0xff, 0xff, 
    0xfe, 0xff, 0xff, 0xff, 0xfe, 0xff, 0xff, 0xff, 0xfd, 0xff, 0xfe, 0xff, 0xfc, 
    0xff, 0xfe, 0xff, 0xfb, 0xff, 0xfe, 0xff, 0xfb, 0xfe, 0xfe, 0xff, 0xfb, 0xff, 
    0xfe, 0xff, 0xfb, 0xff, 0xfe, 0xff, 0xfa, 0xff, 0xfe, 0xff, 0xfa, 0xff, 0xfe, 
    0xff, 0xfa, 0xff, 0xfe, 0xff, 0xfb, 0xff, 0xfe, 0xff, 0xfc, 0xff, 0xfe, 0xff, 
    0xfe, 0xff, 0xff, 0xff, 0xfd, 0xfe, 0xfe, 0xff, 0xfd, 0xfe, 0xfe, 0xff, 0xef, 
    0xef, 0xef, 0xff, 0x1d, 0x21, 0x20, 0xff, 0x00, 0x00, 0x00, 0xff, 0x36, 0x5f, 
    0x6b, 0xff, 0x7c, 0xfb, 0xff, 0xff, 0x6a, 0xde, 0xf5, 0xff, 0x4b, 0xac, 0xf3, 
    0xff, 0x33, 0x86, 0xf9, 0xff, 0x26, 0x72, 0xf9, 0xff, 0x1c, 0x65, 0xf9, 0xff, 
    0x1a, 0x63, 0xfb, 0xff, 0x1c, 0x65, 0xfa, 0xff, 0x1b, 0x64, 0xf9, 0xff, 0x19, 
    0x5f, 0xf4, 0xff, 0x38, 0x95, 0xf6, 0xff, 0x4c, 0xb8, 0xff, 0xff, 0x53, 0xb8, 
    0xfd, 0xff, 0x5c, 0xbe, 0xf9, 0xff, 0x77, 0xca, 0xf8, 0xff, 0xd9, 0xf9, 0xfc, 
    0xff, 0xe0, 0xff, 0xfe, 0xff, 0xde, 0xff, 0xfe, 0xff, 0xe1, 0xff, 0xfe, 0xff, 
    0xe2, 0xfe, 0xfe, 0xff, 0xe1, 0xfe, 0xfe, 0xff, 0xe0, 0xff, 0xfe, 0xff, 0xde, 
    0xff, 0xfe, 0xff, 0xdc, 0xff, 0xfe, 0xff, 0xdd, 0xff, 0xfe, 0xff, 0xdd, 0xff, 
    0xfe, 0xff, 0xdb, 0xff, 0xfe, 0xff, 0xd9, 0xfe, 0xfe, 0xff, 0xd9, 0xfe, 0xfe, 
    0xff, 0xdb, 0xff, 0xfe, 0xff, 0xdc, 0xff, 0xfe, 0xff, 0xdf, 0xff, 0xfe, 0xff, 
    0xe2, 0xfe, 0xfe, 0xff, 0xe1, 0xff, 0xfe, 0xff, 0xdd, 0xff, 0xfe, 0xff, 0xdd, 
    0xff, 0xfe, 0xff, 0xde, 0xff, 0xfe, 0xff, 0xdf, 0xff, 0xfe, 0xff, 0xe0, 0xff, 
    0xfe, 0xff, 0xe0, 0xff, 0xfe, 0xff, 0xdf, 0xff, 0xfe, 0xff, 0xdf, 0xff, 0xfe, 
    0xff, 0xdf, 0xff, 0xfe, 0xff, 0xde, 0xff, 0xfe, 0xff, 0xdd, 0xff, 0xfe, 0xff, 
    0xdd, 0xff, 0xfe, 0xff, 0xde, 0xff, 0xfe, 0xff, 0xe0, 0xff, 0xfe, 0xff, 0xde, 
    0xff, 0xfe, 0xff, 0xde, 0xff, 0xfe, 0xff, 0xe2, 0xfe, 0xfe, 0xff, 0xe1, 0xff, 
    0xfe, 0xff, 0xe0, 0xff, 0xfe, 0xff, 0xde, 0xff, 0xfe, 0xff, 0xdd, 0xff, 0xfe, 
    0xff, 0xdf, 0xff, 0xfe, 0xff, 0xdf, 0xff, 0xfe, 0xff, 0xdf, 0xff, 0xfe, 0xff, 
    0xe1, 0xff, 0xfe, 0xff, 0xe1, 0xff, 0xfe, 0xff, 0xdd, 0xfe, 0xfe, 0xff, 0xde, 
    0xfe, 0xfe, 0xff, 0xd9, 0xfa, 0xf9, 0xff, 0xad, 0xe4, 0xf4, 0xff, 0x74, 0xca, 
    0xf9, 0xff, 0x45, 0xb3, 0xfe, 0xff, 0x46, 0xb4, 0xfe, 0xff, 0x46, 0xb7, 0xfe, 
    0xff, 0x45, 0xaf, 0xfb, 0xff, 0x3e, 0x97, 0xf5, 0xff, 0x32, 0x86, 0xf2, 0xff, 
    0x2e, 0x84, 0xf6, 0xff, 0x34, 0x8e, 0xf6, 0xff, 0x3a, 0x96, 0xf6, 0xff, 0x46, 
    0xa9, 0xf8, 0xff, 0x4d, 0xb5, 0xfb, 0xff, 0x53, 0xbe, 0xfe, 0xff, 0x54, 0xbf, 
    0xfe, 0xff, 0x50, 0xba, 0xfd, 0xff, 0x4d, 0xb9, 0xfd, 0xff, 0x5a, 0xbc, 0xf8, 
    0xff, 0x17, 0x21, 0x29, 0xff, 0x01, 0x01, 0x01, 0xff, 0x44, 0x47, 0x47, 0xff, 
    0xff, 0xff, 0xff, 0xff, 0xfc, 0xfd, 0xfd, 0xff, 0xfe, 0xff, 0xff, 0xff, 0xfe, 
    0xff, 0xff, 0xff, 0xfd, 0xfe, 0xfe, 0xff, 0xfc, 0xfe, 0xfe, 0xff, 0xfc, 0xfe, 
    0xfe, 0xff, 0xfb, 0xfe, 0xfe, 0xff, 0xfc, 0xff, 0xfe, 0xff, 0xfd, 0xfe, 0xfe, 
    0xff, 0xfc, 0xfe, 0xfe, 0xff, 0xfd, 0xff, 0xfe, 0xff, 0xfe, 0xff, 0xff, 0xff, 
    0xff, 0xff, 0xff, 0xff, 0xff, 0xff, 0xff, 0xff, 0xfe, 0xff, 0xff, 0xff, 0xff, 
    0xff, 0xff, 0xff, 0xfd, 0xff, 0xff, 0xff, 0xfb, 0xff, 0xfe, 0xff, 0xfa, 0xff, 
    0xfe, 0xff, 0xfa, 0xff, 0xfe, 0xff, 0xfa, 0xff, 0xfe, 0xff, 0xfb, 0xff, 0xfe, 
    0xff, 0xfc, 0xff, 0xfe, 0xff, 0xfb, 0xff, 0xfe, 0xff, 0xfb, 0xff, 0xfe, 0xff, 
    0xfc, 0xff, 0xfe, 0xff, 0xfb, 0xfe, 0xfe, 0xff, 0xfd, 0xff, 0xff, 0xff, 0xff, 
    0xff, 0xff, 0xff, 0xfa, 0xfb, 0xfb, 0xff, 0xff, 0xff, 0xff, 0xff, 0x8f, 0x91, 
    0x91, 0xff, 0x00, 0x00, 0x00, 0xff, 0x0d, 0x0f, 0x0e, 0xff, 0x67, 0xc6, 0xdc, 
    0xff, 0x6b, 0xe7, 0xfe, 0xff, 0x6a, 0xe0, 0xfc, 0xff, 0x57, 0xc9, 0xff, 0xff, 
    0x4c, 0xba, 0xfd, 0xff, 0x48, 0xb2, 0xfb, 0xff, 0x3f, 0xa1, 0xfa, 0xff, 0x2f, 
    0x8b, 0xfa, 0xff, 0x2b, 0x85, 0xf8, 0xff, 0x2e, 0x88, 0xf6, 0xff, 0x38, 0x96, 
    0xf8, 0xff, 0x48, 0xb2, 0xfd, 0xff, 0x4b, 0xb4, 0xfe, 0xff, 0x59, 0xbb, 0xfc, 
    0xff, 0x58, 0xb9, 0xf9, 0xff, 0xc0, 0xee, 0xfa, 0xff, 0xe8, 0xff, 0xff, 0xff, 
    0xdc, 0xfe, 0xfe, 0xff, 0xe1, 0xff, 0xfe, 0xff, 0xe2, 0xfe, 0xfe, 0xff, 0xe3, 
    0xfe, 0xfe, 0xff, 0xe3, 0xff, 0xfe, 0xff, 0xe1, 0xff, 0xfe, 0xff, 0xdf, 0xff, 
    0xfe, 0xff, 0xde, 0xff, 0xfe, 0xff, 0xdf, 0xff, 0xfe, 0xff, 0xde, 0xff, 0xfe, 
    0xff, 0xd9, 0xff, 0xfe, 0xff, 0xd7, 0xfe, 0xfe, 0xff, 0xd8, 0xfe, 0xfe, 0xff, 
    0xd8, 0xfe, 0xfe, 0xff, 0xd8, 0xfe, 0xfe, 0xff, 0xdd, 0xff, 0xfe, 0xff, 0xe1, 
    0xff, 0xfe, 0xff, 0xe1, 0xff, 0xfe, 0xff, 0xdf, 0xff, 0xfe, 0xff, 0xdf, 0xff, 
    0xfe, 0xff, 0xe0, 0xff, 0xfe, 0xff, 0xe0, 0xff, 0xfe, 0xff, 0xe0, 0xff, 0xfe, 
    0xff, 0xe1, 0xff, 0xfe, 0xff, 0xe0, 0xff, 0xfe, 0xff, 0xdf, 0xff, 0xfe, 0xff, 
    0xdc, 0xff, 0xfe, 0xff, 0xdc, 0xff, 0xfe, 0xff, 0xda, 0xff, 0xfe, 0xff, 0xdb, 
    0xff, 0xfe, 0xff, 0xdc, 0xff, 0xfe, 0xff, 0xde, 0xff, 0xfe, 0xff, 0xdf, 0xff, 
    0xfe, 0xff, 0xe0, 0xff, 0xfe, 0xff, 0xe1, 0xfe, 0xfe, 0xff, 0xe1, 0xfe, 0xfe, 
    0xff, 0xe0, 0xff, 0xfe, 0xff, 0xde, 0xff, 0xfe, 0xff, 0xda, 0xff, 0xfe, 0xff, 
    0xdc, 0xff, 0xfe, 0xff, 0xde, 0xff, 0xfe, 0xff, 0xdf, 0xff, 0xfe, 0xff, 0xde, 
    0xff, 0xfe, 0xff, 0xdc, 0xff, 0xfe, 0xff, 0xdc, 0xff, 0xfe, 0xff, 0xdb, 0xfc, 
    0xfb, 0xff, 0x99, 0xda, 0xf4, 0xff, 0x4c, 0xb4, 0xfb, 0xff, 0x43, 0xb1, 0xff, 
    0xff, 0x49, 0xb5, 0xfe, 0xff, 0x46, 0xb5, 0xfe, 0xff, 0x46, 0xb5, 0xfd, 0xff, 
    0x49, 0xb8, 0xfe, 0xff, 0x4d, 0xba, 0xfe, 0xff, 0x4c, 0xb7, 0xfd, 0xff, 0x4e, 
    0xba, 0xfd, 0xff, 0x4e, 0xbb, 0xfd, 0xff, 0x50, 0xbd, 0xfe, 0xff, 0x50, 0xbe, 
    0xff, 0xff, 0x51, 0xbd, 0xff, 0xff, 0x51, 0xba, 0xfe, 0xff, 0x50, 0xb9, 0xfe, 
    0xff, 0x50, 0xb9, 0xfe, 0xff, 0x4e, 0xb7, 0xfa, 0xff, 0x5c, 0xd0, 0xff, 0xff, 
    0x3e, 0x71, 0x8b, 0xff, 0x00, 0x00, 0x00, 0xff, 0x02, 0x05, 0x05, 0xff, 0xc8, 
    0xc9, 0xca, 0xff, 0xff, 0xff, 0xff, 0xff, 0xfc, 0xfc, 0xfc, 0xff, 0xfe, 0xff, 
    0xff, 0xff, 0xfc, 0xfe, 0xfe, 0xff, 0xfc, 0xfe, 0xfe, 0xff, 0xfc, 0xff, 0xfe, 
    0xff, 0xfc, 0xfe, 0xfe, 0xff, 0xfc, 0xfe, 0xfe, 0xff, 0xfd, 0xff, 0xff, 0xff, 
    0xfe, 0xff, 0xff, 0xff, 0xfc, 0xff, 0xfe, 0xff, 0xfe, 0xff, 0xff, 0xff, 0xff, 
    0xff, 0xff, 0xff, 0xff, 0xff, 0xff, 0xff, 0xfe, 0xff, 0xff, 0xff, 0xfe, 0xff, 
    0xff, 0xff, 0xfd, 0xff, 0xff, 0xff, 0xfa, 0xff, 0xfe, 0xff, 0xf9, 0xff, 0xfe, 
    0xff, 0xfa, 0xff, 0xfe, 0xff, 0xfa, 0xff, 0xfe, 0xff, 0xfb, 0xff, 0xfe, 0xff, 
    0xfa, 0xff, 0xfe, 0xff, 0xfa, 0xff, 0xfe, 0xff, 0xfb, 0xfe, 0xfe, 0xff, 0xfc, 
    0xfe, 0xfe, 0xff, 0xfd, 0xff, 0xff, 0xff, 0xfe, 0xff, 0xff, 0xff, 0xfe, 0xfe, 
    0xfe, 0xff, 0xfe, 0xfe, 0xfe, 0xff, 0xfa, 0xfa, 0xfa, 0xff, 0x29, 0x2d, 0x2c, 
    0xff, 0x00, 0x00, 0x00, 0xff, 0x2f, 0x4d, 0x5f, 0xff, 0x77, 0xf2, 0xff, 0xff, 
    0x6a, 0xe5, 0xfb, 0xff, 0x5e, 0xd3, 0xfe, 0xff, 0x4b, 0xb7, 0xfe, 0xff, 0x4a, 
    0xb9, 0xfe, 0xff, 0x4b, 0xbb, 0xfe, 0xff, 0x4d, 0xbf, 0xfe, 0xff, 0x4e, 0xbf, 
    0xfe, 0xff, 0x4c, 0xbc, 0xfe, 0xff, 0x4e, 0xbc, 0xfe, 0xff, 0x4e, 0xbb, 0xff, 
    0xff, 0x4a, 0xb4, 0xfe, 0xff, 0x4d, 0xb4, 0xfe, 0xff, 0x47, 0xaf, 0xff, 0xff, 
    0x6d, 0xc4, 0xfa, 0xff, 0xd8, 0xfc, 0xfb, 0xff, 0xdf, 0xff, 0xff, 0xff, 0xdd, 
    0xff, 0xfe, 0xff, 0xdf, 0xff, 0xfe, 0xff, 0xe1, 0xff, 0xfe, 0xff, 0xe3, 0xfe, 
    0xfe, 0xff, 0xe3, 0xfe, 0xfe, 0xff, 0xe3, 0xfe, 0xfe, 0xff, 0xe2, 0xfe, 0xfe, 
    0xff, 0xe0, 0xff, 0xfe, 0xff, 0xe0, 0xff, 0xfe, 0xff, 0xde, 0xff, 0xfe, 0xff, 
    0xdb, 0xff, 0xfe, 0xff, 0xda, 0xfe, 0xfe, 0xff, 0xd9, 0xfe, 0xfe, 0xff, 0xd9, 
    0xfe, 0xfe, 0xff, 0xd8, 0xfe, 0xfe, 0xff, 0xda, 0xfe, 0xfe, 0xff, 0xe0, 0xff, 
    0xfe, 0xff, 0xe0, 0xff, 0xfe, 0xff, 0xe0, 0xff, 0xfe, 0xff, 0xe0, 0xff, 0xfe, 
    0xff, 0xe1, 0xff, 0xfe, 0xff, 0xe0, 0xff, 0xfe, 0xff, 0xdf, 0xff, 0xfe, 0xff, 
    0xdf, 0xff, 0xfe, 0xff, 0xdd, 0xff, 0xfe, 0xff, 0xdd, 0xff, 0xfe, 0xff, 0xdc, 
    0xff, 0xfe, 0xff, 0xdb, 0xff, 0xfd, 0xff, 0xd9, 0xfe, 0xfe, 0xff, 0xd9, 0xff, 
    0xfe, 0xff, 0xdc, 0xff, 0xfe, 0xff, 0xde, 0xff, 0xfe, 0xff, 0xdf, 0xff, 0xfe, 
    0xff, 0xdf, 0xff, 0xfe, 0xff, 0xe0, 0xff, 0xfe, 0xff, 0xe0, 0xff, 0xfe, 0xff, 
    0xdf, 0xff, 0xfe, 0xff, 0xde, 0xff, 0xfe, 0xff, 0xdc, 0xff, 0xfe, 0xff, 0xda, 
    0xfe, 0xfe, 0xff, 0xdc, 0xff, 0xfe, 0xff, 0xdd, 0xff, 0xfe, 0xff, 0xdd, 0xff, 
    0xfe, 0xff, 0xdc, 0xff, 0xff, 0xff, 0xd5, 0xfa, 0xfa, 0xff, 0x88, 0xd2, 0xf6, 
    0xff, 0x44, 0xae, 0xfc, 0xff, 0x49, 0xb2, 0xff, 0xff, 0x49, 0xb5, 0xfe, 0xff, 
    0x48, 0xb5, 0xfd, 0xff, 0x47, 0xb6, 0xfe, 0xff, 0x47, 0xb6, 0xfd, 0xff, 0x48, 
    0xb5, 0xfd, 0xff, 0x48, 0xb5, 0xfe, 0xff, 0x49, 0xb6, 0xfe, 0xff, 0x49, 0xb6, 
    0xfe, 0xff, 0x4b, 0xb7, 0xfe, 0xff, 0x4c, 0xb6, 0xfe, 0xff, 0x4d, 0xb8, 0xfd, 
    0xff, 0x4f, 0xb9, 0xfe, 0xff, 0x50, 0xba, 0xfe, 0xff, 0x52, 0xbd, 0xff, 0xff, 
    0x54, 0xc1, 0xff, 0xff, 0x4f, 0xb7, 0xfb, 0xff, 0x43, 0xa0, 0xfa, 0xff, 0x3a, 
    0x7d, 0xe3, 0xff, 0x09, 0x0b, 0x13, 0xff, 0x00, 0x00, 0x00, 0xff, 0x66, 0x69, 
    0x69, 0xff, 0xff, 0xff, 0xff, 0xff, 0xfb, 0xfb, 0xfc, 0xff, 0xfd, 0xff, 0xff, 
    0xff, 0xfc, 0xfe, 0xfe, 0xff, 0xfc, 0xfe, 0xfe, 0xff, 0xfc, 0xfe, 0xfe, 0xff, 
    0xfc, 0xfe, 0xfe, 0xff, 0xfc, 0xfe, 0xfe, 0xff, 0xfc, 0xfe, 0xfe, 0xff, 0xfd, 
    0xff, 0xff, 0xff, 0xfe, 0xff, 0xff, 0xff, 0xfe, 0xff, 0xff, 0xff, 0xff, 0xff, 
    0xff, 0xff, 0xff, 0xff, 0xff, 0xff, 0xfe, 0xff, 0xff, 0xff, 0xff, 0xff, 0xff, 
    0xff, 0xfd, 0xff, 0xff, 0xff, 0xfa, 0xff, 0xfe, 0xff, 0xfa, 0xff, 0xfe, 0xff, 
    0xf9, 0xff, 0xfe, 0xff, 0xf9, 0xff, 0xfe, 0xff, 0xfb, 0xff, 0xfe, 0xff, 0xfb, 
    0xfe, 0xfe, 0xff, 0xfb, 0xff, 0xfe, 0xff, 0xfa, 0xff, 0xfe, 0xff, 0xfb, 0xff, 
    0xfe, 0xff, 0xfe, 0xff, 0xff, 0xff, 0xff, 0xff, 0xff, 0xff, 0xfb, 0xfc, 0xfc, 
    0xff, 0xff, 0xff, 0xff, 0xff, 0xb6, 0xb7, 0xb7, 0xff, 0x00, 0x00, 0x00, 0xff, 
    0x04, 0x05, 0x04, 0xff, 0x2e, 0x6d, 0xc7, 0xff, 0x46, 0xab, 0xfc, 0xff, 0x62, 
    0xd5, 0xf6, 0xff, 0x54, 0xc4, 0xfc, 0xff, 0x4f, 0xbf, 0xff, 0xff, 0x4b, 0xbb, 
    0xfe, 0xff, 0x4a, 0xb8, 0xfd, 0xff, 0x4b, 0xb8, 0xfd, 0xff, 0x4a, 0xb8, 0xfd, 
    0xff, 0x48, 0xb7, 0xfe, 0xff, 0x49, 0xb5, 0xfe, 0xff, 0x4b, 0xb5, 0xfe, 0xff, 
    0x4b, 0xb6, 0xfe, 0xff, 0x4e, 0xb5, 0xfe, 0xff, 0x47, 0xb0, 0xfe, 0xff, 0x88, 
    0xd2, 0xf9, 0xff, 0xdc, 0xfe, 0xfc, 0xff, 0xda, 0xfe, 0xfe, 0xff, 0xdd, 0xff, 
    0xfe, 0xff, 0xdf, 0xff, 0xfe, 0xff, 0xe0, 0xff, 0xfe, 0xff, 0xe2, 0xff, 0xfe, 
    0xff, 0xe3, 0xff, 0xfe, 0xff, 0xe2, 0xfe, 0xfe, 0xff, 0xe2, 0xfe, 0xfe, 0xff, 
    0xe1, 0xff, 0xfe, 0xff, 0xe0, 0xff, 0xfe, 0xff, 0xdf, 0xff, 0xfe, 0xff, 0xdc, 
    0xff, 0xfe, 0xff, 0xdb, 0xfe, 0xfe, 0xff, 0xda, 0xfe, 0xfe, 0xff, 0xda, 0xff, 
    0xfe, 0xff, 0xda, 0xff, 0xfd, 0xff, 0xdb, 0xff, 0xfe, 0xff, 0xdf, 0xff, 0xfe, 
    0xff, 0xe0, 0xff, 0xfe, 0xff, 0xe1, 0xff, 0xfe, 0xff, 0xdf, 0xff, 0xfe, 0xff, 
    0xe0, 0xff, 0xfe, 0xff, 0xe1, 0xff, 0xfe, 0xff, 0xe0, 0xff, 0xfe, 0xff, 0xde, 
    0xff, 0xfe, 0xff, 0xdd, 0xff, 0xfe, 0xff, 0xdc, 0xff, 0xfe, 0xff, 0xdd, 0xff, 
    0xfe, 0xff, 0xdc, 0xff, 0xfe, 0xff, 0xdb, 0xff, 0xfe, 0xff, 0xda, 0xff, 0xfd, 
    0xff, 0xdc, 0xff, 0xfe, 0xff, 0xde, 0xff, 0xfe, 0xff, 0xdf, 0xff, 0xfe, 0xff, 
    0xde, 0xff, 0xfe, 0xff, 0xdf, 0xff, 0xfe, 0xff, 0xdf, 0xff, 0xfe, 0xff, 0xdc, 
    0xff, 0xfe, 0xff, 0xdc, 0xff, 0xfe, 0xff, 0xdd, 0xff, 0xfe, 0xff, 0xdd, 0xff, 
    0xfe, 0xff, 0xdc, 0xff, 0xfe, 0xff, 0xdc, 0xff, 0xfe, 0xff, 0xdc, 0xfe, 0xfe, 
    0xff, 0xe1, 0xff, 0xfe, 0xff, 0x9d, 0xdd, 0xf4, 0xff, 0x46, 0xb0, 0xf9, 0xff, 
    0x46, 0xaf, 0xfe, 0xff, 0x48, 0xb1, 0xfe, 0xff, 0x49, 0xb5, 0xfe, 0xff, 0x46, 
    0xb6, 0xfe, 0xff, 0x47, 0xb6, 0xfe, 0xff, 0x46, 0xb5, 0xfd, 0xff, 0x47, 0xb5, 
    0xfd, 0xff, 0x48, 0xb5, 0xfd, 0xff, 0x49, 0xb6, 0xfe, 0xff, 0x48, 0xb6, 0xfe, 
    0xff, 0x4a, 0xb6, 0xfe, 0xff, 0x4b, 0xb7, 0xfe, 0xff, 0x4b, 0xb6, 0xfe, 0xff, 
    0x4f, 0xba, 0xfe, 0xff, 0x53, 0xc0, 0xff, 0xff, 0x4d, 0xb5, 0xfc, 0xff, 0x3c, 
    0x94, 0xf6, 0xff, 0x2e, 0x76, 0xf2, 0xff, 0x23, 0x62, 0xf1, 0xff, 0x2a, 0x6d, 
    0xff, 0xff, 0x1d, 0x31, 0x61, 0xff, 0x02, 0x02, 0x02, 0xff, 0x19, 0x1c, 0x1d, 
    0xff, 0xf2, 0xf2, 0xf3, 0xff, 0xff, 0xff, 0xff, 0xff, 0xfd, 0xfe, 0xfe, 0xff, 
    0xfe, 0xfe, 0xfe, 0xff, 0xfd, 0xfe, 0xfe, 0xff, 0xfc, 0xfe, 0xfe, 0xff, 0xfd, 
    0xff, 0xff, 0xff, 0xfd, 0xfe, 0xfe, 0xff, 0xfb, 0xfe, 0xfe, 0xff, 0xfc, 0xfe, 
    0xfe, 0xff, 0xfd, 0xff, 0xff, 0xff, 0xfe, 0xff, 0xff, 0xff, 0xff, 0xff, 0xff, 
    0xff, 0xff, 0xff, 0xff, 0xff, 0xfe, 0xff, 0xff, 0xff, 0xfe, 0xff, 0xff, 0xff, 
    0xfd, 0xff, 0xff, 0xff, 0xfa, 0xff, 0xfe, 0xff, 0xfa, 0xff, 0xfe, 0xff, 0xf8, 
    0xff, 0xfe, 0xff, 0xf8, 0xff, 0xfe, 0xff, 0xfa, 0xff, 0xfe, 0xff, 0xfc, 0xff, 
    0xfe, 0xff, 0xfb, 0xfe, 0xfe, 0xff, 0xfa, 0xff, 0xfe, 0xff, 0xfb, 0xff, 0xfe, 
    0xff, 0xfe, 0xff, 0xff, 0xff, 0xfe, 0xff, 0xff, 0xff, 0xfb, 0xfc, 0xfc, 0xff, 
    0xff, 0xff, 0xff, 0xff, 0x52, 0x54, 0x55, 0xff, 0x01, 0x01, 0x01, 0xff, 0x14, 
    0x25, 0x45, 0xff, 0x2e, 0x7b, 0xfe, 0xff, 0x2d, 0x7a, 0xf5, 0xff, 0x32, 0x80, 
    0xf3, 0xff, 0x34, 0x86, 0xf4, 0xff, 0x45, 0xa9, 0xf9, 0xff, 0x4d, 0xbb, 0xfe, 
    0xff, 0x4d, 0xbd, 0xfe, 0xff, 0x4a, 0xb9, 0xfe, 0xff, 0x4b, 0xba, 0xfd, 0xff, 
    0x4b, 0xb9, 0xfd, 0xff, 0x4a, 0xb6, 0xfb, 0xff, 0x4b, 0xb7, 0xfe, 0xff, 0x49, 
    0xb7, 0xfe, 0xff, 0x4e, 0xb8, 0xfe, 0xff, 0x48, 0xb3, 0xff, 0xff, 0x72, 0xc6, 
    0xf8, 0xff, 0xdb, 0xfc, 0xf8, 0xff, 0xe7, 0xff, 0xff, 0xff, 0xdc, 0xfd, 0xfd, 
    0xff, 0xde, 0xff, 0xfe, 0xff, 0xdf, 0xff, 0xfe, 0xff, 0xde, 0xff, 0xfe, 0xff, 
    0xe0, 0xff, 0xfe, 0xff, 0xdf, 0xff, 0xfe, 0xff, 0xdf, 0xff, 0xfe, 0xff, 0xde, 
    0xff, 0xfe, 0xff, 0xde, 0xff, 0xfe, 0xff, 0xdd, 0xff, 0xfe, 0xff, 0xdd, 0xff, 
    0xfe, 0xff, 0xdd, 0xff, 0xfe, 0xff, 0xdd, 0xfe, 0xfe, 0xff, 0xdd, 0xfe, 0xfe, 
    0xff, 0xdb, 0xff, 0xfd, 0xff, 0xdd, 0xff, 0xfe, 0xff, 0xdf, 0xff, 0xfe, 0xff, 
    0xe0, 0xff, 0xfe, 0xff, 0xe0, 0xff, 0xfe, 0xff, 0xdf, 0xff, 0xfe, 0xff, 0xe0, 
    0xff, 0xfe, 0xff, 0xe0, 0xff, 0xfe, 0xff, 0xe0, 0xff, 0xfe, 0xff, 0xdf, 0xff, 
    0xfe, 0xff, 0xdd, 0xff, 0xfe, 0xff, 0xdb, 0xff, 0xfe, 0xff, 0xdc, 0xff, 0xfe, 
    0xff, 0xde, 0xff, 0xfe, 0xff, 0xdb, 0xff, 0xfe, 0xff, 0xda, 0xff, 0xfd, 0xff, 
    0xda, 0xff, 0xfd, 0xff, 0xde, 0xff, 0xfe, 0xff, 0xdf, 0xff, 0xfe, 0xff, 0xdf, 
    0xff, 0xfe, 0xff, 0xdd, 0xff, 0xfe, 0xff, 0xdd, 0xff, 0xfe, 0xff, 0xdb, 0xff, 
    0xfe, 0xff, 0xda, 0xfe, 0xfe, 0xff, 0xdd, 0xff, 0xfe, 0xff, 0xde, 0xff, 0xfe, 
    0xff, 0xdf, 0xff, 0xfe, 0xff, 0xdd, 0xfe, 0xfe, 0xff, 0xe1, 0xff, 0xff, 0xff, 
    0xd1, 0xf6, 0xf9, 0xff, 0x5e, 0xbd, 0xf4, 0xff, 0x47, 0xb1, 0xfd, 0xff, 0x48, 
    0xb1, 0xfe, 0xff, 0x4a, 0xb1, 0xfe, 0xff, 0x4c, 0xb6, 0xfe, 0xff, 0x45, 0xb4, 
    0xfe, 0xff, 0x46, 0xb6, 0xfe, 0xff, 0x46, 0xb6, 0xfe, 0xff, 0x46, 0xb6, 0xfd, 
    0xff, 0x46, 0xb5, 0xfd, 0xff, 0x47, 0xb3, 0xfa, 0xff, 0x49, 0xb6, 0xfe, 0xff, 
    0x49, 0xb6, 0xfe, 0xff, 0x49, 0xb5, 0xfe, 0xff, 0x4e, 0xbb, 0xff, 0xff, 0x4b, 
    0xb3, 0xfc, 0xff, 0x3f, 0x99, 0xf7, 0xff, 0x28, 0x6f, 0xf2, 0xff, 0x1e, 0x62, 
    0xf4, 0xff, 0x1c, 0x61, 0xf5, 0xff, 0x1c, 0x60, 0xf1, 0xff, 0x21, 0x6b, 0xff, 
    0xff, 0x1b, 0x49, 0xad, 0xff, 0x00, 0x00, 0x00, 0xff, 0x00, 0x00, 0x00, 0xff, 
    0xba, 0xbb, 0xbb, 0xff, 0xff, 0xff, 0xff, 0xff, 0xfb, 0xfc, 0xfc, 0xff, 0xfd, 
    0xff, 0xff, 0xff, 0xfc, 0xfe, 0xfe, 0xff, 0xfd, 0xff, 0xff, 0xff, 0xfd, 0xff, 
    0xff, 0xff, 0xfe, 0xff, 0xff, 0xff, 0xfc, 0xff, 0xfe, 0xff, 0xfc, 0xff, 0xfe, 
    0xff, 0xfc, 0xff, 0xfe, 0xff, 0xfe, 0xff, 0xff, 0xff, 0xff, 0xff, 0xff, 0xff, 
    0xff, 0xff, 0xff, 0xff, 0xfe, 0xff, 0xff, 0xff, 0xfe, 0xff, 0xff, 0xff, 0xfd, 
    0xff, 0xff, 0xff, 0xfa, 0xff, 0xfe, 0xff, 0xfa, 0xff, 0xfe, 0xff, 0xf8, 0xff, 
    0xfe, 0xff, 0xf8, 0xff, 0xfe, 0xff, 0xf9, 0xff, 0xfe, 0xff, 0xfb, 0xff, 0xfe, 
    0xff, 0xfb, 0xfe, 0xfe, 0xff, 0xfa, 0xff, 0xfe, 0xff, 0xfb, 0xff, 0xfe, 0xff, 
    0xfe, 0xff, 0xff, 0xff, 0xfd, 0xfd, 0xfe, 0xff, 0xff, 0xff, 0xff, 0xff, 0xe8, 
    0xe9, 0xe9, 0xff, 0x0e, 0x10, 0x11, 0xff, 0x00, 0x00, 0x00, 0xff, 0x21, 0x46, 
    0x91, 0xff, 0x2e, 0x7c, 0xff, 0xff, 0x26, 0x6e, 0xf7, 0xff, 0x25, 0x6d, 0xfc, 
    0xff, 0x23, 0x69, 0xfb, 0xff, 0x24, 0x6b, 0xf6, 0xff, 0x37, 0x8b, 0xf3, 0xff, 
    0x46, 0xac, 0xfa, 0xff, 0x4d, 0xbe, 0xfe, 0xff, 0x4a, 0xba, 0xfd, 0xff, 0x4b, 
    0xb9, 0xfd, 0xff, 0x52, 0xc4, 0xff, 0xff, 0x4c, 0xba, 0xff, 0xff, 0x4a, 0xb8, 
    0xfe, 0xff, 0x4a, 0xb7, 0xfe, 0xff, 0x49, 0xb6, 0xfe, 0xff, 0x4c, 0xb5, 0xfd, 
    0xff, 0x83, 0xcf, 0xf9, 0xff, 0xa1, 0xdd, 0xf9, 0xff, 0xbd, 0xeb, 0xf7, 0xff, 
    0xe0, 0xff, 0xfe, 0xff, 0xde, 0xff, 0xfe, 0xff, 0xde, 0xff, 0xfe, 0xff, 0xde, 
    0xff, 0xfe, 0xff, 0xdb, 0xff, 0xfe, 0xff, 0xdc, 0xff, 0xfe, 0xff, 0xdd, 0xff, 
    0xfe, 0xff, 0xdf, 0xff, 0xfe, 0xff, 0xdf, 0xff, 0xfe, 0xff, 0xdf, 0xff, 0xfe, 
    0xff, 0xde, 0xff, 0xfe, 0xff, 0xde, 0xff, 0xfe, 0xff, 0xdd, 0xff, 0xfe, 0xff, 
    0xdd, 0xff, 0xfe, 0xff, 0xde, 0xff, 0xfe, 0xff, 0xe0, 0xff, 0xfe, 0xff, 0xe0, 
    0xff, 0xfe, 0xff, 0xdf, 0xff, 0xfe, 0xff, 0xdf, 0xff, 0xfe, 0xff, 0xe1, 0xff, 
    0xfe, 0xff, 0xe1, 0xfe, 0xfe, 0xff, 0xe1, 0xff, 0xfe, 0xff, 0xe0, 0xff, 0xfe, 
    0xff, 0xde, 0xff, 0xfe, 0xff, 0xdc, 0xff, 0xfe, 0xff, 0xdd, 0xff, 0xfe, 0xff, 
    0xdc, 0xff, 0xfe, 0xff, 0xda, 0xff, 0xfd, 0xff, 0xdb, 0xff, 0xfe, 0xff, 0xdc, 
    0xff, 0xfe, 0xff, 0xde, 0xff, 0xfe, 0xff, 0xde, 0xff, 0xfe, 0xff, 0xdd, 0xff, 
    0xfe, 0xff, 0xdc, 0xff, 0xfe, 0xff, 0xdd, 0xff, 0xfe, 0xff, 0xde, 0xff, 0xfe, 
    0xff, 0xde, 0xff, 0xfe, 0xff, 0xdd, 0xff, 0xfe, 0xff, 0xde, 0xff, 0xfe, 0xff, 
    0xe0, 0xff, 0xfe, 0xff, 0xde, 0xff, 0xfe, 0xff, 0xde, 0xfe, 0xfe, 0xff, 0xde, 
    0xfd, 0xfb, 0xff, 0x76, 0xc9, 0xf7, 0xff, 0x45, 0xb2, 0xfd, 0xff, 0x4a, 0xb1, 
    0xfe, 0xff, 0x4a, 0xb2, 0xfe, 0xff, 0x4a, 0xb4, 0xfe, 0xff, 0x45, 0xb4, 0xfe, 
    0xff, 0x46, 0xb5, 0xfd, 0xff, 0x47, 0xb5, 0xfe, 0xff, 0x47, 0xb5, 0xfe, 0xff, 
    0x4b, 0xba, 0xff, 0xff, 0x51, 0xc1, 0xff, 0xff, 0x49, 0xb5, 0xfd, 0xff, 0x4a, 
    0xb5, 0xfe, 0xff, 0x4b, 0xb6, 0xfe, 0xff, 0x3a, 0x9a, 0xfb, 0xff, 0x28, 0x75, 
    0xf8, 0xff, 0x22, 0x65, 0xf5, 0xff, 0x22, 0x65, 0xf7, 0xff, 0x4d, 0x85, 0xf6, 
    0xff, 0x59, 0x8d, 0xf6, 0xff, 0x57, 0x89, 0xf3, 0xff, 0x3d, 0x7a, 0xf8, 0xff, 
    0x59, 0x84, 0xe4, 0xff, 0x34, 0x37, 0x3c, 0xff, 0x13, 0x13, 0x12, 0xff, 0x6c, 
    0x6f, 0x6f, 0xff, 0xff, 0xff, 0xff, 0xff, 0xf9, 0xf9, 0xf9, 0xff, 0xfc, 0xfd, 
    0xfd, 0xff, 0xf9, 0xfc, 0xfb, 0xff, 0xf8, 0xfb, 0xfb, 0xff, 0xf8, 0xfa, 0xfa, 
    0xff, 0xfa, 0xfd, 0xfc, 0xff, 0xfa, 0xfe, 0xfd, 0xff, 0xf9, 0xfd, 0xfc, 0xff, 
    0xf9, 0xfb, 0xfa, 0xff, 0xfb, 0xfb, 0xfb, 0xff, 0xfe, 0xfe, 0xfe, 0xff, 0xff, 
    0xff, 0xff, 0xff, 0xfe, 0xff, 0xff, 0xff, 0xff, 0xff, 0xff, 0xff, 0xfe, 0xff, 
    0xff, 0xff, 0xfb, 0xff, 0xfe, 0xff, 0xfa, 0xff, 0xfe, 0xff, 0xfa, 0xff, 0xfe, 
    0xff, 0xfa, 0xff, 0xfe, 0xff, 0xfa, 0xff, 0xfe, 0xff, 0xfa, 0xff, 0xfe, 0xff, 
    0xfa, 0xff, 0xfe, 0xff, 0xfa, 0xff, 0xfe, 0xff, 0xfd, 0xff, 0xff, 0xff, 0xfe, 
    0xff, 0xff, 0xff, 0xfb, 0xfb, 0xfb, 0xff, 0xff, 0xff, 0xff, 0xff, 0xa1, 0xa3, 
    0xa3, 0xff, 0x00, 0x00, 0x00, 0xff, 0x08, 0x09, 0x0b, 0xff, 0x2b, 0x65, 0xd5, 
    0xff, 0x28, 0x75, 0xff, 0xff, 0x25, 0x6f, 0xfb, 0xff, 0x24, 0x6e, 0xfc, 0xff, 
    0x24, 0x6c, 0xfb, 0xff, 0x22, 0x6b, 0xf9, 0xff, 0x2f, 0x7d, 0xf6, 0xff, 0x32, 
    0x81, 0xf3, 0xff, 0x42, 0xa7, 0xf9, 0xff, 0x4b, 0xbc, 0xfe, 0xff, 0x4f, 0xb9, 
    0xfc, 0xff, 0x3c, 0x80, 0xad, 0xff, 0x4c, 0xb4, 0xf5, 0xff, 0x4b, 0xba, 0xfe, 
    0xff, 0x4a, 0xb7, 0xfd, 0xff, 0x49, 0xb6, 0xfe, 0xff, 0x4a, 0xb6, 0xfe, 0xff, 
    0x42, 0xb1, 0xff, 0xff, 0x4b, 0xb4, 0xfa, 0xff, 0xb8, 0xea, 0xfa, 0xff, 0xe3, 
    0xff, 0xfe, 0xff, 0xdd, 0xfe, 0xfe, 0xff, 0xdf, 0xff, 0xfe, 0xff, 0xdd, 0xff, 
    0xfe, 0xff, 0xda, 0xff, 0xfd, 0xff, 0xda, 0xfe, 0xfe, 0xff, 0xda, 0xff, 0xfe, 
    0xff, 0xde, 0xff, 0xfe, 0xff, 0xdf, 0xff, 0xfe, 0xff, 0xdf, 0xff, 0xfe, 0xff, 
    0xdf, 0xff, 0xfe, 0xff, 0xde, 0xff, 0xfe, 0xff, 0xdd, 0xff, 0xfe, 0xff, 0xde, 
    0xff, 0xfe, 0xff, 0xdf, 0xff, 0xfe, 0xff, 0xdf, 0xff, 0xfe, 0xff, 0xe0, 0xff, 
    0xfe, 0xff, 0xdf, 0xff, 0xfe, 0xff, 0xdf, 0xff, 0xfe, 0xff, 0xdf, 0xff, 0xfe, 
    0xff, 0xe0, 0xff, 0xfe, 0xff, 0xe0, 0xff, 0xfe, 0xff, 0xde, 0xff, 0xfe, 0xff, 
    0xde, 0xff, 0xfe, 0xff, 0xde, 0xff, 0xfe, 0xff, 0xde, 0xff, 0xfe, 0xff, 0xde, 
    0xff, 0xfe, 0xff, 0xdd, 0xff, 0xfe, 0xff, 0xdd, 0xff, 0xfe, 0xff, 0xde, 0xff, 
    0xfe, 0xff, 0xde, 0xff, 0xfe, 0xff, 0xdd, 0xff, 0xfe, 0xff, 0xdc, 0xff, 0xfe, 
    0xff, 0xde, 0xff, 0xfe, 0xff, 0xdd, 0xff, 0xfe, 0xff, 0xde, 0xff, 0xfe, 0xff, 
    0xde, 0xff, 0xfe, 0xff, 0xde, 0xff, 0xfe, 0xff, 0xdf, 0xff, 0xfe, 0xff, 0xe1, 
    0xff, 0xfe, 0xff, 0xe0, 0xff, 0xfe, 0xff, 0xde, 0xfe, 0xfe, 0xff, 0xe5, 0xff, 
    0xfc, 0xff, 0x99, 0xdb, 0xf6, 0xff, 0x4a, 0xb7, 0xfc, 0xff, 0x4c, 0xb5, 0xfe, 
    0xff, 0x49, 0xb2, 0xfe, 0xff, 0x48, 0xb2, 0xfe, 0xff, 0x46, 0xb4, 0xfe, 0xff, 
    0x46, 0xb5, 0xfe, 0xff, 0x47, 0xb4, 0xfc, 0xff, 0x4a, 0xbb, 0xff, 0xff, 0x4a, 
    0xa2, 0xde, 0xff, 0x3b, 0x73, 0x9f, 0xff, 0x4f, 0xbb, 0xff, 0xff, 0x4f, 0xba, 
    0xfe, 0xff, 0x3d, 0x9c, 0xf6, 0xff, 0x1f, 0x6d, 0xf3, 0xff, 0x28, 0x76, 0xf7, 
    0xff, 0x27, 0x6c, 0xf9, 0xff, 0x1d, 0x64, 0xfa, 0xff, 0x64, 0x93, 0xf6, 0xff, 
    0x8b, 0xae, 0xf5, 0xff, 0x83, 0xa9, 0xf4, 0xff, 0x44, 0x7c, 0xef, 0xff, 0x83, 
    0xab, 0xfa, 0xff, 0x7b, 0x85, 0x9c, 0xff, 0x58, 0x59, 0x54, 0xff, 0x2a, 0x2d, 
    0x2d, 0xff, 0xfb, 0xfb, 0xfb, 0xff, 0xfb, 0xfb, 0xfb, 0xff, 0xfc, 0xfc, 0xfc, 
    0xff, 0xf8, 0xfa, 0xfa, 0xff, 0xf7, 0xf9, 0xf9, 0xff, 0xf9, 0xfb, 0xfb, 0xff, 
    0xf7, 0xfa, 0xfa, 0xff, 0xf5, 0xfa, 0xf9, 0xff, 0xf7, 0xf9, 0xf9, 0xff, 0xf8, 
    0xfa, 0xfa, 0xff, 0xfa, 0xfb, 0xfb, 0xff, 0xfd, 0xfd, 0xfd, 0xff, 0xff, 0xff, 
    0xff, 0xff, 0xfe, 0xff, 0xff, 0xff, 0xfe, 0xff, 0xff, 0xff, 0xfd, 0xff, 0xff, 
    0xff, 0xfc, 0xfe, 0xfe, 0xff, 0xfb, 0xff, 0xfe, 0xff, 0xfb, 0xfe, 0xfe, 0xff, 
    0xfb, 0xfe, 0xfe, 0xff, 0xfa, 0xff, 0xfe, 0xff, 0xfa, 0xff, 0xfe, 0xff, 0xfb, 
    0xff, 0xfe, 0xff, 0xfb, 0xff, 0xfe, 0xff, 0xfc, 0xff, 0xfe, 0xff, 0xff, 0xff, 
    0xff, 0xff, 0xfb, 0xfc, 0xfc, 0xff, 0xff, 0xff, 0xff, 0xff, 0x53, 0x55, 0x56, 
    0xff, 0x01, 0x00, 0x01, 0xff, 0x12, 0x1f, 0x3c, 0xff, 0x2a, 0x72, 0xfe, 0xff, 
    0x21, 0x69, 0xfa, 0xff, 0x22, 0x6a, 0xfb, 0xff, 0x20, 0x69, 0xfc, 0xff, 0x21, 
    0x69, 0xfd, 0xff, 0x1d, 0x67, 0xfc, 0xff, 0x1d, 0x6b, 0xfc, 0xff, 0x25, 0x73, 
    0xf6, 0xff, 0x31, 0x89, 0xf0, 0xff, 0x51, 0xc5, 0xff, 0xff, 0x3d, 0x86, 0xbb, 
    0xff, 0x09, 0x05, 0x05, 0xff, 0x4f, 0xb0, 0xeb, 0xff, 0x4b, 0xbd, 0xff, 0xff, 
    0x49, 0xb7, 0xfc, 0xff, 0x4a, 0xb7, 0xfe, 0xff, 0x4a, 0xb5, 0xfe, 0xff, 0x4d, 
    0xb7, 0xfe, 0xff, 0x59, 0xbc, 0xfb, 0xff, 0xc2, 0xef, 0xfa, 0xff, 0xe3, 0xff, 
    0xfe, 0xff, 0xdf, 0xfe, 0xfe, 0xff, 0xde, 0xff, 0xfe, 0xff, 0xdc, 0xff, 0xfe, 
    0xff, 0xda, 0xff, 0xfe, 0xff, 0xd9, 0xfe, 0xfe, 0xff, 0xda, 0xff, 0xfe, 0xff, 
    0xdb, 0xff, 0xfe, 0xff, 0xdb, 0xff, 0xfe, 0xff, 0xde, 0xff, 0xfe, 0xff, 0xdf, 
    0xff, 0xfe, 0xff, 0xdf, 0xff, 0xfe, 0xff, 0xdd, 0xff, 0xfe, 0xff, 0xdd, 0xff, 
    0xfe, 0xff, 0xde, 0xff, 0xfe, 0xff, 0xdf, 0xff, 0xfe, 0xff, 0xdf, 0xff, 0xfe, 
    0xff, 0xdf, 0xff, 0xfe, 0xff, 0xe0, 0xff, 0xfe, 0xff, 0xdf, 0xff, 0xfe, 0xff, 
    0xdf, 0xff, 0xfe, 0xff, 0xdf, 0xff, 0xfe, 0xff, 0xdd, 0xff, 0xfe, 0xff, 0xde, 
    0xff, 0xfe, 0xff, 0xdf, 0xff, 0xfe, 0xff, 0xdf, 0xff, 0xfe, 0xff, 0xdf, 0xff, 
    0xfe, 0xff, 0xdf, 0xff, 0xfe, 0xff, 0xdd, 0xff, 0xfe, 0xff, 0xde, 0xff, 0xfe, 
    0xff, 0xde, 0xff, 0xfe, 0xff, 0xde, 0xff, 0xfe, 0xff, 0xdd, 0xff, 0xfe, 0xff, 
    0xdd, 0xff, 0xfe, 0xff, 0xde, 0xff, 0xfe, 0xff, 0xdd, 0xff, 0xfe, 0xff, 0xdd, 
    0xff, 0xfe, 0xff, 0xde, 0xff, 0xfe, 0xff, 0xdf, 0xff, 0xfe, 0xff, 0xe0, 0xff, 
    0xfe, 0xff, 0xe0, 0xff, 0xfe, 0xff, 0xdf, 0xfe, 0xfe, 0xff, 0xe4, 0xff, 0xfe, 
    0xff, 0xc3, 0xef, 0xf9, 0xff, 0x56, 0xbe, 0xfb, 0xff, 0x4c, 0xb7, 0xfe, 0xff, 
    0x49, 0xb4, 0xfe, 0xff, 0x48, 0xb3, 0xfe, 0xff, 0x47, 0xb4, 0xfe, 0xff, 0x47, 
    0xb5, 0xfe, 0xff, 0x46, 0xb3, 0xfb, 0xff, 0x4c, 0xbe, 0xff, 0xff, 0x45, 0x92, 
    0xc7, 0xff, 0x01, 0x00, 0x00, 0xff, 0x48, 0x9c, 0xd5, 0xff, 0x52, 0xc3, 0xff, 
    0xff, 0x40, 0x9d, 0xf2, 0xff, 0x26, 0x76, 0xef, 0xff, 0x23, 0x70, 0xf4, 0xff, 
    0x21, 0x64, 0xf9, 0xff, 0x16, 0x5d, 0xfb, 0xff, 0x63, 0x92, 0xf8, 0xff, 0x77, 
    0xa0, 0xf4, 0xff, 0x79, 0xa2, 0xf5, 0xff, 0x44, 0x7a, 0xf0, 0xff, 0x80, 0xa9, 
    0xfc, 0xff, 0x70, 0x81, 0xa6, 0xff, 0x54, 0x54, 0x4e, 0xff, 0x23, 0x27, 0x26, 
    0xff, 0xf1, 0xf2, 0xf2, 0xff, 0xfd, 0xfd, 0xfd, 0xff, 0xfa, 0xfa, 0xfa, 0xff, 
    0xfa, 0xfc, 0xfc, 0xff, 0xf7, 0xf9, 0xf9, 0xff, 0xfa, 0xfb, 0xfb, 0xff, 0xf6, 
    0xfa, 0xf9, 0xff, 0xf6, 0xfb, 0xfa, 0xff, 0xf8, 0xfa, 0xfa, 0xff, 0xf6, 0xf7, 
    0xf7, 0xff, 0xf9, 0xfa, 0xfa, 0xff, 0xfe, 0xfe, 0xfe, 0xff, 0xff, 0xff, 0xff, 
    0xff, 0xfe, 0xff, 0xff, 0xff, 0xfe, 0xff, 0xff, 0xff, 0xfd, 0xff, 0xff, 0xff, 
    0xfb, 0xff, 0xfe, 0xff, 0xfb, 0xfe, 0xfe, 0xff, 0xfc, 0xfe, 0xfe, 0xff, 0xfc, 
    0xfe, 0xfe, 0xff, 0xfb, 0xff, 0xfe, 0xff, 0xfa, 0xff, 0xfe, 0xff, 0xfc, 0xff, 
    0xfe, 0xff, 0xfd, 0xfe, 0xfe, 0xff, 0xfe, 0xff, 0xff, 0xff, 0xfd, 0xfe, 0xfe, 
    0xff, 0xff, 0xff, 0xff, 0xff, 0xf4, 0xf6, 0xf6, 0xff, 0x1b, 0x20, 0x1f, 0xff, 
    0x00, 0x00, 0x00, 0xff, 0x2c, 0x54, 0x77, 0xff, 0x35, 0x92, 0xff, 0xff, 0x24, 
    0x74, 0xf3, 0xff, 0x21, 0x70, 0xf9, 0xff, 0x1e, 0x6c, 0xf9, 0xff, 0x1e, 0x6d, 
    0xfa, 0xff, 0x27, 0x78, 0xf6, 0xff, 0x2e, 0x81, 0xf1, 0xff, 0x33, 0x8a, 0xf4, 
    0xff, 0x45, 0xab, 0xf8, 0xff, 0x53, 0xc5, 0xff, 0xff, 0x1d, 0x3f, 0x5e, 0xff, 
    0x14, 0x22, 0x29, 0xff, 0x56, 0xc5, 0xff, 0xff, 0x48, 0xb8, 0xfc, 0xff, 0x4a, 
    0xb8, 0xfe, 0xff, 0x4a, 0xb7, 0xfe, 0xff, 0x4b, 0xb6, 0xfe, 0xff, 0x4c, 0xb7, 
    0xfe, 0xff, 0x5f, 0xbe, 0xf8, 0xff, 0xcc, 0xf3, 0xf8, 0xff, 0xe3, 0xff, 0xff, 
    0xff, 0xe0, 0xfe, 0xfe, 0xff, 0xdf, 0xff, 0xfe, 0xff, 0xdf, 0xff, 0xfe, 0xff, 
    0xdd, 0xff, 0xfe, 0xff, 0xdc, 0xff, 0xfe, 0xff, 0xdc, 0xff, 0xfe, 0xff, 0xdd, 
    0xff, 0xfe, 0xff, 0xdb, 0xff, 0xfe, 0xff, 0xde, 0xff, 0xfe, 0xff, 0xde, 0xff, 
    0xfe, 0xff, 0xdf, 0xff, 0xfe, 0xff, 0xdd, 0xff, 0xfe, 0xff, 0xdc, 0xff, 0xfe, 
    0xff, 0xdd, 0xff, 0xfe, 0xff, 0xdd, 0xff, 0xfe, 0xff, 0xdf, 0xff, 0xfe, 0xff, 
    0xe0, 0xff, 0xfe, 0xff, 0xe0, 0xff, 0xfe, 0xff, 0xdf, 0xff, 0xfe, 0xff, 0xdf, 
    0xff, 0xfe, 0xff, 0xde, 0xff, 0xfe, 0xff, 0xde, 0xff, 0xfe, 0xff, 0xde, 0xff, 
    0xfe, 0xff, 0xde, 0xff, 0xfe, 0xff, 0xde, 0xff, 0xfe, 0xff, 0xde, 0xff, 0xfe, 
    0xff, 0xde, 0xff, 0xfe, 0xff, 0xdd, 0xff, 0xfe, 0xff, 0xde, 0xff, 0xfe, 0xff, 
    0xdf, 0xff, 0xfe, 0xff, 0xdf, 0xff, 0xfe, 0xff, 0xde, 0xff, 0xfe, 0xff, 0xde, 
    0xff, 0xfe, 0xff, 0xdf, 0xff, 0xfe, 0xff, 0xde, 0xff, 0xfe, 0xff, 0xde, 0xff, 
    0xfe, 0xff, 0xde, 0xff, 0xfe, 0xff, 0xde, 0xff, 0xfe, 0xff, 0xdf, 0xff, 0xfe, 
    0xff, 0xe0, 0xff, 0xfe, 0xff, 0xe0, 0xff, 0xfe, 0xff, 0xde, 0xff, 0xfe, 0xff, 
    0xde, 0xfc, 0xfa, 0xff, 0x77, 0xcc, 0xf9, 0xff, 0x46, 0xb5, 0xfe, 0xff, 0x4c, 
    0xb7, 0xfe, 0xff, 0x4a, 0xb6, 0xfe, 0xff, 0x49, 0xb6, 0xfe, 0xff, 0x46, 0xb4, 
    0xfe, 0xff, 0x47, 0xb3, 0xfd, 0xff, 0x49, 0xb7, 0xff, 0xff, 0x53, 0xb1, 0xf3, 
    0xff, 0x08, 0x07, 0x08, 0xff, 0x2b, 0x5c, 0x7c, 0xff, 0x53, 0xc5, 0xff, 0xff, 
    0x4b, 0xb7, 0xfa, 0xff, 0x46, 0xac, 0xfb, 0xff, 0x36, 0x93, 0xf7, 0xff, 0x30, 
    0x87, 0xf6, 0xff, 0x26, 0x7e, 0xf7, 0xff, 0x57, 0x93, 0xf4, 0xff, 0x77, 0xa2, 
    0xf1, 0xff, 0x6d, 0x9c, 0xf1, 0xff, 0x48, 0x87, 0xee, 0xff, 0x9b, 0xc5, 0xfc, 
    0xff, 0x7e, 0xa5, 0xcf, 0xff, 0x3a, 0x3b, 0x39, 0xff, 0x48, 0x4b, 0x4a, 0xff, 
    0xdd, 0xde, 0xdf, 0xff, 0xff, 0xff, 0xff, 0xff, 0xf7, 0xf8, 0xf8, 0xff, 0xfb, 
    0xfc, 0xfc, 0xff, 0xf8, 0xf9, 0xf9, 0xff, 0xf9, 0xfb, 0xfb, 0xff, 0xf6, 0xf9, 
    0xf9, 0xff, 0xf7, 0xfa, 0xf9, 0xff, 0xf7, 0xf8, 0xf8, 0xff, 0xf8, 0xf8, 0xf8, 
    0xff, 0xfa, 0xfb, 0xfb, 0xff, 0xfd, 0xfd, 0xfd, 0xff, 0xff, 0xff, 0xff, 0xff, 
    0xfe, 0xff, 0xff, 0xff, 0xfe, 0xff, 0xff, 0xff, 0xfe, 0xff, 0xff, 0xff, 0xfc, 
    0xfe, 0xfe, 0xff, 0xfc, 0xfe, 0xfe, 0xff, 0xfc, 0xfe, 0xfe, 0xff, 0xfc, 0xff, 
    0xfe, 0xff, 0xfd, 0xff, 0xff, 0xff, 0xfe, 0xff, 0xff, 0xff, 0xfe, 0xff, 0xff, 
    0xff, 0xfe, 0xff, 0xff, 0xff, 0xfe, 0xff, 0xff, 0xff, 0xfc, 0xfc, 0xfd, 0xff, 
    0xff, 0xff, 0xff, 0xff, 0xcf, 0xd1, 0xd1, 0xff, 0x04, 0x06, 0x05, 0xff, 0x01, 
    0x00, 0x00, 0xff, 0x47, 0x91, 0xbb, 0xff, 0x53, 0xc9, 0xff, 0xff, 0x48, 0xb7, 
    0xf9, 0xff, 0x45, 0xb3, 0xfc, 0xff, 0x44, 0xae, 0xfa, 0xff, 0x45, 0xae, 0xfb, 
    0xff, 0x47, 0xaf, 0xf9, 0xff, 0x48, 0xaf, 0xf8, 0xff, 0x4c, 0xb8, 0xfd, 0xff, 
    0x4a, 0xb6, 0xff, 0xff, 0x4d, 0xb4, 0xfb, 0xff, 0x0a, 0x10, 0x17, 0xff, 0x22, 
    0x42, 0x54, 0xff, 0x55, 0xc7, 0xff, 0xff, 0x48, 0xb6, 0xfa, 0xff, 0x49, 0xb7, 
    0xfe, 0xff, 0x4a, 0xb5, 0xfe, 0xff, 0x4c, 0xb5, 0xfe, 0xff, 0x48, 0xb6, 0xfe, 
    0xff, 0x78, 0xcb, 0xf5, 0xff, 0xdd, 0xfc, 0xfb, 0xff, 0xdf, 0xff, 0xfe, 0xff, 
    0xe0, 0xff, 0xfe, 0xff, 0xe0, 0xff, 0xfe, 0xff, 0xde, 0xff, 0xfe, 0xff, 0xde, 
    0xff, 0xfe, 0xff, 0xde, 0xff, 0xfe, 0xff, 0xdc, 0xff, 0xfe, 0xff, 0xdc, 0xff, 
    0xfe, 0xff, 0xdc, 0xff, 0xfe, 0xff, 0xdb, 0xff, 0xfe, 0xff, 0xdc, 0xff, 0xfe, 
    0xff, 0xdb, 0xff, 0xfe, 0xff, 0xdd, 0xff, 0xfe, 0xff, 0xdd, 0xff, 0xfe, 0xff, 
    0xdd, 0xff, 0xfe, 0xff, 0xdd, 0xff, 0xfe, 0xff, 0xde, 0xff, 0xfe, 0xff, 0xdf, 
    0xff, 0xfe, 0xff, 0xe0, 0xff, 0xfe, 0xff, 0xde, 0xff, 0xfe, 0xff, 0xde, 0xff, 
    0xfe, 0xff, 0xdf, 0xff, 0xfe, 0xff, 0xdf, 0xff, 0xfe, 0xff, 0xde, 0xff, 0xfe, 
    0xff, 0xde, 0xff, 0xfe, 0xff, 0xdd, 0xff, 0xfe, 0xff, 0xdd, 0xff, 0xfe, 0xff, 
    0xdd, 0xff, 0xfe, 0xff, 0xde, 0xff, 0xfe, 0xff, 0xdf, 0xff, 0xfe, 0xff, 0xdf, 
    0xff, 0xfe, 0xff, 0xde, 0xff, 0xfe, 0xff, 0xde, 0xff, 0xfe, 0xff, 0xde, 0xff, 
    0xfe, 0xff, 0xdf, 0xff, 0xfe, 0xff, 0xdf, 0xff, 0xfe, 0xff, 0xdf, 0xff, 0xfe, 
    0xff, 0xdf, 0xff, 0xfe, 0xff, 0xdf, 0xff, 0xfe, 0xff, 0xde, 0xff, 0xfe, 0xff, 
    0xde, 0xff, 0xfe, 0xff, 0xdf, 0xff, 0xfe, 0xff, 0xdc, 0xfe, 0xfe, 0xff, 0xe2, 
    0xff, 0xfd, 0xff, 0x8b, 0xd5, 0xf7, 0xff, 0x4a, 0xb8, 0xfd, 0xff, 0x4e, 0xb8, 
    0xfe, 0xff, 0x4c, 0xb7, 0xfe, 0xff, 0x4d, 0xb9, 0xfd, 0xff, 0x46, 0xb4, 0xfe, 
    0xff, 0x45, 0xb3, 0xfe, 0xff, 0x46, 0xb2, 0xfe, 0xff, 0x51, 0xb8, 0xff, 0xff, 
    0x10, 0x1d, 0x29, 0xff, 0x12, 0x25, 0x2f, 0xff, 0x51, 0xbe, 0xff, 0xff, 0x48, 
    0xb5, 0xfd, 0xff, 0x4b, 0xb9, 0xfe, 0xff, 0x4f, 0xbd, 0xff, 0xff, 0x4f, 0xbc, 
    0xfd, 0xff, 0x4c, 0xbb, 0xfc, 0xff, 0x7e, 0xca, 0xfa, 0xff, 0x89, 0xcc, 0xf9, 
    0xff, 0x8c, 0xcd, 0xfa, 0xff, 0x69, 0xbd, 0xf8, 0xff, 0x81, 0xc9, 0xfc, 0xff, 
    0x8d, 0xca, 0xf6, 0xff, 0x3b, 0x40, 0x43, 0xff, 0x26, 0x27, 0x26, 0xff, 0x86, 
    0x88, 0x87, 0xff, 0xff, 0xff, 0xff, 0xff, 0xf6, 0xf6, 0xf7, 0xff, 0xfb, 0xfb, 
    0xfb, 0xff, 0xfa, 0xfb, 0xfb, 0xff, 0xfb, 0xfb, 0xfb, 0xff, 0xfa, 0xfb, 0xfb, 
    0xff, 0xf9, 0xfa, 0xfa, 0xff, 0xfa, 0xfa, 0xfa, 0xff, 0xfa, 0xfa, 0xfa, 0xff, 
    0xfa, 0xfa, 0xfa, 0xff, 0xfe, 0xfe, 0xfe, 0xff, 0xff, 0xff, 0xff, 0xff, 0xff, 
    0xff, 0xff, 0xff, 0xff, 0xff, 0xff, 0xff, 0xff, 0xff, 0xff, 0xff, 0xff, 0xff, 
    0xff, 0xff, 0xff, 0xff, 0xff, 0xff, 0xff, 0xff, 0xff, 0xff, 0xff, 0xff, 0xff, 
    0xff, 0xff, 0xff, 0xff, 0xff, 0xff, 0xff, 0xff, 0xff, 0xff, 0xff, 0xff, 0xff, 
    0xff, 0xff, 0xff, 0xff, 0xff, 0xff, 0xff, 0xff, 0xfb, 0xfb, 0xfb, 0xff, 0xff, 
    0xff, 0xff, 0xff, 0xa3, 0xa6, 0xa6, 0xff, 0x00, 0x00, 0x00, 0xff, 0x0a, 0x0f, 
    0x11, 0xff, 0x4a, 0xac, 0xe8, 0xff, 0x4a, 0xbe, 0xff, 0xff, 0x48, 0xb9, 0xfd, 
    0xff, 0x49, 0xba, 0xfe, 0xff, 0x4c, 0xbc, 0xfe, 0xff, 0x4c, 0xbc, 0xfe, 0xff, 
    0x4b, 0xbb, 0xfe, 0xff, 0x4b, 0xb9, 0xff, 0xff, 0x48, 0xb3, 0xfc, 0xff, 0x4b, 
    0xba, 0xff, 0xff, 0x43, 0x97, 0xd4, 0xff, 0x00, 0x00, 0x00, 0xff, 0x34, 0x6d, 
    0x90, 0xff, 0x50, 0xc7, 0xff, 0xff, 0x47, 0xb5, 0xfa, 0xff, 0x48, 0xb7, 0xfe, 
    0xff, 0x49, 0xb6, 0xfe, 0xff, 0x4b, 0xb6, 0xfe, 0xff, 0x4d, 0xb9, 0xfc, 0xff, 
    0x95, 0xda, 0xf6, 0xff, 0xe2, 0xff, 0xfe, 0xff, 0xd9, 0xfe, 0xfe, 0xff, 0xde, 
    0xff, 0xfe, 0xff, 0xe0, 0xff, 0xfe, 0xff, 0xe0, 0xff, 0xfe, 0xff, 0xe0, 0xff, 
    0xfe, 0xff, 0xde, 0xff, 0xfe, 0xff, 0xdc, 0xff, 0xfe, 0xff, 0xdd, 0xff, 0xfe, 
    0xff, 0xdc, 0xff, 0xfe, 0xff, 0xdb, 0xff, 0xfe, 0xff, 0xda, 0xff, 0xfe, 0xff, 
    0xdb, 0xff, 0xfe, 0xff, 0xdd, 0xff, 0xfe, 0xff, 0xdd, 0xff, 0xfe, 0xff, 0xde, 
    0xff, 0xfe, 0xff, 0xdf, 0xff, 0xfe, 0xff, 0xe0, 0xff, 0xfe, 0xff, 0xe0, 0xff, 
    0xfe, 0xff, 0xe0, 0xff, 0xfe, 0xff, 0xdf, 0xff, 0xfe, 0xff, 0xdf, 0xff, 0xfe, 
    0xff, 0xdf, 0xff, 0xfe, 0xff, 0xdf, 0xff, 0xfe, 0xff, 0xe0, 0xff, 0xfe, 0xff, 
    0xdf, 0xff, 0xfe, 0xff, 0xdf, 0xff, 0xfe, 0xff, 0xde, 0xff, 0xfe, 0xff, 0xdd, 
    0xff, 0xfe, 0xff, 0xde, 0xff, 0xfe, 0xff, 0xdf, 0xff, 0xfe, 0xff, 0xdf, 0xff, 
    0xfe, 0xff, 0xdf, 0xff, 0xfe, 0xff, 0xdf, 0xff, 0xfe, 0xff, 0xe0, 0xff, 0xfe, 
    0xff, 0xdf, 0xff, 0xfe, 0xff, 0xdf, 0xff, 0xfe, 0xff, 0xe0, 0xff, 0xfe, 0xff, 
    0xdf, 0xff, 0xfe, 0xff, 0xe0, 0xff, 0xfe, 0xff, 0xdf, 0xff, 0xfe, 0xff, 0xde, 
    0xff, 0xfe, 0xff, 0xde, 0xff, 0xfe, 0xff, 0xdb, 0xfe, 0xfe, 0xff, 0xe1, 0xff, 
    0xfd, 0xff, 0x9f, 0xe1, 0xf9, 0xff, 0x4b, 0xba, 0xfc, 0xff, 0x4f, 0xba, 0xfe, 
    0xff, 0x4c, 0xb7, 0xfe, 0xff, 0x53, 0xbc, 0xfd, 0xff, 0x47, 0xb5, 0xfe, 0xff, 
    0x44, 0xb3, 0xfe, 0xff, 0x44, 0xae, 0xfb, 0xff, 0x4e, 0xbc, 0xff, 0xff, 0x21, 
    0x45, 0x60, 0xff, 0x04, 0x06, 0x05, 0xff, 0x4c, 0xad, 0xed, 0xff, 0x48, 0xb9, 
    0xff, 0xff, 0x49, 0xb6, 0xfc, 0xff, 0x4a, 0xb8, 0xfd, 0xff, 0x4a, 0xb8, 0xfe, 
    0xff, 0x4a, 0xb8, 0xfe, 0xff, 0x44, 0xb5, 0xfe, 0xff, 0x42, 0xb3, 0xfd, 0xff, 
    0x43, 0xb3, 0xfd, 0xff, 0x47, 0xb4, 0xfe, 0xff, 0x45, 0xaf, 0xfc, 0xff, 0x4d, 
    0xb6, 0xfd, 0xff, 0x1a, 0x30, 0x40, 0xff, 0x00, 0x00, 0x00, 0xff, 0x53, 0x56, 
    0x56, 0xff, 0xff, 0xff, 0xff, 0xff, 0xfc, 0xfc, 0xfc, 0xff, 0xff, 0xff, 0xff, 
    0xff, 0xff, 0xff, 0xff, 0xff, 0xfe, 0xfe, 0xfe, 0xff, 0xff, 0xfe, 0xfe, 0xff, 
    0xff, 0xff, 0xff, 0xff, 0xff, 0xff, 0xff, 0xff, 0xff, 0xff, 0xff, 0xff, 0xff, 
    0xff, 0xff, 0xff, 0xff, 0xff, 0xff, 0xff, 0xff, 0xff, 0xff, 0xff, 0xff, 0xff, 
    0xff, 0xff, 0xff, 0xff, 0xff, 0xff, 0xff, 0xff, 0xff, 0xff, 0xff, 0xff, 0xff, 
    0xff, 0xff, 0xff, 0xff, 0xff, 0xff, 0xff, 0xff, 0xff, 0xff, 0xff, 0xff, 0xff, 
    0xff, 0xff, 0xff, 0xff, 0xff, 0xff, 0xff, 0xff, 0xff, 0xff, 0xff, 0xff, 0xff, 
    0xff, 0xff, 0xff, 0xff, 0xff, 0xff, 0xff, 0xfb, 0xfb, 0xfb, 0xff, 0xff, 0xff, 
    0xff, 0xff, 0x7f, 0x83, 0x83, 0xff, 0x00, 0x00, 0x00, 0xff, 0x16, 0x2b, 0x35, 
    0xff, 0x50, 0xc1, 0xfd, 0xff, 0x4a, 0xbd, 0xfe, 0xff, 0x49, 0xbb, 0xfe, 0xff, 
    0x49, 0xba, 0xfe, 0xff, 0x4a, 0xba, 0xfe, 0xff, 0x4a, 0xba, 0xfe, 0xff, 0x4a, 
    0xb9, 0xfd, 0xff, 0x4a, 0xb8, 0xfe, 0xff, 0x48, 0xb3, 0xfa, 0xff, 0x4e, 0xc1, 
    0xff, 0xff, 0x34, 0x72, 0x9e, 0xff, 0x00, 0x00, 0x01, 0xff, 0x3f, 0x8a, 0xb8, 
    0xff, 0x4f, 0xc5, 0xff, 0xff, 0x49, 0xb8, 0xfa, 0xff, 0x4a, 0xb9, 0xfd, 0xff, 
    0x4a, 0xb8, 0xfe, 0xff, 0x4f, 0xbb, 0xfe, 0xff, 0x4f, 0xbb, 0xfc, 0xff, 0xab, 
    0xe6, 0xf9, 0xff, 0xe4, 0xff, 0xfe, 0xff, 0xd9, 0xfe, 0xfd, 0xff, 0xde, 0xff, 
    0xfe, 0xff, 0xe0, 0xff, 0xfe, 0xff, 0xe2, 0xff, 0xfe, 0xff, 0xe2, 0xff, 0xfe, 
    0xff, 0xe0, 0xff, 0xfe, 0xff, 0xdf, 0xff, 0xfe, 0xff, 0xdf, 0xff, 0xfe, 0xff, 
    0xdf, 0xff, 0xfe, 0xff, 0xde, 0xff, 0xfe, 0xff, 0xdd, 0xff, 0xfe, 0xff, 0xde, 
    0xff, 0xfe, 0xff, 0xde, 0xff, 0xfe, 0xff, 0xdf, 0xff, 0xfe, 0xff, 0xe0, 0xff, 
    0xfe, 0xff, 0xe1, 0xff, 0xfe, 0xff, 0xe2, 0xff, 0xfe, 0xff, 0xe3, 0xfe, 0xfe, 
    0xff, 0xe2, 0xfe, 0xfe, 0xff, 0xe0, 0xff, 0xfe, 0xff, 0xe0, 0xff, 0xfe, 0xff, 
    0xe0, 0xff, 0xfe, 0xff, 0xe0, 0xff, 0xfe, 0xff, 0xe0, 0xff, 0xfe, 0xff, 0xe1, 
    0xff, 0xfe, 0xff, 0xe1, 0xff, 0xfe, 0xff, 0xe0, 0xff, 0xfe, 0xff, 0xdf, 0xff, 
    0xfe, 0xff, 0xdf, 0xff, 0xfe, 0xff, 0xdf, 0xff, 0xfe, 0xff, 0xe1, 0xff, 0xfe, 
    0xff, 0xe2, 0xfe, 0xfe, 0xff, 0xe0, 0xff, 0xfe, 0xff, 0xe1, 0xff, 0xfe, 0xff, 
    0xe1, 0xff, 0xfe, 0xff, 0xe2, 0xfe, 0xfe, 0xff, 0xe2, 0xfe, 0xfe, 0xff, 0xe0, 
    0xff, 0xfe, 0xff, 0xe0, 0xff, 0xfe, 0xff, 0xe0, 0xff, 0xfe, 0xff, 0xdf, 0xff, 
    0xfe, 0xff, 0xde, 0xff, 0xfe, 0xff, 0xdd, 0xfe, 0xfe, 0xff, 0xe2, 0xff, 0xfe, 
    0xff, 0xb8, 0xee, 0xfa, 0xff, 0x53, 0xc1, 0xfc, 0xff, 0x4f, 0xbd, 0xfe, 0xff, 
    0x4c, 0xba, 0xfe, 0xff, 0x4d, 0xbb, 0xfe, 0xff, 0x49, 0xb8, 0xfe, 0xff, 0x46, 
    0xb4, 0xfe, 0xff, 0x45, 0xb0, 0xfa, 0xff, 0x4f, 0xbe, 0xff, 0xff, 0x34, 0x69, 
    0x90, 0xff, 0x00, 0x00, 0x00, 0xff, 0x44, 0x97, 0xcc, 0xff, 0x4b, 0xc0, 0xff, 
    0xff, 0x4a, 0xb8, 0xfb, 0xff, 0x4b, 0xbb, 0xfe, 0xff, 0x4b, 0xba, 0xfd, 0xff, 
    0x4a, 0xba, 0xfd, 0xff, 0x4a, 0xba, 0xfe, 0xff, 0x49, 0xb9, 0xfe, 0xff, 0x4a, 
    0xb8, 0xfe, 0xff, 0x4b, 0xb7, 0xfe, 0xff, 0x4c, 0xb2, 0xfb, 0xff, 0x57, 0xc0, 
    0xff, 0xff, 0x28, 0x49, 0x5f, 0xff, 0x01, 0x01, 0x01, 0xff, 0x3c, 0x3f, 0x3f, 
    0xff, 0xff, 0xff, 0xff, 0xff, 0xfe, 0xfe, 0xfe, 0xff, 0xff, 0xff, 0xff, 0xff, 
    0xff, 0xff, 0xff, 0xff, 0xff, 0xff, 0xff, 0xff, 0xff, 0xff, 0xff, 0xff, 0xff, 
    0xff, 0xff, 0xff, 0xff, 0xff, 0xff, 0xff, 0xff, 0xff, 0xff, 0xff, 0xff, 0xff, 
    0xff, 0xff, 0xff, 0xff, 0xff, 0xff, 0xff, 0xff, 0xff, 0xff, 
};

const lv_img_dsc_t icon_cat_happy = {
  .header.magic = LV_IMAGE_HEADER_MAGIC,
  .header.cf = LV_COLOR_FORMAT_ARGB8888,
  .header.w = 120,
  .header.h = 120,
  .data_size = 57600,
  .data = icon_cat_happy_map,
};
